{"P100--nobile-phone-stand--clutter--5IyWp-lpUa6rH3DGc5sowwE208NhgLwT4YGTKoKQiKI-00001.jpg": {"object_bounding_box": [449, 619, 699, 922], "object_presence": 1}, "P100--nobile-phone-stand--clutter--5IyWp-lpUa6rH3DGc5sowwE208NhgLwT4YGTKoKQiKI-00002.jpg": {"object_bounding_box": [451, 616, 703, 929], "object_presence": 1}, "P100--nobile-phone-stand--clutter--5IyWp-lpUa6rH3DGc5sowwE208NhgLwT4YGTKoKQiKI-00003.jpg": {"object_bounding_box": [449, 613, 707, 934], "object_presence": 1}, "P100--nobile-phone-stand--clutter--5IyWp-lpUa6rH3DGc5sowwE208NhgLwT4YGTKoKQiKI-00004.jpg": {"object_bounding_box": [444, 611, 714, 938], "object_presence": 1}, "P100--nobile-phone-stand--clutter--5IyWp-lpUa6rH3DGc5sowwE208NhgLwT4YGTKoKQiKI-00005.jpg": {"object_bounding_box": [433, 611, 716, 938], "object_presence": 1}, "P100--nobile-phone-stand--clutter--5IyWp-lpUa6rH3DGc5sowwE208NhgLwT4YGTKoKQiKI-00006.jpg": {"object_bounding_box": [426, 610, 717, 941], "object_presence": 1}, "P100--nobile-phone-stand--clutter--5IyWp-lpUa6rH3DGc5sowwE208NhgLwT4YGTKoKQiKI-00007.jpg": {"object_bounding_box": [426, 608, 717, 943], "object_presence": 1}, "P100--nobile-phone-stand--clutter--5IyWp-lpUa6rH3DGc5sowwE208NhgLwT4YGTKoKQiKI-00008.jpg": {"object_bounding_box": [425, 609, 719, 942], "object_presence": 1}, "P100--nobile-phone-stand--clutter--5IyWp-lpUa6rH3DGc5sowwE208NhgLwT4YGTKoKQiKI-00009.jpg": {"object_bounding_box": [416, 605, 720, 951], "object_presence": 1}, "P100--nobile-phone-stand--clutter--5IyWp-lpUa6rH3DGc5sowwE208NhgLwT4YGTKoKQiKI-00010.jpg": {"object_bounding_box": [418, 604, 716, 952], "object_presence": 1}, "P100--nobile-phone-stand--clutter--5IyWp-lpUa6rH3DGc5sowwE208NhgLwT4YGTKoKQiKI-00011.jpg": {"object_bounding_box": [418, 603, 716, 953], "object_presence": 1}, "P100--nobile-phone-stand--clutter--5IyWp-lpUa6rH3DGc5sowwE208NhgLwT4YGTKoKQiKI-00012.jpg": {"object_bounding_box": [419, 603, 716, 954], "object_presence": 1}, "P100--nobile-phone-stand--clutter--5IyWp-lpUa6rH3DGc5sowwE208NhgLwT4YGTKoKQiKI-00013.jpg": {"object_bounding_box": [420, 603, 717, 955], "object_presence": 1}, "P100--nobile-phone-stand--clutter--5IyWp-lpUa6rH3DGc5sowwE208NhgLwT4YGTKoKQiKI-00014.jpg": {"object_bounding_box": [419, 599, 717, 962], "object_presence": 1}, "P100--nobile-phone-stand--clutter--5IyWp-lpUa6rH3DGc5sowwE208NhgLwT4YGTKoKQiKI-00015.jpg": {"object_bounding_box": [412, 595, 724, 969], "object_presence": 1}, "P100--nobile-phone-stand--clutter--5IyWp-lpUa6rH3DGc5sowwE208NhgLwT4YGTKoKQiKI-00016.jpg": {"object_bounding_box": [410, 594, 724, 971], "object_presence": 1}, "P100--nobile-phone-stand--clutter--5IyWp-lpUa6rH3DGc5sowwE208NhgLwT4YGTKoKQiKI-00017.jpg": {"object_bounding_box": [401, 591, 724, 978], "object_presence": 1}, "P100--nobile-phone-stand--clutter--5IyWp-lpUa6rH3DGc5sowwE208NhgLwT4YGTKoKQiKI-00018.jpg": {"object_bounding_box": [400, 590, 732, 978], "object_presence": 1}, "P100--nobile-phone-stand--clutter--5IyWp-lpUa6rH3DGc5sowwE208NhgLwT4YGTKoKQiKI-00019.jpg": {"object_bounding_box": [398, 591, 740, 978], "object_presence": 1}, "P100--nobile-phone-stand--clutter--5IyWp-lpUa6rH3DGc5sowwE208NhgLwT4YGTKoKQiKI-00020.jpg": {"object_bounding_box": [390, 589, 733, 981], "object_presence": 1}, "P100--nobile-phone-stand--clutter--5IyWp-lpUa6rH3DGc5sowwE208NhgLwT4YGTKoKQiKI-00021.jpg": {"object_bounding_box": [389, 585, 745, 990], "object_presence": 1}, "P100--nobile-phone-stand--clutter--5IyWp-lpUa6rH3DGc5sowwE208NhgLwT4YGTKoKQiKI-00022.jpg": {"object_bounding_box": [385, 573, 757, 1014], "object_presence": 1}, "P100--nobile-phone-stand--clutter--5IyWp-lpUa6rH3DGc5sowwE208NhgLwT4YGTKoKQiKI-00023.jpg": {"object_bounding_box": [383, 561, 767, 1039], "object_presence": 1}, "P100--nobile-phone-stand--clutter--5IyWp-lpUa6rH3DGc5sowwE208NhgLwT4YGTKoKQiKI-00024.jpg": {"object_bounding_box": [380, 551, 761, 1055], "object_presence": 1}, "P100--nobile-phone-stand--clutter--5IyWp-lpUa6rH3DGc5sowwE208NhgLwT4YGTKoKQiKI-00025.jpg": {"object_bounding_box": [380, 551, 761, 1055], "object_presence": 1}, "P100--nobile-phone-stand--clutter--5IyWp-lpUa6rH3DGc5sowwE208NhgLwT4YGTKoKQiKI-00026.jpg": {"object_bounding_box": [380, 553, 761, 1049], "object_presence": 1}, "P100--nobile-phone-stand--clutter--5IyWp-lpUa6rH3DGc5sowwE208NhgLwT4YGTKoKQiKI-00027.jpg": {"object_bounding_box": [351, 553, 701, 1055], "object_presence": 1}, "P100--nobile-phone-stand--clutter--5IyWp-lpUa6rH3DGc5sowwE208NhgLwT4YGTKoKQiKI-00028.jpg": {"object_bounding_box": [330, 550, 660, 1061], "object_presence": 1}, "P100--nobile-phone-stand--clutter--5IyWp-lpUa6rH3DGc5sowwE208NhgLwT4YGTKoKQiKI-00029.jpg": {"object_bounding_box": [322, 552, 643, 1056], "object_presence": 1}, "P100--nobile-phone-stand--clutter--5IyWp-lpUa6rH3DGc5sowwE208NhgLwT4YGTKoKQiKI-00030.jpg": {"object_bounding_box": [300, 546, 599, 1064], "object_presence": 1}, "P100--nobile-phone-stand--clutter--5IyWp-lpUa6rH3DGc5sowwE208NhgLwT4YGTKoKQiKI-00031.jpg": {"object_bounding_box": [282, 548, 565, 1064], "object_presence": 1}, "P100--nobile-phone-stand--clutter--5IyWp-lpUa6rH3DGc5sowwE208NhgLwT4YGTKoKQiKI-00032.jpg": {"object_bounding_box": [258, 548, 516, 1064], "object_presence": 1}, "P100--nobile-phone-stand--clutter--5IyWp-lpUa6rH3DGc5sowwE208NhgLwT4YGTKoKQiKI-00033.jpg": {"object_bounding_box": [250, 540, 501, 1080], "object_presence": 1}, "P100--nobile-phone-stand--clutter--5IyWp-lpUa6rH3DGc5sowwE208NhgLwT4YGTKoKQiKI-00034.jpg": {"object_bounding_box": [241, 540, 481, 1080], "object_presence": 1}, "P100--nobile-phone-stand--clutter--5IyWp-lpUa6rH3DGc5sowwE208NhgLwT4YGTKoKQiKI-00035.jpg": {"object_bounding_box": [237, 533, 474, 1052], "object_presence": 1}, "P100--nobile-phone-stand--clutter--5IyWp-lpUa6rH3DGc5sowwE208NhgLwT4YGTKoKQiKI-00036.jpg": {"object_bounding_box": [228, 526, 456, 1053], "object_presence": 1}, "P100--nobile-phone-stand--clutter--5IyWp-lpUa6rH3DGc5sowwE208NhgLwT4YGTKoKQiKI-00037.jpg": {"object_bounding_box": [219, 534, 438, 1027], "object_presence": 1}, "P100--nobile-phone-stand--clutter--5IyWp-lpUa6rH3DGc5sowwE208NhgLwT4YGTKoKQiKI-00038.jpg": {"object_bounding_box": [212, 535, 423, 1005], "object_presence": 1}, "P100--nobile-phone-stand--clutter--5IyWp-lpUa6rH3DGc5sowwE208NhgLwT4YGTKoKQiKI-00039.jpg": {"object_bounding_box": [213, 530, 425, 990], "object_presence": 1}, "P100--nobile-phone-stand--clutter--5IyWp-lpUa6rH3DGc5sowwE208NhgLwT4YGTKoKQiKI-00040.jpg": {"object_bounding_box": [213, 529, 425, 973], "object_presence": 1}, "P100--nobile-phone-stand--clutter--5IyWp-lpUa6rH3DGc5sowwE208NhgLwT4YGTKoKQiKI-00041.jpg": {"object_bounding_box": [213, 516, 425, 958], "object_presence": 1}, "P100--nobile-phone-stand--clutter--5IyWp-lpUa6rH3DGc5sowwE208NhgLwT4YGTKoKQiKI-00042.jpg": {"object_bounding_box": [217, 509, 434, 943], "object_presence": 1}, "P100--nobile-phone-stand--clutter--5IyWp-lpUa6rH3DGc5sowwE208NhgLwT4YGTKoKQiKI-00043.jpg": {"object_bounding_box": [217, 515, 435, 928], "object_presence": 1}, "P100--nobile-phone-stand--clutter--5IyWp-lpUa6rH3DGc5sowwE208NhgLwT4YGTKoKQiKI-00044.jpg": {"object_bounding_box": [210, 530, 420, 901], "object_presence": 1}, "P100--nobile-phone-stand--clutter--5IyWp-lpUa6rH3DGc5sowwE208NhgLwT4YGTKoKQiKI-00045.jpg": {"object_bounding_box": [202, 534, 404, 879], "object_presence": 1}, "P100--nobile-phone-stand--clutter--5IyWp-lpUa6rH3DGc5sowwE208NhgLwT4YGTKoKQiKI-00046.jpg": {"object_bounding_box": [197, 548, 393, 860], "object_presence": 1}, "P100--nobile-phone-stand--clutter--5IyWp-lpUa6rH3DGc5sowwE208NhgLwT4YGTKoKQiKI-00047.jpg": {"object_bounding_box": [191, 571, 383, 835], "object_presence": 1}, "P100--nobile-phone-stand--clutter--5IyWp-lpUa6rH3DGc5sowwE208NhgLwT4YGTKoKQiKI-00048.jpg": {"object_bounding_box": [188, 585, 376, 808], "object_presence": 1}, "P100--nobile-phone-stand--clutter--5IyWp-lpUa6rH3DGc5sowwE208NhgLwT4YGTKoKQiKI-00049.jpg": {"object_bounding_box": [184, 591, 369, 792], "object_presence": 1}, "P100--nobile-phone-stand--clutter--5IyWp-lpUa6rH3DGc5sowwE208NhgLwT4YGTKoKQiKI-00050.jpg": {"object_bounding_box": [180, 602, 360, 774], "object_presence": 1}, "P100--nobile-phone-stand--clutter--5IyWp-lpUa6rH3DGc5sowwE208NhgLwT4YGTKoKQiKI-00051.jpg": {"object_bounding_box": [172, 627, 344, 750], "object_presence": 1}, "P100--nobile-phone-stand--clutter--5IyWp-lpUa6rH3DGc5sowwE208NhgLwT4YGTKoKQiKI-00052.jpg": {"object_bounding_box": [166, 643, 331, 720], "object_presence": 1}, "P100--nobile-phone-stand--clutter--5IyWp-lpUa6rH3DGc5sowwE208NhgLwT4YGTKoKQiKI-00053.jpg": {"object_bounding_box": [161, 643, 322, 706], "object_presence": 1}, "P100--nobile-phone-stand--clutter--5IyWp-lpUa6rH3DGc5sowwE208NhgLwT4YGTKoKQiKI-00054.jpg": {"object_bounding_box": [158, 627, 316, 691], "object_presence": 1}, "P100--nobile-phone-stand--clutter--5IyWp-lpUa6rH3DGc5sowwE208NhgLwT4YGTKoKQiKI-00055.jpg": {"object_bounding_box": [159, 608, 318, 682], "object_presence": 1}, "P100--nobile-phone-stand--clutter--5IyWp-lpUa6rH3DGc5sowwE208NhgLwT4YGTKoKQiKI-00056.jpg": {"object_bounding_box": [166, 584, 332, 667], "object_presence": 1}, "P100--nobile-phone-stand--clutter--5IyWp-lpUa6rH3DGc5sowwE208NhgLwT4YGTKoKQiKI-00057.jpg": {"object_bounding_box": [177, 561, 353, 659], "object_presence": 1}, "P100--nobile-phone-stand--clutter--5IyWp-lpUa6rH3DGc5sowwE208NhgLwT4YGTKoKQiKI-00058.jpg": {"object_bounding_box": [186, 540, 373, 646], "object_presence": 1}, "P100--nobile-phone-stand--clutter--5IyWp-lpUa6rH3DGc5sowwE208NhgLwT4YGTKoKQiKI-00059.jpg": {"object_bounding_box": [196, 525, 393, 633], "object_presence": 1}, "P100--nobile-phone-stand--clutter--5IyWp-lpUa6rH3DGc5sowwE208NhgLwT4YGTKoKQiKI-00060.jpg": {"object_bounding_box": [207, 512, 391, 623], "object_presence": 1}, "P100--nobile-phone-stand--clutter--5IyWp-lpUa6rH3DGc5sowwE208NhgLwT4YGTKoKQiKI-00061.jpg": {"object_bounding_box": [230, 516, 386, 609], "object_presence": 1}, "P100--nobile-phone-stand--clutter--5IyWp-lpUa6rH3DGc5sowwE208NhgLwT4YGTKoKQiKI-00062.jpg": {"object_bounding_box": [245, 517, 372, 592], "object_presence": 1}, "P100--nobile-phone-stand--clutter--5IyWp-lpUa6rH3DGc5sowwE208NhgLwT4YGTKoKQiKI-00063.jpg": {"object_bounding_box": [257, 518, 357, 576], "object_presence": 1}, "P100--nobile-phone-stand--clutter--5IyWp-lpUa6rH3DGc5sowwE208NhgLwT4YGTKoKQiKI-00064.jpg": {"object_bounding_box": [266, 519, 349, 565], "object_presence": 1}, "P100--nobile-phone-stand--clutter--5IyWp-lpUa6rH3DGc5sowwE208NhgLwT4YGTKoKQiKI-00065.jpg": {"object_bounding_box": [273, 517, 335, 547], "object_presence": 1}, "P100--nobile-phone-stand--clutter--5IyWp-lpUa6rH3DGc5sowwE208NhgLwT4YGTKoKQiKI-00066.jpg": {"object_bounding_box": [283, 519, 325, 537], "object_presence": 1}, "P100--nobile-phone-stand--clutter--5IyWp-lpUa6rH3DGc5sowwE208NhgLwT4YGTKoKQiKI-00067.jpg": {"object_bounding_box": [288, 513, 317, 525], "object_presence": 1}, "P100--nobile-phone-stand--clutter--5IyWp-lpUa6rH3DGc5sowwE208NhgLwT4YGTKoKQiKI-00068.jpg": {"object_bounding_box": [287, 514, 319, 518], "object_presence": 1}, "P100--nobile-phone-stand--clutter--5IyWp-lpUa6rH3DGc5sowwE208NhgLwT4YGTKoKQiKI-00069.jpg": {"object_bounding_box": [287, 511, 320, 523], "object_presence": 1}, "P100--nobile-phone-stand--clutter--5IyWp-lpUa6rH3DGc5sowwE208NhgLwT4YGTKoKQiKI-00070.jpg": {"object_bounding_box": [316, 486, 293, 483], "object_presence": 1}, "P100--nobile-phone-stand--clutter--5IyWp-lpUa6rH3DGc5sowwE208NhgLwT4YGTKoKQiKI-00071.jpg": {"object_bounding_box": [323, 473, 286, 472], "object_presence": 1}, "P100--nobile-phone-stand--clutter--5IyWp-lpUa6rH3DGc5sowwE208NhgLwT4YGTKoKQiKI-00072.jpg": {"object_bounding_box": [323, 472, 287, 467], "object_presence": 1}, "P100--nobile-phone-stand--clutter--5IyWp-lpUa6rH3DGc5sowwE208NhgLwT4YGTKoKQiKI-00073.jpg": {"object_bounding_box": [321, 435, 283, 448], "object_presence": 1}, "P100--nobile-phone-stand--clutter--5IyWp-lpUa6rH3DGc5sowwE208NhgLwT4YGTKoKQiKI-00074.jpg": {"object_bounding_box": [322, 411, 276, 437], "object_presence": 1}, "P100--nobile-phone-stand--clutter--5IyWp-lpUa6rH3DGc5sowwE208NhgLwT4YGTKoKQiKI-00075.jpg": {"object_bounding_box": [325, 389, 266, 434], "object_presence": 1}, "P100--nobile-phone-stand--clutter--5IyWp-lpUa6rH3DGc5sowwE208NhgLwT4YGTKoKQiKI-00076.jpg": {"object_bounding_box": [323, 388, 271, 430], "object_presence": 1}, "P100--nobile-phone-stand--clutter--5IyWp-lpUa6rH3DGc5sowwE208NhgLwT4YGTKoKQiKI-00077.jpg": {"object_bounding_box": [326, 390, 265, 434], "object_presence": 1}, "P100--nobile-phone-stand--clutter--5IyWp-lpUa6rH3DGc5sowwE208NhgLwT4YGTKoKQiKI-00078.jpg": {"object_bounding_box": [325, 390, 266, 434], "object_presence": 1}, "P100--nobile-phone-stand--clutter--5IyWp-lpUa6rH3DGc5sowwE208NhgLwT4YGTKoKQiKI-00079.jpg": {"object_bounding_box": [325, 389, 267, 433], "object_presence": 1}, "P100--nobile-phone-stand--clutter--5IyWp-lpUa6rH3DGc5sowwE208NhgLwT4YGTKoKQiKI-00080.jpg": {"object_bounding_box": [316, 209, 246, 417], "object_presence": 1}, "P100--nobile-phone-stand--clutter--5IyWp-lpUa6rH3DGc5sowwE208NhgLwT4YGTKoKQiKI-00081.jpg": {"object_bounding_box": [323, 193, 245, 385], "object_presence": 1}, "P100--nobile-phone-stand--clutter--5IyWp-lpUa6rH3DGc5sowwE208NhgLwT4YGTKoKQiKI-00082.jpg": {"object_bounding_box": [325, 185, 243, 370], "object_presence": 1}, "P100--nobile-phone-stand--clutter--5IyWp-lpUa6rH3DGc5sowwE208NhgLwT4YGTKoKQiKI-00083.jpg": {"object_bounding_box": [323, 176, 242, 351], "object_presence": 1}, "P100--nobile-phone-stand--clutter--5IyWp-lpUa6rH3DGc5sowwE208NhgLwT4YGTKoKQiKI-00084.jpg": {"object_bounding_box": [321, 166, 242, 332], "object_presence": 1}, "P100--nobile-phone-stand--clutter--5IyWp-lpUa6rH3DGc5sowwE208NhgLwT4YGTKoKQiKI-00085.jpg": {"object_bounding_box": [317, 159, 236, 319], "object_presence": 1}, "P100--nobile-phone-stand--clutter--5IyWp-lpUa6rH3DGc5sowwE208NhgLwT4YGTKoKQiKI-00086.jpg": {"object_bounding_box": [311, 154, 237, 308], "object_presence": 1}, "P100--nobile-phone-stand--clutter--5IyWp-lpUa6rH3DGc5sowwE208NhgLwT4YGTKoKQiKI-00087.jpg": {"object_bounding_box": [316, 153, 231, 306], "object_presence": 1}, "P100--nobile-phone-stand--clutter--5IyWp-lpUa6rH3DGc5sowwE208NhgLwT4YGTKoKQiKI-00088.jpg": {"object_bounding_box": [316, 147, 231, 294], "object_presence": 1}, "P100--nobile-phone-stand--clutter--5IyWp-lpUa6rH3DGc5sowwE208NhgLwT4YGTKoKQiKI-00089.jpg": {"object_bounding_box": [312, 140, 231, 280], "object_presence": 1}, "P100--nobile-phone-stand--clutter--5IyWp-lpUa6rH3DGc5sowwE208NhgLwT4YGTKoKQiKI-00090.jpg": {"object_bounding_box": [312, 140, 227, 280], "object_presence": 1}, "P100--nobile-phone-stand--clutter--5IyWp-lpUa6rH3DGc5sowwE208NhgLwT4YGTKoKQiKI-00091.jpg": {"object_bounding_box": [320, 133, 224, 266], "object_presence": 1}, "P100--nobile-phone-stand--clutter--5IyWp-lpUa6rH3DGc5sowwE208NhgLwT4YGTKoKQiKI-00092.jpg": {"object_bounding_box": [324, 130, 219, 259], "object_presence": 1}, "P100--nobile-phone-stand--clutter--5IyWp-lpUa6rH3DGc5sowwE208NhgLwT4YGTKoKQiKI-00093.jpg": {"object_bounding_box": [322, 128, 221, 255], "object_presence": 1}, "P100--nobile-phone-stand--clutter--5IyWp-lpUa6rH3DGc5sowwE208NhgLwT4YGTKoKQiKI-00094.jpg": {"object_bounding_box": [324, 126, 217, 251], "object_presence": 1}, "P100--nobile-phone-stand--clutter--5IyWp-lpUa6rH3DGc5sowwE208NhgLwT4YGTKoKQiKI-00095.jpg": {"object_bounding_box": [326, 122, 214, 244], "object_presence": 1}, "P100--nobile-phone-stand--clutter--5IyWp-lpUa6rH3DGc5sowwE208NhgLwT4YGTKoKQiKI-00096.jpg": {"object_bounding_box": [330, 121, 210, 243], "object_presence": 1}, "P100--nobile-phone-stand--clutter--5IyWp-lpUa6rH3DGc5sowwE208NhgLwT4YGTKoKQiKI-00097.jpg": {"object_bounding_box": [328, 121, 213, 243], "object_presence": 1}, "P100--nobile-phone-stand--clutter--5IyWp-lpUa6rH3DGc5sowwE208NhgLwT4YGTKoKQiKI-00098.jpg": {"object_bounding_box": [327, 119, 208, 238], "object_presence": 1}, "P100--nobile-phone-stand--clutter--5IyWp-lpUa6rH3DGc5sowwE208NhgLwT4YGTKoKQiKI-00099.jpg": {"object_bounding_box": [317, 112, 206, 225], "object_presence": 1}, "P100--nobile-phone-stand--clutter--5IyWp-lpUa6rH3DGc5sowwE208NhgLwT4YGTKoKQiKI-00100.jpg": {"object_bounding_box": [316, 113, 207, 226], "object_presence": 1}, "P100--nobile-phone-stand--clutter--5IyWp-lpUa6rH3DGc5sowwE208NhgLwT4YGTKoKQiKI-00101.jpg": {"object_bounding_box": [316, 114, 201, 228], "object_presence": 1}, "P100--nobile-phone-stand--clutter--5IyWp-lpUa6rH3DGc5sowwE208NhgLwT4YGTKoKQiKI-00102.jpg": {"object_bounding_box": [318, 117, 196, 235], "object_presence": 1}, "P100--nobile-phone-stand--clutter--5IyWp-lpUa6rH3DGc5sowwE208NhgLwT4YGTKoKQiKI-00103.jpg": {"object_bounding_box": [318, 118, 196, 236], "object_presence": 1}, "P100--nobile-phone-stand--clutter--5IyWp-lpUa6rH3DGc5sowwE208NhgLwT4YGTKoKQiKI-00104.jpg": {"object_bounding_box": [312, 116, 196, 232], "object_presence": 1}, "P100--nobile-phone-stand--clutter--5IyWp-lpUa6rH3DGc5sowwE208NhgLwT4YGTKoKQiKI-00105.jpg": {"object_bounding_box": [311, 114, 193, 228], "object_presence": 1}, "P100--nobile-phone-stand--clutter--5IyWp-lpUa6rH3DGc5sowwE208NhgLwT4YGTKoKQiKI-00106.jpg": {"object_bounding_box": [304, 109, 189, 219], "object_presence": 1}, "P100--nobile-phone-stand--clutter--5IyWp-lpUa6rH3DGc5sowwE208NhgLwT4YGTKoKQiKI-00107.jpg": {"object_bounding_box": [289, 101, 192, 201], "object_presence": 1}, "P100--nobile-phone-stand--clutter--5IyWp-lpUa6rH3DGc5sowwE208NhgLwT4YGTKoKQiKI-00108.jpg": {"object_bounding_box": [290, 96, 190, 191], "object_presence": 1}, "P100--nobile-phone-stand--clutter--5IyWp-lpUa6rH3DGc5sowwE208NhgLwT4YGTKoKQiKI-00109.jpg": {"object_bounding_box": [293, 93, 189, 186], "object_presence": 1}, "P100--nobile-phone-stand--clutter--5IyWp-lpUa6rH3DGc5sowwE208NhgLwT4YGTKoKQiKI-00110.jpg": {"object_bounding_box": [300, 97, 189, 193], "object_presence": 1}, "P100--nobile-phone-stand--clutter--5IyWp-lpUa6rH3DGc5sowwE208NhgLwT4YGTKoKQiKI-00111.jpg": {"object_bounding_box": [294, 102, 188, 205], "object_presence": 1}, "P100--nobile-phone-stand--clutter--5IyWp-lpUa6rH3DGc5sowwE208NhgLwT4YGTKoKQiKI-00112.jpg": {"object_bounding_box": [292, 108, 184, 215], "object_presence": 1}, "P100--nobile-phone-stand--clutter--5IyWp-lpUa6rH3DGc5sowwE208NhgLwT4YGTKoKQiKI-00113.jpg": {"object_bounding_box": [297, 114, 181, 229], "object_presence": 1}, "P100--nobile-phone-stand--clutter--5IyWp-lpUa6rH3DGc5sowwE208NhgLwT4YGTKoKQiKI-00114.jpg": {"object_bounding_box": [295, 115, 177, 229], "object_presence": 1}, "P100--nobile-phone-stand--clutter--5IyWp-lpUa6rH3DGc5sowwE208NhgLwT4YGTKoKQiKI-00115.jpg": {"object_bounding_box": [301, 112, 176, 224], "object_presence": 1}, "P100--nobile-phone-stand--clutter--5IyWp-lpUa6rH3DGc5sowwE208NhgLwT4YGTKoKQiKI-00116.jpg": {"object_bounding_box": [301, 109, 176, 219], "object_presence": 1}, "P100--nobile-phone-stand--clutter--5IyWp-lpUa6rH3DGc5sowwE208NhgLwT4YGTKoKQiKI-00117.jpg": {"object_bounding_box": [311, 106, 171, 212], "object_presence": 1}, "P100--nobile-phone-stand--clutter--5IyWp-lpUa6rH3DGc5sowwE208NhgLwT4YGTKoKQiKI-00118.jpg": {"object_bounding_box": [317, 104, 174, 208], "object_presence": 1}, "P100--nobile-phone-stand--clutter--5IyWp-lpUa6rH3DGc5sowwE208NhgLwT4YGTKoKQiKI-00119.jpg": {"object_bounding_box": [313, 100, 170, 201], "object_presence": 1}, "P100--nobile-phone-stand--clutter--5IyWp-lpUa6rH3DGc5sowwE208NhgLwT4YGTKoKQiKI-00120.jpg": {"object_bounding_box": [309, 96, 171, 192], "object_presence": 1}, "P100--nobile-phone-stand--clutter--5IyWp-lpUa6rH3DGc5sowwE208NhgLwT4YGTKoKQiKI-00121.jpg": {"object_bounding_box": [304, 93, 172, 185], "object_presence": 1}, "P100--nobile-phone-stand--clutter--5IyWp-lpUa6rH3DGc5sowwE208NhgLwT4YGTKoKQiKI-00122.jpg": {"object_bounding_box": [295, 88, 169, 175], "object_presence": 1}, "P100--nobile-phone-stand--clutter--5IyWp-lpUa6rH3DGc5sowwE208NhgLwT4YGTKoKQiKI-00123.jpg": {"object_bounding_box": [298, 85, 171, 170], "object_presence": 1}, "P100--nobile-phone-stand--clutter--5IyWp-lpUa6rH3DGc5sowwE208NhgLwT4YGTKoKQiKI-00124.jpg": {"object_bounding_box": [296, 84, 171, 168], "object_presence": 1}, "P100--nobile-phone-stand--clutter--5IyWp-lpUa6rH3DGc5sowwE208NhgLwT4YGTKoKQiKI-00125.jpg": {"object_bounding_box": [292, 87, 168, 174], "object_presence": 1}, "P100--nobile-phone-stand--clutter--5IyWp-lpUa6rH3DGc5sowwE208NhgLwT4YGTKoKQiKI-00126.jpg": {"object_bounding_box": [287, 87, 167, 174], "object_presence": 1}, "P100--nobile-phone-stand--clutter--5IyWp-lpUa6rH3DGc5sowwE208NhgLwT4YGTKoKQiKI-00127.jpg": {"object_bounding_box": [282, 85, 167, 170], "object_presence": 1}, "P100--nobile-phone-stand--clutter--5IyWp-lpUa6rH3DGc5sowwE208NhgLwT4YGTKoKQiKI-00128.jpg": {"object_bounding_box": [282, 86, 167, 171], "object_presence": 1}, "P100--nobile-phone-stand--clutter--5IyWp-lpUa6rH3DGc5sowwE208NhgLwT4YGTKoKQiKI-00129.jpg": {"object_bounding_box": [282, 86, 168, 171], "object_presence": 1}, "P100--nobile-phone-stand--clutter--5IyWp-lpUa6rH3DGc5sowwE208NhgLwT4YGTKoKQiKI-00130.jpg": {"object_bounding_box": [283, 86, 165, 171], "object_presence": 1}, "P100--nobile-phone-stand--clutter--5IyWp-lpUa6rH3DGc5sowwE208NhgLwT4YGTKoKQiKI-00131.jpg": {"object_bounding_box": [284, 86, 166, 171], "object_presence": 1}, "P100--nobile-phone-stand--clutter--5IyWp-lpUa6rH3DGc5sowwE208NhgLwT4YGTKoKQiKI-00132.jpg": {"object_bounding_box": [284, 86, 165, 172], "object_presence": 1}, "P100--nobile-phone-stand--clutter--5IyWp-lpUa6rH3DGc5sowwE208NhgLwT4YGTKoKQiKI-00133.jpg": {"object_bounding_box": [277, 83, 162, 167], "object_presence": 1}, "P100--nobile-phone-stand--clutter--5IyWp-lpUa6rH3DGc5sowwE208NhgLwT4YGTKoKQiKI-00134.jpg": {"object_bounding_box": [273, 88, 162, 176], "object_presence": 1}, "P100--nobile-phone-stand--clutter--5IyWp-lpUa6rH3DGc5sowwE208NhgLwT4YGTKoKQiKI-00135.jpg": {"object_bounding_box": [266, 92, 161, 184], "object_presence": 1}, "P100--nobile-phone-stand--clutter--5IyWp-lpUa6rH3DGc5sowwE208NhgLwT4YGTKoKQiKI-00136.jpg": {"object_bounding_box": [259, 94, 160, 188], "object_presence": 1}, "P100--nobile-phone-stand--clutter--5IyWp-lpUa6rH3DGc5sowwE208NhgLwT4YGTKoKQiKI-00137.jpg": {"object_bounding_box": [259, 97, 159, 193], "object_presence": 1}, "P100--nobile-phone-stand--clutter--5IyWp-lpUa6rH3DGc5sowwE208NhgLwT4YGTKoKQiKI-00138.jpg": {"object_bounding_box": [249, 95, 157, 190], "object_presence": 1}, "P100--nobile-phone-stand--clutter--5IyWp-lpUa6rH3DGc5sowwE208NhgLwT4YGTKoKQiKI-00139.jpg": {"object_bounding_box": [249, 92, 156, 184], "object_presence": 1}, "P100--nobile-phone-stand--clutter--5IyWp-lpUa6rH3DGc5sowwE208NhgLwT4YGTKoKQiKI-00140.jpg": {"object_bounding_box": [243, 90, 158, 179], "object_presence": 1}, "P100--nobile-phone-stand--clutter--5IyWp-lpUa6rH3DGc5sowwE208NhgLwT4YGTKoKQiKI-00141.jpg": {"object_bounding_box": [242, 84, 157, 167], "object_presence": 1}, "P100--nobile-phone-stand--clutter--5IyWp-lpUa6rH3DGc5sowwE208NhgLwT4YGTKoKQiKI-00142.jpg": {"object_bounding_box": [243, 78, 159, 156], "object_presence": 1}, "P100--nobile-phone-stand--clutter--5IyWp-lpUa6rH3DGc5sowwE208NhgLwT4YGTKoKQiKI-00143.jpg": {"object_bounding_box": [247, 74, 157, 147], "object_presence": 1}, "P100--nobile-phone-stand--clutter--5IyWp-lpUa6rH3DGc5sowwE208NhgLwT4YGTKoKQiKI-00144.jpg": {"object_bounding_box": [254, 72, 154, 143], "object_presence": 1}, "P100--nobile-phone-stand--clutter--5IyWp-lpUa6rH3DGc5sowwE208NhgLwT4YGTKoKQiKI-00145.jpg": {"object_bounding_box": [255, 70, 154, 141], "object_presence": 1}, "P100--nobile-phone-stand--clutter--5IyWp-lpUa6rH3DGc5sowwE208NhgLwT4YGTKoKQiKI-00146.jpg": {"object_bounding_box": [258, 74, 152, 147], "object_presence": 1}, "P100--nobile-phone-stand--clutter--5IyWp-lpUa6rH3DGc5sowwE208NhgLwT4YGTKoKQiKI-00147.jpg": {"object_bounding_box": [260, 74, 153, 149], "object_presence": 1}, "P100--nobile-phone-stand--clutter--5IyWp-lpUa6rH3DGc5sowwE208NhgLwT4YGTKoKQiKI-00148.jpg": {"object_bounding_box": [263, 77, 152, 154], "object_presence": 1}, "P100--nobile-phone-stand--clutter--5IyWp-lpUa6rH3DGc5sowwE208NhgLwT4YGTKoKQiKI-00149.jpg": {"object_bounding_box": [261, 81, 150, 162], "object_presence": 1}, "P100--nobile-phone-stand--clutter--5IyWp-lpUa6rH3DGc5sowwE208NhgLwT4YGTKoKQiKI-00150.jpg": {"object_bounding_box": [260, 88, 147, 176], "object_presence": 1}, "P100--nobile-phone-stand--clutter--5IyWp-lpUa6rH3DGc5sowwE208NhgLwT4YGTKoKQiKI-00151.jpg": {"object_bounding_box": [256, 97, 144, 193], "object_presence": 1}, "P100--nobile-phone-stand--clutter--5IyWp-lpUa6rH3DGc5sowwE208NhgLwT4YGTKoKQiKI-00152.jpg": {"object_bounding_box": [261, 112, 144, 224], "object_presence": 1}, "P100--nobile-phone-stand--clutter--5IyWp-lpUa6rH3DGc5sowwE208NhgLwT4YGTKoKQiKI-00153.jpg": {"object_bounding_box": [258, 135, 143, 233], "object_presence": 1}, "P100--nobile-phone-stand--clutter--5IyWp-lpUa6rH3DGc5sowwE208NhgLwT4YGTKoKQiKI-00154.jpg": {"object_bounding_box": [252, 164, 142, 231], "object_presence": 1}, "P100--nobile-phone-stand--clutter--5IyWp-lpUa6rH3DGc5sowwE208NhgLwT4YGTKoKQiKI-00155.jpg": {"object_bounding_box": [241, 183, 143, 229], "object_presence": 1}, "P100--nobile-phone-stand--clutter--5IyWp-lpUa6rH3DGc5sowwE208NhgLwT4YGTKoKQiKI-00156.jpg": {"object_bounding_box": [223, 197, 144, 224], "object_presence": 1}, "P100--nobile-phone-stand--clutter--5IyWp-lpUa6rH3DGc5sowwE208NhgLwT4YGTKoKQiKI-00157.jpg": {"object_bounding_box": [210, 200, 144, 222], "object_presence": 1}, "P100--nobile-phone-stand--clutter--5IyWp-lpUa6rH3DGc5sowwE208NhgLwT4YGTKoKQiKI-00158.jpg": {"object_bounding_box": [200, 199, 143, 221], "object_presence": 1}, "P100--nobile-phone-stand--clutter--5IyWp-lpUa6rH3DGc5sowwE208NhgLwT4YGTKoKQiKI-00159.jpg": {"object_bounding_box": [190, 194, 140, 218], "object_presence": 1}, "P100--nobile-phone-stand--clutter--5IyWp-lpUa6rH3DGc5sowwE208NhgLwT4YGTKoKQiKI-00160.jpg": {"object_bounding_box": [188, 194, 144, 218], "object_presence": 1}, "P100--nobile-phone-stand--clutter--5IyWp-lpUa6rH3DGc5sowwE208NhgLwT4YGTKoKQiKI-00161.jpg": {"object_bounding_box": [187, 199, 139, 216], "object_presence": 1}, "P100--nobile-phone-stand--clutter--5IyWp-lpUa6rH3DGc5sowwE208NhgLwT4YGTKoKQiKI-00162.jpg": {"object_bounding_box": [184, 203, 138, 217], "object_presence": 1}, "P100--nobile-phone-stand--clutter--5IyWp-lpUa6rH3DGc5sowwE208NhgLwT4YGTKoKQiKI-00163.jpg": {"object_bounding_box": [178, 204, 138, 215], "object_presence": 1}, "P100--nobile-phone-stand--clutter--5IyWp-lpUa6rH3DGc5sowwE208NhgLwT4YGTKoKQiKI-00164.jpg": {"object_bounding_box": [177, 206, 140, 215], "object_presence": 1}, "P100--nobile-phone-stand--clutter--5IyWp-lpUa6rH3DGc5sowwE208NhgLwT4YGTKoKQiKI-00165.jpg": {"object_bounding_box": [184, 214, 139, 211], "object_presence": 1}, "P100--nobile-phone-stand--clutter--5IyWp-lpUa6rH3DGc5sowwE208NhgLwT4YGTKoKQiKI-00166.jpg": {"object_bounding_box": [193, 229, 136, 214], "object_presence": 1}, "P100--nobile-phone-stand--clutter--5IyWp-lpUa6rH3DGc5sowwE208NhgLwT4YGTKoKQiKI-00167.jpg": {"object_bounding_box": [213, 254, 136, 213], "object_presence": 1}, "P100--nobile-phone-stand--clutter--5IyWp-lpUa6rH3DGc5sowwE208NhgLwT4YGTKoKQiKI-00168.jpg": {"object_bounding_box": [224, 273, 137, 209], "object_presence": 1}, "P100--nobile-phone-stand--clutter--5IyWp-lpUa6rH3DGc5sowwE208NhgLwT4YGTKoKQiKI-00169.jpg": {"object_bounding_box": [220, 291, 137, 206], "object_presence": 1}, "P100--nobile-phone-stand--clutter--5IyWp-lpUa6rH3DGc5sowwE208NhgLwT4YGTKoKQiKI-00170.jpg": {"object_bounding_box": [203, 297, 134, 206], "object_presence": 1}, "P100--nobile-phone-stand--clutter--5IyWp-lpUa6rH3DGc5sowwE208NhgLwT4YGTKoKQiKI-00171.jpg": {"object_bounding_box": [203, 306, 134, 204], "object_presence": 1}, "P100--nobile-phone-stand--clutter--5IyWp-lpUa6rH3DGc5sowwE208NhgLwT4YGTKoKQiKI-00172.jpg": {"object_bounding_box": [201, 312, 133, 204], "object_presence": 1}, "P100--nobile-phone-stand--clutter--5IyWp-lpUa6rH3DGc5sowwE208NhgLwT4YGTKoKQiKI-00173.jpg": {"object_bounding_box": [198, 318, 136, 204], "object_presence": 1}, "P100--nobile-phone-stand--clutter--5IyWp-lpUa6rH3DGc5sowwE208NhgLwT4YGTKoKQiKI-00174.jpg": {"object_bounding_box": [193, 316, 132, 203], "object_presence": 1}, "P100--nobile-phone-stand--clutter--5IyWp-lpUa6rH3DGc5sowwE208NhgLwT4YGTKoKQiKI-00175.jpg": {"object_bounding_box": [192, 307, 131, 202], "object_presence": 1}, "P100--nobile-phone-stand--clutter--5IyWp-lpUa6rH3DGc5sowwE208NhgLwT4YGTKoKQiKI-00176.jpg": {"object_bounding_box": [187, 291, 133, 202], "object_presence": 1}, "P100--nobile-phone-stand--clutter--5IyWp-lpUa6rH3DGc5sowwE208NhgLwT4YGTKoKQiKI-00177.jpg": {"object_bounding_box": [174, 278, 134, 203], "object_presence": 1}, "P100--nobile-phone-stand--clutter--5IyWp-lpUa6rH3DGc5sowwE208NhgLwT4YGTKoKQiKI-00178.jpg": {"object_bounding_box": [172, 270, 133, 204], "object_presence": 1}, "P100--nobile-phone-stand--clutter--5IyWp-lpUa6rH3DGc5sowwE208NhgLwT4YGTKoKQiKI-00179.jpg": {"object_bounding_box": [167, 257, 131, 204], "object_presence": 1}, "P100--nobile-phone-stand--clutter--5IyWp-lpUa6rH3DGc5sowwE208NhgLwT4YGTKoKQiKI-00180.jpg": {"object_bounding_box": [177, 246, 133, 203], "object_presence": 1}, "P100--nobile-phone-stand--clutter--5IyWp-lpUa6rH3DGc5sowwE208NhgLwT4YGTKoKQiKI-00181.jpg": {"object_bounding_box": [180, 237, 136, 201], "object_presence": 1}, "P100--nobile-phone-stand--clutter--5IyWp-lpUa6rH3DGc5sowwE208NhgLwT4YGTKoKQiKI-00182.jpg": {"object_bounding_box": [176, 241, 130, 204], "object_presence": 1}, "P100--nobile-phone-stand--clutter--5IyWp-lpUa6rH3DGc5sowwE208NhgLwT4YGTKoKQiKI-00183.jpg": {"object_bounding_box": [172, 259, 129, 200], "object_presence": 1}, "P100--nobile-phone-stand--clutter--5IyWp-lpUa6rH3DGc5sowwE208NhgLwT4YGTKoKQiKI-00184.jpg": {"object_bounding_box": [165, 282, 133, 201], "object_presence": 1}, "P100--nobile-phone-stand--clutter--5IyWp-lpUa6rH3DGc5sowwE208NhgLwT4YGTKoKQiKI-00185.jpg": {"object_bounding_box": [150, 293, 134, 199], "object_presence": 1}, "P100--nobile-phone-stand--clutter--5IyWp-lpUa6rH3DGc5sowwE208NhgLwT4YGTKoKQiKI-00186.jpg": {"object_bounding_box": [146, 301, 128, 198], "object_presence": 1}, "P100--nobile-phone-stand--clutter--5IyWp-lpUa6rH3DGc5sowwE208NhgLwT4YGTKoKQiKI-00187.jpg": {"object_bounding_box": [141, 315, 128, 198], "object_presence": 1}, "P100--nobile-phone-stand--clutter--5IyWp-lpUa6rH3DGc5sowwE208NhgLwT4YGTKoKQiKI-00188.jpg": {"object_bounding_box": [126, 337, 133, 195], "object_presence": 1}, "P100--nobile-phone-stand--clutter--5IyWp-lpUa6rH3DGc5sowwE208NhgLwT4YGTKoKQiKI-00189.jpg": {"object_bounding_box": [105, 366, 134, 199], "object_presence": 1}, "P100--nobile-phone-stand--clutter--5IyWp-lpUa6rH3DGc5sowwE208NhgLwT4YGTKoKQiKI-00190.jpg": {"object_bounding_box": [83, 396, 133, 197], "object_presence": 1}, "P100--nobile-phone-stand--clutter--5IyWp-lpUa6rH3DGc5sowwE208NhgLwT4YGTKoKQiKI-00191.jpg": {"object_bounding_box": [67, 421, 134, 195], "object_presence": 1}, "P100--nobile-phone-stand--clutter--5IyWp-lpUa6rH3DGc5sowwE208NhgLwT4YGTKoKQiKI-00192.jpg": {"object_bounding_box": [63, 436, 126, 192], "object_presence": 1}, "P100--nobile-phone-stand--clutter--5IyWp-lpUa6rH3DGc5sowwE208NhgLwT4YGTKoKQiKI-00193.jpg": {"object_bounding_box": [63, 448, 127, 194], "object_presence": 1}, "P100--nobile-phone-stand--clutter--5IyWp-lpUa6rH3DGc5sowwE208NhgLwT4YGTKoKQiKI-00194.jpg": {"object_bounding_box": [65, 457, 131, 192], "object_presence": 1}, "P100--nobile-phone-stand--clutter--5IyWp-lpUa6rH3DGc5sowwE208NhgLwT4YGTKoKQiKI-00195.jpg": {"object_bounding_box": [68, 470, 126, 192], "object_presence": 1}, "P100--nobile-phone-stand--clutter--5IyWp-lpUa6rH3DGc5sowwE208NhgLwT4YGTKoKQiKI-00196.jpg": {"object_bounding_box": [65, 488, 127, 196], "object_presence": 1}, "P100--nobile-phone-stand--clutter--5IyWp-lpUa6rH3DGc5sowwE208NhgLwT4YGTKoKQiKI-00197.jpg": {"object_bounding_box": [64, 503, 128, 191], "object_presence": 1}, "P100--nobile-phone-stand--clutter--5IyWp-lpUa6rH3DGc5sowwE208NhgLwT4YGTKoKQiKI-00198.jpg": {"object_bounding_box": [65, 518, 130, 191], "object_presence": 1}, "P100--nobile-phone-stand--clutter--5IyWp-lpUa6rH3DGc5sowwE208NhgLwT4YGTKoKQiKI-00199.jpg": {"object_bounding_box": [64, 526, 128, 188], "object_presence": 1}, "P100--nobile-phone-stand--clutter--5IyWp-lpUa6rH3DGc5sowwE208NhgLwT4YGTKoKQiKI-00200.jpg": {"object_bounding_box": [64, 532, 129, 188], "object_presence": 1}, "P100--nobile-phone-stand--clutter--5IyWp-lpUa6rH3DGc5sowwE208NhgLwT4YGTKoKQiKI-00201.jpg": {"object_bounding_box": [62, 540, 124, 188], "object_presence": 1}, "P100--nobile-phone-stand--clutter--5IyWp-lpUa6rH3DGc5sowwE208NhgLwT4YGTKoKQiKI-00202.jpg": {"object_bounding_box": [66, 546, 127, 185], "object_presence": 1}, "P100--nobile-phone-stand--clutter--5IyWp-lpUa6rH3DGc5sowwE208NhgLwT4YGTKoKQiKI-00203.jpg": {"object_bounding_box": [66, 552, 125, 188], "object_presence": 1}, "P100--nobile-phone-stand--clutter--5IyWp-lpUa6rH3DGc5sowwE208NhgLwT4YGTKoKQiKI-00204.jpg": {"object_bounding_box": [66, 557, 128, 188], "object_presence": 1}, "P100--nobile-phone-stand--clutter--5IyWp-lpUa6rH3DGc5sowwE208NhgLwT4YGTKoKQiKI-00205.jpg": {"object_bounding_box": [69, 564, 127, 191], "object_presence": 1}, "P100--nobile-phone-stand--clutter--5IyWp-lpUa6rH3DGc5sowwE208NhgLwT4YGTKoKQiKI-00206.jpg": {"object_bounding_box": [63, 569, 124, 187], "object_presence": 1}, "P100--nobile-phone-stand--clutter--5IyWp-lpUa6rH3DGc5sowwE208NhgLwT4YGTKoKQiKI-00207.jpg": {"object_bounding_box": [58, 572, 117, 188], "object_presence": 1}, "P100--nobile-phone-stand--clutter--5IyWp-lpUa6rH3DGc5sowwE208NhgLwT4YGTKoKQiKI-00208.jpg": {"object_bounding_box": [55, 575, 110, 188], "object_presence": 1}, "P100--nobile-phone-stand--clutter--5IyWp-lpUa6rH3DGc5sowwE208NhgLwT4YGTKoKQiKI-00209.jpg": {"object_bounding_box": [54, 574, 108, 186], "object_presence": 1}, "P100--nobile-phone-stand--clutter--5IyWp-lpUa6rH3DGc5sowwE208NhgLwT4YGTKoKQiKI-00210.jpg": {"object_bounding_box": [54, 574, 108, 192], "object_presence": 1}, "P100--nobile-phone-stand--clutter--5IyWp-lpUa6rH3DGc5sowwE208NhgLwT4YGTKoKQiKI-00211.jpg": {"object_bounding_box": [55, 573, 111, 192], "object_presence": 1}, "P100--nobile-phone-stand--clutter--5IyWp-lpUa6rH3DGc5sowwE208NhgLwT4YGTKoKQiKI-00212.jpg": {"object_bounding_box": [57, 578, 114, 189], "object_presence": 1}, "P100--nobile-phone-stand--clutter--5IyWp-lpUa6rH3DGc5sowwE208NhgLwT4YGTKoKQiKI-00213.jpg": {"object_bounding_box": [54, 584, 109, 192], "object_presence": 1}, "P100--nobile-phone-stand--clutter--5IyWp-lpUa6rH3DGc5sowwE208NhgLwT4YGTKoKQiKI-00214.jpg": {"object_bounding_box": [53, 604, 106, 192], "object_presence": 1}, "P100--nobile-phone-stand--clutter--5IyWp-lpUa6rH3DGc5sowwE208NhgLwT4YGTKoKQiKI-00215.jpg": {"object_bounding_box": [52, 619, 104, 191], "object_presence": 1}, "P100--nobile-phone-stand--clutter--5IyWp-lpUa6rH3DGc5sowwE208NhgLwT4YGTKoKQiKI-00216.jpg": {"object_bounding_box": [55, 608, 110, 191], "object_presence": 1}, "P100--nobile-phone-stand--clutter--5IyWp-lpUa6rH3DGc5sowwE208NhgLwT4YGTKoKQiKI-00217.jpg": {"object_bounding_box": [58, 590, 116, 188], "object_presence": 1}, "P100--nobile-phone-stand--clutter--5IyWp-lpUa6rH3DGc5sowwE208NhgLwT4YGTKoKQiKI-00218.jpg": {"object_bounding_box": [57, 570, 115, 191], "object_presence": 1}, "P100--nobile-phone-stand--clutter--5IyWp-lpUa6rH3DGc5sowwE208NhgLwT4YGTKoKQiKI-00219.jpg": {"object_bounding_box": [57, 550, 114, 191], "object_presence": 1}, "P100--nobile-phone-stand--clutter--5IyWp-lpUa6rH3DGc5sowwE208NhgLwT4YGTKoKQiKI-00220.jpg": {"object_bounding_box": [62, 525, 124, 191], "object_presence": 1}, "P100--nobile-phone-stand--clutter--5IyWp-lpUa6rH3DGc5sowwE208NhgLwT4YGTKoKQiKI-00221.jpg": {"object_bounding_box": [86, 483, 130, 189], "object_presence": 1}, "P100--nobile-phone-stand--clutter--5IyWp-lpUa6rH3DGc5sowwE208NhgLwT4YGTKoKQiKI-00222.jpg": {"object_bounding_box": [114, 424, 110, 198], "object_presence": 1}, "P100--nobile-phone-stand--clutter--5IyWp-lpUa6rH3DGc5sowwE208NhgLwT4YGTKoKQiKI-00223.jpg": {"object_bounding_box": [163, 361, 125, 206], "object_presence": 1}, "P100--nobile-phone-stand--clutter--5IyWp-lpUa6rH3DGc5sowwE208NhgLwT4YGTKoKQiKI-00224.jpg": {"object_bounding_box": [192, 311, 120, 207], "object_presence": 1}, "P100--nobile-phone-stand--clutter--5IyWp-lpUa6rH3DGc5sowwE208NhgLwT4YGTKoKQiKI-00225.jpg": {"object_bounding_box": [202, 284, 136, 201], "object_presence": 1}, "P100--nobile-phone-stand--clutter--5IyWp-lpUa6rH3DGc5sowwE208NhgLwT4YGTKoKQiKI-00226.jpg": {"object_bounding_box": [206, 276, 129, 198], "object_presence": 1}, "P100--nobile-phone-stand--clutter--5IyWp-lpUa6rH3DGc5sowwE208NhgLwT4YGTKoKQiKI-00227.jpg": {"object_bounding_box": [192, 284, 130, 201], "object_presence": 1}, "P100--nobile-phone-stand--clutter--5IyWp-lpUa6rH3DGc5sowwE208NhgLwT4YGTKoKQiKI-00228.jpg": {"object_bounding_box": [183, 314, 130, 204], "object_presence": 1}, "P100--nobile-phone-stand--clutter--5IyWp-lpUa6rH3DGc5sowwE208NhgLwT4YGTKoKQiKI-00229.jpg": {"object_bounding_box": [156, 355, 127, 194], "object_presence": 1}, "P100--nobile-phone-stand--clutter--5IyWp-lpUa6rH3DGc5sowwE208NhgLwT4YGTKoKQiKI-00230.jpg": {"object_bounding_box": [146, 400, 127, 189], "object_presence": 1}, "P100--nobile-phone-stand--clutter--5IyWp-lpUa6rH3DGc5sowwE208NhgLwT4YGTKoKQiKI-00231.jpg": {"object_bounding_box": [136, 436, 137, 192], "object_presence": 1}, "P100--nobile-phone-stand--clutter--5IyWp-lpUa6rH3DGc5sowwE208NhgLwT4YGTKoKQiKI-00232.jpg": {"object_bounding_box": [106, 449, 130, 190], "object_presence": 1}, "P100--nobile-phone-stand--clutter--5IyWp-lpUa6rH3DGc5sowwE208NhgLwT4YGTKoKQiKI-00233.jpg": {"object_bounding_box": [99, 460, 128, 192], "object_presence": 1}, "P100--nobile-phone-stand--clutter--5IyWp-lpUa6rH3DGc5sowwE208NhgLwT4YGTKoKQiKI-00234.jpg": {"object_bounding_box": [98, 469, 131, 191], "object_presence": 1}, "P100--nobile-phone-stand--clutter--5IyWp-lpUa6rH3DGc5sowwE208NhgLwT4YGTKoKQiKI-00235.jpg": {"object_bounding_box": [98, 468, 130, 191], "object_presence": 1}, "P100--nobile-phone-stand--clutter--5IyWp-lpUa6rH3DGc5sowwE208NhgLwT4YGTKoKQiKI-00236.jpg": {"object_bounding_box": [133, 480, 140, 195], "object_presence": 1}, "P100--nobile-phone-stand--clutter--5IyWp-lpUa6rH3DGc5sowwE208NhgLwT4YGTKoKQiKI-00237.jpg": {"object_bounding_box": [144, 446, 119, 189], "object_presence": 1}, "P100--nobile-phone-stand--clutter--5IyWp-lpUa6rH3DGc5sowwE208NhgLwT4YGTKoKQiKI-00238.jpg": {"object_bounding_box": [163, 365, 118, 208], "object_presence": 1}, "P100--nobile-phone-stand--clutter--5IyWp-lpUa6rH3DGc5sowwE208NhgLwT4YGTKoKQiKI-00239.jpg": {"object_bounding_box": [190, 303, 125, 198], "object_presence": 1}, "P100--nobile-phone-stand--clutter--5IyWp-lpUa6rH3DGc5sowwE208NhgLwT4YGTKoKQiKI-00240.jpg": {"object_bounding_box": [203, 310, 123, 195], "object_presence": 1}, "P100--nobile-phone-stand--clutter--5IyWp-lpUa6rH3DGc5sowwE208NhgLwT4YGTKoKQiKI-00241.jpg": {"object_bounding_box": [192, 363, 122, 199], "object_presence": 1}, "P100--nobile-phone-stand--clutter--5IyWp-lpUa6rH3DGc5sowwE208NhgLwT4YGTKoKQiKI-00242.jpg": {"object_bounding_box": [204, 426, 115, 189], "object_presence": 1}, "P100--nobile-phone-stand--clutter--5IyWp-lpUa6rH3DGc5sowwE208NhgLwT4YGTKoKQiKI-00243.jpg": {"object_bounding_box": [182, 388, 119, 199], "object_presence": 1}, "P100--nobile-phone-stand--clutter--5IyWp-lpUa6rH3DGc5sowwE208NhgLwT4YGTKoKQiKI-00244.jpg": {"object_bounding_box": [203, 344, 132, 196], "object_presence": 1}, "P100--nobile-phone-stand--clutter--5IyWp-lpUa6rH3DGc5sowwE208NhgLwT4YGTKoKQiKI-00245.jpg": {"object_bounding_box": [187, 346, 130, 193], "object_presence": 1}, "P100--nobile-phone-stand--clutter--5IyWp-lpUa6rH3DGc5sowwE208NhgLwT4YGTKoKQiKI-00246.jpg": {"object_bounding_box": [155, 391, 112, 201], "object_presence": 1}, "P100--nobile-phone-stand--clutter--5IyWp-lpUa6rH3DGc5sowwE208NhgLwT4YGTKoKQiKI-00247.jpg": {"object_bounding_box": [137, 436, 132, 189], "object_presence": 1}, "P100--nobile-phone-stand--clutter--5IyWp-lpUa6rH3DGc5sowwE208NhgLwT4YGTKoKQiKI-00248.jpg": {"object_bounding_box": [129, 457, 130, 194], "object_presence": 1}, "P100--nobile-phone-stand--clutter--5IyWp-lpUa6rH3DGc5sowwE208NhgLwT4YGTKoKQiKI-00249.jpg": {"object_bounding_box": [139, 460, 128, 192], "object_presence": 1}, "P100--nobile-phone-stand--clutter--5IyWp-lpUa6rH3DGc5sowwE208NhgLwT4YGTKoKQiKI-00250.jpg": {"object_bounding_box": [138, 457, 129, 192], "object_presence": 1}}