{"P106--speaker--clutter--Q5SZncpelJd_wFA_nR_8yoANfb1O4z8h_UkvHWgPz9M-00001.jpg": {"object_bounding_box": [0, 0, 0, 0], "object_presence": 0}, "P106--speaker--clutter--Q5SZncpelJd_wFA_nR_8yoANfb1O4z8h_UkvHWgPz9M-00002.jpg": {"object_bounding_box": [0, 0, 0, 0], "object_presence": 0}, "P106--speaker--clutter--Q5SZncpelJd_wFA_nR_8yoANfb1O4z8h_UkvHWgPz9M-00003.jpg": {"object_bounding_box": [0, 0, 0, 0], "object_presence": 0}, "P106--speaker--clutter--Q5SZncpelJd_wFA_nR_8yoANfb1O4z8h_UkvHWgPz9M-00004.jpg": {"object_bounding_box": [0, 0, 0, 0], "object_presence": 0}, "P106--speaker--clutter--Q5SZncpelJd_wFA_nR_8yoANfb1O4z8h_UkvHWgPz9M-00005.jpg": {"object_bounding_box": [0, 0, 0, 0], "object_presence": 0}, "P106--speaker--clutter--Q5SZncpelJd_wFA_nR_8yoANfb1O4z8h_UkvHWgPz9M-00006.jpg": {"object_bounding_box": [0, 0, 0, 0], "object_presence": 0}, "P106--speaker--clutter--Q5SZncpelJd_wFA_nR_8yoANfb1O4z8h_UkvHWgPz9M-00007.jpg": {"object_bounding_box": [0, 0, 0, 0], "object_presence": 0}, "P106--speaker--clutter--Q5SZncpelJd_wFA_nR_8yoANfb1O4z8h_UkvHWgPz9M-00008.jpg": {"object_bounding_box": [0, 0, 0, 0], "object_presence": 0}, "P106--speaker--clutter--Q5SZncpelJd_wFA_nR_8yoANfb1O4z8h_UkvHWgPz9M-00009.jpg": {"object_bounding_box": [0, 0, 0, 0], "object_presence": 0}, "P106--speaker--clutter--Q5SZncpelJd_wFA_nR_8yoANfb1O4z8h_UkvHWgPz9M-00010.jpg": {"object_bounding_box": [0, 0, 0, 0], "object_presence": 0}, "P106--speaker--clutter--Q5SZncpelJd_wFA_nR_8yoANfb1O4z8h_UkvHWgPz9M-00011.jpg": {"object_bounding_box": [0, 0, 0, 0], "object_presence": 0}, "P106--speaker--clutter--Q5SZncpelJd_wFA_nR_8yoANfb1O4z8h_UkvHWgPz9M-00012.jpg": {"object_bounding_box": [0, 0, 0, 0], "object_presence": 0}, "P106--speaker--clutter--Q5SZncpelJd_wFA_nR_8yoANfb1O4z8h_UkvHWgPz9M-00013.jpg": {"object_bounding_box": [0, 0, 0, 0], "object_presence": 0}, "P106--speaker--clutter--Q5SZncpelJd_wFA_nR_8yoANfb1O4z8h_UkvHWgPz9M-00014.jpg": {"object_bounding_box": [0, 0, 0, 0], "object_presence": 0}, "P106--speaker--clutter--Q5SZncpelJd_wFA_nR_8yoANfb1O4z8h_UkvHWgPz9M-00015.jpg": {"object_bounding_box": [0, 0, 0, 0], "object_presence": 0}, "P106--speaker--clutter--Q5SZncpelJd_wFA_nR_8yoANfb1O4z8h_UkvHWgPz9M-00016.jpg": {"object_bounding_box": [0, 0, 0, 0], "object_presence": 0}, "P106--speaker--clutter--Q5SZncpelJd_wFA_nR_8yoANfb1O4z8h_UkvHWgPz9M-00017.jpg": {"object_bounding_box": [0, 0, 0, 0], "object_presence": 0}, "P106--speaker--clutter--Q5SZncpelJd_wFA_nR_8yoANfb1O4z8h_UkvHWgPz9M-00018.jpg": {"object_bounding_box": [0, 0, 0, 0], "object_presence": 0}, "P106--speaker--clutter--Q5SZncpelJd_wFA_nR_8yoANfb1O4z8h_UkvHWgPz9M-00019.jpg": {"object_bounding_box": [1060, 22, 40, 45], "object_presence": 1}, "P106--speaker--clutter--Q5SZncpelJd_wFA_nR_8yoANfb1O4z8h_UkvHWgPz9M-00020.jpg": {"object_bounding_box": [1060, 21, 40, 43], "object_presence": 1}, "P106--speaker--clutter--Q5SZncpelJd_wFA_nR_8yoANfb1O4z8h_UkvHWgPz9M-00021.jpg": {"object_bounding_box": [1036, 35, 88, 69], "object_presence": 1}, "P106--speaker--clutter--Q5SZncpelJd_wFA_nR_8yoANfb1O4z8h_UkvHWgPz9M-00022.jpg": {"object_bounding_box": [1034, 57, 92, 113], "object_presence": 1}, "P106--speaker--clutter--Q5SZncpelJd_wFA_nR_8yoANfb1O4z8h_UkvHWgPz9M-00023.jpg": {"object_bounding_box": [1017, 80, 126, 158], "object_presence": 1}, "P106--speaker--clutter--Q5SZncpelJd_wFA_nR_8yoANfb1O4z8h_UkvHWgPz9M-00024.jpg": {"object_bounding_box": [1000, 94, 159, 187], "object_presence": 1}, "P106--speaker--clutter--Q5SZncpelJd_wFA_nR_8yoANfb1O4z8h_UkvHWgPz9M-00025.jpg": {"object_bounding_box": [993, 112, 175, 223], "object_presence": 1}, "P106--speaker--clutter--Q5SZncpelJd_wFA_nR_8yoANfb1O4z8h_UkvHWgPz9M-00026.jpg": {"object_bounding_box": [977, 149, 207, 261], "object_presence": 1}, "P106--speaker--clutter--Q5SZncpelJd_wFA_nR_8yoANfb1O4z8h_UkvHWgPz9M-00027.jpg": {"object_bounding_box": [960, 180, 240, 275], "object_presence": 1}, "P106--speaker--clutter--Q5SZncpelJd_wFA_nR_8yoANfb1O4z8h_UkvHWgPz9M-00028.jpg": {"object_bounding_box": [948, 201, 265, 267], "object_presence": 1}, "P106--speaker--clutter--Q5SZncpelJd_wFA_nR_8yoANfb1O4z8h_UkvHWgPz9M-00029.jpg": {"object_bounding_box": [942, 254, 276, 274], "object_presence": 1}, "P106--speaker--clutter--Q5SZncpelJd_wFA_nR_8yoANfb1O4z8h_UkvHWgPz9M-00030.jpg": {"object_bounding_box": [932, 283, 295, 287], "object_presence": 1}, "P106--speaker--clutter--Q5SZncpelJd_wFA_nR_8yoANfb1O4z8h_UkvHWgPz9M-00031.jpg": {"object_bounding_box": [927, 298, 305, 255], "object_presence": 1}, "P106--speaker--clutter--Q5SZncpelJd_wFA_nR_8yoANfb1O4z8h_UkvHWgPz9M-00032.jpg": {"object_bounding_box": [922, 317, 316, 268], "object_presence": 1}, "P106--speaker--clutter--Q5SZncpelJd_wFA_nR_8yoANfb1O4z8h_UkvHWgPz9M-00033.jpg": {"object_bounding_box": [921, 340, 318, 275], "object_presence": 1}, "P106--speaker--clutter--Q5SZncpelJd_wFA_nR_8yoANfb1O4z8h_UkvHWgPz9M-00034.jpg": {"object_bounding_box": [919, 346, 321, 283], "object_presence": 1}, "P106--speaker--clutter--Q5SZncpelJd_wFA_nR_8yoANfb1O4z8h_UkvHWgPz9M-00035.jpg": {"object_bounding_box": [908, 350, 343, 302], "object_presence": 1}, "P106--speaker--clutter--Q5SZncpelJd_wFA_nR_8yoANfb1O4z8h_UkvHWgPz9M-00036.jpg": {"object_bounding_box": [904, 343, 352, 299], "object_presence": 1}, "P106--speaker--clutter--Q5SZncpelJd_wFA_nR_8yoANfb1O4z8h_UkvHWgPz9M-00037.jpg": {"object_bounding_box": [897, 344, 366, 304], "object_presence": 1}, "P106--speaker--clutter--Q5SZncpelJd_wFA_nR_8yoANfb1O4z8h_UkvHWgPz9M-00038.jpg": {"object_bounding_box": [892, 351, 376, 307], "object_presence": 1}, "P106--speaker--clutter--Q5SZncpelJd_wFA_nR_8yoANfb1O4z8h_UkvHWgPz9M-00039.jpg": {"object_bounding_box": [888, 346, 384, 317], "object_presence": 1}, "P106--speaker--clutter--Q5SZncpelJd_wFA_nR_8yoANfb1O4z8h_UkvHWgPz9M-00040.jpg": {"object_bounding_box": [885, 347, 390, 319], "object_presence": 1}, "P106--speaker--clutter--Q5SZncpelJd_wFA_nR_8yoANfb1O4z8h_UkvHWgPz9M-00041.jpg": {"object_bounding_box": [886, 341, 387, 314], "object_presence": 1}, "P106--speaker--clutter--Q5SZncpelJd_wFA_nR_8yoANfb1O4z8h_UkvHWgPz9M-00042.jpg": {"object_bounding_box": [895, 332, 370, 313], "object_presence": 1}, "P106--speaker--clutter--Q5SZncpelJd_wFA_nR_8yoANfb1O4z8h_UkvHWgPz9M-00043.jpg": {"object_bounding_box": [903, 312, 354, 307], "object_presence": 1}, "P106--speaker--clutter--Q5SZncpelJd_wFA_nR_8yoANfb1O4z8h_UkvHWgPz9M-00044.jpg": {"object_bounding_box": [911, 278, 338, 305], "object_presence": 1}, "P106--speaker--clutter--Q5SZncpelJd_wFA_nR_8yoANfb1O4z8h_UkvHWgPz9M-00045.jpg": {"object_bounding_box": [919, 246, 322, 296], "object_presence": 1}, "P106--speaker--clutter--Q5SZncpelJd_wFA_nR_8yoANfb1O4z8h_UkvHWgPz9M-00046.jpg": {"object_bounding_box": [934, 221, 291, 286], "object_presence": 1}, "P106--speaker--clutter--Q5SZncpelJd_wFA_nR_8yoANfb1O4z8h_UkvHWgPz9M-00047.jpg": {"object_bounding_box": [939, 184, 281, 284], "object_presence": 1}, "P106--speaker--clutter--Q5SZncpelJd_wFA_nR_8yoANfb1O4z8h_UkvHWgPz9M-00048.jpg": {"object_bounding_box": [945, 146, 271, 292], "object_presence": 1}, "P106--speaker--clutter--Q5SZncpelJd_wFA_nR_8yoANfb1O4z8h_UkvHWgPz9M-00049.jpg": {"object_bounding_box": [948, 127, 264, 253], "object_presence": 1}, "P106--speaker--clutter--Q5SZncpelJd_wFA_nR_8yoANfb1O4z8h_UkvHWgPz9M-00050.jpg": {"object_bounding_box": [951, 114, 258, 228], "object_presence": 1}, "P106--speaker--clutter--Q5SZncpelJd_wFA_nR_8yoANfb1O4z8h_UkvHWgPz9M-00051.jpg": {"object_bounding_box": [952, 106, 256, 213], "object_presence": 1}, "P106--speaker--clutter--Q5SZncpelJd_wFA_nR_8yoANfb1O4z8h_UkvHWgPz9M-00052.jpg": {"object_bounding_box": [955, 101, 251, 203], "object_presence": 1}, "P106--speaker--clutter--Q5SZncpelJd_wFA_nR_8yoANfb1O4z8h_UkvHWgPz9M-00053.jpg": {"object_bounding_box": [961, 105, 239, 210], "object_presence": 1}, "P106--speaker--clutter--Q5SZncpelJd_wFA_nR_8yoANfb1O4z8h_UkvHWgPz9M-00054.jpg": {"object_bounding_box": [967, 106, 226, 212], "object_presence": 1}, "P106--speaker--clutter--Q5SZncpelJd_wFA_nR_8yoANfb1O4z8h_UkvHWgPz9M-00055.jpg": {"object_bounding_box": [974, 109, 211, 219], "object_presence": 1}, "P106--speaker--clutter--Q5SZncpelJd_wFA_nR_8yoANfb1O4z8h_UkvHWgPz9M-00056.jpg": {"object_bounding_box": [982, 106, 196, 212], "object_presence": 1}, "P106--speaker--clutter--Q5SZncpelJd_wFA_nR_8yoANfb1O4z8h_UkvHWgPz9M-00057.jpg": {"object_bounding_box": [991, 104, 178, 208], "object_presence": 1}, "P106--speaker--clutter--Q5SZncpelJd_wFA_nR_8yoANfb1O4z8h_UkvHWgPz9M-00058.jpg": {"object_bounding_box": [991, 116, 179, 231], "object_presence": 1}, "P106--speaker--clutter--Q5SZncpelJd_wFA_nR_8yoANfb1O4z8h_UkvHWgPz9M-00059.jpg": {"object_bounding_box": [995, 118, 171, 236], "object_presence": 1}, "P106--speaker--clutter--Q5SZncpelJd_wFA_nR_8yoANfb1O4z8h_UkvHWgPz9M-00060.jpg": {"object_bounding_box": [1008, 119, 144, 237], "object_presence": 1}, "P106--speaker--clutter--Q5SZncpelJd_wFA_nR_8yoANfb1O4z8h_UkvHWgPz9M-00061.jpg": {"object_bounding_box": [1012, 117, 136, 233], "object_presence": 1}, "P106--speaker--clutter--Q5SZncpelJd_wFA_nR_8yoANfb1O4z8h_UkvHWgPz9M-00062.jpg": {"object_bounding_box": [1018, 127, 124, 216], "object_presence": 1}, "P106--speaker--clutter--Q5SZncpelJd_wFA_nR_8yoANfb1O4z8h_UkvHWgPz9M-00063.jpg": {"object_bounding_box": [1023, 128, 114, 218], "object_presence": 1}, "P106--speaker--clutter--Q5SZncpelJd_wFA_nR_8yoANfb1O4z8h_UkvHWgPz9M-00064.jpg": {"object_bounding_box": [1023, 120, 114, 206], "object_presence": 1}, "P106--speaker--clutter--Q5SZncpelJd_wFA_nR_8yoANfb1O4z8h_UkvHWgPz9M-00065.jpg": {"object_bounding_box": [1030, 111, 100, 186], "object_presence": 1}, "P106--speaker--clutter--Q5SZncpelJd_wFA_nR_8yoANfb1O4z8h_UkvHWgPz9M-00066.jpg": {"object_bounding_box": [1033, 121, 94, 156], "object_presence": 1}, "P106--speaker--clutter--Q5SZncpelJd_wFA_nR_8yoANfb1O4z8h_UkvHWgPz9M-00067.jpg": {"object_bounding_box": [1037, 120, 87, 138], "object_presence": 1}, "P106--speaker--clutter--Q5SZncpelJd_wFA_nR_8yoANfb1O4z8h_UkvHWgPz9M-00068.jpg": {"object_bounding_box": [1035, 120, 90, 151], "object_presence": 1}, "P106--speaker--clutter--Q5SZncpelJd_wFA_nR_8yoANfb1O4z8h_UkvHWgPz9M-00069.jpg": {"object_bounding_box": [1035, 129, 91, 150], "object_presence": 1}, "P106--speaker--clutter--Q5SZncpelJd_wFA_nR_8yoANfb1O4z8h_UkvHWgPz9M-00070.jpg": {"object_bounding_box": [1039, 127, 82, 140], "object_presence": 1}, "P106--speaker--clutter--Q5SZncpelJd_wFA_nR_8yoANfb1O4z8h_UkvHWgPz9M-00071.jpg": {"object_bounding_box": [1037, 114, 87, 130], "object_presence": 1}, "P106--speaker--clutter--Q5SZncpelJd_wFA_nR_8yoANfb1O4z8h_UkvHWgPz9M-00072.jpg": {"object_bounding_box": [1033, 105, 94, 131], "object_presence": 1}, "P106--speaker--clutter--Q5SZncpelJd_wFA_nR_8yoANfb1O4z8h_UkvHWgPz9M-00073.jpg": {"object_bounding_box": [1031, 105, 98, 131], "object_presence": 1}, "P106--speaker--clutter--Q5SZncpelJd_wFA_nR_8yoANfb1O4z8h_UkvHWgPz9M-00074.jpg": {"object_bounding_box": [1028, 91, 103, 125], "object_presence": 1}, "P106--speaker--clutter--Q5SZncpelJd_wFA_nR_8yoANfb1O4z8h_UkvHWgPz9M-00075.jpg": {"object_bounding_box": [1026, 69, 108, 114], "object_presence": 1}, "P106--speaker--clutter--Q5SZncpelJd_wFA_nR_8yoANfb1O4z8h_UkvHWgPz9M-00076.jpg": {"object_bounding_box": [1024, 53, 112, 106], "object_presence": 1}, "P106--speaker--clutter--Q5SZncpelJd_wFA_nR_8yoANfb1O4z8h_UkvHWgPz9M-00077.jpg": {"object_bounding_box": [1029, 48, 101, 95], "object_presence": 1}, "P106--speaker--clutter--Q5SZncpelJd_wFA_nR_8yoANfb1O4z8h_UkvHWgPz9M-00078.jpg": {"object_bounding_box": [1027, 52, 107, 102], "object_presence": 1}, "P106--speaker--clutter--Q5SZncpelJd_wFA_nR_8yoANfb1O4z8h_UkvHWgPz9M-00079.jpg": {"object_bounding_box": [1031, 44, 98, 86], "object_presence": 1}, "P106--speaker--clutter--Q5SZncpelJd_wFA_nR_8yoANfb1O4z8h_UkvHWgPz9M-00080.jpg": {"object_bounding_box": [1036, 41, 88, 80], "object_presence": 1}, "P106--speaker--clutter--Q5SZncpelJd_wFA_nR_8yoANfb1O4z8h_UkvHWgPz9M-00081.jpg": {"object_bounding_box": [1039, 47, 82, 93], "object_presence": 1}, "P106--speaker--clutter--Q5SZncpelJd_wFA_nR_8yoANfb1O4z8h_UkvHWgPz9M-00082.jpg": {"object_bounding_box": [1040, 53, 80, 103], "object_presence": 1}, "P106--speaker--clutter--Q5SZncpelJd_wFA_nR_8yoANfb1O4z8h_UkvHWgPz9M-00083.jpg": {"object_bounding_box": [1056, 59, 47, 98], "object_presence": 1}, "P106--speaker--clutter--Q5SZncpelJd_wFA_nR_8yoANfb1O4z8h_UkvHWgPz9M-00084.jpg": {"object_bounding_box": [1061, 66, 39, 88], "object_presence": 1}, "P106--speaker--clutter--Q5SZncpelJd_wFA_nR_8yoANfb1O4z8h_UkvHWgPz9M-00085.jpg": {"object_bounding_box": [1060, 71, 40, 78], "object_presence": 1}, "P106--speaker--clutter--Q5SZncpelJd_wFA_nR_8yoANfb1O4z8h_UkvHWgPz9M-00086.jpg": {"object_bounding_box": [1069, 77, 21, 66], "object_presence": 1}, "P106--speaker--clutter--Q5SZncpelJd_wFA_nR_8yoANfb1O4z8h_UkvHWgPz9M-00087.jpg": {"object_bounding_box": [1073, 73, 13, 52], "object_presence": 1}, "P106--speaker--clutter--Q5SZncpelJd_wFA_nR_8yoANfb1O4z8h_UkvHWgPz9M-00088.jpg": {"object_bounding_box": [0, 0, 0, 0], "object_presence": 0}, "P106--speaker--clutter--Q5SZncpelJd_wFA_nR_8yoANfb1O4z8h_UkvHWgPz9M-00089.jpg": {"object_bounding_box": [0, 0, 0, 0], "object_presence": 0}, "P106--speaker--clutter--Q5SZncpelJd_wFA_nR_8yoANfb1O4z8h_UkvHWgPz9M-00090.jpg": {"object_bounding_box": [0, 0, 0, 0], "object_presence": 0}, "P106--speaker--clutter--Q5SZncpelJd_wFA_nR_8yoANfb1O4z8h_UkvHWgPz9M-00091.jpg": {"object_bounding_box": [0, 0, 0, 0], "object_presence": 0}, "P106--speaker--clutter--Q5SZncpelJd_wFA_nR_8yoANfb1O4z8h_UkvHWgPz9M-00092.jpg": {"object_bounding_box": [0, 0, 0, 0], "object_presence": 0}, "P106--speaker--clutter--Q5SZncpelJd_wFA_nR_8yoANfb1O4z8h_UkvHWgPz9M-00093.jpg": {"object_bounding_box": [0, 0, 0, 0], "object_presence": 0}, "P106--speaker--clutter--Q5SZncpelJd_wFA_nR_8yoANfb1O4z8h_UkvHWgPz9M-00094.jpg": {"object_bounding_box": [0, 0, 0, 0], "object_presence": 0}, "P106--speaker--clutter--Q5SZncpelJd_wFA_nR_8yoANfb1O4z8h_UkvHWgPz9M-00095.jpg": {"object_bounding_box": [0, 0, 0, 0], "object_presence": 0}, "P106--speaker--clutter--Q5SZncpelJd_wFA_nR_8yoANfb1O4z8h_UkvHWgPz9M-00096.jpg": {"object_bounding_box": [0, 0, 0, 0], "object_presence": 0}, "P106--speaker--clutter--Q5SZncpelJd_wFA_nR_8yoANfb1O4z8h_UkvHWgPz9M-00097.jpg": {"object_bounding_box": [0, 0, 0, 0], "object_presence": 0}, "P106--speaker--clutter--Q5SZncpelJd_wFA_nR_8yoANfb1O4z8h_UkvHWgPz9M-00098.jpg": {"object_bounding_box": [0, 0, 0, 0], "object_presence": 0}, "P106--speaker--clutter--Q5SZncpelJd_wFA_nR_8yoANfb1O4z8h_UkvHWgPz9M-00099.jpg": {"object_bounding_box": [0, 0, 0, 0], "object_presence": 0}, "P106--speaker--clutter--Q5SZncpelJd_wFA_nR_8yoANfb1O4z8h_UkvHWgPz9M-00100.jpg": {"object_bounding_box": [0, 0, 0, 0], "object_presence": 0}, "P106--speaker--clutter--Q5SZncpelJd_wFA_nR_8yoANfb1O4z8h_UkvHWgPz9M-00101.jpg": {"object_bounding_box": [0, 0, 0, 0], "object_presence": 0}, "P106--speaker--clutter--Q5SZncpelJd_wFA_nR_8yoANfb1O4z8h_UkvHWgPz9M-00102.jpg": {"object_bounding_box": [0, 0, 0, 0], "object_presence": 0}, "P106--speaker--clutter--Q5SZncpelJd_wFA_nR_8yoANfb1O4z8h_UkvHWgPz9M-00103.jpg": {"object_bounding_box": [0, 0, 0, 0], "object_presence": 0}, "P106--speaker--clutter--Q5SZncpelJd_wFA_nR_8yoANfb1O4z8h_UkvHWgPz9M-00104.jpg": {"object_bounding_box": [0, 0, 0, 0], "object_presence": 0}, "P106--speaker--clutter--Q5SZncpelJd_wFA_nR_8yoANfb1O4z8h_UkvHWgPz9M-00105.jpg": {"object_bounding_box": [0, 0, 0, 0], "object_presence": 0}, "P106--speaker--clutter--Q5SZncpelJd_wFA_nR_8yoANfb1O4z8h_UkvHWgPz9M-00106.jpg": {"object_bounding_box": [0, 0, 0, 0], "object_presence": 0}, "P106--speaker--clutter--Q5SZncpelJd_wFA_nR_8yoANfb1O4z8h_UkvHWgPz9M-00107.jpg": {"object_bounding_box": [0, 0, 0, 0], "object_presence": 0}, "P106--speaker--clutter--Q5SZncpelJd_wFA_nR_8yoANfb1O4z8h_UkvHWgPz9M-00108.jpg": {"object_bounding_box": [0, 0, 0, 0], "object_presence": 0}, "P106--speaker--clutter--Q5SZncpelJd_wFA_nR_8yoANfb1O4z8h_UkvHWgPz9M-00109.jpg": {"object_bounding_box": [0, 0, 0, 0], "object_presence": 0}, "P106--speaker--clutter--Q5SZncpelJd_wFA_nR_8yoANfb1O4z8h_UkvHWgPz9M-00110.jpg": {"object_bounding_box": [0, 0, 0, 0], "object_presence": 0}, "P106--speaker--clutter--Q5SZncpelJd_wFA_nR_8yoANfb1O4z8h_UkvHWgPz9M-00111.jpg": {"object_bounding_box": [0, 0, 0, 0], "object_presence": 0}, "P106--speaker--clutter--Q5SZncpelJd_wFA_nR_8yoANfb1O4z8h_UkvHWgPz9M-00112.jpg": {"object_bounding_box": [0, 0, 0, 0], "object_presence": 0}, "P106--speaker--clutter--Q5SZncpelJd_wFA_nR_8yoANfb1O4z8h_UkvHWgPz9M-00113.jpg": {"object_bounding_box": [0, 0, 0, 0], "object_presence": 0}, "P106--speaker--clutter--Q5SZncpelJd_wFA_nR_8yoANfb1O4z8h_UkvHWgPz9M-00114.jpg": {"object_bounding_box": [0, 0, 0, 0], "object_presence": 0}, "P106--speaker--clutter--Q5SZncpelJd_wFA_nR_8yoANfb1O4z8h_UkvHWgPz9M-00115.jpg": {"object_bounding_box": [1073, 182, 12, 42], "object_presence": 1}, "P106--speaker--clutter--Q5SZncpelJd_wFA_nR_8yoANfb1O4z8h_UkvHWgPz9M-00116.jpg": {"object_bounding_box": [1070, 201, 18, 61], "object_presence": 1}, "P106--speaker--clutter--Q5SZncpelJd_wFA_nR_8yoANfb1O4z8h_UkvHWgPz9M-00117.jpg": {"object_bounding_box": [1063, 204, 32, 119], "object_presence": 1}, "P106--speaker--clutter--Q5SZncpelJd_wFA_nR_8yoANfb1O4z8h_UkvHWgPz9M-00118.jpg": {"object_bounding_box": [1049, 223, 60, 107], "object_presence": 1}, "P106--speaker--clutter--Q5SZncpelJd_wFA_nR_8yoANfb1O4z8h_UkvHWgPz9M-00119.jpg": {"object_bounding_box": [1041, 203, 76, 151], "object_presence": 1}, "P106--speaker--clutter--Q5SZncpelJd_wFA_nR_8yoANfb1O4z8h_UkvHWgPz9M-00120.jpg": {"object_bounding_box": [1035, 232, 89, 151], "object_presence": 1}, "P106--speaker--clutter--Q5SZncpelJd_wFA_nR_8yoANfb1O4z8h_UkvHWgPz9M-00121.jpg": {"object_bounding_box": [1022, 252, 114, 147], "object_presence": 1}, "P106--speaker--clutter--Q5SZncpelJd_wFA_nR_8yoANfb1O4z8h_UkvHWgPz9M-00122.jpg": {"object_bounding_box": [1013, 247, 133, 164], "object_presence": 1}, "P106--speaker--clutter--Q5SZncpelJd_wFA_nR_8yoANfb1O4z8h_UkvHWgPz9M-00123.jpg": {"object_bounding_box": [1004, 252, 150, 163], "object_presence": 1}, "P106--speaker--clutter--Q5SZncpelJd_wFA_nR_8yoANfb1O4z8h_UkvHWgPz9M-00124.jpg": {"object_bounding_box": [991, 244, 177, 200], "object_presence": 1}, "P106--speaker--clutter--Q5SZncpelJd_wFA_nR_8yoANfb1O4z8h_UkvHWgPz9M-00125.jpg": {"object_bounding_box": [988, 265, 182, 203], "object_presence": 1}, "P106--speaker--clutter--Q5SZncpelJd_wFA_nR_8yoANfb1O4z8h_UkvHWgPz9M-00126.jpg": {"object_bounding_box": [982, 276, 193, 208], "object_presence": 1}, "P106--speaker--clutter--Q5SZncpelJd_wFA_nR_8yoANfb1O4z8h_UkvHWgPz9M-00127.jpg": {"object_bounding_box": [980, 296, 198, 212], "object_presence": 1}, "P106--speaker--clutter--Q5SZncpelJd_wFA_nR_8yoANfb1O4z8h_UkvHWgPz9M-00128.jpg": {"object_bounding_box": [978, 304, 202, 215], "object_presence": 1}, "P106--speaker--clutter--Q5SZncpelJd_wFA_nR_8yoANfb1O4z8h_UkvHWgPz9M-00129.jpg": {"object_bounding_box": [975, 317, 208, 212], "object_presence": 1}, "P106--speaker--clutter--Q5SZncpelJd_wFA_nR_8yoANfb1O4z8h_UkvHWgPz9M-00130.jpg": {"object_bounding_box": [968, 330, 222, 211], "object_presence": 1}, "P106--speaker--clutter--Q5SZncpelJd_wFA_nR_8yoANfb1O4z8h_UkvHWgPz9M-00131.jpg": {"object_bounding_box": [967, 335, 225, 204], "object_presence": 1}, "P106--speaker--clutter--Q5SZncpelJd_wFA_nR_8yoANfb1O4z8h_UkvHWgPz9M-00132.jpg": {"object_bounding_box": [950, 356, 258, 196], "object_presence": 1}, "P106--speaker--clutter--Q5SZncpelJd_wFA_nR_8yoANfb1O4z8h_UkvHWgPz9M-00133.jpg": {"object_bounding_box": [930, 373, 299, 225], "object_presence": 1}, "P106--speaker--clutter--Q5SZncpelJd_wFA_nR_8yoANfb1O4z8h_UkvHWgPz9M-00134.jpg": {"object_bounding_box": [924, 345, 310, 241], "object_presence": 1}, "P106--speaker--clutter--Q5SZncpelJd_wFA_nR_8yoANfb1O4z8h_UkvHWgPz9M-00135.jpg": {"object_bounding_box": [920, 335, 319, 227], "object_presence": 1}, "P106--speaker--clutter--Q5SZncpelJd_wFA_nR_8yoANfb1O4z8h_UkvHWgPz9M-00136.jpg": {"object_bounding_box": [915, 331, 328, 237], "object_presence": 1}, "P106--speaker--clutter--Q5SZncpelJd_wFA_nR_8yoANfb1O4z8h_UkvHWgPz9M-00137.jpg": {"object_bounding_box": [911, 340, 337, 244], "object_presence": 1}, "P106--speaker--clutter--Q5SZncpelJd_wFA_nR_8yoANfb1O4z8h_UkvHWgPz9M-00138.jpg": {"object_bounding_box": [910, 335, 338, 241], "object_presence": 1}, "P106--speaker--clutter--Q5SZncpelJd_wFA_nR_8yoANfb1O4z8h_UkvHWgPz9M-00139.jpg": {"object_bounding_box": [903, 325, 353, 260], "object_presence": 1}, "P106--speaker--clutter--Q5SZncpelJd_wFA_nR_8yoANfb1O4z8h_UkvHWgPz9M-00140.jpg": {"object_bounding_box": [898, 321, 363, 260], "object_presence": 1}, "P106--speaker--clutter--Q5SZncpelJd_wFA_nR_8yoANfb1O4z8h_UkvHWgPz9M-00141.jpg": {"object_bounding_box": [891, 323, 377, 257], "object_presence": 1}, "P106--speaker--clutter--Q5SZncpelJd_wFA_nR_8yoANfb1O4z8h_UkvHWgPz9M-00142.jpg": {"object_bounding_box": [884, 312, 391, 262], "object_presence": 1}, "P106--speaker--clutter--Q5SZncpelJd_wFA_nR_8yoANfb1O4z8h_UkvHWgPz9M-00143.jpg": {"object_bounding_box": [880, 300, 398, 276], "object_presence": 1}, "P106--speaker--clutter--Q5SZncpelJd_wFA_nR_8yoANfb1O4z8h_UkvHWgPz9M-00144.jpg": {"object_bounding_box": [872, 296, 413, 275], "object_presence": 1}, "P106--speaker--clutter--Q5SZncpelJd_wFA_nR_8yoANfb1O4z8h_UkvHWgPz9M-00145.jpg": {"object_bounding_box": [867, 297, 423, 293], "object_presence": 1}, "P106--speaker--clutter--Q5SZncpelJd_wFA_nR_8yoANfb1O4z8h_UkvHWgPz9M-00146.jpg": {"object_bounding_box": [869, 288, 420, 293], "object_presence": 1}, "P106--speaker--clutter--Q5SZncpelJd_wFA_nR_8yoANfb1O4z8h_UkvHWgPz9M-00147.jpg": {"object_bounding_box": [870, 276, 418, 289], "object_presence": 1}, "P106--speaker--clutter--Q5SZncpelJd_wFA_nR_8yoANfb1O4z8h_UkvHWgPz9M-00148.jpg": {"object_bounding_box": [868, 284, 422, 294], "object_presence": 1}, "P106--speaker--clutter--Q5SZncpelJd_wFA_nR_8yoANfb1O4z8h_UkvHWgPz9M-00149.jpg": {"object_bounding_box": [869, 285, 420, 295], "object_presence": 1}, "P106--speaker--clutter--Q5SZncpelJd_wFA_nR_8yoANfb1O4z8h_UkvHWgPz9M-00150.jpg": {"object_bounding_box": [872, 285, 414, 300], "object_presence": 1}, "P106--speaker--clutter--Q5SZncpelJd_wFA_nR_8yoANfb1O4z8h_UkvHWgPz9M-00151.jpg": {"object_bounding_box": [870, 287, 418, 306], "object_presence": 1}, "P106--speaker--clutter--Q5SZncpelJd_wFA_nR_8yoANfb1O4z8h_UkvHWgPz9M-00152.jpg": {"object_bounding_box": [870, 281, 418, 309], "object_presence": 1}, "P106--speaker--clutter--Q5SZncpelJd_wFA_nR_8yoANfb1O4z8h_UkvHWgPz9M-00153.jpg": {"object_bounding_box": [868, 269, 423, 310], "object_presence": 1}, "P106--speaker--clutter--Q5SZncpelJd_wFA_nR_8yoANfb1O4z8h_UkvHWgPz9M-00154.jpg": {"object_bounding_box": [862, 261, 434, 301], "object_presence": 1}, "P106--speaker--clutter--Q5SZncpelJd_wFA_nR_8yoANfb1O4z8h_UkvHWgPz9M-00155.jpg": {"object_bounding_box": [862, 258, 435, 311], "object_presence": 1}, "P106--speaker--clutter--Q5SZncpelJd_wFA_nR_8yoANfb1O4z8h_UkvHWgPz9M-00156.jpg": {"object_bounding_box": [863, 257, 433, 315], "object_presence": 1}, "P106--speaker--clutter--Q5SZncpelJd_wFA_nR_8yoANfb1O4z8h_UkvHWgPz9M-00157.jpg": {"object_bounding_box": [864, 257, 431, 315], "object_presence": 1}, "P106--speaker--clutter--Q5SZncpelJd_wFA_nR_8yoANfb1O4z8h_UkvHWgPz9M-00158.jpg": {"object_bounding_box": [865, 259, 428, 313], "object_presence": 1}, "P106--speaker--clutter--Q5SZncpelJd_wFA_nR_8yoANfb1O4z8h_UkvHWgPz9M-00159.jpg": {"object_bounding_box": [868, 264, 422, 310], "object_presence": 1}, "P106--speaker--clutter--Q5SZncpelJd_wFA_nR_8yoANfb1O4z8h_UkvHWgPz9M-00160.jpg": {"object_bounding_box": [869, 269, 421, 313], "object_presence": 1}, "P106--speaker--clutter--Q5SZncpelJd_wFA_nR_8yoANfb1O4z8h_UkvHWgPz9M-00161.jpg": {"object_bounding_box": [868, 270, 422, 310], "object_presence": 1}, "P106--speaker--clutter--Q5SZncpelJd_wFA_nR_8yoANfb1O4z8h_UkvHWgPz9M-00162.jpg": {"object_bounding_box": [867, 273, 423, 310], "object_presence": 1}, "P106--speaker--clutter--Q5SZncpelJd_wFA_nR_8yoANfb1O4z8h_UkvHWgPz9M-00163.jpg": {"object_bounding_box": [869, 274, 420, 310], "object_presence": 1}, "P106--speaker--clutter--Q5SZncpelJd_wFA_nR_8yoANfb1O4z8h_UkvHWgPz9M-00164.jpg": {"object_bounding_box": [868, 279, 422, 310], "object_presence": 1}, "P106--speaker--clutter--Q5SZncpelJd_wFA_nR_8yoANfb1O4z8h_UkvHWgPz9M-00165.jpg": {"object_bounding_box": [870, 282, 419, 311], "object_presence": 1}, "P106--speaker--clutter--Q5SZncpelJd_wFA_nR_8yoANfb1O4z8h_UkvHWgPz9M-00166.jpg": {"object_bounding_box": [870, 288, 418, 311], "object_presence": 1}, "P106--speaker--clutter--Q5SZncpelJd_wFA_nR_8yoANfb1O4z8h_UkvHWgPz9M-00167.jpg": {"object_bounding_box": [869, 288, 420, 314], "object_presence": 1}, "P106--speaker--clutter--Q5SZncpelJd_wFA_nR_8yoANfb1O4z8h_UkvHWgPz9M-00168.jpg": {"object_bounding_box": [869, 291, 420, 312], "object_presence": 1}, "P106--speaker--clutter--Q5SZncpelJd_wFA_nR_8yoANfb1O4z8h_UkvHWgPz9M-00169.jpg": {"object_bounding_box": [872, 288, 415, 311], "object_presence": 1}, "P106--speaker--clutter--Q5SZncpelJd_wFA_nR_8yoANfb1O4z8h_UkvHWgPz9M-00170.jpg": {"object_bounding_box": [873, 288, 412, 308], "object_presence": 1}, "P106--speaker--clutter--Q5SZncpelJd_wFA_nR_8yoANfb1O4z8h_UkvHWgPz9M-00171.jpg": {"object_bounding_box": [876, 285, 407, 306], "object_presence": 1}, "P106--speaker--clutter--Q5SZncpelJd_wFA_nR_8yoANfb1O4z8h_UkvHWgPz9M-00172.jpg": {"object_bounding_box": [877, 279, 403, 299], "object_presence": 1}, "P106--speaker--clutter--Q5SZncpelJd_wFA_nR_8yoANfb1O4z8h_UkvHWgPz9M-00173.jpg": {"object_bounding_box": [884, 268, 391, 305], "object_presence": 1}, "P106--speaker--clutter--Q5SZncpelJd_wFA_nR_8yoANfb1O4z8h_UkvHWgPz9M-00174.jpg": {"object_bounding_box": [886, 262, 386, 306], "object_presence": 1}, "P106--speaker--clutter--Q5SZncpelJd_wFA_nR_8yoANfb1O4z8h_UkvHWgPz9M-00175.jpg": {"object_bounding_box": [888, 252, 382, 301], "object_presence": 1}, "P106--speaker--clutter--Q5SZncpelJd_wFA_nR_8yoANfb1O4z8h_UkvHWgPz9M-00176.jpg": {"object_bounding_box": [884, 241, 390, 302], "object_presence": 1}, "P106--speaker--clutter--Q5SZncpelJd_wFA_nR_8yoANfb1O4z8h_UkvHWgPz9M-00177.jpg": {"object_bounding_box": [884, 219, 390, 306], "object_presence": 1}, "P106--speaker--clutter--Q5SZncpelJd_wFA_nR_8yoANfb1O4z8h_UkvHWgPz9M-00178.jpg": {"object_bounding_box": [887, 201, 385, 305], "object_presence": 1}, "P106--speaker--clutter--Q5SZncpelJd_wFA_nR_8yoANfb1O4z8h_UkvHWgPz9M-00179.jpg": {"object_bounding_box": [892, 201, 375, 305], "object_presence": 1}, "P106--speaker--clutter--Q5SZncpelJd_wFA_nR_8yoANfb1O4z8h_UkvHWgPz9M-00180.jpg": {"object_bounding_box": [897, 200, 365, 306], "object_presence": 1}, "P106--speaker--clutter--Q5SZncpelJd_wFA_nR_8yoANfb1O4z8h_UkvHWgPz9M-00181.jpg": {"object_bounding_box": [900, 194, 358, 309], "object_presence": 1}, "P106--speaker--clutter--Q5SZncpelJd_wFA_nR_8yoANfb1O4z8h_UkvHWgPz9M-00182.jpg": {"object_bounding_box": [901, 185, 356, 306], "object_presence": 1}, "P106--speaker--clutter--Q5SZncpelJd_wFA_nR_8yoANfb1O4z8h_UkvHWgPz9M-00183.jpg": {"object_bounding_box": [899, 186, 359, 309], "object_presence": 1}, "P106--speaker--clutter--Q5SZncpelJd_wFA_nR_8yoANfb1O4z8h_UkvHWgPz9M-00184.jpg": {"object_bounding_box": [900, 184, 358, 310], "object_presence": 1}, "P106--speaker--clutter--Q5SZncpelJd_wFA_nR_8yoANfb1O4z8h_UkvHWgPz9M-00185.jpg": {"object_bounding_box": [902, 186, 355, 309], "object_presence": 1}, "P106--speaker--clutter--Q5SZncpelJd_wFA_nR_8yoANfb1O4z8h_UkvHWgPz9M-00186.jpg": {"object_bounding_box": [900, 183, 358, 304], "object_presence": 1}, "P106--speaker--clutter--Q5SZncpelJd_wFA_nR_8yoANfb1O4z8h_UkvHWgPz9M-00187.jpg": {"object_bounding_box": [902, 178, 355, 307], "object_presence": 1}, "P106--speaker--clutter--Q5SZncpelJd_wFA_nR_8yoANfb1O4z8h_UkvHWgPz9M-00188.jpg": {"object_bounding_box": [900, 179, 359, 296], "object_presence": 1}, "P106--speaker--clutter--Q5SZncpelJd_wFA_nR_8yoANfb1O4z8h_UkvHWgPz9M-00189.jpg": {"object_bounding_box": [902, 183, 354, 301], "object_presence": 1}, "P106--speaker--clutter--Q5SZncpelJd_wFA_nR_8yoANfb1O4z8h_UkvHWgPz9M-00190.jpg": {"object_bounding_box": [903, 191, 353, 301], "object_presence": 1}, "P106--speaker--clutter--Q5SZncpelJd_wFA_nR_8yoANfb1O4z8h_UkvHWgPz9M-00191.jpg": {"object_bounding_box": [903, 194, 353, 301], "object_presence": 1}, "P106--speaker--clutter--Q5SZncpelJd_wFA_nR_8yoANfb1O4z8h_UkvHWgPz9M-00192.jpg": {"object_bounding_box": [903, 202, 353, 299], "object_presence": 1}, "P106--speaker--clutter--Q5SZncpelJd_wFA_nR_8yoANfb1O4z8h_UkvHWgPz9M-00193.jpg": {"object_bounding_box": [902, 203, 354, 307], "object_presence": 1}, "P106--speaker--clutter--Q5SZncpelJd_wFA_nR_8yoANfb1O4z8h_UkvHWgPz9M-00194.jpg": {"object_bounding_box": [902, 203, 354, 306], "object_presence": 1}, "P106--speaker--clutter--Q5SZncpelJd_wFA_nR_8yoANfb1O4z8h_UkvHWgPz9M-00195.jpg": {"object_bounding_box": [903, 205, 353, 301], "object_presence": 1}, "P106--speaker--clutter--Q5SZncpelJd_wFA_nR_8yoANfb1O4z8h_UkvHWgPz9M-00196.jpg": {"object_bounding_box": [901, 208, 356, 305], "object_presence": 1}, "P106--speaker--clutter--Q5SZncpelJd_wFA_nR_8yoANfb1O4z8h_UkvHWgPz9M-00197.jpg": {"object_bounding_box": [904, 205, 351, 305], "object_presence": 1}, "P106--speaker--clutter--Q5SZncpelJd_wFA_nR_8yoANfb1O4z8h_UkvHWgPz9M-00198.jpg": {"object_bounding_box": [904, 204, 351, 306], "object_presence": 1}, "P106--speaker--clutter--Q5SZncpelJd_wFA_nR_8yoANfb1O4z8h_UkvHWgPz9M-00199.jpg": {"object_bounding_box": [904, 207, 349, 305], "object_presence": 1}, "P106--speaker--clutter--Q5SZncpelJd_wFA_nR_8yoANfb1O4z8h_UkvHWgPz9M-00200.jpg": {"object_bounding_box": [907, 205, 345, 305], "object_presence": 1}, "P106--speaker--clutter--Q5SZncpelJd_wFA_nR_8yoANfb1O4z8h_UkvHWgPz9M-00201.jpg": {"object_bounding_box": [909, 200, 340, 307], "object_presence": 1}, "P106--speaker--clutter--Q5SZncpelJd_wFA_nR_8yoANfb1O4z8h_UkvHWgPz9M-00202.jpg": {"object_bounding_box": [909, 200, 340, 308], "object_presence": 1}, "P106--speaker--clutter--Q5SZncpelJd_wFA_nR_8yoANfb1O4z8h_UkvHWgPz9M-00203.jpg": {"object_bounding_box": [911, 198, 336, 304], "object_presence": 1}, "P106--speaker--clutter--Q5SZncpelJd_wFA_nR_8yoANfb1O4z8h_UkvHWgPz9M-00204.jpg": {"object_bounding_box": [915, 195, 329, 303], "object_presence": 1}, "P106--speaker--clutter--Q5SZncpelJd_wFA_nR_8yoANfb1O4z8h_UkvHWgPz9M-00205.jpg": {"object_bounding_box": [917, 194, 325, 299], "object_presence": 1}, "P106--speaker--clutter--Q5SZncpelJd_wFA_nR_8yoANfb1O4z8h_UkvHWgPz9M-00206.jpg": {"object_bounding_box": [923, 187, 312, 301], "object_presence": 1}, "P106--speaker--clutter--Q5SZncpelJd_wFA_nR_8yoANfb1O4z8h_UkvHWgPz9M-00207.jpg": {"object_bounding_box": [923, 185, 312, 299], "object_presence": 1}, "P106--speaker--clutter--Q5SZncpelJd_wFA_nR_8yoANfb1O4z8h_UkvHWgPz9M-00208.jpg": {"object_bounding_box": [921, 178, 315, 305], "object_presence": 1}, "P106--speaker--clutter--Q5SZncpelJd_wFA_nR_8yoANfb1O4z8h_UkvHWgPz9M-00209.jpg": {"object_bounding_box": [935, 152, 288, 300], "object_presence": 1}, "P106--speaker--clutter--Q5SZncpelJd_wFA_nR_8yoANfb1O4z8h_UkvHWgPz9M-00210.jpg": {"object_bounding_box": [940, 164, 279, 290], "object_presence": 1}, "P106--speaker--clutter--Q5SZncpelJd_wFA_nR_8yoANfb1O4z8h_UkvHWgPz9M-00211.jpg": {"object_bounding_box": [940, 173, 279, 286], "object_presence": 1}, "P106--speaker--clutter--Q5SZncpelJd_wFA_nR_8yoANfb1O4z8h_UkvHWgPz9M-00212.jpg": {"object_bounding_box": [948, 177, 263, 293], "object_presence": 1}, "P106--speaker--clutter--Q5SZncpelJd_wFA_nR_8yoANfb1O4z8h_UkvHWgPz9M-00213.jpg": {"object_bounding_box": [939, 191, 281, 288], "object_presence": 1}, "P106--speaker--clutter--Q5SZncpelJd_wFA_nR_8yoANfb1O4z8h_UkvHWgPz9M-00214.jpg": {"object_bounding_box": [946, 169, 266, 299], "object_presence": 1}, "P106--speaker--clutter--Q5SZncpelJd_wFA_nR_8yoANfb1O4z8h_UkvHWgPz9M-00215.jpg": {"object_bounding_box": [944, 175, 271, 299], "object_presence": 1}, "P106--speaker--clutter--Q5SZncpelJd_wFA_nR_8yoANfb1O4z8h_UkvHWgPz9M-00216.jpg": {"object_bounding_box": [933, 181, 291, 295], "object_presence": 1}, "P106--speaker--clutter--Q5SZncpelJd_wFA_nR_8yoANfb1O4z8h_UkvHWgPz9M-00217.jpg": {"object_bounding_box": [926, 177, 306, 302], "object_presence": 1}, "P106--speaker--clutter--Q5SZncpelJd_wFA_nR_8yoANfb1O4z8h_UkvHWgPz9M-00218.jpg": {"object_bounding_box": [922, 179, 314, 307], "object_presence": 1}, "P106--speaker--clutter--Q5SZncpelJd_wFA_nR_8yoANfb1O4z8h_UkvHWgPz9M-00219.jpg": {"object_bounding_box": [922, 181, 315, 300], "object_presence": 1}}