{"P193--clear-nail-varnish--clutter--aAqCPlmDZjAN2HBmyJzILqzbsqWFqWEE95ywWEvhlcM-00001.jpg": {"object_bounding_box": [591, 575, 418, 692], "object_presence": 1}, "P193--clear-nail-varnish--clutter--aAqCPlmDZjAN2HBmyJzILqzbsqWFqWEE95ywWEvhlcM-00002.jpg": {"object_bounding_box": [593, 580, 414, 692], "object_presence": 1}, "P193--clear-nail-varnish--clutter--aAqCPlmDZjAN2HBmyJzILqzbsqWFqWEE95ywWEvhlcM-00003.jpg": {"object_bounding_box": [603, 592, 414, 691], "object_presence": 1}, "P193--clear-nail-varnish--clutter--aAqCPlmDZjAN2HBmyJzILqzbsqWFqWEE95ywWEvhlcM-00004.jpg": {"object_bounding_box": [608, 603, 416, 690], "object_presence": 1}, "P193--clear-nail-varnish--clutter--aAqCPlmDZjAN2HBmyJzILqzbsqWFqWEE95ywWEvhlcM-00005.jpg": {"object_bounding_box": [610, 609, 418, 693], "object_presence": 1}, "P193--clear-nail-varnish--clutter--aAqCPlmDZjAN2HBmyJzILqzbsqWFqWEE95ywWEvhlcM-00006.jpg": {"object_bounding_box": [612, 619, 418, 693], "object_presence": 1}, "P193--clear-nail-varnish--clutter--aAqCPlmDZjAN2HBmyJzILqzbsqWFqWEE95ywWEvhlcM-00007.jpg": {"object_bounding_box": [612, 620, 418, 693], "object_presence": 1}, "P193--clear-nail-varnish--clutter--aAqCPlmDZjAN2HBmyJzILqzbsqWFqWEE95ywWEvhlcM-00008.jpg": {"object_bounding_box": [616, 647, 414, 687], "object_presence": 1}, "P193--clear-nail-varnish--clutter--aAqCPlmDZjAN2HBmyJzILqzbsqWFqWEE95ywWEvhlcM-00009.jpg": {"object_bounding_box": [620, 643, 415, 685], "object_presence": 1}, "P193--clear-nail-varnish--clutter--aAqCPlmDZjAN2HBmyJzILqzbsqWFqWEE95ywWEvhlcM-00010.jpg": {"object_bounding_box": [619, 624, 413, 686], "object_presence": 1}, "P193--clear-nail-varnish--clutter--aAqCPlmDZjAN2HBmyJzILqzbsqWFqWEE95ywWEvhlcM-00011.jpg": {"object_bounding_box": [615, 611, 410, 682], "object_presence": 1}, "P193--clear-nail-varnish--clutter--aAqCPlmDZjAN2HBmyJzILqzbsqWFqWEE95ywWEvhlcM-00012.jpg": {"object_bounding_box": [619, 611, 406, 674], "object_presence": 1}, "P193--clear-nail-varnish--clutter--aAqCPlmDZjAN2HBmyJzILqzbsqWFqWEE95ywWEvhlcM-00013.jpg": {"object_bounding_box": [635, 617, 402, 672], "object_presence": 1}, "P193--clear-nail-varnish--clutter--aAqCPlmDZjAN2HBmyJzILqzbsqWFqWEE95ywWEvhlcM-00014.jpg": {"object_bounding_box": [654, 627, 402, 672], "object_presence": 1}, "P193--clear-nail-varnish--clutter--aAqCPlmDZjAN2HBmyJzILqzbsqWFqWEE95ywWEvhlcM-00015.jpg": {"object_bounding_box": [678, 634, 403, 676], "object_presence": 1}, "P193--clear-nail-varnish--clutter--aAqCPlmDZjAN2HBmyJzILqzbsqWFqWEE95ywWEvhlcM-00016.jpg": {"object_bounding_box": [695, 639, 408, 679], "object_presence": 1}, "P193--clear-nail-varnish--clutter--aAqCPlmDZjAN2HBmyJzILqzbsqWFqWEE95ywWEvhlcM-00017.jpg": {"object_bounding_box": [712, 647, 411, 685], "object_presence": 1}, "P193--clear-nail-varnish--clutter--aAqCPlmDZjAN2HBmyJzILqzbsqWFqWEE95ywWEvhlcM-00018.jpg": {"object_bounding_box": [726, 661, 407, 684], "object_presence": 1}, "P193--clear-nail-varnish--clutter--aAqCPlmDZjAN2HBmyJzILqzbsqWFqWEE95ywWEvhlcM-00019.jpg": {"object_bounding_box": [742, 682, 402, 676], "object_presence": 1}, "P193--clear-nail-varnish--clutter--aAqCPlmDZjAN2HBmyJzILqzbsqWFqWEE95ywWEvhlcM-00020.jpg": {"object_bounding_box": [751, 697, 396, 665], "object_presence": 1}, "P193--clear-nail-varnish--clutter--aAqCPlmDZjAN2HBmyJzILqzbsqWFqWEE95ywWEvhlcM-00021.jpg": {"object_bounding_box": [755, 703, 393, 657], "object_presence": 1}, "P193--clear-nail-varnish--clutter--aAqCPlmDZjAN2HBmyJzILqzbsqWFqWEE95ywWEvhlcM-00022.jpg": {"object_bounding_box": [758, 706, 388, 650], "object_presence": 1}, "P193--clear-nail-varnish--clutter--aAqCPlmDZjAN2HBmyJzILqzbsqWFqWEE95ywWEvhlcM-00023.jpg": {"object_bounding_box": [754, 706, 382, 638], "object_presence": 1}, "P193--clear-nail-varnish--clutter--aAqCPlmDZjAN2HBmyJzILqzbsqWFqWEE95ywWEvhlcM-00024.jpg": {"object_bounding_box": [747, 708, 371, 625], "object_presence": 1}, "P193--clear-nail-varnish--clutter--aAqCPlmDZjAN2HBmyJzILqzbsqWFqWEE95ywWEvhlcM-00025.jpg": {"object_bounding_box": [740, 711, 365, 610], "object_presence": 1}, "P193--clear-nail-varnish--clutter--aAqCPlmDZjAN2HBmyJzILqzbsqWFqWEE95ywWEvhlcM-00026.jpg": {"object_bounding_box": [728, 709, 357, 598], "object_presence": 1}, "P193--clear-nail-varnish--clutter--aAqCPlmDZjAN2HBmyJzILqzbsqWFqWEE95ywWEvhlcM-00027.jpg": {"object_bounding_box": [713, 707, 347, 586], "object_presence": 1}, "P193--clear-nail-varnish--clutter--aAqCPlmDZjAN2HBmyJzILqzbsqWFqWEE95ywWEvhlcM-00028.jpg": {"object_bounding_box": [700, 708, 342, 576], "object_presence": 1}, "P193--clear-nail-varnish--clutter--aAqCPlmDZjAN2HBmyJzILqzbsqWFqWEE95ywWEvhlcM-00029.jpg": {"object_bounding_box": [687, 712, 338, 568], "object_presence": 1}, "P193--clear-nail-varnish--clutter--aAqCPlmDZjAN2HBmyJzILqzbsqWFqWEE95ywWEvhlcM-00030.jpg": {"object_bounding_box": [673, 718, 332, 556], "object_presence": 1}, "P193--clear-nail-varnish--clutter--aAqCPlmDZjAN2HBmyJzILqzbsqWFqWEE95ywWEvhlcM-00031.jpg": {"object_bounding_box": [663, 725, 327, 549], "object_presence": 1}, "P193--clear-nail-varnish--clutter--aAqCPlmDZjAN2HBmyJzILqzbsqWFqWEE95ywWEvhlcM-00032.jpg": {"object_bounding_box": [655, 733, 320, 542], "object_presence": 1}, "P193--clear-nail-varnish--clutter--aAqCPlmDZjAN2HBmyJzILqzbsqWFqWEE95ywWEvhlcM-00033.jpg": {"object_bounding_box": [649, 735, 316, 535], "object_presence": 1}, "P193--clear-nail-varnish--clutter--aAqCPlmDZjAN2HBmyJzILqzbsqWFqWEE95ywWEvhlcM-00034.jpg": {"object_bounding_box": [645, 737, 312, 527], "object_presence": 1}, "P193--clear-nail-varnish--clutter--aAqCPlmDZjAN2HBmyJzILqzbsqWFqWEE95ywWEvhlcM-00035.jpg": {"object_bounding_box": [641, 733, 304, 518], "object_presence": 1}, "P193--clear-nail-varnish--clutter--aAqCPlmDZjAN2HBmyJzILqzbsqWFqWEE95ywWEvhlcM-00036.jpg": {"object_bounding_box": [646, 730, 302, 513], "object_presence": 1}, "P193--clear-nail-varnish--clutter--aAqCPlmDZjAN2HBmyJzILqzbsqWFqWEE95ywWEvhlcM-00037.jpg": {"object_bounding_box": [656, 724, 301, 508], "object_presence": 1}, "P193--clear-nail-varnish--clutter--aAqCPlmDZjAN2HBmyJzILqzbsqWFqWEE95ywWEvhlcM-00038.jpg": {"object_bounding_box": [663, 720, 297, 499], "object_presence": 1}, "P193--clear-nail-varnish--clutter--aAqCPlmDZjAN2HBmyJzILqzbsqWFqWEE95ywWEvhlcM-00039.jpg": {"object_bounding_box": [666, 713, 294, 492], "object_presence": 1}, "P193--clear-nail-varnish--clutter--aAqCPlmDZjAN2HBmyJzILqzbsqWFqWEE95ywWEvhlcM-00040.jpg": {"object_bounding_box": [671, 705, 288, 486], "object_presence": 1}, "P193--clear-nail-varnish--clutter--aAqCPlmDZjAN2HBmyJzILqzbsqWFqWEE95ywWEvhlcM-00041.jpg": {"object_bounding_box": [682, 697, 284, 478], "object_presence": 1}, "P193--clear-nail-varnish--clutter--aAqCPlmDZjAN2HBmyJzILqzbsqWFqWEE95ywWEvhlcM-00042.jpg": {"object_bounding_box": [688, 693, 280, 471], "object_presence": 1}, "P193--clear-nail-varnish--clutter--aAqCPlmDZjAN2HBmyJzILqzbsqWFqWEE95ywWEvhlcM-00043.jpg": {"object_bounding_box": [697, 688, 274, 464], "object_presence": 1}, "P193--clear-nail-varnish--clutter--aAqCPlmDZjAN2HBmyJzILqzbsqWFqWEE95ywWEvhlcM-00044.jpg": {"object_bounding_box": [704, 681, 269, 458], "object_presence": 1}, "P193--clear-nail-varnish--clutter--aAqCPlmDZjAN2HBmyJzILqzbsqWFqWEE95ywWEvhlcM-00045.jpg": {"object_bounding_box": [714, 677, 266, 450], "object_presence": 1}, "P193--clear-nail-varnish--clutter--aAqCPlmDZjAN2HBmyJzILqzbsqWFqWEE95ywWEvhlcM-00046.jpg": {"object_bounding_box": [725, 677, 261, 445], "object_presence": 1}, "P193--clear-nail-varnish--clutter--aAqCPlmDZjAN2HBmyJzILqzbsqWFqWEE95ywWEvhlcM-00047.jpg": {"object_bounding_box": [736, 680, 257, 437], "object_presence": 1}, "P193--clear-nail-varnish--clutter--aAqCPlmDZjAN2HBmyJzILqzbsqWFqWEE95ywWEvhlcM-00048.jpg": {"object_bounding_box": [749, 688, 254, 431], "object_presence": 1}, "P193--clear-nail-varnish--clutter--aAqCPlmDZjAN2HBmyJzILqzbsqWFqWEE95ywWEvhlcM-00049.jpg": {"object_bounding_box": [758, 695, 248, 425], "object_presence": 1}, "P193--clear-nail-varnish--clutter--aAqCPlmDZjAN2HBmyJzILqzbsqWFqWEE95ywWEvhlcM-00050.jpg": {"object_bounding_box": [769, 701, 243, 419], "object_presence": 1}, "P193--clear-nail-varnish--clutter--aAqCPlmDZjAN2HBmyJzILqzbsqWFqWEE95ywWEvhlcM-00051.jpg": {"object_bounding_box": [781, 702, 245, 418], "object_presence": 1}, "P193--clear-nail-varnish--clutter--aAqCPlmDZjAN2HBmyJzILqzbsqWFqWEE95ywWEvhlcM-00052.jpg": {"object_bounding_box": [786, 701, 242, 411], "object_presence": 1}, "P193--clear-nail-varnish--clutter--aAqCPlmDZjAN2HBmyJzILqzbsqWFqWEE95ywWEvhlcM-00053.jpg": {"object_bounding_box": [793, 701, 241, 405], "object_presence": 1}, "P193--clear-nail-varnish--clutter--aAqCPlmDZjAN2HBmyJzILqzbsqWFqWEE95ywWEvhlcM-00054.jpg": {"object_bounding_box": [798, 704, 238, 403], "object_presence": 1}, "P193--clear-nail-varnish--clutter--aAqCPlmDZjAN2HBmyJzILqzbsqWFqWEE95ywWEvhlcM-00055.jpg": {"object_bounding_box": [799, 699, 237, 397], "object_presence": 1}, "P193--clear-nail-varnish--clutter--aAqCPlmDZjAN2HBmyJzILqzbsqWFqWEE95ywWEvhlcM-00056.jpg": {"object_bounding_box": [796, 697, 235, 394], "object_presence": 1}, "P193--clear-nail-varnish--clutter--aAqCPlmDZjAN2HBmyJzILqzbsqWFqWEE95ywWEvhlcM-00057.jpg": {"object_bounding_box": [798, 705, 232, 393], "object_presence": 1}, "P193--clear-nail-varnish--clutter--aAqCPlmDZjAN2HBmyJzILqzbsqWFqWEE95ywWEvhlcM-00058.jpg": {"object_bounding_box": [796, 713, 228, 388], "object_presence": 1}, "P193--clear-nail-varnish--clutter--aAqCPlmDZjAN2HBmyJzILqzbsqWFqWEE95ywWEvhlcM-00059.jpg": {"object_bounding_box": [796, 722, 228, 385], "object_presence": 1}, "P193--clear-nail-varnish--clutter--aAqCPlmDZjAN2HBmyJzILqzbsqWFqWEE95ywWEvhlcM-00060.jpg": {"object_bounding_box": [794, 732, 225, 381], "object_presence": 1}, "P193--clear-nail-varnish--clutter--aAqCPlmDZjAN2HBmyJzILqzbsqWFqWEE95ywWEvhlcM-00061.jpg": {"object_bounding_box": [794, 741, 222, 373], "object_presence": 1}, "P193--clear-nail-varnish--clutter--aAqCPlmDZjAN2HBmyJzILqzbsqWFqWEE95ywWEvhlcM-00062.jpg": {"object_bounding_box": [792, 742, 223, 374], "object_presence": 1}, "P193--clear-nail-varnish--clutter--aAqCPlmDZjAN2HBmyJzILqzbsqWFqWEE95ywWEvhlcM-00063.jpg": {"object_bounding_box": [780, 737, 222, 371], "object_presence": 1}, "P193--clear-nail-varnish--clutter--aAqCPlmDZjAN2HBmyJzILqzbsqWFqWEE95ywWEvhlcM-00064.jpg": {"object_bounding_box": [766, 731, 217, 365], "object_presence": 1}, "P193--clear-nail-varnish--clutter--aAqCPlmDZjAN2HBmyJzILqzbsqWFqWEE95ywWEvhlcM-00065.jpg": {"object_bounding_box": [749, 725, 218, 363], "object_presence": 1}, "P193--clear-nail-varnish--clutter--aAqCPlmDZjAN2HBmyJzILqzbsqWFqWEE95ywWEvhlcM-00066.jpg": {"object_bounding_box": [731, 720, 213, 358], "object_presence": 1}, "P193--clear-nail-varnish--clutter--aAqCPlmDZjAN2HBmyJzILqzbsqWFqWEE95ywWEvhlcM-00067.jpg": {"object_bounding_box": [713, 717, 213, 351], "object_presence": 1}, "P193--clear-nail-varnish--clutter--aAqCPlmDZjAN2HBmyJzILqzbsqWFqWEE95ywWEvhlcM-00068.jpg": {"object_bounding_box": [704, 720, 206, 347], "object_presence": 1}, "P193--clear-nail-varnish--clutter--aAqCPlmDZjAN2HBmyJzILqzbsqWFqWEE95ywWEvhlcM-00069.jpg": {"object_bounding_box": [702, 727, 206, 345], "object_presence": 1}, "P193--clear-nail-varnish--clutter--aAqCPlmDZjAN2HBmyJzILqzbsqWFqWEE95ywWEvhlcM-00070.jpg": {"object_bounding_box": [697, 732, 204, 342], "object_presence": 1}, "P193--clear-nail-varnish--clutter--aAqCPlmDZjAN2HBmyJzILqzbsqWFqWEE95ywWEvhlcM-00071.jpg": {"object_bounding_box": [696, 729, 203, 338], "object_presence": 1}, "P193--clear-nail-varnish--clutter--aAqCPlmDZjAN2HBmyJzILqzbsqWFqWEE95ywWEvhlcM-00072.jpg": {"object_bounding_box": [694, 725, 202, 337], "object_presence": 1}, "P193--clear-nail-varnish--clutter--aAqCPlmDZjAN2HBmyJzILqzbsqWFqWEE95ywWEvhlcM-00073.jpg": {"object_bounding_box": [690, 726, 199, 333], "object_presence": 1}, "P193--clear-nail-varnish--clutter--aAqCPlmDZjAN2HBmyJzILqzbsqWFqWEE95ywWEvhlcM-00074.jpg": {"object_bounding_box": [689, 728, 198, 330], "object_presence": 1}, "P193--clear-nail-varnish--clutter--aAqCPlmDZjAN2HBmyJzILqzbsqWFqWEE95ywWEvhlcM-00075.jpg": {"object_bounding_box": [690, 731, 197, 328], "object_presence": 1}, "P193--clear-nail-varnish--clutter--aAqCPlmDZjAN2HBmyJzILqzbsqWFqWEE95ywWEvhlcM-00076.jpg": {"object_bounding_box": [688, 733, 194, 326], "object_presence": 1}, "P193--clear-nail-varnish--clutter--aAqCPlmDZjAN2HBmyJzILqzbsqWFqWEE95ywWEvhlcM-00077.jpg": {"object_bounding_box": [683, 733, 193, 324], "object_presence": 1}, "P193--clear-nail-varnish--clutter--aAqCPlmDZjAN2HBmyJzILqzbsqWFqWEE95ywWEvhlcM-00078.jpg": {"object_bounding_box": [679, 729, 192, 322], "object_presence": 1}, "P193--clear-nail-varnish--clutter--aAqCPlmDZjAN2HBmyJzILqzbsqWFqWEE95ywWEvhlcM-00079.jpg": {"object_bounding_box": [673, 726, 190, 319], "object_presence": 1}, "P193--clear-nail-varnish--clutter--aAqCPlmDZjAN2HBmyJzILqzbsqWFqWEE95ywWEvhlcM-00080.jpg": {"object_bounding_box": [670, 729, 188, 317], "object_presence": 1}, "P193--clear-nail-varnish--clutter--aAqCPlmDZjAN2HBmyJzILqzbsqWFqWEE95ywWEvhlcM-00081.jpg": {"object_bounding_box": [671, 737, 185, 313], "object_presence": 1}, "P193--clear-nail-varnish--clutter--aAqCPlmDZjAN2HBmyJzILqzbsqWFqWEE95ywWEvhlcM-00082.jpg": {"object_bounding_box": [668, 740, 182, 310], "object_presence": 1}, "P193--clear-nail-varnish--clutter--aAqCPlmDZjAN2HBmyJzILqzbsqWFqWEE95ywWEvhlcM-00083.jpg": {"object_bounding_box": [660, 738, 182, 308], "object_presence": 1}, "P193--clear-nail-varnish--clutter--aAqCPlmDZjAN2HBmyJzILqzbsqWFqWEE95ywWEvhlcM-00084.jpg": {"object_bounding_box": [650, 735, 179, 305], "object_presence": 1}, "P193--clear-nail-varnish--clutter--aAqCPlmDZjAN2HBmyJzILqzbsqWFqWEE95ywWEvhlcM-00085.jpg": {"object_bounding_box": [642, 733, 179, 301], "object_presence": 1}, "P193--clear-nail-varnish--clutter--aAqCPlmDZjAN2HBmyJzILqzbsqWFqWEE95ywWEvhlcM-00086.jpg": {"object_bounding_box": [631, 731, 174, 297], "object_presence": 1}, "P193--clear-nail-varnish--clutter--aAqCPlmDZjAN2HBmyJzILqzbsqWFqWEE95ywWEvhlcM-00087.jpg": {"object_bounding_box": [624, 726, 172, 292], "object_presence": 1}, "P193--clear-nail-varnish--clutter--aAqCPlmDZjAN2HBmyJzILqzbsqWFqWEE95ywWEvhlcM-00088.jpg": {"object_bounding_box": [618, 723, 169, 291], "object_presence": 1}, "P193--clear-nail-varnish--clutter--aAqCPlmDZjAN2HBmyJzILqzbsqWFqWEE95ywWEvhlcM-00089.jpg": {"object_bounding_box": [618, 722, 169, 288], "object_presence": 1}, "P193--clear-nail-varnish--clutter--aAqCPlmDZjAN2HBmyJzILqzbsqWFqWEE95ywWEvhlcM-00090.jpg": {"object_bounding_box": [618, 716, 166, 285], "object_presence": 1}, "P193--clear-nail-varnish--clutter--aAqCPlmDZjAN2HBmyJzILqzbsqWFqWEE95ywWEvhlcM-00091.jpg": {"object_bounding_box": [622, 715, 165, 283], "object_presence": 1}, "P193--clear-nail-varnish--clutter--aAqCPlmDZjAN2HBmyJzILqzbsqWFqWEE95ywWEvhlcM-00092.jpg": {"object_bounding_box": [630, 715, 163, 282], "object_presence": 1}, "P193--clear-nail-varnish--clutter--aAqCPlmDZjAN2HBmyJzILqzbsqWFqWEE95ywWEvhlcM-00093.jpg": {"object_bounding_box": [634, 711, 165, 284], "object_presence": 1}, "P193--clear-nail-varnish--clutter--aAqCPlmDZjAN2HBmyJzILqzbsqWFqWEE95ywWEvhlcM-00094.jpg": {"object_bounding_box": [636, 705, 165, 283], "object_presence": 1}, "P193--clear-nail-varnish--clutter--aAqCPlmDZjAN2HBmyJzILqzbsqWFqWEE95ywWEvhlcM-00095.jpg": {"object_bounding_box": [638, 704, 164, 282], "object_presence": 1}, "P193--clear-nail-varnish--clutter--aAqCPlmDZjAN2HBmyJzILqzbsqWFqWEE95ywWEvhlcM-00096.jpg": {"object_bounding_box": [637, 701, 163, 282], "object_presence": 1}, "P193--clear-nail-varnish--clutter--aAqCPlmDZjAN2HBmyJzILqzbsqWFqWEE95ywWEvhlcM-00097.jpg": {"object_bounding_box": [633, 693, 163, 282], "object_presence": 1}, "P193--clear-nail-varnish--clutter--aAqCPlmDZjAN2HBmyJzILqzbsqWFqWEE95ywWEvhlcM-00098.jpg": {"object_bounding_box": [631, 690, 163, 280], "object_presence": 1}, "P193--clear-nail-varnish--clutter--aAqCPlmDZjAN2HBmyJzILqzbsqWFqWEE95ywWEvhlcM-00099.jpg": {"object_bounding_box": [627, 691, 162, 278], "object_presence": 1}, "P193--clear-nail-varnish--clutter--aAqCPlmDZjAN2HBmyJzILqzbsqWFqWEE95ywWEvhlcM-00100.jpg": {"object_bounding_box": [621, 694, 160, 276], "object_presence": 1}, "P193--clear-nail-varnish--clutter--aAqCPlmDZjAN2HBmyJzILqzbsqWFqWEE95ywWEvhlcM-00101.jpg": {"object_bounding_box": [614, 694, 158, 274], "object_presence": 1}, "P193--clear-nail-varnish--clutter--aAqCPlmDZjAN2HBmyJzILqzbsqWFqWEE95ywWEvhlcM-00102.jpg": {"object_bounding_box": [602, 692, 154, 271], "object_presence": 1}, "P193--clear-nail-varnish--clutter--aAqCPlmDZjAN2HBmyJzILqzbsqWFqWEE95ywWEvhlcM-00103.jpg": {"object_bounding_box": [595, 691, 155, 271], "object_presence": 1}, "P193--clear-nail-varnish--clutter--aAqCPlmDZjAN2HBmyJzILqzbsqWFqWEE95ywWEvhlcM-00104.jpg": {"object_bounding_box": [587, 687, 154, 269], "object_presence": 1}, "P193--clear-nail-varnish--clutter--aAqCPlmDZjAN2HBmyJzILqzbsqWFqWEE95ywWEvhlcM-00105.jpg": {"object_bounding_box": [580, 684, 153, 266], "object_presence": 1}, "P193--clear-nail-varnish--clutter--aAqCPlmDZjAN2HBmyJzILqzbsqWFqWEE95ywWEvhlcM-00106.jpg": {"object_bounding_box": [577, 682, 152, 266], "object_presence": 1}, "P193--clear-nail-varnish--clutter--aAqCPlmDZjAN2HBmyJzILqzbsqWFqWEE95ywWEvhlcM-00107.jpg": {"object_bounding_box": [573, 685, 151, 264], "object_presence": 1}, "P193--clear-nail-varnish--clutter--aAqCPlmDZjAN2HBmyJzILqzbsqWFqWEE95ywWEvhlcM-00108.jpg": {"object_bounding_box": [573, 691, 149, 261], "object_presence": 1}, "P193--clear-nail-varnish--clutter--aAqCPlmDZjAN2HBmyJzILqzbsqWFqWEE95ywWEvhlcM-00109.jpg": {"object_bounding_box": [572, 694, 148, 259], "object_presence": 1}, "P193--clear-nail-varnish--clutter--aAqCPlmDZjAN2HBmyJzILqzbsqWFqWEE95ywWEvhlcM-00110.jpg": {"object_bounding_box": [572, 697, 146, 258], "object_presence": 1}, "P193--clear-nail-varnish--clutter--aAqCPlmDZjAN2HBmyJzILqzbsqWFqWEE95ywWEvhlcM-00111.jpg": {"object_bounding_box": [574, 704, 144, 256], "object_presence": 1}, "P193--clear-nail-varnish--clutter--aAqCPlmDZjAN2HBmyJzILqzbsqWFqWEE95ywWEvhlcM-00112.jpg": {"object_bounding_box": [575, 706, 143, 255], "object_presence": 1}, "P193--clear-nail-varnish--clutter--aAqCPlmDZjAN2HBmyJzILqzbsqWFqWEE95ywWEvhlcM-00113.jpg": {"object_bounding_box": [574, 705, 142, 254], "object_presence": 1}, "P193--clear-nail-varnish--clutter--aAqCPlmDZjAN2HBmyJzILqzbsqWFqWEE95ywWEvhlcM-00114.jpg": {"object_bounding_box": [574, 706, 141, 252], "object_presence": 1}, "P193--clear-nail-varnish--clutter--aAqCPlmDZjAN2HBmyJzILqzbsqWFqWEE95ywWEvhlcM-00115.jpg": {"object_bounding_box": [572, 707, 141, 250], "object_presence": 1}, "P193--clear-nail-varnish--clutter--aAqCPlmDZjAN2HBmyJzILqzbsqWFqWEE95ywWEvhlcM-00116.jpg": {"object_bounding_box": [571, 704, 140, 248], "object_presence": 1}, "P193--clear-nail-varnish--clutter--aAqCPlmDZjAN2HBmyJzILqzbsqWFqWEE95ywWEvhlcM-00117.jpg": {"object_bounding_box": [569, 701, 138, 247], "object_presence": 1}, "P193--clear-nail-varnish--clutter--aAqCPlmDZjAN2HBmyJzILqzbsqWFqWEE95ywWEvhlcM-00118.jpg": {"object_bounding_box": [568, 701, 137, 245], "object_presence": 1}, "P193--clear-nail-varnish--clutter--aAqCPlmDZjAN2HBmyJzILqzbsqWFqWEE95ywWEvhlcM-00119.jpg": {"object_bounding_box": [569, 696, 137, 244], "object_presence": 1}, "P193--clear-nail-varnish--clutter--aAqCPlmDZjAN2HBmyJzILqzbsqWFqWEE95ywWEvhlcM-00120.jpg": {"object_bounding_box": [569, 694, 135, 242], "object_presence": 1}, "P193--clear-nail-varnish--clutter--aAqCPlmDZjAN2HBmyJzILqzbsqWFqWEE95ywWEvhlcM-00121.jpg": {"object_bounding_box": [572, 694, 135, 241], "object_presence": 1}, "P193--clear-nail-varnish--clutter--aAqCPlmDZjAN2HBmyJzILqzbsqWFqWEE95ywWEvhlcM-00122.jpg": {"object_bounding_box": [572, 695, 135, 239], "object_presence": 1}, "P193--clear-nail-varnish--clutter--aAqCPlmDZjAN2HBmyJzILqzbsqWFqWEE95ywWEvhlcM-00123.jpg": {"object_bounding_box": [575, 698, 134, 238], "object_presence": 1}, "P193--clear-nail-varnish--clutter--aAqCPlmDZjAN2HBmyJzILqzbsqWFqWEE95ywWEvhlcM-00124.jpg": {"object_bounding_box": [578, 699, 133, 236], "object_presence": 1}, "P193--clear-nail-varnish--clutter--aAqCPlmDZjAN2HBmyJzILqzbsqWFqWEE95ywWEvhlcM-00125.jpg": {"object_bounding_box": [581, 703, 130, 234], "object_presence": 1}, "P193--clear-nail-varnish--clutter--aAqCPlmDZjAN2HBmyJzILqzbsqWFqWEE95ywWEvhlcM-00126.jpg": {"object_bounding_box": [584, 705, 130, 232], "object_presence": 1}, "P193--clear-nail-varnish--clutter--aAqCPlmDZjAN2HBmyJzILqzbsqWFqWEE95ywWEvhlcM-00127.jpg": {"object_bounding_box": [587, 701, 128, 230], "object_presence": 1}, "P193--clear-nail-varnish--clutter--aAqCPlmDZjAN2HBmyJzILqzbsqWFqWEE95ywWEvhlcM-00128.jpg": {"object_bounding_box": [591, 701, 128, 229], "object_presence": 1}, "P193--clear-nail-varnish--clutter--aAqCPlmDZjAN2HBmyJzILqzbsqWFqWEE95ywWEvhlcM-00129.jpg": {"object_bounding_box": [594, 697, 127, 227], "object_presence": 1}, "P193--clear-nail-varnish--clutter--aAqCPlmDZjAN2HBmyJzILqzbsqWFqWEE95ywWEvhlcM-00130.jpg": {"object_bounding_box": [597, 694, 127, 226], "object_presence": 1}, "P193--clear-nail-varnish--clutter--aAqCPlmDZjAN2HBmyJzILqzbsqWFqWEE95ywWEvhlcM-00131.jpg": {"object_bounding_box": [594, 685, 126, 224], "object_presence": 1}, "P193--clear-nail-varnish--clutter--aAqCPlmDZjAN2HBmyJzILqzbsqWFqWEE95ywWEvhlcM-00132.jpg": {"object_bounding_box": [593, 678, 125, 221], "object_presence": 1}, "P193--clear-nail-varnish--clutter--aAqCPlmDZjAN2HBmyJzILqzbsqWFqWEE95ywWEvhlcM-00133.jpg": {"object_bounding_box": [592, 675, 124, 220], "object_presence": 1}, "P193--clear-nail-varnish--clutter--aAqCPlmDZjAN2HBmyJzILqzbsqWFqWEE95ywWEvhlcM-00134.jpg": {"object_bounding_box": [597, 673, 122, 218], "object_presence": 1}, "P193--clear-nail-varnish--clutter--aAqCPlmDZjAN2HBmyJzILqzbsqWFqWEE95ywWEvhlcM-00135.jpg": {"object_bounding_box": [600, 670, 122, 217], "object_presence": 1}, "P193--clear-nail-varnish--clutter--aAqCPlmDZjAN2HBmyJzILqzbsqWFqWEE95ywWEvhlcM-00136.jpg": {"object_bounding_box": [597, 658, 120, 217], "object_presence": 1}, "P193--clear-nail-varnish--clutter--aAqCPlmDZjAN2HBmyJzILqzbsqWFqWEE95ywWEvhlcM-00137.jpg": {"object_bounding_box": [600, 661, 119, 216], "object_presence": 1}, "P193--clear-nail-varnish--clutter--aAqCPlmDZjAN2HBmyJzILqzbsqWFqWEE95ywWEvhlcM-00138.jpg": {"object_bounding_box": [610, 673, 116, 211], "object_presence": 1}, "P193--clear-nail-varnish--clutter--aAqCPlmDZjAN2HBmyJzILqzbsqWFqWEE95ywWEvhlcM-00139.jpg": {"object_bounding_box": [608, 670, 115, 209], "object_presence": 1}, "P193--clear-nail-varnish--clutter--aAqCPlmDZjAN2HBmyJzILqzbsqWFqWEE95ywWEvhlcM-00140.jpg": {"object_bounding_box": [604, 665, 113, 206], "object_presence": 1}, "P193--clear-nail-varnish--clutter--aAqCPlmDZjAN2HBmyJzILqzbsqWFqWEE95ywWEvhlcM-00141.jpg": {"object_bounding_box": [598, 659, 113, 205], "object_presence": 1}, "P193--clear-nail-varnish--clutter--aAqCPlmDZjAN2HBmyJzILqzbsqWFqWEE95ywWEvhlcM-00142.jpg": {"object_bounding_box": [587, 655, 111, 204], "object_presence": 1}, "P193--clear-nail-varnish--clutter--aAqCPlmDZjAN2HBmyJzILqzbsqWFqWEE95ywWEvhlcM-00143.jpg": {"object_bounding_box": [580, 656, 110, 200], "object_presence": 1}, "P193--clear-nail-varnish--clutter--aAqCPlmDZjAN2HBmyJzILqzbsqWFqWEE95ywWEvhlcM-00144.jpg": {"object_bounding_box": [573, 662, 109, 199], "object_presence": 1}, "P193--clear-nail-varnish--clutter--aAqCPlmDZjAN2HBmyJzILqzbsqWFqWEE95ywWEvhlcM-00145.jpg": {"object_bounding_box": [574, 669, 109, 197], "object_presence": 1}, "P193--clear-nail-varnish--clutter--aAqCPlmDZjAN2HBmyJzILqzbsqWFqWEE95ywWEvhlcM-00146.jpg": {"object_bounding_box": [573, 672, 107, 194], "object_presence": 1}, "P193--clear-nail-varnish--clutter--aAqCPlmDZjAN2HBmyJzILqzbsqWFqWEE95ywWEvhlcM-00147.jpg": {"object_bounding_box": [573, 670, 107, 193], "object_presence": 1}, "P193--clear-nail-varnish--clutter--aAqCPlmDZjAN2HBmyJzILqzbsqWFqWEE95ywWEvhlcM-00148.jpg": {"object_bounding_box": [572, 665, 107, 191], "object_presence": 1}, "P193--clear-nail-varnish--clutter--aAqCPlmDZjAN2HBmyJzILqzbsqWFqWEE95ywWEvhlcM-00149.jpg": {"object_bounding_box": [570, 661, 106, 189], "object_presence": 1}, "P193--clear-nail-varnish--clutter--aAqCPlmDZjAN2HBmyJzILqzbsqWFqWEE95ywWEvhlcM-00150.jpg": {"object_bounding_box": [570, 658, 105, 186], "object_presence": 1}, "P193--clear-nail-varnish--clutter--aAqCPlmDZjAN2HBmyJzILqzbsqWFqWEE95ywWEvhlcM-00151.jpg": {"object_bounding_box": [560, 650, 102, 186], "object_presence": 1}, "P193--clear-nail-varnish--clutter--aAqCPlmDZjAN2HBmyJzILqzbsqWFqWEE95ywWEvhlcM-00152.jpg": {"object_bounding_box": [551, 637, 101, 185], "object_presence": 1}, "P193--clear-nail-varnish--clutter--aAqCPlmDZjAN2HBmyJzILqzbsqWFqWEE95ywWEvhlcM-00153.jpg": {"object_bounding_box": [553, 631, 99, 181], "object_presence": 1}, "P193--clear-nail-varnish--clutter--aAqCPlmDZjAN2HBmyJzILqzbsqWFqWEE95ywWEvhlcM-00154.jpg": {"object_bounding_box": [556, 630, 100, 180], "object_presence": 1}, "P193--clear-nail-varnish--clutter--aAqCPlmDZjAN2HBmyJzILqzbsqWFqWEE95ywWEvhlcM-00155.jpg": {"object_bounding_box": [561, 629, 97, 178], "object_presence": 1}, "P193--clear-nail-varnish--clutter--aAqCPlmDZjAN2HBmyJzILqzbsqWFqWEE95ywWEvhlcM-00156.jpg": {"object_bounding_box": [563, 626, 97, 176], "object_presence": 1}, "P193--clear-nail-varnish--clutter--aAqCPlmDZjAN2HBmyJzILqzbsqWFqWEE95ywWEvhlcM-00157.jpg": {"object_bounding_box": [564, 624, 97, 175], "object_presence": 1}, "P193--clear-nail-varnish--clutter--aAqCPlmDZjAN2HBmyJzILqzbsqWFqWEE95ywWEvhlcM-00158.jpg": {"object_bounding_box": [563, 623, 96, 174], "object_presence": 1}, "P193--clear-nail-varnish--clutter--aAqCPlmDZjAN2HBmyJzILqzbsqWFqWEE95ywWEvhlcM-00159.jpg": {"object_bounding_box": [559, 618, 96, 173], "object_presence": 1}, "P193--clear-nail-varnish--clutter--aAqCPlmDZjAN2HBmyJzILqzbsqWFqWEE95ywWEvhlcM-00160.jpg": {"object_bounding_box": [555, 616, 95, 172], "object_presence": 1}, "P193--clear-nail-varnish--clutter--aAqCPlmDZjAN2HBmyJzILqzbsqWFqWEE95ywWEvhlcM-00161.jpg": {"object_bounding_box": [552, 619, 93, 170], "object_presence": 1}, "P193--clear-nail-varnish--clutter--aAqCPlmDZjAN2HBmyJzILqzbsqWFqWEE95ywWEvhlcM-00162.jpg": {"object_bounding_box": [548, 622, 93, 169], "object_presence": 1}, "P193--clear-nail-varnish--clutter--aAqCPlmDZjAN2HBmyJzILqzbsqWFqWEE95ywWEvhlcM-00163.jpg": {"object_bounding_box": [546, 623, 92, 167], "object_presence": 1}, "P193--clear-nail-varnish--clutter--aAqCPlmDZjAN2HBmyJzILqzbsqWFqWEE95ywWEvhlcM-00164.jpg": {"object_bounding_box": [541, 620, 92, 166], "object_presence": 1}, "P193--clear-nail-varnish--clutter--aAqCPlmDZjAN2HBmyJzILqzbsqWFqWEE95ywWEvhlcM-00165.jpg": {"object_bounding_box": [539, 620, 91, 165], "object_presence": 1}, "P193--clear-nail-varnish--clutter--aAqCPlmDZjAN2HBmyJzILqzbsqWFqWEE95ywWEvhlcM-00166.jpg": {"object_bounding_box": [537, 622, 92, 163], "object_presence": 1}, "P193--clear-nail-varnish--clutter--aAqCPlmDZjAN2HBmyJzILqzbsqWFqWEE95ywWEvhlcM-00167.jpg": {"object_bounding_box": [538, 627, 91, 163], "object_presence": 1}, "P193--clear-nail-varnish--clutter--aAqCPlmDZjAN2HBmyJzILqzbsqWFqWEE95ywWEvhlcM-00168.jpg": {"object_bounding_box": [539, 629, 90, 161], "object_presence": 1}, "P193--clear-nail-varnish--clutter--aAqCPlmDZjAN2HBmyJzILqzbsqWFqWEE95ywWEvhlcM-00169.jpg": {"object_bounding_box": [541, 630, 90, 161], "object_presence": 1}, "P193--clear-nail-varnish--clutter--aAqCPlmDZjAN2HBmyJzILqzbsqWFqWEE95ywWEvhlcM-00170.jpg": {"object_bounding_box": [543, 629, 89, 160], "object_presence": 1}, "P193--clear-nail-varnish--clutter--aAqCPlmDZjAN2HBmyJzILqzbsqWFqWEE95ywWEvhlcM-00171.jpg": {"object_bounding_box": [546, 631, 88, 159], "object_presence": 1}, "P193--clear-nail-varnish--clutter--aAqCPlmDZjAN2HBmyJzILqzbsqWFqWEE95ywWEvhlcM-00172.jpg": {"object_bounding_box": [549, 631, 89, 157], "object_presence": 1}, "P193--clear-nail-varnish--clutter--aAqCPlmDZjAN2HBmyJzILqzbsqWFqWEE95ywWEvhlcM-00173.jpg": {"object_bounding_box": [551, 632, 89, 157], "object_presence": 1}, "P193--clear-nail-varnish--clutter--aAqCPlmDZjAN2HBmyJzILqzbsqWFqWEE95ywWEvhlcM-00174.jpg": {"object_bounding_box": [552, 637, 88, 157], "object_presence": 1}, "P193--clear-nail-varnish--clutter--aAqCPlmDZjAN2HBmyJzILqzbsqWFqWEE95ywWEvhlcM-00175.jpg": {"object_bounding_box": [552, 641, 88, 156], "object_presence": 1}, "P193--clear-nail-varnish--clutter--aAqCPlmDZjAN2HBmyJzILqzbsqWFqWEE95ywWEvhlcM-00176.jpg": {"object_bounding_box": [547, 638, 88, 155], "object_presence": 1}, "P193--clear-nail-varnish--clutter--aAqCPlmDZjAN2HBmyJzILqzbsqWFqWEE95ywWEvhlcM-00177.jpg": {"object_bounding_box": [541, 638, 87, 154], "object_presence": 1}, "P193--clear-nail-varnish--clutter--aAqCPlmDZjAN2HBmyJzILqzbsqWFqWEE95ywWEvhlcM-00178.jpg": {"object_bounding_box": [536, 639, 86, 153], "object_presence": 1}, "P193--clear-nail-varnish--clutter--aAqCPlmDZjAN2HBmyJzILqzbsqWFqWEE95ywWEvhlcM-00179.jpg": {"object_bounding_box": [528, 641, 86, 151], "object_presence": 1}, "P193--clear-nail-varnish--clutter--aAqCPlmDZjAN2HBmyJzILqzbsqWFqWEE95ywWEvhlcM-00180.jpg": {"object_bounding_box": [521, 641, 85, 152], "object_presence": 1}, "P193--clear-nail-varnish--clutter--aAqCPlmDZjAN2HBmyJzILqzbsqWFqWEE95ywWEvhlcM-00181.jpg": {"object_bounding_box": [510, 639, 84, 151], "object_presence": 1}, "P193--clear-nail-varnish--clutter--aAqCPlmDZjAN2HBmyJzILqzbsqWFqWEE95ywWEvhlcM-00182.jpg": {"object_bounding_box": [504, 644, 82, 150], "object_presence": 1}, "P193--clear-nail-varnish--clutter--aAqCPlmDZjAN2HBmyJzILqzbsqWFqWEE95ywWEvhlcM-00183.jpg": {"object_bounding_box": [498, 651, 83, 149], "object_presence": 1}, "P193--clear-nail-varnish--clutter--aAqCPlmDZjAN2HBmyJzILqzbsqWFqWEE95ywWEvhlcM-00184.jpg": {"object_bounding_box": [495, 654, 81, 147], "object_presence": 1}, "P193--clear-nail-varnish--clutter--aAqCPlmDZjAN2HBmyJzILqzbsqWFqWEE95ywWEvhlcM-00185.jpg": {"object_bounding_box": [494, 659, 81, 147], "object_presence": 1}, "P193--clear-nail-varnish--clutter--aAqCPlmDZjAN2HBmyJzILqzbsqWFqWEE95ywWEvhlcM-00186.jpg": {"object_bounding_box": [495, 666, 81, 147], "object_presence": 1}, "P193--clear-nail-varnish--clutter--aAqCPlmDZjAN2HBmyJzILqzbsqWFqWEE95ywWEvhlcM-00187.jpg": {"object_bounding_box": [494, 668, 82, 146], "object_presence": 1}, "P193--clear-nail-varnish--clutter--aAqCPlmDZjAN2HBmyJzILqzbsqWFqWEE95ywWEvhlcM-00188.jpg": {"object_bounding_box": [497, 673, 80, 146], "object_presence": 1}, "P193--clear-nail-varnish--clutter--aAqCPlmDZjAN2HBmyJzILqzbsqWFqWEE95ywWEvhlcM-00189.jpg": {"object_bounding_box": [497, 674, 81, 145], "object_presence": 1}, "P193--clear-nail-varnish--clutter--aAqCPlmDZjAN2HBmyJzILqzbsqWFqWEE95ywWEvhlcM-00190.jpg": {"object_bounding_box": [500, 676, 80, 145], "object_presence": 1}, "P193--clear-nail-varnish--clutter--aAqCPlmDZjAN2HBmyJzILqzbsqWFqWEE95ywWEvhlcM-00191.jpg": {"object_bounding_box": [506, 678, 81, 144], "object_presence": 1}, "P193--clear-nail-varnish--clutter--aAqCPlmDZjAN2HBmyJzILqzbsqWFqWEE95ywWEvhlcM-00192.jpg": {"object_bounding_box": [514, 678, 80, 144], "object_presence": 1}, "P193--clear-nail-varnish--clutter--aAqCPlmDZjAN2HBmyJzILqzbsqWFqWEE95ywWEvhlcM-00193.jpg": {"object_bounding_box": [516, 673, 80, 144], "object_presence": 1}, "P193--clear-nail-varnish--clutter--aAqCPlmDZjAN2HBmyJzILqzbsqWFqWEE95ywWEvhlcM-00194.jpg": {"object_bounding_box": [518, 672, 81, 143], "object_presence": 1}, "P193--clear-nail-varnish--clutter--aAqCPlmDZjAN2HBmyJzILqzbsqWFqWEE95ywWEvhlcM-00195.jpg": {"object_bounding_box": [520, 677, 80, 143], "object_presence": 1}, "P193--clear-nail-varnish--clutter--aAqCPlmDZjAN2HBmyJzILqzbsqWFqWEE95ywWEvhlcM-00196.jpg": {"object_bounding_box": [521, 676, 79, 143], "object_presence": 1}, "P193--clear-nail-varnish--clutter--aAqCPlmDZjAN2HBmyJzILqzbsqWFqWEE95ywWEvhlcM-00197.jpg": {"object_bounding_box": [530, 675, 81, 143], "object_presence": 1}, "P193--clear-nail-varnish--clutter--aAqCPlmDZjAN2HBmyJzILqzbsqWFqWEE95ywWEvhlcM-00198.jpg": {"object_bounding_box": [534, 677, 80, 143], "object_presence": 1}, "P193--clear-nail-varnish--clutter--aAqCPlmDZjAN2HBmyJzILqzbsqWFqWEE95ywWEvhlcM-00199.jpg": {"object_bounding_box": [536, 680, 79, 142], "object_presence": 1}, "P193--clear-nail-varnish--clutter--aAqCPlmDZjAN2HBmyJzILqzbsqWFqWEE95ywWEvhlcM-00200.jpg": {"object_bounding_box": [542, 685, 79, 142], "object_presence": 1}, "P193--clear-nail-varnish--clutter--aAqCPlmDZjAN2HBmyJzILqzbsqWFqWEE95ywWEvhlcM-00201.jpg": {"object_bounding_box": [543, 685, 79, 140], "object_presence": 1}, "P193--clear-nail-varnish--clutter--aAqCPlmDZjAN2HBmyJzILqzbsqWFqWEE95ywWEvhlcM-00202.jpg": {"object_bounding_box": [544, 687, 78, 141], "object_presence": 1}, "P193--clear-nail-varnish--clutter--aAqCPlmDZjAN2HBmyJzILqzbsqWFqWEE95ywWEvhlcM-00203.jpg": {"object_bounding_box": [550, 692, 79, 141], "object_presence": 1}, "P193--clear-nail-varnish--clutter--aAqCPlmDZjAN2HBmyJzILqzbsqWFqWEE95ywWEvhlcM-00204.jpg": {"object_bounding_box": [551, 690, 77, 140], "object_presence": 1}, "P193--clear-nail-varnish--clutter--aAqCPlmDZjAN2HBmyJzILqzbsqWFqWEE95ywWEvhlcM-00205.jpg": {"object_bounding_box": [555, 691, 79, 140], "object_presence": 1}, "P193--clear-nail-varnish--clutter--aAqCPlmDZjAN2HBmyJzILqzbsqWFqWEE95ywWEvhlcM-00206.jpg": {"object_bounding_box": [558, 689, 78, 139], "object_presence": 1}, "P193--clear-nail-varnish--clutter--aAqCPlmDZjAN2HBmyJzILqzbsqWFqWEE95ywWEvhlcM-00207.jpg": {"object_bounding_box": [560, 691, 77, 140], "object_presence": 1}, "P193--clear-nail-varnish--clutter--aAqCPlmDZjAN2HBmyJzILqzbsqWFqWEE95ywWEvhlcM-00208.jpg": {"object_bounding_box": [563, 697, 78, 139], "object_presence": 1}, "P193--clear-nail-varnish--clutter--aAqCPlmDZjAN2HBmyJzILqzbsqWFqWEE95ywWEvhlcM-00209.jpg": {"object_bounding_box": [563, 697, 76, 138], "object_presence": 1}, "P193--clear-nail-varnish--clutter--aAqCPlmDZjAN2HBmyJzILqzbsqWFqWEE95ywWEvhlcM-00210.jpg": {"object_bounding_box": [564, 699, 76, 138], "object_presence": 1}, "P193--clear-nail-varnish--clutter--aAqCPlmDZjAN2HBmyJzILqzbsqWFqWEE95ywWEvhlcM-00211.jpg": {"object_bounding_box": [570, 703, 77, 138], "object_presence": 1}, "P193--clear-nail-varnish--clutter--aAqCPlmDZjAN2HBmyJzILqzbsqWFqWEE95ywWEvhlcM-00212.jpg": {"object_bounding_box": [570, 706, 77, 138], "object_presence": 1}, "P193--clear-nail-varnish--clutter--aAqCPlmDZjAN2HBmyJzILqzbsqWFqWEE95ywWEvhlcM-00213.jpg": {"object_bounding_box": [565, 712, 78, 139], "object_presence": 1}, "P193--clear-nail-varnish--clutter--aAqCPlmDZjAN2HBmyJzILqzbsqWFqWEE95ywWEvhlcM-00214.jpg": {"object_bounding_box": [563, 725, 77, 141], "object_presence": 1}}