{"P241--black-small-wallet--clutter--mVehcT_u2aAdELTVvXI1ALZfX7V1H3yoViuW1SHtfiI-00001.jpg": {"object_bounding_box": [234, 452, 412, 253], "object_presence": 1}, "P241--black-small-wallet--clutter--mVehcT_u2aAdELTVvXI1ALZfX7V1H3yoViuW1SHtfiI-00002.jpg": {"object_bounding_box": [231, 451, 419, 256], "object_presence": 1}, "P241--black-small-wallet--clutter--mVehcT_u2aAdELTVvXI1ALZfX7V1H3yoViuW1SHtfiI-00003.jpg": {"object_bounding_box": [230, 453, 418, 256], "object_presence": 1}, "P241--black-small-wallet--clutter--mVehcT_u2aAdELTVvXI1ALZfX7V1H3yoViuW1SHtfiI-00004.jpg": {"object_bounding_box": [232, 454, 412, 255], "object_presence": 1}, "P241--black-small-wallet--clutter--mVehcT_u2aAdELTVvXI1ALZfX7V1H3yoViuW1SHtfiI-00005.jpg": {"object_bounding_box": [223, 452, 414, 257], "object_presence": 1}, "P241--black-small-wallet--clutter--mVehcT_u2aAdELTVvXI1ALZfX7V1H3yoViuW1SHtfiI-00006.jpg": {"object_bounding_box": [221, 460, 418, 250], "object_presence": 1}, "P241--black-small-wallet--clutter--mVehcT_u2aAdELTVvXI1ALZfX7V1H3yoViuW1SHtfiI-00007.jpg": {"object_bounding_box": [218, 461, 417, 253], "object_presence": 1}, "P241--black-small-wallet--clutter--mVehcT_u2aAdELTVvXI1ALZfX7V1H3yoViuW1SHtfiI-00008.jpg": {"object_bounding_box": [222, 459, 410, 256], "object_presence": 1}, "P241--black-small-wallet--clutter--mVehcT_u2aAdELTVvXI1ALZfX7V1H3yoViuW1SHtfiI-00009.jpg": {"object_bounding_box": [217, 463, 415, 254], "object_presence": 1}, "P241--black-small-wallet--clutter--mVehcT_u2aAdELTVvXI1ALZfX7V1H3yoViuW1SHtfiI-00010.jpg": {"object_bounding_box": [213, 461, 414, 255], "object_presence": 1}, "P241--black-small-wallet--clutter--mVehcT_u2aAdELTVvXI1ALZfX7V1H3yoViuW1SHtfiI-00011.jpg": {"object_bounding_box": [209, 457, 415, 256], "object_presence": 1}, "P241--black-small-wallet--clutter--mVehcT_u2aAdELTVvXI1ALZfX7V1H3yoViuW1SHtfiI-00012.jpg": {"object_bounding_box": [216, 456, 408, 257], "object_presence": 1}, "P241--black-small-wallet--clutter--mVehcT_u2aAdELTVvXI1ALZfX7V1H3yoViuW1SHtfiI-00013.jpg": {"object_bounding_box": [211, 457, 414, 255], "object_presence": 1}, "P241--black-small-wallet--clutter--mVehcT_u2aAdELTVvXI1ALZfX7V1H3yoViuW1SHtfiI-00014.jpg": {"object_bounding_box": [212, 460, 412, 257], "object_presence": 1}, "P241--black-small-wallet--clutter--mVehcT_u2aAdELTVvXI1ALZfX7V1H3yoViuW1SHtfiI-00015.jpg": {"object_bounding_box": [217, 465, 409, 253], "object_presence": 1}, "P241--black-small-wallet--clutter--mVehcT_u2aAdELTVvXI1ALZfX7V1H3yoViuW1SHtfiI-00016.jpg": {"object_bounding_box": [217, 464, 409, 255], "object_presence": 1}, "P241--black-small-wallet--clutter--mVehcT_u2aAdELTVvXI1ALZfX7V1H3yoViuW1SHtfiI-00017.jpg": {"object_bounding_box": [216, 467, 410, 254], "object_presence": 1}, "P241--black-small-wallet--clutter--mVehcT_u2aAdELTVvXI1ALZfX7V1H3yoViuW1SHtfiI-00018.jpg": {"object_bounding_box": [215, 466, 412, 256], "object_presence": 1}, "P241--black-small-wallet--clutter--mVehcT_u2aAdELTVvXI1ALZfX7V1H3yoViuW1SHtfiI-00019.jpg": {"object_bounding_box": [213, 470, 415, 253], "object_presence": 1}, "P241--black-small-wallet--clutter--mVehcT_u2aAdELTVvXI1ALZfX7V1H3yoViuW1SHtfiI-00020.jpg": {"object_bounding_box": [214, 467, 412, 256], "object_presence": 1}, "P241--black-small-wallet--clutter--mVehcT_u2aAdELTVvXI1ALZfX7V1H3yoViuW1SHtfiI-00021.jpg": {"object_bounding_box": [210, 469, 412, 256], "object_presence": 1}, "P241--black-small-wallet--clutter--mVehcT_u2aAdELTVvXI1ALZfX7V1H3yoViuW1SHtfiI-00022.jpg": {"object_bounding_box": [210, 470, 407, 254], "object_presence": 1}, "P241--black-small-wallet--clutter--mVehcT_u2aAdELTVvXI1ALZfX7V1H3yoViuW1SHtfiI-00023.jpg": {"object_bounding_box": [209, 469, 411, 257], "object_presence": 1}, "P241--black-small-wallet--clutter--mVehcT_u2aAdELTVvXI1ALZfX7V1H3yoViuW1SHtfiI-00024.jpg": {"object_bounding_box": [205, 471, 412, 257], "object_presence": 1}, "P241--black-small-wallet--clutter--mVehcT_u2aAdELTVvXI1ALZfX7V1H3yoViuW1SHtfiI-00025.jpg": {"object_bounding_box": [203, 473, 409, 258], "object_presence": 1}, "P241--black-small-wallet--clutter--mVehcT_u2aAdELTVvXI1ALZfX7V1H3yoViuW1SHtfiI-00026.jpg": {"object_bounding_box": [200, 475, 413, 257], "object_presence": 1}, "P241--black-small-wallet--clutter--mVehcT_u2aAdELTVvXI1ALZfX7V1H3yoViuW1SHtfiI-00027.jpg": {"object_bounding_box": [195, 475, 412, 259], "object_presence": 1}, "P241--black-small-wallet--clutter--mVehcT_u2aAdELTVvXI1ALZfX7V1H3yoViuW1SHtfiI-00028.jpg": {"object_bounding_box": [195, 475, 414, 258], "object_presence": 1}, "P241--black-small-wallet--clutter--mVehcT_u2aAdELTVvXI1ALZfX7V1H3yoViuW1SHtfiI-00029.jpg": {"object_bounding_box": [195, 473, 412, 259], "object_presence": 1}, "P241--black-small-wallet--clutter--mVehcT_u2aAdELTVvXI1ALZfX7V1H3yoViuW1SHtfiI-00030.jpg": {"object_bounding_box": [199, 479, 408, 257], "object_presence": 1}, "P241--black-small-wallet--clutter--mVehcT_u2aAdELTVvXI1ALZfX7V1H3yoViuW1SHtfiI-00031.jpg": {"object_bounding_box": [196, 479, 413, 258], "object_presence": 1}, "P241--black-small-wallet--clutter--mVehcT_u2aAdELTVvXI1ALZfX7V1H3yoViuW1SHtfiI-00032.jpg": {"object_bounding_box": [195, 480, 411, 257], "object_presence": 1}, "P241--black-small-wallet--clutter--mVehcT_u2aAdELTVvXI1ALZfX7V1H3yoViuW1SHtfiI-00033.jpg": {"object_bounding_box": [195, 481, 414, 257], "object_presence": 1}, "P241--black-small-wallet--clutter--mVehcT_u2aAdELTVvXI1ALZfX7V1H3yoViuW1SHtfiI-00034.jpg": {"object_bounding_box": [195, 481, 413, 256], "object_presence": 1}, "P241--black-small-wallet--clutter--mVehcT_u2aAdELTVvXI1ALZfX7V1H3yoViuW1SHtfiI-00035.jpg": {"object_bounding_box": [194, 476, 413, 260], "object_presence": 1}, "P241--black-small-wallet--clutter--mVehcT_u2aAdELTVvXI1ALZfX7V1H3yoViuW1SHtfiI-00036.jpg": {"object_bounding_box": [193, 476, 412, 261], "object_presence": 1}, "P241--black-small-wallet--clutter--mVehcT_u2aAdELTVvXI1ALZfX7V1H3yoViuW1SHtfiI-00037.jpg": {"object_bounding_box": [193, 478, 412, 256], "object_presence": 1}, "P241--black-small-wallet--clutter--mVehcT_u2aAdELTVvXI1ALZfX7V1H3yoViuW1SHtfiI-00038.jpg": {"object_bounding_box": [193, 479, 414, 257], "object_presence": 1}, "P241--black-small-wallet--clutter--mVehcT_u2aAdELTVvXI1ALZfX7V1H3yoViuW1SHtfiI-00039.jpg": {"object_bounding_box": [195, 483, 412, 254], "object_presence": 1}, "P241--black-small-wallet--clutter--mVehcT_u2aAdELTVvXI1ALZfX7V1H3yoViuW1SHtfiI-00040.jpg": {"object_bounding_box": [198, 482, 410, 257], "object_presence": 1}, "P241--black-small-wallet--clutter--mVehcT_u2aAdELTVvXI1ALZfX7V1H3yoViuW1SHtfiI-00041.jpg": {"object_bounding_box": [198, 485, 412, 257], "object_presence": 1}, "P241--black-small-wallet--clutter--mVehcT_u2aAdELTVvXI1ALZfX7V1H3yoViuW1SHtfiI-00042.jpg": {"object_bounding_box": [200, 485, 412, 257], "object_presence": 1}, "P241--black-small-wallet--clutter--mVehcT_u2aAdELTVvXI1ALZfX7V1H3yoViuW1SHtfiI-00043.jpg": {"object_bounding_box": [199, 486, 412, 255], "object_presence": 1}, "P241--black-small-wallet--clutter--mVehcT_u2aAdELTVvXI1ALZfX7V1H3yoViuW1SHtfiI-00044.jpg": {"object_bounding_box": [201, 486, 412, 256], "object_presence": 1}, "P241--black-small-wallet--clutter--mVehcT_u2aAdELTVvXI1ALZfX7V1H3yoViuW1SHtfiI-00045.jpg": {"object_bounding_box": [203, 484, 413, 254], "object_presence": 1}, "P241--black-small-wallet--clutter--mVehcT_u2aAdELTVvXI1ALZfX7V1H3yoViuW1SHtfiI-00046.jpg": {"object_bounding_box": [205, 482, 412, 258], "object_presence": 1}, "P241--black-small-wallet--clutter--mVehcT_u2aAdELTVvXI1ALZfX7V1H3yoViuW1SHtfiI-00047.jpg": {"object_bounding_box": [207, 481, 415, 255], "object_presence": 1}, "P241--black-small-wallet--clutter--mVehcT_u2aAdELTVvXI1ALZfX7V1H3yoViuW1SHtfiI-00048.jpg": {"object_bounding_box": [208, 481, 412, 255], "object_presence": 1}, "P241--black-small-wallet--clutter--mVehcT_u2aAdELTVvXI1ALZfX7V1H3yoViuW1SHtfiI-00049.jpg": {"object_bounding_box": [211, 480, 411, 255], "object_presence": 1}, "P241--black-small-wallet--clutter--mVehcT_u2aAdELTVvXI1ALZfX7V1H3yoViuW1SHtfiI-00050.jpg": {"object_bounding_box": [214, 482, 411, 254], "object_presence": 1}, "P241--black-small-wallet--clutter--mVehcT_u2aAdELTVvXI1ALZfX7V1H3yoViuW1SHtfiI-00051.jpg": {"object_bounding_box": [222, 482, 407, 253], "object_presence": 1}, "P241--black-small-wallet--clutter--mVehcT_u2aAdELTVvXI1ALZfX7V1H3yoViuW1SHtfiI-00052.jpg": {"object_bounding_box": [225, 484, 407, 252], "object_presence": 1}, "P241--black-small-wallet--clutter--mVehcT_u2aAdELTVvXI1ALZfX7V1H3yoViuW1SHtfiI-00053.jpg": {"object_bounding_box": [225, 485, 408, 249], "object_presence": 1}, "P241--black-small-wallet--clutter--mVehcT_u2aAdELTVvXI1ALZfX7V1H3yoViuW1SHtfiI-00054.jpg": {"object_bounding_box": [228, 488, 408, 251], "object_presence": 1}, "P241--black-small-wallet--clutter--mVehcT_u2aAdELTVvXI1ALZfX7V1H3yoViuW1SHtfiI-00055.jpg": {"object_bounding_box": [231, 487, 410, 250], "object_presence": 1}, "P241--black-small-wallet--clutter--mVehcT_u2aAdELTVvXI1ALZfX7V1H3yoViuW1SHtfiI-00056.jpg": {"object_bounding_box": [231, 490, 406, 251], "object_presence": 1}, "P241--black-small-wallet--clutter--mVehcT_u2aAdELTVvXI1ALZfX7V1H3yoViuW1SHtfiI-00057.jpg": {"object_bounding_box": [226, 489, 410, 254], "object_presence": 1}, "P241--black-small-wallet--clutter--mVehcT_u2aAdELTVvXI1ALZfX7V1H3yoViuW1SHtfiI-00058.jpg": {"object_bounding_box": [222, 490, 408, 255], "object_presence": 1}, "P241--black-small-wallet--clutter--mVehcT_u2aAdELTVvXI1ALZfX7V1H3yoViuW1SHtfiI-00059.jpg": {"object_bounding_box": [217, 490, 408, 256], "object_presence": 1}, "P241--black-small-wallet--clutter--mVehcT_u2aAdELTVvXI1ALZfX7V1H3yoViuW1SHtfiI-00060.jpg": {"object_bounding_box": [215, 489, 409, 256], "object_presence": 1}, "P241--black-small-wallet--clutter--mVehcT_u2aAdELTVvXI1ALZfX7V1H3yoViuW1SHtfiI-00061.jpg": {"object_bounding_box": [219, 495, 405, 252], "object_presence": 1}, "P241--black-small-wallet--clutter--mVehcT_u2aAdELTVvXI1ALZfX7V1H3yoViuW1SHtfiI-00062.jpg": {"object_bounding_box": [216, 498, 406, 253], "object_presence": 1}, "P241--black-small-wallet--clutter--mVehcT_u2aAdELTVvXI1ALZfX7V1H3yoViuW1SHtfiI-00063.jpg": {"object_bounding_box": [220, 502, 409, 250], "object_presence": 1}, "P241--black-small-wallet--clutter--mVehcT_u2aAdELTVvXI1ALZfX7V1H3yoViuW1SHtfiI-00064.jpg": {"object_bounding_box": [225, 503, 406, 252], "object_presence": 1}, "P241--black-small-wallet--clutter--mVehcT_u2aAdELTVvXI1ALZfX7V1H3yoViuW1SHtfiI-00065.jpg": {"object_bounding_box": [225, 507, 408, 252], "object_presence": 1}, "P241--black-small-wallet--clutter--mVehcT_u2aAdELTVvXI1ALZfX7V1H3yoViuW1SHtfiI-00066.jpg": {"object_bounding_box": [225, 504, 408, 252], "object_presence": 1}, "P241--black-small-wallet--clutter--mVehcT_u2aAdELTVvXI1ALZfX7V1H3yoViuW1SHtfiI-00067.jpg": {"object_bounding_box": [232, 505, 405, 251], "object_presence": 1}, "P241--black-small-wallet--clutter--mVehcT_u2aAdELTVvXI1ALZfX7V1H3yoViuW1SHtfiI-00068.jpg": {"object_bounding_box": [235, 507, 405, 251], "object_presence": 1}, "P241--black-small-wallet--clutter--mVehcT_u2aAdELTVvXI1ALZfX7V1H3yoViuW1SHtfiI-00069.jpg": {"object_bounding_box": [239, 514, 405, 251], "object_presence": 1}, "P241--black-small-wallet--clutter--mVehcT_u2aAdELTVvXI1ALZfX7V1H3yoViuW1SHtfiI-00070.jpg": {"object_bounding_box": [244, 516, 404, 255], "object_presence": 1}, "P241--black-small-wallet--clutter--mVehcT_u2aAdELTVvXI1ALZfX7V1H3yoViuW1SHtfiI-00071.jpg": {"object_bounding_box": [249, 522, 404, 252], "object_presence": 1}, "P241--black-small-wallet--clutter--mVehcT_u2aAdELTVvXI1ALZfX7V1H3yoViuW1SHtfiI-00072.jpg": {"object_bounding_box": [252, 526, 403, 249], "object_presence": 1}, "P241--black-small-wallet--clutter--mVehcT_u2aAdELTVvXI1ALZfX7V1H3yoViuW1SHtfiI-00073.jpg": {"object_bounding_box": [255, 530, 400, 245], "object_presence": 1}, "P241--black-small-wallet--clutter--mVehcT_u2aAdELTVvXI1ALZfX7V1H3yoViuW1SHtfiI-00074.jpg": {"object_bounding_box": [254, 529, 404, 248], "object_presence": 1}, "P241--black-small-wallet--clutter--mVehcT_u2aAdELTVvXI1ALZfX7V1H3yoViuW1SHtfiI-00075.jpg": {"object_bounding_box": [260, 530, 401, 248], "object_presence": 1}, "P241--black-small-wallet--clutter--mVehcT_u2aAdELTVvXI1ALZfX7V1H3yoViuW1SHtfiI-00076.jpg": {"object_bounding_box": [261, 528, 403, 250], "object_presence": 1}, "P241--black-small-wallet--clutter--mVehcT_u2aAdELTVvXI1ALZfX7V1H3yoViuW1SHtfiI-00077.jpg": {"object_bounding_box": [267, 530, 403, 247], "object_presence": 1}, "P241--black-small-wallet--clutter--mVehcT_u2aAdELTVvXI1ALZfX7V1H3yoViuW1SHtfiI-00078.jpg": {"object_bounding_box": [275, 529, 401, 248], "object_presence": 1}, "P241--black-small-wallet--clutter--mVehcT_u2aAdELTVvXI1ALZfX7V1H3yoViuW1SHtfiI-00079.jpg": {"object_bounding_box": [279, 532, 401, 248], "object_presence": 1}, "P241--black-small-wallet--clutter--mVehcT_u2aAdELTVvXI1ALZfX7V1H3yoViuW1SHtfiI-00080.jpg": {"object_bounding_box": [284, 533, 401, 247], "object_presence": 1}, "P241--black-small-wallet--clutter--mVehcT_u2aAdELTVvXI1ALZfX7V1H3yoViuW1SHtfiI-00081.jpg": {"object_bounding_box": [287, 530, 400, 248], "object_presence": 1}, "P241--black-small-wallet--clutter--mVehcT_u2aAdELTVvXI1ALZfX7V1H3yoViuW1SHtfiI-00082.jpg": {"object_bounding_box": [291, 531, 400, 246], "object_presence": 1}, "P241--black-small-wallet--clutter--mVehcT_u2aAdELTVvXI1ALZfX7V1H3yoViuW1SHtfiI-00083.jpg": {"object_bounding_box": [294, 533, 399, 242], "object_presence": 1}, "P241--black-small-wallet--clutter--mVehcT_u2aAdELTVvXI1ALZfX7V1H3yoViuW1SHtfiI-00084.jpg": {"object_bounding_box": [297, 529, 398, 246], "object_presence": 1}, "P241--black-small-wallet--clutter--mVehcT_u2aAdELTVvXI1ALZfX7V1H3yoViuW1SHtfiI-00085.jpg": {"object_bounding_box": [298, 528, 395, 248], "object_presence": 1}, "P241--black-small-wallet--clutter--mVehcT_u2aAdELTVvXI1ALZfX7V1H3yoViuW1SHtfiI-00086.jpg": {"object_bounding_box": [298, 533, 400, 245], "object_presence": 1}, "P241--black-small-wallet--clutter--mVehcT_u2aAdELTVvXI1ALZfX7V1H3yoViuW1SHtfiI-00087.jpg": {"object_bounding_box": [300, 536, 398, 244], "object_presence": 1}, "P241--black-small-wallet--clutter--mVehcT_u2aAdELTVvXI1ALZfX7V1H3yoViuW1SHtfiI-00088.jpg": {"object_bounding_box": [303, 536, 396, 246], "object_presence": 1}, "P241--black-small-wallet--clutter--mVehcT_u2aAdELTVvXI1ALZfX7V1H3yoViuW1SHtfiI-00089.jpg": {"object_bounding_box": [302, 537, 396, 244], "object_presence": 1}, "P241--black-small-wallet--clutter--mVehcT_u2aAdELTVvXI1ALZfX7V1H3yoViuW1SHtfiI-00090.jpg": {"object_bounding_box": [305, 538, 394, 245], "object_presence": 1}, "P241--black-small-wallet--clutter--mVehcT_u2aAdELTVvXI1ALZfX7V1H3yoViuW1SHtfiI-00091.jpg": {"object_bounding_box": [306, 537, 393, 242], "object_presence": 1}, "P241--black-small-wallet--clutter--mVehcT_u2aAdELTVvXI1ALZfX7V1H3yoViuW1SHtfiI-00092.jpg": {"object_bounding_box": [305, 537, 392, 246], "object_presence": 1}, "P241--black-small-wallet--clutter--mVehcT_u2aAdELTVvXI1ALZfX7V1H3yoViuW1SHtfiI-00093.jpg": {"object_bounding_box": [307, 537, 393, 247], "object_presence": 1}, "P241--black-small-wallet--clutter--mVehcT_u2aAdELTVvXI1ALZfX7V1H3yoViuW1SHtfiI-00094.jpg": {"object_bounding_box": [306, 540, 391, 247], "object_presence": 1}, "P241--black-small-wallet--clutter--mVehcT_u2aAdELTVvXI1ALZfX7V1H3yoViuW1SHtfiI-00095.jpg": {"object_bounding_box": [303, 542, 395, 246], "object_presence": 1}, "P241--black-small-wallet--clutter--mVehcT_u2aAdELTVvXI1ALZfX7V1H3yoViuW1SHtfiI-00096.jpg": {"object_bounding_box": [303, 543, 396, 246], "object_presence": 1}, "P241--black-small-wallet--clutter--mVehcT_u2aAdELTVvXI1ALZfX7V1H3yoViuW1SHtfiI-00097.jpg": {"object_bounding_box": [304, 544, 393, 245], "object_presence": 1}, "P241--black-small-wallet--clutter--mVehcT_u2aAdELTVvXI1ALZfX7V1H3yoViuW1SHtfiI-00098.jpg": {"object_bounding_box": [305, 546, 395, 244], "object_presence": 1}, "P241--black-small-wallet--clutter--mVehcT_u2aAdELTVvXI1ALZfX7V1H3yoViuW1SHtfiI-00099.jpg": {"object_bounding_box": [307, 546, 392, 245], "object_presence": 1}, "P241--black-small-wallet--clutter--mVehcT_u2aAdELTVvXI1ALZfX7V1H3yoViuW1SHtfiI-00100.jpg": {"object_bounding_box": [305, 547, 395, 246], "object_presence": 1}, "P241--black-small-wallet--clutter--mVehcT_u2aAdELTVvXI1ALZfX7V1H3yoViuW1SHtfiI-00101.jpg": {"object_bounding_box": [305, 547, 396, 245], "object_presence": 1}, "P241--black-small-wallet--clutter--mVehcT_u2aAdELTVvXI1ALZfX7V1H3yoViuW1SHtfiI-00102.jpg": {"object_bounding_box": [304, 547, 392, 244], "object_presence": 1}, "P241--black-small-wallet--clutter--mVehcT_u2aAdELTVvXI1ALZfX7V1H3yoViuW1SHtfiI-00103.jpg": {"object_bounding_box": [303, 546, 395, 248], "object_presence": 1}, "P241--black-small-wallet--clutter--mVehcT_u2aAdELTVvXI1ALZfX7V1H3yoViuW1SHtfiI-00104.jpg": {"object_bounding_box": [304, 549, 394, 247], "object_presence": 1}, "P241--black-small-wallet--clutter--mVehcT_u2aAdELTVvXI1ALZfX7V1H3yoViuW1SHtfiI-00105.jpg": {"object_bounding_box": [304, 552, 391, 244], "object_presence": 1}, "P241--black-small-wallet--clutter--mVehcT_u2aAdELTVvXI1ALZfX7V1H3yoViuW1SHtfiI-00106.jpg": {"object_bounding_box": [303, 551, 393, 246], "object_presence": 1}, "P241--black-small-wallet--clutter--mVehcT_u2aAdELTVvXI1ALZfX7V1H3yoViuW1SHtfiI-00107.jpg": {"object_bounding_box": [304, 553, 393, 246], "object_presence": 1}, "P241--black-small-wallet--clutter--mVehcT_u2aAdELTVvXI1ALZfX7V1H3yoViuW1SHtfiI-00108.jpg": {"object_bounding_box": [302, 552, 392, 245], "object_presence": 1}, "P241--black-small-wallet--clutter--mVehcT_u2aAdELTVvXI1ALZfX7V1H3yoViuW1SHtfiI-00109.jpg": {"object_bounding_box": [303, 549, 395, 247], "object_presence": 1}, "P241--black-small-wallet--clutter--mVehcT_u2aAdELTVvXI1ALZfX7V1H3yoViuW1SHtfiI-00110.jpg": {"object_bounding_box": [304, 550, 393, 245], "object_presence": 1}, "P241--black-small-wallet--clutter--mVehcT_u2aAdELTVvXI1ALZfX7V1H3yoViuW1SHtfiI-00111.jpg": {"object_bounding_box": [304, 556, 393, 242], "object_presence": 1}, "P241--black-small-wallet--clutter--mVehcT_u2aAdELTVvXI1ALZfX7V1H3yoViuW1SHtfiI-00112.jpg": {"object_bounding_box": [304, 551, 392, 244], "object_presence": 1}, "P241--black-small-wallet--clutter--mVehcT_u2aAdELTVvXI1ALZfX7V1H3yoViuW1SHtfiI-00113.jpg": {"object_bounding_box": [303, 551, 392, 248], "object_presence": 1}, "P241--black-small-wallet--clutter--mVehcT_u2aAdELTVvXI1ALZfX7V1H3yoViuW1SHtfiI-00114.jpg": {"object_bounding_box": [305, 553, 392, 245], "object_presence": 1}, "P241--black-small-wallet--clutter--mVehcT_u2aAdELTVvXI1ALZfX7V1H3yoViuW1SHtfiI-00115.jpg": {"object_bounding_box": [306, 554, 392, 243], "object_presence": 1}, "P241--black-small-wallet--clutter--mVehcT_u2aAdELTVvXI1ALZfX7V1H3yoViuW1SHtfiI-00116.jpg": {"object_bounding_box": [307, 554, 392, 241], "object_presence": 1}, "P241--black-small-wallet--clutter--mVehcT_u2aAdELTVvXI1ALZfX7V1H3yoViuW1SHtfiI-00117.jpg": {"object_bounding_box": [307, 551, 392, 246], "object_presence": 1}, "P241--black-small-wallet--clutter--mVehcT_u2aAdELTVvXI1ALZfX7V1H3yoViuW1SHtfiI-00118.jpg": {"object_bounding_box": [306, 553, 392, 244], "object_presence": 1}, "P241--black-small-wallet--clutter--mVehcT_u2aAdELTVvXI1ALZfX7V1H3yoViuW1SHtfiI-00119.jpg": {"object_bounding_box": [305, 552, 393, 244], "object_presence": 1}, "P241--black-small-wallet--clutter--mVehcT_u2aAdELTVvXI1ALZfX7V1H3yoViuW1SHtfiI-00120.jpg": {"object_bounding_box": [306, 554, 391, 242], "object_presence": 1}, "P241--black-small-wallet--clutter--mVehcT_u2aAdELTVvXI1ALZfX7V1H3yoViuW1SHtfiI-00121.jpg": {"object_bounding_box": [305, 552, 393, 243], "object_presence": 1}, "P241--black-small-wallet--clutter--mVehcT_u2aAdELTVvXI1ALZfX7V1H3yoViuW1SHtfiI-00122.jpg": {"object_bounding_box": [304, 552, 394, 242], "object_presence": 1}, "P241--black-small-wallet--clutter--mVehcT_u2aAdELTVvXI1ALZfX7V1H3yoViuW1SHtfiI-00123.jpg": {"object_bounding_box": [305, 552, 392, 243], "object_presence": 1}, "P241--black-small-wallet--clutter--mVehcT_u2aAdELTVvXI1ALZfX7V1H3yoViuW1SHtfiI-00124.jpg": {"object_bounding_box": [304, 550, 392, 243], "object_presence": 1}, "P241--black-small-wallet--clutter--mVehcT_u2aAdELTVvXI1ALZfX7V1H3yoViuW1SHtfiI-00125.jpg": {"object_bounding_box": [304, 549, 391, 244], "object_presence": 1}, "P241--black-small-wallet--clutter--mVehcT_u2aAdELTVvXI1ALZfX7V1H3yoViuW1SHtfiI-00126.jpg": {"object_bounding_box": [303, 545, 392, 248], "object_presence": 1}, "P241--black-small-wallet--clutter--mVehcT_u2aAdELTVvXI1ALZfX7V1H3yoViuW1SHtfiI-00127.jpg": {"object_bounding_box": [305, 548, 389, 245], "object_presence": 1}, "P241--black-small-wallet--clutter--mVehcT_u2aAdELTVvXI1ALZfX7V1H3yoViuW1SHtfiI-00128.jpg": {"object_bounding_box": [305, 549, 391, 243], "object_presence": 1}, "P241--black-small-wallet--clutter--mVehcT_u2aAdELTVvXI1ALZfX7V1H3yoViuW1SHtfiI-00129.jpg": {"object_bounding_box": [304, 547, 391, 244], "object_presence": 1}, "P241--black-small-wallet--clutter--mVehcT_u2aAdELTVvXI1ALZfX7V1H3yoViuW1SHtfiI-00130.jpg": {"object_bounding_box": [303, 548, 394, 243], "object_presence": 1}, "P241--black-small-wallet--clutter--mVehcT_u2aAdELTVvXI1ALZfX7V1H3yoViuW1SHtfiI-00131.jpg": {"object_bounding_box": [303, 548, 389, 242], "object_presence": 1}, "P241--black-small-wallet--clutter--mVehcT_u2aAdELTVvXI1ALZfX7V1H3yoViuW1SHtfiI-00132.jpg": {"object_bounding_box": [303, 547, 390, 241], "object_presence": 1}, "P241--black-small-wallet--clutter--mVehcT_u2aAdELTVvXI1ALZfX7V1H3yoViuW1SHtfiI-00133.jpg": {"object_bounding_box": [300, 544, 389, 242], "object_presence": 1}, "P241--black-small-wallet--clutter--mVehcT_u2aAdELTVvXI1ALZfX7V1H3yoViuW1SHtfiI-00134.jpg": {"object_bounding_box": [299, 542, 388, 241], "object_presence": 1}, "P241--black-small-wallet--clutter--mVehcT_u2aAdELTVvXI1ALZfX7V1H3yoViuW1SHtfiI-00135.jpg": {"object_bounding_box": [298, 543, 389, 241], "object_presence": 1}, "P241--black-small-wallet--clutter--mVehcT_u2aAdELTVvXI1ALZfX7V1H3yoViuW1SHtfiI-00136.jpg": {"object_bounding_box": [300, 543, 387, 240], "object_presence": 1}, "P241--black-small-wallet--clutter--mVehcT_u2aAdELTVvXI1ALZfX7V1H3yoViuW1SHtfiI-00137.jpg": {"object_bounding_box": [299, 545, 388, 238], "object_presence": 1}, "P241--black-small-wallet--clutter--mVehcT_u2aAdELTVvXI1ALZfX7V1H3yoViuW1SHtfiI-00138.jpg": {"object_bounding_box": [300, 544, 388, 239], "object_presence": 1}, "P241--black-small-wallet--clutter--mVehcT_u2aAdELTVvXI1ALZfX7V1H3yoViuW1SHtfiI-00139.jpg": {"object_bounding_box": [301, 544, 390, 242], "object_presence": 1}, "P241--black-small-wallet--clutter--mVehcT_u2aAdELTVvXI1ALZfX7V1H3yoViuW1SHtfiI-00140.jpg": {"object_bounding_box": [300, 543, 391, 241], "object_presence": 1}, "P241--black-small-wallet--clutter--mVehcT_u2aAdELTVvXI1ALZfX7V1H3yoViuW1SHtfiI-00141.jpg": {"object_bounding_box": [299, 543, 391, 238], "object_presence": 1}, "P241--black-small-wallet--clutter--mVehcT_u2aAdELTVvXI1ALZfX7V1H3yoViuW1SHtfiI-00142.jpg": {"object_bounding_box": [298, 542, 392, 241], "object_presence": 1}, "P241--black-small-wallet--clutter--mVehcT_u2aAdELTVvXI1ALZfX7V1H3yoViuW1SHtfiI-00143.jpg": {"object_bounding_box": [297, 544, 393, 239], "object_presence": 1}, "P241--black-small-wallet--clutter--mVehcT_u2aAdELTVvXI1ALZfX7V1H3yoViuW1SHtfiI-00144.jpg": {"object_bounding_box": [299, 542, 390, 243], "object_presence": 1}, "P241--black-small-wallet--clutter--mVehcT_u2aAdELTVvXI1ALZfX7V1H3yoViuW1SHtfiI-00145.jpg": {"object_bounding_box": [298, 541, 393, 244], "object_presence": 1}, "P241--black-small-wallet--clutter--mVehcT_u2aAdELTVvXI1ALZfX7V1H3yoViuW1SHtfiI-00146.jpg": {"object_bounding_box": [299, 543, 388, 242], "object_presence": 1}, "P241--black-small-wallet--clutter--mVehcT_u2aAdELTVvXI1ALZfX7V1H3yoViuW1SHtfiI-00147.jpg": {"object_bounding_box": [300, 543, 389, 243], "object_presence": 1}, "P241--black-small-wallet--clutter--mVehcT_u2aAdELTVvXI1ALZfX7V1H3yoViuW1SHtfiI-00148.jpg": {"object_bounding_box": [299, 544, 390, 243], "object_presence": 1}, "P241--black-small-wallet--clutter--mVehcT_u2aAdELTVvXI1ALZfX7V1H3yoViuW1SHtfiI-00149.jpg": {"object_bounding_box": [299, 544, 389, 242], "object_presence": 1}, "P241--black-small-wallet--clutter--mVehcT_u2aAdELTVvXI1ALZfX7V1H3yoViuW1SHtfiI-00150.jpg": {"object_bounding_box": [298, 542, 390, 243], "object_presence": 1}, "P241--black-small-wallet--clutter--mVehcT_u2aAdELTVvXI1ALZfX7V1H3yoViuW1SHtfiI-00151.jpg": {"object_bounding_box": [298, 546, 388, 242], "object_presence": 1}, "P241--black-small-wallet--clutter--mVehcT_u2aAdELTVvXI1ALZfX7V1H3yoViuW1SHtfiI-00152.jpg": {"object_bounding_box": [299, 550, 388, 242], "object_presence": 1}, "P241--black-small-wallet--clutter--mVehcT_u2aAdELTVvXI1ALZfX7V1H3yoViuW1SHtfiI-00153.jpg": {"object_bounding_box": [299, 549, 388, 243], "object_presence": 1}, "P241--black-small-wallet--clutter--mVehcT_u2aAdELTVvXI1ALZfX7V1H3yoViuW1SHtfiI-00154.jpg": {"object_bounding_box": [298, 551, 389, 241], "object_presence": 1}, "P241--black-small-wallet--clutter--mVehcT_u2aAdELTVvXI1ALZfX7V1H3yoViuW1SHtfiI-00155.jpg": {"object_bounding_box": [296, 552, 390, 242], "object_presence": 1}, "P241--black-small-wallet--clutter--mVehcT_u2aAdELTVvXI1ALZfX7V1H3yoViuW1SHtfiI-00156.jpg": {"object_bounding_box": [296, 552, 390, 243], "object_presence": 1}, "P241--black-small-wallet--clutter--mVehcT_u2aAdELTVvXI1ALZfX7V1H3yoViuW1SHtfiI-00157.jpg": {"object_bounding_box": [297, 553, 390, 242], "object_presence": 1}, "P241--black-small-wallet--clutter--mVehcT_u2aAdELTVvXI1ALZfX7V1H3yoViuW1SHtfiI-00158.jpg": {"object_bounding_box": [298, 553, 388, 243], "object_presence": 1}, "P241--black-small-wallet--clutter--mVehcT_u2aAdELTVvXI1ALZfX7V1H3yoViuW1SHtfiI-00159.jpg": {"object_bounding_box": [297, 554, 388, 243], "object_presence": 1}, "P241--black-small-wallet--clutter--mVehcT_u2aAdELTVvXI1ALZfX7V1H3yoViuW1SHtfiI-00160.jpg": {"object_bounding_box": [297, 554, 386, 245], "object_presence": 1}, "P241--black-small-wallet--clutter--mVehcT_u2aAdELTVvXI1ALZfX7V1H3yoViuW1SHtfiI-00161.jpg": {"object_bounding_box": [294, 551, 386, 245], "object_presence": 1}, "P241--black-small-wallet--clutter--mVehcT_u2aAdELTVvXI1ALZfX7V1H3yoViuW1SHtfiI-00162.jpg": {"object_bounding_box": [286, 543, 389, 243], "object_presence": 1}, "P241--black-small-wallet--clutter--mVehcT_u2aAdELTVvXI1ALZfX7V1H3yoViuW1SHtfiI-00163.jpg": {"object_bounding_box": [285, 530, 386, 245], "object_presence": 1}, "P241--black-small-wallet--clutter--mVehcT_u2aAdELTVvXI1ALZfX7V1H3yoViuW1SHtfiI-00164.jpg": {"object_bounding_box": [282, 527, 389, 239], "object_presence": 1}, "P241--black-small-wallet--clutter--mVehcT_u2aAdELTVvXI1ALZfX7V1H3yoViuW1SHtfiI-00165.jpg": {"object_bounding_box": [279, 526, 384, 242], "object_presence": 1}, "P241--black-small-wallet--clutter--mVehcT_u2aAdELTVvXI1ALZfX7V1H3yoViuW1SHtfiI-00166.jpg": {"object_bounding_box": [270, 527, 385, 244], "object_presence": 1}, "P241--black-small-wallet--clutter--mVehcT_u2aAdELTVvXI1ALZfX7V1H3yoViuW1SHtfiI-00167.jpg": {"object_bounding_box": [269, 513, 384, 250], "object_presence": 1}, "P241--black-small-wallet--clutter--mVehcT_u2aAdELTVvXI1ALZfX7V1H3yoViuW1SHtfiI-00168.jpg": {"object_bounding_box": [267, 504, 385, 248], "object_presence": 1}, "P241--black-small-wallet--clutter--mVehcT_u2aAdELTVvXI1ALZfX7V1H3yoViuW1SHtfiI-00169.jpg": {"object_bounding_box": [270, 506, 384, 255], "object_presence": 1}, "P241--black-small-wallet--clutter--mVehcT_u2aAdELTVvXI1ALZfX7V1H3yoViuW1SHtfiI-00170.jpg": {"object_bounding_box": [266, 518, 384, 257], "object_presence": 1}, "P241--black-small-wallet--clutter--mVehcT_u2aAdELTVvXI1ALZfX7V1H3yoViuW1SHtfiI-00171.jpg": {"object_bounding_box": [259, 525, 380, 259], "object_presence": 1}, "P241--black-small-wallet--clutter--mVehcT_u2aAdELTVvXI1ALZfX7V1H3yoViuW1SHtfiI-00172.jpg": {"object_bounding_box": [248, 521, 387, 261], "object_presence": 1}, "P241--black-small-wallet--clutter--mVehcT_u2aAdELTVvXI1ALZfX7V1H3yoViuW1SHtfiI-00173.jpg": {"object_bounding_box": [242, 518, 390, 259], "object_presence": 1}, "P241--black-small-wallet--clutter--mVehcT_u2aAdELTVvXI1ALZfX7V1H3yoViuW1SHtfiI-00174.jpg": {"object_bounding_box": [232, 512, 387, 261], "object_presence": 1}, "P241--black-small-wallet--clutter--mVehcT_u2aAdELTVvXI1ALZfX7V1H3yoViuW1SHtfiI-00175.jpg": {"object_bounding_box": [233, 507, 385, 265], "object_presence": 1}, "P241--black-small-wallet--clutter--mVehcT_u2aAdELTVvXI1ALZfX7V1H3yoViuW1SHtfiI-00176.jpg": {"object_bounding_box": [231, 508, 389, 265], "object_presence": 1}, "P241--black-small-wallet--clutter--mVehcT_u2aAdELTVvXI1ALZfX7V1H3yoViuW1SHtfiI-00177.jpg": {"object_bounding_box": [228, 509, 389, 269], "object_presence": 1}, "P241--black-small-wallet--clutter--mVehcT_u2aAdELTVvXI1ALZfX7V1H3yoViuW1SHtfiI-00178.jpg": {"object_bounding_box": [225, 518, 385, 272], "object_presence": 1}, "P241--black-small-wallet--clutter--mVehcT_u2aAdELTVvXI1ALZfX7V1H3yoViuW1SHtfiI-00179.jpg": {"object_bounding_box": [218, 521, 387, 271], "object_presence": 1}, "P241--black-small-wallet--clutter--mVehcT_u2aAdELTVvXI1ALZfX7V1H3yoViuW1SHtfiI-00180.jpg": {"object_bounding_box": [210, 517, 390, 280], "object_presence": 1}, "P241--black-small-wallet--clutter--mVehcT_u2aAdELTVvXI1ALZfX7V1H3yoViuW1SHtfiI-00181.jpg": {"object_bounding_box": [207, 519, 388, 277], "object_presence": 1}, "P241--black-small-wallet--clutter--mVehcT_u2aAdELTVvXI1ALZfX7V1H3yoViuW1SHtfiI-00182.jpg": {"object_bounding_box": [211, 514, 385, 276], "object_presence": 1}, "P241--black-small-wallet--clutter--mVehcT_u2aAdELTVvXI1ALZfX7V1H3yoViuW1SHtfiI-00183.jpg": {"object_bounding_box": [217, 511, 386, 278], "object_presence": 1}, "P241--black-small-wallet--clutter--mVehcT_u2aAdELTVvXI1ALZfX7V1H3yoViuW1SHtfiI-00184.jpg": {"object_bounding_box": [222, 510, 387, 278], "object_presence": 1}, "P241--black-small-wallet--clutter--mVehcT_u2aAdELTVvXI1ALZfX7V1H3yoViuW1SHtfiI-00185.jpg": {"object_bounding_box": [228, 514, 387, 277], "object_presence": 1}, "P241--black-small-wallet--clutter--mVehcT_u2aAdELTVvXI1ALZfX7V1H3yoViuW1SHtfiI-00186.jpg": {"object_bounding_box": [230, 516, 386, 274], "object_presence": 1}, "P241--black-small-wallet--clutter--mVehcT_u2aAdELTVvXI1ALZfX7V1H3yoViuW1SHtfiI-00187.jpg": {"object_bounding_box": [230, 507, 387, 281], "object_presence": 1}, "P241--black-small-wallet--clutter--mVehcT_u2aAdELTVvXI1ALZfX7V1H3yoViuW1SHtfiI-00188.jpg": {"object_bounding_box": [232, 505, 387, 275], "object_presence": 1}, "P241--black-small-wallet--clutter--mVehcT_u2aAdELTVvXI1ALZfX7V1H3yoViuW1SHtfiI-00189.jpg": {"object_bounding_box": [233, 499, 387, 280], "object_presence": 1}, "P241--black-small-wallet--clutter--mVehcT_u2aAdELTVvXI1ALZfX7V1H3yoViuW1SHtfiI-00190.jpg": {"object_bounding_box": [236, 497, 389, 279], "object_presence": 1}, "P241--black-small-wallet--clutter--mVehcT_u2aAdELTVvXI1ALZfX7V1H3yoViuW1SHtfiI-00191.jpg": {"object_bounding_box": [240, 498, 391, 271], "object_presence": 1}, "P241--black-small-wallet--clutter--mVehcT_u2aAdELTVvXI1ALZfX7V1H3yoViuW1SHtfiI-00192.jpg": {"object_bounding_box": [242, 490, 393, 276], "object_presence": 1}, "P241--black-small-wallet--clutter--mVehcT_u2aAdELTVvXI1ALZfX7V1H3yoViuW1SHtfiI-00193.jpg": {"object_bounding_box": [246, 485, 393, 275], "object_presence": 1}, "P241--black-small-wallet--clutter--mVehcT_u2aAdELTVvXI1ALZfX7V1H3yoViuW1SHtfiI-00194.jpg": {"object_bounding_box": [255, 482, 391, 280], "object_presence": 1}, "P241--black-small-wallet--clutter--mVehcT_u2aAdELTVvXI1ALZfX7V1H3yoViuW1SHtfiI-00195.jpg": {"object_bounding_box": [261, 488, 392, 275], "object_presence": 1}, "P241--black-small-wallet--clutter--mVehcT_u2aAdELTVvXI1ALZfX7V1H3yoViuW1SHtfiI-00196.jpg": {"object_bounding_box": [262, 492, 393, 277], "object_presence": 1}, "P241--black-small-wallet--clutter--mVehcT_u2aAdELTVvXI1ALZfX7V1H3yoViuW1SHtfiI-00197.jpg": {"object_bounding_box": [268, 495, 389, 276], "object_presence": 1}, "P241--black-small-wallet--clutter--mVehcT_u2aAdELTVvXI1ALZfX7V1H3yoViuW1SHtfiI-00198.jpg": {"object_bounding_box": [269, 492, 391, 278], "object_presence": 1}, "P241--black-small-wallet--clutter--mVehcT_u2aAdELTVvXI1ALZfX7V1H3yoViuW1SHtfiI-00199.jpg": {"object_bounding_box": [270, 488, 393, 280], "object_presence": 1}, "P241--black-small-wallet--clutter--mVehcT_u2aAdELTVvXI1ALZfX7V1H3yoViuW1SHtfiI-00200.jpg": {"object_bounding_box": [273, 483, 392, 283], "object_presence": 1}, "P241--black-small-wallet--clutter--mVehcT_u2aAdELTVvXI1ALZfX7V1H3yoViuW1SHtfiI-00201.jpg": {"object_bounding_box": [274, 488, 391, 282], "object_presence": 1}, "P241--black-small-wallet--clutter--mVehcT_u2aAdELTVvXI1ALZfX7V1H3yoViuW1SHtfiI-00202.jpg": {"object_bounding_box": [278, 489, 389, 282], "object_presence": 1}, "P241--black-small-wallet--clutter--mVehcT_u2aAdELTVvXI1ALZfX7V1H3yoViuW1SHtfiI-00203.jpg": {"object_bounding_box": [278, 498, 389, 278], "object_presence": 1}, "P241--black-small-wallet--clutter--mVehcT_u2aAdELTVvXI1ALZfX7V1H3yoViuW1SHtfiI-00204.jpg": {"object_bounding_box": [280, 500, 388, 283], "object_presence": 1}, "P241--black-small-wallet--clutter--mVehcT_u2aAdELTVvXI1ALZfX7V1H3yoViuW1SHtfiI-00205.jpg": {"object_bounding_box": [280, 506, 389, 279], "object_presence": 1}, "P241--black-small-wallet--clutter--mVehcT_u2aAdELTVvXI1ALZfX7V1H3yoViuW1SHtfiI-00206.jpg": {"object_bounding_box": [277, 513, 391, 277], "object_presence": 1}, "P241--black-small-wallet--clutter--mVehcT_u2aAdELTVvXI1ALZfX7V1H3yoViuW1SHtfiI-00207.jpg": {"object_bounding_box": [281, 517, 389, 280], "object_presence": 1}, "P241--black-small-wallet--clutter--mVehcT_u2aAdELTVvXI1ALZfX7V1H3yoViuW1SHtfiI-00208.jpg": {"object_bounding_box": [282, 514, 391, 283], "object_presence": 1}, "P241--black-small-wallet--clutter--mVehcT_u2aAdELTVvXI1ALZfX7V1H3yoViuW1SHtfiI-00209.jpg": {"object_bounding_box": [284, 509, 390, 287], "object_presence": 1}, "P241--black-small-wallet--clutter--mVehcT_u2aAdELTVvXI1ALZfX7V1H3yoViuW1SHtfiI-00210.jpg": {"object_bounding_box": [284, 513, 389, 279], "object_presence": 1}, "P241--black-small-wallet--clutter--mVehcT_u2aAdELTVvXI1ALZfX7V1H3yoViuW1SHtfiI-00211.jpg": {"object_bounding_box": [284, 512, 390, 281], "object_presence": 1}, "P241--black-small-wallet--clutter--mVehcT_u2aAdELTVvXI1ALZfX7V1H3yoViuW1SHtfiI-00212.jpg": {"object_bounding_box": [282, 512, 391, 283], "object_presence": 1}, "P241--black-small-wallet--clutter--mVehcT_u2aAdELTVvXI1ALZfX7V1H3yoViuW1SHtfiI-00213.jpg": {"object_bounding_box": [281, 514, 389, 280], "object_presence": 1}, "P241--black-small-wallet--clutter--mVehcT_u2aAdELTVvXI1ALZfX7V1H3yoViuW1SHtfiI-00214.jpg": {"object_bounding_box": [278, 512, 393, 283], "object_presence": 1}, "P241--black-small-wallet--clutter--mVehcT_u2aAdELTVvXI1ALZfX7V1H3yoViuW1SHtfiI-00215.jpg": {"object_bounding_box": [278, 514, 390, 283], "object_presence": 1}, "P241--black-small-wallet--clutter--mVehcT_u2aAdELTVvXI1ALZfX7V1H3yoViuW1SHtfiI-00216.jpg": {"object_bounding_box": [277, 513, 392, 287], "object_presence": 1}, "P241--black-small-wallet--clutter--mVehcT_u2aAdELTVvXI1ALZfX7V1H3yoViuW1SHtfiI-00217.jpg": {"object_bounding_box": [275, 512, 393, 286], "object_presence": 1}, "P241--black-small-wallet--clutter--mVehcT_u2aAdELTVvXI1ALZfX7V1H3yoViuW1SHtfiI-00218.jpg": {"object_bounding_box": [278, 516, 391, 286], "object_presence": 1}, "P241--black-small-wallet--clutter--mVehcT_u2aAdELTVvXI1ALZfX7V1H3yoViuW1SHtfiI-00219.jpg": {"object_bounding_box": [275, 517, 392, 286], "object_presence": 1}, "P241--black-small-wallet--clutter--mVehcT_u2aAdELTVvXI1ALZfX7V1H3yoViuW1SHtfiI-00220.jpg": {"object_bounding_box": [272, 510, 393, 289], "object_presence": 1}, "P241--black-small-wallet--clutter--mVehcT_u2aAdELTVvXI1ALZfX7V1H3yoViuW1SHtfiI-00221.jpg": {"object_bounding_box": [273, 511, 390, 289], "object_presence": 1}, "P241--black-small-wallet--clutter--mVehcT_u2aAdELTVvXI1ALZfX7V1H3yoViuW1SHtfiI-00222.jpg": {"object_bounding_box": [273, 513, 390, 287], "object_presence": 1}, "P241--black-small-wallet--clutter--mVehcT_u2aAdELTVvXI1ALZfX7V1H3yoViuW1SHtfiI-00223.jpg": {"object_bounding_box": [273, 511, 390, 289], "object_presence": 1}, "P241--black-small-wallet--clutter--mVehcT_u2aAdELTVvXI1ALZfX7V1H3yoViuW1SHtfiI-00224.jpg": {"object_bounding_box": [275, 515, 391, 287], "object_presence": 1}, "P241--black-small-wallet--clutter--mVehcT_u2aAdELTVvXI1ALZfX7V1H3yoViuW1SHtfiI-00225.jpg": {"object_bounding_box": [276, 517, 391, 286], "object_presence": 1}, "P241--black-small-wallet--clutter--mVehcT_u2aAdELTVvXI1ALZfX7V1H3yoViuW1SHtfiI-00226.jpg": {"object_bounding_box": [276, 514, 391, 287], "object_presence": 1}, "P241--black-small-wallet--clutter--mVehcT_u2aAdELTVvXI1ALZfX7V1H3yoViuW1SHtfiI-00227.jpg": {"object_bounding_box": [276, 517, 391, 283], "object_presence": 1}, "P241--black-small-wallet--clutter--mVehcT_u2aAdELTVvXI1ALZfX7V1H3yoViuW1SHtfiI-00228.jpg": {"object_bounding_box": [276, 517, 387, 286], "object_presence": 1}, "P241--black-small-wallet--clutter--mVehcT_u2aAdELTVvXI1ALZfX7V1H3yoViuW1SHtfiI-00229.jpg": {"object_bounding_box": [275, 515, 389, 285], "object_presence": 1}, "P241--black-small-wallet--clutter--mVehcT_u2aAdELTVvXI1ALZfX7V1H3yoViuW1SHtfiI-00230.jpg": {"object_bounding_box": [273, 514, 390, 287], "object_presence": 1}, "P241--black-small-wallet--clutter--mVehcT_u2aAdELTVvXI1ALZfX7V1H3yoViuW1SHtfiI-00231.jpg": {"object_bounding_box": [273, 511, 389, 287], "object_presence": 1}, "P241--black-small-wallet--clutter--mVehcT_u2aAdELTVvXI1ALZfX7V1H3yoViuW1SHtfiI-00232.jpg": {"object_bounding_box": [272, 508, 391, 290], "object_presence": 1}, "P241--black-small-wallet--clutter--mVehcT_u2aAdELTVvXI1ALZfX7V1H3yoViuW1SHtfiI-00233.jpg": {"object_bounding_box": [271, 509, 390, 290], "object_presence": 1}, "P241--black-small-wallet--clutter--mVehcT_u2aAdELTVvXI1ALZfX7V1H3yoViuW1SHtfiI-00234.jpg": {"object_bounding_box": [267, 505, 398, 296], "object_presence": 1}, "P241--black-small-wallet--clutter--mVehcT_u2aAdELTVvXI1ALZfX7V1H3yoViuW1SHtfiI-00235.jpg": {"object_bounding_box": [272, 513, 391, 287], "object_presence": 1}, "P241--black-small-wallet--clutter--mVehcT_u2aAdELTVvXI1ALZfX7V1H3yoViuW1SHtfiI-00236.jpg": {"object_bounding_box": [272, 514, 389, 284], "object_presence": 1}, "P241--black-small-wallet--clutter--mVehcT_u2aAdELTVvXI1ALZfX7V1H3yoViuW1SHtfiI-00237.jpg": {"object_bounding_box": [272, 511, 388, 287], "object_presence": 1}, "P241--black-small-wallet--clutter--mVehcT_u2aAdELTVvXI1ALZfX7V1H3yoViuW1SHtfiI-00238.jpg": {"object_bounding_box": [271, 511, 390, 288], "object_presence": 1}, "P241--black-small-wallet--clutter--mVehcT_u2aAdELTVvXI1ALZfX7V1H3yoViuW1SHtfiI-00239.jpg": {"object_bounding_box": [271, 507, 390, 288], "object_presence": 1}, "P241--black-small-wallet--clutter--mVehcT_u2aAdELTVvXI1ALZfX7V1H3yoViuW1SHtfiI-00240.jpg": {"object_bounding_box": [272, 508, 389, 286], "object_presence": 1}, "P241--black-small-wallet--clutter--mVehcT_u2aAdELTVvXI1ALZfX7V1H3yoViuW1SHtfiI-00241.jpg": {"object_bounding_box": [273, 508, 388, 288], "object_presence": 1}, "P241--black-small-wallet--clutter--mVehcT_u2aAdELTVvXI1ALZfX7V1H3yoViuW1SHtfiI-00242.jpg": {"object_bounding_box": [273, 506, 390, 287], "object_presence": 1}, "P241--black-small-wallet--clutter--mVehcT_u2aAdELTVvXI1ALZfX7V1H3yoViuW1SHtfiI-00243.jpg": {"object_bounding_box": [273, 506, 388, 287], "object_presence": 1}, "P241--black-small-wallet--clutter--mVehcT_u2aAdELTVvXI1ALZfX7V1H3yoViuW1SHtfiI-00244.jpg": {"object_bounding_box": [275, 507, 388, 286], "object_presence": 1}, "P241--black-small-wallet--clutter--mVehcT_u2aAdELTVvXI1ALZfX7V1H3yoViuW1SHtfiI-00245.jpg": {"object_bounding_box": [271, 507, 392, 286], "object_presence": 1}, "P241--black-small-wallet--clutter--mVehcT_u2aAdELTVvXI1ALZfX7V1H3yoViuW1SHtfiI-00246.jpg": {"object_bounding_box": [273, 507, 389, 285], "object_presence": 1}, "P241--black-small-wallet--clutter--mVehcT_u2aAdELTVvXI1ALZfX7V1H3yoViuW1SHtfiI-00247.jpg": {"object_bounding_box": [274, 508, 388, 285], "object_presence": 1}, "P241--black-small-wallet--clutter--mVehcT_u2aAdELTVvXI1ALZfX7V1H3yoViuW1SHtfiI-00248.jpg": {"object_bounding_box": [270, 510, 391, 285], "object_presence": 1}, "P241--black-small-wallet--clutter--mVehcT_u2aAdELTVvXI1ALZfX7V1H3yoViuW1SHtfiI-00249.jpg": {"object_bounding_box": [271, 507, 389, 284], "object_presence": 1}, "P241--black-small-wallet--clutter--mVehcT_u2aAdELTVvXI1ALZfX7V1H3yoViuW1SHtfiI-00250.jpg": {"object_bounding_box": [272, 507, 386, 284], "object_presence": 1}, "P241--black-small-wallet--clutter--mVehcT_u2aAdELTVvXI1ALZfX7V1H3yoViuW1SHtfiI-00251.jpg": {"object_bounding_box": [270, 508, 389, 283], "object_presence": 1}, "P241--black-small-wallet--clutter--mVehcT_u2aAdELTVvXI1ALZfX7V1H3yoViuW1SHtfiI-00252.jpg": {"object_bounding_box": [270, 505, 387, 283], "object_presence": 1}, "P241--black-small-wallet--clutter--mVehcT_u2aAdELTVvXI1ALZfX7V1H3yoViuW1SHtfiI-00253.jpg": {"object_bounding_box": [268, 510, 388, 281], "object_presence": 1}, "P241--black-small-wallet--clutter--mVehcT_u2aAdELTVvXI1ALZfX7V1H3yoViuW1SHtfiI-00254.jpg": {"object_bounding_box": [268, 510, 387, 283], "object_presence": 1}, "P241--black-small-wallet--clutter--mVehcT_u2aAdELTVvXI1ALZfX7V1H3yoViuW1SHtfiI-00255.jpg": {"object_bounding_box": [266, 510, 388, 282], "object_presence": 1}, "P241--black-small-wallet--clutter--mVehcT_u2aAdELTVvXI1ALZfX7V1H3yoViuW1SHtfiI-00256.jpg": {"object_bounding_box": [265, 508, 388, 286], "object_presence": 1}, "P241--black-small-wallet--clutter--mVehcT_u2aAdELTVvXI1ALZfX7V1H3yoViuW1SHtfiI-00257.jpg": {"object_bounding_box": [263, 508, 388, 283], "object_presence": 1}, "P241--black-small-wallet--clutter--mVehcT_u2aAdELTVvXI1ALZfX7V1H3yoViuW1SHtfiI-00258.jpg": {"object_bounding_box": [265, 511, 387, 281], "object_presence": 1}, "P241--black-small-wallet--clutter--mVehcT_u2aAdELTVvXI1ALZfX7V1H3yoViuW1SHtfiI-00259.jpg": {"object_bounding_box": [268, 513, 382, 281], "object_presence": 1}, "P241--black-small-wallet--clutter--mVehcT_u2aAdELTVvXI1ALZfX7V1H3yoViuW1SHtfiI-00260.jpg": {"object_bounding_box": [268, 512, 385, 283], "object_presence": 1}, "P241--black-small-wallet--clutter--mVehcT_u2aAdELTVvXI1ALZfX7V1H3yoViuW1SHtfiI-00261.jpg": {"object_bounding_box": [270, 510, 381, 286], "object_presence": 1}, "P241--black-small-wallet--clutter--mVehcT_u2aAdELTVvXI1ALZfX7V1H3yoViuW1SHtfiI-00262.jpg": {"object_bounding_box": [272, 514, 379, 283], "object_presence": 1}, "P241--black-small-wallet--clutter--mVehcT_u2aAdELTVvXI1ALZfX7V1H3yoViuW1SHtfiI-00263.jpg": {"object_bounding_box": [272, 513, 379, 284], "object_presence": 1}, "P241--black-small-wallet--clutter--mVehcT_u2aAdELTVvXI1ALZfX7V1H3yoViuW1SHtfiI-00264.jpg": {"object_bounding_box": [265, 511, 386, 285], "object_presence": 1}, "P241--black-small-wallet--clutter--mVehcT_u2aAdELTVvXI1ALZfX7V1H3yoViuW1SHtfiI-00265.jpg": {"object_bounding_box": [267, 511, 380, 285], "object_presence": 1}, "P241--black-small-wallet--clutter--mVehcT_u2aAdELTVvXI1ALZfX7V1H3yoViuW1SHtfiI-00266.jpg": {"object_bounding_box": [267, 514, 379, 283], "object_presence": 1}, "P241--black-small-wallet--clutter--mVehcT_u2aAdELTVvXI1ALZfX7V1H3yoViuW1SHtfiI-00267.jpg": {"object_bounding_box": [267, 517, 379, 281], "object_presence": 1}, "P241--black-small-wallet--clutter--mVehcT_u2aAdELTVvXI1ALZfX7V1H3yoViuW1SHtfiI-00268.jpg": {"object_bounding_box": [266, 516, 380, 281], "object_presence": 1}, "P241--black-small-wallet--clutter--mVehcT_u2aAdELTVvXI1ALZfX7V1H3yoViuW1SHtfiI-00269.jpg": {"object_bounding_box": [268, 518, 378, 280], "object_presence": 1}, "P241--black-small-wallet--clutter--mVehcT_u2aAdELTVvXI1ALZfX7V1H3yoViuW1SHtfiI-00270.jpg": {"object_bounding_box": [270, 520, 376, 279], "object_presence": 1}, "P241--black-small-wallet--clutter--mVehcT_u2aAdELTVvXI1ALZfX7V1H3yoViuW1SHtfiI-00271.jpg": {"object_bounding_box": [267, 520, 379, 280], "object_presence": 1}, "P241--black-small-wallet--clutter--mVehcT_u2aAdELTVvXI1ALZfX7V1H3yoViuW1SHtfiI-00272.jpg": {"object_bounding_box": [268, 521, 378, 279], "object_presence": 1}, "P241--black-small-wallet--clutter--mVehcT_u2aAdELTVvXI1ALZfX7V1H3yoViuW1SHtfiI-00273.jpg": {"object_bounding_box": [266, 517, 379, 282], "object_presence": 1}, "P241--black-small-wallet--clutter--mVehcT_u2aAdELTVvXI1ALZfX7V1H3yoViuW1SHtfiI-00274.jpg": {"object_bounding_box": [266, 517, 377, 283], "object_presence": 1}, "P241--black-small-wallet--clutter--mVehcT_u2aAdELTVvXI1ALZfX7V1H3yoViuW1SHtfiI-00275.jpg": {"object_bounding_box": [269, 518, 375, 281], "object_presence": 1}, "P241--black-small-wallet--clutter--mVehcT_u2aAdELTVvXI1ALZfX7V1H3yoViuW1SHtfiI-00276.jpg": {"object_bounding_box": [267, 515, 379, 281], "object_presence": 1}, "P241--black-small-wallet--clutter--mVehcT_u2aAdELTVvXI1ALZfX7V1H3yoViuW1SHtfiI-00277.jpg": {"object_bounding_box": [265, 516, 380, 280], "object_presence": 1}, "P241--black-small-wallet--clutter--mVehcT_u2aAdELTVvXI1ALZfX7V1H3yoViuW1SHtfiI-00278.jpg": {"object_bounding_box": [264, 515, 382, 280], "object_presence": 1}, "P241--black-small-wallet--clutter--mVehcT_u2aAdELTVvXI1ALZfX7V1H3yoViuW1SHtfiI-00279.jpg": {"object_bounding_box": [263, 514, 384, 281], "object_presence": 1}, "P241--black-small-wallet--clutter--mVehcT_u2aAdELTVvXI1ALZfX7V1H3yoViuW1SHtfiI-00280.jpg": {"object_bounding_box": [262, 512, 385, 283], "object_presence": 1}, "P241--black-small-wallet--clutter--mVehcT_u2aAdELTVvXI1ALZfX7V1H3yoViuW1SHtfiI-00281.jpg": {"object_bounding_box": [266, 514, 382, 282], "object_presence": 1}, "P241--black-small-wallet--clutter--mVehcT_u2aAdELTVvXI1ALZfX7V1H3yoViuW1SHtfiI-00282.jpg": {"object_bounding_box": [268, 515, 378, 280], "object_presence": 1}, "P241--black-small-wallet--clutter--mVehcT_u2aAdELTVvXI1ALZfX7V1H3yoViuW1SHtfiI-00283.jpg": {"object_bounding_box": [267, 509, 377, 285], "object_presence": 1}, "P241--black-small-wallet--clutter--mVehcT_u2aAdELTVvXI1ALZfX7V1H3yoViuW1SHtfiI-00284.jpg": {"object_bounding_box": [260, 511, 385, 281], "object_presence": 1}, "P241--black-small-wallet--clutter--mVehcT_u2aAdELTVvXI1ALZfX7V1H3yoViuW1SHtfiI-00285.jpg": {"object_bounding_box": [261, 509, 385, 283], "object_presence": 1}, "P241--black-small-wallet--clutter--mVehcT_u2aAdELTVvXI1ALZfX7V1H3yoViuW1SHtfiI-00286.jpg": {"object_bounding_box": [262, 507, 385, 285], "object_presence": 1}, "P241--black-small-wallet--clutter--mVehcT_u2aAdELTVvXI1ALZfX7V1H3yoViuW1SHtfiI-00287.jpg": {"object_bounding_box": [264, 508, 383, 283], "object_presence": 1}, "P241--black-small-wallet--clutter--mVehcT_u2aAdELTVvXI1ALZfX7V1H3yoViuW1SHtfiI-00288.jpg": {"object_bounding_box": [260, 506, 387, 284], "object_presence": 1}, "P241--black-small-wallet--clutter--mVehcT_u2aAdELTVvXI1ALZfX7V1H3yoViuW1SHtfiI-00289.jpg": {"object_bounding_box": [265, 502, 383, 285], "object_presence": 1}, "P241--black-small-wallet--clutter--mVehcT_u2aAdELTVvXI1ALZfX7V1H3yoViuW1SHtfiI-00290.jpg": {"object_bounding_box": [263, 503, 384, 283], "object_presence": 1}, "P241--black-small-wallet--clutter--mVehcT_u2aAdELTVvXI1ALZfX7V1H3yoViuW1SHtfiI-00291.jpg": {"object_bounding_box": [263, 500, 385, 285], "object_presence": 1}, "P241--black-small-wallet--clutter--mVehcT_u2aAdELTVvXI1ALZfX7V1H3yoViuW1SHtfiI-00292.jpg": {"object_bounding_box": [264, 503, 383, 283], "object_presence": 1}, "P241--black-small-wallet--clutter--mVehcT_u2aAdELTVvXI1ALZfX7V1H3yoViuW1SHtfiI-00293.jpg": {"object_bounding_box": [265, 502, 384, 282], "object_presence": 1}, "P241--black-small-wallet--clutter--mVehcT_u2aAdELTVvXI1ALZfX7V1H3yoViuW1SHtfiI-00294.jpg": {"object_bounding_box": [268, 504, 386, 283], "object_presence": 1}, "P241--black-small-wallet--clutter--mVehcT_u2aAdELTVvXI1ALZfX7V1H3yoViuW1SHtfiI-00295.jpg": {"object_bounding_box": [265, 502, 387, 285], "object_presence": 1}, "P241--black-small-wallet--clutter--mVehcT_u2aAdELTVvXI1ALZfX7V1H3yoViuW1SHtfiI-00296.jpg": {"object_bounding_box": [264, 501, 388, 285], "object_presence": 1}, "P241--black-small-wallet--clutter--mVehcT_u2aAdELTVvXI1ALZfX7V1H3yoViuW1SHtfiI-00297.jpg": {"object_bounding_box": [263, 501, 390, 286], "object_presence": 1}, "P241--black-small-wallet--clutter--mVehcT_u2aAdELTVvXI1ALZfX7V1H3yoViuW1SHtfiI-00298.jpg": {"object_bounding_box": [262, 503, 389, 287], "object_presence": 1}, "P241--black-small-wallet--clutter--mVehcT_u2aAdELTVvXI1ALZfX7V1H3yoViuW1SHtfiI-00299.jpg": {"object_bounding_box": [263, 503, 388, 286], "object_presence": 1}, "P241--black-small-wallet--clutter--mVehcT_u2aAdELTVvXI1ALZfX7V1H3yoViuW1SHtfiI-00300.jpg": {"object_bounding_box": [262, 504, 389, 286], "object_presence": 1}, "P241--black-small-wallet--clutter--mVehcT_u2aAdELTVvXI1ALZfX7V1H3yoViuW1SHtfiI-00301.jpg": {"object_bounding_box": [265, 503, 388, 287], "object_presence": 1}, "P241--black-small-wallet--clutter--mVehcT_u2aAdELTVvXI1ALZfX7V1H3yoViuW1SHtfiI-00302.jpg": {"object_bounding_box": [263, 503, 390, 289], "object_presence": 1}, "P241--black-small-wallet--clutter--mVehcT_u2aAdELTVvXI1ALZfX7V1H3yoViuW1SHtfiI-00303.jpg": {"object_bounding_box": [263, 504, 388, 287], "object_presence": 1}, "P241--black-small-wallet--clutter--mVehcT_u2aAdELTVvXI1ALZfX7V1H3yoViuW1SHtfiI-00304.jpg": {"object_bounding_box": [263, 505, 389, 287], "object_presence": 1}, "P241--black-small-wallet--clutter--mVehcT_u2aAdELTVvXI1ALZfX7V1H3yoViuW1SHtfiI-00305.jpg": {"object_bounding_box": [261, 505, 389, 283], "object_presence": 1}, "P241--black-small-wallet--clutter--mVehcT_u2aAdELTVvXI1ALZfX7V1H3yoViuW1SHtfiI-00306.jpg": {"object_bounding_box": [261, 504, 388, 286], "object_presence": 1}, "P241--black-small-wallet--clutter--mVehcT_u2aAdELTVvXI1ALZfX7V1H3yoViuW1SHtfiI-00307.jpg": {"object_bounding_box": [261, 507, 387, 285], "object_presence": 1}, "P241--black-small-wallet--clutter--mVehcT_u2aAdELTVvXI1ALZfX7V1H3yoViuW1SHtfiI-00308.jpg": {"object_bounding_box": [262, 505, 388, 289], "object_presence": 1}, "P241--black-small-wallet--clutter--mVehcT_u2aAdELTVvXI1ALZfX7V1H3yoViuW1SHtfiI-00309.jpg": {"object_bounding_box": [261, 510, 390, 288], "object_presence": 1}, "P241--black-small-wallet--clutter--mVehcT_u2aAdELTVvXI1ALZfX7V1H3yoViuW1SHtfiI-00310.jpg": {"object_bounding_box": [264, 509, 388, 287], "object_presence": 1}, "P241--black-small-wallet--clutter--mVehcT_u2aAdELTVvXI1ALZfX7V1H3yoViuW1SHtfiI-00311.jpg": {"object_bounding_box": [264, 508, 389, 287], "object_presence": 1}, "P241--black-small-wallet--clutter--mVehcT_u2aAdELTVvXI1ALZfX7V1H3yoViuW1SHtfiI-00312.jpg": {"object_bounding_box": [264, 509, 386, 284], "object_presence": 1}, "P241--black-small-wallet--clutter--mVehcT_u2aAdELTVvXI1ALZfX7V1H3yoViuW1SHtfiI-00313.jpg": {"object_bounding_box": [267, 507, 388, 284], "object_presence": 1}, "P241--black-small-wallet--clutter--mVehcT_u2aAdELTVvXI1ALZfX7V1H3yoViuW1SHtfiI-00314.jpg": {"object_bounding_box": [271, 508, 387, 284], "object_presence": 1}, "P241--black-small-wallet--clutter--mVehcT_u2aAdELTVvXI1ALZfX7V1H3yoViuW1SHtfiI-00315.jpg": {"object_bounding_box": [274, 524, 385, 279], "object_presence": 1}, "P241--black-small-wallet--clutter--mVehcT_u2aAdELTVvXI1ALZfX7V1H3yoViuW1SHtfiI-00316.jpg": {"object_bounding_box": [284, 531, 379, 278], "object_presence": 1}, "P241--black-small-wallet--clutter--mVehcT_u2aAdELTVvXI1ALZfX7V1H3yoViuW1SHtfiI-00317.jpg": {"object_bounding_box": [290, 529, 379, 277], "object_presence": 1}, "P241--black-small-wallet--clutter--mVehcT_u2aAdELTVvXI1ALZfX7V1H3yoViuW1SHtfiI-00318.jpg": {"object_bounding_box": [297, 531, 377, 273], "object_presence": 1}, "P241--black-small-wallet--clutter--mVehcT_u2aAdELTVvXI1ALZfX7V1H3yoViuW1SHtfiI-00319.jpg": {"object_bounding_box": [302, 535, 375, 270], "object_presence": 1}, "P241--black-small-wallet--clutter--mVehcT_u2aAdELTVvXI1ALZfX7V1H3yoViuW1SHtfiI-00320.jpg": {"object_bounding_box": [316, 522, 371, 268], "object_presence": 1}, "P241--black-small-wallet--clutter--mVehcT_u2aAdELTVvXI1ALZfX7V1H3yoViuW1SHtfiI-00321.jpg": {"object_bounding_box": [322, 507, 374, 262], "object_presence": 1}, "P241--black-small-wallet--clutter--mVehcT_u2aAdELTVvXI1ALZfX7V1H3yoViuW1SHtfiI-00322.jpg": {"object_bounding_box": [326, 492, 370, 264], "object_presence": 1}, "P241--black-small-wallet--clutter--mVehcT_u2aAdELTVvXI1ALZfX7V1H3yoViuW1SHtfiI-00323.jpg": {"object_bounding_box": [329, 488, 370, 265], "object_presence": 1}, "P241--black-small-wallet--clutter--mVehcT_u2aAdELTVvXI1ALZfX7V1H3yoViuW1SHtfiI-00324.jpg": {"object_bounding_box": [334, 491, 366, 260], "object_presence": 1}, "P241--black-small-wallet--clutter--mVehcT_u2aAdELTVvXI1ALZfX7V1H3yoViuW1SHtfiI-00325.jpg": {"object_bounding_box": [341, 492, 363, 259], "object_presence": 1}, "P241--black-small-wallet--clutter--mVehcT_u2aAdELTVvXI1ALZfX7V1H3yoViuW1SHtfiI-00326.jpg": {"object_bounding_box": [340, 494, 361, 258], "object_presence": 1}, "P241--black-small-wallet--clutter--mVehcT_u2aAdELTVvXI1ALZfX7V1H3yoViuW1SHtfiI-00327.jpg": {"object_bounding_box": [342, 496, 358, 253], "object_presence": 1}, "P241--black-small-wallet--clutter--mVehcT_u2aAdELTVvXI1ALZfX7V1H3yoViuW1SHtfiI-00328.jpg": {"object_bounding_box": [343, 490, 358, 255], "object_presence": 1}, "P241--black-small-wallet--clutter--mVehcT_u2aAdELTVvXI1ALZfX7V1H3yoViuW1SHtfiI-00329.jpg": {"object_bounding_box": [342, 493, 356, 251], "object_presence": 1}, "P241--black-small-wallet--clutter--mVehcT_u2aAdELTVvXI1ALZfX7V1H3yoViuW1SHtfiI-00330.jpg": {"object_bounding_box": [345, 504, 352, 250], "object_presence": 1}, "P241--black-small-wallet--clutter--mVehcT_u2aAdELTVvXI1ALZfX7V1H3yoViuW1SHtfiI-00331.jpg": {"object_bounding_box": [347, 517, 347, 248], "object_presence": 1}, "P241--black-small-wallet--clutter--mVehcT_u2aAdELTVvXI1ALZfX7V1H3yoViuW1SHtfiI-00332.jpg": {"object_bounding_box": [347, 532, 345, 243], "object_presence": 1}, "P241--black-small-wallet--clutter--mVehcT_u2aAdELTVvXI1ALZfX7V1H3yoViuW1SHtfiI-00333.jpg": {"object_bounding_box": [349, 546, 344, 241], "object_presence": 1}, "P241--black-small-wallet--clutter--mVehcT_u2aAdELTVvXI1ALZfX7V1H3yoViuW1SHtfiI-00334.jpg": {"object_bounding_box": [351, 556, 340, 243], "object_presence": 1}, "P241--black-small-wallet--clutter--mVehcT_u2aAdELTVvXI1ALZfX7V1H3yoViuW1SHtfiI-00335.jpg": {"object_bounding_box": [353, 564, 339, 242], "object_presence": 1}, "P241--black-small-wallet--clutter--mVehcT_u2aAdELTVvXI1ALZfX7V1H3yoViuW1SHtfiI-00336.jpg": {"object_bounding_box": [351, 569, 335, 243], "object_presence": 1}, "P241--black-small-wallet--clutter--mVehcT_u2aAdELTVvXI1ALZfX7V1H3yoViuW1SHtfiI-00337.jpg": {"object_bounding_box": [348, 579, 336, 239], "object_presence": 1}, "P241--black-small-wallet--clutter--mVehcT_u2aAdELTVvXI1ALZfX7V1H3yoViuW1SHtfiI-00338.jpg": {"object_bounding_box": [347, 593, 327, 238], "object_presence": 1}, "P241--black-small-wallet--clutter--mVehcT_u2aAdELTVvXI1ALZfX7V1H3yoViuW1SHtfiI-00339.jpg": {"object_bounding_box": [346, 601, 331, 237], "object_presence": 1}, "P241--black-small-wallet--clutter--mVehcT_u2aAdELTVvXI1ALZfX7V1H3yoViuW1SHtfiI-00340.jpg": {"object_bounding_box": [350, 602, 323, 236], "object_presence": 1}, "P241--black-small-wallet--clutter--mVehcT_u2aAdELTVvXI1ALZfX7V1H3yoViuW1SHtfiI-00341.jpg": {"object_bounding_box": [352, 607, 323, 231], "object_presence": 1}, "P241--black-small-wallet--clutter--mVehcT_u2aAdELTVvXI1ALZfX7V1H3yoViuW1SHtfiI-00342.jpg": {"object_bounding_box": [357, 615, 318, 229], "object_presence": 1}, "P241--black-small-wallet--clutter--mVehcT_u2aAdELTVvXI1ALZfX7V1H3yoViuW1SHtfiI-00343.jpg": {"object_bounding_box": [352, 627, 321, 230], "object_presence": 1}, "P241--black-small-wallet--clutter--mVehcT_u2aAdELTVvXI1ALZfX7V1H3yoViuW1SHtfiI-00344.jpg": {"object_bounding_box": [348, 640, 316, 224], "object_presence": 1}, "P241--black-small-wallet--clutter--mVehcT_u2aAdELTVvXI1ALZfX7V1H3yoViuW1SHtfiI-00345.jpg": {"object_bounding_box": [342, 633, 317, 223], "object_presence": 1}, "P241--black-small-wallet--clutter--mVehcT_u2aAdELTVvXI1ALZfX7V1H3yoViuW1SHtfiI-00346.jpg": {"object_bounding_box": [341, 614, 312, 225], "object_presence": 1}, "P241--black-small-wallet--clutter--mVehcT_u2aAdELTVvXI1ALZfX7V1H3yoViuW1SHtfiI-00347.jpg": {"object_bounding_box": [335, 606, 310, 227], "object_presence": 1}, "P241--black-small-wallet--clutter--mVehcT_u2aAdELTVvXI1ALZfX7V1H3yoViuW1SHtfiI-00348.jpg": {"object_bounding_box": [328, 606, 309, 222], "object_presence": 1}, "P241--black-small-wallet--clutter--mVehcT_u2aAdELTVvXI1ALZfX7V1H3yoViuW1SHtfiI-00349.jpg": {"object_bounding_box": [326, 599, 306, 218], "object_presence": 1}, "P241--black-small-wallet--clutter--mVehcT_u2aAdELTVvXI1ALZfX7V1H3yoViuW1SHtfiI-00350.jpg": {"object_bounding_box": [319, 598, 310, 217], "object_presence": 1}, "P241--black-small-wallet--clutter--mVehcT_u2aAdELTVvXI1ALZfX7V1H3yoViuW1SHtfiI-00351.jpg": {"object_bounding_box": [318, 603, 309, 220], "object_presence": 1}, "P241--black-small-wallet--clutter--mVehcT_u2aAdELTVvXI1ALZfX7V1H3yoViuW1SHtfiI-00352.jpg": {"object_bounding_box": [308, 615, 309, 220], "object_presence": 1}, "P241--black-small-wallet--clutter--mVehcT_u2aAdELTVvXI1ALZfX7V1H3yoViuW1SHtfiI-00353.jpg": {"object_bounding_box": [301, 631, 304, 223], "object_presence": 1}, "P241--black-small-wallet--clutter--mVehcT_u2aAdELTVvXI1ALZfX7V1H3yoViuW1SHtfiI-00354.jpg": {"object_bounding_box": [294, 639, 303, 222], "object_presence": 1}, "P241--black-small-wallet--clutter--mVehcT_u2aAdELTVvXI1ALZfX7V1H3yoViuW1SHtfiI-00355.jpg": {"object_bounding_box": [292, 640, 304, 223], "object_presence": 1}, "P241--black-small-wallet--clutter--mVehcT_u2aAdELTVvXI1ALZfX7V1H3yoViuW1SHtfiI-00356.jpg": {"object_bounding_box": [290, 642, 304, 226], "object_presence": 1}, "P241--black-small-wallet--clutter--mVehcT_u2aAdELTVvXI1ALZfX7V1H3yoViuW1SHtfiI-00357.jpg": {"object_bounding_box": [285, 652, 304, 221], "object_presence": 1}, "P241--black-small-wallet--clutter--mVehcT_u2aAdELTVvXI1ALZfX7V1H3yoViuW1SHtfiI-00358.jpg": {"object_bounding_box": [287, 659, 303, 217], "object_presence": 1}, "P241--black-small-wallet--clutter--mVehcT_u2aAdELTVvXI1ALZfX7V1H3yoViuW1SHtfiI-00359.jpg": {"object_bounding_box": [287, 667, 299, 218], "object_presence": 1}, "P241--black-small-wallet--clutter--mVehcT_u2aAdELTVvXI1ALZfX7V1H3yoViuW1SHtfiI-00360.jpg": {"object_bounding_box": [288, 678, 299, 216], "object_presence": 1}, "P241--black-small-wallet--clutter--mVehcT_u2aAdELTVvXI1ALZfX7V1H3yoViuW1SHtfiI-00361.jpg": {"object_bounding_box": [293, 688, 293, 213], "object_presence": 1}, "P241--black-small-wallet--clutter--mVehcT_u2aAdELTVvXI1ALZfX7V1H3yoViuW1SHtfiI-00362.jpg": {"object_bounding_box": [302, 696, 294, 213], "object_presence": 1}, "P241--black-small-wallet--clutter--mVehcT_u2aAdELTVvXI1ALZfX7V1H3yoViuW1SHtfiI-00363.jpg": {"object_bounding_box": [309, 706, 285, 211], "object_presence": 1}, "P241--black-small-wallet--clutter--mVehcT_u2aAdELTVvXI1ALZfX7V1H3yoViuW1SHtfiI-00364.jpg": {"object_bounding_box": [311, 707, 287, 213], "object_presence": 1}, "P241--black-small-wallet--clutter--mVehcT_u2aAdELTVvXI1ALZfX7V1H3yoViuW1SHtfiI-00365.jpg": {"object_bounding_box": [317, 707, 286, 210], "object_presence": 1}, "P241--black-small-wallet--clutter--mVehcT_u2aAdELTVvXI1ALZfX7V1H3yoViuW1SHtfiI-00366.jpg": {"object_bounding_box": [328, 701, 287, 207], "object_presence": 1}, "P241--black-small-wallet--clutter--mVehcT_u2aAdELTVvXI1ALZfX7V1H3yoViuW1SHtfiI-00367.jpg": {"object_bounding_box": [333, 692, 282, 204], "object_presence": 1}, "P241--black-small-wallet--clutter--mVehcT_u2aAdELTVvXI1ALZfX7V1H3yoViuW1SHtfiI-00368.jpg": {"object_bounding_box": [334, 694, 280, 200], "object_presence": 1}, "P241--black-small-wallet--clutter--mVehcT_u2aAdELTVvXI1ALZfX7V1H3yoViuW1SHtfiI-00369.jpg": {"object_bounding_box": [337, 693, 276, 198], "object_presence": 1}, "P241--black-small-wallet--clutter--mVehcT_u2aAdELTVvXI1ALZfX7V1H3yoViuW1SHtfiI-00370.jpg": {"object_bounding_box": [340, 697, 276, 196], "object_presence": 1}, "P241--black-small-wallet--clutter--mVehcT_u2aAdELTVvXI1ALZfX7V1H3yoViuW1SHtfiI-00371.jpg": {"object_bounding_box": [342, 699, 276, 195], "object_presence": 1}, "P241--black-small-wallet--clutter--mVehcT_u2aAdELTVvXI1ALZfX7V1H3yoViuW1SHtfiI-00372.jpg": {"object_bounding_box": [343, 702, 278, 193], "object_presence": 1}, "P241--black-small-wallet--clutter--mVehcT_u2aAdELTVvXI1ALZfX7V1H3yoViuW1SHtfiI-00373.jpg": {"object_bounding_box": [348, 700, 276, 197], "object_presence": 1}, "P241--black-small-wallet--clutter--mVehcT_u2aAdELTVvXI1ALZfX7V1H3yoViuW1SHtfiI-00374.jpg": {"object_bounding_box": [350, 701, 275, 193], "object_presence": 1}, "P241--black-small-wallet--clutter--mVehcT_u2aAdELTVvXI1ALZfX7V1H3yoViuW1SHtfiI-00375.jpg": {"object_bounding_box": [354, 696, 277, 192], "object_presence": 1}, "P241--black-small-wallet--clutter--mVehcT_u2aAdELTVvXI1ALZfX7V1H3yoViuW1SHtfiI-00376.jpg": {"object_bounding_box": [365, 686, 275, 190], "object_presence": 1}, "P241--black-small-wallet--clutter--mVehcT_u2aAdELTVvXI1ALZfX7V1H3yoViuW1SHtfiI-00377.jpg": {"object_bounding_box": [369, 681, 273, 186], "object_presence": 1}, "P241--black-small-wallet--clutter--mVehcT_u2aAdELTVvXI1ALZfX7V1H3yoViuW1SHtfiI-00378.jpg": {"object_bounding_box": [367, 673, 273, 188], "object_presence": 1}, "P241--black-small-wallet--clutter--mVehcT_u2aAdELTVvXI1ALZfX7V1H3yoViuW1SHtfiI-00379.jpg": {"object_bounding_box": [367, 665, 275, 188], "object_presence": 1}, "P241--black-small-wallet--clutter--mVehcT_u2aAdELTVvXI1ALZfX7V1H3yoViuW1SHtfiI-00380.jpg": {"object_bounding_box": [370, 657, 273, 189], "object_presence": 1}, "P241--black-small-wallet--clutter--mVehcT_u2aAdELTVvXI1ALZfX7V1H3yoViuW1SHtfiI-00381.jpg": {"object_bounding_box": [366, 652, 275, 190], "object_presence": 1}, "P241--black-small-wallet--clutter--mVehcT_u2aAdELTVvXI1ALZfX7V1H3yoViuW1SHtfiI-00382.jpg": {"object_bounding_box": [365, 655, 268, 187], "object_presence": 1}, "P241--black-small-wallet--clutter--mVehcT_u2aAdELTVvXI1ALZfX7V1H3yoViuW1SHtfiI-00383.jpg": {"object_bounding_box": [360, 657, 271, 189], "object_presence": 1}, "P241--black-small-wallet--clutter--mVehcT_u2aAdELTVvXI1ALZfX7V1H3yoViuW1SHtfiI-00384.jpg": {"object_bounding_box": [359, 656, 273, 190], "object_presence": 1}, "P241--black-small-wallet--clutter--mVehcT_u2aAdELTVvXI1ALZfX7V1H3yoViuW1SHtfiI-00385.jpg": {"object_bounding_box": [360, 655, 273, 190], "object_presence": 1}, "P241--black-small-wallet--clutter--mVehcT_u2aAdELTVvXI1ALZfX7V1H3yoViuW1SHtfiI-00386.jpg": {"object_bounding_box": [357, 657, 275, 189], "object_presence": 1}, "P241--black-small-wallet--clutter--mVehcT_u2aAdELTVvXI1ALZfX7V1H3yoViuW1SHtfiI-00387.jpg": {"object_bounding_box": [354, 657, 275, 191], "object_presence": 1}, "P241--black-small-wallet--clutter--mVehcT_u2aAdELTVvXI1ALZfX7V1H3yoViuW1SHtfiI-00388.jpg": {"object_bounding_box": [353, 661, 273, 191], "object_presence": 1}, "P241--black-small-wallet--clutter--mVehcT_u2aAdELTVvXI1ALZfX7V1H3yoViuW1SHtfiI-00389.jpg": {"object_bounding_box": [350, 664, 273, 191], "object_presence": 1}, "P241--black-small-wallet--clutter--mVehcT_u2aAdELTVvXI1ALZfX7V1H3yoViuW1SHtfiI-00390.jpg": {"object_bounding_box": [349, 668, 269, 191], "object_presence": 1}, "P241--black-small-wallet--clutter--mVehcT_u2aAdELTVvXI1ALZfX7V1H3yoViuW1SHtfiI-00391.jpg": {"object_bounding_box": [346, 669, 271, 189], "object_presence": 1}, "P241--black-small-wallet--clutter--mVehcT_u2aAdELTVvXI1ALZfX7V1H3yoViuW1SHtfiI-00392.jpg": {"object_bounding_box": [343, 667, 273, 195], "object_presence": 1}, "P241--black-small-wallet--clutter--mVehcT_u2aAdELTVvXI1ALZfX7V1H3yoViuW1SHtfiI-00393.jpg": {"object_bounding_box": [341, 671, 273, 192], "object_presence": 1}, "P241--black-small-wallet--clutter--mVehcT_u2aAdELTVvXI1ALZfX7V1H3yoViuW1SHtfiI-00394.jpg": {"object_bounding_box": [341, 672, 273, 191], "object_presence": 1}, "P241--black-small-wallet--clutter--mVehcT_u2aAdELTVvXI1ALZfX7V1H3yoViuW1SHtfiI-00395.jpg": {"object_bounding_box": [341, 672, 273, 189], "object_presence": 1}, "P241--black-small-wallet--clutter--mVehcT_u2aAdELTVvXI1ALZfX7V1H3yoViuW1SHtfiI-00396.jpg": {"object_bounding_box": [339, 672, 275, 192], "object_presence": 1}, "P241--black-small-wallet--clutter--mVehcT_u2aAdELTVvXI1ALZfX7V1H3yoViuW1SHtfiI-00397.jpg": {"object_bounding_box": [338, 671, 273, 197], "object_presence": 1}, "P241--black-small-wallet--clutter--mVehcT_u2aAdELTVvXI1ALZfX7V1H3yoViuW1SHtfiI-00398.jpg": {"object_bounding_box": [339, 673, 273, 193], "object_presence": 1}, "P241--black-small-wallet--clutter--mVehcT_u2aAdELTVvXI1ALZfX7V1H3yoViuW1SHtfiI-00399.jpg": {"object_bounding_box": [338, 674, 272, 194], "object_presence": 1}, "P241--black-small-wallet--clutter--mVehcT_u2aAdELTVvXI1ALZfX7V1H3yoViuW1SHtfiI-00400.jpg": {"object_bounding_box": [335, 679, 274, 191], "object_presence": 1}, "P241--black-small-wallet--clutter--mVehcT_u2aAdELTVvXI1ALZfX7V1H3yoViuW1SHtfiI-00401.jpg": {"object_bounding_box": [335, 681, 274, 192], "object_presence": 1}, "P241--black-small-wallet--clutter--mVehcT_u2aAdELTVvXI1ALZfX7V1H3yoViuW1SHtfiI-00402.jpg": {"object_bounding_box": [335, 682, 273, 192], "object_presence": 1}, "P241--black-small-wallet--clutter--mVehcT_u2aAdELTVvXI1ALZfX7V1H3yoViuW1SHtfiI-00403.jpg": {"object_bounding_box": [333, 682, 275, 194], "object_presence": 1}, "P241--black-small-wallet--clutter--mVehcT_u2aAdELTVvXI1ALZfX7V1H3yoViuW1SHtfiI-00404.jpg": {"object_bounding_box": [332, 683, 273, 195], "object_presence": 1}, "P241--black-small-wallet--clutter--mVehcT_u2aAdELTVvXI1ALZfX7V1H3yoViuW1SHtfiI-00405.jpg": {"object_bounding_box": [330, 686, 275, 196], "object_presence": 1}, "P241--black-small-wallet--clutter--mVehcT_u2aAdELTVvXI1ALZfX7V1H3yoViuW1SHtfiI-00406.jpg": {"object_bounding_box": [331, 687, 274, 197], "object_presence": 1}, "P241--black-small-wallet--clutter--mVehcT_u2aAdELTVvXI1ALZfX7V1H3yoViuW1SHtfiI-00407.jpg": {"object_bounding_box": [331, 688, 274, 196], "object_presence": 1}, "P241--black-small-wallet--clutter--mVehcT_u2aAdELTVvXI1ALZfX7V1H3yoViuW1SHtfiI-00408.jpg": {"object_bounding_box": [331, 686, 274, 196], "object_presence": 1}, "P241--black-small-wallet--clutter--mVehcT_u2aAdELTVvXI1ALZfX7V1H3yoViuW1SHtfiI-00409.jpg": {"object_bounding_box": [331, 690, 272, 197], "object_presence": 1}, "P241--black-small-wallet--clutter--mVehcT_u2aAdELTVvXI1ALZfX7V1H3yoViuW1SHtfiI-00410.jpg": {"object_bounding_box": [328, 692, 273, 196], "object_presence": 1}, "P241--black-small-wallet--clutter--mVehcT_u2aAdELTVvXI1ALZfX7V1H3yoViuW1SHtfiI-00411.jpg": {"object_bounding_box": [328, 691, 274, 195], "object_presence": 1}, "P241--black-small-wallet--clutter--mVehcT_u2aAdELTVvXI1ALZfX7V1H3yoViuW1SHtfiI-00412.jpg": {"object_bounding_box": [325, 691, 274, 198], "object_presence": 1}, "P241--black-small-wallet--clutter--mVehcT_u2aAdELTVvXI1ALZfX7V1H3yoViuW1SHtfiI-00413.jpg": {"object_bounding_box": [325, 696, 274, 199], "object_presence": 1}, "P241--black-small-wallet--clutter--mVehcT_u2aAdELTVvXI1ALZfX7V1H3yoViuW1SHtfiI-00414.jpg": {"object_bounding_box": [324, 699, 274, 197], "object_presence": 1}, "P241--black-small-wallet--clutter--mVehcT_u2aAdELTVvXI1ALZfX7V1H3yoViuW1SHtfiI-00415.jpg": {"object_bounding_box": [323, 698, 274, 200], "object_presence": 1}, "P241--black-small-wallet--clutter--mVehcT_u2aAdELTVvXI1ALZfX7V1H3yoViuW1SHtfiI-00416.jpg": {"object_bounding_box": [324, 700, 274, 199], "object_presence": 1}, "P241--black-small-wallet--clutter--mVehcT_u2aAdELTVvXI1ALZfX7V1H3yoViuW1SHtfiI-00417.jpg": {"object_bounding_box": [321, 698, 276, 201], "object_presence": 1}, "P241--black-small-wallet--clutter--mVehcT_u2aAdELTVvXI1ALZfX7V1H3yoViuW1SHtfiI-00418.jpg": {"object_bounding_box": [321, 701, 275, 199], "object_presence": 1}, "P241--black-small-wallet--clutter--mVehcT_u2aAdELTVvXI1ALZfX7V1H3yoViuW1SHtfiI-00419.jpg": {"object_bounding_box": [321, 701, 275, 199], "object_presence": 1}, "P241--black-small-wallet--clutter--mVehcT_u2aAdELTVvXI1ALZfX7V1H3yoViuW1SHtfiI-00420.jpg": {"object_bounding_box": [321, 701, 275, 198], "object_presence": 1}, "P241--black-small-wallet--clutter--mVehcT_u2aAdELTVvXI1ALZfX7V1H3yoViuW1SHtfiI-00421.jpg": {"object_bounding_box": [321, 701, 275, 198], "object_presence": 1}, "P241--black-small-wallet--clutter--mVehcT_u2aAdELTVvXI1ALZfX7V1H3yoViuW1SHtfiI-00422.jpg": {"object_bounding_box": [325, 700, 273, 202], "object_presence": 1}, "P241--black-small-wallet--clutter--mVehcT_u2aAdELTVvXI1ALZfX7V1H3yoViuW1SHtfiI-00423.jpg": {"object_bounding_box": [325, 700, 273, 202], "object_presence": 1}, "P241--black-small-wallet--clutter--mVehcT_u2aAdELTVvXI1ALZfX7V1H3yoViuW1SHtfiI-00424.jpg": {"object_bounding_box": [325, 703, 275, 200], "object_presence": 1}, "P241--black-small-wallet--clutter--mVehcT_u2aAdELTVvXI1ALZfX7V1H3yoViuW1SHtfiI-00425.jpg": {"object_bounding_box": [327, 704, 275, 202], "object_presence": 1}, "P241--black-small-wallet--clutter--mVehcT_u2aAdELTVvXI1ALZfX7V1H3yoViuW1SHtfiI-00426.jpg": {"object_bounding_box": [327, 704, 275, 203], "object_presence": 1}, "P241--black-small-wallet--clutter--mVehcT_u2aAdELTVvXI1ALZfX7V1H3yoViuW1SHtfiI-00427.jpg": {"object_bounding_box": [327, 706, 276, 201], "object_presence": 1}, "P241--black-small-wallet--clutter--mVehcT_u2aAdELTVvXI1ALZfX7V1H3yoViuW1SHtfiI-00428.jpg": {"object_bounding_box": [326, 707, 277, 203], "object_presence": 1}, "P241--black-small-wallet--clutter--mVehcT_u2aAdELTVvXI1ALZfX7V1H3yoViuW1SHtfiI-00429.jpg": {"object_bounding_box": [326, 710, 277, 200], "object_presence": 1}, "P241--black-small-wallet--clutter--mVehcT_u2aAdELTVvXI1ALZfX7V1H3yoViuW1SHtfiI-00430.jpg": {"object_bounding_box": [329, 710, 274, 200], "object_presence": 1}, "P241--black-small-wallet--clutter--mVehcT_u2aAdELTVvXI1ALZfX7V1H3yoViuW1SHtfiI-00431.jpg": {"object_bounding_box": [329, 710, 274, 200], "object_presence": 1}, "P241--black-small-wallet--clutter--mVehcT_u2aAdELTVvXI1ALZfX7V1H3yoViuW1SHtfiI-00432.jpg": {"object_bounding_box": [328, 711, 277, 199], "object_presence": 1}, "P241--black-small-wallet--clutter--mVehcT_u2aAdELTVvXI1ALZfX7V1H3yoViuW1SHtfiI-00433.jpg": {"object_bounding_box": [331, 710, 275, 202], "object_presence": 1}, "P241--black-small-wallet--clutter--mVehcT_u2aAdELTVvXI1ALZfX7V1H3yoViuW1SHtfiI-00434.jpg": {"object_bounding_box": [330, 713, 275, 198], "object_presence": 1}, "P241--black-small-wallet--clutter--mVehcT_u2aAdELTVvXI1ALZfX7V1H3yoViuW1SHtfiI-00435.jpg": {"object_bounding_box": [330, 714, 275, 199], "object_presence": 1}, "P241--black-small-wallet--clutter--mVehcT_u2aAdELTVvXI1ALZfX7V1H3yoViuW1SHtfiI-00436.jpg": {"object_bounding_box": [330, 713, 275, 201], "object_presence": 1}, "P241--black-small-wallet--clutter--mVehcT_u2aAdELTVvXI1ALZfX7V1H3yoViuW1SHtfiI-00437.jpg": {"object_bounding_box": [328, 713, 276, 201], "object_presence": 1}, "P241--black-small-wallet--clutter--mVehcT_u2aAdELTVvXI1ALZfX7V1H3yoViuW1SHtfiI-00438.jpg": {"object_bounding_box": [328, 714, 276, 203], "object_presence": 1}, "P241--black-small-wallet--clutter--mVehcT_u2aAdELTVvXI1ALZfX7V1H3yoViuW1SHtfiI-00439.jpg": {"object_bounding_box": [327, 717, 277, 200], "object_presence": 1}, "P241--black-small-wallet--clutter--mVehcT_u2aAdELTVvXI1ALZfX7V1H3yoViuW1SHtfiI-00440.jpg": {"object_bounding_box": [327, 717, 277, 200], "object_presence": 1}, "P241--black-small-wallet--clutter--mVehcT_u2aAdELTVvXI1ALZfX7V1H3yoViuW1SHtfiI-00441.jpg": {"object_bounding_box": [325, 715, 276, 199], "object_presence": 1}, "P241--black-small-wallet--clutter--mVehcT_u2aAdELTVvXI1ALZfX7V1H3yoViuW1SHtfiI-00442.jpg": {"object_bounding_box": [325, 716, 276, 199], "object_presence": 1}, "P241--black-small-wallet--clutter--mVehcT_u2aAdELTVvXI1ALZfX7V1H3yoViuW1SHtfiI-00443.jpg": {"object_bounding_box": [326, 716, 274, 202], "object_presence": 1}, "P241--black-small-wallet--clutter--mVehcT_u2aAdELTVvXI1ALZfX7V1H3yoViuW1SHtfiI-00444.jpg": {"object_bounding_box": [325, 716, 277, 201], "object_presence": 1}, "P241--black-small-wallet--clutter--mVehcT_u2aAdELTVvXI1ALZfX7V1H3yoViuW1SHtfiI-00445.jpg": {"object_bounding_box": [325, 720, 273, 199], "object_presence": 1}, "P241--black-small-wallet--clutter--mVehcT_u2aAdELTVvXI1ALZfX7V1H3yoViuW1SHtfiI-00446.jpg": {"object_bounding_box": [324, 719, 275, 202], "object_presence": 1}, "P241--black-small-wallet--clutter--mVehcT_u2aAdELTVvXI1ALZfX7V1H3yoViuW1SHtfiI-00447.jpg": {"object_bounding_box": [323, 720, 275, 199], "object_presence": 1}, "P241--black-small-wallet--clutter--mVehcT_u2aAdELTVvXI1ALZfX7V1H3yoViuW1SHtfiI-00448.jpg": {"object_bounding_box": [321, 718, 276, 203], "object_presence": 1}, "P241--black-small-wallet--clutter--mVehcT_u2aAdELTVvXI1ALZfX7V1H3yoViuW1SHtfiI-00449.jpg": {"object_bounding_box": [320, 722, 275, 201], "object_presence": 1}, "P241--black-small-wallet--clutter--mVehcT_u2aAdELTVvXI1ALZfX7V1H3yoViuW1SHtfiI-00450.jpg": {"object_bounding_box": [321, 721, 275, 202], "object_presence": 1}, "P241--black-small-wallet--clutter--mVehcT_u2aAdELTVvXI1ALZfX7V1H3yoViuW1SHtfiI-00451.jpg": {"object_bounding_box": [321, 721, 275, 202], "object_presence": 1}, "P241--black-small-wallet--clutter--mVehcT_u2aAdELTVvXI1ALZfX7V1H3yoViuW1SHtfiI-00452.jpg": {"object_bounding_box": [321, 721, 274, 203], "object_presence": 1}, "P241--black-small-wallet--clutter--mVehcT_u2aAdELTVvXI1ALZfX7V1H3yoViuW1SHtfiI-00453.jpg": {"object_bounding_box": [321, 721, 274, 203], "object_presence": 1}, "P241--black-small-wallet--clutter--mVehcT_u2aAdELTVvXI1ALZfX7V1H3yoViuW1SHtfiI-00454.jpg": {"object_bounding_box": [321, 721, 274, 203], "object_presence": 1}, "P241--black-small-wallet--clutter--mVehcT_u2aAdELTVvXI1ALZfX7V1H3yoViuW1SHtfiI-00455.jpg": {"object_bounding_box": [321, 721, 274, 203], "object_presence": 1}, "P241--black-small-wallet--clutter--mVehcT_u2aAdELTVvXI1ALZfX7V1H3yoViuW1SHtfiI-00456.jpg": {"object_bounding_box": [321, 721, 274, 203], "object_presence": 1}, "P241--black-small-wallet--clutter--mVehcT_u2aAdELTVvXI1ALZfX7V1H3yoViuW1SHtfiI-00457.jpg": {"object_bounding_box": [321, 724, 274, 200], "object_presence": 1}, "P241--black-small-wallet--clutter--mVehcT_u2aAdELTVvXI1ALZfX7V1H3yoViuW1SHtfiI-00458.jpg": {"object_bounding_box": [319, 724, 275, 200], "object_presence": 1}, "P241--black-small-wallet--clutter--mVehcT_u2aAdELTVvXI1ALZfX7V1H3yoViuW1SHtfiI-00459.jpg": {"object_bounding_box": [319, 724, 275, 200], "object_presence": 1}, "P241--black-small-wallet--clutter--mVehcT_u2aAdELTVvXI1ALZfX7V1H3yoViuW1SHtfiI-00460.jpg": {"object_bounding_box": [319, 724, 275, 200], "object_presence": 1}, "P241--black-small-wallet--clutter--mVehcT_u2aAdELTVvXI1ALZfX7V1H3yoViuW1SHtfiI-00461.jpg": {"object_bounding_box": [319, 724, 275, 200], "object_presence": 1}, "P241--black-small-wallet--clutter--mVehcT_u2aAdELTVvXI1ALZfX7V1H3yoViuW1SHtfiI-00462.jpg": {"object_bounding_box": [317, 720, 277, 208], "object_presence": 1}, "P241--black-small-wallet--clutter--mVehcT_u2aAdELTVvXI1ALZfX7V1H3yoViuW1SHtfiI-00463.jpg": {"object_bounding_box": [318, 724, 275, 204], "object_presence": 1}, "P241--black-small-wallet--clutter--mVehcT_u2aAdELTVvXI1ALZfX7V1H3yoViuW1SHtfiI-00464.jpg": {"object_bounding_box": [317, 719, 278, 204], "object_presence": 1}, "P241--black-small-wallet--clutter--mVehcT_u2aAdELTVvXI1ALZfX7V1H3yoViuW1SHtfiI-00465.jpg": {"object_bounding_box": [317, 719, 275, 199], "object_presence": 1}, "P241--black-small-wallet--clutter--mVehcT_u2aAdELTVvXI1ALZfX7V1H3yoViuW1SHtfiI-00466.jpg": {"object_bounding_box": [315, 716, 276, 197], "object_presence": 1}, "P241--black-small-wallet--clutter--mVehcT_u2aAdELTVvXI1ALZfX7V1H3yoViuW1SHtfiI-00467.jpg": {"object_bounding_box": [314, 716, 277, 196], "object_presence": 1}, "P241--black-small-wallet--clutter--mVehcT_u2aAdELTVvXI1ALZfX7V1H3yoViuW1SHtfiI-00468.jpg": {"object_bounding_box": [314, 716, 277, 196], "object_presence": 1}, "P241--black-small-wallet--clutter--mVehcT_u2aAdELTVvXI1ALZfX7V1H3yoViuW1SHtfiI-00469.jpg": {"object_bounding_box": [313, 717, 276, 198], "object_presence": 1}, "P241--black-small-wallet--clutter--mVehcT_u2aAdELTVvXI1ALZfX7V1H3yoViuW1SHtfiI-00470.jpg": {"object_bounding_box": [313, 717, 276, 198], "object_presence": 1}, "P241--black-small-wallet--clutter--mVehcT_u2aAdELTVvXI1ALZfX7V1H3yoViuW1SHtfiI-00471.jpg": {"object_bounding_box": [313, 717, 276, 198], "object_presence": 1}, "P241--black-small-wallet--clutter--mVehcT_u2aAdELTVvXI1ALZfX7V1H3yoViuW1SHtfiI-00472.jpg": {"object_bounding_box": [313, 717, 276, 198], "object_presence": 1}, "P241--black-small-wallet--clutter--mVehcT_u2aAdELTVvXI1ALZfX7V1H3yoViuW1SHtfiI-00473.jpg": {"object_bounding_box": [311, 717, 276, 200], "object_presence": 1}, "P241--black-small-wallet--clutter--mVehcT_u2aAdELTVvXI1ALZfX7V1H3yoViuW1SHtfiI-00474.jpg": {"object_bounding_box": [311, 718, 275, 199], "object_presence": 1}, "P241--black-small-wallet--clutter--mVehcT_u2aAdELTVvXI1ALZfX7V1H3yoViuW1SHtfiI-00475.jpg": {"object_bounding_box": [311, 718, 275, 199], "object_presence": 1}, "P241--black-small-wallet--clutter--mVehcT_u2aAdELTVvXI1ALZfX7V1H3yoViuW1SHtfiI-00476.jpg": {"object_bounding_box": [311, 718, 273, 198], "object_presence": 1}, "P241--black-small-wallet--clutter--mVehcT_u2aAdELTVvXI1ALZfX7V1H3yoViuW1SHtfiI-00477.jpg": {"object_bounding_box": [311, 718, 271, 198], "object_presence": 1}, "P241--black-small-wallet--clutter--mVehcT_u2aAdELTVvXI1ALZfX7V1H3yoViuW1SHtfiI-00478.jpg": {"object_bounding_box": [311, 718, 271, 198], "object_presence": 1}, "P241--black-small-wallet--clutter--mVehcT_u2aAdELTVvXI1ALZfX7V1H3yoViuW1SHtfiI-00479.jpg": {"object_bounding_box": [309, 718, 272, 197], "object_presence": 1}, "P241--black-small-wallet--clutter--mVehcT_u2aAdELTVvXI1ALZfX7V1H3yoViuW1SHtfiI-00480.jpg": {"object_bounding_box": [307, 719, 274, 200], "object_presence": 1}, "P241--black-small-wallet--clutter--mVehcT_u2aAdELTVvXI1ALZfX7V1H3yoViuW1SHtfiI-00481.jpg": {"object_bounding_box": [308, 720, 272, 198], "object_presence": 1}, "P241--black-small-wallet--clutter--mVehcT_u2aAdELTVvXI1ALZfX7V1H3yoViuW1SHtfiI-00482.jpg": {"object_bounding_box": [309, 722, 272, 197], "object_presence": 1}, "P241--black-small-wallet--clutter--mVehcT_u2aAdELTVvXI1ALZfX7V1H3yoViuW1SHtfiI-00483.jpg": {"object_bounding_box": [310, 721, 270, 199], "object_presence": 1}, "P241--black-small-wallet--clutter--mVehcT_u2aAdELTVvXI1ALZfX7V1H3yoViuW1SHtfiI-00484.jpg": {"object_bounding_box": [311, 721, 270, 197], "object_presence": 1}, "P241--black-small-wallet--clutter--mVehcT_u2aAdELTVvXI1ALZfX7V1H3yoViuW1SHtfiI-00485.jpg": {"object_bounding_box": [310, 721, 272, 198], "object_presence": 1}, "P241--black-small-wallet--clutter--mVehcT_u2aAdELTVvXI1ALZfX7V1H3yoViuW1SHtfiI-00486.jpg": {"object_bounding_box": [312, 723, 271, 197], "object_presence": 1}, "P241--black-small-wallet--clutter--mVehcT_u2aAdELTVvXI1ALZfX7V1H3yoViuW1SHtfiI-00487.jpg": {"object_bounding_box": [311, 727, 273, 197], "object_presence": 1}, "P241--black-small-wallet--clutter--mVehcT_u2aAdELTVvXI1ALZfX7V1H3yoViuW1SHtfiI-00488.jpg": {"object_bounding_box": [310, 730, 273, 198], "object_presence": 1}, "P241--black-small-wallet--clutter--mVehcT_u2aAdELTVvXI1ALZfX7V1H3yoViuW1SHtfiI-00489.jpg": {"object_bounding_box": [313, 732, 272, 196], "object_presence": 1}, "P241--black-small-wallet--clutter--mVehcT_u2aAdELTVvXI1ALZfX7V1H3yoViuW1SHtfiI-00490.jpg": {"object_bounding_box": [314, 736, 272, 193], "object_presence": 1}, "P241--black-small-wallet--clutter--mVehcT_u2aAdELTVvXI1ALZfX7V1H3yoViuW1SHtfiI-00491.jpg": {"object_bounding_box": [315, 734, 271, 197], "object_presence": 1}, "P241--black-small-wallet--clutter--mVehcT_u2aAdELTVvXI1ALZfX7V1H3yoViuW1SHtfiI-00492.jpg": {"object_bounding_box": [315, 734, 271, 198], "object_presence": 1}, "P241--black-small-wallet--clutter--mVehcT_u2aAdELTVvXI1ALZfX7V1H3yoViuW1SHtfiI-00493.jpg": {"object_bounding_box": [315, 734, 271, 198], "object_presence": 1}, "P241--black-small-wallet--clutter--mVehcT_u2aAdELTVvXI1ALZfX7V1H3yoViuW1SHtfiI-00494.jpg": {"object_bounding_box": [315, 734, 271, 198], "object_presence": 1}, "P241--black-small-wallet--clutter--mVehcT_u2aAdELTVvXI1ALZfX7V1H3yoViuW1SHtfiI-00495.jpg": {"object_bounding_box": [320, 736, 269, 194], "object_presence": 1}, "P241--black-small-wallet--clutter--mVehcT_u2aAdELTVvXI1ALZfX7V1H3yoViuW1SHtfiI-00496.jpg": {"object_bounding_box": [318, 736, 273, 194], "object_presence": 1}, "P241--black-small-wallet--clutter--mVehcT_u2aAdELTVvXI1ALZfX7V1H3yoViuW1SHtfiI-00497.jpg": {"object_bounding_box": [323, 737, 270, 193], "object_presence": 1}, "P241--black-small-wallet--clutter--mVehcT_u2aAdELTVvXI1ALZfX7V1H3yoViuW1SHtfiI-00498.jpg": {"object_bounding_box": [332, 737, 268, 195], "object_presence": 1}, "P241--black-small-wallet--clutter--mVehcT_u2aAdELTVvXI1ALZfX7V1H3yoViuW1SHtfiI-00499.jpg": {"object_bounding_box": [339, 738, 270, 197], "object_presence": 1}, "P241--black-small-wallet--clutter--mVehcT_u2aAdELTVvXI1ALZfX7V1H3yoViuW1SHtfiI-00500.jpg": {"object_bounding_box": [344, 739, 269, 195], "object_presence": 1}, "P241--black-small-wallet--clutter--mVehcT_u2aAdELTVvXI1ALZfX7V1H3yoViuW1SHtfiI-00501.jpg": {"object_bounding_box": [348, 740, 270, 196], "object_presence": 1}, "P241--black-small-wallet--clutter--mVehcT_u2aAdELTVvXI1ALZfX7V1H3yoViuW1SHtfiI-00502.jpg": {"object_bounding_box": [352, 736, 269, 195], "object_presence": 1}, "P241--black-small-wallet--clutter--mVehcT_u2aAdELTVvXI1ALZfX7V1H3yoViuW1SHtfiI-00503.jpg": {"object_bounding_box": [358, 734, 270, 189], "object_presence": 1}, "P241--black-small-wallet--clutter--mVehcT_u2aAdELTVvXI1ALZfX7V1H3yoViuW1SHtfiI-00504.jpg": {"object_bounding_box": [362, 731, 268, 186], "object_presence": 1}, "P241--black-small-wallet--clutter--mVehcT_u2aAdELTVvXI1ALZfX7V1H3yoViuW1SHtfiI-00505.jpg": {"object_bounding_box": [358, 724, 270, 186], "object_presence": 1}, "P241--black-small-wallet--clutter--mVehcT_u2aAdELTVvXI1ALZfX7V1H3yoViuW1SHtfiI-00506.jpg": {"object_bounding_box": [358, 720, 268, 187], "object_presence": 1}, "P241--black-small-wallet--clutter--mVehcT_u2aAdELTVvXI1ALZfX7V1H3yoViuW1SHtfiI-00507.jpg": {"object_bounding_box": [358, 720, 268, 186], "object_presence": 1}, "P241--black-small-wallet--clutter--mVehcT_u2aAdELTVvXI1ALZfX7V1H3yoViuW1SHtfiI-00508.jpg": {"object_bounding_box": [357, 724, 267, 185], "object_presence": 1}, "P241--black-small-wallet--clutter--mVehcT_u2aAdELTVvXI1ALZfX7V1H3yoViuW1SHtfiI-00509.jpg": {"object_bounding_box": [354, 724, 269, 186], "object_presence": 1}, "P241--black-small-wallet--clutter--mVehcT_u2aAdELTVvXI1ALZfX7V1H3yoViuW1SHtfiI-00510.jpg": {"object_bounding_box": [354, 724, 269, 186], "object_presence": 1}, "P241--black-small-wallet--clutter--mVehcT_u2aAdELTVvXI1ALZfX7V1H3yoViuW1SHtfiI-00511.jpg": {"object_bounding_box": [348, 722, 273, 186], "object_presence": 1}, "P241--black-small-wallet--clutter--mVehcT_u2aAdELTVvXI1ALZfX7V1H3yoViuW1SHtfiI-00512.jpg": {"object_bounding_box": [349, 724, 269, 184], "object_presence": 1}, "P241--black-small-wallet--clutter--mVehcT_u2aAdELTVvXI1ALZfX7V1H3yoViuW1SHtfiI-00513.jpg": {"object_bounding_box": [346, 724, 274, 190], "object_presence": 1}, "P241--black-small-wallet--clutter--mVehcT_u2aAdELTVvXI1ALZfX7V1H3yoViuW1SHtfiI-00514.jpg": {"object_bounding_box": [350, 729, 271, 189], "object_presence": 1}, "P241--black-small-wallet--clutter--mVehcT_u2aAdELTVvXI1ALZfX7V1H3yoViuW1SHtfiI-00515.jpg": {"object_bounding_box": [348, 733, 273, 186], "object_presence": 1}, "P241--black-small-wallet--clutter--mVehcT_u2aAdELTVvXI1ALZfX7V1H3yoViuW1SHtfiI-00516.jpg": {"object_bounding_box": [348, 734, 271, 187], "object_presence": 1}, "P241--black-small-wallet--clutter--mVehcT_u2aAdELTVvXI1ALZfX7V1H3yoViuW1SHtfiI-00517.jpg": {"object_bounding_box": [348, 734, 271, 187], "object_presence": 1}, "P241--black-small-wallet--clutter--mVehcT_u2aAdELTVvXI1ALZfX7V1H3yoViuW1SHtfiI-00518.jpg": {"object_bounding_box": [348, 734, 271, 187], "object_presence": 1}, "P241--black-small-wallet--clutter--mVehcT_u2aAdELTVvXI1ALZfX7V1H3yoViuW1SHtfiI-00519.jpg": {"object_bounding_box": [348, 737, 271, 184], "object_presence": 1}, "P241--black-small-wallet--clutter--mVehcT_u2aAdELTVvXI1ALZfX7V1H3yoViuW1SHtfiI-00520.jpg": {"object_bounding_box": [348, 738, 271, 185], "object_presence": 1}, "P241--black-small-wallet--clutter--mVehcT_u2aAdELTVvXI1ALZfX7V1H3yoViuW1SHtfiI-00521.jpg": {"object_bounding_box": [351, 742, 269, 185], "object_presence": 1}, "P241--black-small-wallet--clutter--mVehcT_u2aAdELTVvXI1ALZfX7V1H3yoViuW1SHtfiI-00522.jpg": {"object_bounding_box": [351, 742, 269, 185], "object_presence": 1}, "P241--black-small-wallet--clutter--mVehcT_u2aAdELTVvXI1ALZfX7V1H3yoViuW1SHtfiI-00523.jpg": {"object_bounding_box": [355, 742, 268, 185], "object_presence": 1}, "P241--black-small-wallet--clutter--mVehcT_u2aAdELTVvXI1ALZfX7V1H3yoViuW1SHtfiI-00524.jpg": {"object_bounding_box": [353, 745, 270, 183], "object_presence": 1}, "P241--black-small-wallet--clutter--mVehcT_u2aAdELTVvXI1ALZfX7V1H3yoViuW1SHtfiI-00525.jpg": {"object_bounding_box": [354, 747, 269, 185], "object_presence": 1}, "P241--black-small-wallet--clutter--mVehcT_u2aAdELTVvXI1ALZfX7V1H3yoViuW1SHtfiI-00526.jpg": {"object_bounding_box": [354, 749, 273, 181], "object_presence": 1}, "P241--black-small-wallet--clutter--mVehcT_u2aAdELTVvXI1ALZfX7V1H3yoViuW1SHtfiI-00527.jpg": {"object_bounding_box": [354, 749, 271, 179], "object_presence": 1}, "P241--black-small-wallet--clutter--mVehcT_u2aAdELTVvXI1ALZfX7V1H3yoViuW1SHtfiI-00528.jpg": {"object_bounding_box": [354, 749, 271, 179], "object_presence": 1}, "P241--black-small-wallet--clutter--mVehcT_u2aAdELTVvXI1ALZfX7V1H3yoViuW1SHtfiI-00529.jpg": {"object_bounding_box": [354, 749, 269, 178], "object_presence": 1}, "P241--black-small-wallet--clutter--mVehcT_u2aAdELTVvXI1ALZfX7V1H3yoViuW1SHtfiI-00530.jpg": {"object_bounding_box": [353, 745, 270, 181], "object_presence": 1}, "P241--black-small-wallet--clutter--mVehcT_u2aAdELTVvXI1ALZfX7V1H3yoViuW1SHtfiI-00531.jpg": {"object_bounding_box": [353, 745, 270, 181], "object_presence": 1}, "P241--black-small-wallet--clutter--mVehcT_u2aAdELTVvXI1ALZfX7V1H3yoViuW1SHtfiI-00532.jpg": {"object_bounding_box": [353, 745, 270, 181], "object_presence": 1}, "P241--black-small-wallet--clutter--mVehcT_u2aAdELTVvXI1ALZfX7V1H3yoViuW1SHtfiI-00533.jpg": {"object_bounding_box": [354, 743, 266, 184], "object_presence": 1}, "P241--black-small-wallet--clutter--mVehcT_u2aAdELTVvXI1ALZfX7V1H3yoViuW1SHtfiI-00534.jpg": {"object_bounding_box": [354, 743, 268, 185], "object_presence": 1}, "P241--black-small-wallet--clutter--mVehcT_u2aAdELTVvXI1ALZfX7V1H3yoViuW1SHtfiI-00535.jpg": {"object_bounding_box": [354, 743, 268, 185], "object_presence": 1}, "P241--black-small-wallet--clutter--mVehcT_u2aAdELTVvXI1ALZfX7V1H3yoViuW1SHtfiI-00536.jpg": {"object_bounding_box": [354, 743, 268, 185], "object_presence": 1}, "P241--black-small-wallet--clutter--mVehcT_u2aAdELTVvXI1ALZfX7V1H3yoViuW1SHtfiI-00537.jpg": {"object_bounding_box": [354, 743, 268, 185], "object_presence": 1}, "P241--black-small-wallet--clutter--mVehcT_u2aAdELTVvXI1ALZfX7V1H3yoViuW1SHtfiI-00538.jpg": {"object_bounding_box": [354, 743, 268, 185], "object_presence": 1}, "P241--black-small-wallet--clutter--mVehcT_u2aAdELTVvXI1ALZfX7V1H3yoViuW1SHtfiI-00539.jpg": {"object_bounding_box": [354, 743, 268, 185], "object_presence": 1}, "P241--black-small-wallet--clutter--mVehcT_u2aAdELTVvXI1ALZfX7V1H3yoViuW1SHtfiI-00540.jpg": {"object_bounding_box": [354, 743, 268, 185], "object_presence": 1}, "P241--black-small-wallet--clutter--mVehcT_u2aAdELTVvXI1ALZfX7V1H3yoViuW1SHtfiI-00541.jpg": {"object_bounding_box": [354, 743, 268, 185], "object_presence": 1}, "P241--black-small-wallet--clutter--mVehcT_u2aAdELTVvXI1ALZfX7V1H3yoViuW1SHtfiI-00542.jpg": {"object_bounding_box": [353, 748, 268, 184], "object_presence": 1}, "P241--black-small-wallet--clutter--mVehcT_u2aAdELTVvXI1ALZfX7V1H3yoViuW1SHtfiI-00543.jpg": {"object_bounding_box": [353, 748, 268, 184], "object_presence": 1}, "P241--black-small-wallet--clutter--mVehcT_u2aAdELTVvXI1ALZfX7V1H3yoViuW1SHtfiI-00544.jpg": {"object_bounding_box": [354, 751, 269, 182], "object_presence": 1}, "P241--black-small-wallet--clutter--mVehcT_u2aAdELTVvXI1ALZfX7V1H3yoViuW1SHtfiI-00545.jpg": {"object_bounding_box": [353, 746, 272, 188], "object_presence": 1}, "P241--black-small-wallet--clutter--mVehcT_u2aAdELTVvXI1ALZfX7V1H3yoViuW1SHtfiI-00546.jpg": {"object_bounding_box": [353, 749, 272, 185], "object_presence": 1}, "P241--black-small-wallet--clutter--mVehcT_u2aAdELTVvXI1ALZfX7V1H3yoViuW1SHtfiI-00547.jpg": {"object_bounding_box": [353, 749, 272, 185], "object_presence": 1}, "P241--black-small-wallet--clutter--mVehcT_u2aAdELTVvXI1ALZfX7V1H3yoViuW1SHtfiI-00548.jpg": {"object_bounding_box": [353, 746, 272, 186], "object_presence": 1}, "P241--black-small-wallet--clutter--mVehcT_u2aAdELTVvXI1ALZfX7V1H3yoViuW1SHtfiI-00549.jpg": {"object_bounding_box": [353, 746, 272, 186], "object_presence": 1}, "P241--black-small-wallet--clutter--mVehcT_u2aAdELTVvXI1ALZfX7V1H3yoViuW1SHtfiI-00550.jpg": {"object_bounding_box": [354, 744, 271, 188], "object_presence": 1}, "P241--black-small-wallet--clutter--mVehcT_u2aAdELTVvXI1ALZfX7V1H3yoViuW1SHtfiI-00551.jpg": {"object_bounding_box": [354, 747, 271, 187], "object_presence": 1}, "P241--black-small-wallet--clutter--mVehcT_u2aAdELTVvXI1ALZfX7V1H3yoViuW1SHtfiI-00552.jpg": {"object_bounding_box": [355, 749, 269, 187], "object_presence": 1}, "P241--black-small-wallet--clutter--mVehcT_u2aAdELTVvXI1ALZfX7V1H3yoViuW1SHtfiI-00553.jpg": {"object_bounding_box": [357, 751, 267, 187], "object_presence": 1}, "P241--black-small-wallet--clutter--mVehcT_u2aAdELTVvXI1ALZfX7V1H3yoViuW1SHtfiI-00554.jpg": {"object_bounding_box": [355, 747, 269, 190], "object_presence": 1}, "P241--black-small-wallet--clutter--mVehcT_u2aAdELTVvXI1ALZfX7V1H3yoViuW1SHtfiI-00555.jpg": {"object_bounding_box": [355, 750, 269, 187], "object_presence": 1}, "P241--black-small-wallet--clutter--mVehcT_u2aAdELTVvXI1ALZfX7V1H3yoViuW1SHtfiI-00556.jpg": {"object_bounding_box": [355, 750, 269, 185], "object_presence": 1}, "P241--black-small-wallet--clutter--mVehcT_u2aAdELTVvXI1ALZfX7V1H3yoViuW1SHtfiI-00557.jpg": {"object_bounding_box": [355, 750, 269, 185], "object_presence": 1}, "P241--black-small-wallet--clutter--mVehcT_u2aAdELTVvXI1ALZfX7V1H3yoViuW1SHtfiI-00558.jpg": {"object_bounding_box": [355, 750, 269, 185], "object_presence": 1}, "P241--black-small-wallet--clutter--mVehcT_u2aAdELTVvXI1ALZfX7V1H3yoViuW1SHtfiI-00559.jpg": {"object_bounding_box": [355, 750, 269, 185], "object_presence": 1}, "P241--black-small-wallet--clutter--mVehcT_u2aAdELTVvXI1ALZfX7V1H3yoViuW1SHtfiI-00560.jpg": {"object_bounding_box": [355, 750, 269, 185], "object_presence": 1}, "P241--black-small-wallet--clutter--mVehcT_u2aAdELTVvXI1ALZfX7V1H3yoViuW1SHtfiI-00561.jpg": {"object_bounding_box": [355, 750, 269, 185], "object_presence": 1}, "P241--black-small-wallet--clutter--mVehcT_u2aAdELTVvXI1ALZfX7V1H3yoViuW1SHtfiI-00562.jpg": {"object_bounding_box": [355, 750, 269, 185], "object_presence": 1}, "P241--black-small-wallet--clutter--mVehcT_u2aAdELTVvXI1ALZfX7V1H3yoViuW1SHtfiI-00563.jpg": {"object_bounding_box": [356, 751, 272, 186], "object_presence": 1}, "P241--black-small-wallet--clutter--mVehcT_u2aAdELTVvXI1ALZfX7V1H3yoViuW1SHtfiI-00564.jpg": {"object_bounding_box": [356, 749, 272, 187], "object_presence": 1}, "P241--black-small-wallet--clutter--mVehcT_u2aAdELTVvXI1ALZfX7V1H3yoViuW1SHtfiI-00565.jpg": {"object_bounding_box": [356, 749, 272, 187], "object_presence": 1}, "P241--black-small-wallet--clutter--mVehcT_u2aAdELTVvXI1ALZfX7V1H3yoViuW1SHtfiI-00566.jpg": {"object_bounding_box": [358, 751, 269, 192], "object_presence": 1}, "P241--black-small-wallet--clutter--mVehcT_u2aAdELTVvXI1ALZfX7V1H3yoViuW1SHtfiI-00567.jpg": {"object_bounding_box": [358, 751, 271, 191], "object_presence": 1}, "P241--black-small-wallet--clutter--mVehcT_u2aAdELTVvXI1ALZfX7V1H3yoViuW1SHtfiI-00568.jpg": {"object_bounding_box": [357, 753, 275, 190], "object_presence": 1}, "P241--black-small-wallet--clutter--mVehcT_u2aAdELTVvXI1ALZfX7V1H3yoViuW1SHtfiI-00569.jpg": {"object_bounding_box": [357, 753, 275, 189], "object_presence": 1}, "P241--black-small-wallet--clutter--mVehcT_u2aAdELTVvXI1ALZfX7V1H3yoViuW1SHtfiI-00570.jpg": {"object_bounding_box": [355, 749, 274, 192], "object_presence": 1}, "P241--black-small-wallet--clutter--mVehcT_u2aAdELTVvXI1ALZfX7V1H3yoViuW1SHtfiI-00571.jpg": {"object_bounding_box": [354, 750, 274, 192], "object_presence": 1}, "P241--black-small-wallet--clutter--mVehcT_u2aAdELTVvXI1ALZfX7V1H3yoViuW1SHtfiI-00572.jpg": {"object_bounding_box": [354, 748, 274, 192], "object_presence": 1}, "P241--black-small-wallet--clutter--mVehcT_u2aAdELTVvXI1ALZfX7V1H3yoViuW1SHtfiI-00573.jpg": {"object_bounding_box": [354, 748, 274, 192], "object_presence": 1}, "P241--black-small-wallet--clutter--mVehcT_u2aAdELTVvXI1ALZfX7V1H3yoViuW1SHtfiI-00574.jpg": {"object_bounding_box": [354, 748, 274, 192], "object_presence": 1}, "P241--black-small-wallet--clutter--mVehcT_u2aAdELTVvXI1ALZfX7V1H3yoViuW1SHtfiI-00575.jpg": {"object_bounding_box": [357, 749, 271, 192], "object_presence": 1}, "P241--black-small-wallet--clutter--mVehcT_u2aAdELTVvXI1ALZfX7V1H3yoViuW1SHtfiI-00576.jpg": {"object_bounding_box": [357, 750, 271, 190], "object_presence": 1}, "P241--black-small-wallet--clutter--mVehcT_u2aAdELTVvXI1ALZfX7V1H3yoViuW1SHtfiI-00577.jpg": {"object_bounding_box": [357, 750, 271, 190], "object_presence": 1}, "P241--black-small-wallet--clutter--mVehcT_u2aAdELTVvXI1ALZfX7V1H3yoViuW1SHtfiI-00578.jpg": {"object_bounding_box": [357, 753, 270, 191], "object_presence": 1}, "P241--black-small-wallet--clutter--mVehcT_u2aAdELTVvXI1ALZfX7V1H3yoViuW1SHtfiI-00579.jpg": {"object_bounding_box": [357, 753, 270, 191], "object_presence": 1}, "P241--black-small-wallet--clutter--mVehcT_u2aAdELTVvXI1ALZfX7V1H3yoViuW1SHtfiI-00580.jpg": {"object_bounding_box": [357, 753, 270, 190], "object_presence": 1}, "P241--black-small-wallet--clutter--mVehcT_u2aAdELTVvXI1ALZfX7V1H3yoViuW1SHtfiI-00581.jpg": {"object_bounding_box": [357, 753, 270, 187], "object_presence": 1}, "P241--black-small-wallet--clutter--mVehcT_u2aAdELTVvXI1ALZfX7V1H3yoViuW1SHtfiI-00582.jpg": {"object_bounding_box": [357, 751, 270, 189], "object_presence": 1}, "P241--black-small-wallet--clutter--mVehcT_u2aAdELTVvXI1ALZfX7V1H3yoViuW1SHtfiI-00583.jpg": {"object_bounding_box": [356, 747, 273, 189], "object_presence": 1}, "P241--black-small-wallet--clutter--mVehcT_u2aAdELTVvXI1ALZfX7V1H3yoViuW1SHtfiI-00584.jpg": {"object_bounding_box": [355, 743, 274, 190], "object_presence": 1}, "P241--black-small-wallet--clutter--mVehcT_u2aAdELTVvXI1ALZfX7V1H3yoViuW1SHtfiI-00585.jpg": {"object_bounding_box": [354, 742, 273, 192], "object_presence": 1}, "P241--black-small-wallet--clutter--mVehcT_u2aAdELTVvXI1ALZfX7V1H3yoViuW1SHtfiI-00586.jpg": {"object_bounding_box": [353, 742, 275, 192], "object_presence": 1}, "P241--black-small-wallet--clutter--mVehcT_u2aAdELTVvXI1ALZfX7V1H3yoViuW1SHtfiI-00587.jpg": {"object_bounding_box": [356, 741, 272, 194], "object_presence": 1}, "P241--black-small-wallet--clutter--mVehcT_u2aAdELTVvXI1ALZfX7V1H3yoViuW1SHtfiI-00588.jpg": {"object_bounding_box": [356, 741, 272, 195], "object_presence": 1}, "P241--black-small-wallet--clutter--mVehcT_u2aAdELTVvXI1ALZfX7V1H3yoViuW1SHtfiI-00589.jpg": {"object_bounding_box": [354, 741, 274, 197], "object_presence": 1}, "P241--black-small-wallet--clutter--mVehcT_u2aAdELTVvXI1ALZfX7V1H3yoViuW1SHtfiI-00590.jpg": {"object_bounding_box": [354, 741, 273, 195], "object_presence": 1}, "P241--black-small-wallet--clutter--mVehcT_u2aAdELTVvXI1ALZfX7V1H3yoViuW1SHtfiI-00591.jpg": {"object_bounding_box": [354, 741, 273, 192], "object_presence": 1}, "P241--black-small-wallet--clutter--mVehcT_u2aAdELTVvXI1ALZfX7V1H3yoViuW1SHtfiI-00592.jpg": {"object_bounding_box": [354, 741, 273, 192], "object_presence": 1}, "P241--black-small-wallet--clutter--mVehcT_u2aAdELTVvXI1ALZfX7V1H3yoViuW1SHtfiI-00593.jpg": {"object_bounding_box": [354, 741, 273, 191], "object_presence": 1}, "P241--black-small-wallet--clutter--mVehcT_u2aAdELTVvXI1ALZfX7V1H3yoViuW1SHtfiI-00594.jpg": {"object_bounding_box": [354, 741, 273, 191], "object_presence": 1}, "P241--black-small-wallet--clutter--mVehcT_u2aAdELTVvXI1ALZfX7V1H3yoViuW1SHtfiI-00595.jpg": {"object_bounding_box": [354, 741, 273, 191], "object_presence": 1}, "P241--black-small-wallet--clutter--mVehcT_u2aAdELTVvXI1ALZfX7V1H3yoViuW1SHtfiI-00596.jpg": {"object_bounding_box": [357, 741, 270, 193], "object_presence": 1}, "P241--black-small-wallet--clutter--mVehcT_u2aAdELTVvXI1ALZfX7V1H3yoViuW1SHtfiI-00597.jpg": {"object_bounding_box": [358, 741, 269, 193], "object_presence": 1}, "P241--black-small-wallet--clutter--mVehcT_u2aAdELTVvXI1ALZfX7V1H3yoViuW1SHtfiI-00598.jpg": {"object_bounding_box": [358, 741, 269, 193], "object_presence": 1}}