{"P282--journal--clutter--CuwrEi-FdGK71gxBHSW3yZItG0W_LetHgsZGVrD1AZI-00001.jpg": {"object_bounding_box": [657, 515, 845, 1027], "object_presence": 1}, "P282--journal--clutter--CuwrEi-FdGK71gxBHSW3yZItG0W_LetHgsZGVrD1AZI-00002.jpg": {"object_bounding_box": [656, 515, 847, 1027], "object_presence": 1}, "P282--journal--clutter--CuwrEi-FdGK71gxBHSW3yZItG0W_LetHgsZGVrD1AZI-00003.jpg": {"object_bounding_box": [656, 514, 847, 1029], "object_presence": 1}, "P282--journal--clutter--CuwrEi-FdGK71gxBHSW3yZItG0W_LetHgsZGVrD1AZI-00004.jpg": {"object_bounding_box": [656, 514, 849, 1028], "object_presence": 1}, "P282--journal--clutter--CuwrEi-FdGK71gxBHSW3yZItG0W_LetHgsZGVrD1AZI-00005.jpg": {"object_bounding_box": [656, 514, 849, 1028], "object_presence": 1}, "P282--journal--clutter--CuwrEi-FdGK71gxBHSW3yZItG0W_LetHgsZGVrD1AZI-00006.jpg": {"object_bounding_box": [656, 514, 849, 1027], "object_presence": 1}, "P282--journal--clutter--CuwrEi-FdGK71gxBHSW3yZItG0W_LetHgsZGVrD1AZI-00007.jpg": {"object_bounding_box": [656, 514, 849, 1027], "object_presence": 1}, "P282--journal--clutter--CuwrEi-FdGK71gxBHSW3yZItG0W_LetHgsZGVrD1AZI-00008.jpg": {"object_bounding_box": [655, 517, 845, 1033], "object_presence": 1}, "P282--journal--clutter--CuwrEi-FdGK71gxBHSW3yZItG0W_LetHgsZGVrD1AZI-00009.jpg": {"object_bounding_box": [656, 514, 849, 1027], "object_presence": 1}, "P282--journal--clutter--CuwrEi-FdGK71gxBHSW3yZItG0W_LetHgsZGVrD1AZI-00010.jpg": {"object_bounding_box": [656, 514, 849, 1027], "object_presence": 1}, "P282--journal--clutter--CuwrEi-FdGK71gxBHSW3yZItG0W_LetHgsZGVrD1AZI-00011.jpg": {"object_bounding_box": [656, 514, 849, 1024], "object_presence": 1}, "P282--journal--clutter--CuwrEi-FdGK71gxBHSW3yZItG0W_LetHgsZGVrD1AZI-00012.jpg": {"object_bounding_box": [654, 514, 846, 1024], "object_presence": 1}, "P282--journal--clutter--CuwrEi-FdGK71gxBHSW3yZItG0W_LetHgsZGVrD1AZI-00013.jpg": {"object_bounding_box": [651, 513, 844, 1020], "object_presence": 1}, "P282--journal--clutter--CuwrEi-FdGK71gxBHSW3yZItG0W_LetHgsZGVrD1AZI-00014.jpg": {"object_bounding_box": [647, 513, 843, 1020], "object_presence": 1}, "P282--journal--clutter--CuwrEi-FdGK71gxBHSW3yZItG0W_LetHgsZGVrD1AZI-00015.jpg": {"object_bounding_box": [644, 513, 843, 1017], "object_presence": 1}, "P282--journal--clutter--CuwrEi-FdGK71gxBHSW3yZItG0W_LetHgsZGVrD1AZI-00016.jpg": {"object_bounding_box": [645, 515, 844, 1013], "object_presence": 1}, "P282--journal--clutter--CuwrEi-FdGK71gxBHSW3yZItG0W_LetHgsZGVrD1AZI-00017.jpg": {"object_bounding_box": [644, 515, 836, 1008], "object_presence": 1}, "P282--journal--clutter--CuwrEi-FdGK71gxBHSW3yZItG0W_LetHgsZGVrD1AZI-00018.jpg": {"object_bounding_box": [642, 513, 838, 1010], "object_presence": 1}, "P282--journal--clutter--CuwrEi-FdGK71gxBHSW3yZItG0W_LetHgsZGVrD1AZI-00019.jpg": {"object_bounding_box": [642, 509, 833, 1008], "object_presence": 1}, "P282--journal--clutter--CuwrEi-FdGK71gxBHSW3yZItG0W_LetHgsZGVrD1AZI-00020.jpg": {"object_bounding_box": [645, 502, 833, 1004], "object_presence": 1}, "P282--journal--clutter--CuwrEi-FdGK71gxBHSW3yZItG0W_LetHgsZGVrD1AZI-00021.jpg": {"object_bounding_box": [647, 498, 830, 997], "object_presence": 1}, "P282--journal--clutter--CuwrEi-FdGK71gxBHSW3yZItG0W_LetHgsZGVrD1AZI-00022.jpg": {"object_bounding_box": [643, 502, 823, 991], "object_presence": 1}, "P282--journal--clutter--CuwrEi-FdGK71gxBHSW3yZItG0W_LetHgsZGVrD1AZI-00023.jpg": {"object_bounding_box": [640, 508, 819, 981], "object_presence": 1}, "P282--journal--clutter--CuwrEi-FdGK71gxBHSW3yZItG0W_LetHgsZGVrD1AZI-00024.jpg": {"object_bounding_box": [636, 514, 813, 978], "object_presence": 1}, "P282--journal--clutter--CuwrEi-FdGK71gxBHSW3yZItG0W_LetHgsZGVrD1AZI-00025.jpg": {"object_bounding_box": [628, 516, 803, 969], "object_presence": 1}, "P282--journal--clutter--CuwrEi-FdGK71gxBHSW3yZItG0W_LetHgsZGVrD1AZI-00026.jpg": {"object_bounding_box": [621, 521, 798, 957], "object_presence": 1}, "P282--journal--clutter--CuwrEi-FdGK71gxBHSW3yZItG0W_LetHgsZGVrD1AZI-00027.jpg": {"object_bounding_box": [616, 527, 794, 952], "object_presence": 1}, "P282--journal--clutter--CuwrEi-FdGK71gxBHSW3yZItG0W_LetHgsZGVrD1AZI-00028.jpg": {"object_bounding_box": [611, 530, 789, 947], "object_presence": 1}, "P282--journal--clutter--CuwrEi-FdGK71gxBHSW3yZItG0W_LetHgsZGVrD1AZI-00029.jpg": {"object_bounding_box": [605, 532, 783, 940], "object_presence": 1}, "P282--journal--clutter--CuwrEi-FdGK71gxBHSW3yZItG0W_LetHgsZGVrD1AZI-00030.jpg": {"object_bounding_box": [606, 527, 773, 939], "object_presence": 1}, "P282--journal--clutter--CuwrEi-FdGK71gxBHSW3yZItG0W_LetHgsZGVrD1AZI-00031.jpg": {"object_bounding_box": [605, 526, 774, 933], "object_presence": 1}, "P282--journal--clutter--CuwrEi-FdGK71gxBHSW3yZItG0W_LetHgsZGVrD1AZI-00032.jpg": {"object_bounding_box": [606, 520, 767, 936], "object_presence": 1}, "P282--journal--clutter--CuwrEi-FdGK71gxBHSW3yZItG0W_LetHgsZGVrD1AZI-00033.jpg": {"object_bounding_box": [611, 513, 759, 930], "object_presence": 1}, "P282--journal--clutter--CuwrEi-FdGK71gxBHSW3yZItG0W_LetHgsZGVrD1AZI-00034.jpg": {"object_bounding_box": [614, 508, 756, 925], "object_presence": 1}, "P282--journal--clutter--CuwrEi-FdGK71gxBHSW3yZItG0W_LetHgsZGVrD1AZI-00035.jpg": {"object_bounding_box": [616, 504, 750, 915], "object_presence": 1}, "P282--journal--clutter--CuwrEi-FdGK71gxBHSW3yZItG0W_LetHgsZGVrD1AZI-00036.jpg": {"object_bounding_box": [617, 506, 741, 911], "object_presence": 1}, "P282--journal--clutter--CuwrEi-FdGK71gxBHSW3yZItG0W_LetHgsZGVrD1AZI-00037.jpg": {"object_bounding_box": [619, 503, 739, 905], "object_presence": 1}, "P282--journal--clutter--CuwrEi-FdGK71gxBHSW3yZItG0W_LetHgsZGVrD1AZI-00038.jpg": {"object_bounding_box": [619, 503, 738, 898], "object_presence": 1}, "P282--journal--clutter--CuwrEi-FdGK71gxBHSW3yZItG0W_LetHgsZGVrD1AZI-00039.jpg": {"object_bounding_box": [619, 504, 730, 893], "object_presence": 1}, "P282--journal--clutter--CuwrEi-FdGK71gxBHSW3yZItG0W_LetHgsZGVrD1AZI-00040.jpg": {"object_bounding_box": [618, 500, 723, 889], "object_presence": 1}, "P282--journal--clutter--CuwrEi-FdGK71gxBHSW3yZItG0W_LetHgsZGVrD1AZI-00041.jpg": {"object_bounding_box": [618, 492, 718, 882], "object_presence": 1}, "P282--journal--clutter--CuwrEi-FdGK71gxBHSW3yZItG0W_LetHgsZGVrD1AZI-00042.jpg": {"object_bounding_box": [617, 483, 713, 878], "object_presence": 1}, "P282--journal--clutter--CuwrEi-FdGK71gxBHSW3yZItG0W_LetHgsZGVrD1AZI-00043.jpg": {"object_bounding_box": [614, 488, 708, 863], "object_presence": 1}, "P282--journal--clutter--CuwrEi-FdGK71gxBHSW3yZItG0W_LetHgsZGVrD1AZI-00044.jpg": {"object_bounding_box": [608, 496, 701, 858], "object_presence": 1}, "P282--journal--clutter--CuwrEi-FdGK71gxBHSW3yZItG0W_LetHgsZGVrD1AZI-00045.jpg": {"object_bounding_box": [607, 506, 697, 852], "object_presence": 1}, "P282--journal--clutter--CuwrEi-FdGK71gxBHSW3yZItG0W_LetHgsZGVrD1AZI-00046.jpg": {"object_bounding_box": [608, 513, 690, 840], "object_presence": 1}, "P282--journal--clutter--CuwrEi-FdGK71gxBHSW3yZItG0W_LetHgsZGVrD1AZI-00047.jpg": {"object_bounding_box": [613, 520, 685, 827], "object_presence": 1}, "P282--journal--clutter--CuwrEi-FdGK71gxBHSW3yZItG0W_LetHgsZGVrD1AZI-00048.jpg": {"object_bounding_box": [614, 523, 681, 827], "object_presence": 1}, "P282--journal--clutter--CuwrEi-FdGK71gxBHSW3yZItG0W_LetHgsZGVrD1AZI-00049.jpg": {"object_bounding_box": [616, 530, 679, 818], "object_presence": 1}, "P282--journal--clutter--CuwrEi-FdGK71gxBHSW3yZItG0W_LetHgsZGVrD1AZI-00050.jpg": {"object_bounding_box": [620, 529, 671, 812], "object_presence": 1}, "P282--journal--clutter--CuwrEi-FdGK71gxBHSW3yZItG0W_LetHgsZGVrD1AZI-00051.jpg": {"object_bounding_box": [623, 531, 670, 800], "object_presence": 1}, "P282--journal--clutter--CuwrEi-FdGK71gxBHSW3yZItG0W_LetHgsZGVrD1AZI-00052.jpg": {"object_bounding_box": [624, 541, 662, 790], "object_presence": 1}, "P282--journal--clutter--CuwrEi-FdGK71gxBHSW3yZItG0W_LetHgsZGVrD1AZI-00053.jpg": {"object_bounding_box": [623, 556, 663, 782], "object_presence": 1}, "P282--journal--clutter--CuwrEi-FdGK71gxBHSW3yZItG0W_LetHgsZGVrD1AZI-00054.jpg": {"object_bounding_box": [621, 569, 655, 780], "object_presence": 1}, "P282--journal--clutter--CuwrEi-FdGK71gxBHSW3yZItG0W_LetHgsZGVrD1AZI-00055.jpg": {"object_bounding_box": [623, 584, 649, 774], "object_presence": 1}, "P282--journal--clutter--CuwrEi-FdGK71gxBHSW3yZItG0W_LetHgsZGVrD1AZI-00056.jpg": {"object_bounding_box": [620, 593, 647, 772], "object_presence": 1}, "P282--journal--clutter--CuwrEi-FdGK71gxBHSW3yZItG0W_LetHgsZGVrD1AZI-00057.jpg": {"object_bounding_box": [618, 597, 644, 768], "object_presence": 1}, "P282--journal--clutter--CuwrEi-FdGK71gxBHSW3yZItG0W_LetHgsZGVrD1AZI-00058.jpg": {"object_bounding_box": [620, 603, 640, 764], "object_presence": 1}, "P282--journal--clutter--CuwrEi-FdGK71gxBHSW3yZItG0W_LetHgsZGVrD1AZI-00059.jpg": {"object_bounding_box": [627, 614, 636, 756], "object_presence": 1}, "P282--journal--clutter--CuwrEi-FdGK71gxBHSW3yZItG0W_LetHgsZGVrD1AZI-00060.jpg": {"object_bounding_box": [624, 623, 640, 755], "object_presence": 1}, "P282--journal--clutter--CuwrEi-FdGK71gxBHSW3yZItG0W_LetHgsZGVrD1AZI-00061.jpg": {"object_bounding_box": [621, 627, 635, 748], "object_presence": 1}, "P282--journal--clutter--CuwrEi-FdGK71gxBHSW3yZItG0W_LetHgsZGVrD1AZI-00062.jpg": {"object_bounding_box": [617, 632, 633, 743], "object_presence": 1}, "P282--journal--clutter--CuwrEi-FdGK71gxBHSW3yZItG0W_LetHgsZGVrD1AZI-00063.jpg": {"object_bounding_box": [618, 642, 625, 740], "object_presence": 1}, "P282--journal--clutter--CuwrEi-FdGK71gxBHSW3yZItG0W_LetHgsZGVrD1AZI-00064.jpg": {"object_bounding_box": [616, 648, 623, 738], "object_presence": 1}, "P282--journal--clutter--CuwrEi-FdGK71gxBHSW3yZItG0W_LetHgsZGVrD1AZI-00065.jpg": {"object_bounding_box": [617, 653, 617, 729], "object_presence": 1}, "P282--journal--clutter--CuwrEi-FdGK71gxBHSW3yZItG0W_LetHgsZGVrD1AZI-00066.jpg": {"object_bounding_box": [616, 657, 616, 726], "object_presence": 1}, "P282--journal--clutter--CuwrEi-FdGK71gxBHSW3yZItG0W_LetHgsZGVrD1AZI-00067.jpg": {"object_bounding_box": [615, 658, 612, 723], "object_presence": 1}, "P282--journal--clutter--CuwrEi-FdGK71gxBHSW3yZItG0W_LetHgsZGVrD1AZI-00068.jpg": {"object_bounding_box": [612, 656, 608, 720], "object_presence": 1}, "P282--journal--clutter--CuwrEi-FdGK71gxBHSW3yZItG0W_LetHgsZGVrD1AZI-00069.jpg": {"object_bounding_box": [610, 652, 604, 716], "object_presence": 1}, "P282--journal--clutter--CuwrEi-FdGK71gxBHSW3yZItG0W_LetHgsZGVrD1AZI-00070.jpg": {"object_bounding_box": [608, 647, 605, 712], "object_presence": 1}, "P282--journal--clutter--CuwrEi-FdGK71gxBHSW3yZItG0W_LetHgsZGVrD1AZI-00071.jpg": {"object_bounding_box": [609, 642, 603, 714], "object_presence": 1}, "P282--journal--clutter--CuwrEi-FdGK71gxBHSW3yZItG0W_LetHgsZGVrD1AZI-00072.jpg": {"object_bounding_box": [604, 641, 598, 708], "object_presence": 1}, "P282--journal--clutter--CuwrEi-FdGK71gxBHSW3yZItG0W_LetHgsZGVrD1AZI-00073.jpg": {"object_bounding_box": [601, 640, 593, 707], "object_presence": 1}, "P282--journal--clutter--CuwrEi-FdGK71gxBHSW3yZItG0W_LetHgsZGVrD1AZI-00074.jpg": {"object_bounding_box": [602, 637, 589, 702], "object_presence": 1}, "P282--journal--clutter--CuwrEi-FdGK71gxBHSW3yZItG0W_LetHgsZGVrD1AZI-00075.jpg": {"object_bounding_box": [602, 632, 589, 703], "object_presence": 1}, "P282--journal--clutter--CuwrEi-FdGK71gxBHSW3yZItG0W_LetHgsZGVrD1AZI-00076.jpg": {"object_bounding_box": [599, 628, 583, 701], "object_presence": 1}, "P282--journal--clutter--CuwrEi-FdGK71gxBHSW3yZItG0W_LetHgsZGVrD1AZI-00077.jpg": {"object_bounding_box": [597, 623, 583, 698], "object_presence": 1}, "P282--journal--clutter--CuwrEi-FdGK71gxBHSW3yZItG0W_LetHgsZGVrD1AZI-00078.jpg": {"object_bounding_box": [592, 622, 577, 697], "object_presence": 1}, "P282--journal--clutter--CuwrEi-FdGK71gxBHSW3yZItG0W_LetHgsZGVrD1AZI-00079.jpg": {"object_bounding_box": [591, 625, 574, 690], "object_presence": 1}, "P282--journal--clutter--CuwrEi-FdGK71gxBHSW3yZItG0W_LetHgsZGVrD1AZI-00080.jpg": {"object_bounding_box": [591, 629, 573, 690], "object_presence": 1}, "P282--journal--clutter--CuwrEi-FdGK71gxBHSW3yZItG0W_LetHgsZGVrD1AZI-00081.jpg": {"object_bounding_box": [589, 627, 569, 687], "object_presence": 1}, "P282--journal--clutter--CuwrEi-FdGK71gxBHSW3yZItG0W_LetHgsZGVrD1AZI-00082.jpg": {"object_bounding_box": [584, 630, 568, 685], "object_presence": 1}, "P282--journal--clutter--CuwrEi-FdGK71gxBHSW3yZItG0W_LetHgsZGVrD1AZI-00083.jpg": {"object_bounding_box": [582, 634, 565, 681], "object_presence": 1}, "P282--journal--clutter--CuwrEi-FdGK71gxBHSW3yZItG0W_LetHgsZGVrD1AZI-00084.jpg": {"object_bounding_box": [581, 637, 564, 679], "object_presence": 1}, "P282--journal--clutter--CuwrEi-FdGK71gxBHSW3yZItG0W_LetHgsZGVrD1AZI-00085.jpg": {"object_bounding_box": [582, 634, 564, 679], "object_presence": 1}, "P282--journal--clutter--CuwrEi-FdGK71gxBHSW3yZItG0W_LetHgsZGVrD1AZI-00086.jpg": {"object_bounding_box": [580, 636, 561, 676], "object_presence": 1}, "P282--journal--clutter--CuwrEi-FdGK71gxBHSW3yZItG0W_LetHgsZGVrD1AZI-00087.jpg": {"object_bounding_box": [582, 636, 557, 675], "object_presence": 1}, "P282--journal--clutter--CuwrEi-FdGK71gxBHSW3yZItG0W_LetHgsZGVrD1AZI-00088.jpg": {"object_bounding_box": [583, 638, 555, 671], "object_presence": 1}, "P282--journal--clutter--CuwrEi-FdGK71gxBHSW3yZItG0W_LetHgsZGVrD1AZI-00089.jpg": {"object_bounding_box": [583, 638, 555, 670], "object_presence": 1}, "P282--journal--clutter--CuwrEi-FdGK71gxBHSW3yZItG0W_LetHgsZGVrD1AZI-00090.jpg": {"object_bounding_box": [583, 638, 555, 670], "object_presence": 1}, "P282--journal--clutter--CuwrEi-FdGK71gxBHSW3yZItG0W_LetHgsZGVrD1AZI-00091.jpg": {"object_bounding_box": [583, 634, 551, 667], "object_presence": 1}, "P282--journal--clutter--CuwrEi-FdGK71gxBHSW3yZItG0W_LetHgsZGVrD1AZI-00092.jpg": {"object_bounding_box": [579, 630, 547, 663], "object_presence": 1}, "P282--journal--clutter--CuwrEi-FdGK71gxBHSW3yZItG0W_LetHgsZGVrD1AZI-00093.jpg": {"object_bounding_box": [578, 630, 546, 661], "object_presence": 1}, "P282--journal--clutter--CuwrEi-FdGK71gxBHSW3yZItG0W_LetHgsZGVrD1AZI-00094.jpg": {"object_bounding_box": [574, 633, 543, 661], "object_presence": 1}, "P282--journal--clutter--CuwrEi-FdGK71gxBHSW3yZItG0W_LetHgsZGVrD1AZI-00095.jpg": {"object_bounding_box": [571, 633, 542, 655], "object_presence": 1}, "P282--journal--clutter--CuwrEi-FdGK71gxBHSW3yZItG0W_LetHgsZGVrD1AZI-00096.jpg": {"object_bounding_box": [567, 634, 534, 652], "object_presence": 1}, "P282--journal--clutter--CuwrEi-FdGK71gxBHSW3yZItG0W_LetHgsZGVrD1AZI-00097.jpg": {"object_bounding_box": [564, 638, 535, 655], "object_presence": 1}, "P282--journal--clutter--CuwrEi-FdGK71gxBHSW3yZItG0W_LetHgsZGVrD1AZI-00098.jpg": {"object_bounding_box": [563, 642, 534, 653], "object_presence": 1}, "P282--journal--clutter--CuwrEi-FdGK71gxBHSW3yZItG0W_LetHgsZGVrD1AZI-00099.jpg": {"object_bounding_box": [558, 643, 531, 649], "object_presence": 1}, "P282--journal--clutter--CuwrEi-FdGK71gxBHSW3yZItG0W_LetHgsZGVrD1AZI-00100.jpg": {"object_bounding_box": [554, 643, 528, 648], "object_presence": 1}, "P282--journal--clutter--CuwrEi-FdGK71gxBHSW3yZItG0W_LetHgsZGVrD1AZI-00101.jpg": {"object_bounding_box": [552, 644, 526, 645], "object_presence": 1}, "P282--journal--clutter--CuwrEi-FdGK71gxBHSW3yZItG0W_LetHgsZGVrD1AZI-00102.jpg": {"object_bounding_box": [550, 643, 527, 645], "object_presence": 1}, "P282--journal--clutter--CuwrEi-FdGK71gxBHSW3yZItG0W_LetHgsZGVrD1AZI-00103.jpg": {"object_bounding_box": [548, 643, 524, 645], "object_presence": 1}, "P282--journal--clutter--CuwrEi-FdGK71gxBHSW3yZItG0W_LetHgsZGVrD1AZI-00104.jpg": {"object_bounding_box": [545, 638, 522, 646], "object_presence": 1}, "P282--journal--clutter--CuwrEi-FdGK71gxBHSW3yZItG0W_LetHgsZGVrD1AZI-00105.jpg": {"object_bounding_box": [543, 632, 526, 644], "object_presence": 1}, "P282--journal--clutter--CuwrEi-FdGK71gxBHSW3yZItG0W_LetHgsZGVrD1AZI-00106.jpg": {"object_bounding_box": [543, 632, 524, 643], "object_presence": 1}, "P282--journal--clutter--CuwrEi-FdGK71gxBHSW3yZItG0W_LetHgsZGVrD1AZI-00107.jpg": {"object_bounding_box": [542, 634, 520, 640], "object_presence": 1}, "P282--journal--clutter--CuwrEi-FdGK71gxBHSW3yZItG0W_LetHgsZGVrD1AZI-00108.jpg": {"object_bounding_box": [542, 641, 521, 639], "object_presence": 1}, "P282--journal--clutter--CuwrEi-FdGK71gxBHSW3yZItG0W_LetHgsZGVrD1AZI-00109.jpg": {"object_bounding_box": [542, 653, 519, 639], "object_presence": 1}, "P282--journal--clutter--CuwrEi-FdGK71gxBHSW3yZItG0W_LetHgsZGVrD1AZI-00110.jpg": {"object_bounding_box": [540, 659, 520, 633], "object_presence": 1}, "P282--journal--clutter--CuwrEi-FdGK71gxBHSW3yZItG0W_LetHgsZGVrD1AZI-00111.jpg": {"object_bounding_box": [543, 664, 516, 632], "object_presence": 1}, "P282--journal--clutter--CuwrEi-FdGK71gxBHSW3yZItG0W_LetHgsZGVrD1AZI-00112.jpg": {"object_bounding_box": [543, 665, 516, 627], "object_presence": 1}, "P282--journal--clutter--CuwrEi-FdGK71gxBHSW3yZItG0W_LetHgsZGVrD1AZI-00113.jpg": {"object_bounding_box": [546, 666, 515, 626], "object_presence": 1}, "P282--journal--clutter--CuwrEi-FdGK71gxBHSW3yZItG0W_LetHgsZGVrD1AZI-00114.jpg": {"object_bounding_box": [548, 666, 515, 626], "object_presence": 1}, "P282--journal--clutter--CuwrEi-FdGK71gxBHSW3yZItG0W_LetHgsZGVrD1AZI-00115.jpg": {"object_bounding_box": [552, 668, 511, 623], "object_presence": 1}, "P282--journal--clutter--CuwrEi-FdGK71gxBHSW3yZItG0W_LetHgsZGVrD1AZI-00116.jpg": {"object_bounding_box": [552, 674, 512, 627], "object_presence": 1}, "P282--journal--clutter--CuwrEi-FdGK71gxBHSW3yZItG0W_LetHgsZGVrD1AZI-00117.jpg": {"object_bounding_box": [553, 679, 511, 627], "object_presence": 1}, "P282--journal--clutter--CuwrEi-FdGK71gxBHSW3yZItG0W_LetHgsZGVrD1AZI-00118.jpg": {"object_bounding_box": [548, 682, 509, 626], "object_presence": 1}, "P282--journal--clutter--CuwrEi-FdGK71gxBHSW3yZItG0W_LetHgsZGVrD1AZI-00119.jpg": {"object_bounding_box": [551, 689, 506, 622], "object_presence": 1}, "P282--journal--clutter--CuwrEi-FdGK71gxBHSW3yZItG0W_LetHgsZGVrD1AZI-00120.jpg": {"object_bounding_box": [551, 694, 503, 616], "object_presence": 1}, "P282--journal--clutter--CuwrEi-FdGK71gxBHSW3yZItG0W_LetHgsZGVrD1AZI-00121.jpg": {"object_bounding_box": [553, 695, 501, 616], "object_presence": 1}, "P282--journal--clutter--CuwrEi-FdGK71gxBHSW3yZItG0W_LetHgsZGVrD1AZI-00122.jpg": {"object_bounding_box": [552, 694, 502, 616], "object_presence": 1}, "P282--journal--clutter--CuwrEi-FdGK71gxBHSW3yZItG0W_LetHgsZGVrD1AZI-00123.jpg": {"object_bounding_box": [553, 690, 504, 618], "object_presence": 1}, "P282--journal--clutter--CuwrEi-FdGK71gxBHSW3yZItG0W_LetHgsZGVrD1AZI-00124.jpg": {"object_bounding_box": [555, 689, 501, 611], "object_presence": 1}, "P282--journal--clutter--CuwrEi-FdGK71gxBHSW3yZItG0W_LetHgsZGVrD1AZI-00125.jpg": {"object_bounding_box": [555, 689, 502, 611], "object_presence": 1}, "P282--journal--clutter--CuwrEi-FdGK71gxBHSW3yZItG0W_LetHgsZGVrD1AZI-00126.jpg": {"object_bounding_box": [557, 690, 498, 611], "object_presence": 1}, "P282--journal--clutter--CuwrEi-FdGK71gxBHSW3yZItG0W_LetHgsZGVrD1AZI-00127.jpg": {"object_bounding_box": [555, 690, 499, 610], "object_presence": 1}, "P282--journal--clutter--CuwrEi-FdGK71gxBHSW3yZItG0W_LetHgsZGVrD1AZI-00128.jpg": {"object_bounding_box": [553, 690, 499, 610], "object_presence": 1}, "P282--journal--clutter--CuwrEi-FdGK71gxBHSW3yZItG0W_LetHgsZGVrD1AZI-00129.jpg": {"object_bounding_box": [554, 687, 499, 610], "object_presence": 1}, "P282--journal--clutter--CuwrEi-FdGK71gxBHSW3yZItG0W_LetHgsZGVrD1AZI-00130.jpg": {"object_bounding_box": [552, 681, 496, 610], "object_presence": 1}, "P282--journal--clutter--CuwrEi-FdGK71gxBHSW3yZItG0W_LetHgsZGVrD1AZI-00131.jpg": {"object_bounding_box": [550, 677, 491, 610], "object_presence": 1}, "P282--journal--clutter--CuwrEi-FdGK71gxBHSW3yZItG0W_LetHgsZGVrD1AZI-00132.jpg": {"object_bounding_box": [541, 677, 491, 610], "object_presence": 1}, "P282--journal--clutter--CuwrEi-FdGK71gxBHSW3yZItG0W_LetHgsZGVrD1AZI-00133.jpg": {"object_bounding_box": [534, 673, 491, 606], "object_presence": 1}, "P282--journal--clutter--CuwrEi-FdGK71gxBHSW3yZItG0W_LetHgsZGVrD1AZI-00134.jpg": {"object_bounding_box": [531, 670, 492, 605], "object_presence": 1}, "P282--journal--clutter--CuwrEi-FdGK71gxBHSW3yZItG0W_LetHgsZGVrD1AZI-00135.jpg": {"object_bounding_box": [529, 666, 493, 603], "object_presence": 1}, "P282--journal--clutter--CuwrEi-FdGK71gxBHSW3yZItG0W_LetHgsZGVrD1AZI-00136.jpg": {"object_bounding_box": [525, 666, 491, 603], "object_presence": 1}, "P282--journal--clutter--CuwrEi-FdGK71gxBHSW3yZItG0W_LetHgsZGVrD1AZI-00137.jpg": {"object_bounding_box": [521, 670, 490, 603], "object_presence": 1}, "P282--journal--clutter--CuwrEi-FdGK71gxBHSW3yZItG0W_LetHgsZGVrD1AZI-00138.jpg": {"object_bounding_box": [521, 668, 490, 599], "object_presence": 1}, "P282--journal--clutter--CuwrEi-FdGK71gxBHSW3yZItG0W_LetHgsZGVrD1AZI-00139.jpg": {"object_bounding_box": [521, 667, 485, 598], "object_presence": 1}, "P282--journal--clutter--CuwrEi-FdGK71gxBHSW3yZItG0W_LetHgsZGVrD1AZI-00140.jpg": {"object_bounding_box": [521, 665, 485, 593], "object_presence": 1}, "P282--journal--clutter--CuwrEi-FdGK71gxBHSW3yZItG0W_LetHgsZGVrD1AZI-00141.jpg": {"object_bounding_box": [521, 666, 487, 595], "object_presence": 1}, "P282--journal--clutter--CuwrEi-FdGK71gxBHSW3yZItG0W_LetHgsZGVrD1AZI-00142.jpg": {"object_bounding_box": [520, 659, 484, 590], "object_presence": 1}, "P282--journal--clutter--CuwrEi-FdGK71gxBHSW3yZItG0W_LetHgsZGVrD1AZI-00143.jpg": {"object_bounding_box": [518, 653, 488, 589], "object_presence": 1}, "P282--journal--clutter--CuwrEi-FdGK71gxBHSW3yZItG0W_LetHgsZGVrD1AZI-00144.jpg": {"object_bounding_box": [515, 646, 484, 589], "object_presence": 1}, "P282--journal--clutter--CuwrEi-FdGK71gxBHSW3yZItG0W_LetHgsZGVrD1AZI-00145.jpg": {"object_bounding_box": [510, 639, 488, 585], "object_presence": 1}, "P282--journal--clutter--CuwrEi-FdGK71gxBHSW3yZItG0W_LetHgsZGVrD1AZI-00146.jpg": {"object_bounding_box": [505, 640, 487, 584], "object_presence": 1}, "P282--journal--clutter--CuwrEi-FdGK71gxBHSW3yZItG0W_LetHgsZGVrD1AZI-00147.jpg": {"object_bounding_box": [502, 641, 487, 580], "object_presence": 1}, "P282--journal--clutter--CuwrEi-FdGK71gxBHSW3yZItG0W_LetHgsZGVrD1AZI-00148.jpg": {"object_bounding_box": [503, 645, 488, 587], "object_presence": 1}, "P282--journal--clutter--CuwrEi-FdGK71gxBHSW3yZItG0W_LetHgsZGVrD1AZI-00149.jpg": {"object_bounding_box": [504, 649, 489, 594], "object_presence": 1}, "P282--journal--clutter--CuwrEi-FdGK71gxBHSW3yZItG0W_LetHgsZGVrD1AZI-00150.jpg": {"object_bounding_box": [502, 646, 489, 604], "object_presence": 1}, "P282--journal--clutter--CuwrEi-FdGK71gxBHSW3yZItG0W_LetHgsZGVrD1AZI-00151.jpg": {"object_bounding_box": [505, 641, 505, 617], "object_presence": 1}, "P282--journal--clutter--CuwrEi-FdGK71gxBHSW3yZItG0W_LetHgsZGVrD1AZI-00152.jpg": {"object_bounding_box": [511, 646, 522, 626], "object_presence": 1}, "P282--journal--clutter--CuwrEi-FdGK71gxBHSW3yZItG0W_LetHgsZGVrD1AZI-00153.jpg": {"object_bounding_box": [515, 659, 532, 634], "object_presence": 1}, "P282--journal--clutter--CuwrEi-FdGK71gxBHSW3yZItG0W_LetHgsZGVrD1AZI-00154.jpg": {"object_bounding_box": [522, 665, 547, 647], "object_presence": 1}, "P282--journal--clutter--CuwrEi-FdGK71gxBHSW3yZItG0W_LetHgsZGVrD1AZI-00155.jpg": {"object_bounding_box": [530, 663, 570, 665], "object_presence": 1}, "P282--journal--clutter--CuwrEi-FdGK71gxBHSW3yZItG0W_LetHgsZGVrD1AZI-00156.jpg": {"object_bounding_box": [527, 656, 586, 674], "object_presence": 1}, "P282--journal--clutter--CuwrEi-FdGK71gxBHSW3yZItG0W_LetHgsZGVrD1AZI-00157.jpg": {"object_bounding_box": [519, 657, 602, 682], "object_presence": 1}, "P282--journal--clutter--CuwrEi-FdGK71gxBHSW3yZItG0W_LetHgsZGVrD1AZI-00158.jpg": {"object_bounding_box": [513, 656, 618, 689], "object_presence": 1}, "P282--journal--clutter--CuwrEi-FdGK71gxBHSW3yZItG0W_LetHgsZGVrD1AZI-00159.jpg": {"object_bounding_box": [512, 651, 631, 699], "object_presence": 1}, "P282--journal--clutter--CuwrEi-FdGK71gxBHSW3yZItG0W_LetHgsZGVrD1AZI-00160.jpg": {"object_bounding_box": [513, 652, 639, 707], "object_presence": 1}, "P282--journal--clutter--CuwrEi-FdGK71gxBHSW3yZItG0W_LetHgsZGVrD1AZI-00161.jpg": {"object_bounding_box": [511, 653, 651, 711], "object_presence": 1}, "P282--journal--clutter--CuwrEi-FdGK71gxBHSW3yZItG0W_LetHgsZGVrD1AZI-00162.jpg": {"object_bounding_box": [515, 652, 659, 713], "object_presence": 1}, "P282--journal--clutter--CuwrEi-FdGK71gxBHSW3yZItG0W_LetHgsZGVrD1AZI-00163.jpg": {"object_bounding_box": [516, 649, 668, 719], "object_presence": 1}, "P282--journal--clutter--CuwrEi-FdGK71gxBHSW3yZItG0W_LetHgsZGVrD1AZI-00164.jpg": {"object_bounding_box": [515, 652, 675, 719], "object_presence": 1}, "P282--journal--clutter--CuwrEi-FdGK71gxBHSW3yZItG0W_LetHgsZGVrD1AZI-00165.jpg": {"object_bounding_box": [515, 654, 683, 723], "object_presence": 1}, "P282--journal--clutter--CuwrEi-FdGK71gxBHSW3yZItG0W_LetHgsZGVrD1AZI-00166.jpg": {"object_bounding_box": [514, 653, 689, 727], "object_presence": 1}, "P282--journal--clutter--CuwrEi-FdGK71gxBHSW3yZItG0W_LetHgsZGVrD1AZI-00167.jpg": {"object_bounding_box": [517, 652, 695, 731], "object_presence": 1}, "P282--journal--clutter--CuwrEi-FdGK71gxBHSW3yZItG0W_LetHgsZGVrD1AZI-00168.jpg": {"object_bounding_box": [517, 652, 698, 730], "object_presence": 1}, "P282--journal--clutter--CuwrEi-FdGK71gxBHSW3yZItG0W_LetHgsZGVrD1AZI-00169.jpg": {"object_bounding_box": [521, 656, 698, 728], "object_presence": 1}, "P282--journal--clutter--CuwrEi-FdGK71gxBHSW3yZItG0W_LetHgsZGVrD1AZI-00170.jpg": {"object_bounding_box": [522, 655, 703, 730], "object_presence": 1}, "P282--journal--clutter--CuwrEi-FdGK71gxBHSW3yZItG0W_LetHgsZGVrD1AZI-00171.jpg": {"object_bounding_box": [522, 655, 703, 730], "object_presence": 1}, "P282--journal--clutter--CuwrEi-FdGK71gxBHSW3yZItG0W_LetHgsZGVrD1AZI-00172.jpg": {"object_bounding_box": [525, 652, 704, 728], "object_presence": 1}, "P282--journal--clutter--CuwrEi-FdGK71gxBHSW3yZItG0W_LetHgsZGVrD1AZI-00173.jpg": {"object_bounding_box": [530, 656, 706, 727], "object_presence": 1}, "P282--journal--clutter--CuwrEi-FdGK71gxBHSW3yZItG0W_LetHgsZGVrD1AZI-00174.jpg": {"object_bounding_box": [531, 656, 708, 728], "object_presence": 1}, "P282--journal--clutter--CuwrEi-FdGK71gxBHSW3yZItG0W_LetHgsZGVrD1AZI-00175.jpg": {"object_bounding_box": [534, 659, 703, 731], "object_presence": 1}, "P282--journal--clutter--CuwrEi-FdGK71gxBHSW3yZItG0W_LetHgsZGVrD1AZI-00176.jpg": {"object_bounding_box": [536, 659, 707, 731], "object_presence": 1}, "P282--journal--clutter--CuwrEi-FdGK71gxBHSW3yZItG0W_LetHgsZGVrD1AZI-00177.jpg": {"object_bounding_box": [543, 666, 708, 734], "object_presence": 1}, "P282--journal--clutter--CuwrEi-FdGK71gxBHSW3yZItG0W_LetHgsZGVrD1AZI-00178.jpg": {"object_bounding_box": [544, 666, 706, 734], "object_presence": 1}, "P282--journal--clutter--CuwrEi-FdGK71gxBHSW3yZItG0W_LetHgsZGVrD1AZI-00179.jpg": {"object_bounding_box": [548, 666, 713, 734], "object_presence": 1}, "P282--journal--clutter--CuwrEi-FdGK71gxBHSW3yZItG0W_LetHgsZGVrD1AZI-00180.jpg": {"object_bounding_box": [557, 666, 709, 734], "object_presence": 1}, "P282--journal--clutter--CuwrEi-FdGK71gxBHSW3yZItG0W_LetHgsZGVrD1AZI-00181.jpg": {"object_bounding_box": [564, 666, 714, 734], "object_presence": 1}, "P282--journal--clutter--CuwrEi-FdGK71gxBHSW3yZItG0W_LetHgsZGVrD1AZI-00182.jpg": {"object_bounding_box": [566, 663, 711, 734], "object_presence": 1}, "P282--journal--clutter--CuwrEi-FdGK71gxBHSW3yZItG0W_LetHgsZGVrD1AZI-00183.jpg": {"object_bounding_box": [574, 665, 711, 737], "object_presence": 1}, "P282--journal--clutter--CuwrEi-FdGK71gxBHSW3yZItG0W_LetHgsZGVrD1AZI-00184.jpg": {"object_bounding_box": [579, 667, 715, 739], "object_presence": 1}, "P282--journal--clutter--CuwrEi-FdGK71gxBHSW3yZItG0W_LetHgsZGVrD1AZI-00185.jpg": {"object_bounding_box": [585, 667, 714, 739], "object_presence": 1}, "P282--journal--clutter--CuwrEi-FdGK71gxBHSW3yZItG0W_LetHgsZGVrD1AZI-00186.jpg": {"object_bounding_box": [590, 664, 717, 737], "object_presence": 1}, "P282--journal--clutter--CuwrEi-FdGK71gxBHSW3yZItG0W_LetHgsZGVrD1AZI-00187.jpg": {"object_bounding_box": [595, 661, 722, 739], "object_presence": 1}, "P282--journal--clutter--CuwrEi-FdGK71gxBHSW3yZItG0W_LetHgsZGVrD1AZI-00188.jpg": {"object_bounding_box": [594, 658, 720, 743], "object_presence": 1}, "P282--journal--clutter--CuwrEi-FdGK71gxBHSW3yZItG0W_LetHgsZGVrD1AZI-00189.jpg": {"object_bounding_box": [599, 656, 723, 745], "object_presence": 1}, "P282--journal--clutter--CuwrEi-FdGK71gxBHSW3yZItG0W_LetHgsZGVrD1AZI-00190.jpg": {"object_bounding_box": [601, 649, 723, 745], "object_presence": 1}, "P282--journal--clutter--CuwrEi-FdGK71gxBHSW3yZItG0W_LetHgsZGVrD1AZI-00191.jpg": {"object_bounding_box": [606, 642, 723, 745], "object_presence": 1}, "P282--journal--clutter--CuwrEi-FdGK71gxBHSW3yZItG0W_LetHgsZGVrD1AZI-00192.jpg": {"object_bounding_box": [609, 642, 723, 745], "object_presence": 1}, "P282--journal--clutter--CuwrEi-FdGK71gxBHSW3yZItG0W_LetHgsZGVrD1AZI-00193.jpg": {"object_bounding_box": [606, 642, 723, 745], "object_presence": 1}, "P282--journal--clutter--CuwrEi-FdGK71gxBHSW3yZItG0W_LetHgsZGVrD1AZI-00194.jpg": {"object_bounding_box": [604, 646, 719, 741], "object_presence": 1}, "P282--journal--clutter--CuwrEi-FdGK71gxBHSW3yZItG0W_LetHgsZGVrD1AZI-00195.jpg": {"object_bounding_box": [604, 649, 719, 745], "object_presence": 1}, "P282--journal--clutter--CuwrEi-FdGK71gxBHSW3yZItG0W_LetHgsZGVrD1AZI-00196.jpg": {"object_bounding_box": [601, 653, 720, 745], "object_presence": 1}, "P282--journal--clutter--CuwrEi-FdGK71gxBHSW3yZItG0W_LetHgsZGVrD1AZI-00197.jpg": {"object_bounding_box": [601, 654, 720, 740], "object_presence": 1}, "P282--journal--clutter--CuwrEi-FdGK71gxBHSW3yZItG0W_LetHgsZGVrD1AZI-00198.jpg": {"object_bounding_box": [601, 656, 720, 745], "object_presence": 1}, "P282--journal--clutter--CuwrEi-FdGK71gxBHSW3yZItG0W_LetHgsZGVrD1AZI-00199.jpg": {"object_bounding_box": [600, 660, 723, 745], "object_presence": 1}, "P282--journal--clutter--CuwrEi-FdGK71gxBHSW3yZItG0W_LetHgsZGVrD1AZI-00200.jpg": {"object_bounding_box": [599, 664, 723, 745], "object_presence": 1}, "P282--journal--clutter--CuwrEi-FdGK71gxBHSW3yZItG0W_LetHgsZGVrD1AZI-00201.jpg": {"object_bounding_box": [598, 667, 717, 745], "object_presence": 1}, "P282--journal--clutter--CuwrEi-FdGK71gxBHSW3yZItG0W_LetHgsZGVrD1AZI-00202.jpg": {"object_bounding_box": [601, 667, 723, 745], "object_presence": 1}, "P282--journal--clutter--CuwrEi-FdGK71gxBHSW3yZItG0W_LetHgsZGVrD1AZI-00203.jpg": {"object_bounding_box": [603, 667, 725, 745], "object_presence": 1}, "P282--journal--clutter--CuwrEi-FdGK71gxBHSW3yZItG0W_LetHgsZGVrD1AZI-00204.jpg": {"object_bounding_box": [609, 669, 730, 751], "object_presence": 1}, "P282--journal--clutter--CuwrEi-FdGK71gxBHSW3yZItG0W_LetHgsZGVrD1AZI-00205.jpg": {"object_bounding_box": [617, 668, 733, 756], "object_presence": 1}, "P282--journal--clutter--CuwrEi-FdGK71gxBHSW3yZItG0W_LetHgsZGVrD1AZI-00206.jpg": {"object_bounding_box": [622, 666, 733, 750], "object_presence": 1}, "P282--journal--clutter--CuwrEi-FdGK71gxBHSW3yZItG0W_LetHgsZGVrD1AZI-00207.jpg": {"object_bounding_box": [627, 664, 737, 751], "object_presence": 1}, "P282--journal--clutter--CuwrEi-FdGK71gxBHSW3yZItG0W_LetHgsZGVrD1AZI-00208.jpg": {"object_bounding_box": [628, 661, 740, 750], "object_presence": 1}, "P282--journal--clutter--CuwrEi-FdGK71gxBHSW3yZItG0W_LetHgsZGVrD1AZI-00209.jpg": {"object_bounding_box": [631, 658, 741, 753], "object_presence": 1}, "P282--journal--clutter--CuwrEi-FdGK71gxBHSW3yZItG0W_LetHgsZGVrD1AZI-00210.jpg": {"object_bounding_box": [634, 655, 741, 753], "object_presence": 1}, "P282--journal--clutter--CuwrEi-FdGK71gxBHSW3yZItG0W_LetHgsZGVrD1AZI-00211.jpg": {"object_bounding_box": [636, 654, 744, 752], "object_presence": 1}, "P282--journal--clutter--CuwrEi-FdGK71gxBHSW3yZItG0W_LetHgsZGVrD1AZI-00212.jpg": {"object_bounding_box": [636, 654, 744, 752], "object_presence": 1}, "P282--journal--clutter--CuwrEi-FdGK71gxBHSW3yZItG0W_LetHgsZGVrD1AZI-00213.jpg": {"object_bounding_box": [636, 654, 744, 752], "object_presence": 1}, "P282--journal--clutter--CuwrEi-FdGK71gxBHSW3yZItG0W_LetHgsZGVrD1AZI-00214.jpg": {"object_bounding_box": [637, 655, 747, 748], "object_presence": 1}, "P282--journal--clutter--CuwrEi-FdGK71gxBHSW3yZItG0W_LetHgsZGVrD1AZI-00215.jpg": {"object_bounding_box": [637, 658, 747, 748], "object_presence": 1}, "P282--journal--clutter--CuwrEi-FdGK71gxBHSW3yZItG0W_LetHgsZGVrD1AZI-00216.jpg": {"object_bounding_box": [637, 659, 747, 748], "object_presence": 1}, "P282--journal--clutter--CuwrEi-FdGK71gxBHSW3yZItG0W_LetHgsZGVrD1AZI-00217.jpg": {"object_bounding_box": [638, 658, 747, 743], "object_presence": 1}, "P282--journal--clutter--CuwrEi-FdGK71gxBHSW3yZItG0W_LetHgsZGVrD1AZI-00218.jpg": {"object_bounding_box": [637, 652, 747, 744], "object_presence": 1}, "P282--journal--clutter--CuwrEi-FdGK71gxBHSW3yZItG0W_LetHgsZGVrD1AZI-00219.jpg": {"object_bounding_box": [637, 647, 747, 744], "object_presence": 1}, "P282--journal--clutter--CuwrEi-FdGK71gxBHSW3yZItG0W_LetHgsZGVrD1AZI-00220.jpg": {"object_bounding_box": [638, 639, 747, 742], "object_presence": 1}, "P282--journal--clutter--CuwrEi-FdGK71gxBHSW3yZItG0W_LetHgsZGVrD1AZI-00221.jpg": {"object_bounding_box": [640, 636, 752, 745], "object_presence": 1}, "P282--journal--clutter--CuwrEi-FdGK71gxBHSW3yZItG0W_LetHgsZGVrD1AZI-00222.jpg": {"object_bounding_box": [641, 634, 742, 740], "object_presence": 1}, "P282--journal--clutter--CuwrEi-FdGK71gxBHSW3yZItG0W_LetHgsZGVrD1AZI-00223.jpg": {"object_bounding_box": [637, 640, 745, 740], "object_presence": 1}, "P282--journal--clutter--CuwrEi-FdGK71gxBHSW3yZItG0W_LetHgsZGVrD1AZI-00224.jpg": {"object_bounding_box": [631, 643, 745, 742], "object_presence": 1}, "P282--journal--clutter--CuwrEi-FdGK71gxBHSW3yZItG0W_LetHgsZGVrD1AZI-00225.jpg": {"object_bounding_box": [631, 636, 745, 741], "object_presence": 1}, "P282--journal--clutter--CuwrEi-FdGK71gxBHSW3yZItG0W_LetHgsZGVrD1AZI-00226.jpg": {"object_bounding_box": [634, 631, 745, 740], "object_presence": 1}, "P282--journal--clutter--CuwrEi-FdGK71gxBHSW3yZItG0W_LetHgsZGVrD1AZI-00227.jpg": {"object_bounding_box": [634, 634, 745, 736], "object_presence": 1}, "P282--journal--clutter--CuwrEi-FdGK71gxBHSW3yZItG0W_LetHgsZGVrD1AZI-00228.jpg": {"object_bounding_box": [629, 633, 745, 737], "object_presence": 1}, "P282--journal--clutter--CuwrEi-FdGK71gxBHSW3yZItG0W_LetHgsZGVrD1AZI-00229.jpg": {"object_bounding_box": [623, 633, 742, 735], "object_presence": 1}, "P282--journal--clutter--CuwrEi-FdGK71gxBHSW3yZItG0W_LetHgsZGVrD1AZI-00230.jpg": {"object_bounding_box": [615, 641, 745, 735], "object_presence": 1}, "P282--journal--clutter--CuwrEi-FdGK71gxBHSW3yZItG0W_LetHgsZGVrD1AZI-00231.jpg": {"object_bounding_box": [606, 654, 745, 729], "object_presence": 1}, "P282--journal--clutter--CuwrEi-FdGK71gxBHSW3yZItG0W_LetHgsZGVrD1AZI-00232.jpg": {"object_bounding_box": [599, 657, 745, 730], "object_presence": 1}, "P282--journal--clutter--CuwrEi-FdGK71gxBHSW3yZItG0W_LetHgsZGVrD1AZI-00233.jpg": {"object_bounding_box": [598, 657, 748, 730], "object_presence": 1}, "P282--journal--clutter--CuwrEi-FdGK71gxBHSW3yZItG0W_LetHgsZGVrD1AZI-00234.jpg": {"object_bounding_box": [601, 655, 745, 735], "object_presence": 1}, "P282--journal--clutter--CuwrEi-FdGK71gxBHSW3yZItG0W_LetHgsZGVrD1AZI-00235.jpg": {"object_bounding_box": [600, 646, 750, 723], "object_presence": 1}, "P282--journal--clutter--CuwrEi-FdGK71gxBHSW3yZItG0W_LetHgsZGVrD1AZI-00236.jpg": {"object_bounding_box": [603, 640, 753, 719], "object_presence": 1}, "P282--journal--clutter--CuwrEi-FdGK71gxBHSW3yZItG0W_LetHgsZGVrD1AZI-00237.jpg": {"object_bounding_box": [610, 633, 751, 714], "object_presence": 1}, "P282--journal--clutter--CuwrEi-FdGK71gxBHSW3yZItG0W_LetHgsZGVrD1AZI-00238.jpg": {"object_bounding_box": [614, 632, 751, 711], "object_presence": 1}, "P282--journal--clutter--CuwrEi-FdGK71gxBHSW3yZItG0W_LetHgsZGVrD1AZI-00239.jpg": {"object_bounding_box": [614, 624, 751, 705], "object_presence": 1}, "P282--journal--clutter--CuwrEi-FdGK71gxBHSW3yZItG0W_LetHgsZGVrD1AZI-00240.jpg": {"object_bounding_box": [614, 615, 751, 705], "object_presence": 1}, "P282--journal--clutter--CuwrEi-FdGK71gxBHSW3yZItG0W_LetHgsZGVrD1AZI-00241.jpg": {"object_bounding_box": [614, 602, 751, 705], "object_presence": 1}, "P282--journal--clutter--CuwrEi-FdGK71gxBHSW3yZItG0W_LetHgsZGVrD1AZI-00242.jpg": {"object_bounding_box": [608, 595, 751, 693], "object_presence": 1}, "P282--journal--clutter--CuwrEi-FdGK71gxBHSW3yZItG0W_LetHgsZGVrD1AZI-00243.jpg": {"object_bounding_box": [599, 596, 748, 695], "object_presence": 1}, "P282--journal--clutter--CuwrEi-FdGK71gxBHSW3yZItG0W_LetHgsZGVrD1AZI-00244.jpg": {"object_bounding_box": [601, 597, 748, 689], "object_presence": 1}, "P282--journal--clutter--CuwrEi-FdGK71gxBHSW3yZItG0W_LetHgsZGVrD1AZI-00245.jpg": {"object_bounding_box": [598, 598, 740, 681], "object_presence": 1}, "P282--journal--clutter--CuwrEi-FdGK71gxBHSW3yZItG0W_LetHgsZGVrD1AZI-00246.jpg": {"object_bounding_box": [595, 594, 743, 680], "object_presence": 1}, "P282--journal--clutter--CuwrEi-FdGK71gxBHSW3yZItG0W_LetHgsZGVrD1AZI-00247.jpg": {"object_bounding_box": [591, 590, 739, 678], "object_presence": 1}, "P282--journal--clutter--CuwrEi-FdGK71gxBHSW3yZItG0W_LetHgsZGVrD1AZI-00248.jpg": {"object_bounding_box": [591, 581, 738, 678], "object_presence": 1}, "P282--journal--clutter--CuwrEi-FdGK71gxBHSW3yZItG0W_LetHgsZGVrD1AZI-00249.jpg": {"object_bounding_box": [588, 570, 735, 678], "object_presence": 1}, "P282--journal--clutter--CuwrEi-FdGK71gxBHSW3yZItG0W_LetHgsZGVrD1AZI-00250.jpg": {"object_bounding_box": [583, 560, 737, 669], "object_presence": 1}, "P282--journal--clutter--CuwrEi-FdGK71gxBHSW3yZItG0W_LetHgsZGVrD1AZI-00251.jpg": {"object_bounding_box": [579, 554, 730, 673], "object_presence": 1}, "P282--journal--clutter--CuwrEi-FdGK71gxBHSW3yZItG0W_LetHgsZGVrD1AZI-00252.jpg": {"object_bounding_box": [579, 549, 730, 670], "object_presence": 1}, "P282--journal--clutter--CuwrEi-FdGK71gxBHSW3yZItG0W_LetHgsZGVrD1AZI-00253.jpg": {"object_bounding_box": [580, 543, 731, 670], "object_presence": 1}, "P282--journal--clutter--CuwrEi-FdGK71gxBHSW3yZItG0W_LetHgsZGVrD1AZI-00254.jpg": {"object_bounding_box": [586, 538, 726, 672], "object_presence": 1}, "P282--journal--clutter--CuwrEi-FdGK71gxBHSW3yZItG0W_LetHgsZGVrD1AZI-00255.jpg": {"object_bounding_box": [593, 530, 726, 673], "object_presence": 1}, "P282--journal--clutter--CuwrEi-FdGK71gxBHSW3yZItG0W_LetHgsZGVrD1AZI-00256.jpg": {"object_bounding_box": [597, 526, 729, 666], "object_presence": 1}, "P282--journal--clutter--CuwrEi-FdGK71gxBHSW3yZItG0W_LetHgsZGVrD1AZI-00257.jpg": {"object_bounding_box": [602, 525, 726, 666], "object_presence": 1}, "P282--journal--clutter--CuwrEi-FdGK71gxBHSW3yZItG0W_LetHgsZGVrD1AZI-00258.jpg": {"object_bounding_box": [608, 528, 724, 660], "object_presence": 1}, "P282--journal--clutter--CuwrEi-FdGK71gxBHSW3yZItG0W_LetHgsZGVrD1AZI-00259.jpg": {"object_bounding_box": [613, 534, 722, 656], "object_presence": 1}, "P282--journal--clutter--CuwrEi-FdGK71gxBHSW3yZItG0W_LetHgsZGVrD1AZI-00260.jpg": {"object_bounding_box": [621, 539, 722, 655], "object_presence": 1}, "P282--journal--clutter--CuwrEi-FdGK71gxBHSW3yZItG0W_LetHgsZGVrD1AZI-00261.jpg": {"object_bounding_box": [630, 551, 719, 656], "object_presence": 1}, "P282--journal--clutter--CuwrEi-FdGK71gxBHSW3yZItG0W_LetHgsZGVrD1AZI-00262.jpg": {"object_bounding_box": [639, 555, 722, 646], "object_presence": 1}, "P282--journal--clutter--CuwrEi-FdGK71gxBHSW3yZItG0W_LetHgsZGVrD1AZI-00263.jpg": {"object_bounding_box": [647, 562, 717, 641], "object_presence": 1}, "P282--journal--clutter--CuwrEi-FdGK71gxBHSW3yZItG0W_LetHgsZGVrD1AZI-00264.jpg": {"object_bounding_box": [657, 564, 716, 644], "object_presence": 1}, "P282--journal--clutter--CuwrEi-FdGK71gxBHSW3yZItG0W_LetHgsZGVrD1AZI-00265.jpg": {"object_bounding_box": [671, 566, 716, 638], "object_presence": 1}, "P282--journal--clutter--CuwrEi-FdGK71gxBHSW3yZItG0W_LetHgsZGVrD1AZI-00266.jpg": {"object_bounding_box": [685, 565, 716, 635], "object_presence": 1}, "P282--journal--clutter--CuwrEi-FdGK71gxBHSW3yZItG0W_LetHgsZGVrD1AZI-00267.jpg": {"object_bounding_box": [695, 571, 716, 625], "object_presence": 1}, "P282--journal--clutter--CuwrEi-FdGK71gxBHSW3yZItG0W_LetHgsZGVrD1AZI-00268.jpg": {"object_bounding_box": [701, 575, 713, 622], "object_presence": 1}, "P282--journal--clutter--CuwrEi-FdGK71gxBHSW3yZItG0W_LetHgsZGVrD1AZI-00269.jpg": {"object_bounding_box": [711, 582, 713, 613], "object_presence": 1}, "P282--journal--clutter--CuwrEi-FdGK71gxBHSW3yZItG0W_LetHgsZGVrD1AZI-00270.jpg": {"object_bounding_box": [716, 584, 711, 611], "object_presence": 1}, "P282--journal--clutter--CuwrEi-FdGK71gxBHSW3yZItG0W_LetHgsZGVrD1AZI-00271.jpg": {"object_bounding_box": [718, 582, 706, 595], "object_presence": 1}, "P282--journal--clutter--CuwrEi-FdGK71gxBHSW3yZItG0W_LetHgsZGVrD1AZI-00272.jpg": {"object_bounding_box": [718, 581, 703, 592], "object_presence": 1}, "P282--journal--clutter--CuwrEi-FdGK71gxBHSW3yZItG0W_LetHgsZGVrD1AZI-00273.jpg": {"object_bounding_box": [720, 577, 697, 584], "object_presence": 1}, "P282--journal--clutter--CuwrEi-FdGK71gxBHSW3yZItG0W_LetHgsZGVrD1AZI-00274.jpg": {"object_bounding_box": [718, 568, 695, 578], "object_presence": 1}, "P282--journal--clutter--CuwrEi-FdGK71gxBHSW3yZItG0W_LetHgsZGVrD1AZI-00275.jpg": {"object_bounding_box": [717, 561, 692, 572], "object_presence": 1}, "P282--journal--clutter--CuwrEi-FdGK71gxBHSW3yZItG0W_LetHgsZGVrD1AZI-00276.jpg": {"object_bounding_box": [714, 557, 691, 565], "object_presence": 1}, "P282--journal--clutter--CuwrEi-FdGK71gxBHSW3yZItG0W_LetHgsZGVrD1AZI-00277.jpg": {"object_bounding_box": [709, 550, 694, 564], "object_presence": 1}, "P282--journal--clutter--CuwrEi-FdGK71gxBHSW3yZItG0W_LetHgsZGVrD1AZI-00278.jpg": {"object_bounding_box": [703, 546, 690, 567], "object_presence": 1}, "P282--journal--clutter--CuwrEi-FdGK71gxBHSW3yZItG0W_LetHgsZGVrD1AZI-00279.jpg": {"object_bounding_box": [691, 546, 689, 566], "object_presence": 1}, "P282--journal--clutter--CuwrEi-FdGK71gxBHSW3yZItG0W_LetHgsZGVrD1AZI-00280.jpg": {"object_bounding_box": [682, 551, 687, 566], "object_presence": 1}, "P282--journal--clutter--CuwrEi-FdGK71gxBHSW3yZItG0W_LetHgsZGVrD1AZI-00281.jpg": {"object_bounding_box": [673, 558, 681, 568], "object_presence": 1}, "P282--journal--clutter--CuwrEi-FdGK71gxBHSW3yZItG0W_LetHgsZGVrD1AZI-00282.jpg": {"object_bounding_box": [663, 559, 686, 566], "object_presence": 1}, "P282--journal--clutter--CuwrEi-FdGK71gxBHSW3yZItG0W_LetHgsZGVrD1AZI-00283.jpg": {"object_bounding_box": [660, 555, 692, 571], "object_presence": 1}, "P282--journal--clutter--CuwrEi-FdGK71gxBHSW3yZItG0W_LetHgsZGVrD1AZI-00284.jpg": {"object_bounding_box": [649, 544, 698, 569], "object_presence": 1}, "P282--journal--clutter--CuwrEi-FdGK71gxBHSW3yZItG0W_LetHgsZGVrD1AZI-00285.jpg": {"object_bounding_box": [641, 530, 697, 572], "object_presence": 1}, "P282--journal--clutter--CuwrEi-FdGK71gxBHSW3yZItG0W_LetHgsZGVrD1AZI-00286.jpg": {"object_bounding_box": [628, 516, 697, 575], "object_presence": 1}, "P282--journal--clutter--CuwrEi-FdGK71gxBHSW3yZItG0W_LetHgsZGVrD1AZI-00287.jpg": {"object_bounding_box": [614, 515, 697, 574], "object_presence": 1}, "P282--journal--clutter--CuwrEi-FdGK71gxBHSW3yZItG0W_LetHgsZGVrD1AZI-00288.jpg": {"object_bounding_box": [604, 511, 700, 574], "object_presence": 1}, "P282--journal--clutter--CuwrEi-FdGK71gxBHSW3yZItG0W_LetHgsZGVrD1AZI-00289.jpg": {"object_bounding_box": [592, 512, 694, 572], "object_presence": 1}, "P282--journal--clutter--CuwrEi-FdGK71gxBHSW3yZItG0W_LetHgsZGVrD1AZI-00290.jpg": {"object_bounding_box": [589, 517, 690, 572], "object_presence": 1}, "P282--journal--clutter--CuwrEi-FdGK71gxBHSW3yZItG0W_LetHgsZGVrD1AZI-00291.jpg": {"object_bounding_box": [587, 520, 687, 568], "object_presence": 1}, "P282--journal--clutter--CuwrEi-FdGK71gxBHSW3yZItG0W_LetHgsZGVrD1AZI-00292.jpg": {"object_bounding_box": [593, 516, 687, 567], "object_presence": 1}, "P282--journal--clutter--CuwrEi-FdGK71gxBHSW3yZItG0W_LetHgsZGVrD1AZI-00293.jpg": {"object_bounding_box": [600, 514, 687, 565], "object_presence": 1}, "P282--journal--clutter--CuwrEi-FdGK71gxBHSW3yZItG0W_LetHgsZGVrD1AZI-00294.jpg": {"object_bounding_box": [597, 518, 678, 557], "object_presence": 1}, "P282--journal--clutter--CuwrEi-FdGK71gxBHSW3yZItG0W_LetHgsZGVrD1AZI-00295.jpg": {"object_bounding_box": [598, 519, 679, 552], "object_presence": 1}, "P282--journal--clutter--CuwrEi-FdGK71gxBHSW3yZItG0W_LetHgsZGVrD1AZI-00296.jpg": {"object_bounding_box": [599, 518, 674, 548], "object_presence": 1}, "P282--journal--clutter--CuwrEi-FdGK71gxBHSW3yZItG0W_LetHgsZGVrD1AZI-00297.jpg": {"object_bounding_box": [601, 515, 668, 546], "object_presence": 1}, "P282--journal--clutter--CuwrEi-FdGK71gxBHSW3yZItG0W_LetHgsZGVrD1AZI-00298.jpg": {"object_bounding_box": [602, 510, 675, 536], "object_presence": 1}, "P282--journal--clutter--CuwrEi-FdGK71gxBHSW3yZItG0W_LetHgsZGVrD1AZI-00299.jpg": {"object_bounding_box": [599, 507, 660, 531], "object_presence": 1}, "P282--journal--clutter--CuwrEi-FdGK71gxBHSW3yZItG0W_LetHgsZGVrD1AZI-00300.jpg": {"object_bounding_box": [594, 495, 660, 519], "object_presence": 1}, "P282--journal--clutter--CuwrEi-FdGK71gxBHSW3yZItG0W_LetHgsZGVrD1AZI-00301.jpg": {"object_bounding_box": [590, 488, 664, 519], "object_presence": 1}, "P282--journal--clutter--CuwrEi-FdGK71gxBHSW3yZItG0W_LetHgsZGVrD1AZI-00302.jpg": {"object_bounding_box": [577, 486, 655, 514], "object_presence": 1}, "P282--journal--clutter--CuwrEi-FdGK71gxBHSW3yZItG0W_LetHgsZGVrD1AZI-00303.jpg": {"object_bounding_box": [570, 480, 661, 505], "object_presence": 1}, "P282--journal--clutter--CuwrEi-FdGK71gxBHSW3yZItG0W_LetHgsZGVrD1AZI-00304.jpg": {"object_bounding_box": [555, 472, 646, 505], "object_presence": 1}, "P282--journal--clutter--CuwrEi-FdGK71gxBHSW3yZItG0W_LetHgsZGVrD1AZI-00305.jpg": {"object_bounding_box": [548, 471, 645, 502], "object_presence": 1}, "P282--journal--clutter--CuwrEi-FdGK71gxBHSW3yZItG0W_LetHgsZGVrD1AZI-00306.jpg": {"object_bounding_box": [541, 474, 640, 496], "object_presence": 1}, "P282--journal--clutter--CuwrEi-FdGK71gxBHSW3yZItG0W_LetHgsZGVrD1AZI-00307.jpg": {"object_bounding_box": [534, 477, 642, 490], "object_presence": 1}, "P282--journal--clutter--CuwrEi-FdGK71gxBHSW3yZItG0W_LetHgsZGVrD1AZI-00308.jpg": {"object_bounding_box": [529, 480, 634, 490], "object_presence": 1}, "P282--journal--clutter--CuwrEi-FdGK71gxBHSW3yZItG0W_LetHgsZGVrD1AZI-00309.jpg": {"object_bounding_box": [525, 476, 632, 486], "object_presence": 1}, "P282--journal--clutter--CuwrEi-FdGK71gxBHSW3yZItG0W_LetHgsZGVrD1AZI-00310.jpg": {"object_bounding_box": [525, 471, 632, 484], "object_presence": 1}, "P282--journal--clutter--CuwrEi-FdGK71gxBHSW3yZItG0W_LetHgsZGVrD1AZI-00311.jpg": {"object_bounding_box": [527, 472, 630, 482], "object_presence": 1}, "P282--journal--clutter--CuwrEi-FdGK71gxBHSW3yZItG0W_LetHgsZGVrD1AZI-00312.jpg": {"object_bounding_box": [528, 473, 629, 478], "object_presence": 1}, "P282--journal--clutter--CuwrEi-FdGK71gxBHSW3yZItG0W_LetHgsZGVrD1AZI-00313.jpg": {"object_bounding_box": [531, 472, 625, 476], "object_presence": 1}, "P282--journal--clutter--CuwrEi-FdGK71gxBHSW3yZItG0W_LetHgsZGVrD1AZI-00314.jpg": {"object_bounding_box": [529, 472, 623, 473], "object_presence": 1}, "P282--journal--clutter--CuwrEi-FdGK71gxBHSW3yZItG0W_LetHgsZGVrD1AZI-00315.jpg": {"object_bounding_box": [530, 473, 618, 470], "object_presence": 1}, "P282--journal--clutter--CuwrEi-FdGK71gxBHSW3yZItG0W_LetHgsZGVrD1AZI-00316.jpg": {"object_bounding_box": [528, 477, 616, 468], "object_presence": 1}, "P282--journal--clutter--CuwrEi-FdGK71gxBHSW3yZItG0W_LetHgsZGVrD1AZI-00317.jpg": {"object_bounding_box": [528, 481, 611, 461], "object_presence": 1}, "P282--journal--clutter--CuwrEi-FdGK71gxBHSW3yZItG0W_LetHgsZGVrD1AZI-00318.jpg": {"object_bounding_box": [529, 486, 610, 456], "object_presence": 1}, "P282--journal--clutter--CuwrEi-FdGK71gxBHSW3yZItG0W_LetHgsZGVrD1AZI-00319.jpg": {"object_bounding_box": [532, 486, 607, 451], "object_presence": 1}, "P282--journal--clutter--CuwrEi-FdGK71gxBHSW3yZItG0W_LetHgsZGVrD1AZI-00320.jpg": {"object_bounding_box": [537, 485, 600, 450], "object_presence": 1}, "P282--journal--clutter--CuwrEi-FdGK71gxBHSW3yZItG0W_LetHgsZGVrD1AZI-00321.jpg": {"object_bounding_box": [540, 482, 600, 452], "object_presence": 1}, "P282--journal--clutter--CuwrEi-FdGK71gxBHSW3yZItG0W_LetHgsZGVrD1AZI-00322.jpg": {"object_bounding_box": [544, 483, 601, 454], "object_presence": 1}, "P282--journal--clutter--CuwrEi-FdGK71gxBHSW3yZItG0W_LetHgsZGVrD1AZI-00323.jpg": {"object_bounding_box": [547, 483, 600, 454], "object_presence": 1}, "P282--journal--clutter--CuwrEi-FdGK71gxBHSW3yZItG0W_LetHgsZGVrD1AZI-00324.jpg": {"object_bounding_box": [551, 477, 600, 454], "object_presence": 1}, "P282--journal--clutter--CuwrEi-FdGK71gxBHSW3yZItG0W_LetHgsZGVrD1AZI-00325.jpg": {"object_bounding_box": [553, 475, 600, 454], "object_presence": 1}, "P282--journal--clutter--CuwrEi-FdGK71gxBHSW3yZItG0W_LetHgsZGVrD1AZI-00326.jpg": {"object_bounding_box": [554, 472, 600, 451], "object_presence": 1}, "P282--journal--clutter--CuwrEi-FdGK71gxBHSW3yZItG0W_LetHgsZGVrD1AZI-00327.jpg": {"object_bounding_box": [550, 470, 605, 455], "object_presence": 1}, "P282--journal--clutter--CuwrEi-FdGK71gxBHSW3yZItG0W_LetHgsZGVrD1AZI-00328.jpg": {"object_bounding_box": [546, 468, 603, 463], "object_presence": 1}, "P282--journal--clutter--CuwrEi-FdGK71gxBHSW3yZItG0W_LetHgsZGVrD1AZI-00329.jpg": {"object_bounding_box": [544, 468, 603, 462], "object_presence": 1}, "P282--journal--clutter--CuwrEi-FdGK71gxBHSW3yZItG0W_LetHgsZGVrD1AZI-00330.jpg": {"object_bounding_box": [540, 467, 603, 469], "object_presence": 1}, "P282--journal--clutter--CuwrEi-FdGK71gxBHSW3yZItG0W_LetHgsZGVrD1AZI-00331.jpg": {"object_bounding_box": [540, 468, 602, 471], "object_presence": 1}, "P282--journal--clutter--CuwrEi-FdGK71gxBHSW3yZItG0W_LetHgsZGVrD1AZI-00332.jpg": {"object_bounding_box": [537, 466, 603, 476], "object_presence": 1}, "P282--journal--clutter--CuwrEi-FdGK71gxBHSW3yZItG0W_LetHgsZGVrD1AZI-00333.jpg": {"object_bounding_box": [537, 468, 603, 476], "object_presence": 1}, "P282--journal--clutter--CuwrEi-FdGK71gxBHSW3yZItG0W_LetHgsZGVrD1AZI-00334.jpg": {"object_bounding_box": [539, 469, 603, 481], "object_presence": 1}, "P282--journal--clutter--CuwrEi-FdGK71gxBHSW3yZItG0W_LetHgsZGVrD1AZI-00335.jpg": {"object_bounding_box": [540, 475, 602, 487], "object_presence": 1}, "P282--journal--clutter--CuwrEi-FdGK71gxBHSW3yZItG0W_LetHgsZGVrD1AZI-00336.jpg": {"object_bounding_box": [546, 487, 606, 493], "object_presence": 1}, "P282--journal--clutter--CuwrEi-FdGK71gxBHSW3yZItG0W_LetHgsZGVrD1AZI-00337.jpg": {"object_bounding_box": [559, 499, 599, 502], "object_presence": 1}, "P282--journal--clutter--CuwrEi-FdGK71gxBHSW3yZItG0W_LetHgsZGVrD1AZI-00338.jpg": {"object_bounding_box": [583, 504, 607, 509], "object_presence": 1}, "P282--journal--clutter--CuwrEi-FdGK71gxBHSW3yZItG0W_LetHgsZGVrD1AZI-00339.jpg": {"object_bounding_box": [604, 489, 617, 508], "object_presence": 1}, "P282--journal--clutter--CuwrEi-FdGK71gxBHSW3yZItG0W_LetHgsZGVrD1AZI-00340.jpg": {"object_bounding_box": [613, 484, 633, 518], "object_presence": 1}, "P282--journal--clutter--CuwrEi-FdGK71gxBHSW3yZItG0W_LetHgsZGVrD1AZI-00341.jpg": {"object_bounding_box": [602, 510, 634, 518], "object_presence": 1}, "P282--journal--clutter--CuwrEi-FdGK71gxBHSW3yZItG0W_LetHgsZGVrD1AZI-00342.jpg": {"object_bounding_box": [598, 538, 635, 525], "object_presence": 1}, "P282--journal--clutter--CuwrEi-FdGK71gxBHSW3yZItG0W_LetHgsZGVrD1AZI-00343.jpg": {"object_bounding_box": [594, 560, 643, 533], "object_presence": 1}, "P282--journal--clutter--CuwrEi-FdGK71gxBHSW3yZItG0W_LetHgsZGVrD1AZI-00344.jpg": {"object_bounding_box": [589, 576, 643, 539], "object_presence": 1}, "P282--journal--clutter--CuwrEi-FdGK71gxBHSW3yZItG0W_LetHgsZGVrD1AZI-00345.jpg": {"object_bounding_box": [583, 574, 644, 543], "object_presence": 1}, "P282--journal--clutter--CuwrEi-FdGK71gxBHSW3yZItG0W_LetHgsZGVrD1AZI-00346.jpg": {"object_bounding_box": [564, 560, 643, 546], "object_presence": 1}, "P282--journal--clutter--CuwrEi-FdGK71gxBHSW3yZItG0W_LetHgsZGVrD1AZI-00347.jpg": {"object_bounding_box": [569, 572, 641, 541], "object_presence": 1}, "P282--journal--clutter--CuwrEi-FdGK71gxBHSW3yZItG0W_LetHgsZGVrD1AZI-00348.jpg": {"object_bounding_box": [579, 583, 644, 548], "object_presence": 1}, "P282--journal--clutter--CuwrEi-FdGK71gxBHSW3yZItG0W_LetHgsZGVrD1AZI-00349.jpg": {"object_bounding_box": [587, 577, 651, 553], "object_presence": 1}, "P282--journal--clutter--CuwrEi-FdGK71gxBHSW3yZItG0W_LetHgsZGVrD1AZI-00350.jpg": {"object_bounding_box": [601, 569, 651, 560], "object_presence": 1}, "P282--journal--clutter--CuwrEi-FdGK71gxBHSW3yZItG0W_LetHgsZGVrD1AZI-00351.jpg": {"object_bounding_box": [614, 557, 658, 564], "object_presence": 1}, "P282--journal--clutter--CuwrEi-FdGK71gxBHSW3yZItG0W_LetHgsZGVrD1AZI-00352.jpg": {"object_bounding_box": [637, 543, 648, 561], "object_presence": 1}, "P282--journal--clutter--CuwrEi-FdGK71gxBHSW3yZItG0W_LetHgsZGVrD1AZI-00353.jpg": {"object_bounding_box": [662, 515, 660, 568], "object_presence": 1}, "P282--journal--clutter--CuwrEi-FdGK71gxBHSW3yZItG0W_LetHgsZGVrD1AZI-00354.jpg": {"object_bounding_box": [680, 498, 676, 588], "object_presence": 1}, "P282--journal--clutter--CuwrEi-FdGK71gxBHSW3yZItG0W_LetHgsZGVrD1AZI-00355.jpg": {"object_bounding_box": [701, 525, 669, 564], "object_presence": 1}, "P282--journal--clutter--CuwrEi-FdGK71gxBHSW3yZItG0W_LetHgsZGVrD1AZI-00356.jpg": {"object_bounding_box": [718, 573, 662, 565], "object_presence": 1}, "P282--journal--clutter--CuwrEi-FdGK71gxBHSW3yZItG0W_LetHgsZGVrD1AZI-00357.jpg": {"object_bounding_box": [743, 605, 673, 605], "object_presence": 1}, "P282--journal--clutter--CuwrEi-FdGK71gxBHSW3yZItG0W_LetHgsZGVrD1AZI-00358.jpg": {"object_bounding_box": [748, 589, 664, 613], "object_presence": 1}, "P282--journal--clutter--CuwrEi-FdGK71gxBHSW3yZItG0W_LetHgsZGVrD1AZI-00359.jpg": {"object_bounding_box": [748, 579, 664, 624], "object_presence": 1}, "P282--journal--clutter--CuwrEi-FdGK71gxBHSW3yZItG0W_LetHgsZGVrD1AZI-00360.jpg": {"object_bounding_box": [743, 595, 673, 634], "object_presence": 1}, "P282--journal--clutter--CuwrEi-FdGK71gxBHSW3yZItG0W_LetHgsZGVrD1AZI-00361.jpg": {"object_bounding_box": [734, 598, 692, 638], "object_presence": 1}, "P282--journal--clutter--CuwrEi-FdGK71gxBHSW3yZItG0W_LetHgsZGVrD1AZI-00362.jpg": {"object_bounding_box": [721, 602, 713, 647], "object_presence": 1}, "P282--journal--clutter--CuwrEi-FdGK71gxBHSW3yZItG0W_LetHgsZGVrD1AZI-00363.jpg": {"object_bounding_box": [704, 609, 717, 651], "object_presence": 1}, "P282--journal--clutter--CuwrEi-FdGK71gxBHSW3yZItG0W_LetHgsZGVrD1AZI-00364.jpg": {"object_bounding_box": [701, 609, 710, 651], "object_presence": 1}, "P282--journal--clutter--CuwrEi-FdGK71gxBHSW3yZItG0W_LetHgsZGVrD1AZI-00365.jpg": {"object_bounding_box": [697, 616, 716, 659], "object_presence": 1}, "P282--journal--clutter--CuwrEi-FdGK71gxBHSW3yZItG0W_LetHgsZGVrD1AZI-00366.jpg": {"object_bounding_box": [692, 615, 719, 659], "object_presence": 1}, "P282--journal--clutter--CuwrEi-FdGK71gxBHSW3yZItG0W_LetHgsZGVrD1AZI-00367.jpg": {"object_bounding_box": [680, 612, 719, 664], "object_presence": 1}, "P282--journal--clutter--CuwrEi-FdGK71gxBHSW3yZItG0W_LetHgsZGVrD1AZI-00368.jpg": {"object_bounding_box": [676, 609, 721, 676], "object_presence": 1}, "P282--journal--clutter--CuwrEi-FdGK71gxBHSW3yZItG0W_LetHgsZGVrD1AZI-00369.jpg": {"object_bounding_box": [672, 606, 721, 672], "object_presence": 1}, "P282--journal--clutter--CuwrEi-FdGK71gxBHSW3yZItG0W_LetHgsZGVrD1AZI-00370.jpg": {"object_bounding_box": [673, 607, 722, 679], "object_presence": 1}, "P282--journal--clutter--CuwrEi-FdGK71gxBHSW3yZItG0W_LetHgsZGVrD1AZI-00371.jpg": {"object_bounding_box": [676, 597, 720, 689], "object_presence": 1}, "P282--journal--clutter--CuwrEi-FdGK71gxBHSW3yZItG0W_LetHgsZGVrD1AZI-00372.jpg": {"object_bounding_box": [681, 592, 726, 689], "object_presence": 1}, "P282--journal--clutter--CuwrEi-FdGK71gxBHSW3yZItG0W_LetHgsZGVrD1AZI-00373.jpg": {"object_bounding_box": [687, 593, 727, 688], "object_presence": 1}, "P282--journal--clutter--CuwrEi-FdGK71gxBHSW3yZItG0W_LetHgsZGVrD1AZI-00374.jpg": {"object_bounding_box": [693, 598, 731, 691], "object_presence": 1}, "P282--journal--clutter--CuwrEi-FdGK71gxBHSW3yZItG0W_LetHgsZGVrD1AZI-00375.jpg": {"object_bounding_box": [690, 593, 733, 700], "object_presence": 1}, "P282--journal--clutter--CuwrEi-FdGK71gxBHSW3yZItG0W_LetHgsZGVrD1AZI-00376.jpg": {"object_bounding_box": [668, 588, 733, 708], "object_presence": 1}, "P282--journal--clutter--CuwrEi-FdGK71gxBHSW3yZItG0W_LetHgsZGVrD1AZI-00377.jpg": {"object_bounding_box": [662, 584, 736, 716], "object_presence": 1}, "P282--journal--clutter--CuwrEi-FdGK71gxBHSW3yZItG0W_LetHgsZGVrD1AZI-00378.jpg": {"object_bounding_box": [655, 575, 740, 719], "object_presence": 1}, "P282--journal--clutter--CuwrEi-FdGK71gxBHSW3yZItG0W_LetHgsZGVrD1AZI-00379.jpg": {"object_bounding_box": [641, 573, 743, 722], "object_presence": 1}, "P282--journal--clutter--CuwrEi-FdGK71gxBHSW3yZItG0W_LetHgsZGVrD1AZI-00380.jpg": {"object_bounding_box": [633, 565, 741, 731], "object_presence": 1}, "P282--journal--clutter--CuwrEi-FdGK71gxBHSW3yZItG0W_LetHgsZGVrD1AZI-00381.jpg": {"object_bounding_box": [632, 567, 738, 727], "object_presence": 1}, "P282--journal--clutter--CuwrEi-FdGK71gxBHSW3yZItG0W_LetHgsZGVrD1AZI-00382.jpg": {"object_bounding_box": [631, 567, 741, 740], "object_presence": 1}, "P282--journal--clutter--CuwrEi-FdGK71gxBHSW3yZItG0W_LetHgsZGVrD1AZI-00383.jpg": {"object_bounding_box": [631, 564, 742, 746], "object_presence": 1}, "P282--journal--clutter--CuwrEi-FdGK71gxBHSW3yZItG0W_LetHgsZGVrD1AZI-00384.jpg": {"object_bounding_box": [633, 565, 739, 745], "object_presence": 1}, "P282--journal--clutter--CuwrEi-FdGK71gxBHSW3yZItG0W_LetHgsZGVrD1AZI-00385.jpg": {"object_bounding_box": [641, 571, 739, 744], "object_presence": 1}, "P282--journal--clutter--CuwrEi-FdGK71gxBHSW3yZItG0W_LetHgsZGVrD1AZI-00386.jpg": {"object_bounding_box": [649, 569, 737, 752], "object_presence": 1}, "P282--journal--clutter--CuwrEi-FdGK71gxBHSW3yZItG0W_LetHgsZGVrD1AZI-00387.jpg": {"object_bounding_box": [663, 571, 737, 757], "object_presence": 1}, "P282--journal--clutter--CuwrEi-FdGK71gxBHSW3yZItG0W_LetHgsZGVrD1AZI-00388.jpg": {"object_bounding_box": [660, 575, 737, 758], "object_presence": 1}, "P282--journal--clutter--CuwrEi-FdGK71gxBHSW3yZItG0W_LetHgsZGVrD1AZI-00389.jpg": {"object_bounding_box": [661, 582, 733, 758], "object_presence": 1}, "P282--journal--clutter--CuwrEi-FdGK71gxBHSW3yZItG0W_LetHgsZGVrD1AZI-00390.jpg": {"object_bounding_box": [669, 591, 731, 759], "object_presence": 1}, "P282--journal--clutter--CuwrEi-FdGK71gxBHSW3yZItG0W_LetHgsZGVrD1AZI-00391.jpg": {"object_bounding_box": [676, 589, 733, 772], "object_presence": 1}, "P282--journal--clutter--CuwrEi-FdGK71gxBHSW3yZItG0W_LetHgsZGVrD1AZI-00392.jpg": {"object_bounding_box": [681, 594, 731, 770], "object_presence": 1}, "P282--journal--clutter--CuwrEi-FdGK71gxBHSW3yZItG0W_LetHgsZGVrD1AZI-00393.jpg": {"object_bounding_box": [691, 603, 718, 771], "object_presence": 1}, "P282--journal--clutter--CuwrEi-FdGK71gxBHSW3yZItG0W_LetHgsZGVrD1AZI-00394.jpg": {"object_bounding_box": [688, 603, 721, 772], "object_presence": 1}, "P282--journal--clutter--CuwrEi-FdGK71gxBHSW3yZItG0W_LetHgsZGVrD1AZI-00395.jpg": {"object_bounding_box": [689, 611, 723, 769], "object_presence": 1}, "P282--journal--clutter--CuwrEi-FdGK71gxBHSW3yZItG0W_LetHgsZGVrD1AZI-00396.jpg": {"object_bounding_box": [684, 624, 712, 769], "object_presence": 1}, "P282--journal--clutter--CuwrEi-FdGK71gxBHSW3yZItG0W_LetHgsZGVrD1AZI-00397.jpg": {"object_bounding_box": [684, 647, 706, 769], "object_presence": 1}, "P282--journal--clutter--CuwrEi-FdGK71gxBHSW3yZItG0W_LetHgsZGVrD1AZI-00398.jpg": {"object_bounding_box": [675, 658, 706, 769], "object_presence": 1}, "P282--journal--clutter--CuwrEi-FdGK71gxBHSW3yZItG0W_LetHgsZGVrD1AZI-00399.jpg": {"object_bounding_box": [670, 658, 697, 769], "object_presence": 1}, "P282--journal--clutter--CuwrEi-FdGK71gxBHSW3yZItG0W_LetHgsZGVrD1AZI-00400.jpg": {"object_bounding_box": [691, 673, 688, 769], "object_presence": 1}, "P282--journal--clutter--CuwrEi-FdGK71gxBHSW3yZItG0W_LetHgsZGVrD1AZI-00401.jpg": {"object_bounding_box": [693, 683, 680, 769], "object_presence": 1}, "P282--journal--clutter--CuwrEi-FdGK71gxBHSW3yZItG0W_LetHgsZGVrD1AZI-00402.jpg": {"object_bounding_box": [696, 693, 670, 757], "object_presence": 1}, "P282--journal--clutter--CuwrEi-FdGK71gxBHSW3yZItG0W_LetHgsZGVrD1AZI-00403.jpg": {"object_bounding_box": [700, 704, 660, 753], "object_presence": 1}, "P282--journal--clutter--CuwrEi-FdGK71gxBHSW3yZItG0W_LetHgsZGVrD1AZI-00404.jpg": {"object_bounding_box": [709, 710, 653, 739], "object_presence": 1}, "P282--journal--clutter--CuwrEi-FdGK71gxBHSW3yZItG0W_LetHgsZGVrD1AZI-00405.jpg": {"object_bounding_box": [721, 723, 638, 715], "object_presence": 1}, "P282--journal--clutter--CuwrEi-FdGK71gxBHSW3yZItG0W_LetHgsZGVrD1AZI-00406.jpg": {"object_bounding_box": [711, 724, 637, 711], "object_presence": 1}, "P282--journal--clutter--CuwrEi-FdGK71gxBHSW3yZItG0W_LetHgsZGVrD1AZI-00407.jpg": {"object_bounding_box": [711, 729, 638, 703], "object_presence": 1}, "P282--journal--clutter--CuwrEi-FdGK71gxBHSW3yZItG0W_LetHgsZGVrD1AZI-00408.jpg": {"object_bounding_box": [705, 730, 616, 700], "object_presence": 1}, "P282--journal--clutter--CuwrEi-FdGK71gxBHSW3yZItG0W_LetHgsZGVrD1AZI-00409.jpg": {"object_bounding_box": [703, 730, 614, 700], "object_presence": 1}, "P282--journal--clutter--CuwrEi-FdGK71gxBHSW3yZItG0W_LetHgsZGVrD1AZI-00410.jpg": {"object_bounding_box": [704, 730, 606, 700], "object_presence": 1}, "P282--journal--clutter--CuwrEi-FdGK71gxBHSW3yZItG0W_LetHgsZGVrD1AZI-00411.jpg": {"object_bounding_box": [710, 730, 600, 700], "object_presence": 1}, "P282--journal--clutter--CuwrEi-FdGK71gxBHSW3yZItG0W_LetHgsZGVrD1AZI-00412.jpg": {"object_bounding_box": [721, 728, 586, 704], "object_presence": 1}, "P282--journal--clutter--CuwrEi-FdGK71gxBHSW3yZItG0W_LetHgsZGVrD1AZI-00413.jpg": {"object_bounding_box": [728, 726, 578, 709], "object_presence": 1}, "P282--journal--clutter--CuwrEi-FdGK71gxBHSW3yZItG0W_LetHgsZGVrD1AZI-00414.jpg": {"object_bounding_box": [737, 718, 563, 706], "object_presence": 1}, "P282--journal--clutter--CuwrEi-FdGK71gxBHSW3yZItG0W_LetHgsZGVrD1AZI-00415.jpg": {"object_bounding_box": [740, 710, 560, 699], "object_presence": 1}, "P282--journal--clutter--CuwrEi-FdGK71gxBHSW3yZItG0W_LetHgsZGVrD1AZI-00416.jpg": {"object_bounding_box": [743, 702, 547, 694], "object_presence": 1}, "P282--journal--clutter--CuwrEi-FdGK71gxBHSW3yZItG0W_LetHgsZGVrD1AZI-00417.jpg": {"object_bounding_box": [740, 695, 538, 682], "object_presence": 1}, "P282--journal--clutter--CuwrEi-FdGK71gxBHSW3yZItG0W_LetHgsZGVrD1AZI-00418.jpg": {"object_bounding_box": [736, 693, 525, 681], "object_presence": 1}, "P282--journal--clutter--CuwrEi-FdGK71gxBHSW3yZItG0W_LetHgsZGVrD1AZI-00419.jpg": {"object_bounding_box": [727, 690, 517, 676], "object_presence": 1}, "P282--journal--clutter--CuwrEi-FdGK71gxBHSW3yZItG0W_LetHgsZGVrD1AZI-00420.jpg": {"object_bounding_box": [723, 683, 510, 670], "object_presence": 1}, "P282--journal--clutter--CuwrEi-FdGK71gxBHSW3yZItG0W_LetHgsZGVrD1AZI-00421.jpg": {"object_bounding_box": [724, 680, 506, 664], "object_presence": 1}, "P282--journal--clutter--CuwrEi-FdGK71gxBHSW3yZItG0W_LetHgsZGVrD1AZI-00422.jpg": {"object_bounding_box": [728, 681, 502, 661], "object_presence": 1}, "P282--journal--clutter--CuwrEi-FdGK71gxBHSW3yZItG0W_LetHgsZGVrD1AZI-00423.jpg": {"object_bounding_box": [729, 684, 491, 653], "object_presence": 1}, "P282--journal--clutter--CuwrEi-FdGK71gxBHSW3yZItG0W_LetHgsZGVrD1AZI-00424.jpg": {"object_bounding_box": [732, 691, 486, 650], "object_presence": 1}, "P282--journal--clutter--CuwrEi-FdGK71gxBHSW3yZItG0W_LetHgsZGVrD1AZI-00425.jpg": {"object_bounding_box": [729, 696, 480, 644], "object_presence": 1}, "P282--journal--clutter--CuwrEi-FdGK71gxBHSW3yZItG0W_LetHgsZGVrD1AZI-00426.jpg": {"object_bounding_box": [718, 699, 472, 638], "object_presence": 1}, "P282--journal--clutter--CuwrEi-FdGK71gxBHSW3yZItG0W_LetHgsZGVrD1AZI-00427.jpg": {"object_bounding_box": [707, 703, 462, 635], "object_presence": 1}, "P282--journal--clutter--CuwrEi-FdGK71gxBHSW3yZItG0W_LetHgsZGVrD1AZI-00428.jpg": {"object_bounding_box": [700, 704, 462, 631], "object_presence": 1}, "P282--journal--clutter--CuwrEi-FdGK71gxBHSW3yZItG0W_LetHgsZGVrD1AZI-00429.jpg": {"object_bounding_box": [693, 715, 475, 633], "object_presence": 1}, "P282--journal--clutter--CuwrEi-FdGK71gxBHSW3yZItG0W_LetHgsZGVrD1AZI-00430.jpg": {"object_bounding_box": [692, 722, 483, 630], "object_presence": 1}, "P282--journal--clutter--CuwrEi-FdGK71gxBHSW3yZItG0W_LetHgsZGVrD1AZI-00431.jpg": {"object_bounding_box": [696, 729, 499, 634], "object_presence": 1}, "P282--journal--clutter--CuwrEi-FdGK71gxBHSW3yZItG0W_LetHgsZGVrD1AZI-00432.jpg": {"object_bounding_box": [697, 729, 508, 634], "object_presence": 1}, "P282--journal--clutter--CuwrEi-FdGK71gxBHSW3yZItG0W_LetHgsZGVrD1AZI-00433.jpg": {"object_bounding_box": [697, 729, 516, 634], "object_presence": 1}, "P282--journal--clutter--CuwrEi-FdGK71gxBHSW3yZItG0W_LetHgsZGVrD1AZI-00434.jpg": {"object_bounding_box": [698, 727, 519, 637], "object_presence": 1}, "P282--journal--clutter--CuwrEi-FdGK71gxBHSW3yZItG0W_LetHgsZGVrD1AZI-00435.jpg": {"object_bounding_box": [697, 728, 520, 640], "object_presence": 1}, "P282--journal--clutter--CuwrEi-FdGK71gxBHSW3yZItG0W_LetHgsZGVrD1AZI-00436.jpg": {"object_bounding_box": [695, 729, 520, 641], "object_presence": 1}, "P282--journal--clutter--CuwrEi-FdGK71gxBHSW3yZItG0W_LetHgsZGVrD1AZI-00437.jpg": {"object_bounding_box": [695, 729, 520, 641], "object_presence": 1}, "P282--journal--clutter--CuwrEi-FdGK71gxBHSW3yZItG0W_LetHgsZGVrD1AZI-00438.jpg": {"object_bounding_box": [695, 729, 520, 641], "object_presence": 1}, "P282--journal--clutter--CuwrEi-FdGK71gxBHSW3yZItG0W_LetHgsZGVrD1AZI-00439.jpg": {"object_bounding_box": [699, 727, 512, 641], "object_presence": 1}, "P282--journal--clutter--CuwrEi-FdGK71gxBHSW3yZItG0W_LetHgsZGVrD1AZI-00440.jpg": {"object_bounding_box": [704, 728, 503, 634], "object_presence": 1}, "P282--journal--clutter--CuwrEi-FdGK71gxBHSW3yZItG0W_LetHgsZGVrD1AZI-00441.jpg": {"object_bounding_box": [704, 730, 503, 632], "object_presence": 1}, "P282--journal--clutter--CuwrEi-FdGK71gxBHSW3yZItG0W_LetHgsZGVrD1AZI-00442.jpg": {"object_bounding_box": [698, 737, 486, 633], "object_presence": 1}, "P282--journal--clutter--CuwrEi-FdGK71gxBHSW3yZItG0W_LetHgsZGVrD1AZI-00443.jpg": {"object_bounding_box": [689, 745, 473, 632], "object_presence": 1}, "P282--journal--clutter--CuwrEi-FdGK71gxBHSW3yZItG0W_LetHgsZGVrD1AZI-00444.jpg": {"object_bounding_box": [666, 761, 467, 638], "object_presence": 1}, "P282--journal--clutter--CuwrEi-FdGK71gxBHSW3yZItG0W_LetHgsZGVrD1AZI-00445.jpg": {"object_bounding_box": [649, 760, 485, 639], "object_presence": 1}, "P282--journal--clutter--CuwrEi-FdGK71gxBHSW3yZItG0W_LetHgsZGVrD1AZI-00446.jpg": {"object_bounding_box": [633, 757, 507, 645], "object_presence": 1}, "P282--journal--clutter--CuwrEi-FdGK71gxBHSW3yZItG0W_LetHgsZGVrD1AZI-00447.jpg": {"object_bounding_box": [614, 754, 534, 652], "object_presence": 1}, "P282--journal--clutter--CuwrEi-FdGK71gxBHSW3yZItG0W_LetHgsZGVrD1AZI-00448.jpg": {"object_bounding_box": [600, 748, 554, 659], "object_presence": 1}, "P282--journal--clutter--CuwrEi-FdGK71gxBHSW3yZItG0W_LetHgsZGVrD1AZI-00449.jpg": {"object_bounding_box": [593, 744, 576, 672], "object_presence": 1}, "P282--journal--clutter--CuwrEi-FdGK71gxBHSW3yZItG0W_LetHgsZGVrD1AZI-00450.jpg": {"object_bounding_box": [600, 739, 589, 681], "object_presence": 1}, "P282--journal--clutter--CuwrEi-FdGK71gxBHSW3yZItG0W_LetHgsZGVrD1AZI-00451.jpg": {"object_bounding_box": [603, 732, 601, 695], "object_presence": 1}, "P282--journal--clutter--CuwrEi-FdGK71gxBHSW3yZItG0W_LetHgsZGVrD1AZI-00452.jpg": {"object_bounding_box": [604, 726, 616, 709], "object_presence": 1}, "P282--journal--clutter--CuwrEi-FdGK71gxBHSW3yZItG0W_LetHgsZGVrD1AZI-00453.jpg": {"object_bounding_box": [604, 720, 630, 721], "object_presence": 1}, "P282--journal--clutter--CuwrEi-FdGK71gxBHSW3yZItG0W_LetHgsZGVrD1AZI-00454.jpg": {"object_bounding_box": [608, 710, 650, 739], "object_presence": 1}, "P282--journal--clutter--CuwrEi-FdGK71gxBHSW3yZItG0W_LetHgsZGVrD1AZI-00455.jpg": {"object_bounding_box": [615, 700, 665, 761], "object_presence": 1}, "P282--journal--clutter--CuwrEi-FdGK71gxBHSW3yZItG0W_LetHgsZGVrD1AZI-00456.jpg": {"object_bounding_box": [630, 690, 686, 774], "object_presence": 1}, "P282--journal--clutter--CuwrEi-FdGK71gxBHSW3yZItG0W_LetHgsZGVrD1AZI-00457.jpg": {"object_bounding_box": [642, 681, 698, 783], "object_presence": 1}, "P282--journal--clutter--CuwrEi-FdGK71gxBHSW3yZItG0W_LetHgsZGVrD1AZI-00458.jpg": {"object_bounding_box": [658, 676, 714, 780], "object_presence": 1}, "P282--journal--clutter--CuwrEi-FdGK71gxBHSW3yZItG0W_LetHgsZGVrD1AZI-00459.jpg": {"object_bounding_box": [661, 664, 728, 790], "object_presence": 1}, "P282--journal--clutter--CuwrEi-FdGK71gxBHSW3yZItG0W_LetHgsZGVrD1AZI-00460.jpg": {"object_bounding_box": [661, 659, 743, 790], "object_presence": 1}, "P282--journal--clutter--CuwrEi-FdGK71gxBHSW3yZItG0W_LetHgsZGVrD1AZI-00461.jpg": {"object_bounding_box": [656, 650, 747, 794], "object_presence": 1}, "P282--journal--clutter--CuwrEi-FdGK71gxBHSW3yZItG0W_LetHgsZGVrD1AZI-00462.jpg": {"object_bounding_box": [652, 647, 757, 783], "object_presence": 1}, "P282--journal--clutter--CuwrEi-FdGK71gxBHSW3yZItG0W_LetHgsZGVrD1AZI-00463.jpg": {"object_bounding_box": [643, 641, 752, 777], "object_presence": 1}, "P282--journal--clutter--CuwrEi-FdGK71gxBHSW3yZItG0W_LetHgsZGVrD1AZI-00464.jpg": {"object_bounding_box": [641, 637, 759, 766], "object_presence": 1}, "P282--journal--clutter--CuwrEi-FdGK71gxBHSW3yZItG0W_LetHgsZGVrD1AZI-00465.jpg": {"object_bounding_box": [630, 634, 767, 754], "object_presence": 1}, "P282--journal--clutter--CuwrEi-FdGK71gxBHSW3yZItG0W_LetHgsZGVrD1AZI-00466.jpg": {"object_bounding_box": [622, 632, 757, 747], "object_presence": 1}, "P282--journal--clutter--CuwrEi-FdGK71gxBHSW3yZItG0W_LetHgsZGVrD1AZI-00467.jpg": {"object_bounding_box": [616, 635, 760, 732], "object_presence": 1}, "P282--journal--clutter--CuwrEi-FdGK71gxBHSW3yZItG0W_LetHgsZGVrD1AZI-00468.jpg": {"object_bounding_box": [603, 628, 753, 720], "object_presence": 1}, "P282--journal--clutter--CuwrEi-FdGK71gxBHSW3yZItG0W_LetHgsZGVrD1AZI-00469.jpg": {"object_bounding_box": [597, 627, 753, 700], "object_presence": 1}, "P282--journal--clutter--CuwrEi-FdGK71gxBHSW3yZItG0W_LetHgsZGVrD1AZI-00470.jpg": {"object_bounding_box": [592, 639, 735, 685], "object_presence": 1}, "P282--journal--clutter--CuwrEi-FdGK71gxBHSW3yZItG0W_LetHgsZGVrD1AZI-00471.jpg": {"object_bounding_box": [581, 645, 731, 665], "object_presence": 1}, "P282--journal--clutter--CuwrEi-FdGK71gxBHSW3yZItG0W_LetHgsZGVrD1AZI-00472.jpg": {"object_bounding_box": [576, 645, 717, 650], "object_presence": 1}, "P282--journal--clutter--CuwrEi-FdGK71gxBHSW3yZItG0W_LetHgsZGVrD1AZI-00473.jpg": {"object_bounding_box": [578, 656, 713, 632], "object_presence": 1}, "P282--journal--clutter--CuwrEi-FdGK71gxBHSW3yZItG0W_LetHgsZGVrD1AZI-00474.jpg": {"object_bounding_box": [567, 662, 699, 620], "object_presence": 1}, "P282--journal--clutter--CuwrEi-FdGK71gxBHSW3yZItG0W_LetHgsZGVrD1AZI-00475.jpg": {"object_bounding_box": [569, 668, 688, 600], "object_presence": 1}, "P282--journal--clutter--CuwrEi-FdGK71gxBHSW3yZItG0W_LetHgsZGVrD1AZI-00476.jpg": {"object_bounding_box": [572, 673, 680, 588], "object_presence": 1}, "P282--journal--clutter--CuwrEi-FdGK71gxBHSW3yZItG0W_LetHgsZGVrD1AZI-00477.jpg": {"object_bounding_box": [568, 673, 663, 569], "object_presence": 1}, "P282--journal--clutter--CuwrEi-FdGK71gxBHSW3yZItG0W_LetHgsZGVrD1AZI-00478.jpg": {"object_bounding_box": [577, 679, 661, 559], "object_presence": 1}, "P282--journal--clutter--CuwrEi-FdGK71gxBHSW3yZItG0W_LetHgsZGVrD1AZI-00479.jpg": {"object_bounding_box": [587, 671, 663, 540], "object_presence": 1}, "P282--journal--clutter--CuwrEi-FdGK71gxBHSW3yZItG0W_LetHgsZGVrD1AZI-00480.jpg": {"object_bounding_box": [599, 664, 663, 523], "object_presence": 1}, "P282--journal--clutter--CuwrEi-FdGK71gxBHSW3yZItG0W_LetHgsZGVrD1AZI-00481.jpg": {"object_bounding_box": [605, 670, 667, 530], "object_presence": 1}, "P282--journal--clutter--CuwrEi-FdGK71gxBHSW3yZItG0W_LetHgsZGVrD1AZI-00482.jpg": {"object_bounding_box": [601, 667, 687, 541], "object_presence": 1}, "P282--journal--clutter--CuwrEi-FdGK71gxBHSW3yZItG0W_LetHgsZGVrD1AZI-00483.jpg": {"object_bounding_box": [588, 661, 704, 569], "object_presence": 1}, "P282--journal--clutter--CuwrEi-FdGK71gxBHSW3yZItG0W_LetHgsZGVrD1AZI-00484.jpg": {"object_bounding_box": [578, 662, 722, 591], "object_presence": 1}, "P282--journal--clutter--CuwrEi-FdGK71gxBHSW3yZItG0W_LetHgsZGVrD1AZI-00485.jpg": {"object_bounding_box": [562, 665, 739, 614], "object_presence": 1}, "P282--journal--clutter--CuwrEi-FdGK71gxBHSW3yZItG0W_LetHgsZGVrD1AZI-00486.jpg": {"object_bounding_box": [539, 663, 759, 636], "object_presence": 1}, "P282--journal--clutter--CuwrEi-FdGK71gxBHSW3yZItG0W_LetHgsZGVrD1AZI-00487.jpg": {"object_bounding_box": [523, 652, 777, 656], "object_presence": 1}, "P282--journal--clutter--CuwrEi-FdGK71gxBHSW3yZItG0W_LetHgsZGVrD1AZI-00488.jpg": {"object_bounding_box": [528, 633, 792, 688], "object_presence": 1}, "P282--journal--clutter--CuwrEi-FdGK71gxBHSW3yZItG0W_LetHgsZGVrD1AZI-00489.jpg": {"object_bounding_box": [541, 619, 805, 715], "object_presence": 1}, "P282--journal--clutter--CuwrEi-FdGK71gxBHSW3yZItG0W_LetHgsZGVrD1AZI-00490.jpg": {"object_bounding_box": [563, 595, 822, 740], "object_presence": 1}, "P282--journal--clutter--CuwrEi-FdGK71gxBHSW3yZItG0W_LetHgsZGVrD1AZI-00491.jpg": {"object_bounding_box": [593, 579, 835, 765], "object_presence": 1}, "P282--journal--clutter--CuwrEi-FdGK71gxBHSW3yZItG0W_LetHgsZGVrD1AZI-00492.jpg": {"object_bounding_box": [613, 576, 856, 796], "object_presence": 1}, "P282--journal--clutter--CuwrEi-FdGK71gxBHSW3yZItG0W_LetHgsZGVrD1AZI-00493.jpg": {"object_bounding_box": [613, 589, 861, 806], "object_presence": 1}, "P282--journal--clutter--CuwrEi-FdGK71gxBHSW3yZItG0W_LetHgsZGVrD1AZI-00494.jpg": {"object_bounding_box": [613, 595, 870, 813], "object_presence": 1}, "P282--journal--clutter--CuwrEi-FdGK71gxBHSW3yZItG0W_LetHgsZGVrD1AZI-00495.jpg": {"object_bounding_box": [620, 603, 867, 824], "object_presence": 1}, "P282--journal--clutter--CuwrEi-FdGK71gxBHSW3yZItG0W_LetHgsZGVrD1AZI-00496.jpg": {"object_bounding_box": [613, 622, 869, 822], "object_presence": 1}, "P282--journal--clutter--CuwrEi-FdGK71gxBHSW3yZItG0W_LetHgsZGVrD1AZI-00497.jpg": {"object_bounding_box": [618, 631, 855, 839], "object_presence": 1}, "P282--journal--clutter--CuwrEi-FdGK71gxBHSW3yZItG0W_LetHgsZGVrD1AZI-00498.jpg": {"object_bounding_box": [640, 622, 863, 848], "object_presence": 1}, "P282--journal--clutter--CuwrEi-FdGK71gxBHSW3yZItG0W_LetHgsZGVrD1AZI-00499.jpg": {"object_bounding_box": [654, 620, 852, 857], "object_presence": 1}, "P282--journal--clutter--CuwrEi-FdGK71gxBHSW3yZItG0W_LetHgsZGVrD1AZI-00500.jpg": {"object_bounding_box": [658, 621, 844, 866], "object_presence": 1}, "P282--journal--clutter--CuwrEi-FdGK71gxBHSW3yZItG0W_LetHgsZGVrD1AZI-00501.jpg": {"object_bounding_box": [656, 614, 847, 870], "object_presence": 1}, "P282--journal--clutter--CuwrEi-FdGK71gxBHSW3yZItG0W_LetHgsZGVrD1AZI-00502.jpg": {"object_bounding_box": [658, 593, 845, 873], "object_presence": 1}, "P282--journal--clutter--CuwrEi-FdGK71gxBHSW3yZItG0W_LetHgsZGVrD1AZI-00503.jpg": {"object_bounding_box": [645, 575, 830, 867], "object_presence": 1}, "P282--journal--clutter--CuwrEi-FdGK71gxBHSW3yZItG0W_LetHgsZGVrD1AZI-00504.jpg": {"object_bounding_box": [630, 536, 805, 849], "object_presence": 1}, "P282--journal--clutter--CuwrEi-FdGK71gxBHSW3yZItG0W_LetHgsZGVrD1AZI-00505.jpg": {"object_bounding_box": [607, 485, 787, 843], "object_presence": 1}, "P282--journal--clutter--CuwrEi-FdGK71gxBHSW3yZItG0W_LetHgsZGVrD1AZI-00506.jpg": {"object_bounding_box": [594, 462, 772, 851], "object_presence": 1}, "P282--journal--clutter--CuwrEi-FdGK71gxBHSW3yZItG0W_LetHgsZGVrD1AZI-00507.jpg": {"object_bounding_box": [624, 451, 741, 844], "object_presence": 1}, "P282--journal--clutter--CuwrEi-FdGK71gxBHSW3yZItG0W_LetHgsZGVrD1AZI-00508.jpg": {"object_bounding_box": [660, 431, 737, 839], "object_presence": 1}, "P282--journal--clutter--CuwrEi-FdGK71gxBHSW3yZItG0W_LetHgsZGVrD1AZI-00509.jpg": {"object_bounding_box": [685, 417, 734, 833], "object_presence": 1}, "P282--journal--clutter--CuwrEi-FdGK71gxBHSW3yZItG0W_LetHgsZGVrD1AZI-00510.jpg": {"object_bounding_box": [709, 401, 709, 802], "object_presence": 1}, "P282--journal--clutter--CuwrEi-FdGK71gxBHSW3yZItG0W_LetHgsZGVrD1AZI-00511.jpg": {"object_bounding_box": [723, 393, 700, 786], "object_presence": 1}, "P282--journal--clutter--CuwrEi-FdGK71gxBHSW3yZItG0W_LetHgsZGVrD1AZI-00512.jpg": {"object_bounding_box": [729, 389, 676, 778], "object_presence": 1}, "P282--journal--clutter--CuwrEi-FdGK71gxBHSW3yZItG0W_LetHgsZGVrD1AZI-00513.jpg": {"object_bounding_box": [742, 386, 649, 771], "object_presence": 1}, "P282--journal--clutter--CuwrEi-FdGK71gxBHSW3yZItG0W_LetHgsZGVrD1AZI-00514.jpg": {"object_bounding_box": [760, 383, 640, 765], "object_presence": 1}, "P282--journal--clutter--CuwrEi-FdGK71gxBHSW3yZItG0W_LetHgsZGVrD1AZI-00515.jpg": {"object_bounding_box": [765, 387, 625, 753], "object_presence": 1}, "P282--journal--clutter--CuwrEi-FdGK71gxBHSW3yZItG0W_LetHgsZGVrD1AZI-00516.jpg": {"object_bounding_box": [768, 387, 607, 740], "object_presence": 1}, "P282--journal--clutter--CuwrEi-FdGK71gxBHSW3yZItG0W_LetHgsZGVrD1AZI-00517.jpg": {"object_bounding_box": [758, 385, 595, 729], "object_presence": 1}, "P282--journal--clutter--CuwrEi-FdGK71gxBHSW3yZItG0W_LetHgsZGVrD1AZI-00518.jpg": {"object_bounding_box": [742, 378, 580, 720], "object_presence": 1}, "P282--journal--clutter--CuwrEi-FdGK71gxBHSW3yZItG0W_LetHgsZGVrD1AZI-00519.jpg": {"object_bounding_box": [737, 368, 576, 717], "object_presence": 1}, "P282--journal--clutter--CuwrEi-FdGK71gxBHSW3yZItG0W_LetHgsZGVrD1AZI-00520.jpg": {"object_bounding_box": [738, 359, 571, 718], "object_presence": 1}, "P282--journal--clutter--CuwrEi-FdGK71gxBHSW3yZItG0W_LetHgsZGVrD1AZI-00521.jpg": {"object_bounding_box": [738, 359, 581, 718], "object_presence": 1}, "P282--journal--clutter--CuwrEi-FdGK71gxBHSW3yZItG0W_LetHgsZGVrD1AZI-00522.jpg": {"object_bounding_box": [725, 365, 595, 730], "object_presence": 1}, "P282--journal--clutter--CuwrEi-FdGK71gxBHSW3yZItG0W_LetHgsZGVrD1AZI-00523.jpg": {"object_bounding_box": [724, 367, 608, 735], "object_presence": 1}, "P282--journal--clutter--CuwrEi-FdGK71gxBHSW3yZItG0W_LetHgsZGVrD1AZI-00524.jpg": {"object_bounding_box": [714, 368, 617, 736], "object_presence": 1}, "P282--journal--clutter--CuwrEi-FdGK71gxBHSW3yZItG0W_LetHgsZGVrD1AZI-00525.jpg": {"object_bounding_box": [679, 368, 616, 736], "object_presence": 1}, "P282--journal--clutter--CuwrEi-FdGK71gxBHSW3yZItG0W_LetHgsZGVrD1AZI-00526.jpg": {"object_bounding_box": [652, 364, 627, 729], "object_presence": 1}, "P282--journal--clutter--CuwrEi-FdGK71gxBHSW3yZItG0W_LetHgsZGVrD1AZI-00527.jpg": {"object_bounding_box": [644, 366, 637, 732], "object_presence": 1}, "P282--journal--clutter--CuwrEi-FdGK71gxBHSW3yZItG0W_LetHgsZGVrD1AZI-00528.jpg": {"object_bounding_box": [637, 372, 656, 743], "object_presence": 1}, "P282--journal--clutter--CuwrEi-FdGK71gxBHSW3yZItG0W_LetHgsZGVrD1AZI-00529.jpg": {"object_bounding_box": [651, 372, 658, 744], "object_presence": 1}, "P282--journal--clutter--CuwrEi-FdGK71gxBHSW3yZItG0W_LetHgsZGVrD1AZI-00530.jpg": {"object_bounding_box": [680, 374, 686, 748], "object_presence": 1}, "P282--journal--clutter--CuwrEi-FdGK71gxBHSW3yZItG0W_LetHgsZGVrD1AZI-00531.jpg": {"object_bounding_box": [706, 386, 707, 771], "object_presence": 1}, "P282--journal--clutter--CuwrEi-FdGK71gxBHSW3yZItG0W_LetHgsZGVrD1AZI-00532.jpg": {"object_bounding_box": [717, 405, 725, 810], "object_presence": 1}, "P282--journal--clutter--CuwrEi-FdGK71gxBHSW3yZItG0W_LetHgsZGVrD1AZI-00533.jpg": {"object_bounding_box": [717, 415, 725, 825], "object_presence": 1}, "P282--journal--clutter--CuwrEi-FdGK71gxBHSW3yZItG0W_LetHgsZGVrD1AZI-00534.jpg": {"object_bounding_box": [710, 415, 740, 828], "object_presence": 1}, "P282--journal--clutter--CuwrEi-FdGK71gxBHSW3yZItG0W_LetHgsZGVrD1AZI-00535.jpg": {"object_bounding_box": [697, 421, 766, 842], "object_presence": 1}, "P282--journal--clutter--CuwrEi-FdGK71gxBHSW3yZItG0W_LetHgsZGVrD1AZI-00536.jpg": {"object_bounding_box": [684, 426, 793, 852], "object_presence": 1}, "P282--journal--clutter--CuwrEi-FdGK71gxBHSW3yZItG0W_LetHgsZGVrD1AZI-00537.jpg": {"object_bounding_box": [670, 428, 821, 856], "object_presence": 1}, "P282--journal--clutter--CuwrEi-FdGK71gxBHSW3yZItG0W_LetHgsZGVrD1AZI-00538.jpg": {"object_bounding_box": [639, 425, 833, 849], "object_presence": 1}, "P282--journal--clutter--CuwrEi-FdGK71gxBHSW3yZItG0W_LetHgsZGVrD1AZI-00539.jpg": {"object_bounding_box": [588, 425, 847, 849], "object_presence": 1}, "P282--journal--clutter--CuwrEi-FdGK71gxBHSW3yZItG0W_LetHgsZGVrD1AZI-00540.jpg": {"object_bounding_box": [617, 420, 813, 840], "object_presence": 1}, "P282--journal--clutter--CuwrEi-FdGK71gxBHSW3yZItG0W_LetHgsZGVrD1AZI-00541.jpg": {"object_bounding_box": [662, 423, 824, 846], "object_presence": 1}, "P282--journal--clutter--CuwrEi-FdGK71gxBHSW3yZItG0W_LetHgsZGVrD1AZI-00542.jpg": {"object_bounding_box": [678, 425, 805, 849], "object_presence": 1}, "P282--journal--clutter--CuwrEi-FdGK71gxBHSW3yZItG0W_LetHgsZGVrD1AZI-00543.jpg": {"object_bounding_box": [689, 425, 783, 849], "object_presence": 1}, "P282--journal--clutter--CuwrEi-FdGK71gxBHSW3yZItG0W_LetHgsZGVrD1AZI-00544.jpg": {"object_bounding_box": [698, 420, 763, 839], "object_presence": 1}, "P282--journal--clutter--CuwrEi-FdGK71gxBHSW3yZItG0W_LetHgsZGVrD1AZI-00545.jpg": {"object_bounding_box": [699, 415, 763, 830], "object_presence": 1}, "P282--journal--clutter--CuwrEi-FdGK71gxBHSW3yZItG0W_LetHgsZGVrD1AZI-00546.jpg": {"object_bounding_box": [677, 407, 806, 814], "object_presence": 1}, "P282--journal--clutter--CuwrEi-FdGK71gxBHSW3yZItG0W_LetHgsZGVrD1AZI-00547.jpg": {"object_bounding_box": [650, 397, 858, 793], "object_presence": 1}, "P282--journal--clutter--CuwrEi-FdGK71gxBHSW3yZItG0W_LetHgsZGVrD1AZI-00548.jpg": {"object_bounding_box": [619, 390, 886, 781], "object_presence": 1}, "P282--journal--clutter--CuwrEi-FdGK71gxBHSW3yZItG0W_LetHgsZGVrD1AZI-00549.jpg": {"object_bounding_box": [571, 380, 883, 760], "object_presence": 1}, "P282--journal--clutter--CuwrEi-FdGK71gxBHSW3yZItG0W_LetHgsZGVrD1AZI-00550.jpg": {"object_bounding_box": [528, 378, 885, 755], "object_presence": 1}, "P282--journal--clutter--CuwrEi-FdGK71gxBHSW3yZItG0W_LetHgsZGVrD1AZI-00551.jpg": {"object_bounding_box": [517, 378, 869, 755], "object_presence": 1}, "P282--journal--clutter--CuwrEi-FdGK71gxBHSW3yZItG0W_LetHgsZGVrD1AZI-00552.jpg": {"object_bounding_box": [531, 378, 861, 757], "object_presence": 1}, "P282--journal--clutter--CuwrEi-FdGK71gxBHSW3yZItG0W_LetHgsZGVrD1AZI-00553.jpg": {"object_bounding_box": [538, 381, 864, 761], "object_presence": 1}, "P282--journal--clutter--CuwrEi-FdGK71gxBHSW3yZItG0W_LetHgsZGVrD1AZI-00554.jpg": {"object_bounding_box": [534, 381, 862, 762], "object_presence": 1}, "P282--journal--clutter--CuwrEi-FdGK71gxBHSW3yZItG0W_LetHgsZGVrD1AZI-00555.jpg": {"object_bounding_box": [527, 393, 850, 746], "object_presence": 1}, "P282--journal--clutter--CuwrEi-FdGK71gxBHSW3yZItG0W_LetHgsZGVrD1AZI-00556.jpg": {"object_bounding_box": [523, 418, 841, 723], "object_presence": 1}, "P282--journal--clutter--CuwrEi-FdGK71gxBHSW3yZItG0W_LetHgsZGVrD1AZI-00557.jpg": {"object_bounding_box": [501, 438, 818, 711], "object_presence": 1}, "P282--journal--clutter--CuwrEi-FdGK71gxBHSW3yZItG0W_LetHgsZGVrD1AZI-00558.jpg": {"object_bounding_box": [463, 471, 804, 693], "object_presence": 1}, "P282--journal--clutter--CuwrEi-FdGK71gxBHSW3yZItG0W_LetHgsZGVrD1AZI-00559.jpg": {"object_bounding_box": [424, 473, 813, 703], "object_presence": 1}, "P282--journal--clutter--CuwrEi-FdGK71gxBHSW3yZItG0W_LetHgsZGVrD1AZI-00560.jpg": {"object_bounding_box": [403, 479, 806, 698], "object_presence": 1}, "P282--journal--clutter--CuwrEi-FdGK71gxBHSW3yZItG0W_LetHgsZGVrD1AZI-00561.jpg": {"object_bounding_box": [402, 490, 804, 691], "object_presence": 1}, "P282--journal--clutter--CuwrEi-FdGK71gxBHSW3yZItG0W_LetHgsZGVrD1AZI-00562.jpg": {"object_bounding_box": [403, 502, 807, 697], "object_presence": 1}, "P282--journal--clutter--CuwrEi-FdGK71gxBHSW3yZItG0W_LetHgsZGVrD1AZI-00563.jpg": {"object_bounding_box": [400, 505, 799, 697], "object_presence": 1}, "P282--journal--clutter--CuwrEi-FdGK71gxBHSW3yZItG0W_LetHgsZGVrD1AZI-00564.jpg": {"object_bounding_box": [397, 501, 795, 692], "object_presence": 1}, "P282--journal--clutter--CuwrEi-FdGK71gxBHSW3yZItG0W_LetHgsZGVrD1AZI-00565.jpg": {"object_bounding_box": [391, 493, 781, 692], "object_presence": 1}, "P282--journal--clutter--CuwrEi-FdGK71gxBHSW3yZItG0W_LetHgsZGVrD1AZI-00566.jpg": {"object_bounding_box": [385, 482, 770, 692], "object_presence": 1}, "P282--journal--clutter--CuwrEi-FdGK71gxBHSW3yZItG0W_LetHgsZGVrD1AZI-00567.jpg": {"object_bounding_box": [381, 479, 762, 696], "object_presence": 1}, "P282--journal--clutter--CuwrEi-FdGK71gxBHSW3yZItG0W_LetHgsZGVrD1AZI-00568.jpg": {"object_bounding_box": [384, 477, 769, 702], "object_presence": 1}, "P282--journal--clutter--CuwrEi-FdGK71gxBHSW3yZItG0W_LetHgsZGVrD1AZI-00569.jpg": {"object_bounding_box": [383, 477, 767, 702], "object_presence": 1}, "P282--journal--clutter--CuwrEi-FdGK71gxBHSW3yZItG0W_LetHgsZGVrD1AZI-00570.jpg": {"object_bounding_box": [383, 469, 767, 702], "object_presence": 1}, "P282--journal--clutter--CuwrEi-FdGK71gxBHSW3yZItG0W_LetHgsZGVrD1AZI-00571.jpg": {"object_bounding_box": [385, 465, 769, 695], "object_presence": 1}, "P282--journal--clutter--CuwrEi-FdGK71gxBHSW3yZItG0W_LetHgsZGVrD1AZI-00572.jpg": {"object_bounding_box": [389, 469, 779, 702], "object_presence": 1}, "P282--journal--clutter--CuwrEi-FdGK71gxBHSW3yZItG0W_LetHgsZGVrD1AZI-00573.jpg": {"object_bounding_box": [392, 469, 784, 702], "object_presence": 1}, "P282--journal--clutter--CuwrEi-FdGK71gxBHSW3yZItG0W_LetHgsZGVrD1AZI-00574.jpg": {"object_bounding_box": [401, 467, 802, 698], "object_presence": 1}, "P282--journal--clutter--CuwrEi-FdGK71gxBHSW3yZItG0W_LetHgsZGVrD1AZI-00575.jpg": {"object_bounding_box": [408, 464, 807, 702], "object_presence": 1}, "P282--journal--clutter--CuwrEi-FdGK71gxBHSW3yZItG0W_LetHgsZGVrD1AZI-00576.jpg": {"object_bounding_box": [418, 466, 806, 707], "object_presence": 1}, "P282--journal--clutter--CuwrEi-FdGK71gxBHSW3yZItG0W_LetHgsZGVrD1AZI-00577.jpg": {"object_bounding_box": [422, 459, 812, 707], "object_presence": 1}, "P282--journal--clutter--CuwrEi-FdGK71gxBHSW3yZItG0W_LetHgsZGVrD1AZI-00578.jpg": {"object_bounding_box": [417, 456, 815, 713], "object_presence": 1}, "P282--journal--clutter--CuwrEi-FdGK71gxBHSW3yZItG0W_LetHgsZGVrD1AZI-00579.jpg": {"object_bounding_box": [415, 454, 823, 718], "object_presence": 1}, "P282--journal--clutter--CuwrEi-FdGK71gxBHSW3yZItG0W_LetHgsZGVrD1AZI-00580.jpg": {"object_bounding_box": [410, 449, 820, 720], "object_presence": 1}, "P282--journal--clutter--CuwrEi-FdGK71gxBHSW3yZItG0W_LetHgsZGVrD1AZI-00581.jpg": {"object_bounding_box": [408, 444, 816, 720], "object_presence": 1}, "P282--journal--clutter--CuwrEi-FdGK71gxBHSW3yZItG0W_LetHgsZGVrD1AZI-00582.jpg": {"object_bounding_box": [406, 445, 811, 729], "object_presence": 1}, "P282--journal--clutter--CuwrEi-FdGK71gxBHSW3yZItG0W_LetHgsZGVrD1AZI-00583.jpg": {"object_bounding_box": [406, 445, 812, 729], "object_presence": 1}, "P282--journal--clutter--CuwrEi-FdGK71gxBHSW3yZItG0W_LetHgsZGVrD1AZI-00584.jpg": {"object_bounding_box": [406, 446, 812, 740], "object_presence": 1}, "P282--journal--clutter--CuwrEi-FdGK71gxBHSW3yZItG0W_LetHgsZGVrD1AZI-00585.jpg": {"object_bounding_box": [406, 443, 812, 731], "object_presence": 1}, "P282--journal--clutter--CuwrEi-FdGK71gxBHSW3yZItG0W_LetHgsZGVrD1AZI-00586.jpg": {"object_bounding_box": [409, 441, 818, 736], "object_presence": 1}, "P282--journal--clutter--CuwrEi-FdGK71gxBHSW3yZItG0W_LetHgsZGVrD1AZI-00587.jpg": {"object_bounding_box": [428, 431, 827, 737], "object_presence": 1}, "P282--journal--clutter--CuwrEi-FdGK71gxBHSW3yZItG0W_LetHgsZGVrD1AZI-00588.jpg": {"object_bounding_box": [440, 419, 834, 746], "object_presence": 1}, "P282--journal--clutter--CuwrEi-FdGK71gxBHSW3yZItG0W_LetHgsZGVrD1AZI-00589.jpg": {"object_bounding_box": [443, 412, 840, 758], "object_presence": 1}, "P282--journal--clutter--CuwrEi-FdGK71gxBHSW3yZItG0W_LetHgsZGVrD1AZI-00590.jpg": {"object_bounding_box": [432, 389, 839, 751], "object_presence": 1}, "P282--journal--clutter--CuwrEi-FdGK71gxBHSW3yZItG0W_LetHgsZGVrD1AZI-00591.jpg": {"object_bounding_box": [421, 374, 842, 748], "object_presence": 1}, "P282--journal--clutter--CuwrEi-FdGK71gxBHSW3yZItG0W_LetHgsZGVrD1AZI-00592.jpg": {"object_bounding_box": [407, 374, 813, 748], "object_presence": 1}, "P282--journal--clutter--CuwrEi-FdGK71gxBHSW3yZItG0W_LetHgsZGVrD1AZI-00593.jpg": {"object_bounding_box": [405, 371, 809, 742], "object_presence": 1}, "P282--journal--clutter--CuwrEi-FdGK71gxBHSW3yZItG0W_LetHgsZGVrD1AZI-00594.jpg": {"object_bounding_box": [403, 368, 807, 736], "object_presence": 1}, "P282--journal--clutter--CuwrEi-FdGK71gxBHSW3yZItG0W_LetHgsZGVrD1AZI-00595.jpg": {"object_bounding_box": [403, 368, 807, 736], "object_presence": 1}, "P282--journal--clutter--CuwrEi-FdGK71gxBHSW3yZItG0W_LetHgsZGVrD1AZI-00596.jpg": {"object_bounding_box": [408, 370, 815, 741], "object_presence": 1}, "P282--journal--clutter--CuwrEi-FdGK71gxBHSW3yZItG0W_LetHgsZGVrD1AZI-00597.jpg": {"object_bounding_box": [412, 373, 824, 746], "object_presence": 1}}