{"P282--journal--clutter--CuwrEi-FdGK71gxBHSW3yZItG0W_LetHgsZGVrD1AZI-00001.jpg": {"object_bounding_box": [235, 1, 845, 1027], "object_presence": 1}, "P282--journal--clutter--CuwrEi-FdGK71gxBHSW3yZItG0W_LetHgsZGVrD1AZI-00002.jpg": {"object_bounding_box": [233, 2, 847, 1027], "object_presence": 1}, "P282--journal--clutter--CuwrEi-FdGK71gxBHSW3yZItG0W_LetHgsZGVrD1AZI-00003.jpg": {"object_bounding_box": [233, 0, 847, 1029], "object_presence": 1}, "P282--journal--clutter--CuwrEi-FdGK71gxBHSW3yZItG0W_LetHgsZGVrD1AZI-00004.jpg": {"object_bounding_box": [231, 0, 849, 1028], "object_presence": 1}, "P282--journal--clutter--CuwrEi-FdGK71gxBHSW3yZItG0W_LetHgsZGVrD1AZI-00005.jpg": {"object_bounding_box": [231, 0, 849, 1028], "object_presence": 1}, "P282--journal--clutter--CuwrEi-FdGK71gxBHSW3yZItG0W_LetHgsZGVrD1AZI-00006.jpg": {"object_bounding_box": [231, 0, 849, 1027], "object_presence": 1}, "P282--journal--clutter--CuwrEi-FdGK71gxBHSW3yZItG0W_LetHgsZGVrD1AZI-00007.jpg": {"object_bounding_box": [231, 0, 849, 1027], "object_presence": 1}, "P282--journal--clutter--CuwrEi-FdGK71gxBHSW3yZItG0W_LetHgsZGVrD1AZI-00008.jpg": {"object_bounding_box": [233, 0, 845, 1033], "object_presence": 1}, "P282--journal--clutter--CuwrEi-FdGK71gxBHSW3yZItG0W_LetHgsZGVrD1AZI-00009.jpg": {"object_bounding_box": [231, 0, 849, 1027], "object_presence": 1}, "P282--journal--clutter--CuwrEi-FdGK71gxBHSW3yZItG0W_LetHgsZGVrD1AZI-00010.jpg": {"object_bounding_box": [231, 1, 849, 1027], "object_presence": 1}, "P282--journal--clutter--CuwrEi-FdGK71gxBHSW3yZItG0W_LetHgsZGVrD1AZI-00011.jpg": {"object_bounding_box": [231, 2, 849, 1024], "object_presence": 1}, "P282--journal--clutter--CuwrEi-FdGK71gxBHSW3yZItG0W_LetHgsZGVrD1AZI-00012.jpg": {"object_bounding_box": [231, 2, 846, 1024], "object_presence": 1}, "P282--journal--clutter--CuwrEi-FdGK71gxBHSW3yZItG0W_LetHgsZGVrD1AZI-00013.jpg": {"object_bounding_box": [229, 3, 844, 1020], "object_presence": 1}, "P282--journal--clutter--CuwrEi-FdGK71gxBHSW3yZItG0W_LetHgsZGVrD1AZI-00014.jpg": {"object_bounding_box": [226, 3, 843, 1020], "object_presence": 1}, "P282--journal--clutter--CuwrEi-FdGK71gxBHSW3yZItG0W_LetHgsZGVrD1AZI-00015.jpg": {"object_bounding_box": [223, 4, 843, 1017], "object_presence": 1}, "P282--journal--clutter--CuwrEi-FdGK71gxBHSW3yZItG0W_LetHgsZGVrD1AZI-00016.jpg": {"object_bounding_box": [223, 8, 844, 1013], "object_presence": 1}, "P282--journal--clutter--CuwrEi-FdGK71gxBHSW3yZItG0W_LetHgsZGVrD1AZI-00017.jpg": {"object_bounding_box": [225, 10, 836, 1008], "object_presence": 1}, "P282--journal--clutter--CuwrEi-FdGK71gxBHSW3yZItG0W_LetHgsZGVrD1AZI-00018.jpg": {"object_bounding_box": [223, 8, 838, 1010], "object_presence": 1}, "P282--journal--clutter--CuwrEi-FdGK71gxBHSW3yZItG0W_LetHgsZGVrD1AZI-00019.jpg": {"object_bounding_box": [225, 5, 833, 1008], "object_presence": 1}, "P282--journal--clutter--CuwrEi-FdGK71gxBHSW3yZItG0W_LetHgsZGVrD1AZI-00020.jpg": {"object_bounding_box": [229, 0, 833, 1004], "object_presence": 1}, "P282--journal--clutter--CuwrEi-FdGK71gxBHSW3yZItG0W_LetHgsZGVrD1AZI-00021.jpg": {"object_bounding_box": [231, 0, 830, 997], "object_presence": 1}, "P282--journal--clutter--CuwrEi-FdGK71gxBHSW3yZItG0W_LetHgsZGVrD1AZI-00022.jpg": {"object_bounding_box": [231, 6, 823, 991], "object_presence": 1}, "P282--journal--clutter--CuwrEi-FdGK71gxBHSW3yZItG0W_LetHgsZGVrD1AZI-00023.jpg": {"object_bounding_box": [230, 17, 819, 981], "object_presence": 1}, "P282--journal--clutter--CuwrEi-FdGK71gxBHSW3yZItG0W_LetHgsZGVrD1AZI-00024.jpg": {"object_bounding_box": [230, 24, 813, 978], "object_presence": 1}, "P282--journal--clutter--CuwrEi-FdGK71gxBHSW3yZItG0W_LetHgsZGVrD1AZI-00025.jpg": {"object_bounding_box": [227, 31, 803, 969], "object_presence": 1}, "P282--journal--clutter--CuwrEi-FdGK71gxBHSW3yZItG0W_LetHgsZGVrD1AZI-00026.jpg": {"object_bounding_box": [222, 42, 798, 957], "object_presence": 1}, "P282--journal--clutter--CuwrEi-FdGK71gxBHSW3yZItG0W_LetHgsZGVrD1AZI-00027.jpg": {"object_bounding_box": [219, 51, 794, 952], "object_presence": 1}, "P282--journal--clutter--CuwrEi-FdGK71gxBHSW3yZItG0W_LetHgsZGVrD1AZI-00028.jpg": {"object_bounding_box": [217, 56, 789, 947], "object_presence": 1}, "P282--journal--clutter--CuwrEi-FdGK71gxBHSW3yZItG0W_LetHgsZGVrD1AZI-00029.jpg": {"object_bounding_box": [213, 62, 783, 940], "object_presence": 1}, "P282--journal--clutter--CuwrEi-FdGK71gxBHSW3yZItG0W_LetHgsZGVrD1AZI-00030.jpg": {"object_bounding_box": [219, 58, 773, 939], "object_presence": 1}, "P282--journal--clutter--CuwrEi-FdGK71gxBHSW3yZItG0W_LetHgsZGVrD1AZI-00031.jpg": {"object_bounding_box": [218, 59, 774, 933], "object_presence": 1}, "P282--journal--clutter--CuwrEi-FdGK71gxBHSW3yZItG0W_LetHgsZGVrD1AZI-00032.jpg": {"object_bounding_box": [223, 52, 767, 936], "object_presence": 1}, "P282--journal--clutter--CuwrEi-FdGK71gxBHSW3yZItG0W_LetHgsZGVrD1AZI-00033.jpg": {"object_bounding_box": [231, 48, 759, 930], "object_presence": 1}, "P282--journal--clutter--CuwrEi-FdGK71gxBHSW3yZItG0W_LetHgsZGVrD1AZI-00034.jpg": {"object_bounding_box": [236, 45, 756, 925], "object_presence": 1}, "P282--journal--clutter--CuwrEi-FdGK71gxBHSW3yZItG0W_LetHgsZGVrD1AZI-00035.jpg": {"object_bounding_box": [241, 47, 750, 915], "object_presence": 1}, "P282--journal--clutter--CuwrEi-FdGK71gxBHSW3yZItG0W_LetHgsZGVrD1AZI-00036.jpg": {"object_bounding_box": [247, 51, 741, 911], "object_presence": 1}, "P282--journal--clutter--CuwrEi-FdGK71gxBHSW3yZItG0W_LetHgsZGVrD1AZI-00037.jpg": {"object_bounding_box": [250, 51, 739, 905], "object_presence": 1}, "P282--journal--clutter--CuwrEi-FdGK71gxBHSW3yZItG0W_LetHgsZGVrD1AZI-00038.jpg": {"object_bounding_box": [250, 54, 738, 898], "object_presence": 1}, "P282--journal--clutter--CuwrEi-FdGK71gxBHSW3yZItG0W_LetHgsZGVrD1AZI-00039.jpg": {"object_bounding_box": [253, 58, 730, 893], "object_presence": 1}, "P282--journal--clutter--CuwrEi-FdGK71gxBHSW3yZItG0W_LetHgsZGVrD1AZI-00040.jpg": {"object_bounding_box": [257, 56, 723, 889], "object_presence": 1}, "P282--journal--clutter--CuwrEi-FdGK71gxBHSW3yZItG0W_LetHgsZGVrD1AZI-00041.jpg": {"object_bounding_box": [259, 51, 718, 882], "object_presence": 1}, "P282--journal--clutter--CuwrEi-FdGK71gxBHSW3yZItG0W_LetHgsZGVrD1AZI-00042.jpg": {"object_bounding_box": [261, 43, 713, 878], "object_presence": 1}, "P282--journal--clutter--CuwrEi-FdGK71gxBHSW3yZItG0W_LetHgsZGVrD1AZI-00043.jpg": {"object_bounding_box": [259, 56, 708, 863], "object_presence": 1}, "P282--journal--clutter--CuwrEi-FdGK71gxBHSW3yZItG0W_LetHgsZGVrD1AZI-00044.jpg": {"object_bounding_box": [258, 67, 701, 858], "object_presence": 1}, "P282--journal--clutter--CuwrEi-FdGK71gxBHSW3yZItG0W_LetHgsZGVrD1AZI-00045.jpg": {"object_bounding_box": [258, 80, 697, 852], "object_presence": 1}, "P282--journal--clutter--CuwrEi-FdGK71gxBHSW3yZItG0W_LetHgsZGVrD1AZI-00046.jpg": {"object_bounding_box": [263, 93, 690, 840], "object_presence": 1}, "P282--journal--clutter--CuwrEi-FdGK71gxBHSW3yZItG0W_LetHgsZGVrD1AZI-00047.jpg": {"object_bounding_box": [270, 107, 685, 827], "object_presence": 1}, "P282--journal--clutter--CuwrEi-FdGK71gxBHSW3yZItG0W_LetHgsZGVrD1AZI-00048.jpg": {"object_bounding_box": [273, 109, 681, 827], "object_presence": 1}, "P282--journal--clutter--CuwrEi-FdGK71gxBHSW3yZItG0W_LetHgsZGVrD1AZI-00049.jpg": {"object_bounding_box": [277, 121, 679, 818], "object_presence": 1}, "P282--journal--clutter--CuwrEi-FdGK71gxBHSW3yZItG0W_LetHgsZGVrD1AZI-00050.jpg": {"object_bounding_box": [284, 123, 671, 812], "object_presence": 1}, "P282--journal--clutter--CuwrEi-FdGK71gxBHSW3yZItG0W_LetHgsZGVrD1AZI-00051.jpg": {"object_bounding_box": [287, 131, 670, 800], "object_presence": 1}, "P282--journal--clutter--CuwrEi-FdGK71gxBHSW3yZItG0W_LetHgsZGVrD1AZI-00052.jpg": {"object_bounding_box": [294, 146, 662, 790], "object_presence": 1}, "P282--journal--clutter--CuwrEi-FdGK71gxBHSW3yZItG0W_LetHgsZGVrD1AZI-00053.jpg": {"object_bounding_box": [291, 165, 663, 782], "object_presence": 1}, "P282--journal--clutter--CuwrEi-FdGK71gxBHSW3yZItG0W_LetHgsZGVrD1AZI-00054.jpg": {"object_bounding_box": [294, 179, 655, 780], "object_presence": 1}, "P282--journal--clutter--CuwrEi-FdGK71gxBHSW3yZItG0W_LetHgsZGVrD1AZI-00055.jpg": {"object_bounding_box": [298, 196, 649, 774], "object_presence": 1}, "P282--journal--clutter--CuwrEi-FdGK71gxBHSW3yZItG0W_LetHgsZGVrD1AZI-00056.jpg": {"object_bounding_box": [296, 207, 647, 772], "object_presence": 1}, "P282--journal--clutter--CuwrEi-FdGK71gxBHSW3yZItG0W_LetHgsZGVrD1AZI-00057.jpg": {"object_bounding_box": [296, 213, 644, 768], "object_presence": 1}, "P282--journal--clutter--CuwrEi-FdGK71gxBHSW3yZItG0W_LetHgsZGVrD1AZI-00058.jpg": {"object_bounding_box": [300, 221, 640, 764], "object_presence": 1}, "P282--journal--clutter--CuwrEi-FdGK71gxBHSW3yZItG0W_LetHgsZGVrD1AZI-00059.jpg": {"object_bounding_box": [309, 236, 636, 756], "object_presence": 1}, "P282--journal--clutter--CuwrEi-FdGK71gxBHSW3yZItG0W_LetHgsZGVrD1AZI-00060.jpg": {"object_bounding_box": [305, 246, 640, 755], "object_presence": 1}, "P282--journal--clutter--CuwrEi-FdGK71gxBHSW3yZItG0W_LetHgsZGVrD1AZI-00061.jpg": {"object_bounding_box": [303, 253, 635, 748], "object_presence": 1}, "P282--journal--clutter--CuwrEi-FdGK71gxBHSW3yZItG0W_LetHgsZGVrD1AZI-00062.jpg": {"object_bounding_box": [301, 260, 633, 743], "object_presence": 1}, "P282--journal--clutter--CuwrEi-FdGK71gxBHSW3yZItG0W_LetHgsZGVrD1AZI-00063.jpg": {"object_bounding_box": [306, 273, 625, 740], "object_presence": 1}, "P282--journal--clutter--CuwrEi-FdGK71gxBHSW3yZItG0W_LetHgsZGVrD1AZI-00064.jpg": {"object_bounding_box": [305, 279, 623, 738], "object_presence": 1}, "P282--journal--clutter--CuwrEi-FdGK71gxBHSW3yZItG0W_LetHgsZGVrD1AZI-00065.jpg": {"object_bounding_box": [308, 288, 617, 729], "object_presence": 1}, "P282--journal--clutter--CuwrEi-FdGK71gxBHSW3yZItG0W_LetHgsZGVrD1AZI-00066.jpg": {"object_bounding_box": [308, 294, 616, 726], "object_presence": 1}, "P282--journal--clutter--CuwrEi-FdGK71gxBHSW3yZItG0W_LetHgsZGVrD1AZI-00067.jpg": {"object_bounding_box": [309, 296, 612, 723], "object_presence": 1}, "P282--journal--clutter--CuwrEi-FdGK71gxBHSW3yZItG0W_LetHgsZGVrD1AZI-00068.jpg": {"object_bounding_box": [308, 296, 608, 720], "object_presence": 1}, "P282--journal--clutter--CuwrEi-FdGK71gxBHSW3yZItG0W_LetHgsZGVrD1AZI-00069.jpg": {"object_bounding_box": [308, 294, 604, 716], "object_presence": 1}, "P282--journal--clutter--CuwrEi-FdGK71gxBHSW3yZItG0W_LetHgsZGVrD1AZI-00070.jpg": {"object_bounding_box": [306, 291, 605, 712], "object_presence": 1}, "P282--journal--clutter--CuwrEi-FdGK71gxBHSW3yZItG0W_LetHgsZGVrD1AZI-00071.jpg": {"object_bounding_box": [308, 285, 603, 714], "object_presence": 1}, "P282--journal--clutter--CuwrEi-FdGK71gxBHSW3yZItG0W_LetHgsZGVrD1AZI-00072.jpg": {"object_bounding_box": [305, 287, 598, 708], "object_presence": 1}, "P282--journal--clutter--CuwrEi-FdGK71gxBHSW3yZItG0W_LetHgsZGVrD1AZI-00073.jpg": {"object_bounding_box": [304, 286, 593, 707], "object_presence": 1}, "P282--journal--clutter--CuwrEi-FdGK71gxBHSW3yZItG0W_LetHgsZGVrD1AZI-00074.jpg": {"object_bounding_box": [307, 286, 589, 702], "object_presence": 1}, "P282--journal--clutter--CuwrEi-FdGK71gxBHSW3yZItG0W_LetHgsZGVrD1AZI-00075.jpg": {"object_bounding_box": [307, 281, 589, 703], "object_presence": 1}, "P282--journal--clutter--CuwrEi-FdGK71gxBHSW3yZItG0W_LetHgsZGVrD1AZI-00076.jpg": {"object_bounding_box": [307, 278, 583, 701], "object_presence": 1}, "P282--journal--clutter--CuwrEi-FdGK71gxBHSW3yZItG0W_LetHgsZGVrD1AZI-00077.jpg": {"object_bounding_box": [305, 275, 583, 698], "object_presence": 1}, "P282--journal--clutter--CuwrEi-FdGK71gxBHSW3yZItG0W_LetHgsZGVrD1AZI-00078.jpg": {"object_bounding_box": [303, 274, 577, 697], "object_presence": 1}, "P282--journal--clutter--CuwrEi-FdGK71gxBHSW3yZItG0W_LetHgsZGVrD1AZI-00079.jpg": {"object_bounding_box": [304, 280, 574, 690], "object_presence": 1}, "P282--journal--clutter--CuwrEi-FdGK71gxBHSW3yZItG0W_LetHgsZGVrD1AZI-00080.jpg": {"object_bounding_box": [304, 284, 573, 690], "object_presence": 1}, "P282--journal--clutter--CuwrEi-FdGK71gxBHSW3yZItG0W_LetHgsZGVrD1AZI-00081.jpg": {"object_bounding_box": [304, 284, 569, 687], "object_presence": 1}, "P282--journal--clutter--CuwrEi-FdGK71gxBHSW3yZItG0W_LetHgsZGVrD1AZI-00082.jpg": {"object_bounding_box": [300, 288, 568, 685], "object_presence": 1}, "P282--journal--clutter--CuwrEi-FdGK71gxBHSW3yZItG0W_LetHgsZGVrD1AZI-00083.jpg": {"object_bounding_box": [300, 294, 565, 681], "object_presence": 1}, "P282--journal--clutter--CuwrEi-FdGK71gxBHSW3yZItG0W_LetHgsZGVrD1AZI-00084.jpg": {"object_bounding_box": [299, 297, 564, 679], "object_presence": 1}, "P282--journal--clutter--CuwrEi-FdGK71gxBHSW3yZItG0W_LetHgsZGVrD1AZI-00085.jpg": {"object_bounding_box": [300, 294, 564, 679], "object_presence": 1}, "P282--journal--clutter--CuwrEi-FdGK71gxBHSW3yZItG0W_LetHgsZGVrD1AZI-00086.jpg": {"object_bounding_box": [300, 298, 561, 676], "object_presence": 1}, "P282--journal--clutter--CuwrEi-FdGK71gxBHSW3yZItG0W_LetHgsZGVrD1AZI-00087.jpg": {"object_bounding_box": [303, 298, 557, 675], "object_presence": 1}, "P282--journal--clutter--CuwrEi-FdGK71gxBHSW3yZItG0W_LetHgsZGVrD1AZI-00088.jpg": {"object_bounding_box": [305, 302, 555, 671], "object_presence": 1}, "P282--journal--clutter--CuwrEi-FdGK71gxBHSW3yZItG0W_LetHgsZGVrD1AZI-00089.jpg": {"object_bounding_box": [305, 303, 555, 670], "object_presence": 1}, "P282--journal--clutter--CuwrEi-FdGK71gxBHSW3yZItG0W_LetHgsZGVrD1AZI-00090.jpg": {"object_bounding_box": [305, 303, 555, 670], "object_presence": 1}, "P282--journal--clutter--CuwrEi-FdGK71gxBHSW3yZItG0W_LetHgsZGVrD1AZI-00091.jpg": {"object_bounding_box": [308, 300, 551, 667], "object_presence": 1}, "P282--journal--clutter--CuwrEi-FdGK71gxBHSW3yZItG0W_LetHgsZGVrD1AZI-00092.jpg": {"object_bounding_box": [305, 298, 547, 663], "object_presence": 1}, "P282--journal--clutter--CuwrEi-FdGK71gxBHSW3yZItG0W_LetHgsZGVrD1AZI-00093.jpg": {"object_bounding_box": [305, 299, 546, 661], "object_presence": 1}, "P282--journal--clutter--CuwrEi-FdGK71gxBHSW3yZItG0W_LetHgsZGVrD1AZI-00094.jpg": {"object_bounding_box": [303, 302, 543, 661], "object_presence": 1}, "P282--journal--clutter--CuwrEi-FdGK71gxBHSW3yZItG0W_LetHgsZGVrD1AZI-00095.jpg": {"object_bounding_box": [300, 305, 542, 655], "object_presence": 1}, "P282--journal--clutter--CuwrEi-FdGK71gxBHSW3yZItG0W_LetHgsZGVrD1AZI-00096.jpg": {"object_bounding_box": [300, 308, 534, 652], "object_presence": 1}, "P282--journal--clutter--CuwrEi-FdGK71gxBHSW3yZItG0W_LetHgsZGVrD1AZI-00097.jpg": {"object_bounding_box": [296, 310, 535, 655], "object_presence": 1}, "P282--journal--clutter--CuwrEi-FdGK71gxBHSW3yZItG0W_LetHgsZGVrD1AZI-00098.jpg": {"object_bounding_box": [296, 315, 534, 653], "object_presence": 1}, "P282--journal--clutter--CuwrEi-FdGK71gxBHSW3yZItG0W_LetHgsZGVrD1AZI-00099.jpg": {"object_bounding_box": [293, 318, 531, 649], "object_presence": 1}, "P282--journal--clutter--CuwrEi-FdGK71gxBHSW3yZItG0W_LetHgsZGVrD1AZI-00100.jpg": {"object_bounding_box": [290, 319, 528, 648], "object_presence": 1}, "P282--journal--clutter--CuwrEi-FdGK71gxBHSW3yZItG0W_LetHgsZGVrD1AZI-00101.jpg": {"object_bounding_box": [289, 321, 526, 645], "object_presence": 1}, "P282--journal--clutter--CuwrEi-FdGK71gxBHSW3yZItG0W_LetHgsZGVrD1AZI-00102.jpg": {"object_bounding_box": [287, 320, 527, 645], "object_presence": 1}, "P282--journal--clutter--CuwrEi-FdGK71gxBHSW3yZItG0W_LetHgsZGVrD1AZI-00103.jpg": {"object_bounding_box": [286, 320, 524, 645], "object_presence": 1}, "P282--journal--clutter--CuwrEi-FdGK71gxBHSW3yZItG0W_LetHgsZGVrD1AZI-00104.jpg": {"object_bounding_box": [284, 315, 522, 646], "object_presence": 1}, "P282--journal--clutter--CuwrEi-FdGK71gxBHSW3yZItG0W_LetHgsZGVrD1AZI-00105.jpg": {"object_bounding_box": [280, 310, 526, 644], "object_presence": 1}, "P282--journal--clutter--CuwrEi-FdGK71gxBHSW3yZItG0W_LetHgsZGVrD1AZI-00106.jpg": {"object_bounding_box": [281, 310, 524, 643], "object_presence": 1}, "P282--journal--clutter--CuwrEi-FdGK71gxBHSW3yZItG0W_LetHgsZGVrD1AZI-00107.jpg": {"object_bounding_box": [282, 314, 520, 640], "object_presence": 1}, "P282--journal--clutter--CuwrEi-FdGK71gxBHSW3yZItG0W_LetHgsZGVrD1AZI-00108.jpg": {"object_bounding_box": [282, 321, 521, 639], "object_presence": 1}, "P282--journal--clutter--CuwrEi-FdGK71gxBHSW3yZItG0W_LetHgsZGVrD1AZI-00109.jpg": {"object_bounding_box": [283, 334, 519, 639], "object_presence": 1}, "P282--journal--clutter--CuwrEi-FdGK71gxBHSW3yZItG0W_LetHgsZGVrD1AZI-00110.jpg": {"object_bounding_box": [280, 343, 520, 633], "object_presence": 1}, "P282--journal--clutter--CuwrEi-FdGK71gxBHSW3yZItG0W_LetHgsZGVrD1AZI-00111.jpg": {"object_bounding_box": [285, 348, 516, 632], "object_presence": 1}, "P282--journal--clutter--CuwrEi-FdGK71gxBHSW3yZItG0W_LetHgsZGVrD1AZI-00112.jpg": {"object_bounding_box": [285, 351, 516, 627], "object_presence": 1}, "P282--journal--clutter--CuwrEi-FdGK71gxBHSW3yZItG0W_LetHgsZGVrD1AZI-00113.jpg": {"object_bounding_box": [289, 353, 515, 626], "object_presence": 1}, "P282--journal--clutter--CuwrEi-FdGK71gxBHSW3yZItG0W_LetHgsZGVrD1AZI-00114.jpg": {"object_bounding_box": [291, 353, 515, 626], "object_presence": 1}, "P282--journal--clutter--CuwrEi-FdGK71gxBHSW3yZItG0W_LetHgsZGVrD1AZI-00115.jpg": {"object_bounding_box": [296, 356, 511, 623], "object_presence": 1}, "P282--journal--clutter--CuwrEi-FdGK71gxBHSW3yZItG0W_LetHgsZGVrD1AZI-00116.jpg": {"object_bounding_box": [296, 361, 512, 627], "object_presence": 1}, "P282--journal--clutter--CuwrEi-FdGK71gxBHSW3yZItG0W_LetHgsZGVrD1AZI-00117.jpg": {"object_bounding_box": [297, 365, 511, 627], "object_presence": 1}, "P282--journal--clutter--CuwrEi-FdGK71gxBHSW3yZItG0W_LetHgsZGVrD1AZI-00118.jpg": {"object_bounding_box": [294, 369, 509, 626], "object_presence": 1}, "P282--journal--clutter--CuwrEi-FdGK71gxBHSW3yZItG0W_LetHgsZGVrD1AZI-00119.jpg": {"object_bounding_box": [298, 378, 506, 622], "object_presence": 1}, "P282--journal--clutter--CuwrEi-FdGK71gxBHSW3yZItG0W_LetHgsZGVrD1AZI-00120.jpg": {"object_bounding_box": [300, 386, 503, 616], "object_presence": 1}, "P282--journal--clutter--CuwrEi-FdGK71gxBHSW3yZItG0W_LetHgsZGVrD1AZI-00121.jpg": {"object_bounding_box": [302, 387, 501, 616], "object_presence": 1}, "P282--journal--clutter--CuwrEi-FdGK71gxBHSW3yZItG0W_LetHgsZGVrD1AZI-00122.jpg": {"object_bounding_box": [301, 386, 502, 616], "object_presence": 1}, "P282--journal--clutter--CuwrEi-FdGK71gxBHSW3yZItG0W_LetHgsZGVrD1AZI-00123.jpg": {"object_bounding_box": [301, 380, 504, 618], "object_presence": 1}, "P282--journal--clutter--CuwrEi-FdGK71gxBHSW3yZItG0W_LetHgsZGVrD1AZI-00124.jpg": {"object_bounding_box": [304, 384, 501, 611], "object_presence": 1}, "P282--journal--clutter--CuwrEi-FdGK71gxBHSW3yZItG0W_LetHgsZGVrD1AZI-00125.jpg": {"object_bounding_box": [304, 384, 502, 611], "object_presence": 1}, "P282--journal--clutter--CuwrEi-FdGK71gxBHSW3yZItG0W_LetHgsZGVrD1AZI-00126.jpg": {"object_bounding_box": [308, 385, 498, 611], "object_presence": 1}, "P282--journal--clutter--CuwrEi-FdGK71gxBHSW3yZItG0W_LetHgsZGVrD1AZI-00127.jpg": {"object_bounding_box": [305, 385, 499, 610], "object_presence": 1}, "P282--journal--clutter--CuwrEi-FdGK71gxBHSW3yZItG0W_LetHgsZGVrD1AZI-00128.jpg": {"object_bounding_box": [303, 385, 499, 610], "object_presence": 1}, "P282--journal--clutter--CuwrEi-FdGK71gxBHSW3yZItG0W_LetHgsZGVrD1AZI-00129.jpg": {"object_bounding_box": [305, 382, 499, 610], "object_presence": 1}, "P282--journal--clutter--CuwrEi-FdGK71gxBHSW3yZItG0W_LetHgsZGVrD1AZI-00130.jpg": {"object_bounding_box": [304, 376, 496, 610], "object_presence": 1}, "P282--journal--clutter--CuwrEi-FdGK71gxBHSW3yZItG0W_LetHgsZGVrD1AZI-00131.jpg": {"object_bounding_box": [304, 372, 491, 610], "object_presence": 1}, "P282--journal--clutter--CuwrEi-FdGK71gxBHSW3yZItG0W_LetHgsZGVrD1AZI-00132.jpg": {"object_bounding_box": [296, 372, 491, 610], "object_presence": 1}, "P282--journal--clutter--CuwrEi-FdGK71gxBHSW3yZItG0W_LetHgsZGVrD1AZI-00133.jpg": {"object_bounding_box": [289, 370, 491, 606], "object_presence": 1}, "P282--journal--clutter--CuwrEi-FdGK71gxBHSW3yZItG0W_LetHgsZGVrD1AZI-00134.jpg": {"object_bounding_box": [285, 368, 492, 605], "object_presence": 1}, "P282--journal--clutter--CuwrEi-FdGK71gxBHSW3yZItG0W_LetHgsZGVrD1AZI-00135.jpg": {"object_bounding_box": [282, 364, 493, 603], "object_presence": 1}, "P282--journal--clutter--CuwrEi-FdGK71gxBHSW3yZItG0W_LetHgsZGVrD1AZI-00136.jpg": {"object_bounding_box": [280, 364, 491, 603], "object_presence": 1}, "P282--journal--clutter--CuwrEi-FdGK71gxBHSW3yZItG0W_LetHgsZGVrD1AZI-00137.jpg": {"object_bounding_box": [276, 369, 490, 603], "object_presence": 1}, "P282--journal--clutter--CuwrEi-FdGK71gxBHSW3yZItG0W_LetHgsZGVrD1AZI-00138.jpg": {"object_bounding_box": [276, 369, 490, 599], "object_presence": 1}, "P282--journal--clutter--CuwrEi-FdGK71gxBHSW3yZItG0W_LetHgsZGVrD1AZI-00139.jpg": {"object_bounding_box": [278, 369, 485, 598], "object_presence": 1}, "P282--journal--clutter--CuwrEi-FdGK71gxBHSW3yZItG0W_LetHgsZGVrD1AZI-00140.jpg": {"object_bounding_box": [278, 369, 485, 593], "object_presence": 1}, "P282--journal--clutter--CuwrEi-FdGK71gxBHSW3yZItG0W_LetHgsZGVrD1AZI-00141.jpg": {"object_bounding_box": [278, 369, 487, 595], "object_presence": 1}, "P282--journal--clutter--CuwrEi-FdGK71gxBHSW3yZItG0W_LetHgsZGVrD1AZI-00142.jpg": {"object_bounding_box": [278, 364, 484, 590], "object_presence": 1}, "P282--journal--clutter--CuwrEi-FdGK71gxBHSW3yZItG0W_LetHgsZGVrD1AZI-00143.jpg": {"object_bounding_box": [274, 358, 488, 589], "object_presence": 1}, "P282--journal--clutter--CuwrEi-FdGK71gxBHSW3yZItG0W_LetHgsZGVrD1AZI-00144.jpg": {"object_bounding_box": [274, 351, 484, 589], "object_presence": 1}, "P282--journal--clutter--CuwrEi-FdGK71gxBHSW3yZItG0W_LetHgsZGVrD1AZI-00145.jpg": {"object_bounding_box": [266, 347, 488, 585], "object_presence": 1}, "P282--journal--clutter--CuwrEi-FdGK71gxBHSW3yZItG0W_LetHgsZGVrD1AZI-00146.jpg": {"object_bounding_box": [261, 348, 487, 584], "object_presence": 1}, "P282--journal--clutter--CuwrEi-FdGK71gxBHSW3yZItG0W_LetHgsZGVrD1AZI-00147.jpg": {"object_bounding_box": [259, 351, 487, 580], "object_presence": 1}, "P282--journal--clutter--CuwrEi-FdGK71gxBHSW3yZItG0W_LetHgsZGVrD1AZI-00148.jpg": {"object_bounding_box": [259, 351, 488, 587], "object_presence": 1}, "P282--journal--clutter--CuwrEi-FdGK71gxBHSW3yZItG0W_LetHgsZGVrD1AZI-00149.jpg": {"object_bounding_box": [259, 352, 489, 594], "object_presence": 1}, "P282--journal--clutter--CuwrEi-FdGK71gxBHSW3yZItG0W_LetHgsZGVrD1AZI-00150.jpg": {"object_bounding_box": [257, 344, 489, 604], "object_presence": 1}, "P282--journal--clutter--CuwrEi-FdGK71gxBHSW3yZItG0W_LetHgsZGVrD1AZI-00151.jpg": {"object_bounding_box": [253, 333, 505, 617], "object_presence": 1}, "P282--journal--clutter--CuwrEi-FdGK71gxBHSW3yZItG0W_LetHgsZGVrD1AZI-00152.jpg": {"object_bounding_box": [250, 333, 522, 626], "object_presence": 1}, "P282--journal--clutter--CuwrEi-FdGK71gxBHSW3yZItG0W_LetHgsZGVrD1AZI-00153.jpg": {"object_bounding_box": [248, 342, 532, 634], "object_presence": 1}, "P282--journal--clutter--CuwrEi-FdGK71gxBHSW3yZItG0W_LetHgsZGVrD1AZI-00154.jpg": {"object_bounding_box": [248, 342, 547, 647], "object_presence": 1}, "P282--journal--clutter--CuwrEi-FdGK71gxBHSW3yZItG0W_LetHgsZGVrD1AZI-00155.jpg": {"object_bounding_box": [245, 330, 570, 665], "object_presence": 1}, "P282--journal--clutter--CuwrEi-FdGK71gxBHSW3yZItG0W_LetHgsZGVrD1AZI-00156.jpg": {"object_bounding_box": [234, 320, 586, 674], "object_presence": 1}, "P282--journal--clutter--CuwrEi-FdGK71gxBHSW3yZItG0W_LetHgsZGVrD1AZI-00157.jpg": {"object_bounding_box": [218, 316, 602, 682], "object_presence": 1}, "P282--journal--clutter--CuwrEi-FdGK71gxBHSW3yZItG0W_LetHgsZGVrD1AZI-00158.jpg": {"object_bounding_box": [204, 311, 618, 689], "object_presence": 1}, "P282--journal--clutter--CuwrEi-FdGK71gxBHSW3yZItG0W_LetHgsZGVrD1AZI-00159.jpg": {"object_bounding_box": [196, 301, 631, 699], "object_presence": 1}, "P282--journal--clutter--CuwrEi-FdGK71gxBHSW3yZItG0W_LetHgsZGVrD1AZI-00160.jpg": {"object_bounding_box": [194, 298, 639, 707], "object_presence": 1}, "P282--journal--clutter--CuwrEi-FdGK71gxBHSW3yZItG0W_LetHgsZGVrD1AZI-00161.jpg": {"object_bounding_box": [185, 298, 651, 711], "object_presence": 1}, "P282--journal--clutter--CuwrEi-FdGK71gxBHSW3yZItG0W_LetHgsZGVrD1AZI-00162.jpg": {"object_bounding_box": [185, 296, 659, 713], "object_presence": 1}, "P282--journal--clutter--CuwrEi-FdGK71gxBHSW3yZItG0W_LetHgsZGVrD1AZI-00163.jpg": {"object_bounding_box": [182, 290, 668, 719], "object_presence": 1}, "P282--journal--clutter--CuwrEi-FdGK71gxBHSW3yZItG0W_LetHgsZGVrD1AZI-00164.jpg": {"object_bounding_box": [177, 292, 675, 719], "object_presence": 1}, "P282--journal--clutter--CuwrEi-FdGK71gxBHSW3yZItG0W_LetHgsZGVrD1AZI-00165.jpg": {"object_bounding_box": [173, 292, 683, 723], "object_presence": 1}, "P282--journal--clutter--CuwrEi-FdGK71gxBHSW3yZItG0W_LetHgsZGVrD1AZI-00166.jpg": {"object_bounding_box": [169, 290, 689, 727], "object_presence": 1}, "P282--journal--clutter--CuwrEi-FdGK71gxBHSW3yZItG0W_LetHgsZGVrD1AZI-00167.jpg": {"object_bounding_box": [169, 286, 695, 731], "object_presence": 1}, "P282--journal--clutter--CuwrEi-FdGK71gxBHSW3yZItG0W_LetHgsZGVrD1AZI-00168.jpg": {"object_bounding_box": [168, 287, 698, 730], "object_presence": 1}, "P282--journal--clutter--CuwrEi-FdGK71gxBHSW3yZItG0W_LetHgsZGVrD1AZI-00169.jpg": {"object_bounding_box": [172, 292, 698, 728], "object_presence": 1}, "P282--journal--clutter--CuwrEi-FdGK71gxBHSW3yZItG0W_LetHgsZGVrD1AZI-00170.jpg": {"object_bounding_box": [170, 290, 703, 730], "object_presence": 1}, "P282--journal--clutter--CuwrEi-FdGK71gxBHSW3yZItG0W_LetHgsZGVrD1AZI-00171.jpg": {"object_bounding_box": [170, 290, 703, 730], "object_presence": 1}, "P282--journal--clutter--CuwrEi-FdGK71gxBHSW3yZItG0W_LetHgsZGVrD1AZI-00172.jpg": {"object_bounding_box": [173, 288, 704, 728], "object_presence": 1}, "P282--journal--clutter--CuwrEi-FdGK71gxBHSW3yZItG0W_LetHgsZGVrD1AZI-00173.jpg": {"object_bounding_box": [177, 292, 706, 727], "object_presence": 1}, "P282--journal--clutter--CuwrEi-FdGK71gxBHSW3yZItG0W_LetHgsZGVrD1AZI-00174.jpg": {"object_bounding_box": [177, 292, 708, 728], "object_presence": 1}, "P282--journal--clutter--CuwrEi-FdGK71gxBHSW3yZItG0W_LetHgsZGVrD1AZI-00175.jpg": {"object_bounding_box": [183, 293, 703, 731], "object_presence": 1}, "P282--journal--clutter--CuwrEi-FdGK71gxBHSW3yZItG0W_LetHgsZGVrD1AZI-00176.jpg": {"object_bounding_box": [183, 293, 707, 731], "object_presence": 1}, "P282--journal--clutter--CuwrEi-FdGK71gxBHSW3yZItG0W_LetHgsZGVrD1AZI-00177.jpg": {"object_bounding_box": [189, 299, 708, 734], "object_presence": 1}, "P282--journal--clutter--CuwrEi-FdGK71gxBHSW3yZItG0W_LetHgsZGVrD1AZI-00178.jpg": {"object_bounding_box": [191, 299, 706, 734], "object_presence": 1}, "P282--journal--clutter--CuwrEi-FdGK71gxBHSW3yZItG0W_LetHgsZGVrD1AZI-00179.jpg": {"object_bounding_box": [191, 299, 713, 734], "object_presence": 1}, "P282--journal--clutter--CuwrEi-FdGK71gxBHSW3yZItG0W_LetHgsZGVrD1AZI-00180.jpg": {"object_bounding_box": [202, 299, 709, 734], "object_presence": 1}, "P282--journal--clutter--CuwrEi-FdGK71gxBHSW3yZItG0W_LetHgsZGVrD1AZI-00181.jpg": {"object_bounding_box": [207, 299, 714, 734], "object_presence": 1}, "P282--journal--clutter--CuwrEi-FdGK71gxBHSW3yZItG0W_LetHgsZGVrD1AZI-00182.jpg": {"object_bounding_box": [211, 296, 711, 734], "object_presence": 1}, "P282--journal--clutter--CuwrEi-FdGK71gxBHSW3yZItG0W_LetHgsZGVrD1AZI-00183.jpg": {"object_bounding_box": [218, 296, 711, 737], "object_presence": 1}, "P282--journal--clutter--CuwrEi-FdGK71gxBHSW3yZItG0W_LetHgsZGVrD1AZI-00184.jpg": {"object_bounding_box": [222, 297, 715, 739], "object_presence": 1}, "P282--journal--clutter--CuwrEi-FdGK71gxBHSW3yZItG0W_LetHgsZGVrD1AZI-00185.jpg": {"object_bounding_box": [228, 297, 714, 739], "object_presence": 1}, "P282--journal--clutter--CuwrEi-FdGK71gxBHSW3yZItG0W_LetHgsZGVrD1AZI-00186.jpg": {"object_bounding_box": [231, 295, 717, 737], "object_presence": 1}, "P282--journal--clutter--CuwrEi-FdGK71gxBHSW3yZItG0W_LetHgsZGVrD1AZI-00187.jpg": {"object_bounding_box": [234, 291, 722, 739], "object_presence": 1}, "P282--journal--clutter--CuwrEi-FdGK71gxBHSW3yZItG0W_LetHgsZGVrD1AZI-00188.jpg": {"object_bounding_box": [234, 287, 720, 743], "object_presence": 1}, "P282--journal--clutter--CuwrEi-FdGK71gxBHSW3yZItG0W_LetHgsZGVrD1AZI-00189.jpg": {"object_bounding_box": [237, 284, 723, 745], "object_presence": 1}, "P282--journal--clutter--CuwrEi-FdGK71gxBHSW3yZItG0W_LetHgsZGVrD1AZI-00190.jpg": {"object_bounding_box": [240, 276, 723, 745], "object_presence": 1}, "P282--journal--clutter--CuwrEi-FdGK71gxBHSW3yZItG0W_LetHgsZGVrD1AZI-00191.jpg": {"object_bounding_box": [245, 269, 723, 745], "object_presence": 1}, "P282--journal--clutter--CuwrEi-FdGK71gxBHSW3yZItG0W_LetHgsZGVrD1AZI-00192.jpg": {"object_bounding_box": [247, 269, 723, 745], "object_presence": 1}, "P282--journal--clutter--CuwrEi-FdGK71gxBHSW3yZItG0W_LetHgsZGVrD1AZI-00193.jpg": {"object_bounding_box": [245, 269, 723, 745], "object_presence": 1}, "P282--journal--clutter--CuwrEi-FdGK71gxBHSW3yZItG0W_LetHgsZGVrD1AZI-00194.jpg": {"object_bounding_box": [245, 275, 719, 741], "object_presence": 1}, "P282--journal--clutter--CuwrEi-FdGK71gxBHSW3yZItG0W_LetHgsZGVrD1AZI-00195.jpg": {"object_bounding_box": [245, 276, 719, 745], "object_presence": 1}, "P282--journal--clutter--CuwrEi-FdGK71gxBHSW3yZItG0W_LetHgsZGVrD1AZI-00196.jpg": {"object_bounding_box": [241, 280, 720, 745], "object_presence": 1}, "P282--journal--clutter--CuwrEi-FdGK71gxBHSW3yZItG0W_LetHgsZGVrD1AZI-00197.jpg": {"object_bounding_box": [241, 284, 720, 740], "object_presence": 1}, "P282--journal--clutter--CuwrEi-FdGK71gxBHSW3yZItG0W_LetHgsZGVrD1AZI-00198.jpg": {"object_bounding_box": [241, 284, 720, 745], "object_presence": 1}, "P282--journal--clutter--CuwrEi-FdGK71gxBHSW3yZItG0W_LetHgsZGVrD1AZI-00199.jpg": {"object_bounding_box": [239, 287, 723, 745], "object_presence": 1}, "P282--journal--clutter--CuwrEi-FdGK71gxBHSW3yZItG0W_LetHgsZGVrD1AZI-00200.jpg": {"object_bounding_box": [238, 291, 723, 745], "object_presence": 1}, "P282--journal--clutter--CuwrEi-FdGK71gxBHSW3yZItG0W_LetHgsZGVrD1AZI-00201.jpg": {"object_bounding_box": [240, 295, 717, 745], "object_presence": 1}, "P282--journal--clutter--CuwrEi-FdGK71gxBHSW3yZItG0W_LetHgsZGVrD1AZI-00202.jpg": {"object_bounding_box": [240, 295, 723, 745], "object_presence": 1}, "P282--journal--clutter--CuwrEi-FdGK71gxBHSW3yZItG0W_LetHgsZGVrD1AZI-00203.jpg": {"object_bounding_box": [240, 295, 725, 745], "object_presence": 1}, "P282--journal--clutter--CuwrEi-FdGK71gxBHSW3yZItG0W_LetHgsZGVrD1AZI-00204.jpg": {"object_bounding_box": [244, 294, 730, 751], "object_presence": 1}, "P282--journal--clutter--CuwrEi-FdGK71gxBHSW3yZItG0W_LetHgsZGVrD1AZI-00205.jpg": {"object_bounding_box": [251, 290, 733, 756], "object_presence": 1}, "P282--journal--clutter--CuwrEi-FdGK71gxBHSW3yZItG0W_LetHgsZGVrD1AZI-00206.jpg": {"object_bounding_box": [256, 291, 733, 750], "object_presence": 1}, "P282--journal--clutter--CuwrEi-FdGK71gxBHSW3yZItG0W_LetHgsZGVrD1AZI-00207.jpg": {"object_bounding_box": [258, 289, 737, 751], "object_presence": 1}, "P282--journal--clutter--CuwrEi-FdGK71gxBHSW3yZItG0W_LetHgsZGVrD1AZI-00208.jpg": {"object_bounding_box": [258, 286, 740, 750], "object_presence": 1}, "P282--journal--clutter--CuwrEi-FdGK71gxBHSW3yZItG0W_LetHgsZGVrD1AZI-00209.jpg": {"object_bounding_box": [261, 281, 741, 753], "object_presence": 1}, "P282--journal--clutter--CuwrEi-FdGK71gxBHSW3yZItG0W_LetHgsZGVrD1AZI-00210.jpg": {"object_bounding_box": [263, 278, 741, 753], "object_presence": 1}, "P282--journal--clutter--CuwrEi-FdGK71gxBHSW3yZItG0W_LetHgsZGVrD1AZI-00211.jpg": {"object_bounding_box": [264, 278, 744, 752], "object_presence": 1}, "P282--journal--clutter--CuwrEi-FdGK71gxBHSW3yZItG0W_LetHgsZGVrD1AZI-00212.jpg": {"object_bounding_box": [264, 278, 744, 752], "object_presence": 1}, "P282--journal--clutter--CuwrEi-FdGK71gxBHSW3yZItG0W_LetHgsZGVrD1AZI-00213.jpg": {"object_bounding_box": [264, 278, 744, 752], "object_presence": 1}, "P282--journal--clutter--CuwrEi-FdGK71gxBHSW3yZItG0W_LetHgsZGVrD1AZI-00214.jpg": {"object_bounding_box": [263, 281, 747, 748], "object_presence": 1}, "P282--journal--clutter--CuwrEi-FdGK71gxBHSW3yZItG0W_LetHgsZGVrD1AZI-00215.jpg": {"object_bounding_box": [263, 284, 747, 748], "object_presence": 1}, "P282--journal--clutter--CuwrEi-FdGK71gxBHSW3yZItG0W_LetHgsZGVrD1AZI-00216.jpg": {"object_bounding_box": [263, 285, 747, 748], "object_presence": 1}, "P282--journal--clutter--CuwrEi-FdGK71gxBHSW3yZItG0W_LetHgsZGVrD1AZI-00217.jpg": {"object_bounding_box": [264, 287, 747, 743], "object_presence": 1}, "P282--journal--clutter--CuwrEi-FdGK71gxBHSW3yZItG0W_LetHgsZGVrD1AZI-00218.jpg": {"object_bounding_box": [263, 280, 747, 744], "object_presence": 1}, "P282--journal--clutter--CuwrEi-FdGK71gxBHSW3yZItG0W_LetHgsZGVrD1AZI-00219.jpg": {"object_bounding_box": [263, 275, 747, 744], "object_presence": 1}, "P282--journal--clutter--CuwrEi-FdGK71gxBHSW3yZItG0W_LetHgsZGVrD1AZI-00220.jpg": {"object_bounding_box": [264, 268, 747, 742], "object_presence": 1}, "P282--journal--clutter--CuwrEi-FdGK71gxBHSW3yZItG0W_LetHgsZGVrD1AZI-00221.jpg": {"object_bounding_box": [264, 264, 752, 745], "object_presence": 1}, "P282--journal--clutter--CuwrEi-FdGK71gxBHSW3yZItG0W_LetHgsZGVrD1AZI-00222.jpg": {"object_bounding_box": [270, 264, 742, 740], "object_presence": 1}, "P282--journal--clutter--CuwrEi-FdGK71gxBHSW3yZItG0W_LetHgsZGVrD1AZI-00223.jpg": {"object_bounding_box": [264, 270, 745, 740], "object_presence": 1}, "P282--journal--clutter--CuwrEi-FdGK71gxBHSW3yZItG0W_LetHgsZGVrD1AZI-00224.jpg": {"object_bounding_box": [258, 271, 745, 742], "object_presence": 1}, "P282--journal--clutter--CuwrEi-FdGK71gxBHSW3yZItG0W_LetHgsZGVrD1AZI-00225.jpg": {"object_bounding_box": [258, 265, 745, 741], "object_presence": 1}, "P282--journal--clutter--CuwrEi-FdGK71gxBHSW3yZItG0W_LetHgsZGVrD1AZI-00226.jpg": {"object_bounding_box": [262, 262, 745, 740], "object_presence": 1}, "P282--journal--clutter--CuwrEi-FdGK71gxBHSW3yZItG0W_LetHgsZGVrD1AZI-00227.jpg": {"object_bounding_box": [262, 267, 745, 736], "object_presence": 1}, "P282--journal--clutter--CuwrEi-FdGK71gxBHSW3yZItG0W_LetHgsZGVrD1AZI-00228.jpg": {"object_bounding_box": [257, 264, 745, 737], "object_presence": 1}, "P282--journal--clutter--CuwrEi-FdGK71gxBHSW3yZItG0W_LetHgsZGVrD1AZI-00229.jpg": {"object_bounding_box": [252, 265, 742, 735], "object_presence": 1}, "P282--journal--clutter--CuwrEi-FdGK71gxBHSW3yZItG0W_LetHgsZGVrD1AZI-00230.jpg": {"object_bounding_box": [242, 274, 745, 735], "object_presence": 1}, "P282--journal--clutter--CuwrEi-FdGK71gxBHSW3yZItG0W_LetHgsZGVrD1AZI-00231.jpg": {"object_bounding_box": [234, 290, 745, 729], "object_presence": 1}, "P282--journal--clutter--CuwrEi-FdGK71gxBHSW3yZItG0W_LetHgsZGVrD1AZI-00232.jpg": {"object_bounding_box": [227, 292, 745, 730], "object_presence": 1}, "P282--journal--clutter--CuwrEi-FdGK71gxBHSW3yZItG0W_LetHgsZGVrD1AZI-00233.jpg": {"object_bounding_box": [224, 292, 748, 730], "object_presence": 1}, "P282--journal--clutter--CuwrEi-FdGK71gxBHSW3yZItG0W_LetHgsZGVrD1AZI-00234.jpg": {"object_bounding_box": [229, 287, 745, 735], "object_presence": 1}, "P282--journal--clutter--CuwrEi-FdGK71gxBHSW3yZItG0W_LetHgsZGVrD1AZI-00235.jpg": {"object_bounding_box": [225, 285, 750, 723], "object_presence": 1}, "P282--journal--clutter--CuwrEi-FdGK71gxBHSW3yZItG0W_LetHgsZGVrD1AZI-00236.jpg": {"object_bounding_box": [227, 280, 753, 719], "object_presence": 1}, "P282--journal--clutter--CuwrEi-FdGK71gxBHSW3yZItG0W_LetHgsZGVrD1AZI-00237.jpg": {"object_bounding_box": [234, 276, 751, 714], "object_presence": 1}, "P282--journal--clutter--CuwrEi-FdGK71gxBHSW3yZItG0W_LetHgsZGVrD1AZI-00238.jpg": {"object_bounding_box": [239, 276, 751, 711], "object_presence": 1}, "P282--journal--clutter--CuwrEi-FdGK71gxBHSW3yZItG0W_LetHgsZGVrD1AZI-00239.jpg": {"object_bounding_box": [239, 271, 751, 705], "object_presence": 1}, "P282--journal--clutter--CuwrEi-FdGK71gxBHSW3yZItG0W_LetHgsZGVrD1AZI-00240.jpg": {"object_bounding_box": [239, 263, 751, 705], "object_presence": 1}, "P282--journal--clutter--CuwrEi-FdGK71gxBHSW3yZItG0W_LetHgsZGVrD1AZI-00241.jpg": {"object_bounding_box": [239, 249, 751, 705], "object_presence": 1}, "P282--journal--clutter--CuwrEi-FdGK71gxBHSW3yZItG0W_LetHgsZGVrD1AZI-00242.jpg": {"object_bounding_box": [233, 248, 751, 693], "object_presence": 1}, "P282--journal--clutter--CuwrEi-FdGK71gxBHSW3yZItG0W_LetHgsZGVrD1AZI-00243.jpg": {"object_bounding_box": [225, 248, 748, 695], "object_presence": 1}, "P282--journal--clutter--CuwrEi-FdGK71gxBHSW3yZItG0W_LetHgsZGVrD1AZI-00244.jpg": {"object_bounding_box": [227, 253, 748, 689], "object_presence": 1}, "P282--journal--clutter--CuwrEi-FdGK71gxBHSW3yZItG0W_LetHgsZGVrD1AZI-00245.jpg": {"object_bounding_box": [228, 258, 740, 681], "object_presence": 1}, "P282--journal--clutter--CuwrEi-FdGK71gxBHSW3yZItG0W_LetHgsZGVrD1AZI-00246.jpg": {"object_bounding_box": [224, 254, 743, 680], "object_presence": 1}, "P282--journal--clutter--CuwrEi-FdGK71gxBHSW3yZItG0W_LetHgsZGVrD1AZI-00247.jpg": {"object_bounding_box": [222, 251, 739, 678], "object_presence": 1}, "P282--journal--clutter--CuwrEi-FdGK71gxBHSW3yZItG0W_LetHgsZGVrD1AZI-00248.jpg": {"object_bounding_box": [222, 242, 738, 678], "object_presence": 1}, "P282--journal--clutter--CuwrEi-FdGK71gxBHSW3yZItG0W_LetHgsZGVrD1AZI-00249.jpg": {"object_bounding_box": [220, 231, 735, 678], "object_presence": 1}, "P282--journal--clutter--CuwrEi-FdGK71gxBHSW3yZItG0W_LetHgsZGVrD1AZI-00250.jpg": {"object_bounding_box": [214, 225, 737, 669], "object_presence": 1}, "P282--journal--clutter--CuwrEi-FdGK71gxBHSW3yZItG0W_LetHgsZGVrD1AZI-00251.jpg": {"object_bounding_box": [214, 218, 730, 673], "object_presence": 1}, "P282--journal--clutter--CuwrEi-FdGK71gxBHSW3yZItG0W_LetHgsZGVrD1AZI-00252.jpg": {"object_bounding_box": [214, 214, 730, 670], "object_presence": 1}, "P282--journal--clutter--CuwrEi-FdGK71gxBHSW3yZItG0W_LetHgsZGVrD1AZI-00253.jpg": {"object_bounding_box": [214, 208, 731, 670], "object_presence": 1}, "P282--journal--clutter--CuwrEi-FdGK71gxBHSW3yZItG0W_LetHgsZGVrD1AZI-00254.jpg": {"object_bounding_box": [223, 202, 726, 672], "object_presence": 1}, "P282--journal--clutter--CuwrEi-FdGK71gxBHSW3yZItG0W_LetHgsZGVrD1AZI-00255.jpg": {"object_bounding_box": [230, 193, 726, 673], "object_presence": 1}, "P282--journal--clutter--CuwrEi-FdGK71gxBHSW3yZItG0W_LetHgsZGVrD1AZI-00256.jpg": {"object_bounding_box": [233, 193, 729, 666], "object_presence": 1}, "P282--journal--clutter--CuwrEi-FdGK71gxBHSW3yZItG0W_LetHgsZGVrD1AZI-00257.jpg": {"object_bounding_box": [239, 192, 726, 666], "object_presence": 1}, "P282--journal--clutter--CuwrEi-FdGK71gxBHSW3yZItG0W_LetHgsZGVrD1AZI-00258.jpg": {"object_bounding_box": [246, 197, 724, 660], "object_presence": 1}, "P282--journal--clutter--CuwrEi-FdGK71gxBHSW3yZItG0W_LetHgsZGVrD1AZI-00259.jpg": {"object_bounding_box": [252, 206, 722, 656], "object_presence": 1}, "P282--journal--clutter--CuwrEi-FdGK71gxBHSW3yZItG0W_LetHgsZGVrD1AZI-00260.jpg": {"object_bounding_box": [261, 212, 722, 655], "object_presence": 1}, "P282--journal--clutter--CuwrEi-FdGK71gxBHSW3yZItG0W_LetHgsZGVrD1AZI-00261.jpg": {"object_bounding_box": [271, 223, 719, 656], "object_presence": 1}, "P282--journal--clutter--CuwrEi-FdGK71gxBHSW3yZItG0W_LetHgsZGVrD1AZI-00262.jpg": {"object_bounding_box": [278, 232, 722, 646], "object_presence": 1}, "P282--journal--clutter--CuwrEi-FdGK71gxBHSW3yZItG0W_LetHgsZGVrD1AZI-00263.jpg": {"object_bounding_box": [289, 241, 717, 641], "object_presence": 1}, "P282--journal--clutter--CuwrEi-FdGK71gxBHSW3yZItG0W_LetHgsZGVrD1AZI-00264.jpg": {"object_bounding_box": [300, 242, 716, 644], "object_presence": 1}, "P282--journal--clutter--CuwrEi-FdGK71gxBHSW3yZItG0W_LetHgsZGVrD1AZI-00265.jpg": {"object_bounding_box": [313, 247, 716, 638], "object_presence": 1}, "P282--journal--clutter--CuwrEi-FdGK71gxBHSW3yZItG0W_LetHgsZGVrD1AZI-00266.jpg": {"object_bounding_box": [328, 247, 716, 635], "object_presence": 1}, "P282--journal--clutter--CuwrEi-FdGK71gxBHSW3yZItG0W_LetHgsZGVrD1AZI-00267.jpg": {"object_bounding_box": [337, 258, 716, 625], "object_presence": 1}, "P282--journal--clutter--CuwrEi-FdGK71gxBHSW3yZItG0W_LetHgsZGVrD1AZI-00268.jpg": {"object_bounding_box": [345, 264, 713, 622], "object_presence": 1}, "P282--journal--clutter--CuwrEi-FdGK71gxBHSW3yZItG0W_LetHgsZGVrD1AZI-00269.jpg": {"object_bounding_box": [354, 275, 713, 613], "object_presence": 1}, "P282--journal--clutter--CuwrEi-FdGK71gxBHSW3yZItG0W_LetHgsZGVrD1AZI-00270.jpg": {"object_bounding_box": [361, 279, 711, 611], "object_presence": 1}, "P282--journal--clutter--CuwrEi-FdGK71gxBHSW3yZItG0W_LetHgsZGVrD1AZI-00271.jpg": {"object_bounding_box": [365, 285, 706, 595], "object_presence": 1}, "P282--journal--clutter--CuwrEi-FdGK71gxBHSW3yZItG0W_LetHgsZGVrD1AZI-00272.jpg": {"object_bounding_box": [367, 285, 703, 592], "object_presence": 1}, "P282--journal--clutter--CuwrEi-FdGK71gxBHSW3yZItG0W_LetHgsZGVrD1AZI-00273.jpg": {"object_bounding_box": [372, 285, 697, 584], "object_presence": 1}, "P282--journal--clutter--CuwrEi-FdGK71gxBHSW3yZItG0W_LetHgsZGVrD1AZI-00274.jpg": {"object_bounding_box": [370, 279, 695, 578], "object_presence": 1}, "P282--journal--clutter--CuwrEi-FdGK71gxBHSW3yZItG0W_LetHgsZGVrD1AZI-00275.jpg": {"object_bounding_box": [372, 275, 692, 572], "object_presence": 1}, "P282--journal--clutter--CuwrEi-FdGK71gxBHSW3yZItG0W_LetHgsZGVrD1AZI-00276.jpg": {"object_bounding_box": [368, 275, 691, 565], "object_presence": 1}, "P282--journal--clutter--CuwrEi-FdGK71gxBHSW3yZItG0W_LetHgsZGVrD1AZI-00277.jpg": {"object_bounding_box": [362, 269, 694, 564], "object_presence": 1}, "P282--journal--clutter--CuwrEi-FdGK71gxBHSW3yZItG0W_LetHgsZGVrD1AZI-00278.jpg": {"object_bounding_box": [358, 263, 690, 567], "object_presence": 1}, "P282--journal--clutter--CuwrEi-FdGK71gxBHSW3yZItG0W_LetHgsZGVrD1AZI-00279.jpg": {"object_bounding_box": [346, 263, 689, 566], "object_presence": 1}, "P282--journal--clutter--CuwrEi-FdGK71gxBHSW3yZItG0W_LetHgsZGVrD1AZI-00280.jpg": {"object_bounding_box": [339, 268, 687, 566], "object_presence": 1}, "P282--journal--clutter--CuwrEi-FdGK71gxBHSW3yZItG0W_LetHgsZGVrD1AZI-00281.jpg": {"object_bounding_box": [333, 274, 681, 568], "object_presence": 1}, "P282--journal--clutter--CuwrEi-FdGK71gxBHSW3yZItG0W_LetHgsZGVrD1AZI-00282.jpg": {"object_bounding_box": [320, 276, 686, 566], "object_presence": 1}, "P282--journal--clutter--CuwrEi-FdGK71gxBHSW3yZItG0W_LetHgsZGVrD1AZI-00283.jpg": {"object_bounding_box": [314, 270, 692, 571], "object_presence": 1}, "P282--journal--clutter--CuwrEi-FdGK71gxBHSW3yZItG0W_LetHgsZGVrD1AZI-00284.jpg": {"object_bounding_box": [300, 260, 698, 569], "object_presence": 1}, "P282--journal--clutter--CuwrEi-FdGK71gxBHSW3yZItG0W_LetHgsZGVrD1AZI-00285.jpg": {"object_bounding_box": [292, 245, 697, 572], "object_presence": 1}, "P282--journal--clutter--CuwrEi-FdGK71gxBHSW3yZItG0W_LetHgsZGVrD1AZI-00286.jpg": {"object_bounding_box": [279, 229, 697, 575], "object_presence": 1}, "P282--journal--clutter--CuwrEi-FdGK71gxBHSW3yZItG0W_LetHgsZGVrD1AZI-00287.jpg": {"object_bounding_box": [266, 228, 697, 574], "object_presence": 1}, "P282--journal--clutter--CuwrEi-FdGK71gxBHSW3yZItG0W_LetHgsZGVrD1AZI-00288.jpg": {"object_bounding_box": [255, 224, 700, 574], "object_presence": 1}, "P282--journal--clutter--CuwrEi-FdGK71gxBHSW3yZItG0W_LetHgsZGVrD1AZI-00289.jpg": {"object_bounding_box": [245, 226, 694, 572], "object_presence": 1}, "P282--journal--clutter--CuwrEi-FdGK71gxBHSW3yZItG0W_LetHgsZGVrD1AZI-00290.jpg": {"object_bounding_box": [244, 231, 690, 572], "object_presence": 1}, "P282--journal--clutter--CuwrEi-FdGK71gxBHSW3yZItG0W_LetHgsZGVrD1AZI-00291.jpg": {"object_bounding_box": [244, 236, 687, 568], "object_presence": 1}, "P282--journal--clutter--CuwrEi-FdGK71gxBHSW3yZItG0W_LetHgsZGVrD1AZI-00292.jpg": {"object_bounding_box": [250, 232, 687, 567], "object_presence": 1}, "P282--journal--clutter--CuwrEi-FdGK71gxBHSW3yZItG0W_LetHgsZGVrD1AZI-00293.jpg": {"object_bounding_box": [256, 232, 687, 565], "object_presence": 1}, "P282--journal--clutter--CuwrEi-FdGK71gxBHSW3yZItG0W_LetHgsZGVrD1AZI-00294.jpg": {"object_bounding_box": [258, 239, 678, 557], "object_presence": 1}, "P282--journal--clutter--CuwrEi-FdGK71gxBHSW3yZItG0W_LetHgsZGVrD1AZI-00295.jpg": {"object_bounding_box": [258, 243, 679, 552], "object_presence": 1}, "P282--journal--clutter--CuwrEi-FdGK71gxBHSW3yZItG0W_LetHgsZGVrD1AZI-00296.jpg": {"object_bounding_box": [262, 244, 674, 548], "object_presence": 1}, "P282--journal--clutter--CuwrEi-FdGK71gxBHSW3yZItG0W_LetHgsZGVrD1AZI-00297.jpg": {"object_bounding_box": [267, 242, 668, 546], "object_presence": 1}, "P282--journal--clutter--CuwrEi-FdGK71gxBHSW3yZItG0W_LetHgsZGVrD1AZI-00298.jpg": {"object_bounding_box": [264, 242, 675, 536], "object_presence": 1}, "P282--journal--clutter--CuwrEi-FdGK71gxBHSW3yZItG0W_LetHgsZGVrD1AZI-00299.jpg": {"object_bounding_box": [269, 241, 660, 531], "object_presence": 1}, "P282--journal--clutter--CuwrEi-FdGK71gxBHSW3yZItG0W_LetHgsZGVrD1AZI-00300.jpg": {"object_bounding_box": [264, 235, 660, 519], "object_presence": 1}, "P282--journal--clutter--CuwrEi-FdGK71gxBHSW3yZItG0W_LetHgsZGVrD1AZI-00301.jpg": {"object_bounding_box": [258, 229, 664, 519], "object_presence": 1}, "P282--journal--clutter--CuwrEi-FdGK71gxBHSW3yZItG0W_LetHgsZGVrD1AZI-00302.jpg": {"object_bounding_box": [250, 229, 655, 514], "object_presence": 1}, "P282--journal--clutter--CuwrEi-FdGK71gxBHSW3yZItG0W_LetHgsZGVrD1AZI-00303.jpg": {"object_bounding_box": [240, 228, 661, 505], "object_presence": 1}, "P282--journal--clutter--CuwrEi-FdGK71gxBHSW3yZItG0W_LetHgsZGVrD1AZI-00304.jpg": {"object_bounding_box": [231, 219, 646, 505], "object_presence": 1}, "P282--journal--clutter--CuwrEi-FdGK71gxBHSW3yZItG0W_LetHgsZGVrD1AZI-00305.jpg": {"object_bounding_box": [225, 220, 645, 502], "object_presence": 1}, "P282--journal--clutter--CuwrEi-FdGK71gxBHSW3yZItG0W_LetHgsZGVrD1AZI-00306.jpg": {"object_bounding_box": [220, 226, 640, 496], "object_presence": 1}, "P282--journal--clutter--CuwrEi-FdGK71gxBHSW3yZItG0W_LetHgsZGVrD1AZI-00307.jpg": {"object_bounding_box": [213, 232, 642, 490], "object_presence": 1}, "P282--journal--clutter--CuwrEi-FdGK71gxBHSW3yZItG0W_LetHgsZGVrD1AZI-00308.jpg": {"object_bounding_box": [212, 236, 634, 490], "object_presence": 1}, "P282--journal--clutter--CuwrEi-FdGK71gxBHSW3yZItG0W_LetHgsZGVrD1AZI-00309.jpg": {"object_bounding_box": [209, 233, 632, 486], "object_presence": 1}, "P282--journal--clutter--CuwrEi-FdGK71gxBHSW3yZItG0W_LetHgsZGVrD1AZI-00310.jpg": {"object_bounding_box": [209, 229, 632, 484], "object_presence": 1}, "P282--journal--clutter--CuwrEi-FdGK71gxBHSW3yZItG0W_LetHgsZGVrD1AZI-00311.jpg": {"object_bounding_box": [212, 231, 630, 482], "object_presence": 1}, "P282--journal--clutter--CuwrEi-FdGK71gxBHSW3yZItG0W_LetHgsZGVrD1AZI-00312.jpg": {"object_bounding_box": [213, 234, 629, 478], "object_presence": 1}, "P282--journal--clutter--CuwrEi-FdGK71gxBHSW3yZItG0W_LetHgsZGVrD1AZI-00313.jpg": {"object_bounding_box": [219, 234, 625, 476], "object_presence": 1}, "P282--journal--clutter--CuwrEi-FdGK71gxBHSW3yZItG0W_LetHgsZGVrD1AZI-00314.jpg": {"object_bounding_box": [218, 236, 623, 473], "object_presence": 1}, "P282--journal--clutter--CuwrEi-FdGK71gxBHSW3yZItG0W_LetHgsZGVrD1AZI-00315.jpg": {"object_bounding_box": [221, 238, 618, 470], "object_presence": 1}, "P282--journal--clutter--CuwrEi-FdGK71gxBHSW3yZItG0W_LetHgsZGVrD1AZI-00316.jpg": {"object_bounding_box": [220, 243, 616, 468], "object_presence": 1}, "P282--journal--clutter--CuwrEi-FdGK71gxBHSW3yZItG0W_LetHgsZGVrD1AZI-00317.jpg": {"object_bounding_box": [223, 251, 611, 461], "object_presence": 1}, "P282--journal--clutter--CuwrEi-FdGK71gxBHSW3yZItG0W_LetHgsZGVrD1AZI-00318.jpg": {"object_bounding_box": [224, 258, 610, 456], "object_presence": 1}, "P282--journal--clutter--CuwrEi-FdGK71gxBHSW3yZItG0W_LetHgsZGVrD1AZI-00319.jpg": {"object_bounding_box": [229, 260, 607, 451], "object_presence": 1}, "P282--journal--clutter--CuwrEi-FdGK71gxBHSW3yZItG0W_LetHgsZGVrD1AZI-00320.jpg": {"object_bounding_box": [236, 260, 600, 450], "object_presence": 1}, "P282--journal--clutter--CuwrEi-FdGK71gxBHSW3yZItG0W_LetHgsZGVrD1AZI-00321.jpg": {"object_bounding_box": [240, 256, 600, 452], "object_presence": 1}, "P282--journal--clutter--CuwrEi-FdGK71gxBHSW3yZItG0W_LetHgsZGVrD1AZI-00322.jpg": {"object_bounding_box": [243, 256, 601, 454], "object_presence": 1}, "P282--journal--clutter--CuwrEi-FdGK71gxBHSW3yZItG0W_LetHgsZGVrD1AZI-00323.jpg": {"object_bounding_box": [247, 256, 600, 454], "object_presence": 1}, "P282--journal--clutter--CuwrEi-FdGK71gxBHSW3yZItG0W_LetHgsZGVrD1AZI-00324.jpg": {"object_bounding_box": [251, 251, 600, 454], "object_presence": 1}, "P282--journal--clutter--CuwrEi-FdGK71gxBHSW3yZItG0W_LetHgsZGVrD1AZI-00325.jpg": {"object_bounding_box": [253, 248, 600, 454], "object_presence": 1}, "P282--journal--clutter--CuwrEi-FdGK71gxBHSW3yZItG0W_LetHgsZGVrD1AZI-00326.jpg": {"object_bounding_box": [254, 247, 600, 451], "object_presence": 1}, "P282--journal--clutter--CuwrEi-FdGK71gxBHSW3yZItG0W_LetHgsZGVrD1AZI-00327.jpg": {"object_bounding_box": [248, 243, 605, 455], "object_presence": 1}, "P282--journal--clutter--CuwrEi-FdGK71gxBHSW3yZItG0W_LetHgsZGVrD1AZI-00328.jpg": {"object_bounding_box": [245, 237, 603, 463], "object_presence": 1}, "P282--journal--clutter--CuwrEi-FdGK71gxBHSW3yZItG0W_LetHgsZGVrD1AZI-00329.jpg": {"object_bounding_box": [242, 237, 603, 462], "object_presence": 1}, "P282--journal--clutter--CuwrEi-FdGK71gxBHSW3yZItG0W_LetHgsZGVrD1AZI-00330.jpg": {"object_bounding_box": [238, 233, 603, 469], "object_presence": 1}, "P282--journal--clutter--CuwrEi-FdGK71gxBHSW3yZItG0W_LetHgsZGVrD1AZI-00331.jpg": {"object_bounding_box": [238, 233, 602, 471], "object_presence": 1}, "P282--journal--clutter--CuwrEi-FdGK71gxBHSW3yZItG0W_LetHgsZGVrD1AZI-00332.jpg": {"object_bounding_box": [236, 228, 603, 476], "object_presence": 1}, "P282--journal--clutter--CuwrEi-FdGK71gxBHSW3yZItG0W_LetHgsZGVrD1AZI-00333.jpg": {"object_bounding_box": [236, 230, 603, 476], "object_presence": 1}, "P282--journal--clutter--CuwrEi-FdGK71gxBHSW3yZItG0W_LetHgsZGVrD1AZI-00334.jpg": {"object_bounding_box": [237, 229, 603, 481], "object_presence": 1}, "P282--journal--clutter--CuwrEi-FdGK71gxBHSW3yZItG0W_LetHgsZGVrD1AZI-00335.jpg": {"object_bounding_box": [238, 231, 602, 487], "object_presence": 1}, "P282--journal--clutter--CuwrEi-FdGK71gxBHSW3yZItG0W_LetHgsZGVrD1AZI-00336.jpg": {"object_bounding_box": [243, 240, 606, 493], "object_presence": 1}, "P282--journal--clutter--CuwrEi-FdGK71gxBHSW3yZItG0W_LetHgsZGVrD1AZI-00337.jpg": {"object_bounding_box": [260, 248, 599, 502], "object_presence": 1}, "P282--journal--clutter--CuwrEi-FdGK71gxBHSW3yZItG0W_LetHgsZGVrD1AZI-00338.jpg": {"object_bounding_box": [280, 250, 607, 509], "object_presence": 1}, "P282--journal--clutter--CuwrEi-FdGK71gxBHSW3yZItG0W_LetHgsZGVrD1AZI-00339.jpg": {"object_bounding_box": [296, 235, 617, 508], "object_presence": 1}, "P282--journal--clutter--CuwrEi-FdGK71gxBHSW3yZItG0W_LetHgsZGVrD1AZI-00340.jpg": {"object_bounding_box": [297, 225, 633, 518], "object_presence": 1}, "P282--journal--clutter--CuwrEi-FdGK71gxBHSW3yZItG0W_LetHgsZGVrD1AZI-00341.jpg": {"object_bounding_box": [285, 251, 634, 518], "object_presence": 1}, "P282--journal--clutter--CuwrEi-FdGK71gxBHSW3yZItG0W_LetHgsZGVrD1AZI-00342.jpg": {"object_bounding_box": [281, 276, 635, 525], "object_presence": 1}, "P282--journal--clutter--CuwrEi-FdGK71gxBHSW3yZItG0W_LetHgsZGVrD1AZI-00343.jpg": {"object_bounding_box": [273, 294, 643, 533], "object_presence": 1}, "P282--journal--clutter--CuwrEi-FdGK71gxBHSW3yZItG0W_LetHgsZGVrD1AZI-00344.jpg": {"object_bounding_box": [268, 306, 643, 539], "object_presence": 1}, "P282--journal--clutter--CuwrEi-FdGK71gxBHSW3yZItG0W_LetHgsZGVrD1AZI-00345.jpg": {"object_bounding_box": [261, 302, 644, 543], "object_presence": 1}, "P282--journal--clutter--CuwrEi-FdGK71gxBHSW3yZItG0W_LetHgsZGVrD1AZI-00346.jpg": {"object_bounding_box": [242, 287, 643, 546], "object_presence": 1}, "P282--journal--clutter--CuwrEi-FdGK71gxBHSW3yZItG0W_LetHgsZGVrD1AZI-00347.jpg": {"object_bounding_box": [249, 302, 641, 541], "object_presence": 1}, "P282--journal--clutter--CuwrEi-FdGK71gxBHSW3yZItG0W_LetHgsZGVrD1AZI-00348.jpg": {"object_bounding_box": [257, 309, 644, 548], "object_presence": 1}, "P282--journal--clutter--CuwrEi-FdGK71gxBHSW3yZItG0W_LetHgsZGVrD1AZI-00349.jpg": {"object_bounding_box": [262, 300, 651, 553], "object_presence": 1}, "P282--journal--clutter--CuwrEi-FdGK71gxBHSW3yZItG0W_LetHgsZGVrD1AZI-00350.jpg": {"object_bounding_box": [275, 289, 651, 560], "object_presence": 1}, "P282--journal--clutter--CuwrEi-FdGK71gxBHSW3yZItG0W_LetHgsZGVrD1AZI-00351.jpg": {"object_bounding_box": [285, 275, 658, 564], "object_presence": 1}, "P282--journal--clutter--CuwrEi-FdGK71gxBHSW3yZItG0W_LetHgsZGVrD1AZI-00352.jpg": {"object_bounding_box": [313, 262, 648, 561], "object_presence": 1}, "P282--journal--clutter--CuwrEi-FdGK71gxBHSW3yZItG0W_LetHgsZGVrD1AZI-00353.jpg": {"object_bounding_box": [332, 231, 660, 568], "object_presence": 1}, "P282--journal--clutter--CuwrEi-FdGK71gxBHSW3yZItG0W_LetHgsZGVrD1AZI-00354.jpg": {"object_bounding_box": [342, 204, 676, 588], "object_presence": 1}, "P282--journal--clutter--CuwrEi-FdGK71gxBHSW3yZItG0W_LetHgsZGVrD1AZI-00355.jpg": {"object_bounding_box": [367, 244, 669, 564], "object_presence": 1}, "P282--journal--clutter--CuwrEi-FdGK71gxBHSW3yZItG0W_LetHgsZGVrD1AZI-00356.jpg": {"object_bounding_box": [387, 290, 662, 565], "object_presence": 1}, "P282--journal--clutter--CuwrEi-FdGK71gxBHSW3yZItG0W_LetHgsZGVrD1AZI-00357.jpg": {"object_bounding_box": [407, 302, 673, 605], "object_presence": 1}, "P282--journal--clutter--CuwrEi-FdGK71gxBHSW3yZItG0W_LetHgsZGVrD1AZI-00358.jpg": {"object_bounding_box": [416, 282, 664, 613], "object_presence": 1}, "P282--journal--clutter--CuwrEi-FdGK71gxBHSW3yZItG0W_LetHgsZGVrD1AZI-00359.jpg": {"object_bounding_box": [416, 267, 664, 624], "object_presence": 1}, "P282--journal--clutter--CuwrEi-FdGK71gxBHSW3yZItG0W_LetHgsZGVrD1AZI-00360.jpg": {"object_bounding_box": [407, 278, 673, 634], "object_presence": 1}, "P282--journal--clutter--CuwrEi-FdGK71gxBHSW3yZItG0W_LetHgsZGVrD1AZI-00361.jpg": {"object_bounding_box": [388, 279, 692, 638], "object_presence": 1}, "P282--journal--clutter--CuwrEi-FdGK71gxBHSW3yZItG0W_LetHgsZGVrD1AZI-00362.jpg": {"object_bounding_box": [364, 279, 713, 647], "object_presence": 1}, "P282--journal--clutter--CuwrEi-FdGK71gxBHSW3yZItG0W_LetHgsZGVrD1AZI-00363.jpg": {"object_bounding_box": [346, 284, 717, 651], "object_presence": 1}, "P282--journal--clutter--CuwrEi-FdGK71gxBHSW3yZItG0W_LetHgsZGVrD1AZI-00364.jpg": {"object_bounding_box": [346, 284, 710, 651], "object_presence": 1}, "P282--journal--clutter--CuwrEi-FdGK71gxBHSW3yZItG0W_LetHgsZGVrD1AZI-00365.jpg": {"object_bounding_box": [339, 286, 716, 659], "object_presence": 1}, "P282--journal--clutter--CuwrEi-FdGK71gxBHSW3yZItG0W_LetHgsZGVrD1AZI-00366.jpg": {"object_bounding_box": [333, 285, 719, 659], "object_presence": 1}, "P282--journal--clutter--CuwrEi-FdGK71gxBHSW3yZItG0W_LetHgsZGVrD1AZI-00367.jpg": {"object_bounding_box": [320, 280, 719, 664], "object_presence": 1}, "P282--journal--clutter--CuwrEi-FdGK71gxBHSW3yZItG0W_LetHgsZGVrD1AZI-00368.jpg": {"object_bounding_box": [315, 271, 721, 676], "object_presence": 1}, "P282--journal--clutter--CuwrEi-FdGK71gxBHSW3yZItG0W_LetHgsZGVrD1AZI-00369.jpg": {"object_bounding_box": [311, 270, 721, 672], "object_presence": 1}, "P282--journal--clutter--CuwrEi-FdGK71gxBHSW3yZItG0W_LetHgsZGVrD1AZI-00370.jpg": {"object_bounding_box": [312, 267, 722, 679], "object_presence": 1}, "P282--journal--clutter--CuwrEi-FdGK71gxBHSW3yZItG0W_LetHgsZGVrD1AZI-00371.jpg": {"object_bounding_box": [316, 253, 720, 689], "object_presence": 1}, "P282--journal--clutter--CuwrEi-FdGK71gxBHSW3yZItG0W_LetHgsZGVrD1AZI-00372.jpg": {"object_bounding_box": [318, 247, 726, 689], "object_presence": 1}, "P282--journal--clutter--CuwrEi-FdGK71gxBHSW3yZItG0W_LetHgsZGVrD1AZI-00373.jpg": {"object_bounding_box": [323, 249, 727, 688], "object_presence": 1}, "P282--journal--clutter--CuwrEi-FdGK71gxBHSW3yZItG0W_LetHgsZGVrD1AZI-00374.jpg": {"object_bounding_box": [328, 253, 731, 691], "object_presence": 1}, "P282--journal--clutter--CuwrEi-FdGK71gxBHSW3yZItG0W_LetHgsZGVrD1AZI-00375.jpg": {"object_bounding_box": [324, 243, 733, 700], "object_presence": 1}, "P282--journal--clutter--CuwrEi-FdGK71gxBHSW3yZItG0W_LetHgsZGVrD1AZI-00376.jpg": {"object_bounding_box": [301, 234, 733, 708], "object_presence": 1}, "P282--journal--clutter--CuwrEi-FdGK71gxBHSW3yZItG0W_LetHgsZGVrD1AZI-00377.jpg": {"object_bounding_box": [294, 226, 736, 716], "object_presence": 1}, "P282--journal--clutter--CuwrEi-FdGK71gxBHSW3yZItG0W_LetHgsZGVrD1AZI-00378.jpg": {"object_bounding_box": [285, 215, 740, 719], "object_presence": 1}, "P282--journal--clutter--CuwrEi-FdGK71gxBHSW3yZItG0W_LetHgsZGVrD1AZI-00379.jpg": {"object_bounding_box": [270, 212, 743, 722], "object_presence": 1}, "P282--journal--clutter--CuwrEi-FdGK71gxBHSW3yZItG0W_LetHgsZGVrD1AZI-00380.jpg": {"object_bounding_box": [263, 200, 741, 731], "object_presence": 1}, "P282--journal--clutter--CuwrEi-FdGK71gxBHSW3yZItG0W_LetHgsZGVrD1AZI-00381.jpg": {"object_bounding_box": [263, 203, 738, 727], "object_presence": 1}, "P282--journal--clutter--CuwrEi-FdGK71gxBHSW3yZItG0W_LetHgsZGVrD1AZI-00382.jpg": {"object_bounding_box": [260, 197, 741, 740], "object_presence": 1}, "P282--journal--clutter--CuwrEi-FdGK71gxBHSW3yZItG0W_LetHgsZGVrD1AZI-00383.jpg": {"object_bounding_box": [260, 191, 742, 746], "object_presence": 1}, "P282--journal--clutter--CuwrEi-FdGK71gxBHSW3yZItG0W_LetHgsZGVrD1AZI-00384.jpg": {"object_bounding_box": [264, 192, 739, 745], "object_presence": 1}, "P282--journal--clutter--CuwrEi-FdGK71gxBHSW3yZItG0W_LetHgsZGVrD1AZI-00385.jpg": {"object_bounding_box": [271, 199, 739, 744], "object_presence": 1}, "P282--journal--clutter--CuwrEi-FdGK71gxBHSW3yZItG0W_LetHgsZGVrD1AZI-00386.jpg": {"object_bounding_box": [281, 193, 737, 752], "object_presence": 1}, "P282--journal--clutter--CuwrEi-FdGK71gxBHSW3yZItG0W_LetHgsZGVrD1AZI-00387.jpg": {"object_bounding_box": [294, 193, 737, 757], "object_presence": 1}, "P282--journal--clutter--CuwrEi-FdGK71gxBHSW3yZItG0W_LetHgsZGVrD1AZI-00388.jpg": {"object_bounding_box": [291, 196, 737, 758], "object_presence": 1}, "P282--journal--clutter--CuwrEi-FdGK71gxBHSW3yZItG0W_LetHgsZGVrD1AZI-00389.jpg": {"object_bounding_box": [294, 203, 733, 758], "object_presence": 1}, "P282--journal--clutter--CuwrEi-FdGK71gxBHSW3yZItG0W_LetHgsZGVrD1AZI-00390.jpg": {"object_bounding_box": [304, 211, 731, 759], "object_presence": 1}, "P282--journal--clutter--CuwrEi-FdGK71gxBHSW3yZItG0W_LetHgsZGVrD1AZI-00391.jpg": {"object_bounding_box": [309, 203, 733, 772], "object_presence": 1}, "P282--journal--clutter--CuwrEi-FdGK71gxBHSW3yZItG0W_LetHgsZGVrD1AZI-00392.jpg": {"object_bounding_box": [316, 209, 731, 770], "object_presence": 1}, "P282--journal--clutter--CuwrEi-FdGK71gxBHSW3yZItG0W_LetHgsZGVrD1AZI-00393.jpg": {"object_bounding_box": [332, 218, 718, 771], "object_presence": 1}, "P282--journal--clutter--CuwrEi-FdGK71gxBHSW3yZItG0W_LetHgsZGVrD1AZI-00394.jpg": {"object_bounding_box": [328, 217, 721, 772], "object_presence": 1}, "P282--journal--clutter--CuwrEi-FdGK71gxBHSW3yZItG0W_LetHgsZGVrD1AZI-00395.jpg": {"object_bounding_box": [328, 227, 723, 769], "object_presence": 1}, "P282--journal--clutter--CuwrEi-FdGK71gxBHSW3yZItG0W_LetHgsZGVrD1AZI-00396.jpg": {"object_bounding_box": [329, 239, 712, 769], "object_presence": 1}, "P282--journal--clutter--CuwrEi-FdGK71gxBHSW3yZItG0W_LetHgsZGVrD1AZI-00397.jpg": {"object_bounding_box": [331, 263, 706, 769], "object_presence": 1}, "P282--journal--clutter--CuwrEi-FdGK71gxBHSW3yZItG0W_LetHgsZGVrD1AZI-00398.jpg": {"object_bounding_box": [322, 274, 706, 769], "object_presence": 1}, "P282--journal--clutter--CuwrEi-FdGK71gxBHSW3yZItG0W_LetHgsZGVrD1AZI-00399.jpg": {"object_bounding_box": [322, 274, 697, 769], "object_presence": 1}, "P282--journal--clutter--CuwrEi-FdGK71gxBHSW3yZItG0W_LetHgsZGVrD1AZI-00400.jpg": {"object_bounding_box": [347, 288, 688, 769], "object_presence": 1}, "P282--journal--clutter--CuwrEi-FdGK71gxBHSW3yZItG0W_LetHgsZGVrD1AZI-00401.jpg": {"object_bounding_box": [353, 298, 680, 769], "object_presence": 1}, "P282--journal--clutter--CuwrEi-FdGK71gxBHSW3yZItG0W_LetHgsZGVrD1AZI-00402.jpg": {"object_bounding_box": [361, 315, 670, 757], "object_presence": 1}, "P282--journal--clutter--CuwrEi-FdGK71gxBHSW3yZItG0W_LetHgsZGVrD1AZI-00403.jpg": {"object_bounding_box": [370, 327, 660, 753], "object_presence": 1}, "P282--journal--clutter--CuwrEi-FdGK71gxBHSW3yZItG0W_LetHgsZGVrD1AZI-00404.jpg": {"object_bounding_box": [382, 341, 653, 739], "object_presence": 1}, "P282--journal--clutter--CuwrEi-FdGK71gxBHSW3yZItG0W_LetHgsZGVrD1AZI-00405.jpg": {"object_bounding_box": [402, 365, 638, 715], "object_presence": 1}, "P282--journal--clutter--CuwrEi-FdGK71gxBHSW3yZItG0W_LetHgsZGVrD1AZI-00406.jpg": {"object_bounding_box": [393, 369, 637, 711], "object_presence": 1}, "P282--journal--clutter--CuwrEi-FdGK71gxBHSW3yZItG0W_LetHgsZGVrD1AZI-00407.jpg": {"object_bounding_box": [392, 377, 638, 703], "object_presence": 1}, "P282--journal--clutter--CuwrEi-FdGK71gxBHSW3yZItG0W_LetHgsZGVrD1AZI-00408.jpg": {"object_bounding_box": [397, 380, 616, 700], "object_presence": 1}, "P282--journal--clutter--CuwrEi-FdGK71gxBHSW3yZItG0W_LetHgsZGVrD1AZI-00409.jpg": {"object_bounding_box": [396, 380, 614, 700], "object_presence": 1}, "P282--journal--clutter--CuwrEi-FdGK71gxBHSW3yZItG0W_LetHgsZGVrD1AZI-00410.jpg": {"object_bounding_box": [401, 380, 606, 700], "object_presence": 1}, "P282--journal--clutter--CuwrEi-FdGK71gxBHSW3yZItG0W_LetHgsZGVrD1AZI-00411.jpg": {"object_bounding_box": [411, 380, 600, 700], "object_presence": 1}, "P282--journal--clutter--CuwrEi-FdGK71gxBHSW3yZItG0W_LetHgsZGVrD1AZI-00412.jpg": {"object_bounding_box": [428, 376, 586, 704], "object_presence": 1}, "P282--journal--clutter--CuwrEi-FdGK71gxBHSW3yZItG0W_LetHgsZGVrD1AZI-00413.jpg": {"object_bounding_box": [439, 371, 578, 709], "object_presence": 1}, "P282--journal--clutter--CuwrEi-FdGK71gxBHSW3yZItG0W_LetHgsZGVrD1AZI-00414.jpg": {"object_bounding_box": [455, 365, 563, 706], "object_presence": 1}, "P282--journal--clutter--CuwrEi-FdGK71gxBHSW3yZItG0W_LetHgsZGVrD1AZI-00415.jpg": {"object_bounding_box": [460, 360, 560, 699], "object_presence": 1}, "P282--journal--clutter--CuwrEi-FdGK71gxBHSW3yZItG0W_LetHgsZGVrD1AZI-00416.jpg": {"object_bounding_box": [469, 355, 547, 694], "object_presence": 1}, "P282--journal--clutter--CuwrEi-FdGK71gxBHSW3yZItG0W_LetHgsZGVrD1AZI-00417.jpg": {"object_bounding_box": [471, 355, 538, 682], "object_presence": 1}, "P282--journal--clutter--CuwrEi-FdGK71gxBHSW3yZItG0W_LetHgsZGVrD1AZI-00418.jpg": {"object_bounding_box": [473, 353, 525, 681], "object_presence": 1}, "P282--journal--clutter--CuwrEi-FdGK71gxBHSW3yZItG0W_LetHgsZGVrD1AZI-00419.jpg": {"object_bounding_box": [468, 352, 517, 676], "object_presence": 1}, "P282--journal--clutter--CuwrEi-FdGK71gxBHSW3yZItG0W_LetHgsZGVrD1AZI-00420.jpg": {"object_bounding_box": [468, 348, 510, 670], "object_presence": 1}, "P282--journal--clutter--CuwrEi-FdGK71gxBHSW3yZItG0W_LetHgsZGVrD1AZI-00421.jpg": {"object_bounding_box": [471, 348, 506, 664], "object_presence": 1}, "P282--journal--clutter--CuwrEi-FdGK71gxBHSW3yZItG0W_LetHgsZGVrD1AZI-00422.jpg": {"object_bounding_box": [477, 351, 502, 661], "object_presence": 1}, "P282--journal--clutter--CuwrEi-FdGK71gxBHSW3yZItG0W_LetHgsZGVrD1AZI-00423.jpg": {"object_bounding_box": [483, 357, 491, 653], "object_presence": 1}, "P282--journal--clutter--CuwrEi-FdGK71gxBHSW3yZItG0W_LetHgsZGVrD1AZI-00424.jpg": {"object_bounding_box": [489, 366, 486, 650], "object_presence": 1}, "P282--journal--clutter--CuwrEi-FdGK71gxBHSW3yZItG0W_LetHgsZGVrD1AZI-00425.jpg": {"object_bounding_box": [489, 374, 480, 644], "object_presence": 1}, "P282--journal--clutter--CuwrEi-FdGK71gxBHSW3yZItG0W_LetHgsZGVrD1AZI-00426.jpg": {"object_bounding_box": [482, 380, 472, 638], "object_presence": 1}, "P282--journal--clutter--CuwrEi-FdGK71gxBHSW3yZItG0W_LetHgsZGVrD1AZI-00427.jpg": {"object_bounding_box": [476, 385, 462, 635], "object_presence": 1}, "P282--journal--clutter--CuwrEi-FdGK71gxBHSW3yZItG0W_LetHgsZGVrD1AZI-00428.jpg": {"object_bounding_box": [469, 389, 462, 631], "object_presence": 1}, "P282--journal--clutter--CuwrEi-FdGK71gxBHSW3yZItG0W_LetHgsZGVrD1AZI-00429.jpg": {"object_bounding_box": [455, 398, 475, 633], "object_presence": 1}, "P282--journal--clutter--CuwrEi-FdGK71gxBHSW3yZItG0W_LetHgsZGVrD1AZI-00430.jpg": {"object_bounding_box": [450, 407, 483, 630], "object_presence": 1}, "P282--journal--clutter--CuwrEi-FdGK71gxBHSW3yZItG0W_LetHgsZGVrD1AZI-00431.jpg": {"object_bounding_box": [446, 412, 499, 634], "object_presence": 1}, "P282--journal--clutter--CuwrEi-FdGK71gxBHSW3yZItG0W_LetHgsZGVrD1AZI-00432.jpg": {"object_bounding_box": [443, 412, 508, 634], "object_presence": 1}, "P282--journal--clutter--CuwrEi-FdGK71gxBHSW3yZItG0W_LetHgsZGVrD1AZI-00433.jpg": {"object_bounding_box": [439, 412, 516, 634], "object_presence": 1}, "P282--journal--clutter--CuwrEi-FdGK71gxBHSW3yZItG0W_LetHgsZGVrD1AZI-00434.jpg": {"object_bounding_box": [438, 408, 519, 637], "object_presence": 1}, "P282--journal--clutter--CuwrEi-FdGK71gxBHSW3yZItG0W_LetHgsZGVrD1AZI-00435.jpg": {"object_bounding_box": [436, 408, 520, 640], "object_presence": 1}, "P282--journal--clutter--CuwrEi-FdGK71gxBHSW3yZItG0W_LetHgsZGVrD1AZI-00436.jpg": {"object_bounding_box": [435, 409, 520, 641], "object_presence": 1}, "P282--journal--clutter--CuwrEi-FdGK71gxBHSW3yZItG0W_LetHgsZGVrD1AZI-00437.jpg": {"object_bounding_box": [435, 409, 520, 641], "object_presence": 1}, "P282--journal--clutter--CuwrEi-FdGK71gxBHSW3yZItG0W_LetHgsZGVrD1AZI-00438.jpg": {"object_bounding_box": [435, 409, 520, 641], "object_presence": 1}, "P282--journal--clutter--CuwrEi-FdGK71gxBHSW3yZItG0W_LetHgsZGVrD1AZI-00439.jpg": {"object_bounding_box": [443, 406, 512, 641], "object_presence": 1}, "P282--journal--clutter--CuwrEi-FdGK71gxBHSW3yZItG0W_LetHgsZGVrD1AZI-00440.jpg": {"object_bounding_box": [452, 411, 503, 634], "object_presence": 1}, "P282--journal--clutter--CuwrEi-FdGK71gxBHSW3yZItG0W_LetHgsZGVrD1AZI-00441.jpg": {"object_bounding_box": [452, 414, 503, 632], "object_presence": 1}, "P282--journal--clutter--CuwrEi-FdGK71gxBHSW3yZItG0W_LetHgsZGVrD1AZI-00442.jpg": {"object_bounding_box": [455, 421, 486, 633], "object_presence": 1}, "P282--journal--clutter--CuwrEi-FdGK71gxBHSW3yZItG0W_LetHgsZGVrD1AZI-00443.jpg": {"object_bounding_box": [453, 429, 473, 632], "object_presence": 1}, "P282--journal--clutter--CuwrEi-FdGK71gxBHSW3yZItG0W_LetHgsZGVrD1AZI-00444.jpg": {"object_bounding_box": [432, 442, 467, 638], "object_presence": 1}, "P282--journal--clutter--CuwrEi-FdGK71gxBHSW3yZItG0W_LetHgsZGVrD1AZI-00445.jpg": {"object_bounding_box": [407, 441, 485, 639], "object_presence": 1}, "P282--journal--clutter--CuwrEi-FdGK71gxBHSW3yZItG0W_LetHgsZGVrD1AZI-00446.jpg": {"object_bounding_box": [380, 435, 507, 645], "object_presence": 1}, "P282--journal--clutter--CuwrEi-FdGK71gxBHSW3yZItG0W_LetHgsZGVrD1AZI-00447.jpg": {"object_bounding_box": [347, 428, 534, 652], "object_presence": 1}, "P282--journal--clutter--CuwrEi-FdGK71gxBHSW3yZItG0W_LetHgsZGVrD1AZI-00448.jpg": {"object_bounding_box": [323, 419, 554, 659], "object_presence": 1}, "P282--journal--clutter--CuwrEi-FdGK71gxBHSW3yZItG0W_LetHgsZGVrD1AZI-00449.jpg": {"object_bounding_box": [305, 408, 576, 672], "object_presence": 1}, "P282--journal--clutter--CuwrEi-FdGK71gxBHSW3yZItG0W_LetHgsZGVrD1AZI-00450.jpg": {"object_bounding_box": [305, 399, 589, 681], "object_presence": 1}, "P282--journal--clutter--CuwrEi-FdGK71gxBHSW3yZItG0W_LetHgsZGVrD1AZI-00451.jpg": {"object_bounding_box": [302, 385, 601, 695], "object_presence": 1}, "P282--journal--clutter--CuwrEi-FdGK71gxBHSW3yZItG0W_LetHgsZGVrD1AZI-00452.jpg": {"object_bounding_box": [296, 371, 616, 709], "object_presence": 1}, "P282--journal--clutter--CuwrEi-FdGK71gxBHSW3yZItG0W_LetHgsZGVrD1AZI-00453.jpg": {"object_bounding_box": [289, 359, 630, 721], "object_presence": 1}, "P282--journal--clutter--CuwrEi-FdGK71gxBHSW3yZItG0W_LetHgsZGVrD1AZI-00454.jpg": {"object_bounding_box": [283, 341, 650, 739], "object_presence": 1}, "P282--journal--clutter--CuwrEi-FdGK71gxBHSW3yZItG0W_LetHgsZGVrD1AZI-00455.jpg": {"object_bounding_box": [282, 319, 665, 761], "object_presence": 1}, "P282--journal--clutter--CuwrEi-FdGK71gxBHSW3yZItG0W_LetHgsZGVrD1AZI-00456.jpg": {"object_bounding_box": [287, 303, 686, 774], "object_presence": 1}, "P282--journal--clutter--CuwrEi-FdGK71gxBHSW3yZItG0W_LetHgsZGVrD1AZI-00457.jpg": {"object_bounding_box": [293, 290, 698, 783], "object_presence": 1}, "P282--journal--clutter--CuwrEi-FdGK71gxBHSW3yZItG0W_LetHgsZGVrD1AZI-00458.jpg": {"object_bounding_box": [301, 286, 714, 780], "object_presence": 1}, "P282--journal--clutter--CuwrEi-FdGK71gxBHSW3yZItG0W_LetHgsZGVrD1AZI-00459.jpg": {"object_bounding_box": [297, 269, 728, 790], "object_presence": 1}, "P282--journal--clutter--CuwrEi-FdGK71gxBHSW3yZItG0W_LetHgsZGVrD1AZI-00460.jpg": {"object_bounding_box": [290, 264, 743, 790], "object_presence": 1}, "P282--journal--clutter--CuwrEi-FdGK71gxBHSW3yZItG0W_LetHgsZGVrD1AZI-00461.jpg": {"object_bounding_box": [283, 253, 747, 794], "object_presence": 1}, "P282--journal--clutter--CuwrEi-FdGK71gxBHSW3yZItG0W_LetHgsZGVrD1AZI-00462.jpg": {"object_bounding_box": [273, 255, 757, 783], "object_presence": 1}, "P282--journal--clutter--CuwrEi-FdGK71gxBHSW3yZItG0W_LetHgsZGVrD1AZI-00463.jpg": {"object_bounding_box": [266, 253, 752, 777], "object_presence": 1}, "P282--journal--clutter--CuwrEi-FdGK71gxBHSW3yZItG0W_LetHgsZGVrD1AZI-00464.jpg": {"object_bounding_box": [261, 254, 759, 766], "object_presence": 1}, "P282--journal--clutter--CuwrEi-FdGK71gxBHSW3yZItG0W_LetHgsZGVrD1AZI-00465.jpg": {"object_bounding_box": [246, 257, 767, 754], "object_presence": 1}, "P282--journal--clutter--CuwrEi-FdGK71gxBHSW3yZItG0W_LetHgsZGVrD1AZI-00466.jpg": {"object_bounding_box": [243, 258, 757, 747], "object_presence": 1}, "P282--journal--clutter--CuwrEi-FdGK71gxBHSW3yZItG0W_LetHgsZGVrD1AZI-00467.jpg": {"object_bounding_box": [236, 269, 760, 732], "object_presence": 1}, "P282--journal--clutter--CuwrEi-FdGK71gxBHSW3yZItG0W_LetHgsZGVrD1AZI-00468.jpg": {"object_bounding_box": [227, 267, 753, 720], "object_presence": 1}, "P282--journal--clutter--CuwrEi-FdGK71gxBHSW3yZItG0W_LetHgsZGVrD1AZI-00469.jpg": {"object_bounding_box": [221, 277, 753, 700], "object_presence": 1}, "P282--journal--clutter--CuwrEi-FdGK71gxBHSW3yZItG0W_LetHgsZGVrD1AZI-00470.jpg": {"object_bounding_box": [225, 297, 735, 685], "object_presence": 1}, "P282--journal--clutter--CuwrEi-FdGK71gxBHSW3yZItG0W_LetHgsZGVrD1AZI-00471.jpg": {"object_bounding_box": [216, 312, 731, 665], "object_presence": 1}, "P282--journal--clutter--CuwrEi-FdGK71gxBHSW3yZItG0W_LetHgsZGVrD1AZI-00472.jpg": {"object_bounding_box": [218, 321, 717, 650], "object_presence": 1}, "P282--journal--clutter--CuwrEi-FdGK71gxBHSW3yZItG0W_LetHgsZGVrD1AZI-00473.jpg": {"object_bounding_box": [222, 340, 713, 632], "object_presence": 1}, "P282--journal--clutter--CuwrEi-FdGK71gxBHSW3yZItG0W_LetHgsZGVrD1AZI-00474.jpg": {"object_bounding_box": [218, 352, 699, 620], "object_presence": 1}, "P282--journal--clutter--CuwrEi-FdGK71gxBHSW3yZItG0W_LetHgsZGVrD1AZI-00475.jpg": {"object_bounding_box": [225, 368, 688, 600], "object_presence": 1}, "P282--journal--clutter--CuwrEi-FdGK71gxBHSW3yZItG0W_LetHgsZGVrD1AZI-00476.jpg": {"object_bounding_box": [232, 380, 680, 588], "object_presence": 1}, "P282--journal--clutter--CuwrEi-FdGK71gxBHSW3yZItG0W_LetHgsZGVrD1AZI-00477.jpg": {"object_bounding_box": [236, 388, 663, 569], "object_presence": 1}, "P282--journal--clutter--CuwrEi-FdGK71gxBHSW3yZItG0W_LetHgsZGVrD1AZI-00478.jpg": {"object_bounding_box": [247, 399, 661, 559], "object_presence": 1}, "P282--journal--clutter--CuwrEi-FdGK71gxBHSW3yZItG0W_LetHgsZGVrD1AZI-00479.jpg": {"object_bounding_box": [255, 400, 663, 540], "object_presence": 1}, "P282--journal--clutter--CuwrEi-FdGK71gxBHSW3yZItG0W_LetHgsZGVrD1AZI-00480.jpg": {"object_bounding_box": [268, 402, 663, 523], "object_presence": 1}, "P282--journal--clutter--CuwrEi-FdGK71gxBHSW3yZItG0W_LetHgsZGVrD1AZI-00481.jpg": {"object_bounding_box": [271, 405, 667, 530], "object_presence": 1}, "P282--journal--clutter--CuwrEi-FdGK71gxBHSW3yZItG0W_LetHgsZGVrD1AZI-00482.jpg": {"object_bounding_box": [258, 396, 687, 541], "object_presence": 1}, "P282--journal--clutter--CuwrEi-FdGK71gxBHSW3yZItG0W_LetHgsZGVrD1AZI-00483.jpg": {"object_bounding_box": [236, 376, 704, 569], "object_presence": 1}, "P282--journal--clutter--CuwrEi-FdGK71gxBHSW3yZItG0W_LetHgsZGVrD1AZI-00484.jpg": {"object_bounding_box": [217, 367, 722, 591], "object_presence": 1}, "P282--journal--clutter--CuwrEi-FdGK71gxBHSW3yZItG0W_LetHgsZGVrD1AZI-00485.jpg": {"object_bounding_box": [192, 359, 739, 614], "object_presence": 1}, "P282--journal--clutter--CuwrEi-FdGK71gxBHSW3yZItG0W_LetHgsZGVrD1AZI-00486.jpg": {"object_bounding_box": [160, 345, 759, 636], "object_presence": 1}, "P282--journal--clutter--CuwrEi-FdGK71gxBHSW3yZItG0W_LetHgsZGVrD1AZI-00487.jpg": {"object_bounding_box": [135, 323, 777, 656], "object_presence": 1}, "P282--journal--clutter--CuwrEi-FdGK71gxBHSW3yZItG0W_LetHgsZGVrD1AZI-00488.jpg": {"object_bounding_box": [132, 290, 792, 688], "object_presence": 1}, "P282--journal--clutter--CuwrEi-FdGK71gxBHSW3yZItG0W_LetHgsZGVrD1AZI-00489.jpg": {"object_bounding_box": [138, 261, 805, 715], "object_presence": 1}, "P282--journal--clutter--CuwrEi-FdGK71gxBHSW3yZItG0W_LetHgsZGVrD1AZI-00490.jpg": {"object_bounding_box": [151, 225, 822, 740], "object_presence": 1}, "P282--journal--clutter--CuwrEi-FdGK71gxBHSW3yZItG0W_LetHgsZGVrD1AZI-00491.jpg": {"object_bounding_box": [176, 197, 835, 765], "object_presence": 1}, "P282--journal--clutter--CuwrEi-FdGK71gxBHSW3yZItG0W_LetHgsZGVrD1AZI-00492.jpg": {"object_bounding_box": [185, 178, 856, 796], "object_presence": 1}, "P282--journal--clutter--CuwrEi-FdGK71gxBHSW3yZItG0W_LetHgsZGVrD1AZI-00493.jpg": {"object_bounding_box": [182, 186, 861, 806], "object_presence": 1}, "P282--journal--clutter--CuwrEi-FdGK71gxBHSW3yZItG0W_LetHgsZGVrD1AZI-00494.jpg": {"object_bounding_box": [178, 189, 870, 813], "object_presence": 1}, "P282--journal--clutter--CuwrEi-FdGK71gxBHSW3yZItG0W_LetHgsZGVrD1AZI-00495.jpg": {"object_bounding_box": [187, 191, 867, 824], "object_presence": 1}, "P282--journal--clutter--CuwrEi-FdGK71gxBHSW3yZItG0W_LetHgsZGVrD1AZI-00496.jpg": {"object_bounding_box": [178, 211, 869, 822], "object_presence": 1}, "P282--journal--clutter--CuwrEi-FdGK71gxBHSW3yZItG0W_LetHgsZGVrD1AZI-00497.jpg": {"object_bounding_box": [190, 211, 855, 839], "object_presence": 1}, "P282--journal--clutter--CuwrEi-FdGK71gxBHSW3yZItG0W_LetHgsZGVrD1AZI-00498.jpg": {"object_bounding_box": [209, 198, 863, 848], "object_presence": 1}, "P282--journal--clutter--CuwrEi-FdGK71gxBHSW3yZItG0W_LetHgsZGVrD1AZI-00499.jpg": {"object_bounding_box": [228, 192, 852, 857], "object_presence": 1}, "P282--journal--clutter--CuwrEi-FdGK71gxBHSW3yZItG0W_LetHgsZGVrD1AZI-00500.jpg": {"object_bounding_box": [236, 189, 844, 866], "object_presence": 1}, "P282--journal--clutter--CuwrEi-FdGK71gxBHSW3yZItG0W_LetHgsZGVrD1AZI-00501.jpg": {"object_bounding_box": [233, 179, 847, 870], "object_presence": 1}, "P282--journal--clutter--CuwrEi-FdGK71gxBHSW3yZItG0W_LetHgsZGVrD1AZI-00502.jpg": {"object_bounding_box": [235, 157, 845, 873], "object_presence": 1}, "P282--journal--clutter--CuwrEi-FdGK71gxBHSW3yZItG0W_LetHgsZGVrD1AZI-00503.jpg": {"object_bounding_box": [230, 141, 830, 867], "object_presence": 1}, "P282--journal--clutter--CuwrEi-FdGK71gxBHSW3yZItG0W_LetHgsZGVrD1AZI-00504.jpg": {"object_bounding_box": [228, 111, 805, 849], "object_presence": 1}, "P282--journal--clutter--CuwrEi-FdGK71gxBHSW3yZItG0W_LetHgsZGVrD1AZI-00505.jpg": {"object_bounding_box": [214, 64, 787, 843], "object_presence": 1}, "P282--journal--clutter--CuwrEi-FdGK71gxBHSW3yZItG0W_LetHgsZGVrD1AZI-00506.jpg": {"object_bounding_box": [208, 36, 772, 851], "object_presence": 1}, "P282--journal--clutter--CuwrEi-FdGK71gxBHSW3yZItG0W_LetHgsZGVrD1AZI-00507.jpg": {"object_bounding_box": [253, 29, 741, 844], "object_presence": 1}, "P282--journal--clutter--CuwrEi-FdGK71gxBHSW3yZItG0W_LetHgsZGVrD1AZI-00508.jpg": {"object_bounding_box": [291, 12, 737, 839], "object_presence": 1}, "P282--journal--clutter--CuwrEi-FdGK71gxBHSW3yZItG0W_LetHgsZGVrD1AZI-00509.jpg": {"object_bounding_box": [318, 0, 734, 833], "object_presence": 1}, "P282--journal--clutter--CuwrEi-FdGK71gxBHSW3yZItG0W_LetHgsZGVrD1AZI-00510.jpg": {"object_bounding_box": [355, 0, 709, 802], "object_presence": 1}, "P282--journal--clutter--CuwrEi-FdGK71gxBHSW3yZItG0W_LetHgsZGVrD1AZI-00511.jpg": {"object_bounding_box": [373, 0, 700, 786], "object_presence": 1}, "P282--journal--clutter--CuwrEi-FdGK71gxBHSW3yZItG0W_LetHgsZGVrD1AZI-00512.jpg": {"object_bounding_box": [391, 0, 676, 778], "object_presence": 1}, "P282--journal--clutter--CuwrEi-FdGK71gxBHSW3yZItG0W_LetHgsZGVrD1AZI-00513.jpg": {"object_bounding_box": [417, 0, 649, 771], "object_presence": 1}, "P282--journal--clutter--CuwrEi-FdGK71gxBHSW3yZItG0W_LetHgsZGVrD1AZI-00514.jpg": {"object_bounding_box": [440, 0, 640, 765], "object_presence": 1}, "P282--journal--clutter--CuwrEi-FdGK71gxBHSW3yZItG0W_LetHgsZGVrD1AZI-00515.jpg": {"object_bounding_box": [452, 10, 625, 753], "object_presence": 1}, "P282--journal--clutter--CuwrEi-FdGK71gxBHSW3yZItG0W_LetHgsZGVrD1AZI-00516.jpg": {"object_bounding_box": [465, 17, 607, 740], "object_presence": 1}, "P282--journal--clutter--CuwrEi-FdGK71gxBHSW3yZItG0W_LetHgsZGVrD1AZI-00517.jpg": {"object_bounding_box": [461, 20, 595, 729], "object_presence": 1}, "P282--journal--clutter--CuwrEi-FdGK71gxBHSW3yZItG0W_LetHgsZGVrD1AZI-00518.jpg": {"object_bounding_box": [452, 18, 580, 720], "object_presence": 1}, "P282--journal--clutter--CuwrEi-FdGK71gxBHSW3yZItG0W_LetHgsZGVrD1AZI-00519.jpg": {"object_bounding_box": [449, 10, 576, 717], "object_presence": 1}, "P282--journal--clutter--CuwrEi-FdGK71gxBHSW3yZItG0W_LetHgsZGVrD1AZI-00520.jpg": {"object_bounding_box": [452, 0, 571, 718], "object_presence": 1}, "P282--journal--clutter--CuwrEi-FdGK71gxBHSW3yZItG0W_LetHgsZGVrD1AZI-00521.jpg": {"object_bounding_box": [447, 0, 581, 718], "object_presence": 1}, "P282--journal--clutter--CuwrEi-FdGK71gxBHSW3yZItG0W_LetHgsZGVrD1AZI-00522.jpg": {"object_bounding_box": [428, 0, 595, 730], "object_presence": 1}, "P282--journal--clutter--CuwrEi-FdGK71gxBHSW3yZItG0W_LetHgsZGVrD1AZI-00523.jpg": {"object_bounding_box": [420, 0, 608, 735], "object_presence": 1}, "P282--journal--clutter--CuwrEi-FdGK71gxBHSW3yZItG0W_LetHgsZGVrD1AZI-00524.jpg": {"object_bounding_box": [406, 0, 617, 736], "object_presence": 1}, "P282--journal--clutter--CuwrEi-FdGK71gxBHSW3yZItG0W_LetHgsZGVrD1AZI-00525.jpg": {"object_bounding_box": [372, 0, 616, 736], "object_presence": 1}, "P282--journal--clutter--CuwrEi-FdGK71gxBHSW3yZItG0W_LetHgsZGVrD1AZI-00526.jpg": {"object_bounding_box": [339, 0, 627, 729], "object_presence": 1}, "P282--journal--clutter--CuwrEi-FdGK71gxBHSW3yZItG0W_LetHgsZGVrD1AZI-00527.jpg": {"object_bounding_box": [325, 0, 637, 732], "object_presence": 1}, "P282--journal--clutter--CuwrEi-FdGK71gxBHSW3yZItG0W_LetHgsZGVrD1AZI-00528.jpg": {"object_bounding_box": [309, 0, 656, 743], "object_presence": 1}, "P282--journal--clutter--CuwrEi-FdGK71gxBHSW3yZItG0W_LetHgsZGVrD1AZI-00529.jpg": {"object_bounding_box": [322, 0, 658, 744], "object_presence": 1}, "P282--journal--clutter--CuwrEi-FdGK71gxBHSW3yZItG0W_LetHgsZGVrD1AZI-00530.jpg": {"object_bounding_box": [337, 0, 686, 748], "object_presence": 1}, "P282--journal--clutter--CuwrEi-FdGK71gxBHSW3yZItG0W_LetHgsZGVrD1AZI-00531.jpg": {"object_bounding_box": [352, 0, 707, 771], "object_presence": 1}, "P282--journal--clutter--CuwrEi-FdGK71gxBHSW3yZItG0W_LetHgsZGVrD1AZI-00532.jpg": {"object_bounding_box": [355, 0, 725, 810], "object_presence": 1}, "P282--journal--clutter--CuwrEi-FdGK71gxBHSW3yZItG0W_LetHgsZGVrD1AZI-00533.jpg": {"object_bounding_box": [355, 2, 725, 825], "object_presence": 1}, "P282--journal--clutter--CuwrEi-FdGK71gxBHSW3yZItG0W_LetHgsZGVrD1AZI-00534.jpg": {"object_bounding_box": [340, 1, 740, 828], "object_presence": 1}, "P282--journal--clutter--CuwrEi-FdGK71gxBHSW3yZItG0W_LetHgsZGVrD1AZI-00535.jpg": {"object_bounding_box": [314, 0, 766, 842], "object_presence": 1}, "P282--journal--clutter--CuwrEi-FdGK71gxBHSW3yZItG0W_LetHgsZGVrD1AZI-00536.jpg": {"object_bounding_box": [287, 0, 793, 852], "object_presence": 1}, "P282--journal--clutter--CuwrEi-FdGK71gxBHSW3yZItG0W_LetHgsZGVrD1AZI-00537.jpg": {"object_bounding_box": [259, 0, 821, 856], "object_presence": 1}, "P282--journal--clutter--CuwrEi-FdGK71gxBHSW3yZItG0W_LetHgsZGVrD1AZI-00538.jpg": {"object_bounding_box": [223, 0, 833, 849], "object_presence": 1}, "P282--journal--clutter--CuwrEi-FdGK71gxBHSW3yZItG0W_LetHgsZGVrD1AZI-00539.jpg": {"object_bounding_box": [164, 0, 847, 849], "object_presence": 1}, "P282--journal--clutter--CuwrEi-FdGK71gxBHSW3yZItG0W_LetHgsZGVrD1AZI-00540.jpg": {"object_bounding_box": [210, 0, 813, 840], "object_presence": 1}, "P282--journal--clutter--CuwrEi-FdGK71gxBHSW3yZItG0W_LetHgsZGVrD1AZI-00541.jpg": {"object_bounding_box": [250, 0, 824, 846], "object_presence": 1}, "P282--journal--clutter--CuwrEi-FdGK71gxBHSW3yZItG0W_LetHgsZGVrD1AZI-00542.jpg": {"object_bounding_box": [275, 0, 805, 849], "object_presence": 1}, "P282--journal--clutter--CuwrEi-FdGK71gxBHSW3yZItG0W_LetHgsZGVrD1AZI-00543.jpg": {"object_bounding_box": [297, 0, 783, 849], "object_presence": 1}, "P282--journal--clutter--CuwrEi-FdGK71gxBHSW3yZItG0W_LetHgsZGVrD1AZI-00544.jpg": {"object_bounding_box": [317, 0, 763, 839], "object_presence": 1}, "P282--journal--clutter--CuwrEi-FdGK71gxBHSW3yZItG0W_LetHgsZGVrD1AZI-00545.jpg": {"object_bounding_box": [317, 0, 763, 830], "object_presence": 1}, "P282--journal--clutter--CuwrEi-FdGK71gxBHSW3yZItG0W_LetHgsZGVrD1AZI-00546.jpg": {"object_bounding_box": [274, 0, 806, 814], "object_presence": 1}, "P282--journal--clutter--CuwrEi-FdGK71gxBHSW3yZItG0W_LetHgsZGVrD1AZI-00547.jpg": {"object_bounding_box": [220, 0, 858, 793], "object_presence": 1}, "P282--journal--clutter--CuwrEi-FdGK71gxBHSW3yZItG0W_LetHgsZGVrD1AZI-00548.jpg": {"object_bounding_box": [176, 0, 886, 781], "object_presence": 1}, "P282--journal--clutter--CuwrEi-FdGK71gxBHSW3yZItG0W_LetHgsZGVrD1AZI-00549.jpg": {"object_bounding_box": [130, 0, 883, 760], "object_presence": 1}, "P282--journal--clutter--CuwrEi-FdGK71gxBHSW3yZItG0W_LetHgsZGVrD1AZI-00550.jpg": {"object_bounding_box": [85, 0, 885, 755], "object_presence": 1}, "P282--journal--clutter--CuwrEi-FdGK71gxBHSW3yZItG0W_LetHgsZGVrD1AZI-00551.jpg": {"object_bounding_box": [83, 0, 869, 755], "object_presence": 1}, "P282--journal--clutter--CuwrEi-FdGK71gxBHSW3yZItG0W_LetHgsZGVrD1AZI-00552.jpg": {"object_bounding_box": [101, 0, 861, 757], "object_presence": 1}, "P282--journal--clutter--CuwrEi-FdGK71gxBHSW3yZItG0W_LetHgsZGVrD1AZI-00553.jpg": {"object_bounding_box": [106, 0, 864, 761], "object_presence": 1}, "P282--journal--clutter--CuwrEi-FdGK71gxBHSW3yZItG0W_LetHgsZGVrD1AZI-00554.jpg": {"object_bounding_box": [103, 0, 862, 762], "object_presence": 1}, "P282--journal--clutter--CuwrEi-FdGK71gxBHSW3yZItG0W_LetHgsZGVrD1AZI-00555.jpg": {"object_bounding_box": [102, 20, 850, 746], "object_presence": 1}, "P282--journal--clutter--CuwrEi-FdGK71gxBHSW3yZItG0W_LetHgsZGVrD1AZI-00556.jpg": {"object_bounding_box": [102, 56, 841, 723], "object_presence": 1}, "P282--journal--clutter--CuwrEi-FdGK71gxBHSW3yZItG0W_LetHgsZGVrD1AZI-00557.jpg": {"object_bounding_box": [92, 82, 818, 711], "object_presence": 1}, "P282--journal--clutter--CuwrEi-FdGK71gxBHSW3yZItG0W_LetHgsZGVrD1AZI-00558.jpg": {"object_bounding_box": [60, 124, 804, 693], "object_presence": 1}, "P282--journal--clutter--CuwrEi-FdGK71gxBHSW3yZItG0W_LetHgsZGVrD1AZI-00559.jpg": {"object_bounding_box": [17, 121, 813, 703], "object_presence": 1}, "P282--journal--clutter--CuwrEi-FdGK71gxBHSW3yZItG0W_LetHgsZGVrD1AZI-00560.jpg": {"object_bounding_box": [0, 130, 806, 698], "object_presence": 1}, "P282--journal--clutter--CuwrEi-FdGK71gxBHSW3yZItG0W_LetHgsZGVrD1AZI-00561.jpg": {"object_bounding_box": [0, 145, 804, 691], "object_presence": 1}, "P282--journal--clutter--CuwrEi-FdGK71gxBHSW3yZItG0W_LetHgsZGVrD1AZI-00562.jpg": {"object_bounding_box": [0, 153, 807, 697], "object_presence": 1}, "P282--journal--clutter--CuwrEi-FdGK71gxBHSW3yZItG0W_LetHgsZGVrD1AZI-00563.jpg": {"object_bounding_box": [0, 157, 799, 697], "object_presence": 1}, "P282--journal--clutter--CuwrEi-FdGK71gxBHSW3yZItG0W_LetHgsZGVrD1AZI-00564.jpg": {"object_bounding_box": [0, 154, 795, 692], "object_presence": 1}, "P282--journal--clutter--CuwrEi-FdGK71gxBHSW3yZItG0W_LetHgsZGVrD1AZI-00565.jpg": {"object_bounding_box": [0, 147, 781, 692], "object_presence": 1}, "P282--journal--clutter--CuwrEi-FdGK71gxBHSW3yZItG0W_LetHgsZGVrD1AZI-00566.jpg": {"object_bounding_box": [0, 136, 770, 692], "object_presence": 1}, "P282--journal--clutter--CuwrEi-FdGK71gxBHSW3yZItG0W_LetHgsZGVrD1AZI-00567.jpg": {"object_bounding_box": [0, 131, 762, 696], "object_presence": 1}, "P282--journal--clutter--CuwrEi-FdGK71gxBHSW3yZItG0W_LetHgsZGVrD1AZI-00568.jpg": {"object_bounding_box": [0, 126, 769, 702], "object_presence": 1}, "P282--journal--clutter--CuwrEi-FdGK71gxBHSW3yZItG0W_LetHgsZGVrD1AZI-00569.jpg": {"object_bounding_box": [0, 126, 767, 702], "object_presence": 1}, "P282--journal--clutter--CuwrEi-FdGK71gxBHSW3yZItG0W_LetHgsZGVrD1AZI-00570.jpg": {"object_bounding_box": [0, 118, 767, 702], "object_presence": 1}, "P282--journal--clutter--CuwrEi-FdGK71gxBHSW3yZItG0W_LetHgsZGVrD1AZI-00571.jpg": {"object_bounding_box": [0, 118, 769, 695], "object_presence": 1}, "P282--journal--clutter--CuwrEi-FdGK71gxBHSW3yZItG0W_LetHgsZGVrD1AZI-00572.jpg": {"object_bounding_box": [0, 118, 779, 702], "object_presence": 1}, "P282--journal--clutter--CuwrEi-FdGK71gxBHSW3yZItG0W_LetHgsZGVrD1AZI-00573.jpg": {"object_bounding_box": [0, 118, 784, 702], "object_presence": 1}, "P282--journal--clutter--CuwrEi-FdGK71gxBHSW3yZItG0W_LetHgsZGVrD1AZI-00574.jpg": {"object_bounding_box": [0, 118, 802, 698], "object_presence": 1}, "P282--journal--clutter--CuwrEi-FdGK71gxBHSW3yZItG0W_LetHgsZGVrD1AZI-00575.jpg": {"object_bounding_box": [5, 113, 807, 702], "object_presence": 1}, "P282--journal--clutter--CuwrEi-FdGK71gxBHSW3yZItG0W_LetHgsZGVrD1AZI-00576.jpg": {"object_bounding_box": [15, 113, 806, 707], "object_presence": 1}, "P282--journal--clutter--CuwrEi-FdGK71gxBHSW3yZItG0W_LetHgsZGVrD1AZI-00577.jpg": {"object_bounding_box": [16, 106, 812, 707], "object_presence": 1}, "P282--journal--clutter--CuwrEi-FdGK71gxBHSW3yZItG0W_LetHgsZGVrD1AZI-00578.jpg": {"object_bounding_box": [10, 100, 815, 713], "object_presence": 1}, "P282--journal--clutter--CuwrEi-FdGK71gxBHSW3yZItG0W_LetHgsZGVrD1AZI-00579.jpg": {"object_bounding_box": [4, 95, 823, 718], "object_presence": 1}, "P282--journal--clutter--CuwrEi-FdGK71gxBHSW3yZItG0W_LetHgsZGVrD1AZI-00580.jpg": {"object_bounding_box": [0, 89, 820, 720], "object_presence": 1}, "P282--journal--clutter--CuwrEi-FdGK71gxBHSW3yZItG0W_LetHgsZGVrD1AZI-00581.jpg": {"object_bounding_box": [0, 84, 816, 720], "object_presence": 1}, "P282--journal--clutter--CuwrEi-FdGK71gxBHSW3yZItG0W_LetHgsZGVrD1AZI-00582.jpg": {"object_bounding_box": [0, 80, 811, 729], "object_presence": 1}, "P282--journal--clutter--CuwrEi-FdGK71gxBHSW3yZItG0W_LetHgsZGVrD1AZI-00583.jpg": {"object_bounding_box": [0, 80, 812, 729], "object_presence": 1}, "P282--journal--clutter--CuwrEi-FdGK71gxBHSW3yZItG0W_LetHgsZGVrD1AZI-00584.jpg": {"object_bounding_box": [0, 76, 812, 740], "object_presence": 1}, "P282--journal--clutter--CuwrEi-FdGK71gxBHSW3yZItG0W_LetHgsZGVrD1AZI-00585.jpg": {"object_bounding_box": [0, 78, 812, 731], "object_presence": 1}, "P282--journal--clutter--CuwrEi-FdGK71gxBHSW3yZItG0W_LetHgsZGVrD1AZI-00586.jpg": {"object_bounding_box": [0, 73, 818, 736], "object_presence": 1}, "P282--journal--clutter--CuwrEi-FdGK71gxBHSW3yZItG0W_LetHgsZGVrD1AZI-00587.jpg": {"object_bounding_box": [15, 62, 827, 737], "object_presence": 1}, "P282--journal--clutter--CuwrEi-FdGK71gxBHSW3yZItG0W_LetHgsZGVrD1AZI-00588.jpg": {"object_bounding_box": [23, 46, 834, 746], "object_presence": 1}, "P282--journal--clutter--CuwrEi-FdGK71gxBHSW3yZItG0W_LetHgsZGVrD1AZI-00589.jpg": {"object_bounding_box": [23, 33, 840, 758], "object_presence": 1}, "P282--journal--clutter--CuwrEi-FdGK71gxBHSW3yZItG0W_LetHgsZGVrD1AZI-00590.jpg": {"object_bounding_box": [13, 13, 839, 751], "object_presence": 1}, "P282--journal--clutter--CuwrEi-FdGK71gxBHSW3yZItG0W_LetHgsZGVrD1AZI-00591.jpg": {"object_bounding_box": [0, 0, 842, 748], "object_presence": 1}, "P282--journal--clutter--CuwrEi-FdGK71gxBHSW3yZItG0W_LetHgsZGVrD1AZI-00592.jpg": {"object_bounding_box": [0, 0, 813, 748], "object_presence": 1}, "P282--journal--clutter--CuwrEi-FdGK71gxBHSW3yZItG0W_LetHgsZGVrD1AZI-00593.jpg": {"object_bounding_box": [0, 0, 809, 742], "object_presence": 1}, "P282--journal--clutter--CuwrEi-FdGK71gxBHSW3yZItG0W_LetHgsZGVrD1AZI-00594.jpg": {"object_bounding_box": [0, 0, 807, 736], "object_presence": 1}, "P282--journal--clutter--CuwrEi-FdGK71gxBHSW3yZItG0W_LetHgsZGVrD1AZI-00595.jpg": {"object_bounding_box": [0, 0, 807, 736], "object_presence": 1}, "P282--journal--clutter--CuwrEi-FdGK71gxBHSW3yZItG0W_LetHgsZGVrD1AZI-00596.jpg": {"object_bounding_box": [0, 0, 815, 741], "object_presence": 1}, "P282--journal--clutter--CuwrEi-FdGK71gxBHSW3yZItG0W_LetHgsZGVrD1AZI-00597.jpg": {"object_bounding_box": [0, 0, 824, 746], "object_presence": 1}}