{"P282--cell-phone--clutter--9Y6Avyza8hNwkvpQdmILWSzLwLlfNKeDTIanR47iSXo-00001.jpg": {"object_bounding_box": [216, 367, 148, 160], "object_presence": 1}, "P282--cell-phone--clutter--9Y6Avyza8hNwkvpQdmILWSzLwLlfNKeDTIanR47iSXo-00002.jpg": {"object_bounding_box": [228, 380, 148, 158], "object_presence": 1}, "P282--cell-phone--clutter--9Y6Avyza8hNwkvpQdmILWSzLwLlfNKeDTIanR47iSXo-00003.jpg": {"object_bounding_box": [241, 393, 144, 157], "object_presence": 1}, "P282--cell-phone--clutter--9Y6Avyza8hNwkvpQdmILWSzLwLlfNKeDTIanR47iSXo-00004.jpg": {"object_bounding_box": [241, 394, 144, 158], "object_presence": 1}, "P282--cell-phone--clutter--9Y6Avyza8hNwkvpQdmILWSzLwLlfNKeDTIanR47iSXo-00005.jpg": {"object_bounding_box": [277, 413, 141, 160], "object_presence": 1}, "P282--cell-phone--clutter--9Y6Avyza8hNwkvpQdmILWSzLwLlfNKeDTIanR47iSXo-00006.jpg": {"object_bounding_box": [296, 419, 139, 159], "object_presence": 1}, "P282--cell-phone--clutter--9Y6Avyza8hNwkvpQdmILWSzLwLlfNKeDTIanR47iSXo-00007.jpg": {"object_bounding_box": [315, 426, 138, 159], "object_presence": 1}, "P282--cell-phone--clutter--9Y6Avyza8hNwkvpQdmILWSzLwLlfNKeDTIanR47iSXo-00008.jpg": {"object_bounding_box": [335, 433, 137, 158], "object_presence": 1}, "P282--cell-phone--clutter--9Y6Avyza8hNwkvpQdmILWSzLwLlfNKeDTIanR47iSXo-00009.jpg": {"object_bounding_box": [355, 437, 138, 159], "object_presence": 1}, "P282--cell-phone--clutter--9Y6Avyza8hNwkvpQdmILWSzLwLlfNKeDTIanR47iSXo-00010.jpg": {"object_bounding_box": [375, 440, 135, 158], "object_presence": 1}, "P282--cell-phone--clutter--9Y6Avyza8hNwkvpQdmILWSzLwLlfNKeDTIanR47iSXo-00011.jpg": {"object_bounding_box": [392, 441, 136, 157], "object_presence": 1}, "P282--cell-phone--clutter--9Y6Avyza8hNwkvpQdmILWSzLwLlfNKeDTIanR47iSXo-00012.jpg": {"object_bounding_box": [408, 440, 137, 156], "object_presence": 1}, "P282--cell-phone--clutter--9Y6Avyza8hNwkvpQdmILWSzLwLlfNKeDTIanR47iSXo-00013.jpg": {"object_bounding_box": [423, 440, 139, 156], "object_presence": 1}, "P282--cell-phone--clutter--9Y6Avyza8hNwkvpQdmILWSzLwLlfNKeDTIanR47iSXo-00014.jpg": {"object_bounding_box": [439, 439, 137, 156], "object_presence": 1}, "P282--cell-phone--clutter--9Y6Avyza8hNwkvpQdmILWSzLwLlfNKeDTIanR47iSXo-00015.jpg": {"object_bounding_box": [455, 439, 137, 156], "object_presence": 1}, "P282--cell-phone--clutter--9Y6Avyza8hNwkvpQdmILWSzLwLlfNKeDTIanR47iSXo-00016.jpg": {"object_bounding_box": [468, 438, 137, 155], "object_presence": 1}, "P282--cell-phone--clutter--9Y6Avyza8hNwkvpQdmILWSzLwLlfNKeDTIanR47iSXo-00017.jpg": {"object_bounding_box": [480, 436, 139, 156], "object_presence": 1}, "P282--cell-phone--clutter--9Y6Avyza8hNwkvpQdmILWSzLwLlfNKeDTIanR47iSXo-00018.jpg": {"object_bounding_box": [491, 436, 139, 154], "object_presence": 1}, "P282--cell-phone--clutter--9Y6Avyza8hNwkvpQdmILWSzLwLlfNKeDTIanR47iSXo-00019.jpg": {"object_bounding_box": [504, 435, 140, 154], "object_presence": 1}, "P282--cell-phone--clutter--9Y6Avyza8hNwkvpQdmILWSzLwLlfNKeDTIanR47iSXo-00020.jpg": {"object_bounding_box": [515, 434, 139, 154], "object_presence": 1}, "P282--cell-phone--clutter--9Y6Avyza8hNwkvpQdmILWSzLwLlfNKeDTIanR47iSXo-00021.jpg": {"object_bounding_box": [526, 434, 138, 153], "object_presence": 1}, "P282--cell-phone--clutter--9Y6Avyza8hNwkvpQdmILWSzLwLlfNKeDTIanR47iSXo-00022.jpg": {"object_bounding_box": [537, 432, 139, 152], "object_presence": 1}, "P282--cell-phone--clutter--9Y6Avyza8hNwkvpQdmILWSzLwLlfNKeDTIanR47iSXo-00023.jpg": {"object_bounding_box": [549, 430, 140, 152], "object_presence": 1}, "P282--cell-phone--clutter--9Y6Avyza8hNwkvpQdmILWSzLwLlfNKeDTIanR47iSXo-00024.jpg": {"object_bounding_box": [559, 429, 139, 151], "object_presence": 1}, "P282--cell-phone--clutter--9Y6Avyza8hNwkvpQdmILWSzLwLlfNKeDTIanR47iSXo-00025.jpg": {"object_bounding_box": [570, 426, 140, 151], "object_presence": 1}, "P282--cell-phone--clutter--9Y6Avyza8hNwkvpQdmILWSzLwLlfNKeDTIanR47iSXo-00026.jpg": {"object_bounding_box": [580, 425, 143, 152], "object_presence": 1}, "P282--cell-phone--clutter--9Y6Avyza8hNwkvpQdmILWSzLwLlfNKeDTIanR47iSXo-00027.jpg": {"object_bounding_box": [588, 426, 141, 152], "object_presence": 1}, "P282--cell-phone--clutter--9Y6Avyza8hNwkvpQdmILWSzLwLlfNKeDTIanR47iSXo-00028.jpg": {"object_bounding_box": [597, 426, 142, 152], "object_presence": 1}, "P282--cell-phone--clutter--9Y6Avyza8hNwkvpQdmILWSzLwLlfNKeDTIanR47iSXo-00029.jpg": {"object_bounding_box": [606, 426, 142, 151], "object_presence": 1}, "P282--cell-phone--clutter--9Y6Avyza8hNwkvpQdmILWSzLwLlfNKeDTIanR47iSXo-00030.jpg": {"object_bounding_box": [614, 427, 142, 150], "object_presence": 1}, "P282--cell-phone--clutter--9Y6Avyza8hNwkvpQdmILWSzLwLlfNKeDTIanR47iSXo-00031.jpg": {"object_bounding_box": [622, 426, 143, 150], "object_presence": 1}, "P282--cell-phone--clutter--9Y6Avyza8hNwkvpQdmILWSzLwLlfNKeDTIanR47iSXo-00032.jpg": {"object_bounding_box": [630, 423, 142, 151], "object_presence": 1}, "P282--cell-phone--clutter--9Y6Avyza8hNwkvpQdmILWSzLwLlfNKeDTIanR47iSXo-00033.jpg": {"object_bounding_box": [636, 422, 144, 150], "object_presence": 1}, "P282--cell-phone--clutter--9Y6Avyza8hNwkvpQdmILWSzLwLlfNKeDTIanR47iSXo-00034.jpg": {"object_bounding_box": [643, 420, 145, 150], "object_presence": 1}, "P282--cell-phone--clutter--9Y6Avyza8hNwkvpQdmILWSzLwLlfNKeDTIanR47iSXo-00035.jpg": {"object_bounding_box": [648, 419, 146, 151], "object_presence": 1}, "P282--cell-phone--clutter--9Y6Avyza8hNwkvpQdmILWSzLwLlfNKeDTIanR47iSXo-00036.jpg": {"object_bounding_box": [653, 416, 146, 151], "object_presence": 1}, "P282--cell-phone--clutter--9Y6Avyza8hNwkvpQdmILWSzLwLlfNKeDTIanR47iSXo-00037.jpg": {"object_bounding_box": [658, 414, 146, 150], "object_presence": 1}, "P282--cell-phone--clutter--9Y6Avyza8hNwkvpQdmILWSzLwLlfNKeDTIanR47iSXo-00038.jpg": {"object_bounding_box": [660, 413, 147, 150], "object_presence": 1}, "P282--cell-phone--clutter--9Y6Avyza8hNwkvpQdmILWSzLwLlfNKeDTIanR47iSXo-00039.jpg": {"object_bounding_box": [662, 413, 148, 150], "object_presence": 1}, "P282--cell-phone--clutter--9Y6Avyza8hNwkvpQdmILWSzLwLlfNKeDTIanR47iSXo-00040.jpg": {"object_bounding_box": [663, 413, 147, 150], "object_presence": 1}, "P282--cell-phone--clutter--9Y6Avyza8hNwkvpQdmILWSzLwLlfNKeDTIanR47iSXo-00041.jpg": {"object_bounding_box": [662, 415, 148, 151], "object_presence": 1}, "P282--cell-phone--clutter--9Y6Avyza8hNwkvpQdmILWSzLwLlfNKeDTIanR47iSXo-00042.jpg": {"object_bounding_box": [660, 418, 148, 150], "object_presence": 1}, "P282--cell-phone--clutter--9Y6Avyza8hNwkvpQdmILWSzLwLlfNKeDTIanR47iSXo-00043.jpg": {"object_bounding_box": [659, 422, 148, 150], "object_presence": 1}, "P282--cell-phone--clutter--9Y6Avyza8hNwkvpQdmILWSzLwLlfNKeDTIanR47iSXo-00044.jpg": {"object_bounding_box": [657, 426, 147, 150], "object_presence": 1}, "P282--cell-phone--clutter--9Y6Avyza8hNwkvpQdmILWSzLwLlfNKeDTIanR47iSXo-00045.jpg": {"object_bounding_box": [654, 431, 148, 151], "object_presence": 1}, "P282--cell-phone--clutter--9Y6Avyza8hNwkvpQdmILWSzLwLlfNKeDTIanR47iSXo-00046.jpg": {"object_bounding_box": [651, 434, 148, 151], "object_presence": 1}, "P282--cell-phone--clutter--9Y6Avyza8hNwkvpQdmILWSzLwLlfNKeDTIanR47iSXo-00047.jpg": {"object_bounding_box": [648, 437, 147, 151], "object_presence": 1}, "P282--cell-phone--clutter--9Y6Avyza8hNwkvpQdmILWSzLwLlfNKeDTIanR47iSXo-00048.jpg": {"object_bounding_box": [645, 439, 147, 151], "object_presence": 1}, "P282--cell-phone--clutter--9Y6Avyza8hNwkvpQdmILWSzLwLlfNKeDTIanR47iSXo-00049.jpg": {"object_bounding_box": [642, 442, 147, 152], "object_presence": 1}, "P282--cell-phone--clutter--9Y6Avyza8hNwkvpQdmILWSzLwLlfNKeDTIanR47iSXo-00050.jpg": {"object_bounding_box": [640, 444, 148, 151], "object_presence": 1}, "P282--cell-phone--clutter--9Y6Avyza8hNwkvpQdmILWSzLwLlfNKeDTIanR47iSXo-00051.jpg": {"object_bounding_box": [636, 447, 146, 151], "object_presence": 1}, "P282--cell-phone--clutter--9Y6Avyza8hNwkvpQdmILWSzLwLlfNKeDTIanR47iSXo-00052.jpg": {"object_bounding_box": [635, 450, 146, 151], "object_presence": 1}, "P282--cell-phone--clutter--9Y6Avyza8hNwkvpQdmILWSzLwLlfNKeDTIanR47iSXo-00053.jpg": {"object_bounding_box": [632, 456, 147, 151], "object_presence": 1}, "P282--cell-phone--clutter--9Y6Avyza8hNwkvpQdmILWSzLwLlfNKeDTIanR47iSXo-00054.jpg": {"object_bounding_box": [631, 460, 147, 153], "object_presence": 1}, "P282--cell-phone--clutter--9Y6Avyza8hNwkvpQdmILWSzLwLlfNKeDTIanR47iSXo-00055.jpg": {"object_bounding_box": [629, 466, 147, 150], "object_presence": 1}, "P282--cell-phone--clutter--9Y6Avyza8hNwkvpQdmILWSzLwLlfNKeDTIanR47iSXo-00056.jpg": {"object_bounding_box": [627, 473, 147, 152], "object_presence": 1}, "P282--cell-phone--clutter--9Y6Avyza8hNwkvpQdmILWSzLwLlfNKeDTIanR47iSXo-00057.jpg": {"object_bounding_box": [627, 479, 147, 150], "object_presence": 1}, "P282--cell-phone--clutter--9Y6Avyza8hNwkvpQdmILWSzLwLlfNKeDTIanR47iSXo-00058.jpg": {"object_bounding_box": [625, 488, 146, 150], "object_presence": 1}, "P282--cell-phone--clutter--9Y6Avyza8hNwkvpQdmILWSzLwLlfNKeDTIanR47iSXo-00059.jpg": {"object_bounding_box": [624, 497, 147, 151], "object_presence": 1}, "P282--cell-phone--clutter--9Y6Avyza8hNwkvpQdmILWSzLwLlfNKeDTIanR47iSXo-00060.jpg": {"object_bounding_box": [622, 506, 147, 150], "object_presence": 1}, "P282--cell-phone--clutter--9Y6Avyza8hNwkvpQdmILWSzLwLlfNKeDTIanR47iSXo-00061.jpg": {"object_bounding_box": [619, 516, 146, 150], "object_presence": 1}, "P282--cell-phone--clutter--9Y6Avyza8hNwkvpQdmILWSzLwLlfNKeDTIanR47iSXo-00062.jpg": {"object_bounding_box": [614, 525, 147, 150], "object_presence": 1}, "P282--cell-phone--clutter--9Y6Avyza8hNwkvpQdmILWSzLwLlfNKeDTIanR47iSXo-00063.jpg": {"object_bounding_box": [610, 538, 146, 149], "object_presence": 1}, "P282--cell-phone--clutter--9Y6Avyza8hNwkvpQdmILWSzLwLlfNKeDTIanR47iSXo-00064.jpg": {"object_bounding_box": [604, 551, 144, 149], "object_presence": 1}, "P282--cell-phone--clutter--9Y6Avyza8hNwkvpQdmILWSzLwLlfNKeDTIanR47iSXo-00065.jpg": {"object_bounding_box": [598, 561, 145, 151], "object_presence": 1}, "P282--cell-phone--clutter--9Y6Avyza8hNwkvpQdmILWSzLwLlfNKeDTIanR47iSXo-00066.jpg": {"object_bounding_box": [593, 572, 146, 152], "object_presence": 1}, "P282--cell-phone--clutter--9Y6Avyza8hNwkvpQdmILWSzLwLlfNKeDTIanR47iSXo-00067.jpg": {"object_bounding_box": [590, 583, 146, 151], "object_presence": 1}, "P282--cell-phone--clutter--9Y6Avyza8hNwkvpQdmILWSzLwLlfNKeDTIanR47iSXo-00068.jpg": {"object_bounding_box": [591, 601, 145, 147], "object_presence": 1}, "P282--cell-phone--clutter--9Y6Avyza8hNwkvpQdmILWSzLwLlfNKeDTIanR47iSXo-00069.jpg": {"object_bounding_box": [589, 619, 144, 151], "object_presence": 1}, "P282--cell-phone--clutter--9Y6Avyza8hNwkvpQdmILWSzLwLlfNKeDTIanR47iSXo-00070.jpg": {"object_bounding_box": [585, 634, 145, 151], "object_presence": 1}, "P282--cell-phone--clutter--9Y6Avyza8hNwkvpQdmILWSzLwLlfNKeDTIanR47iSXo-00071.jpg": {"object_bounding_box": [581, 649, 145, 150], "object_presence": 1}, "P282--cell-phone--clutter--9Y6Avyza8hNwkvpQdmILWSzLwLlfNKeDTIanR47iSXo-00072.jpg": {"object_bounding_box": [578, 660, 146, 155], "object_presence": 1}, "P282--cell-phone--clutter--9Y6Avyza8hNwkvpQdmILWSzLwLlfNKeDTIanR47iSXo-00073.jpg": {"object_bounding_box": [577, 670, 146, 156], "object_presence": 1}, "P282--cell-phone--clutter--9Y6Avyza8hNwkvpQdmILWSzLwLlfNKeDTIanR47iSXo-00074.jpg": {"object_bounding_box": [575, 679, 146, 156], "object_presence": 1}, "P282--cell-phone--clutter--9Y6Avyza8hNwkvpQdmILWSzLwLlfNKeDTIanR47iSXo-00075.jpg": {"object_bounding_box": [572, 689, 146, 156], "object_presence": 1}, "P282--cell-phone--clutter--9Y6Avyza8hNwkvpQdmILWSzLwLlfNKeDTIanR47iSXo-00076.jpg": {"object_bounding_box": [570, 700, 146, 157], "object_presence": 1}, "P282--cell-phone--clutter--9Y6Avyza8hNwkvpQdmILWSzLwLlfNKeDTIanR47iSXo-00077.jpg": {"object_bounding_box": [569, 711, 146, 159], "object_presence": 1}, "P282--cell-phone--clutter--9Y6Avyza8hNwkvpQdmILWSzLwLlfNKeDTIanR47iSXo-00078.jpg": {"object_bounding_box": [567, 720, 145, 159], "object_presence": 1}, "P282--cell-phone--clutter--9Y6Avyza8hNwkvpQdmILWSzLwLlfNKeDTIanR47iSXo-00079.jpg": {"object_bounding_box": [565, 729, 145, 159], "object_presence": 1}, "P282--cell-phone--clutter--9Y6Avyza8hNwkvpQdmILWSzLwLlfNKeDTIanR47iSXo-00080.jpg": {"object_bounding_box": [563, 741, 145, 158], "object_presence": 1}, "P282--cell-phone--clutter--9Y6Avyza8hNwkvpQdmILWSzLwLlfNKeDTIanR47iSXo-00081.jpg": {"object_bounding_box": [559, 752, 146, 159], "object_presence": 1}, "P282--cell-phone--clutter--9Y6Avyza8hNwkvpQdmILWSzLwLlfNKeDTIanR47iSXo-00082.jpg": {"object_bounding_box": [557, 764, 146, 160], "object_presence": 1}, "P282--cell-phone--clutter--9Y6Avyza8hNwkvpQdmILWSzLwLlfNKeDTIanR47iSXo-00083.jpg": {"object_bounding_box": [554, 772, 145, 162], "object_presence": 1}, "P282--cell-phone--clutter--9Y6Avyza8hNwkvpQdmILWSzLwLlfNKeDTIanR47iSXo-00084.jpg": {"object_bounding_box": [550, 778, 145, 164], "object_presence": 1}, "P282--cell-phone--clutter--9Y6Avyza8hNwkvpQdmILWSzLwLlfNKeDTIanR47iSXo-00085.jpg": {"object_bounding_box": [546, 781, 146, 166], "object_presence": 1}, "P282--cell-phone--clutter--9Y6Avyza8hNwkvpQdmILWSzLwLlfNKeDTIanR47iSXo-00086.jpg": {"object_bounding_box": [541, 781, 144, 167], "object_presence": 1}, "P282--cell-phone--clutter--9Y6Avyza8hNwkvpQdmILWSzLwLlfNKeDTIanR47iSXo-00087.jpg": {"object_bounding_box": [535, 780, 143, 167], "object_presence": 1}, "P282--cell-phone--clutter--9Y6Avyza8hNwkvpQdmILWSzLwLlfNKeDTIanR47iSXo-00088.jpg": {"object_bounding_box": [529, 777, 144, 166], "object_presence": 1}, "P282--cell-phone--clutter--9Y6Avyza8hNwkvpQdmILWSzLwLlfNKeDTIanR47iSXo-00089.jpg": {"object_bounding_box": [522, 775, 142, 167], "object_presence": 1}, "P282--cell-phone--clutter--9Y6Avyza8hNwkvpQdmILWSzLwLlfNKeDTIanR47iSXo-00090.jpg": {"object_bounding_box": [514, 774, 143, 167], "object_presence": 1}, "P282--cell-phone--clutter--9Y6Avyza8hNwkvpQdmILWSzLwLlfNKeDTIanR47iSXo-00091.jpg": {"object_bounding_box": [502, 773, 139, 167], "object_presence": 1}, "P282--cell-phone--clutter--9Y6Avyza8hNwkvpQdmILWSzLwLlfNKeDTIanR47iSXo-00092.jpg": {"object_bounding_box": [489, 773, 137, 168], "object_presence": 1}, "P282--cell-phone--clutter--9Y6Avyza8hNwkvpQdmILWSzLwLlfNKeDTIanR47iSXo-00093.jpg": {"object_bounding_box": [474, 772, 138, 168], "object_presence": 1}, "P282--cell-phone--clutter--9Y6Avyza8hNwkvpQdmILWSzLwLlfNKeDTIanR47iSXo-00094.jpg": {"object_bounding_box": [457, 772, 136, 169], "object_presence": 1}, "P282--cell-phone--clutter--9Y6Avyza8hNwkvpQdmILWSzLwLlfNKeDTIanR47iSXo-00095.jpg": {"object_bounding_box": [439, 771, 137, 169], "object_presence": 1}, "P282--cell-phone--clutter--9Y6Avyza8hNwkvpQdmILWSzLwLlfNKeDTIanR47iSXo-00096.jpg": {"object_bounding_box": [420, 772, 136, 168], "object_presence": 1}, "P282--cell-phone--clutter--9Y6Avyza8hNwkvpQdmILWSzLwLlfNKeDTIanR47iSXo-00097.jpg": {"object_bounding_box": [400, 774, 135, 170], "object_presence": 1}, "P282--cell-phone--clutter--9Y6Avyza8hNwkvpQdmILWSzLwLlfNKeDTIanR47iSXo-00098.jpg": {"object_bounding_box": [379, 778, 134, 168], "object_presence": 1}, "P282--cell-phone--clutter--9Y6Avyza8hNwkvpQdmILWSzLwLlfNKeDTIanR47iSXo-00099.jpg": {"object_bounding_box": [357, 784, 136, 169], "object_presence": 1}, "P282--cell-phone--clutter--9Y6Avyza8hNwkvpQdmILWSzLwLlfNKeDTIanR47iSXo-00100.jpg": {"object_bounding_box": [334, 792, 135, 168], "object_presence": 1}, "P282--cell-phone--clutter--9Y6Avyza8hNwkvpQdmILWSzLwLlfNKeDTIanR47iSXo-00101.jpg": {"object_bounding_box": [311, 800, 135, 169], "object_presence": 1}, "P282--cell-phone--clutter--9Y6Avyza8hNwkvpQdmILWSzLwLlfNKeDTIanR47iSXo-00102.jpg": {"object_bounding_box": [288, 806, 133, 170], "object_presence": 1}, "P282--cell-phone--clutter--9Y6Avyza8hNwkvpQdmILWSzLwLlfNKeDTIanR47iSXo-00103.jpg": {"object_bounding_box": [262, 814, 135, 171], "object_presence": 1}, "P282--cell-phone--clutter--9Y6Avyza8hNwkvpQdmILWSzLwLlfNKeDTIanR47iSXo-00104.jpg": {"object_bounding_box": [239, 818, 133, 172], "object_presence": 1}, "P282--cell-phone--clutter--9Y6Avyza8hNwkvpQdmILWSzLwLlfNKeDTIanR47iSXo-00105.jpg": {"object_bounding_box": [215, 821, 137, 173], "object_presence": 1}, "P282--cell-phone--clutter--9Y6Avyza8hNwkvpQdmILWSzLwLlfNKeDTIanR47iSXo-00106.jpg": {"object_bounding_box": [192, 823, 138, 175], "object_presence": 1}, "P282--cell-phone--clutter--9Y6Avyza8hNwkvpQdmILWSzLwLlfNKeDTIanR47iSXo-00107.jpg": {"object_bounding_box": [170, 824, 138, 175], "object_presence": 1}, "P282--cell-phone--clutter--9Y6Avyza8hNwkvpQdmILWSzLwLlfNKeDTIanR47iSXo-00108.jpg": {"object_bounding_box": [148, 826, 139, 174], "object_presence": 1}, "P282--cell-phone--clutter--9Y6Avyza8hNwkvpQdmILWSzLwLlfNKeDTIanR47iSXo-00109.jpg": {"object_bounding_box": [125, 828, 141, 175], "object_presence": 1}, "P282--cell-phone--clutter--9Y6Avyza8hNwkvpQdmILWSzLwLlfNKeDTIanR47iSXo-00110.jpg": {"object_bounding_box": [105, 829, 138, 176], "object_presence": 1}, "P282--cell-phone--clutter--9Y6Avyza8hNwkvpQdmILWSzLwLlfNKeDTIanR47iSXo-00111.jpg": {"object_bounding_box": [83, 830, 140, 176], "object_presence": 1}, "P282--cell-phone--clutter--9Y6Avyza8hNwkvpQdmILWSzLwLlfNKeDTIanR47iSXo-00112.jpg": {"object_bounding_box": [66, 831, 131, 176], "object_presence": 1}, "P282--cell-phone--clutter--9Y6Avyza8hNwkvpQdmILWSzLwLlfNKeDTIanR47iSXo-00113.jpg": {"object_bounding_box": [57, 837, 113, 172], "object_presence": 1}, "P282--cell-phone--clutter--9Y6Avyza8hNwkvpQdmILWSzLwLlfNKeDTIanR47iSXo-00114.jpg": {"object_bounding_box": [47, 845, 95, 169], "object_presence": 1}, "P282--cell-phone--clutter--9Y6Avyza8hNwkvpQdmILWSzLwLlfNKeDTIanR47iSXo-00115.jpg": {"object_bounding_box": [39, 857, 77, 161], "object_presence": 1}, "P282--cell-phone--clutter--9Y6Avyza8hNwkvpQdmILWSzLwLlfNKeDTIanR47iSXo-00116.jpg": {"object_bounding_box": [30, 870, 59, 159], "object_presence": 1}, "P282--cell-phone--clutter--9Y6Avyza8hNwkvpQdmILWSzLwLlfNKeDTIanR47iSXo-00117.jpg": {"object_bounding_box": [23, 886, 45, 158], "object_presence": 1}, "P282--cell-phone--clutter--9Y6Avyza8hNwkvpQdmILWSzLwLlfNKeDTIanR47iSXo-00118.jpg": {"object_bounding_box": [15, 899, 29, 158], "object_presence": 1}, "P282--cell-phone--clutter--9Y6Avyza8hNwkvpQdmILWSzLwLlfNKeDTIanR47iSXo-00119.jpg": {"object_bounding_box": [9, 912, 19, 154], "object_presence": 1}, "P282--cell-phone--clutter--9Y6Avyza8hNwkvpQdmILWSzLwLlfNKeDTIanR47iSXo-00120.jpg": {"object_bounding_box": [4, 930, 8, 143], "object_presence": 1}, "P282--cell-phone--clutter--9Y6Avyza8hNwkvpQdmILWSzLwLlfNKeDTIanR47iSXo-00121.jpg": {"object_bounding_box": [0, 0, 0, 0], "object_presence": 0}, "P282--cell-phone--clutter--9Y6Avyza8hNwkvpQdmILWSzLwLlfNKeDTIanR47iSXo-00122.jpg": {"object_bounding_box": [0, 0, 0, 0], "object_presence": 0}, "P282--cell-phone--clutter--9Y6Avyza8hNwkvpQdmILWSzLwLlfNKeDTIanR47iSXo-00123.jpg": {"object_bounding_box": [0, 0, 0, 0], "object_presence": 0}, "P282--cell-phone--clutter--9Y6Avyza8hNwkvpQdmILWSzLwLlfNKeDTIanR47iSXo-00124.jpg": {"object_bounding_box": [0, 0, 0, 0], "object_presence": 0}, "P282--cell-phone--clutter--9Y6Avyza8hNwkvpQdmILWSzLwLlfNKeDTIanR47iSXo-00125.jpg": {"object_bounding_box": [0, 0, 0, 0], "object_presence": 0}, "P282--cell-phone--clutter--9Y6Avyza8hNwkvpQdmILWSzLwLlfNKeDTIanR47iSXo-00126.jpg": {"object_bounding_box": [0, 0, 0, 0], "object_presence": 0}, "P282--cell-phone--clutter--9Y6Avyza8hNwkvpQdmILWSzLwLlfNKeDTIanR47iSXo-00127.jpg": {"object_bounding_box": [0, 0, 0, 0], "object_presence": 0}, "P282--cell-phone--clutter--9Y6Avyza8hNwkvpQdmILWSzLwLlfNKeDTIanR47iSXo-00128.jpg": {"object_bounding_box": [0, 0, 0, 0], "object_presence": 0}, "P282--cell-phone--clutter--9Y6Avyza8hNwkvpQdmILWSzLwLlfNKeDTIanR47iSXo-00129.jpg": {"object_bounding_box": [0, 0, 0, 0], "object_presence": 0}, "P282--cell-phone--clutter--9Y6Avyza8hNwkvpQdmILWSzLwLlfNKeDTIanR47iSXo-00130.jpg": {"object_bounding_box": [0, 0, 0, 0], "object_presence": 0}, "P282--cell-phone--clutter--9Y6Avyza8hNwkvpQdmILWSzLwLlfNKeDTIanR47iSXo-00131.jpg": {"object_bounding_box": [0, 0, 0, 0], "object_presence": 0}, "P282--cell-phone--clutter--9Y6Avyza8hNwkvpQdmILWSzLwLlfNKeDTIanR47iSXo-00132.jpg": {"object_bounding_box": [0, 0, 0, 0], "object_presence": 0}, "P282--cell-phone--clutter--9Y6Avyza8hNwkvpQdmILWSzLwLlfNKeDTIanR47iSXo-00133.jpg": {"object_bounding_box": [0, 0, 0, 0], "object_presence": 0}, "P282--cell-phone--clutter--9Y6Avyza8hNwkvpQdmILWSzLwLlfNKeDTIanR47iSXo-00134.jpg": {"object_bounding_box": [0, 0, 0, 0], "object_presence": 0}, "P282--cell-phone--clutter--9Y6Avyza8hNwkvpQdmILWSzLwLlfNKeDTIanR47iSXo-00135.jpg": {"object_bounding_box": [0, 0, 0, 0], "object_presence": 0}, "P282--cell-phone--clutter--9Y6Avyza8hNwkvpQdmILWSzLwLlfNKeDTIanR47iSXo-00136.jpg": {"object_bounding_box": [0, 0, 0, 0], "object_presence": 0}, "P282--cell-phone--clutter--9Y6Avyza8hNwkvpQdmILWSzLwLlfNKeDTIanR47iSXo-00137.jpg": {"object_bounding_box": [0, 0, 0, 0], "object_presence": 0}, "P282--cell-phone--clutter--9Y6Avyza8hNwkvpQdmILWSzLwLlfNKeDTIanR47iSXo-00138.jpg": {"object_bounding_box": [0, 0, 0, 0], "object_presence": 0}, "P282--cell-phone--clutter--9Y6Avyza8hNwkvpQdmILWSzLwLlfNKeDTIanR47iSXo-00139.jpg": {"object_bounding_box": [0, 0, 0, 0], "object_presence": 0}, "P282--cell-phone--clutter--9Y6Avyza8hNwkvpQdmILWSzLwLlfNKeDTIanR47iSXo-00140.jpg": {"object_bounding_box": [0, 0, 0, 0], "object_presence": 0}, "P282--cell-phone--clutter--9Y6Avyza8hNwkvpQdmILWSzLwLlfNKeDTIanR47iSXo-00141.jpg": {"object_bounding_box": [0, 0, 0, 0], "object_presence": 0}, "P282--cell-phone--clutter--9Y6Avyza8hNwkvpQdmILWSzLwLlfNKeDTIanR47iSXo-00142.jpg": {"object_bounding_box": [0, 0, 0, 0], "object_presence": 0}, "P282--cell-phone--clutter--9Y6Avyza8hNwkvpQdmILWSzLwLlfNKeDTIanR47iSXo-00143.jpg": {"object_bounding_box": [0, 0, 0, 0], "object_presence": 0}, "P282--cell-phone--clutter--9Y6Avyza8hNwkvpQdmILWSzLwLlfNKeDTIanR47iSXo-00144.jpg": {"object_bounding_box": [0, 0, 0, 0], "object_presence": 0}, "P282--cell-phone--clutter--9Y6Avyza8hNwkvpQdmILWSzLwLlfNKeDTIanR47iSXo-00145.jpg": {"object_bounding_box": [0, 0, 0, 0], "object_presence": 0}, "P282--cell-phone--clutter--9Y6Avyza8hNwkvpQdmILWSzLwLlfNKeDTIanR47iSXo-00146.jpg": {"object_bounding_box": [0, 0, 0, 0], "object_presence": 0}, "P282--cell-phone--clutter--9Y6Avyza8hNwkvpQdmILWSzLwLlfNKeDTIanR47iSXo-00147.jpg": {"object_bounding_box": [0, 0, 0, 0], "object_presence": 0}, "P282--cell-phone--clutter--9Y6Avyza8hNwkvpQdmILWSzLwLlfNKeDTIanR47iSXo-00148.jpg": {"object_bounding_box": [0, 0, 0, 0], "object_presence": 0}, "P282--cell-phone--clutter--9Y6Avyza8hNwkvpQdmILWSzLwLlfNKeDTIanR47iSXo-00149.jpg": {"object_bounding_box": [0, 0, 0, 0], "object_presence": 0}, "P282--cell-phone--clutter--9Y6Avyza8hNwkvpQdmILWSzLwLlfNKeDTIanR47iSXo-00150.jpg": {"object_bounding_box": [0, 0, 0, 0], "object_presence": 0}, "P282--cell-phone--clutter--9Y6Avyza8hNwkvpQdmILWSzLwLlfNKeDTIanR47iSXo-00151.jpg": {"object_bounding_box": [0, 0, 0, 0], "object_presence": 0}, "P282--cell-phone--clutter--9Y6Avyza8hNwkvpQdmILWSzLwLlfNKeDTIanR47iSXo-00152.jpg": {"object_bounding_box": [0, 0, 0, 0], "object_presence": 0}, "P282--cell-phone--clutter--9Y6Avyza8hNwkvpQdmILWSzLwLlfNKeDTIanR47iSXo-00153.jpg": {"object_bounding_box": [0, 0, 0, 0], "object_presence": 0}, "P282--cell-phone--clutter--9Y6Avyza8hNwkvpQdmILWSzLwLlfNKeDTIanR47iSXo-00154.jpg": {"object_bounding_box": [0, 0, 0, 0], "object_presence": 0}, "P282--cell-phone--clutter--9Y6Avyza8hNwkvpQdmILWSzLwLlfNKeDTIanR47iSXo-00155.jpg": {"object_bounding_box": [0, 0, 0, 0], "object_presence": 0}, "P282--cell-phone--clutter--9Y6Avyza8hNwkvpQdmILWSzLwLlfNKeDTIanR47iSXo-00156.jpg": {"object_bounding_box": [0, 0, 0, 0], "object_presence": 0}, "P282--cell-phone--clutter--9Y6Avyza8hNwkvpQdmILWSzLwLlfNKeDTIanR47iSXo-00157.jpg": {"object_bounding_box": [0, 0, 0, 0], "object_presence": 0}, "P282--cell-phone--clutter--9Y6Avyza8hNwkvpQdmILWSzLwLlfNKeDTIanR47iSXo-00158.jpg": {"object_bounding_box": [0, 0, 0, 0], "object_presence": 0}, "P282--cell-phone--clutter--9Y6Avyza8hNwkvpQdmILWSzLwLlfNKeDTIanR47iSXo-00159.jpg": {"object_bounding_box": [0, 0, 0, 0], "object_presence": 0}, "P282--cell-phone--clutter--9Y6Avyza8hNwkvpQdmILWSzLwLlfNKeDTIanR47iSXo-00160.jpg": {"object_bounding_box": [0, 0, 0, 0], "object_presence": 0}, "P282--cell-phone--clutter--9Y6Avyza8hNwkvpQdmILWSzLwLlfNKeDTIanR47iSXo-00161.jpg": {"object_bounding_box": [0, 0, 0, 0], "object_presence": 0}, "P282--cell-phone--clutter--9Y6Avyza8hNwkvpQdmILWSzLwLlfNKeDTIanR47iSXo-00162.jpg": {"object_bounding_box": [0, 0, 0, 0], "object_presence": 0}, "P282--cell-phone--clutter--9Y6Avyza8hNwkvpQdmILWSzLwLlfNKeDTIanR47iSXo-00163.jpg": {"object_bounding_box": [0, 0, 0, 0], "object_presence": 0}, "P282--cell-phone--clutter--9Y6Avyza8hNwkvpQdmILWSzLwLlfNKeDTIanR47iSXo-00164.jpg": {"object_bounding_box": [0, 0, 0, 0], "object_presence": 0}, "P282--cell-phone--clutter--9Y6Avyza8hNwkvpQdmILWSzLwLlfNKeDTIanR47iSXo-00165.jpg": {"object_bounding_box": [0, 0, 0, 0], "object_presence": 0}, "P282--cell-phone--clutter--9Y6Avyza8hNwkvpQdmILWSzLwLlfNKeDTIanR47iSXo-00166.jpg": {"object_bounding_box": [0, 0, 0, 0], "object_presence": 0}, "P282--cell-phone--clutter--9Y6Avyza8hNwkvpQdmILWSzLwLlfNKeDTIanR47iSXo-00167.jpg": {"object_bounding_box": [0, 0, 0, 0], "object_presence": 0}, "P282--cell-phone--clutter--9Y6Avyza8hNwkvpQdmILWSzLwLlfNKeDTIanR47iSXo-00168.jpg": {"object_bounding_box": [0, 0, 0, 0], "object_presence": 0}, "P282--cell-phone--clutter--9Y6Avyza8hNwkvpQdmILWSzLwLlfNKeDTIanR47iSXo-00169.jpg": {"object_bounding_box": [0, 0, 0, 0], "object_presence": 0}, "P282--cell-phone--clutter--9Y6Avyza8hNwkvpQdmILWSzLwLlfNKeDTIanR47iSXo-00170.jpg": {"object_bounding_box": [0, 0, 0, 0], "object_presence": 0}, "P282--cell-phone--clutter--9Y6Avyza8hNwkvpQdmILWSzLwLlfNKeDTIanR47iSXo-00171.jpg": {"object_bounding_box": [0, 0, 0, 0], "object_presence": 0}, "P282--cell-phone--clutter--9Y6Avyza8hNwkvpQdmILWSzLwLlfNKeDTIanR47iSXo-00172.jpg": {"object_bounding_box": [0, 0, 0, 0], "object_presence": 0}, "P282--cell-phone--clutter--9Y6Avyza8hNwkvpQdmILWSzLwLlfNKeDTIanR47iSXo-00173.jpg": {"object_bounding_box": [0, 0, 0, 0], "object_presence": 0}, "P282--cell-phone--clutter--9Y6Avyza8hNwkvpQdmILWSzLwLlfNKeDTIanR47iSXo-00174.jpg": {"object_bounding_box": [0, 0, 0, 0], "object_presence": 0}, "P282--cell-phone--clutter--9Y6Avyza8hNwkvpQdmILWSzLwLlfNKeDTIanR47iSXo-00175.jpg": {"object_bounding_box": [0, 0, 0, 0], "object_presence": 0}, "P282--cell-phone--clutter--9Y6Avyza8hNwkvpQdmILWSzLwLlfNKeDTIanR47iSXo-00176.jpg": {"object_bounding_box": [0, 0, 0, 0], "object_presence": 0}, "P282--cell-phone--clutter--9Y6Avyza8hNwkvpQdmILWSzLwLlfNKeDTIanR47iSXo-00177.jpg": {"object_bounding_box": [0, 0, 0, 0], "object_presence": 0}, "P282--cell-phone--clutter--9Y6Avyza8hNwkvpQdmILWSzLwLlfNKeDTIanR47iSXo-00178.jpg": {"object_bounding_box": [0, 0, 0, 0], "object_presence": 0}, "P282--cell-phone--clutter--9Y6Avyza8hNwkvpQdmILWSzLwLlfNKeDTIanR47iSXo-00179.jpg": {"object_bounding_box": [0, 0, 0, 0], "object_presence": 0}, "P282--cell-phone--clutter--9Y6Avyza8hNwkvpQdmILWSzLwLlfNKeDTIanR47iSXo-00180.jpg": {"object_bounding_box": [0, 0, 0, 0], "object_presence": 0}, "P282--cell-phone--clutter--9Y6Avyza8hNwkvpQdmILWSzLwLlfNKeDTIanR47iSXo-00181.jpg": {"object_bounding_box": [0, 0, 0, 0], "object_presence": 0}, "P282--cell-phone--clutter--9Y6Avyza8hNwkvpQdmILWSzLwLlfNKeDTIanR47iSXo-00182.jpg": {"object_bounding_box": [0, 0, 0, 0], "object_presence": 0}, "P282--cell-phone--clutter--9Y6Avyza8hNwkvpQdmILWSzLwLlfNKeDTIanR47iSXo-00183.jpg": {"object_bounding_box": [0, 0, 0, 0], "object_presence": 0}, "P282--cell-phone--clutter--9Y6Avyza8hNwkvpQdmILWSzLwLlfNKeDTIanR47iSXo-00184.jpg": {"object_bounding_box": [0, 0, 0, 0], "object_presence": 0}, "P282--cell-phone--clutter--9Y6Avyza8hNwkvpQdmILWSzLwLlfNKeDTIanR47iSXo-00185.jpg": {"object_bounding_box": [0, 0, 0, 0], "object_presence": 0}, "P282--cell-phone--clutter--9Y6Avyza8hNwkvpQdmILWSzLwLlfNKeDTIanR47iSXo-00186.jpg": {"object_bounding_box": [0, 0, 0, 0], "object_presence": 0}, "P282--cell-phone--clutter--9Y6Avyza8hNwkvpQdmILWSzLwLlfNKeDTIanR47iSXo-00187.jpg": {"object_bounding_box": [0, 0, 0, 0], "object_presence": 0}, "P282--cell-phone--clutter--9Y6Avyza8hNwkvpQdmILWSzLwLlfNKeDTIanR47iSXo-00188.jpg": {"object_bounding_box": [0, 0, 0, 0], "object_presence": 0}, "P282--cell-phone--clutter--9Y6Avyza8hNwkvpQdmILWSzLwLlfNKeDTIanR47iSXo-00189.jpg": {"object_bounding_box": [0, 0, 0, 0], "object_presence": 0}, "P282--cell-phone--clutter--9Y6Avyza8hNwkvpQdmILWSzLwLlfNKeDTIanR47iSXo-00190.jpg": {"object_bounding_box": [0, 0, 0, 0], "object_presence": 0}, "P282--cell-phone--clutter--9Y6Avyza8hNwkvpQdmILWSzLwLlfNKeDTIanR47iSXo-00191.jpg": {"object_bounding_box": [0, 0, 0, 0], "object_presence": 0}, "P282--cell-phone--clutter--9Y6Avyza8hNwkvpQdmILWSzLwLlfNKeDTIanR47iSXo-00192.jpg": {"object_bounding_box": [0, 0, 0, 0], "object_presence": 0}, "P282--cell-phone--clutter--9Y6Avyza8hNwkvpQdmILWSzLwLlfNKeDTIanR47iSXo-00193.jpg": {"object_bounding_box": [0, 0, 0, 0], "object_presence": 0}, "P282--cell-phone--clutter--9Y6Avyza8hNwkvpQdmILWSzLwLlfNKeDTIanR47iSXo-00194.jpg": {"object_bounding_box": [0, 0, 0, 0], "object_presence": 0}, "P282--cell-phone--clutter--9Y6Avyza8hNwkvpQdmILWSzLwLlfNKeDTIanR47iSXo-00195.jpg": {"object_bounding_box": [0, 0, 0, 0], "object_presence": 0}, "P282--cell-phone--clutter--9Y6Avyza8hNwkvpQdmILWSzLwLlfNKeDTIanR47iSXo-00196.jpg": {"object_bounding_box": [0, 0, 0, 0], "object_presence": 0}, "P282--cell-phone--clutter--9Y6Avyza8hNwkvpQdmILWSzLwLlfNKeDTIanR47iSXo-00197.jpg": {"object_bounding_box": [0, 0, 0, 0], "object_presence": 0}, "P282--cell-phone--clutter--9Y6Avyza8hNwkvpQdmILWSzLwLlfNKeDTIanR47iSXo-00198.jpg": {"object_bounding_box": [0, 0, 0, 0], "object_presence": 0}, "P282--cell-phone--clutter--9Y6Avyza8hNwkvpQdmILWSzLwLlfNKeDTIanR47iSXo-00199.jpg": {"object_bounding_box": [0, 0, 0, 0], "object_presence": 0}, "P282--cell-phone--clutter--9Y6Avyza8hNwkvpQdmILWSzLwLlfNKeDTIanR47iSXo-00200.jpg": {"object_bounding_box": [0, 0, 0, 0], "object_presence": 0}, "P282--cell-phone--clutter--9Y6Avyza8hNwkvpQdmILWSzLwLlfNKeDTIanR47iSXo-00201.jpg": {"object_bounding_box": [0, 0, 0, 0], "object_presence": 0}, "P282--cell-phone--clutter--9Y6Avyza8hNwkvpQdmILWSzLwLlfNKeDTIanR47iSXo-00202.jpg": {"object_bounding_box": [0, 0, 0, 0], "object_presence": 0}, "P282--cell-phone--clutter--9Y6Avyza8hNwkvpQdmILWSzLwLlfNKeDTIanR47iSXo-00203.jpg": {"object_bounding_box": [0, 0, 0, 0], "object_presence": 0}, "P282--cell-phone--clutter--9Y6Avyza8hNwkvpQdmILWSzLwLlfNKeDTIanR47iSXo-00204.jpg": {"object_bounding_box": [0, 0, 0, 0], "object_presence": 0}, "P282--cell-phone--clutter--9Y6Avyza8hNwkvpQdmILWSzLwLlfNKeDTIanR47iSXo-00205.jpg": {"object_bounding_box": [0, 0, 0, 0], "object_presence": 0}, "P282--cell-phone--clutter--9Y6Avyza8hNwkvpQdmILWSzLwLlfNKeDTIanR47iSXo-00206.jpg": {"object_bounding_box": [0, 0, 0, 0], "object_presence": 0}, "P282--cell-phone--clutter--9Y6Avyza8hNwkvpQdmILWSzLwLlfNKeDTIanR47iSXo-00207.jpg": {"object_bounding_box": [0, 0, 0, 0], "object_presence": 0}, "P282--cell-phone--clutter--9Y6Avyza8hNwkvpQdmILWSzLwLlfNKeDTIanR47iSXo-00208.jpg": {"object_bounding_box": [0, 0, 0, 0], "object_presence": 0}, "P282--cell-phone--clutter--9Y6Avyza8hNwkvpQdmILWSzLwLlfNKeDTIanR47iSXo-00209.jpg": {"object_bounding_box": [0, 0, 0, 0], "object_presence": 0}, "P282--cell-phone--clutter--9Y6Avyza8hNwkvpQdmILWSzLwLlfNKeDTIanR47iSXo-00210.jpg": {"object_bounding_box": [0, 0, 0, 0], "object_presence": 0}, "P282--cell-phone--clutter--9Y6Avyza8hNwkvpQdmILWSzLwLlfNKeDTIanR47iSXo-00211.jpg": {"object_bounding_box": [0, 0, 0, 0], "object_presence": 0}, "P282--cell-phone--clutter--9Y6Avyza8hNwkvpQdmILWSzLwLlfNKeDTIanR47iSXo-00212.jpg": {"object_bounding_box": [0, 0, 0, 0], "object_presence": 0}, "P282--cell-phone--clutter--9Y6Avyza8hNwkvpQdmILWSzLwLlfNKeDTIanR47iSXo-00213.jpg": {"object_bounding_box": [0, 0, 0, 0], "object_presence": 0}, "P282--cell-phone--clutter--9Y6Avyza8hNwkvpQdmILWSzLwLlfNKeDTIanR47iSXo-00214.jpg": {"object_bounding_box": [0, 0, 0, 0], "object_presence": 0}, "P282--cell-phone--clutter--9Y6Avyza8hNwkvpQdmILWSzLwLlfNKeDTIanR47iSXo-00215.jpg": {"object_bounding_box": [0, 0, 0, 0], "object_presence": 0}, "P282--cell-phone--clutter--9Y6Avyza8hNwkvpQdmILWSzLwLlfNKeDTIanR47iSXo-00216.jpg": {"object_bounding_box": [0, 0, 0, 0], "object_presence": 0}, "P282--cell-phone--clutter--9Y6Avyza8hNwkvpQdmILWSzLwLlfNKeDTIanR47iSXo-00217.jpg": {"object_bounding_box": [0, 0, 0, 0], "object_presence": 0}, "P282--cell-phone--clutter--9Y6Avyza8hNwkvpQdmILWSzLwLlfNKeDTIanR47iSXo-00218.jpg": {"object_bounding_box": [0, 0, 0, 0], "object_presence": 0}, "P282--cell-phone--clutter--9Y6Avyza8hNwkvpQdmILWSzLwLlfNKeDTIanR47iSXo-00219.jpg": {"object_bounding_box": [0, 0, 0, 0], "object_presence": 0}, "P282--cell-phone--clutter--9Y6Avyza8hNwkvpQdmILWSzLwLlfNKeDTIanR47iSXo-00220.jpg": {"object_bounding_box": [0, 0, 0, 0], "object_presence": 0}, "P282--cell-phone--clutter--9Y6Avyza8hNwkvpQdmILWSzLwLlfNKeDTIanR47iSXo-00221.jpg": {"object_bounding_box": [0, 0, 0, 0], "object_presence": 0}, "P282--cell-phone--clutter--9Y6Avyza8hNwkvpQdmILWSzLwLlfNKeDTIanR47iSXo-00222.jpg": {"object_bounding_box": [0, 0, 0, 0], "object_presence": 0}, "P282--cell-phone--clutter--9Y6Avyza8hNwkvpQdmILWSzLwLlfNKeDTIanR47iSXo-00223.jpg": {"object_bounding_box": [0, 0, 0, 0], "object_presence": 0}, "P282--cell-phone--clutter--9Y6Avyza8hNwkvpQdmILWSzLwLlfNKeDTIanR47iSXo-00224.jpg": {"object_bounding_box": [0, 0, 0, 0], "object_presence": 0}, "P282--cell-phone--clutter--9Y6Avyza8hNwkvpQdmILWSzLwLlfNKeDTIanR47iSXo-00225.jpg": {"object_bounding_box": [0, 0, 0, 0], "object_presence": 0}, "P282--cell-phone--clutter--9Y6Avyza8hNwkvpQdmILWSzLwLlfNKeDTIanR47iSXo-00226.jpg": {"object_bounding_box": [0, 0, 0, 0], "object_presence": 0}, "P282--cell-phone--clutter--9Y6Avyza8hNwkvpQdmILWSzLwLlfNKeDTIanR47iSXo-00227.jpg": {"object_bounding_box": [0, 0, 0, 0], "object_presence": 0}, "P282--cell-phone--clutter--9Y6Avyza8hNwkvpQdmILWSzLwLlfNKeDTIanR47iSXo-00228.jpg": {"object_bounding_box": [0, 0, 0, 0], "object_presence": 0}, "P282--cell-phone--clutter--9Y6Avyza8hNwkvpQdmILWSzLwLlfNKeDTIanR47iSXo-00229.jpg": {"object_bounding_box": [0, 0, 0, 0], "object_presence": 0}, "P282--cell-phone--clutter--9Y6Avyza8hNwkvpQdmILWSzLwLlfNKeDTIanR47iSXo-00230.jpg": {"object_bounding_box": [0, 0, 0, 0], "object_presence": 0}, "P282--cell-phone--clutter--9Y6Avyza8hNwkvpQdmILWSzLwLlfNKeDTIanR47iSXo-00231.jpg": {"object_bounding_box": [0, 0, 0, 0], "object_presence": 0}, "P282--cell-phone--clutter--9Y6Avyza8hNwkvpQdmILWSzLwLlfNKeDTIanR47iSXo-00232.jpg": {"object_bounding_box": [0, 0, 0, 0], "object_presence": 0}, "P282--cell-phone--clutter--9Y6Avyza8hNwkvpQdmILWSzLwLlfNKeDTIanR47iSXo-00233.jpg": {"object_bounding_box": [0, 0, 0, 0], "object_presence": 0}, "P282--cell-phone--clutter--9Y6Avyza8hNwkvpQdmILWSzLwLlfNKeDTIanR47iSXo-00234.jpg": {"object_bounding_box": [0, 0, 0, 0], "object_presence": 0}, "P282--cell-phone--clutter--9Y6Avyza8hNwkvpQdmILWSzLwLlfNKeDTIanR47iSXo-00235.jpg": {"object_bounding_box": [0, 0, 0, 0], "object_presence": 0}, "P282--cell-phone--clutter--9Y6Avyza8hNwkvpQdmILWSzLwLlfNKeDTIanR47iSXo-00236.jpg": {"object_bounding_box": [0, 0, 0, 0], "object_presence": 0}, "P282--cell-phone--clutter--9Y6Avyza8hNwkvpQdmILWSzLwLlfNKeDTIanR47iSXo-00237.jpg": {"object_bounding_box": [0, 0, 0, 0], "object_presence": 0}, "P282--cell-phone--clutter--9Y6Avyza8hNwkvpQdmILWSzLwLlfNKeDTIanR47iSXo-00238.jpg": {"object_bounding_box": [0, 0, 0, 0], "object_presence": 0}, "P282--cell-phone--clutter--9Y6Avyza8hNwkvpQdmILWSzLwLlfNKeDTIanR47iSXo-00239.jpg": {"object_bounding_box": [0, 0, 0, 0], "object_presence": 0}, "P282--cell-phone--clutter--9Y6Avyza8hNwkvpQdmILWSzLwLlfNKeDTIanR47iSXo-00240.jpg": {"object_bounding_box": [0, 0, 0, 0], "object_presence": 0}, "P282--cell-phone--clutter--9Y6Avyza8hNwkvpQdmILWSzLwLlfNKeDTIanR47iSXo-00241.jpg": {"object_bounding_box": [0, 0, 0, 0], "object_presence": 0}, "P282--cell-phone--clutter--9Y6Avyza8hNwkvpQdmILWSzLwLlfNKeDTIanR47iSXo-00242.jpg": {"object_bounding_box": [0, 0, 0, 0], "object_presence": 0}, "P282--cell-phone--clutter--9Y6Avyza8hNwkvpQdmILWSzLwLlfNKeDTIanR47iSXo-00243.jpg": {"object_bounding_box": [0, 0, 0, 0], "object_presence": 0}, "P282--cell-phone--clutter--9Y6Avyza8hNwkvpQdmILWSzLwLlfNKeDTIanR47iSXo-00244.jpg": {"object_bounding_box": [0, 0, 0, 0], "object_presence": 0}, "P282--cell-phone--clutter--9Y6Avyza8hNwkvpQdmILWSzLwLlfNKeDTIanR47iSXo-00245.jpg": {"object_bounding_box": [0, 0, 0, 0], "object_presence": 0}, "P282--cell-phone--clutter--9Y6Avyza8hNwkvpQdmILWSzLwLlfNKeDTIanR47iSXo-00246.jpg": {"object_bounding_box": [0, 0, 0, 0], "object_presence": 0}, "P282--cell-phone--clutter--9Y6Avyza8hNwkvpQdmILWSzLwLlfNKeDTIanR47iSXo-00247.jpg": {"object_bounding_box": [0, 0, 0, 0], "object_presence": 0}, "P282--cell-phone--clutter--9Y6Avyza8hNwkvpQdmILWSzLwLlfNKeDTIanR47iSXo-00248.jpg": {"object_bounding_box": [0, 0, 0, 0], "object_presence": 0}, "P282--cell-phone--clutter--9Y6Avyza8hNwkvpQdmILWSzLwLlfNKeDTIanR47iSXo-00249.jpg": {"object_bounding_box": [0, 0, 0, 0], "object_presence": 0}, "P282--cell-phone--clutter--9Y6Avyza8hNwkvpQdmILWSzLwLlfNKeDTIanR47iSXo-00250.jpg": {"object_bounding_box": [0, 0, 0, 0], "object_presence": 0}, "P282--cell-phone--clutter--9Y6Avyza8hNwkvpQdmILWSzLwLlfNKeDTIanR47iSXo-00251.jpg": {"object_bounding_box": [0, 0, 0, 0], "object_presence": 0}, "P282--cell-phone--clutter--9Y6Avyza8hNwkvpQdmILWSzLwLlfNKeDTIanR47iSXo-00252.jpg": {"object_bounding_box": [0, 0, 0, 0], "object_presence": 0}, "P282--cell-phone--clutter--9Y6Avyza8hNwkvpQdmILWSzLwLlfNKeDTIanR47iSXo-00253.jpg": {"object_bounding_box": [0, 0, 0, 0], "object_presence": 0}, "P282--cell-phone--clutter--9Y6Avyza8hNwkvpQdmILWSzLwLlfNKeDTIanR47iSXo-00254.jpg": {"object_bounding_box": [0, 0, 0, 0], "object_presence": 0}, "P282--cell-phone--clutter--9Y6Avyza8hNwkvpQdmILWSzLwLlfNKeDTIanR47iSXo-00255.jpg": {"object_bounding_box": [0, 0, 0, 0], "object_presence": 0}, "P282--cell-phone--clutter--9Y6Avyza8hNwkvpQdmILWSzLwLlfNKeDTIanR47iSXo-00256.jpg": {"object_bounding_box": [0, 0, 0, 0], "object_presence": 0}, "P282--cell-phone--clutter--9Y6Avyza8hNwkvpQdmILWSzLwLlfNKeDTIanR47iSXo-00257.jpg": {"object_bounding_box": [0, 0, 0, 0], "object_presence": 0}, "P282--cell-phone--clutter--9Y6Avyza8hNwkvpQdmILWSzLwLlfNKeDTIanR47iSXo-00258.jpg": {"object_bounding_box": [0, 0, 0, 0], "object_presence": 0}, "P282--cell-phone--clutter--9Y6Avyza8hNwkvpQdmILWSzLwLlfNKeDTIanR47iSXo-00259.jpg": {"object_bounding_box": [0, 0, 0, 0], "object_presence": 0}, "P282--cell-phone--clutter--9Y6Avyza8hNwkvpQdmILWSzLwLlfNKeDTIanR47iSXo-00260.jpg": {"object_bounding_box": [0, 0, 0, 0], "object_presence": 0}, "P282--cell-phone--clutter--9Y6Avyza8hNwkvpQdmILWSzLwLlfNKeDTIanR47iSXo-00261.jpg": {"object_bounding_box": [0, 0, 0, 0], "object_presence": 0}, "P282--cell-phone--clutter--9Y6Avyza8hNwkvpQdmILWSzLwLlfNKeDTIanR47iSXo-00262.jpg": {"object_bounding_box": [0, 0, 0, 0], "object_presence": 0}, "P282--cell-phone--clutter--9Y6Avyza8hNwkvpQdmILWSzLwLlfNKeDTIanR47iSXo-00263.jpg": {"object_bounding_box": [0, 0, 0, 0], "object_presence": 0}, "P282--cell-phone--clutter--9Y6Avyza8hNwkvpQdmILWSzLwLlfNKeDTIanR47iSXo-00264.jpg": {"object_bounding_box": [0, 0, 0, 0], "object_presence": 0}, "P282--cell-phone--clutter--9Y6Avyza8hNwkvpQdmILWSzLwLlfNKeDTIanR47iSXo-00265.jpg": {"object_bounding_box": [0, 0, 0, 0], "object_presence": 0}, "P282--cell-phone--clutter--9Y6Avyza8hNwkvpQdmILWSzLwLlfNKeDTIanR47iSXo-00266.jpg": {"object_bounding_box": [0, 0, 0, 0], "object_presence": 0}, "P282--cell-phone--clutter--9Y6Avyza8hNwkvpQdmILWSzLwLlfNKeDTIanR47iSXo-00267.jpg": {"object_bounding_box": [0, 0, 0, 0], "object_presence": 0}, "P282--cell-phone--clutter--9Y6Avyza8hNwkvpQdmILWSzLwLlfNKeDTIanR47iSXo-00268.jpg": {"object_bounding_box": [0, 0, 0, 0], "object_presence": 0}, "P282--cell-phone--clutter--9Y6Avyza8hNwkvpQdmILWSzLwLlfNKeDTIanR47iSXo-00269.jpg": {"object_bounding_box": [0, 0, 0, 0], "object_presence": 0}, "P282--cell-phone--clutter--9Y6Avyza8hNwkvpQdmILWSzLwLlfNKeDTIanR47iSXo-00270.jpg": {"object_bounding_box": [0, 0, 0, 0], "object_presence": 0}, "P282--cell-phone--clutter--9Y6Avyza8hNwkvpQdmILWSzLwLlfNKeDTIanR47iSXo-00271.jpg": {"object_bounding_box": [0, 0, 0, 0], "object_presence": 0}, "P282--cell-phone--clutter--9Y6Avyza8hNwkvpQdmILWSzLwLlfNKeDTIanR47iSXo-00272.jpg": {"object_bounding_box": [0, 0, 0, 0], "object_presence": 0}, "P282--cell-phone--clutter--9Y6Avyza8hNwkvpQdmILWSzLwLlfNKeDTIanR47iSXo-00273.jpg": {"object_bounding_box": [0, 0, 0, 0], "object_presence": 0}, "P282--cell-phone--clutter--9Y6Avyza8hNwkvpQdmILWSzLwLlfNKeDTIanR47iSXo-00274.jpg": {"object_bounding_box": [0, 0, 0, 0], "object_presence": 0}, "P282--cell-phone--clutter--9Y6Avyza8hNwkvpQdmILWSzLwLlfNKeDTIanR47iSXo-00275.jpg": {"object_bounding_box": [0, 0, 0, 0], "object_presence": 0}, "P282--cell-phone--clutter--9Y6Avyza8hNwkvpQdmILWSzLwLlfNKeDTIanR47iSXo-00276.jpg": {"object_bounding_box": [0, 0, 0, 0], "object_presence": 0}, "P282--cell-phone--clutter--9Y6Avyza8hNwkvpQdmILWSzLwLlfNKeDTIanR47iSXo-00277.jpg": {"object_bounding_box": [0, 0, 0, 0], "object_presence": 0}, "P282--cell-phone--clutter--9Y6Avyza8hNwkvpQdmILWSzLwLlfNKeDTIanR47iSXo-00278.jpg": {"object_bounding_box": [0, 0, 0, 0], "object_presence": 0}, "P282--cell-phone--clutter--9Y6Avyza8hNwkvpQdmILWSzLwLlfNKeDTIanR47iSXo-00279.jpg": {"object_bounding_box": [0, 0, 0, 0], "object_presence": 0}, "P282--cell-phone--clutter--9Y6Avyza8hNwkvpQdmILWSzLwLlfNKeDTIanR47iSXo-00280.jpg": {"object_bounding_box": [0, 0, 0, 0], "object_presence": 0}, "P282--cell-phone--clutter--9Y6Avyza8hNwkvpQdmILWSzLwLlfNKeDTIanR47iSXo-00281.jpg": {"object_bounding_box": [0, 0, 0, 0], "object_presence": 0}, "P282--cell-phone--clutter--9Y6Avyza8hNwkvpQdmILWSzLwLlfNKeDTIanR47iSXo-00282.jpg": {"object_bounding_box": [4, 400, 8, 62], "object_presence": 1}, "P282--cell-phone--clutter--9Y6Avyza8hNwkvpQdmILWSzLwLlfNKeDTIanR47iSXo-00283.jpg": {"object_bounding_box": [14, 360, 28, 153], "object_presence": 1}, "P282--cell-phone--clutter--9Y6Avyza8hNwkvpQdmILWSzLwLlfNKeDTIanR47iSXo-00284.jpg": {"object_bounding_box": [26, 356, 51, 161], "object_presence": 1}, "P282--cell-phone--clutter--9Y6Avyza8hNwkvpQdmILWSzLwLlfNKeDTIanR47iSXo-00285.jpg": {"object_bounding_box": [36, 352, 72, 159], "object_presence": 1}, "P282--cell-phone--clutter--9Y6Avyza8hNwkvpQdmILWSzLwLlfNKeDTIanR47iSXo-00286.jpg": {"object_bounding_box": [46, 352, 93, 168], "object_presence": 1}, "P282--cell-phone--clutter--9Y6Avyza8hNwkvpQdmILWSzLwLlfNKeDTIanR47iSXo-00287.jpg": {"object_bounding_box": [56, 348, 113, 169], "object_presence": 1}, "P282--cell-phone--clutter--9Y6Avyza8hNwkvpQdmILWSzLwLlfNKeDTIanR47iSXo-00288.jpg": {"object_bounding_box": [67, 342, 134, 170], "object_presence": 1}, "P282--cell-phone--clutter--9Y6Avyza8hNwkvpQdmILWSzLwLlfNKeDTIanR47iSXo-00289.jpg": {"object_bounding_box": [80, 334, 145, 167], "object_presence": 1}, "P282--cell-phone--clutter--9Y6Avyza8hNwkvpQdmILWSzLwLlfNKeDTIanR47iSXo-00290.jpg": {"object_bounding_box": [99, 328, 146, 168], "object_presence": 1}, "P282--cell-phone--clutter--9Y6Avyza8hNwkvpQdmILWSzLwLlfNKeDTIanR47iSXo-00291.jpg": {"object_bounding_box": [118, 321, 144, 168], "object_presence": 1}, "P282--cell-phone--clutter--9Y6Avyza8hNwkvpQdmILWSzLwLlfNKeDTIanR47iSXo-00292.jpg": {"object_bounding_box": [137, 315, 146, 167], "object_presence": 1}, "P282--cell-phone--clutter--9Y6Avyza8hNwkvpQdmILWSzLwLlfNKeDTIanR47iSXo-00293.jpg": {"object_bounding_box": [156, 310, 144, 168], "object_presence": 1}, "P282--cell-phone--clutter--9Y6Avyza8hNwkvpQdmILWSzLwLlfNKeDTIanR47iSXo-00294.jpg": {"object_bounding_box": [175, 307, 142, 167], "object_presence": 1}, "P282--cell-phone--clutter--9Y6Avyza8hNwkvpQdmILWSzLwLlfNKeDTIanR47iSXo-00295.jpg": {"object_bounding_box": [194, 302, 141, 166], "object_presence": 1}, "P282--cell-phone--clutter--9Y6Avyza8hNwkvpQdmILWSzLwLlfNKeDTIanR47iSXo-00296.jpg": {"object_bounding_box": [213, 299, 141, 165], "object_presence": 1}, "P282--cell-phone--clutter--9Y6Avyza8hNwkvpQdmILWSzLwLlfNKeDTIanR47iSXo-00297.jpg": {"object_bounding_box": [235, 294, 138, 166], "object_presence": 1}, "P282--cell-phone--clutter--9Y6Avyza8hNwkvpQdmILWSzLwLlfNKeDTIanR47iSXo-00298.jpg": {"object_bounding_box": [257, 290, 137, 165], "object_presence": 1}, "P282--cell-phone--clutter--9Y6Avyza8hNwkvpQdmILWSzLwLlfNKeDTIanR47iSXo-00299.jpg": {"object_bounding_box": [279, 284, 139, 164], "object_presence": 1}, "P282--cell-phone--clutter--9Y6Avyza8hNwkvpQdmILWSzLwLlfNKeDTIanR47iSXo-00300.jpg": {"object_bounding_box": [303, 278, 138, 161], "object_presence": 1}, "P282--cell-phone--clutter--9Y6Avyza8hNwkvpQdmILWSzLwLlfNKeDTIanR47iSXo-00301.jpg": {"object_bounding_box": [328, 269, 136, 161], "object_presence": 1}, "P282--cell-phone--clutter--9Y6Avyza8hNwkvpQdmILWSzLwLlfNKeDTIanR47iSXo-00302.jpg": {"object_bounding_box": [351, 257, 134, 157], "object_presence": 1}, "P282--cell-phone--clutter--9Y6Avyza8hNwkvpQdmILWSzLwLlfNKeDTIanR47iSXo-00303.jpg": {"object_bounding_box": [377, 244, 135, 155], "object_presence": 1}, "P282--cell-phone--clutter--9Y6Avyza8hNwkvpQdmILWSzLwLlfNKeDTIanR47iSXo-00304.jpg": {"object_bounding_box": [402, 228, 135, 155], "object_presence": 1}, "P282--cell-phone--clutter--9Y6Avyza8hNwkvpQdmILWSzLwLlfNKeDTIanR47iSXo-00305.jpg": {"object_bounding_box": [427, 212, 138, 155], "object_presence": 1}, "P282--cell-phone--clutter--9Y6Avyza8hNwkvpQdmILWSzLwLlfNKeDTIanR47iSXo-00306.jpg": {"object_bounding_box": [450, 195, 138, 157], "object_presence": 1}, "P282--cell-phone--clutter--9Y6Avyza8hNwkvpQdmILWSzLwLlfNKeDTIanR47iSXo-00307.jpg": {"object_bounding_box": [471, 176, 142, 156], "object_presence": 1}, "P282--cell-phone--clutter--9Y6Avyza8hNwkvpQdmILWSzLwLlfNKeDTIanR47iSXo-00308.jpg": {"object_bounding_box": [493, 160, 143, 159], "object_presence": 1}, "P282--cell-phone--clutter--9Y6Avyza8hNwkvpQdmILWSzLwLlfNKeDTIanR47iSXo-00309.jpg": {"object_bounding_box": [514, 146, 142, 161], "object_presence": 1}, "P282--cell-phone--clutter--9Y6Avyza8hNwkvpQdmILWSzLwLlfNKeDTIanR47iSXo-00310.jpg": {"object_bounding_box": [535, 130, 144, 159], "object_presence": 1}, "P282--cell-phone--clutter--9Y6Avyza8hNwkvpQdmILWSzLwLlfNKeDTIanR47iSXo-00311.jpg": {"object_bounding_box": [556, 114, 145, 161], "object_presence": 1}, "P282--cell-phone--clutter--9Y6Avyza8hNwkvpQdmILWSzLwLlfNKeDTIanR47iSXo-00312.jpg": {"object_bounding_box": [576, 99, 147, 163], "object_presence": 1}, "P282--cell-phone--clutter--9Y6Avyza8hNwkvpQdmILWSzLwLlfNKeDTIanR47iSXo-00313.jpg": {"object_bounding_box": [595, 84, 147, 164], "object_presence": 1}, "P282--cell-phone--clutter--9Y6Avyza8hNwkvpQdmILWSzLwLlfNKeDTIanR47iSXo-00314.jpg": {"object_bounding_box": [616, 75, 153, 149], "object_presence": 1}, "P282--cell-phone--clutter--9Y6Avyza8hNwkvpQdmILWSzLwLlfNKeDTIanR47iSXo-00315.jpg": {"object_bounding_box": [633, 67, 157, 133], "object_presence": 1}, "P282--cell-phone--clutter--9Y6Avyza8hNwkvpQdmILWSzLwLlfNKeDTIanR47iSXo-00316.jpg": {"object_bounding_box": [649, 59, 160, 119], "object_presence": 1}, "P282--cell-phone--clutter--9Y6Avyza8hNwkvpQdmILWSzLwLlfNKeDTIanR47iSXo-00317.jpg": {"object_bounding_box": [664, 49, 162, 98], "object_presence": 1}, "P282--cell-phone--clutter--9Y6Avyza8hNwkvpQdmILWSzLwLlfNKeDTIanR47iSXo-00318.jpg": {"object_bounding_box": [677, 38, 163, 77], "object_presence": 1}, "P282--cell-phone--clutter--9Y6Avyza8hNwkvpQdmILWSzLwLlfNKeDTIanR47iSXo-00319.jpg": {"object_bounding_box": [691, 25, 164, 50], "object_presence": 1}, "P282--cell-phone--clutter--9Y6Avyza8hNwkvpQdmILWSzLwLlfNKeDTIanR47iSXo-00320.jpg": {"object_bounding_box": [701, 8, 167, 16], "object_presence": 1}, "P282--cell-phone--clutter--9Y6Avyza8hNwkvpQdmILWSzLwLlfNKeDTIanR47iSXo-00321.jpg": {"object_bounding_box": [0, 0, 0, 0], "object_presence": 0}, "P282--cell-phone--clutter--9Y6Avyza8hNwkvpQdmILWSzLwLlfNKeDTIanR47iSXo-00322.jpg": {"object_bounding_box": [0, 0, 0, 0], "object_presence": 0}, "P282--cell-phone--clutter--9Y6Avyza8hNwkvpQdmILWSzLwLlfNKeDTIanR47iSXo-00323.jpg": {"object_bounding_box": [0, 0, 0, 0], "object_presence": 0}, "P282--cell-phone--clutter--9Y6Avyza8hNwkvpQdmILWSzLwLlfNKeDTIanR47iSXo-00324.jpg": {"object_bounding_box": [0, 0, 0, 0], "object_presence": 0}, "P282--cell-phone--clutter--9Y6Avyza8hNwkvpQdmILWSzLwLlfNKeDTIanR47iSXo-00325.jpg": {"object_bounding_box": [0, 0, 0, 0], "object_presence": 0}, "P282--cell-phone--clutter--9Y6Avyza8hNwkvpQdmILWSzLwLlfNKeDTIanR47iSXo-00326.jpg": {"object_bounding_box": [0, 0, 0, 0], "object_presence": 0}, "P282--cell-phone--clutter--9Y6Avyza8hNwkvpQdmILWSzLwLlfNKeDTIanR47iSXo-00327.jpg": {"object_bounding_box": [0, 0, 0, 0], "object_presence": 0}, "P282--cell-phone--clutter--9Y6Avyza8hNwkvpQdmILWSzLwLlfNKeDTIanR47iSXo-00328.jpg": {"object_bounding_box": [0, 0, 0, 0], "object_presence": 0}, "P282--cell-phone--clutter--9Y6Avyza8hNwkvpQdmILWSzLwLlfNKeDTIanR47iSXo-00329.jpg": {"object_bounding_box": [0, 0, 0, 0], "object_presence": 0}, "P282--cell-phone--clutter--9Y6Avyza8hNwkvpQdmILWSzLwLlfNKeDTIanR47iSXo-00330.jpg": {"object_bounding_box": [0, 0, 0, 0], "object_presence": 0}, "P282--cell-phone--clutter--9Y6Avyza8hNwkvpQdmILWSzLwLlfNKeDTIanR47iSXo-00331.jpg": {"object_bounding_box": [0, 0, 0, 0], "object_presence": 0}, "P282--cell-phone--clutter--9Y6Avyza8hNwkvpQdmILWSzLwLlfNKeDTIanR47iSXo-00332.jpg": {"object_bounding_box": [0, 0, 0, 0], "object_presence": 0}, "P282--cell-phone--clutter--9Y6Avyza8hNwkvpQdmILWSzLwLlfNKeDTIanR47iSXo-00333.jpg": {"object_bounding_box": [0, 0, 0, 0], "object_presence": 0}, "P282--cell-phone--clutter--9Y6Avyza8hNwkvpQdmILWSzLwLlfNKeDTIanR47iSXo-00334.jpg": {"object_bounding_box": [0, 0, 0, 0], "object_presence": 0}, "P282--cell-phone--clutter--9Y6Avyza8hNwkvpQdmILWSzLwLlfNKeDTIanR47iSXo-00335.jpg": {"object_bounding_box": [0, 0, 0, 0], "object_presence": 0}, "P282--cell-phone--clutter--9Y6Avyza8hNwkvpQdmILWSzLwLlfNKeDTIanR47iSXo-00336.jpg": {"object_bounding_box": [0, 0, 0, 0], "object_presence": 0}, "P282--cell-phone--clutter--9Y6Avyza8hNwkvpQdmILWSzLwLlfNKeDTIanR47iSXo-00337.jpg": {"object_bounding_box": [0, 0, 0, 0], "object_presence": 0}, "P282--cell-phone--clutter--9Y6Avyza8hNwkvpQdmILWSzLwLlfNKeDTIanR47iSXo-00338.jpg": {"object_bounding_box": [0, 0, 0, 0], "object_presence": 0}, "P282--cell-phone--clutter--9Y6Avyza8hNwkvpQdmILWSzLwLlfNKeDTIanR47iSXo-00339.jpg": {"object_bounding_box": [0, 0, 0, 0], "object_presence": 0}, "P282--cell-phone--clutter--9Y6Avyza8hNwkvpQdmILWSzLwLlfNKeDTIanR47iSXo-00340.jpg": {"object_bounding_box": [0, 0, 0, 0], "object_presence": 0}, "P282--cell-phone--clutter--9Y6Avyza8hNwkvpQdmILWSzLwLlfNKeDTIanR47iSXo-00341.jpg": {"object_bounding_box": [0, 0, 0, 0], "object_presence": 0}, "P282--cell-phone--clutter--9Y6Avyza8hNwkvpQdmILWSzLwLlfNKeDTIanR47iSXo-00342.jpg": {"object_bounding_box": [0, 0, 0, 0], "object_presence": 0}, "P282--cell-phone--clutter--9Y6Avyza8hNwkvpQdmILWSzLwLlfNKeDTIanR47iSXo-00343.jpg": {"object_bounding_box": [0, 0, 0, 0], "object_presence": 0}, "P282--cell-phone--clutter--9Y6Avyza8hNwkvpQdmILWSzLwLlfNKeDTIanR47iSXo-00344.jpg": {"object_bounding_box": [0, 0, 0, 0], "object_presence": 0}, "P282--cell-phone--clutter--9Y6Avyza8hNwkvpQdmILWSzLwLlfNKeDTIanR47iSXo-00345.jpg": {"object_bounding_box": [0, 0, 0, 0], "object_presence": 0}, "P282--cell-phone--clutter--9Y6Avyza8hNwkvpQdmILWSzLwLlfNKeDTIanR47iSXo-00346.jpg": {"object_bounding_box": [0, 0, 0, 0], "object_presence": 0}, "P282--cell-phone--clutter--9Y6Avyza8hNwkvpQdmILWSzLwLlfNKeDTIanR47iSXo-00347.jpg": {"object_bounding_box": [0, 0, 0, 0], "object_presence": 0}, "P282--cell-phone--clutter--9Y6Avyza8hNwkvpQdmILWSzLwLlfNKeDTIanR47iSXo-00348.jpg": {"object_bounding_box": [0, 0, 0, 0], "object_presence": 0}, "P282--cell-phone--clutter--9Y6Avyza8hNwkvpQdmILWSzLwLlfNKeDTIanR47iSXo-00349.jpg": {"object_bounding_box": [0, 0, 0, 0], "object_presence": 0}, "P282--cell-phone--clutter--9Y6Avyza8hNwkvpQdmILWSzLwLlfNKeDTIanR47iSXo-00350.jpg": {"object_bounding_box": [0, 0, 0, 0], "object_presence": 0}, "P282--cell-phone--clutter--9Y6Avyza8hNwkvpQdmILWSzLwLlfNKeDTIanR47iSXo-00351.jpg": {"object_bounding_box": [0, 0, 0, 0], "object_presence": 0}, "P282--cell-phone--clutter--9Y6Avyza8hNwkvpQdmILWSzLwLlfNKeDTIanR47iSXo-00352.jpg": {"object_bounding_box": [0, 0, 0, 0], "object_presence": 0}, "P282--cell-phone--clutter--9Y6Avyza8hNwkvpQdmILWSzLwLlfNKeDTIanR47iSXo-00353.jpg": {"object_bounding_box": [0, 0, 0, 0], "object_presence": 0}, "P282--cell-phone--clutter--9Y6Avyza8hNwkvpQdmILWSzLwLlfNKeDTIanR47iSXo-00354.jpg": {"object_bounding_box": [0, 0, 0, 0], "object_presence": 0}, "P282--cell-phone--clutter--9Y6Avyza8hNwkvpQdmILWSzLwLlfNKeDTIanR47iSXo-00355.jpg": {"object_bounding_box": [0, 0, 0, 0], "object_presence": 0}, "P282--cell-phone--clutter--9Y6Avyza8hNwkvpQdmILWSzLwLlfNKeDTIanR47iSXo-00356.jpg": {"object_bounding_box": [0, 0, 0, 0], "object_presence": 0}, "P282--cell-phone--clutter--9Y6Avyza8hNwkvpQdmILWSzLwLlfNKeDTIanR47iSXo-00357.jpg": {"object_bounding_box": [0, 0, 0, 0], "object_presence": 0}, "P282--cell-phone--clutter--9Y6Avyza8hNwkvpQdmILWSzLwLlfNKeDTIanR47iSXo-00358.jpg": {"object_bounding_box": [0, 0, 0, 0], "object_presence": 0}, "P282--cell-phone--clutter--9Y6Avyza8hNwkvpQdmILWSzLwLlfNKeDTIanR47iSXo-00359.jpg": {"object_bounding_box": [0, 0, 0, 0], "object_presence": 0}, "P282--cell-phone--clutter--9Y6Avyza8hNwkvpQdmILWSzLwLlfNKeDTIanR47iSXo-00360.jpg": {"object_bounding_box": [0, 0, 0, 0], "object_presence": 0}, "P282--cell-phone--clutter--9Y6Avyza8hNwkvpQdmILWSzLwLlfNKeDTIanR47iSXo-00361.jpg": {"object_bounding_box": [0, 0, 0, 0], "object_presence": 0}, "P282--cell-phone--clutter--9Y6Avyza8hNwkvpQdmILWSzLwLlfNKeDTIanR47iSXo-00362.jpg": {"object_bounding_box": [0, 0, 0, 0], "object_presence": 0}, "P282--cell-phone--clutter--9Y6Avyza8hNwkvpQdmILWSzLwLlfNKeDTIanR47iSXo-00363.jpg": {"object_bounding_box": [0, 0, 0, 0], "object_presence": 0}, "P282--cell-phone--clutter--9Y6Avyza8hNwkvpQdmILWSzLwLlfNKeDTIanR47iSXo-00364.jpg": {"object_bounding_box": [0, 0, 0, 0], "object_presence": 0}, "P282--cell-phone--clutter--9Y6Avyza8hNwkvpQdmILWSzLwLlfNKeDTIanR47iSXo-00365.jpg": {"object_bounding_box": [0, 0, 0, 0], "object_presence": 0}, "P282--cell-phone--clutter--9Y6Avyza8hNwkvpQdmILWSzLwLlfNKeDTIanR47iSXo-00366.jpg": {"object_bounding_box": [0, 0, 0, 0], "object_presence": 0}, "P282--cell-phone--clutter--9Y6Avyza8hNwkvpQdmILWSzLwLlfNKeDTIanR47iSXo-00367.jpg": {"object_bounding_box": [0, 0, 0, 0], "object_presence": 0}, "P282--cell-phone--clutter--9Y6Avyza8hNwkvpQdmILWSzLwLlfNKeDTIanR47iSXo-00368.jpg": {"object_bounding_box": [0, 0, 0, 0], "object_presence": 0}, "P282--cell-phone--clutter--9Y6Avyza8hNwkvpQdmILWSzLwLlfNKeDTIanR47iSXo-00369.jpg": {"object_bounding_box": [0, 0, 0, 0], "object_presence": 0}, "P282--cell-phone--clutter--9Y6Avyza8hNwkvpQdmILWSzLwLlfNKeDTIanR47iSXo-00370.jpg": {"object_bounding_box": [0, 0, 0, 0], "object_presence": 0}, "P282--cell-phone--clutter--9Y6Avyza8hNwkvpQdmILWSzLwLlfNKeDTIanR47iSXo-00371.jpg": {"object_bounding_box": [0, 0, 0, 0], "object_presence": 0}, "P282--cell-phone--clutter--9Y6Avyza8hNwkvpQdmILWSzLwLlfNKeDTIanR47iSXo-00372.jpg": {"object_bounding_box": [0, 0, 0, 0], "object_presence": 0}, "P282--cell-phone--clutter--9Y6Avyza8hNwkvpQdmILWSzLwLlfNKeDTIanR47iSXo-00373.jpg": {"object_bounding_box": [0, 0, 0, 0], "object_presence": 0}, "P282--cell-phone--clutter--9Y6Avyza8hNwkvpQdmILWSzLwLlfNKeDTIanR47iSXo-00374.jpg": {"object_bounding_box": [0, 0, 0, 0], "object_presence": 0}, "P282--cell-phone--clutter--9Y6Avyza8hNwkvpQdmILWSzLwLlfNKeDTIanR47iSXo-00375.jpg": {"object_bounding_box": [0, 0, 0, 0], "object_presence": 0}, "P282--cell-phone--clutter--9Y6Avyza8hNwkvpQdmILWSzLwLlfNKeDTIanR47iSXo-00376.jpg": {"object_bounding_box": [0, 0, 0, 0], "object_presence": 0}, "P282--cell-phone--clutter--9Y6Avyza8hNwkvpQdmILWSzLwLlfNKeDTIanR47iSXo-00377.jpg": {"object_bounding_box": [0, 0, 0, 0], "object_presence": 0}, "P282--cell-phone--clutter--9Y6Avyza8hNwkvpQdmILWSzLwLlfNKeDTIanR47iSXo-00378.jpg": {"object_bounding_box": [0, 0, 0, 0], "object_presence": 0}, "P282--cell-phone--clutter--9Y6Avyza8hNwkvpQdmILWSzLwLlfNKeDTIanR47iSXo-00379.jpg": {"object_bounding_box": [0, 0, 0, 0], "object_presence": 0}, "P282--cell-phone--clutter--9Y6Avyza8hNwkvpQdmILWSzLwLlfNKeDTIanR47iSXo-00380.jpg": {"object_bounding_box": [0, 0, 0, 0], "object_presence": 0}, "P282--cell-phone--clutter--9Y6Avyza8hNwkvpQdmILWSzLwLlfNKeDTIanR47iSXo-00381.jpg": {"object_bounding_box": [0, 0, 0, 0], "object_presence": 0}, "P282--cell-phone--clutter--9Y6Avyza8hNwkvpQdmILWSzLwLlfNKeDTIanR47iSXo-00382.jpg": {"object_bounding_box": [0, 0, 0, 0], "object_presence": 0}, "P282--cell-phone--clutter--9Y6Avyza8hNwkvpQdmILWSzLwLlfNKeDTIanR47iSXo-00383.jpg": {"object_bounding_box": [0, 0, 0, 0], "object_presence": 0}, "P282--cell-phone--clutter--9Y6Avyza8hNwkvpQdmILWSzLwLlfNKeDTIanR47iSXo-00384.jpg": {"object_bounding_box": [0, 0, 0, 0], "object_presence": 0}, "P282--cell-phone--clutter--9Y6Avyza8hNwkvpQdmILWSzLwLlfNKeDTIanR47iSXo-00385.jpg": {"object_bounding_box": [0, 0, 0, 0], "object_presence": 0}, "P282--cell-phone--clutter--9Y6Avyza8hNwkvpQdmILWSzLwLlfNKeDTIanR47iSXo-00386.jpg": {"object_bounding_box": [0, 0, 0, 0], "object_presence": 0}, "P282--cell-phone--clutter--9Y6Avyza8hNwkvpQdmILWSzLwLlfNKeDTIanR47iSXo-00387.jpg": {"object_bounding_box": [0, 0, 0, 0], "object_presence": 0}, "P282--cell-phone--clutter--9Y6Avyza8hNwkvpQdmILWSzLwLlfNKeDTIanR47iSXo-00388.jpg": {"object_bounding_box": [0, 0, 0, 0], "object_presence": 0}, "P282--cell-phone--clutter--9Y6Avyza8hNwkvpQdmILWSzLwLlfNKeDTIanR47iSXo-00389.jpg": {"object_bounding_box": [0, 0, 0, 0], "object_presence": 0}, "P282--cell-phone--clutter--9Y6Avyza8hNwkvpQdmILWSzLwLlfNKeDTIanR47iSXo-00390.jpg": {"object_bounding_box": [0, 0, 0, 0], "object_presence": 0}, "P282--cell-phone--clutter--9Y6Avyza8hNwkvpQdmILWSzLwLlfNKeDTIanR47iSXo-00391.jpg": {"object_bounding_box": [0, 0, 0, 0], "object_presence": 0}, "P282--cell-phone--clutter--9Y6Avyza8hNwkvpQdmILWSzLwLlfNKeDTIanR47iSXo-00392.jpg": {"object_bounding_box": [0, 0, 0, 0], "object_presence": 0}, "P282--cell-phone--clutter--9Y6Avyza8hNwkvpQdmILWSzLwLlfNKeDTIanR47iSXo-00393.jpg": {"object_bounding_box": [0, 0, 0, 0], "object_presence": 0}, "P282--cell-phone--clutter--9Y6Avyza8hNwkvpQdmILWSzLwLlfNKeDTIanR47iSXo-00394.jpg": {"object_bounding_box": [0, 0, 0, 0], "object_presence": 0}, "P282--cell-phone--clutter--9Y6Avyza8hNwkvpQdmILWSzLwLlfNKeDTIanR47iSXo-00395.jpg": {"object_bounding_box": [0, 0, 0, 0], "object_presence": 0}, "P282--cell-phone--clutter--9Y6Avyza8hNwkvpQdmILWSzLwLlfNKeDTIanR47iSXo-00396.jpg": {"object_bounding_box": [0, 0, 0, 0], "object_presence": 0}, "P282--cell-phone--clutter--9Y6Avyza8hNwkvpQdmILWSzLwLlfNKeDTIanR47iSXo-00397.jpg": {"object_bounding_box": [0, 0, 0, 0], "object_presence": 0}, "P282--cell-phone--clutter--9Y6Avyza8hNwkvpQdmILWSzLwLlfNKeDTIanR47iSXo-00398.jpg": {"object_bounding_box": [0, 0, 0, 0], "object_presence": 0}, "P282--cell-phone--clutter--9Y6Avyza8hNwkvpQdmILWSzLwLlfNKeDTIanR47iSXo-00399.jpg": {"object_bounding_box": [0, 0, 0, 0], "object_presence": 0}, "P282--cell-phone--clutter--9Y6Avyza8hNwkvpQdmILWSzLwLlfNKeDTIanR47iSXo-00400.jpg": {"object_bounding_box": [0, 0, 0, 0], "object_presence": 0}, "P282--cell-phone--clutter--9Y6Avyza8hNwkvpQdmILWSzLwLlfNKeDTIanR47iSXo-00401.jpg": {"object_bounding_box": [0, 0, 0, 0], "object_presence": 0}, "P282--cell-phone--clutter--9Y6Avyza8hNwkvpQdmILWSzLwLlfNKeDTIanR47iSXo-00402.jpg": {"object_bounding_box": [0, 0, 0, 0], "object_presence": 0}, "P282--cell-phone--clutter--9Y6Avyza8hNwkvpQdmILWSzLwLlfNKeDTIanR47iSXo-00403.jpg": {"object_bounding_box": [0, 0, 0, 0], "object_presence": 0}, "P282--cell-phone--clutter--9Y6Avyza8hNwkvpQdmILWSzLwLlfNKeDTIanR47iSXo-00404.jpg": {"object_bounding_box": [0, 0, 0, 0], "object_presence": 0}, "P282--cell-phone--clutter--9Y6Avyza8hNwkvpQdmILWSzLwLlfNKeDTIanR47iSXo-00405.jpg": {"object_bounding_box": [0, 0, 0, 0], "object_presence": 0}, "P282--cell-phone--clutter--9Y6Avyza8hNwkvpQdmILWSzLwLlfNKeDTIanR47iSXo-00406.jpg": {"object_bounding_box": [0, 0, 0, 0], "object_presence": 0}, "P282--cell-phone--clutter--9Y6Avyza8hNwkvpQdmILWSzLwLlfNKeDTIanR47iSXo-00407.jpg": {"object_bounding_box": [0, 0, 0, 0], "object_presence": 0}, "P282--cell-phone--clutter--9Y6Avyza8hNwkvpQdmILWSzLwLlfNKeDTIanR47iSXo-00408.jpg": {"object_bounding_box": [0, 0, 0, 0], "object_presence": 0}, "P282--cell-phone--clutter--9Y6Avyza8hNwkvpQdmILWSzLwLlfNKeDTIanR47iSXo-00409.jpg": {"object_bounding_box": [0, 0, 0, 0], "object_presence": 0}, "P282--cell-phone--clutter--9Y6Avyza8hNwkvpQdmILWSzLwLlfNKeDTIanR47iSXo-00410.jpg": {"object_bounding_box": [0, 0, 0, 0], "object_presence": 0}, "P282--cell-phone--clutter--9Y6Avyza8hNwkvpQdmILWSzLwLlfNKeDTIanR47iSXo-00411.jpg": {"object_bounding_box": [0, 0, 0, 0], "object_presence": 0}, "P282--cell-phone--clutter--9Y6Avyza8hNwkvpQdmILWSzLwLlfNKeDTIanR47iSXo-00412.jpg": {"object_bounding_box": [0, 0, 0, 0], "object_presence": 0}, "P282--cell-phone--clutter--9Y6Avyza8hNwkvpQdmILWSzLwLlfNKeDTIanR47iSXo-00413.jpg": {"object_bounding_box": [0, 0, 0, 0], "object_presence": 0}, "P282--cell-phone--clutter--9Y6Avyza8hNwkvpQdmILWSzLwLlfNKeDTIanR47iSXo-00414.jpg": {"object_bounding_box": [0, 0, 0, 0], "object_presence": 0}, "P282--cell-phone--clutter--9Y6Avyza8hNwkvpQdmILWSzLwLlfNKeDTIanR47iSXo-00415.jpg": {"object_bounding_box": [0, 0, 0, 0], "object_presence": 0}, "P282--cell-phone--clutter--9Y6Avyza8hNwkvpQdmILWSzLwLlfNKeDTIanR47iSXo-00416.jpg": {"object_bounding_box": [0, 0, 0, 0], "object_presence": 0}, "P282--cell-phone--clutter--9Y6Avyza8hNwkvpQdmILWSzLwLlfNKeDTIanR47iSXo-00417.jpg": {"object_bounding_box": [0, 0, 0, 0], "object_presence": 0}, "P282--cell-phone--clutter--9Y6Avyza8hNwkvpQdmILWSzLwLlfNKeDTIanR47iSXo-00418.jpg": {"object_bounding_box": [0, 0, 0, 0], "object_presence": 0}, "P282--cell-phone--clutter--9Y6Avyza8hNwkvpQdmILWSzLwLlfNKeDTIanR47iSXo-00419.jpg": {"object_bounding_box": [0, 0, 0, 0], "object_presence": 0}, "P282--cell-phone--clutter--9Y6Avyza8hNwkvpQdmILWSzLwLlfNKeDTIanR47iSXo-00420.jpg": {"object_bounding_box": [0, 0, 0, 0], "object_presence": 0}, "P282--cell-phone--clutter--9Y6Avyza8hNwkvpQdmILWSzLwLlfNKeDTIanR47iSXo-00421.jpg": {"object_bounding_box": [0, 0, 0, 0], "object_presence": 0}, "P282--cell-phone--clutter--9Y6Avyza8hNwkvpQdmILWSzLwLlfNKeDTIanR47iSXo-00422.jpg": {"object_bounding_box": [0, 0, 0, 0], "object_presence": 0}, "P282--cell-phone--clutter--9Y6Avyza8hNwkvpQdmILWSzLwLlfNKeDTIanR47iSXo-00423.jpg": {"object_bounding_box": [0, 0, 0, 0], "object_presence": 0}, "P282--cell-phone--clutter--9Y6Avyza8hNwkvpQdmILWSzLwLlfNKeDTIanR47iSXo-00424.jpg": {"object_bounding_box": [0, 0, 0, 0], "object_presence": 0}, "P282--cell-phone--clutter--9Y6Avyza8hNwkvpQdmILWSzLwLlfNKeDTIanR47iSXo-00425.jpg": {"object_bounding_box": [0, 0, 0, 0], "object_presence": 0}, "P282--cell-phone--clutter--9Y6Avyza8hNwkvpQdmILWSzLwLlfNKeDTIanR47iSXo-00426.jpg": {"object_bounding_box": [0, 0, 0, 0], "object_presence": 0}, "P282--cell-phone--clutter--9Y6Avyza8hNwkvpQdmILWSzLwLlfNKeDTIanR47iSXo-00427.jpg": {"object_bounding_box": [0, 0, 0, 0], "object_presence": 0}, "P282--cell-phone--clutter--9Y6Avyza8hNwkvpQdmILWSzLwLlfNKeDTIanR47iSXo-00428.jpg": {"object_bounding_box": [0, 0, 0, 0], "object_presence": 0}, "P282--cell-phone--clutter--9Y6Avyza8hNwkvpQdmILWSzLwLlfNKeDTIanR47iSXo-00429.jpg": {"object_bounding_box": [0, 0, 0, 0], "object_presence": 0}, "P282--cell-phone--clutter--9Y6Avyza8hNwkvpQdmILWSzLwLlfNKeDTIanR47iSXo-00430.jpg": {"object_bounding_box": [0, 0, 0, 0], "object_presence": 0}, "P282--cell-phone--clutter--9Y6Avyza8hNwkvpQdmILWSzLwLlfNKeDTIanR47iSXo-00431.jpg": {"object_bounding_box": [0, 0, 0, 0], "object_presence": 0}, "P282--cell-phone--clutter--9Y6Avyza8hNwkvpQdmILWSzLwLlfNKeDTIanR47iSXo-00432.jpg": {"object_bounding_box": [0, 0, 0, 0], "object_presence": 0}, "P282--cell-phone--clutter--9Y6Avyza8hNwkvpQdmILWSzLwLlfNKeDTIanR47iSXo-00433.jpg": {"object_bounding_box": [0, 0, 0, 0], "object_presence": 0}, "P282--cell-phone--clutter--9Y6Avyza8hNwkvpQdmILWSzLwLlfNKeDTIanR47iSXo-00434.jpg": {"object_bounding_box": [0, 0, 0, 0], "object_presence": 0}, "P282--cell-phone--clutter--9Y6Avyza8hNwkvpQdmILWSzLwLlfNKeDTIanR47iSXo-00435.jpg": {"object_bounding_box": [0, 0, 0, 0], "object_presence": 0}, "P282--cell-phone--clutter--9Y6Avyza8hNwkvpQdmILWSzLwLlfNKeDTIanR47iSXo-00436.jpg": {"object_bounding_box": [0, 0, 0, 0], "object_presence": 0}, "P282--cell-phone--clutter--9Y6Avyza8hNwkvpQdmILWSzLwLlfNKeDTIanR47iSXo-00437.jpg": {"object_bounding_box": [0, 0, 0, 0], "object_presence": 0}, "P282--cell-phone--clutter--9Y6Avyza8hNwkvpQdmILWSzLwLlfNKeDTIanR47iSXo-00438.jpg": {"object_bounding_box": [0, 0, 0, 0], "object_presence": 0}, "P282--cell-phone--clutter--9Y6Avyza8hNwkvpQdmILWSzLwLlfNKeDTIanR47iSXo-00439.jpg": {"object_bounding_box": [0, 0, 0, 0], "object_presence": 0}, "P282--cell-phone--clutter--9Y6Avyza8hNwkvpQdmILWSzLwLlfNKeDTIanR47iSXo-00440.jpg": {"object_bounding_box": [0, 0, 0, 0], "object_presence": 0}, "P282--cell-phone--clutter--9Y6Avyza8hNwkvpQdmILWSzLwLlfNKeDTIanR47iSXo-00441.jpg": {"object_bounding_box": [0, 0, 0, 0], "object_presence": 0}, "P282--cell-phone--clutter--9Y6Avyza8hNwkvpQdmILWSzLwLlfNKeDTIanR47iSXo-00442.jpg": {"object_bounding_box": [0, 0, 0, 0], "object_presence": 0}, "P282--cell-phone--clutter--9Y6Avyza8hNwkvpQdmILWSzLwLlfNKeDTIanR47iSXo-00443.jpg": {"object_bounding_box": [0, 0, 0, 0], "object_presence": 0}, "P282--cell-phone--clutter--9Y6Avyza8hNwkvpQdmILWSzLwLlfNKeDTIanR47iSXo-00444.jpg": {"object_bounding_box": [0, 0, 0, 0], "object_presence": 0}, "P282--cell-phone--clutter--9Y6Avyza8hNwkvpQdmILWSzLwLlfNKeDTIanR47iSXo-00445.jpg": {"object_bounding_box": [0, 0, 0, 0], "object_presence": 0}, "P282--cell-phone--clutter--9Y6Avyza8hNwkvpQdmILWSzLwLlfNKeDTIanR47iSXo-00446.jpg": {"object_bounding_box": [0, 0, 0, 0], "object_presence": 0}, "P282--cell-phone--clutter--9Y6Avyza8hNwkvpQdmILWSzLwLlfNKeDTIanR47iSXo-00447.jpg": {"object_bounding_box": [0, 0, 0, 0], "object_presence": 0}, "P282--cell-phone--clutter--9Y6Avyza8hNwkvpQdmILWSzLwLlfNKeDTIanR47iSXo-00448.jpg": {"object_bounding_box": [0, 0, 0, 0], "object_presence": 0}, "P282--cell-phone--clutter--9Y6Avyza8hNwkvpQdmILWSzLwLlfNKeDTIanR47iSXo-00449.jpg": {"object_bounding_box": [0, 0, 0, 0], "object_presence": 0}, "P282--cell-phone--clutter--9Y6Avyza8hNwkvpQdmILWSzLwLlfNKeDTIanR47iSXo-00450.jpg": {"object_bounding_box": [0, 0, 0, 0], "object_presence": 0}, "P282--cell-phone--clutter--9Y6Avyza8hNwkvpQdmILWSzLwLlfNKeDTIanR47iSXo-00451.jpg": {"object_bounding_box": [0, 0, 0, 0], "object_presence": 0}, "P282--cell-phone--clutter--9Y6Avyza8hNwkvpQdmILWSzLwLlfNKeDTIanR47iSXo-00452.jpg": {"object_bounding_box": [0, 0, 0, 0], "object_presence": 0}, "P282--cell-phone--clutter--9Y6Avyza8hNwkvpQdmILWSzLwLlfNKeDTIanR47iSXo-00453.jpg": {"object_bounding_box": [0, 0, 0, 0], "object_presence": 0}, "P282--cell-phone--clutter--9Y6Avyza8hNwkvpQdmILWSzLwLlfNKeDTIanR47iSXo-00454.jpg": {"object_bounding_box": [0, 0, 0, 0], "object_presence": 0}, "P282--cell-phone--clutter--9Y6Avyza8hNwkvpQdmILWSzLwLlfNKeDTIanR47iSXo-00455.jpg": {"object_bounding_box": [0, 0, 0, 0], "object_presence": 0}, "P282--cell-phone--clutter--9Y6Avyza8hNwkvpQdmILWSzLwLlfNKeDTIanR47iSXo-00456.jpg": {"object_bounding_box": [0, 0, 0, 0], "object_presence": 0}, "P282--cell-phone--clutter--9Y6Avyza8hNwkvpQdmILWSzLwLlfNKeDTIanR47iSXo-00457.jpg": {"object_bounding_box": [0, 0, 0, 0], "object_presence": 0}, "P282--cell-phone--clutter--9Y6Avyza8hNwkvpQdmILWSzLwLlfNKeDTIanR47iSXo-00458.jpg": {"object_bounding_box": [0, 0, 0, 0], "object_presence": 0}, "P282--cell-phone--clutter--9Y6Avyza8hNwkvpQdmILWSzLwLlfNKeDTIanR47iSXo-00459.jpg": {"object_bounding_box": [0, 0, 0, 0], "object_presence": 0}, "P282--cell-phone--clutter--9Y6Avyza8hNwkvpQdmILWSzLwLlfNKeDTIanR47iSXo-00460.jpg": {"object_bounding_box": [0, 0, 0, 0], "object_presence": 0}, "P282--cell-phone--clutter--9Y6Avyza8hNwkvpQdmILWSzLwLlfNKeDTIanR47iSXo-00461.jpg": {"object_bounding_box": [0, 0, 0, 0], "object_presence": 0}, "P282--cell-phone--clutter--9Y6Avyza8hNwkvpQdmILWSzLwLlfNKeDTIanR47iSXo-00462.jpg": {"object_bounding_box": [0, 0, 0, 0], "object_presence": 0}, "P282--cell-phone--clutter--9Y6Avyza8hNwkvpQdmILWSzLwLlfNKeDTIanR47iSXo-00463.jpg": {"object_bounding_box": [0, 0, 0, 0], "object_presence": 0}, "P282--cell-phone--clutter--9Y6Avyza8hNwkvpQdmILWSzLwLlfNKeDTIanR47iSXo-00464.jpg": {"object_bounding_box": [0, 0, 0, 0], "object_presence": 0}, "P282--cell-phone--clutter--9Y6Avyza8hNwkvpQdmILWSzLwLlfNKeDTIanR47iSXo-00465.jpg": {"object_bounding_box": [0, 0, 0, 0], "object_presence": 0}, "P282--cell-phone--clutter--9Y6Avyza8hNwkvpQdmILWSzLwLlfNKeDTIanR47iSXo-00466.jpg": {"object_bounding_box": [0, 0, 0, 0], "object_presence": 0}, "P282--cell-phone--clutter--9Y6Avyza8hNwkvpQdmILWSzLwLlfNKeDTIanR47iSXo-00467.jpg": {"object_bounding_box": [0, 0, 0, 0], "object_presence": 0}, "P282--cell-phone--clutter--9Y6Avyza8hNwkvpQdmILWSzLwLlfNKeDTIanR47iSXo-00468.jpg": {"object_bounding_box": [0, 0, 0, 0], "object_presence": 0}, "P282--cell-phone--clutter--9Y6Avyza8hNwkvpQdmILWSzLwLlfNKeDTIanR47iSXo-00469.jpg": {"object_bounding_box": [0, 0, 0, 0], "object_presence": 0}, "P282--cell-phone--clutter--9Y6Avyza8hNwkvpQdmILWSzLwLlfNKeDTIanR47iSXo-00470.jpg": {"object_bounding_box": [0, 0, 0, 0], "object_presence": 0}, "P282--cell-phone--clutter--9Y6Avyza8hNwkvpQdmILWSzLwLlfNKeDTIanR47iSXo-00471.jpg": {"object_bounding_box": [0, 0, 0, 0], "object_presence": 0}, "P282--cell-phone--clutter--9Y6Avyza8hNwkvpQdmILWSzLwLlfNKeDTIanR47iSXo-00472.jpg": {"object_bounding_box": [0, 0, 0, 0], "object_presence": 0}, "P282--cell-phone--clutter--9Y6Avyza8hNwkvpQdmILWSzLwLlfNKeDTIanR47iSXo-00473.jpg": {"object_bounding_box": [0, 0, 0, 0], "object_presence": 0}, "P282--cell-phone--clutter--9Y6Avyza8hNwkvpQdmILWSzLwLlfNKeDTIanR47iSXo-00474.jpg": {"object_bounding_box": [0, 0, 0, 0], "object_presence": 0}, "P282--cell-phone--clutter--9Y6Avyza8hNwkvpQdmILWSzLwLlfNKeDTIanR47iSXo-00475.jpg": {"object_bounding_box": [0, 0, 0, 0], "object_presence": 0}, "P282--cell-phone--clutter--9Y6Avyza8hNwkvpQdmILWSzLwLlfNKeDTIanR47iSXo-00476.jpg": {"object_bounding_box": [0, 0, 0, 0], "object_presence": 0}, "P282--cell-phone--clutter--9Y6Avyza8hNwkvpQdmILWSzLwLlfNKeDTIanR47iSXo-00477.jpg": {"object_bounding_box": [0, 0, 0, 0], "object_presence": 0}, "P282--cell-phone--clutter--9Y6Avyza8hNwkvpQdmILWSzLwLlfNKeDTIanR47iSXo-00478.jpg": {"object_bounding_box": [0, 0, 0, 0], "object_presence": 0}, "P282--cell-phone--clutter--9Y6Avyza8hNwkvpQdmILWSzLwLlfNKeDTIanR47iSXo-00479.jpg": {"object_bounding_box": [0, 0, 0, 0], "object_presence": 0}, "P282--cell-phone--clutter--9Y6Avyza8hNwkvpQdmILWSzLwLlfNKeDTIanR47iSXo-00480.jpg": {"object_bounding_box": [3, 421, 5, 38], "object_presence": 1}, "P282--cell-phone--clutter--9Y6Avyza8hNwkvpQdmILWSzLwLlfNKeDTIanR47iSXo-00481.jpg": {"object_bounding_box": [10, 384, 20, 118], "object_presence": 1}, "P282--cell-phone--clutter--9Y6Avyza8hNwkvpQdmILWSzLwLlfNKeDTIanR47iSXo-00482.jpg": {"object_bounding_box": [19, 367, 38, 160], "object_presence": 1}, "P282--cell-phone--clutter--9Y6Avyza8hNwkvpQdmILWSzLwLlfNKeDTIanR47iSXo-00483.jpg": {"object_bounding_box": [27, 363, 53, 165], "object_presence": 1}, "P282--cell-phone--clutter--9Y6Avyza8hNwkvpQdmILWSzLwLlfNKeDTIanR47iSXo-00484.jpg": {"object_bounding_box": [36, 360, 72, 166], "object_presence": 1}, "P282--cell-phone--clutter--9Y6Avyza8hNwkvpQdmILWSzLwLlfNKeDTIanR47iSXo-00485.jpg": {"object_bounding_box": [45, 361, 90, 169], "object_presence": 1}, "P282--cell-phone--clutter--9Y6Avyza8hNwkvpQdmILWSzLwLlfNKeDTIanR47iSXo-00486.jpg": {"object_bounding_box": [54, 359, 108, 172], "object_presence": 1}, "P282--cell-phone--clutter--9Y6Avyza8hNwkvpQdmILWSzLwLlfNKeDTIanR47iSXo-00487.jpg": {"object_bounding_box": [65, 356, 130, 176], "object_presence": 1}, "P282--cell-phone--clutter--9Y6Avyza8hNwkvpQdmILWSzLwLlfNKeDTIanR47iSXo-00488.jpg": {"object_bounding_box": [77, 353, 153, 175], "object_presence": 1}, "P282--cell-phone--clutter--9Y6Avyza8hNwkvpQdmILWSzLwLlfNKeDTIanR47iSXo-00489.jpg": {"object_bounding_box": [96, 350, 156, 174], "object_presence": 1}, "P282--cell-phone--clutter--9Y6Avyza8hNwkvpQdmILWSzLwLlfNKeDTIanR47iSXo-00490.jpg": {"object_bounding_box": [120, 349, 156, 173], "object_presence": 1}, "P282--cell-phone--clutter--9Y6Avyza8hNwkvpQdmILWSzLwLlfNKeDTIanR47iSXo-00491.jpg": {"object_bounding_box": [143, 350, 155, 173], "object_presence": 1}, "P282--cell-phone--clutter--9Y6Avyza8hNwkvpQdmILWSzLwLlfNKeDTIanR47iSXo-00492.jpg": {"object_bounding_box": [167, 352, 155, 172], "object_presence": 1}, "P282--cell-phone--clutter--9Y6Avyza8hNwkvpQdmILWSzLwLlfNKeDTIanR47iSXo-00493.jpg": {"object_bounding_box": [191, 354, 156, 171], "object_presence": 1}, "P282--cell-phone--clutter--9Y6Avyza8hNwkvpQdmILWSzLwLlfNKeDTIanR47iSXo-00494.jpg": {"object_bounding_box": [213, 356, 153, 171], "object_presence": 1}, "P282--cell-phone--clutter--9Y6Avyza8hNwkvpQdmILWSzLwLlfNKeDTIanR47iSXo-00495.jpg": {"object_bounding_box": [235, 357, 155, 172], "object_presence": 1}, "P282--cell-phone--clutter--9Y6Avyza8hNwkvpQdmILWSzLwLlfNKeDTIanR47iSXo-00496.jpg": {"object_bounding_box": [256, 357, 155, 170], "object_presence": 1}, "P282--cell-phone--clutter--9Y6Avyza8hNwkvpQdmILWSzLwLlfNKeDTIanR47iSXo-00497.jpg": {"object_bounding_box": [277, 357, 156, 170], "object_presence": 1}, "P282--cell-phone--clutter--9Y6Avyza8hNwkvpQdmILWSzLwLlfNKeDTIanR47iSXo-00498.jpg": {"object_bounding_box": [295, 356, 156, 170], "object_presence": 1}, "P282--cell-phone--clutter--9Y6Avyza8hNwkvpQdmILWSzLwLlfNKeDTIanR47iSXo-00499.jpg": {"object_bounding_box": [316, 354, 156, 167], "object_presence": 1}, "P282--cell-phone--clutter--9Y6Avyza8hNwkvpQdmILWSzLwLlfNKeDTIanR47iSXo-00500.jpg": {"object_bounding_box": [336, 353, 157, 167], "object_presence": 1}, "P282--cell-phone--clutter--9Y6Avyza8hNwkvpQdmILWSzLwLlfNKeDTIanR47iSXo-00501.jpg": {"object_bounding_box": [355, 351, 156, 167], "object_presence": 1}, "P282--cell-phone--clutter--9Y6Avyza8hNwkvpQdmILWSzLwLlfNKeDTIanR47iSXo-00502.jpg": {"object_bounding_box": [377, 349, 154, 167], "object_presence": 1}, "P282--cell-phone--clutter--9Y6Avyza8hNwkvpQdmILWSzLwLlfNKeDTIanR47iSXo-00503.jpg": {"object_bounding_box": [398, 347, 156, 166], "object_presence": 1}, "P282--cell-phone--clutter--9Y6Avyza8hNwkvpQdmILWSzLwLlfNKeDTIanR47iSXo-00504.jpg": {"object_bounding_box": [419, 348, 154, 166], "object_presence": 1}, "P282--cell-phone--clutter--9Y6Avyza8hNwkvpQdmILWSzLwLlfNKeDTIanR47iSXo-00505.jpg": {"object_bounding_box": [441, 350, 153, 166], "object_presence": 1}, "P282--cell-phone--clutter--9Y6Avyza8hNwkvpQdmILWSzLwLlfNKeDTIanR47iSXo-00506.jpg": {"object_bounding_box": [460, 355, 154, 165], "object_presence": 1}, "P282--cell-phone--clutter--9Y6Avyza8hNwkvpQdmILWSzLwLlfNKeDTIanR47iSXo-00507.jpg": {"object_bounding_box": [482, 359, 154, 165], "object_presence": 1}, "P282--cell-phone--clutter--9Y6Avyza8hNwkvpQdmILWSzLwLlfNKeDTIanR47iSXo-00508.jpg": {"object_bounding_box": [503, 366, 151, 163], "object_presence": 1}, "P282--cell-phone--clutter--9Y6Avyza8hNwkvpQdmILWSzLwLlfNKeDTIanR47iSXo-00509.jpg": {"object_bounding_box": [526, 377, 152, 162], "object_presence": 1}, "P282--cell-phone--clutter--9Y6Avyza8hNwkvpQdmILWSzLwLlfNKeDTIanR47iSXo-00510.jpg": {"object_bounding_box": [547, 387, 155, 161], "object_presence": 1}, "P282--cell-phone--clutter--9Y6Avyza8hNwkvpQdmILWSzLwLlfNKeDTIanR47iSXo-00511.jpg": {"object_bounding_box": [562, 395, 158, 163], "object_presence": 1}, "P282--cell-phone--clutter--9Y6Avyza8hNwkvpQdmILWSzLwLlfNKeDTIanR47iSXo-00512.jpg": {"object_bounding_box": [575, 405, 159, 160], "object_presence": 1}, "P282--cell-phone--clutter--9Y6Avyza8hNwkvpQdmILWSzLwLlfNKeDTIanR47iSXo-00513.jpg": {"object_bounding_box": [590, 417, 159, 160], "object_presence": 1}, "P282--cell-phone--clutter--9Y6Avyza8hNwkvpQdmILWSzLwLlfNKeDTIanR47iSXo-00514.jpg": {"object_bounding_box": [600, 430, 162, 160], "object_presence": 1}, "P282--cell-phone--clutter--9Y6Avyza8hNwkvpQdmILWSzLwLlfNKeDTIanR47iSXo-00515.jpg": {"object_bounding_box": [609, 442, 162, 157], "object_presence": 1}, "P282--cell-phone--clutter--9Y6Avyza8hNwkvpQdmILWSzLwLlfNKeDTIanR47iSXo-00516.jpg": {"object_bounding_box": [616, 453, 164, 156], "object_presence": 1}, "P282--cell-phone--clutter--9Y6Avyza8hNwkvpQdmILWSzLwLlfNKeDTIanR47iSXo-00517.jpg": {"object_bounding_box": [621, 464, 166, 158], "object_presence": 1}, "P282--cell-phone--clutter--9Y6Avyza8hNwkvpQdmILWSzLwLlfNKeDTIanR47iSXo-00518.jpg": {"object_bounding_box": [624, 472, 166, 158], "object_presence": 1}, "P282--cell-phone--clutter--9Y6Avyza8hNwkvpQdmILWSzLwLlfNKeDTIanR47iSXo-00519.jpg": {"object_bounding_box": [627, 479, 166, 160], "object_presence": 1}, "P282--cell-phone--clutter--9Y6Avyza8hNwkvpQdmILWSzLwLlfNKeDTIanR47iSXo-00520.jpg": {"object_bounding_box": [629, 485, 168, 160], "object_presence": 1}, "P282--cell-phone--clutter--9Y6Avyza8hNwkvpQdmILWSzLwLlfNKeDTIanR47iSXo-00521.jpg": {"object_bounding_box": [629, 492, 168, 160], "object_presence": 1}, "P282--cell-phone--clutter--9Y6Avyza8hNwkvpQdmILWSzLwLlfNKeDTIanR47iSXo-00522.jpg": {"object_bounding_box": [629, 499, 167, 160], "object_presence": 1}, "P282--cell-phone--clutter--9Y6Avyza8hNwkvpQdmILWSzLwLlfNKeDTIanR47iSXo-00523.jpg": {"object_bounding_box": [629, 509, 168, 158], "object_presence": 1}, "P282--cell-phone--clutter--9Y6Avyza8hNwkvpQdmILWSzLwLlfNKeDTIanR47iSXo-00524.jpg": {"object_bounding_box": [630, 520, 166, 156], "object_presence": 1}, "P282--cell-phone--clutter--9Y6Avyza8hNwkvpQdmILWSzLwLlfNKeDTIanR47iSXo-00525.jpg": {"object_bounding_box": [631, 534, 165, 155], "object_presence": 1}, "P282--cell-phone--clutter--9Y6Avyza8hNwkvpQdmILWSzLwLlfNKeDTIanR47iSXo-00526.jpg": {"object_bounding_box": [630, 549, 165, 155], "object_presence": 1}, "P282--cell-phone--clutter--9Y6Avyza8hNwkvpQdmILWSzLwLlfNKeDTIanR47iSXo-00527.jpg": {"object_bounding_box": [629, 562, 165, 157], "object_presence": 1}, "P282--cell-phone--clutter--9Y6Avyza8hNwkvpQdmILWSzLwLlfNKeDTIanR47iSXo-00528.jpg": {"object_bounding_box": [629, 574, 164, 157], "object_presence": 1}, "P282--cell-phone--clutter--9Y6Avyza8hNwkvpQdmILWSzLwLlfNKeDTIanR47iSXo-00529.jpg": {"object_bounding_box": [627, 587, 166, 157], "object_presence": 1}, "P282--cell-phone--clutter--9Y6Avyza8hNwkvpQdmILWSzLwLlfNKeDTIanR47iSXo-00530.jpg": {"object_bounding_box": [626, 598, 164, 159], "object_presence": 1}, "P282--cell-phone--clutter--9Y6Avyza8hNwkvpQdmILWSzLwLlfNKeDTIanR47iSXo-00531.jpg": {"object_bounding_box": [624, 607, 166, 160], "object_presence": 1}, "P282--cell-phone--clutter--9Y6Avyza8hNwkvpQdmILWSzLwLlfNKeDTIanR47iSXo-00532.jpg": {"object_bounding_box": [623, 613, 164, 162], "object_presence": 1}, "P282--cell-phone--clutter--9Y6Avyza8hNwkvpQdmILWSzLwLlfNKeDTIanR47iSXo-00533.jpg": {"object_bounding_box": [620, 617, 165, 163], "object_presence": 1}, "P282--cell-phone--clutter--9Y6Avyza8hNwkvpQdmILWSzLwLlfNKeDTIanR47iSXo-00534.jpg": {"object_bounding_box": [617, 623, 164, 162], "object_presence": 1}, "P282--cell-phone--clutter--9Y6Avyza8hNwkvpQdmILWSzLwLlfNKeDTIanR47iSXo-00535.jpg": {"object_bounding_box": [613, 630, 164, 161], "object_presence": 1}, "P282--cell-phone--clutter--9Y6Avyza8hNwkvpQdmILWSzLwLlfNKeDTIanR47iSXo-00536.jpg": {"object_bounding_box": [607, 639, 165, 162], "object_presence": 1}, "P282--cell-phone--clutter--9Y6Avyza8hNwkvpQdmILWSzLwLlfNKeDTIanR47iSXo-00537.jpg": {"object_bounding_box": [602, 647, 165, 164], "object_presence": 1}, "P282--cell-phone--clutter--9Y6Avyza8hNwkvpQdmILWSzLwLlfNKeDTIanR47iSXo-00538.jpg": {"object_bounding_box": [595, 655, 163, 161], "object_presence": 1}, "P282--cell-phone--clutter--9Y6Avyza8hNwkvpQdmILWSzLwLlfNKeDTIanR47iSXo-00539.jpg": {"object_bounding_box": [589, 666, 163, 163], "object_presence": 1}, "P282--cell-phone--clutter--9Y6Avyza8hNwkvpQdmILWSzLwLlfNKeDTIanR47iSXo-00540.jpg": {"object_bounding_box": [581, 676, 161, 162], "object_presence": 1}, "P282--cell-phone--clutter--9Y6Avyza8hNwkvpQdmILWSzLwLlfNKeDTIanR47iSXo-00541.jpg": {"object_bounding_box": [574, 687, 161, 162], "object_presence": 1}, "P282--cell-phone--clutter--9Y6Avyza8hNwkvpQdmILWSzLwLlfNKeDTIanR47iSXo-00542.jpg": {"object_bounding_box": [566, 698, 162, 163], "object_presence": 1}, "P282--cell-phone--clutter--9Y6Avyza8hNwkvpQdmILWSzLwLlfNKeDTIanR47iSXo-00543.jpg": {"object_bounding_box": [557, 710, 161, 163], "object_presence": 1}, "P282--cell-phone--clutter--9Y6Avyza8hNwkvpQdmILWSzLwLlfNKeDTIanR47iSXo-00544.jpg": {"object_bounding_box": [547, 723, 162, 163], "object_presence": 1}, "P282--cell-phone--clutter--9Y6Avyza8hNwkvpQdmILWSzLwLlfNKeDTIanR47iSXo-00545.jpg": {"object_bounding_box": [538, 736, 159, 163], "object_presence": 1}, "P282--cell-phone--clutter--9Y6Avyza8hNwkvpQdmILWSzLwLlfNKeDTIanR47iSXo-00546.jpg": {"object_bounding_box": [527, 752, 158, 162], "object_presence": 1}, "P282--cell-phone--clutter--9Y6Avyza8hNwkvpQdmILWSzLwLlfNKeDTIanR47iSXo-00547.jpg": {"object_bounding_box": [518, 770, 160, 164], "object_presence": 1}, "P282--cell-phone--clutter--9Y6Avyza8hNwkvpQdmILWSzLwLlfNKeDTIanR47iSXo-00548.jpg": {"object_bounding_box": [511, 785, 160, 166], "object_presence": 1}, "P282--cell-phone--clutter--9Y6Avyza8hNwkvpQdmILWSzLwLlfNKeDTIanR47iSXo-00549.jpg": {"object_bounding_box": [500, 801, 156, 166], "object_presence": 1}, "P282--cell-phone--clutter--9Y6Avyza8hNwkvpQdmILWSzLwLlfNKeDTIanR47iSXo-00550.jpg": {"object_bounding_box": [487, 818, 156, 168], "object_presence": 1}, "P282--cell-phone--clutter--9Y6Avyza8hNwkvpQdmILWSzLwLlfNKeDTIanR47iSXo-00551.jpg": {"object_bounding_box": [473, 834, 156, 169], "object_presence": 1}, "P282--cell-phone--clutter--9Y6Avyza8hNwkvpQdmILWSzLwLlfNKeDTIanR47iSXo-00552.jpg": {"object_bounding_box": [457, 851, 154, 169], "object_presence": 1}, "P282--cell-phone--clutter--9Y6Avyza8hNwkvpQdmILWSzLwLlfNKeDTIanR47iSXo-00553.jpg": {"object_bounding_box": [442, 870, 154, 170], "object_presence": 1}, "P282--cell-phone--clutter--9Y6Avyza8hNwkvpQdmILWSzLwLlfNKeDTIanR47iSXo-00554.jpg": {"object_bounding_box": [428, 888, 154, 172], "object_presence": 1}, "P282--cell-phone--clutter--9Y6Avyza8hNwkvpQdmILWSzLwLlfNKeDTIanR47iSXo-00555.jpg": {"object_bounding_box": [412, 905, 154, 174], "object_presence": 1}, "P282--cell-phone--clutter--9Y6Avyza8hNwkvpQdmILWSzLwLlfNKeDTIanR47iSXo-00556.jpg": {"object_bounding_box": [396, 921, 153, 177], "object_presence": 1}, "P282--cell-phone--clutter--9Y6Avyza8hNwkvpQdmILWSzLwLlfNKeDTIanR47iSXo-00557.jpg": {"object_bounding_box": [379, 936, 153, 178], "object_presence": 1}, "P282--cell-phone--clutter--9Y6Avyza8hNwkvpQdmILWSzLwLlfNKeDTIanR47iSXo-00558.jpg": {"object_bounding_box": [361, 950, 152, 178], "object_presence": 1}, "P282--cell-phone--clutter--9Y6Avyza8hNwkvpQdmILWSzLwLlfNKeDTIanR47iSXo-00559.jpg": {"object_bounding_box": [347, 963, 155, 180], "object_presence": 1}, "P282--cell-phone--clutter--9Y6Avyza8hNwkvpQdmILWSzLwLlfNKeDTIanR47iSXo-00560.jpg": {"object_bounding_box": [331, 975, 151, 181], "object_presence": 1}, "P282--cell-phone--clutter--9Y6Avyza8hNwkvpQdmILWSzLwLlfNKeDTIanR47iSXo-00561.jpg": {"object_bounding_box": [316, 988, 152, 184], "object_presence": 1}, "P282--cell-phone--clutter--9Y6Avyza8hNwkvpQdmILWSzLwLlfNKeDTIanR47iSXo-00562.jpg": {"object_bounding_box": [301, 994, 154, 171], "object_presence": 1}, "P282--cell-phone--clutter--9Y6Avyza8hNwkvpQdmILWSzLwLlfNKeDTIanR47iSXo-00563.jpg": {"object_bounding_box": [285, 999, 153, 162], "object_presence": 1}, "P282--cell-phone--clutter--9Y6Avyza8hNwkvpQdmILWSzLwLlfNKeDTIanR47iSXo-00564.jpg": {"object_bounding_box": [272, 1005, 155, 150], "object_presence": 1}, "P282--cell-phone--clutter--9Y6Avyza8hNwkvpQdmILWSzLwLlfNKeDTIanR47iSXo-00565.jpg": {"object_bounding_box": [255, 1010, 153, 140], "object_presence": 1}, "P282--cell-phone--clutter--9Y6Avyza8hNwkvpQdmILWSzLwLlfNKeDTIanR47iSXo-00566.jpg": {"object_bounding_box": [243, 1015, 155, 130], "object_presence": 1}, "P282--cell-phone--clutter--9Y6Avyza8hNwkvpQdmILWSzLwLlfNKeDTIanR47iSXo-00567.jpg": {"object_bounding_box": [228, 1017, 152, 115], "object_presence": 1}, "P282--cell-phone--clutter--9Y6Avyza8hNwkvpQdmILWSzLwLlfNKeDTIanR47iSXo-00568.jpg": {"object_bounding_box": [208, 1025, 143, 109], "object_presence": 1}, "P282--cell-phone--clutter--9Y6Avyza8hNwkvpQdmILWSzLwLlfNKeDTIanR47iSXo-00569.jpg": {"object_bounding_box": [191, 1032, 140, 97], "object_presence": 1}, "P282--cell-phone--clutter--9Y6Avyza8hNwkvpQdmILWSzLwLlfNKeDTIanR47iSXo-00570.jpg": {"object_bounding_box": [173, 1038, 141, 84], "object_presence": 1}, "P282--cell-phone--clutter--9Y6Avyza8hNwkvpQdmILWSzLwLlfNKeDTIanR47iSXo-00571.jpg": {"object_bounding_box": [158, 1044, 142, 69], "object_presence": 1}, "P282--cell-phone--clutter--9Y6Avyza8hNwkvpQdmILWSzLwLlfNKeDTIanR47iSXo-00572.jpg": {"object_bounding_box": [140, 1053, 137, 55], "object_presence": 1}, "P282--cell-phone--clutter--9Y6Avyza8hNwkvpQdmILWSzLwLlfNKeDTIanR47iSXo-00573.jpg": {"object_bounding_box": [126, 1060, 134, 39], "object_presence": 1}, "P282--cell-phone--clutter--9Y6Avyza8hNwkvpQdmILWSzLwLlfNKeDTIanR47iSXo-00574.jpg": {"object_bounding_box": [120, 1067, 146, 26], "object_presence": 1}, "P282--cell-phone--clutter--9Y6Avyza8hNwkvpQdmILWSzLwLlfNKeDTIanR47iSXo-00575.jpg": {"object_bounding_box": [110, 1075, 146, 9], "object_presence": 1}, "P282--cell-phone--clutter--9Y6Avyza8hNwkvpQdmILWSzLwLlfNKeDTIanR47iSXo-00576.jpg": {"object_bounding_box": [0, 0, 0, 0], "object_presence": 0}, "P282--cell-phone--clutter--9Y6Avyza8hNwkvpQdmILWSzLwLlfNKeDTIanR47iSXo-00577.jpg": {"object_bounding_box": [0, 0, 0, 0], "object_presence": 0}, "P282--cell-phone--clutter--9Y6Avyza8hNwkvpQdmILWSzLwLlfNKeDTIanR47iSXo-00578.jpg": {"object_bounding_box": [0, 0, 0, 0], "object_presence": 0}, "P282--cell-phone--clutter--9Y6Avyza8hNwkvpQdmILWSzLwLlfNKeDTIanR47iSXo-00579.jpg": {"object_bounding_box": [0, 0, 0, 0], "object_presence": 0}, "P282--cell-phone--clutter--9Y6Avyza8hNwkvpQdmILWSzLwLlfNKeDTIanR47iSXo-00580.jpg": {"object_bounding_box": [0, 0, 0, 0], "object_presence": 0}, "P282--cell-phone--clutter--9Y6Avyza8hNwkvpQdmILWSzLwLlfNKeDTIanR47iSXo-00581.jpg": {"object_bounding_box": [0, 0, 0, 0], "object_presence": 0}, "P282--cell-phone--clutter--9Y6Avyza8hNwkvpQdmILWSzLwLlfNKeDTIanR47iSXo-00582.jpg": {"object_bounding_box": [0, 0, 0, 0], "object_presence": 0}, "P282--cell-phone--clutter--9Y6Avyza8hNwkvpQdmILWSzLwLlfNKeDTIanR47iSXo-00583.jpg": {"object_bounding_box": [0, 0, 0, 0], "object_presence": 0}, "P282--cell-phone--clutter--9Y6Avyza8hNwkvpQdmILWSzLwLlfNKeDTIanR47iSXo-00584.jpg": {"object_bounding_box": [0, 0, 0, 0], "object_presence": 0}, "P282--cell-phone--clutter--9Y6Avyza8hNwkvpQdmILWSzLwLlfNKeDTIanR47iSXo-00585.jpg": {"object_bounding_box": [0, 0, 0, 0], "object_presence": 0}, "P282--cell-phone--clutter--9Y6Avyza8hNwkvpQdmILWSzLwLlfNKeDTIanR47iSXo-00586.jpg": {"object_bounding_box": [0, 0, 0, 0], "object_presence": 0}, "P282--cell-phone--clutter--9Y6Avyza8hNwkvpQdmILWSzLwLlfNKeDTIanR47iSXo-00587.jpg": {"object_bounding_box": [0, 0, 0, 0], "object_presence": 0}, "P282--cell-phone--clutter--9Y6Avyza8hNwkvpQdmILWSzLwLlfNKeDTIanR47iSXo-00588.jpg": {"object_bounding_box": [0, 0, 0, 0], "object_presence": 0}, "P282--cell-phone--clutter--9Y6Avyza8hNwkvpQdmILWSzLwLlfNKeDTIanR47iSXo-00589.jpg": {"object_bounding_box": [0, 0, 0, 0], "object_presence": 0}, "P282--cell-phone--clutter--9Y6Avyza8hNwkvpQdmILWSzLwLlfNKeDTIanR47iSXo-00590.jpg": {"object_bounding_box": [0, 0, 0, 0], "object_presence": 0}, "P282--cell-phone--clutter--9Y6Avyza8hNwkvpQdmILWSzLwLlfNKeDTIanR47iSXo-00591.jpg": {"object_bounding_box": [0, 0, 0, 0], "object_presence": 0}, "P282--cell-phone--clutter--9Y6Avyza8hNwkvpQdmILWSzLwLlfNKeDTIanR47iSXo-00592.jpg": {"object_bounding_box": [0, 0, 0, 0], "object_presence": 0}, "P282--cell-phone--clutter--9Y6Avyza8hNwkvpQdmILWSzLwLlfNKeDTIanR47iSXo-00593.jpg": {"object_bounding_box": [0, 0, 0, 0], "object_presence": 0}, "P282--cell-phone--clutter--9Y6Avyza8hNwkvpQdmILWSzLwLlfNKeDTIanR47iSXo-00594.jpg": {"object_bounding_box": [0, 0, 0, 0], "object_presence": 0}, "P282--cell-phone--clutter--9Y6Avyza8hNwkvpQdmILWSzLwLlfNKeDTIanR47iSXo-00595.jpg": {"object_bounding_box": [0, 0, 0, 0], "object_presence": 0}, "P282--cell-phone--clutter--9Y6Avyza8hNwkvpQdmILWSzLwLlfNKeDTIanR47iSXo-00596.jpg": {"object_bounding_box": [0, 0, 0, 0], "object_presence": 0}, "P282--cell-phone--clutter--9Y6Avyza8hNwkvpQdmILWSzLwLlfNKeDTIanR47iSXo-00597.jpg": {"object_bounding_box": [0, 0, 0, 0], "object_presence": 0}}