{"P284--apple-tv-remote--clutter--0jeWFSfVIYFWnW0IXMraiwlChwAXY4LbUZbjowE9AsA-00001.jpg": {"object_bounding_box": [621, 807, 242, 119], "object_presence": 1}, "P284--apple-tv-remote--clutter--0jeWFSfVIYFWnW0IXMraiwlChwAXY4LbUZbjowE9AsA-00002.jpg": {"object_bounding_box": [621, 807, 242, 119], "object_presence": 1}, "P284--apple-tv-remote--clutter--0jeWFSfVIYFWnW0IXMraiwlChwAXY4LbUZbjowE9AsA-00003.jpg": {"object_bounding_box": [610, 800, 242, 119], "object_presence": 1}, "P284--apple-tv-remote--clutter--0jeWFSfVIYFWnW0IXMraiwlChwAXY4LbUZbjowE9AsA-00004.jpg": {"object_bounding_box": [607, 791, 242, 119], "object_presence": 1}, "P284--apple-tv-remote--clutter--0jeWFSfVIYFWnW0IXMraiwlChwAXY4LbUZbjowE9AsA-00005.jpg": {"object_bounding_box": [604, 783, 242, 121], "object_presence": 1}, "P284--apple-tv-remote--clutter--0jeWFSfVIYFWnW0IXMraiwlChwAXY4LbUZbjowE9AsA-00006.jpg": {"object_bounding_box": [602, 782, 242, 121], "object_presence": 1}, "P284--apple-tv-remote--clutter--0jeWFSfVIYFWnW0IXMraiwlChwAXY4LbUZbjowE9AsA-00007.jpg": {"object_bounding_box": [601, 783, 241, 121], "object_presence": 1}, "P284--apple-tv-remote--clutter--0jeWFSfVIYFWnW0IXMraiwlChwAXY4LbUZbjowE9AsA-00008.jpg": {"object_bounding_box": [600, 788, 241, 121], "object_presence": 1}, "P284--apple-tv-remote--clutter--0jeWFSfVIYFWnW0IXMraiwlChwAXY4LbUZbjowE9AsA-00009.jpg": {"object_bounding_box": [600, 788, 241, 121], "object_presence": 1}, "P284--apple-tv-remote--clutter--0jeWFSfVIYFWnW0IXMraiwlChwAXY4LbUZbjowE9AsA-00010.jpg": {"object_bounding_box": [599, 788, 241, 121], "object_presence": 1}, "P284--apple-tv-remote--clutter--0jeWFSfVIYFWnW0IXMraiwlChwAXY4LbUZbjowE9AsA-00011.jpg": {"object_bounding_box": [600, 788, 241, 121], "object_presence": 1}, "P284--apple-tv-remote--clutter--0jeWFSfVIYFWnW0IXMraiwlChwAXY4LbUZbjowE9AsA-00012.jpg": {"object_bounding_box": [601, 784, 239, 121], "object_presence": 1}, "P284--apple-tv-remote--clutter--0jeWFSfVIYFWnW0IXMraiwlChwAXY4LbUZbjowE9AsA-00013.jpg": {"object_bounding_box": [601, 784, 239, 121], "object_presence": 1}, "P284--apple-tv-remote--clutter--0jeWFSfVIYFWnW0IXMraiwlChwAXY4LbUZbjowE9AsA-00014.jpg": {"object_bounding_box": [601, 784, 239, 121], "object_presence": 1}, "P284--apple-tv-remote--clutter--0jeWFSfVIYFWnW0IXMraiwlChwAXY4LbUZbjowE9AsA-00015.jpg": {"object_bounding_box": [600, 783, 239, 121], "object_presence": 1}, "P284--apple-tv-remote--clutter--0jeWFSfVIYFWnW0IXMraiwlChwAXY4LbUZbjowE9AsA-00016.jpg": {"object_bounding_box": [602, 781, 239, 121], "object_presence": 1}, "P284--apple-tv-remote--clutter--0jeWFSfVIYFWnW0IXMraiwlChwAXY4LbUZbjowE9AsA-00017.jpg": {"object_bounding_box": [601, 783, 239, 121], "object_presence": 1}, "P284--apple-tv-remote--clutter--0jeWFSfVIYFWnW0IXMraiwlChwAXY4LbUZbjowE9AsA-00018.jpg": {"object_bounding_box": [600, 784, 239, 121], "object_presence": 1}, "P284--apple-tv-remote--clutter--0jeWFSfVIYFWnW0IXMraiwlChwAXY4LbUZbjowE9AsA-00019.jpg": {"object_bounding_box": [599, 781, 239, 121], "object_presence": 1}, "P284--apple-tv-remote--clutter--0jeWFSfVIYFWnW0IXMraiwlChwAXY4LbUZbjowE9AsA-00020.jpg": {"object_bounding_box": [598, 776, 238, 118], "object_presence": 1}, "P284--apple-tv-remote--clutter--0jeWFSfVIYFWnW0IXMraiwlChwAXY4LbUZbjowE9AsA-00021.jpg": {"object_bounding_box": [597, 770, 238, 118], "object_presence": 1}, "P284--apple-tv-remote--clutter--0jeWFSfVIYFWnW0IXMraiwlChwAXY4LbUZbjowE9AsA-00022.jpg": {"object_bounding_box": [595, 760, 238, 118], "object_presence": 1}, "P284--apple-tv-remote--clutter--0jeWFSfVIYFWnW0IXMraiwlChwAXY4LbUZbjowE9AsA-00023.jpg": {"object_bounding_box": [582, 745, 238, 118], "object_presence": 1}, "P284--apple-tv-remote--clutter--0jeWFSfVIYFWnW0IXMraiwlChwAXY4LbUZbjowE9AsA-00024.jpg": {"object_bounding_box": [565, 725, 241, 120], "object_presence": 1}, "P284--apple-tv-remote--clutter--0jeWFSfVIYFWnW0IXMraiwlChwAXY4LbUZbjowE9AsA-00025.jpg": {"object_bounding_box": [559, 709, 241, 120], "object_presence": 1}, "P284--apple-tv-remote--clutter--0jeWFSfVIYFWnW0IXMraiwlChwAXY4LbUZbjowE9AsA-00026.jpg": {"object_bounding_box": [558, 705, 241, 120], "object_presence": 1}, "P284--apple-tv-remote--clutter--0jeWFSfVIYFWnW0IXMraiwlChwAXY4LbUZbjowE9AsA-00027.jpg": {"object_bounding_box": [552, 699, 241, 120], "object_presence": 1}, "P284--apple-tv-remote--clutter--0jeWFSfVIYFWnW0IXMraiwlChwAXY4LbUZbjowE9AsA-00028.jpg": {"object_bounding_box": [547, 693, 241, 120], "object_presence": 1}, "P284--apple-tv-remote--clutter--0jeWFSfVIYFWnW0IXMraiwlChwAXY4LbUZbjowE9AsA-00029.jpg": {"object_bounding_box": [541, 695, 239, 120], "object_presence": 1}, "P284--apple-tv-remote--clutter--0jeWFSfVIYFWnW0IXMraiwlChwAXY4LbUZbjowE9AsA-00030.jpg": {"object_bounding_box": [533, 697, 239, 120], "object_presence": 1}, "P284--apple-tv-remote--clutter--0jeWFSfVIYFWnW0IXMraiwlChwAXY4LbUZbjowE9AsA-00031.jpg": {"object_bounding_box": [527, 700, 239, 120], "object_presence": 1}, "P284--apple-tv-remote--clutter--0jeWFSfVIYFWnW0IXMraiwlChwAXY4LbUZbjowE9AsA-00032.jpg": {"object_bounding_box": [522, 700, 239, 120], "object_presence": 1}, "P284--apple-tv-remote--clutter--0jeWFSfVIYFWnW0IXMraiwlChwAXY4LbUZbjowE9AsA-00033.jpg": {"object_bounding_box": [520, 699, 239, 120], "object_presence": 1}, "P284--apple-tv-remote--clutter--0jeWFSfVIYFWnW0IXMraiwlChwAXY4LbUZbjowE9AsA-00034.jpg": {"object_bounding_box": [519, 696, 239, 120], "object_presence": 1}, "P284--apple-tv-remote--clutter--0jeWFSfVIYFWnW0IXMraiwlChwAXY4LbUZbjowE9AsA-00035.jpg": {"object_bounding_box": [518, 694, 237, 120], "object_presence": 1}, "P284--apple-tv-remote--clutter--0jeWFSfVIYFWnW0IXMraiwlChwAXY4LbUZbjowE9AsA-00036.jpg": {"object_bounding_box": [516, 689, 237, 123], "object_presence": 1}, "P284--apple-tv-remote--clutter--0jeWFSfVIYFWnW0IXMraiwlChwAXY4LbUZbjowE9AsA-00037.jpg": {"object_bounding_box": [514, 683, 237, 123], "object_presence": 1}, "P284--apple-tv-remote--clutter--0jeWFSfVIYFWnW0IXMraiwlChwAXY4LbUZbjowE9AsA-00038.jpg": {"object_bounding_box": [514, 679, 237, 123], "object_presence": 1}, "P284--apple-tv-remote--clutter--0jeWFSfVIYFWnW0IXMraiwlChwAXY4LbUZbjowE9AsA-00039.jpg": {"object_bounding_box": [511, 677, 237, 123], "object_presence": 1}, "P284--apple-tv-remote--clutter--0jeWFSfVIYFWnW0IXMraiwlChwAXY4LbUZbjowE9AsA-00040.jpg": {"object_bounding_box": [511, 673, 237, 123], "object_presence": 1}, "P284--apple-tv-remote--clutter--0jeWFSfVIYFWnW0IXMraiwlChwAXY4LbUZbjowE9AsA-00041.jpg": {"object_bounding_box": [511, 673, 237, 123], "object_presence": 1}, "P284--apple-tv-remote--clutter--0jeWFSfVIYFWnW0IXMraiwlChwAXY4LbUZbjowE9AsA-00042.jpg": {"object_bounding_box": [512, 676, 237, 123], "object_presence": 1}, "P284--apple-tv-remote--clutter--0jeWFSfVIYFWnW0IXMraiwlChwAXY4LbUZbjowE9AsA-00043.jpg": {"object_bounding_box": [509, 680, 237, 123], "object_presence": 1}, "P284--apple-tv-remote--clutter--0jeWFSfVIYFWnW0IXMraiwlChwAXY4LbUZbjowE9AsA-00044.jpg": {"object_bounding_box": [510, 682, 237, 123], "object_presence": 1}, "P284--apple-tv-remote--clutter--0jeWFSfVIYFWnW0IXMraiwlChwAXY4LbUZbjowE9AsA-00045.jpg": {"object_bounding_box": [511, 682, 237, 123], "object_presence": 1}, "P284--apple-tv-remote--clutter--0jeWFSfVIYFWnW0IXMraiwlChwAXY4LbUZbjowE9AsA-00046.jpg": {"object_bounding_box": [513, 682, 237, 123], "object_presence": 1}, "P284--apple-tv-remote--clutter--0jeWFSfVIYFWnW0IXMraiwlChwAXY4LbUZbjowE9AsA-00047.jpg": {"object_bounding_box": [511, 683, 237, 123], "object_presence": 1}, "P284--apple-tv-remote--clutter--0jeWFSfVIYFWnW0IXMraiwlChwAXY4LbUZbjowE9AsA-00048.jpg": {"object_bounding_box": [512, 680, 237, 123], "object_presence": 1}, "P284--apple-tv-remote--clutter--0jeWFSfVIYFWnW0IXMraiwlChwAXY4LbUZbjowE9AsA-00049.jpg": {"object_bounding_box": [512, 675, 237, 123], "object_presence": 1}, "P284--apple-tv-remote--clutter--0jeWFSfVIYFWnW0IXMraiwlChwAXY4LbUZbjowE9AsA-00050.jpg": {"object_bounding_box": [514, 672, 237, 123], "object_presence": 1}, "P284--apple-tv-remote--clutter--0jeWFSfVIYFWnW0IXMraiwlChwAXY4LbUZbjowE9AsA-00051.jpg": {"object_bounding_box": [515, 670, 237, 123], "object_presence": 1}, "P284--apple-tv-remote--clutter--0jeWFSfVIYFWnW0IXMraiwlChwAXY4LbUZbjowE9AsA-00052.jpg": {"object_bounding_box": [515, 670, 240, 123], "object_presence": 1}, "P284--apple-tv-remote--clutter--0jeWFSfVIYFWnW0IXMraiwlChwAXY4LbUZbjowE9AsA-00053.jpg": {"object_bounding_box": [514, 672, 240, 123], "object_presence": 1}, "P284--apple-tv-remote--clutter--0jeWFSfVIYFWnW0IXMraiwlChwAXY4LbUZbjowE9AsA-00054.jpg": {"object_bounding_box": [513, 671, 240, 123], "object_presence": 1}, "P284--apple-tv-remote--clutter--0jeWFSfVIYFWnW0IXMraiwlChwAXY4LbUZbjowE9AsA-00055.jpg": {"object_bounding_box": [513, 673, 240, 123], "object_presence": 1}, "P284--apple-tv-remote--clutter--0jeWFSfVIYFWnW0IXMraiwlChwAXY4LbUZbjowE9AsA-00056.jpg": {"object_bounding_box": [510, 675, 243, 123], "object_presence": 1}, "P284--apple-tv-remote--clutter--0jeWFSfVIYFWnW0IXMraiwlChwAXY4LbUZbjowE9AsA-00057.jpg": {"object_bounding_box": [511, 678, 240, 123], "object_presence": 1}, "P284--apple-tv-remote--clutter--0jeWFSfVIYFWnW0IXMraiwlChwAXY4LbUZbjowE9AsA-00058.jpg": {"object_bounding_box": [511, 678, 240, 123], "object_presence": 1}, "P284--apple-tv-remote--clutter--0jeWFSfVIYFWnW0IXMraiwlChwAXY4LbUZbjowE9AsA-00059.jpg": {"object_bounding_box": [513, 676, 242, 123], "object_presence": 1}, "P284--apple-tv-remote--clutter--0jeWFSfVIYFWnW0IXMraiwlChwAXY4LbUZbjowE9AsA-00060.jpg": {"object_bounding_box": [515, 676, 242, 123], "object_presence": 1}, "P284--apple-tv-remote--clutter--0jeWFSfVIYFWnW0IXMraiwlChwAXY4LbUZbjowE9AsA-00061.jpg": {"object_bounding_box": [518, 678, 242, 123], "object_presence": 1}, "P284--apple-tv-remote--clutter--0jeWFSfVIYFWnW0IXMraiwlChwAXY4LbUZbjowE9AsA-00062.jpg": {"object_bounding_box": [518, 678, 242, 123], "object_presence": 1}, "P284--apple-tv-remote--clutter--0jeWFSfVIYFWnW0IXMraiwlChwAXY4LbUZbjowE9AsA-00063.jpg": {"object_bounding_box": [521, 681, 242, 123], "object_presence": 1}, "P284--apple-tv-remote--clutter--0jeWFSfVIYFWnW0IXMraiwlChwAXY4LbUZbjowE9AsA-00064.jpg": {"object_bounding_box": [522, 684, 242, 123], "object_presence": 1}, "P284--apple-tv-remote--clutter--0jeWFSfVIYFWnW0IXMraiwlChwAXY4LbUZbjowE9AsA-00065.jpg": {"object_bounding_box": [523, 688, 242, 123], "object_presence": 1}, "P284--apple-tv-remote--clutter--0jeWFSfVIYFWnW0IXMraiwlChwAXY4LbUZbjowE9AsA-00066.jpg": {"object_bounding_box": [524, 690, 242, 123], "object_presence": 1}, "P284--apple-tv-remote--clutter--0jeWFSfVIYFWnW0IXMraiwlChwAXY4LbUZbjowE9AsA-00067.jpg": {"object_bounding_box": [526, 691, 242, 123], "object_presence": 1}, "P284--apple-tv-remote--clutter--0jeWFSfVIYFWnW0IXMraiwlChwAXY4LbUZbjowE9AsA-00068.jpg": {"object_bounding_box": [528, 692, 242, 123], "object_presence": 1}, "P284--apple-tv-remote--clutter--0jeWFSfVIYFWnW0IXMraiwlChwAXY4LbUZbjowE9AsA-00069.jpg": {"object_bounding_box": [530, 695, 242, 123], "object_presence": 1}, "P284--apple-tv-remote--clutter--0jeWFSfVIYFWnW0IXMraiwlChwAXY4LbUZbjowE9AsA-00070.jpg": {"object_bounding_box": [529, 697, 246, 123], "object_presence": 1}, "P284--apple-tv-remote--clutter--0jeWFSfVIYFWnW0IXMraiwlChwAXY4LbUZbjowE9AsA-00071.jpg": {"object_bounding_box": [531, 698, 244, 123], "object_presence": 1}, "P284--apple-tv-remote--clutter--0jeWFSfVIYFWnW0IXMraiwlChwAXY4LbUZbjowE9AsA-00072.jpg": {"object_bounding_box": [533, 699, 242, 123], "object_presence": 1}, "P284--apple-tv-remote--clutter--0jeWFSfVIYFWnW0IXMraiwlChwAXY4LbUZbjowE9AsA-00073.jpg": {"object_bounding_box": [534, 700, 242, 123], "object_presence": 1}, "P284--apple-tv-remote--clutter--0jeWFSfVIYFWnW0IXMraiwlChwAXY4LbUZbjowE9AsA-00074.jpg": {"object_bounding_box": [534, 702, 242, 123], "object_presence": 1}, "P284--apple-tv-remote--clutter--0jeWFSfVIYFWnW0IXMraiwlChwAXY4LbUZbjowE9AsA-00075.jpg": {"object_bounding_box": [536, 702, 242, 123], "object_presence": 1}, "P284--apple-tv-remote--clutter--0jeWFSfVIYFWnW0IXMraiwlChwAXY4LbUZbjowE9AsA-00076.jpg": {"object_bounding_box": [538, 699, 242, 123], "object_presence": 1}, "P284--apple-tv-remote--clutter--0jeWFSfVIYFWnW0IXMraiwlChwAXY4LbUZbjowE9AsA-00077.jpg": {"object_bounding_box": [538, 699, 245, 125], "object_presence": 1}, "P284--apple-tv-remote--clutter--0jeWFSfVIYFWnW0IXMraiwlChwAXY4LbUZbjowE9AsA-00078.jpg": {"object_bounding_box": [537, 701, 247, 127], "object_presence": 1}, "P284--apple-tv-remote--clutter--0jeWFSfVIYFWnW0IXMraiwlChwAXY4LbUZbjowE9AsA-00079.jpg": {"object_bounding_box": [538, 703, 246, 126], "object_presence": 1}, "P284--apple-tv-remote--clutter--0jeWFSfVIYFWnW0IXMraiwlChwAXY4LbUZbjowE9AsA-00080.jpg": {"object_bounding_box": [538, 707, 246, 128], "object_presence": 1}, "P284--apple-tv-remote--clutter--0jeWFSfVIYFWnW0IXMraiwlChwAXY4LbUZbjowE9AsA-00081.jpg": {"object_bounding_box": [540, 708, 246, 126], "object_presence": 1}, "P284--apple-tv-remote--clutter--0jeWFSfVIYFWnW0IXMraiwlChwAXY4LbUZbjowE9AsA-00082.jpg": {"object_bounding_box": [541, 708, 244, 126], "object_presence": 1}, "P284--apple-tv-remote--clutter--0jeWFSfVIYFWnW0IXMraiwlChwAXY4LbUZbjowE9AsA-00083.jpg": {"object_bounding_box": [539, 708, 248, 126], "object_presence": 1}, "P284--apple-tv-remote--clutter--0jeWFSfVIYFWnW0IXMraiwlChwAXY4LbUZbjowE9AsA-00084.jpg": {"object_bounding_box": [538, 711, 249, 126], "object_presence": 1}, "P284--apple-tv-remote--clutter--0jeWFSfVIYFWnW0IXMraiwlChwAXY4LbUZbjowE9AsA-00085.jpg": {"object_bounding_box": [535, 713, 249, 126], "object_presence": 1}, "P284--apple-tv-remote--clutter--0jeWFSfVIYFWnW0IXMraiwlChwAXY4LbUZbjowE9AsA-00086.jpg": {"object_bounding_box": [534, 717, 247, 126], "object_presence": 1}, "P284--apple-tv-remote--clutter--0jeWFSfVIYFWnW0IXMraiwlChwAXY4LbUZbjowE9AsA-00087.jpg": {"object_bounding_box": [533, 718, 247, 128], "object_presence": 1}, "P284--apple-tv-remote--clutter--0jeWFSfVIYFWnW0IXMraiwlChwAXY4LbUZbjowE9AsA-00088.jpg": {"object_bounding_box": [531, 722, 248, 126], "object_presence": 1}, "P284--apple-tv-remote--clutter--0jeWFSfVIYFWnW0IXMraiwlChwAXY4LbUZbjowE9AsA-00089.jpg": {"object_bounding_box": [531, 723, 246, 129], "object_presence": 1}, "P284--apple-tv-remote--clutter--0jeWFSfVIYFWnW0IXMraiwlChwAXY4LbUZbjowE9AsA-00090.jpg": {"object_bounding_box": [530, 723, 248, 129], "object_presence": 1}, "P284--apple-tv-remote--clutter--0jeWFSfVIYFWnW0IXMraiwlChwAXY4LbUZbjowE9AsA-00091.jpg": {"object_bounding_box": [530, 719, 249, 129], "object_presence": 1}, "P284--apple-tv-remote--clutter--0jeWFSfVIYFWnW0IXMraiwlChwAXY4LbUZbjowE9AsA-00092.jpg": {"object_bounding_box": [530, 717, 248, 131], "object_presence": 1}, "P284--apple-tv-remote--clutter--0jeWFSfVIYFWnW0IXMraiwlChwAXY4LbUZbjowE9AsA-00093.jpg": {"object_bounding_box": [529, 717, 248, 129], "object_presence": 1}, "P284--apple-tv-remote--clutter--0jeWFSfVIYFWnW0IXMraiwlChwAXY4LbUZbjowE9AsA-00094.jpg": {"object_bounding_box": [528, 720, 246, 129], "object_presence": 1}, "P284--apple-tv-remote--clutter--0jeWFSfVIYFWnW0IXMraiwlChwAXY4LbUZbjowE9AsA-00095.jpg": {"object_bounding_box": [526, 723, 249, 129], "object_presence": 1}, "P284--apple-tv-remote--clutter--0jeWFSfVIYFWnW0IXMraiwlChwAXY4LbUZbjowE9AsA-00096.jpg": {"object_bounding_box": [526, 725, 250, 132], "object_presence": 1}, "P284--apple-tv-remote--clutter--0jeWFSfVIYFWnW0IXMraiwlChwAXY4LbUZbjowE9AsA-00097.jpg": {"object_bounding_box": [524, 728, 249, 133], "object_presence": 1}, "P284--apple-tv-remote--clutter--0jeWFSfVIYFWnW0IXMraiwlChwAXY4LbUZbjowE9AsA-00098.jpg": {"object_bounding_box": [517, 737, 255, 139], "object_presence": 1}, "P284--apple-tv-remote--clutter--0jeWFSfVIYFWnW0IXMraiwlChwAXY4LbUZbjowE9AsA-00099.jpg": {"object_bounding_box": [516, 748, 251, 133], "object_presence": 1}, "P284--apple-tv-remote--clutter--0jeWFSfVIYFWnW0IXMraiwlChwAXY4LbUZbjowE9AsA-00100.jpg": {"object_bounding_box": [517, 761, 251, 136], "object_presence": 1}, "P284--apple-tv-remote--clutter--0jeWFSfVIYFWnW0IXMraiwlChwAXY4LbUZbjowE9AsA-00101.jpg": {"object_bounding_box": [517, 772, 251, 136], "object_presence": 1}, "P284--apple-tv-remote--clutter--0jeWFSfVIYFWnW0IXMraiwlChwAXY4LbUZbjowE9AsA-00102.jpg": {"object_bounding_box": [520, 781, 251, 136], "object_presence": 1}, "P284--apple-tv-remote--clutter--0jeWFSfVIYFWnW0IXMraiwlChwAXY4LbUZbjowE9AsA-00103.jpg": {"object_bounding_box": [519, 786, 251, 136], "object_presence": 1}, "P284--apple-tv-remote--clutter--0jeWFSfVIYFWnW0IXMraiwlChwAXY4LbUZbjowE9AsA-00104.jpg": {"object_bounding_box": [517, 786, 248, 136], "object_presence": 1}, "P284--apple-tv-remote--clutter--0jeWFSfVIYFWnW0IXMraiwlChwAXY4LbUZbjowE9AsA-00105.jpg": {"object_bounding_box": [517, 782, 248, 136], "object_presence": 1}, "P284--apple-tv-remote--clutter--0jeWFSfVIYFWnW0IXMraiwlChwAXY4LbUZbjowE9AsA-00106.jpg": {"object_bounding_box": [518, 775, 246, 136], "object_presence": 1}, "P284--apple-tv-remote--clutter--0jeWFSfVIYFWnW0IXMraiwlChwAXY4LbUZbjowE9AsA-00107.jpg": {"object_bounding_box": [520, 769, 246, 136], "object_presence": 1}, "P284--apple-tv-remote--clutter--0jeWFSfVIYFWnW0IXMraiwlChwAXY4LbUZbjowE9AsA-00108.jpg": {"object_bounding_box": [524, 764, 246, 136], "object_presence": 1}, "P284--apple-tv-remote--clutter--0jeWFSfVIYFWnW0IXMraiwlChwAXY4LbUZbjowE9AsA-00109.jpg": {"object_bounding_box": [525, 760, 246, 136], "object_presence": 1}, "P284--apple-tv-remote--clutter--0jeWFSfVIYFWnW0IXMraiwlChwAXY4LbUZbjowE9AsA-00110.jpg": {"object_bounding_box": [525, 759, 246, 136], "object_presence": 1}, "P284--apple-tv-remote--clutter--0jeWFSfVIYFWnW0IXMraiwlChwAXY4LbUZbjowE9AsA-00111.jpg": {"object_bounding_box": [527, 756, 246, 136], "object_presence": 1}, "P284--apple-tv-remote--clutter--0jeWFSfVIYFWnW0IXMraiwlChwAXY4LbUZbjowE9AsA-00112.jpg": {"object_bounding_box": [526, 755, 246, 136], "object_presence": 1}, "P284--apple-tv-remote--clutter--0jeWFSfVIYFWnW0IXMraiwlChwAXY4LbUZbjowE9AsA-00113.jpg": {"object_bounding_box": [526, 754, 246, 134], "object_presence": 1}, "P284--apple-tv-remote--clutter--0jeWFSfVIYFWnW0IXMraiwlChwAXY4LbUZbjowE9AsA-00114.jpg": {"object_bounding_box": [528, 752, 246, 132], "object_presence": 1}, "P284--apple-tv-remote--clutter--0jeWFSfVIYFWnW0IXMraiwlChwAXY4LbUZbjowE9AsA-00115.jpg": {"object_bounding_box": [528, 752, 246, 132], "object_presence": 1}, "P284--apple-tv-remote--clutter--0jeWFSfVIYFWnW0IXMraiwlChwAXY4LbUZbjowE9AsA-00116.jpg": {"object_bounding_box": [528, 749, 246, 132], "object_presence": 1}, "P284--apple-tv-remote--clutter--0jeWFSfVIYFWnW0IXMraiwlChwAXY4LbUZbjowE9AsA-00117.jpg": {"object_bounding_box": [530, 747, 246, 132], "object_presence": 1}, "P284--apple-tv-remote--clutter--0jeWFSfVIYFWnW0IXMraiwlChwAXY4LbUZbjowE9AsA-00118.jpg": {"object_bounding_box": [530, 746, 246, 132], "object_presence": 1}, "P284--apple-tv-remote--clutter--0jeWFSfVIYFWnW0IXMraiwlChwAXY4LbUZbjowE9AsA-00119.jpg": {"object_bounding_box": [531, 744, 246, 132], "object_presence": 1}, "P284--apple-tv-remote--clutter--0jeWFSfVIYFWnW0IXMraiwlChwAXY4LbUZbjowE9AsA-00120.jpg": {"object_bounding_box": [531, 741, 246, 132], "object_presence": 1}, "P284--apple-tv-remote--clutter--0jeWFSfVIYFWnW0IXMraiwlChwAXY4LbUZbjowE9AsA-00121.jpg": {"object_bounding_box": [531, 735, 246, 132], "object_presence": 1}, "P284--apple-tv-remote--clutter--0jeWFSfVIYFWnW0IXMraiwlChwAXY4LbUZbjowE9AsA-00122.jpg": {"object_bounding_box": [532, 727, 246, 132], "object_presence": 1}, "P284--apple-tv-remote--clutter--0jeWFSfVIYFWnW0IXMraiwlChwAXY4LbUZbjowE9AsA-00123.jpg": {"object_bounding_box": [530, 720, 246, 132], "object_presence": 1}, "P284--apple-tv-remote--clutter--0jeWFSfVIYFWnW0IXMraiwlChwAXY4LbUZbjowE9AsA-00124.jpg": {"object_bounding_box": [529, 713, 246, 132], "object_presence": 1}, "P284--apple-tv-remote--clutter--0jeWFSfVIYFWnW0IXMraiwlChwAXY4LbUZbjowE9AsA-00125.jpg": {"object_bounding_box": [532, 706, 246, 132], "object_presence": 1}, "P284--apple-tv-remote--clutter--0jeWFSfVIYFWnW0IXMraiwlChwAXY4LbUZbjowE9AsA-00126.jpg": {"object_bounding_box": [535, 704, 246, 132], "object_presence": 1}, "P284--apple-tv-remote--clutter--0jeWFSfVIYFWnW0IXMraiwlChwAXY4LbUZbjowE9AsA-00127.jpg": {"object_bounding_box": [536, 701, 246, 132], "object_presence": 1}, "P284--apple-tv-remote--clutter--0jeWFSfVIYFWnW0IXMraiwlChwAXY4LbUZbjowE9AsA-00128.jpg": {"object_bounding_box": [536, 701, 246, 132], "object_presence": 1}, "P284--apple-tv-remote--clutter--0jeWFSfVIYFWnW0IXMraiwlChwAXY4LbUZbjowE9AsA-00129.jpg": {"object_bounding_box": [536, 703, 246, 132], "object_presence": 1}, "P284--apple-tv-remote--clutter--0jeWFSfVIYFWnW0IXMraiwlChwAXY4LbUZbjowE9AsA-00130.jpg": {"object_bounding_box": [536, 704, 246, 129], "object_presence": 1}, "P284--apple-tv-remote--clutter--0jeWFSfVIYFWnW0IXMraiwlChwAXY4LbUZbjowE9AsA-00131.jpg": {"object_bounding_box": [537, 703, 246, 129], "object_presence": 1}, "P284--apple-tv-remote--clutter--0jeWFSfVIYFWnW0IXMraiwlChwAXY4LbUZbjowE9AsA-00132.jpg": {"object_bounding_box": [537, 701, 246, 131], "object_presence": 1}, "P284--apple-tv-remote--clutter--0jeWFSfVIYFWnW0IXMraiwlChwAXY4LbUZbjowE9AsA-00133.jpg": {"object_bounding_box": [537, 701, 246, 131], "object_presence": 1}, "P284--apple-tv-remote--clutter--0jeWFSfVIYFWnW0IXMraiwlChwAXY4LbUZbjowE9AsA-00134.jpg": {"object_bounding_box": [529, 714, 246, 128], "object_presence": 1}, "P284--apple-tv-remote--clutter--0jeWFSfVIYFWnW0IXMraiwlChwAXY4LbUZbjowE9AsA-00135.jpg": {"object_bounding_box": [529, 713, 246, 129], "object_presence": 1}, "P284--apple-tv-remote--clutter--0jeWFSfVIYFWnW0IXMraiwlChwAXY4LbUZbjowE9AsA-00136.jpg": {"object_bounding_box": [526, 711, 246, 134], "object_presence": 1}, "P284--apple-tv-remote--clutter--0jeWFSfVIYFWnW0IXMraiwlChwAXY4LbUZbjowE9AsA-00137.jpg": {"object_bounding_box": [524, 721, 246, 136], "object_presence": 1}, "P284--apple-tv-remote--clutter--0jeWFSfVIYFWnW0IXMraiwlChwAXY4LbUZbjowE9AsA-00138.jpg": {"object_bounding_box": [526, 732, 246, 136], "object_presence": 1}, "P284--apple-tv-remote--clutter--0jeWFSfVIYFWnW0IXMraiwlChwAXY4LbUZbjowE9AsA-00139.jpg": {"object_bounding_box": [526, 739, 246, 136], "object_presence": 1}, "P284--apple-tv-remote--clutter--0jeWFSfVIYFWnW0IXMraiwlChwAXY4LbUZbjowE9AsA-00140.jpg": {"object_bounding_box": [522, 741, 245, 136], "object_presence": 1}, "P284--apple-tv-remote--clutter--0jeWFSfVIYFWnW0IXMraiwlChwAXY4LbUZbjowE9AsA-00141.jpg": {"object_bounding_box": [521, 741, 245, 136], "object_presence": 1}, "P284--apple-tv-remote--clutter--0jeWFSfVIYFWnW0IXMraiwlChwAXY4LbUZbjowE9AsA-00142.jpg": {"object_bounding_box": [522, 738, 245, 136], "object_presence": 1}, "P284--apple-tv-remote--clutter--0jeWFSfVIYFWnW0IXMraiwlChwAXY4LbUZbjowE9AsA-00143.jpg": {"object_bounding_box": [525, 734, 245, 136], "object_presence": 1}, "P284--apple-tv-remote--clutter--0jeWFSfVIYFWnW0IXMraiwlChwAXY4LbUZbjowE9AsA-00144.jpg": {"object_bounding_box": [528, 727, 247, 134], "object_presence": 1}, "P284--apple-tv-remote--clutter--0jeWFSfVIYFWnW0IXMraiwlChwAXY4LbUZbjowE9AsA-00145.jpg": {"object_bounding_box": [530, 719, 247, 133], "object_presence": 1}, "P284--apple-tv-remote--clutter--0jeWFSfVIYFWnW0IXMraiwlChwAXY4LbUZbjowE9AsA-00146.jpg": {"object_bounding_box": [531, 712, 247, 133], "object_presence": 1}, "P284--apple-tv-remote--clutter--0jeWFSfVIYFWnW0IXMraiwlChwAXY4LbUZbjowE9AsA-00147.jpg": {"object_bounding_box": [529, 708, 247, 133], "object_presence": 1}, "P284--apple-tv-remote--clutter--0jeWFSfVIYFWnW0IXMraiwlChwAXY4LbUZbjowE9AsA-00148.jpg": {"object_bounding_box": [529, 708, 247, 133], "object_presence": 1}, "P284--apple-tv-remote--clutter--0jeWFSfVIYFWnW0IXMraiwlChwAXY4LbUZbjowE9AsA-00149.jpg": {"object_bounding_box": [529, 707, 247, 131], "object_presence": 1}, "P284--apple-tv-remote--clutter--0jeWFSfVIYFWnW0IXMraiwlChwAXY4LbUZbjowE9AsA-00150.jpg": {"object_bounding_box": [531, 708, 247, 132], "object_presence": 1}, "P284--apple-tv-remote--clutter--0jeWFSfVIYFWnW0IXMraiwlChwAXY4LbUZbjowE9AsA-00151.jpg": {"object_bounding_box": [531, 708, 247, 132], "object_presence": 1}, "P284--apple-tv-remote--clutter--0jeWFSfVIYFWnW0IXMraiwlChwAXY4LbUZbjowE9AsA-00152.jpg": {"object_bounding_box": [532, 712, 247, 133], "object_presence": 1}, "P284--apple-tv-remote--clutter--0jeWFSfVIYFWnW0IXMraiwlChwAXY4LbUZbjowE9AsA-00153.jpg": {"object_bounding_box": [537, 710, 247, 133], "object_presence": 1}, "P284--apple-tv-remote--clutter--0jeWFSfVIYFWnW0IXMraiwlChwAXY4LbUZbjowE9AsA-00154.jpg": {"object_bounding_box": [537, 707, 247, 133], "object_presence": 1}, "P284--apple-tv-remote--clutter--0jeWFSfVIYFWnW0IXMraiwlChwAXY4LbUZbjowE9AsA-00155.jpg": {"object_bounding_box": [537, 703, 247, 131], "object_presence": 1}, "P284--apple-tv-remote--clutter--0jeWFSfVIYFWnW0IXMraiwlChwAXY4LbUZbjowE9AsA-00156.jpg": {"object_bounding_box": [541, 701, 247, 131], "object_presence": 1}, "P284--apple-tv-remote--clutter--0jeWFSfVIYFWnW0IXMraiwlChwAXY4LbUZbjowE9AsA-00157.jpg": {"object_bounding_box": [546, 702, 247, 131], "object_presence": 1}, "P284--apple-tv-remote--clutter--0jeWFSfVIYFWnW0IXMraiwlChwAXY4LbUZbjowE9AsA-00158.jpg": {"object_bounding_box": [549, 705, 247, 129], "object_presence": 1}, "P284--apple-tv-remote--clutter--0jeWFSfVIYFWnW0IXMraiwlChwAXY4LbUZbjowE9AsA-00159.jpg": {"object_bounding_box": [547, 705, 247, 129], "object_presence": 1}, "P284--apple-tv-remote--clutter--0jeWFSfVIYFWnW0IXMraiwlChwAXY4LbUZbjowE9AsA-00160.jpg": {"object_bounding_box": [547, 705, 247, 129], "object_presence": 1}, "P284--apple-tv-remote--clutter--0jeWFSfVIYFWnW0IXMraiwlChwAXY4LbUZbjowE9AsA-00161.jpg": {"object_bounding_box": [548, 704, 247, 129], "object_presence": 1}, "P284--apple-tv-remote--clutter--0jeWFSfVIYFWnW0IXMraiwlChwAXY4LbUZbjowE9AsA-00162.jpg": {"object_bounding_box": [546, 705, 247, 129], "object_presence": 1}, "P284--apple-tv-remote--clutter--0jeWFSfVIYFWnW0IXMraiwlChwAXY4LbUZbjowE9AsA-00163.jpg": {"object_bounding_box": [546, 708, 247, 129], "object_presence": 1}, "P284--apple-tv-remote--clutter--0jeWFSfVIYFWnW0IXMraiwlChwAXY4LbUZbjowE9AsA-00164.jpg": {"object_bounding_box": [545, 709, 247, 129], "object_presence": 1}, "P284--apple-tv-remote--clutter--0jeWFSfVIYFWnW0IXMraiwlChwAXY4LbUZbjowE9AsA-00165.jpg": {"object_bounding_box": [544, 710, 247, 129], "object_presence": 1}, "P284--apple-tv-remote--clutter--0jeWFSfVIYFWnW0IXMraiwlChwAXY4LbUZbjowE9AsA-00166.jpg": {"object_bounding_box": [544, 710, 247, 129], "object_presence": 1}, "P284--apple-tv-remote--clutter--0jeWFSfVIYFWnW0IXMraiwlChwAXY4LbUZbjowE9AsA-00167.jpg": {"object_bounding_box": [544, 710, 247, 129], "object_presence": 1}, "P284--apple-tv-remote--clutter--0jeWFSfVIYFWnW0IXMraiwlChwAXY4LbUZbjowE9AsA-00168.jpg": {"object_bounding_box": [545, 710, 247, 129], "object_presence": 1}, "P284--apple-tv-remote--clutter--0jeWFSfVIYFWnW0IXMraiwlChwAXY4LbUZbjowE9AsA-00169.jpg": {"object_bounding_box": [545, 710, 247, 126], "object_presence": 1}, "P284--apple-tv-remote--clutter--0jeWFSfVIYFWnW0IXMraiwlChwAXY4LbUZbjowE9AsA-00170.jpg": {"object_bounding_box": [547, 706, 247, 126], "object_presence": 1}, "P284--apple-tv-remote--clutter--0jeWFSfVIYFWnW0IXMraiwlChwAXY4LbUZbjowE9AsA-00171.jpg": {"object_bounding_box": [542, 697, 247, 126], "object_presence": 1}, "P284--apple-tv-remote--clutter--0jeWFSfVIYFWnW0IXMraiwlChwAXY4LbUZbjowE9AsA-00172.jpg": {"object_bounding_box": [533, 680, 247, 126], "object_presence": 1}, "P284--apple-tv-remote--clutter--0jeWFSfVIYFWnW0IXMraiwlChwAXY4LbUZbjowE9AsA-00173.jpg": {"object_bounding_box": [531, 666, 247, 127], "object_presence": 1}, "P284--apple-tv-remote--clutter--0jeWFSfVIYFWnW0IXMraiwlChwAXY4LbUZbjowE9AsA-00174.jpg": {"object_bounding_box": [530, 649, 247, 127], "object_presence": 1}, "P284--apple-tv-remote--clutter--0jeWFSfVIYFWnW0IXMraiwlChwAXY4LbUZbjowE9AsA-00175.jpg": {"object_bounding_box": [531, 632, 247, 131], "object_presence": 1}, "P284--apple-tv-remote--clutter--0jeWFSfVIYFWnW0IXMraiwlChwAXY4LbUZbjowE9AsA-00176.jpg": {"object_bounding_box": [533, 617, 249, 131], "object_presence": 1}, "P284--apple-tv-remote--clutter--0jeWFSfVIYFWnW0IXMraiwlChwAXY4LbUZbjowE9AsA-00177.jpg": {"object_bounding_box": [534, 601, 247, 131], "object_presence": 1}, "P284--apple-tv-remote--clutter--0jeWFSfVIYFWnW0IXMraiwlChwAXY4LbUZbjowE9AsA-00178.jpg": {"object_bounding_box": [516, 588, 258, 133], "object_presence": 1}, "P284--apple-tv-remote--clutter--0jeWFSfVIYFWnW0IXMraiwlChwAXY4LbUZbjowE9AsA-00179.jpg": {"object_bounding_box": [512, 573, 250, 133], "object_presence": 1}, "P284--apple-tv-remote--clutter--0jeWFSfVIYFWnW0IXMraiwlChwAXY4LbUZbjowE9AsA-00180.jpg": {"object_bounding_box": [536, 557, 269, 139], "object_presence": 1}, "P284--apple-tv-remote--clutter--0jeWFSfVIYFWnW0IXMraiwlChwAXY4LbUZbjowE9AsA-00181.jpg": {"object_bounding_box": [551, 530, 264, 131], "object_presence": 1}, "P284--apple-tv-remote--clutter--0jeWFSfVIYFWnW0IXMraiwlChwAXY4LbUZbjowE9AsA-00182.jpg": {"object_bounding_box": [547, 519, 262, 135], "object_presence": 1}, "P284--apple-tv-remote--clutter--0jeWFSfVIYFWnW0IXMraiwlChwAXY4LbUZbjowE9AsA-00183.jpg": {"object_bounding_box": [555, 551, 262, 132], "object_presence": 1}, "P284--apple-tv-remote--clutter--0jeWFSfVIYFWnW0IXMraiwlChwAXY4LbUZbjowE9AsA-00184.jpg": {"object_bounding_box": [578, 551, 262, 132], "object_presence": 1}, "P284--apple-tv-remote--clutter--0jeWFSfVIYFWnW0IXMraiwlChwAXY4LbUZbjowE9AsA-00185.jpg": {"object_bounding_box": [594, 506, 286, 133], "object_presence": 1}, "P284--apple-tv-remote--clutter--0jeWFSfVIYFWnW0IXMraiwlChwAXY4LbUZbjowE9AsA-00186.jpg": {"object_bounding_box": [598, 492, 273, 141], "object_presence": 1}, "P284--apple-tv-remote--clutter--0jeWFSfVIYFWnW0IXMraiwlChwAXY4LbUZbjowE9AsA-00187.jpg": {"object_bounding_box": [599, 517, 273, 144], "object_presence": 1}, "P284--apple-tv-remote--clutter--0jeWFSfVIYFWnW0IXMraiwlChwAXY4LbUZbjowE9AsA-00188.jpg": {"object_bounding_box": [624, 485, 280, 130], "object_presence": 1}, "P284--apple-tv-remote--clutter--0jeWFSfVIYFWnW0IXMraiwlChwAXY4LbUZbjowE9AsA-00189.jpg": {"object_bounding_box": [631, 438, 282, 149], "object_presence": 1}, "P284--apple-tv-remote--clutter--0jeWFSfVIYFWnW0IXMraiwlChwAXY4LbUZbjowE9AsA-00190.jpg": {"object_bounding_box": [631, 438, 282, 149], "object_presence": 1}, "P284--apple-tv-remote--clutter--0jeWFSfVIYFWnW0IXMraiwlChwAXY4LbUZbjowE9AsA-00191.jpg": {"object_bounding_box": [639, 466, 282, 149], "object_presence": 1}, "P284--apple-tv-remote--clutter--0jeWFSfVIYFWnW0IXMraiwlChwAXY4LbUZbjowE9AsA-00192.jpg": {"object_bounding_box": [641, 486, 282, 149], "object_presence": 1}, "P284--apple-tv-remote--clutter--0jeWFSfVIYFWnW0IXMraiwlChwAXY4LbUZbjowE9AsA-00193.jpg": {"object_bounding_box": [641, 498, 282, 149], "object_presence": 1}, "P284--apple-tv-remote--clutter--0jeWFSfVIYFWnW0IXMraiwlChwAXY4LbUZbjowE9AsA-00194.jpg": {"object_bounding_box": [639, 496, 282, 149], "object_presence": 1}, "P284--apple-tv-remote--clutter--0jeWFSfVIYFWnW0IXMraiwlChwAXY4LbUZbjowE9AsA-00195.jpg": {"object_bounding_box": [650, 498, 282, 149], "object_presence": 1}, "P284--apple-tv-remote--clutter--0jeWFSfVIYFWnW0IXMraiwlChwAXY4LbUZbjowE9AsA-00196.jpg": {"object_bounding_box": [662, 514, 282, 149], "object_presence": 1}, "P284--apple-tv-remote--clutter--0jeWFSfVIYFWnW0IXMraiwlChwAXY4LbUZbjowE9AsA-00197.jpg": {"object_bounding_box": [662, 530, 282, 149], "object_presence": 1}, "P284--apple-tv-remote--clutter--0jeWFSfVIYFWnW0IXMraiwlChwAXY4LbUZbjowE9AsA-00198.jpg": {"object_bounding_box": [661, 529, 278, 147], "object_presence": 1}, "P284--apple-tv-remote--clutter--0jeWFSfVIYFWnW0IXMraiwlChwAXY4LbUZbjowE9AsA-00199.jpg": {"object_bounding_box": [664, 523, 278, 150], "object_presence": 1}, "P284--apple-tv-remote--clutter--0jeWFSfVIYFWnW0IXMraiwlChwAXY4LbUZbjowE9AsA-00200.jpg": {"object_bounding_box": [668, 516, 278, 150], "object_presence": 1}, "P284--apple-tv-remote--clutter--0jeWFSfVIYFWnW0IXMraiwlChwAXY4LbUZbjowE9AsA-00201.jpg": {"object_bounding_box": [664, 505, 278, 150], "object_presence": 1}, "P284--apple-tv-remote--clutter--0jeWFSfVIYFWnW0IXMraiwlChwAXY4LbUZbjowE9AsA-00202.jpg": {"object_bounding_box": [655, 495, 278, 150], "object_presence": 1}, "P284--apple-tv-remote--clutter--0jeWFSfVIYFWnW0IXMraiwlChwAXY4LbUZbjowE9AsA-00203.jpg": {"object_bounding_box": [667, 489, 278, 150], "object_presence": 1}, "P284--apple-tv-remote--clutter--0jeWFSfVIYFWnW0IXMraiwlChwAXY4LbUZbjowE9AsA-00204.jpg": {"object_bounding_box": [670, 490, 278, 146], "object_presence": 1}, "P284--apple-tv-remote--clutter--0jeWFSfVIYFWnW0IXMraiwlChwAXY4LbUZbjowE9AsA-00205.jpg": {"object_bounding_box": [662, 495, 278, 136], "object_presence": 1}, "P284--apple-tv-remote--clutter--0jeWFSfVIYFWnW0IXMraiwlChwAXY4LbUZbjowE9AsA-00206.jpg": {"object_bounding_box": [658, 507, 278, 136], "object_presence": 1}, "P284--apple-tv-remote--clutter--0jeWFSfVIYFWnW0IXMraiwlChwAXY4LbUZbjowE9AsA-00207.jpg": {"object_bounding_box": [650, 516, 274, 136], "object_presence": 1}, "P284--apple-tv-remote--clutter--0jeWFSfVIYFWnW0IXMraiwlChwAXY4LbUZbjowE9AsA-00208.jpg": {"object_bounding_box": [640, 520, 278, 136], "object_presence": 1}, "P284--apple-tv-remote--clutter--0jeWFSfVIYFWnW0IXMraiwlChwAXY4LbUZbjowE9AsA-00209.jpg": {"object_bounding_box": [629, 542, 278, 136], "object_presence": 1}, "P284--apple-tv-remote--clutter--0jeWFSfVIYFWnW0IXMraiwlChwAXY4LbUZbjowE9AsA-00210.jpg": {"object_bounding_box": [635, 567, 278, 136], "object_presence": 1}, "P284--apple-tv-remote--clutter--0jeWFSfVIYFWnW0IXMraiwlChwAXY4LbUZbjowE9AsA-00211.jpg": {"object_bounding_box": [647, 559, 278, 136], "object_presence": 1}, "P284--apple-tv-remote--clutter--0jeWFSfVIYFWnW0IXMraiwlChwAXY4LbUZbjowE9AsA-00212.jpg": {"object_bounding_box": [646, 539, 278, 136], "object_presence": 1}, "P284--apple-tv-remote--clutter--0jeWFSfVIYFWnW0IXMraiwlChwAXY4LbUZbjowE9AsA-00213.jpg": {"object_bounding_box": [639, 539, 271, 136], "object_presence": 1}, "P284--apple-tv-remote--clutter--0jeWFSfVIYFWnW0IXMraiwlChwAXY4LbUZbjowE9AsA-00214.jpg": {"object_bounding_box": [639, 548, 267, 136], "object_presence": 1}, "P284--apple-tv-remote--clutter--0jeWFSfVIYFWnW0IXMraiwlChwAXY4LbUZbjowE9AsA-00215.jpg": {"object_bounding_box": [639, 555, 267, 135], "object_presence": 1}, "P284--apple-tv-remote--clutter--0jeWFSfVIYFWnW0IXMraiwlChwAXY4LbUZbjowE9AsA-00216.jpg": {"object_bounding_box": [640, 559, 267, 135], "object_presence": 1}, "P284--apple-tv-remote--clutter--0jeWFSfVIYFWnW0IXMraiwlChwAXY4LbUZbjowE9AsA-00217.jpg": {"object_bounding_box": [640, 559, 267, 135], "object_presence": 1}, "P284--apple-tv-remote--clutter--0jeWFSfVIYFWnW0IXMraiwlChwAXY4LbUZbjowE9AsA-00218.jpg": {"object_bounding_box": [641, 559, 265, 135], "object_presence": 1}, "P284--apple-tv-remote--clutter--0jeWFSfVIYFWnW0IXMraiwlChwAXY4LbUZbjowE9AsA-00219.jpg": {"object_bounding_box": [640, 560, 262, 133], "object_presence": 1}, "P284--apple-tv-remote--clutter--0jeWFSfVIYFWnW0IXMraiwlChwAXY4LbUZbjowE9AsA-00220.jpg": {"object_bounding_box": [638, 557, 262, 133], "object_presence": 1}, "P284--apple-tv-remote--clutter--0jeWFSfVIYFWnW0IXMraiwlChwAXY4LbUZbjowE9AsA-00221.jpg": {"object_bounding_box": [638, 556, 262, 133], "object_presence": 1}, "P284--apple-tv-remote--clutter--0jeWFSfVIYFWnW0IXMraiwlChwAXY4LbUZbjowE9AsA-00222.jpg": {"object_bounding_box": [636, 556, 262, 133], "object_presence": 1}, "P284--apple-tv-remote--clutter--0jeWFSfVIYFWnW0IXMraiwlChwAXY4LbUZbjowE9AsA-00223.jpg": {"object_bounding_box": [636, 556, 262, 133], "object_presence": 1}, "P284--apple-tv-remote--clutter--0jeWFSfVIYFWnW0IXMraiwlChwAXY4LbUZbjowE9AsA-00224.jpg": {"object_bounding_box": [636, 556, 262, 133], "object_presence": 1}, "P284--apple-tv-remote--clutter--0jeWFSfVIYFWnW0IXMraiwlChwAXY4LbUZbjowE9AsA-00225.jpg": {"object_bounding_box": [636, 555, 262, 133], "object_presence": 1}, "P284--apple-tv-remote--clutter--0jeWFSfVIYFWnW0IXMraiwlChwAXY4LbUZbjowE9AsA-00226.jpg": {"object_bounding_box": [636, 554, 262, 133], "object_presence": 1}, "P284--apple-tv-remote--clutter--0jeWFSfVIYFWnW0IXMraiwlChwAXY4LbUZbjowE9AsA-00227.jpg": {"object_bounding_box": [630, 571, 262, 133], "object_presence": 1}, "P284--apple-tv-remote--clutter--0jeWFSfVIYFWnW0IXMraiwlChwAXY4LbUZbjowE9AsA-00228.jpg": {"object_bounding_box": [642, 577, 262, 133], "object_presence": 1}, "P284--apple-tv-remote--clutter--0jeWFSfVIYFWnW0IXMraiwlChwAXY4LbUZbjowE9AsA-00229.jpg": {"object_bounding_box": [639, 560, 268, 137], "object_presence": 1}, "P284--apple-tv-remote--clutter--0jeWFSfVIYFWnW0IXMraiwlChwAXY4LbUZbjowE9AsA-00230.jpg": {"object_bounding_box": [640, 555, 267, 135], "object_presence": 1}, "P284--apple-tv-remote--clutter--0jeWFSfVIYFWnW0IXMraiwlChwAXY4LbUZbjowE9AsA-00231.jpg": {"object_bounding_box": [642, 558, 265, 133], "object_presence": 1}, "P284--apple-tv-remote--clutter--0jeWFSfVIYFWnW0IXMraiwlChwAXY4LbUZbjowE9AsA-00232.jpg": {"object_bounding_box": [631, 573, 265, 133], "object_presence": 1}, "P284--apple-tv-remote--clutter--0jeWFSfVIYFWnW0IXMraiwlChwAXY4LbUZbjowE9AsA-00233.jpg": {"object_bounding_box": [635, 580, 273, 133], "object_presence": 1}, "P284--apple-tv-remote--clutter--0jeWFSfVIYFWnW0IXMraiwlChwAXY4LbUZbjowE9AsA-00234.jpg": {"object_bounding_box": [636, 565, 273, 133], "object_presence": 1}, "P284--apple-tv-remote--clutter--0jeWFSfVIYFWnW0IXMraiwlChwAXY4LbUZbjowE9AsA-00235.jpg": {"object_bounding_box": [630, 569, 269, 133], "object_presence": 1}, "P284--apple-tv-remote--clutter--0jeWFSfVIYFWnW0IXMraiwlChwAXY4LbUZbjowE9AsA-00236.jpg": {"object_bounding_box": [633, 572, 264, 133], "object_presence": 1}, "P284--apple-tv-remote--clutter--0jeWFSfVIYFWnW0IXMraiwlChwAXY4LbUZbjowE9AsA-00237.jpg": {"object_bounding_box": [631, 572, 264, 132], "object_presence": 1}}