{"P295--airpods--clutter--CCcBC05U7qYlngNlfIytM-j4yLSl4TVHGI6vJ_6vmvg-00001.jpg": {"object_bounding_box": [159, 412, 713, 594], "object_presence": 1}, "P295--airpods--clutter--CCcBC05U7qYlngNlfIytM-j4yLSl4TVHGI6vJ_6vmvg-00002.jpg": {"object_bounding_box": [159, 412, 701, 594], "object_presence": 1}, "P295--airpods--clutter--CCcBC05U7qYlngNlfIytM-j4yLSl4TVHGI6vJ_6vmvg-00003.jpg": {"object_bounding_box": [159, 411, 701, 594], "object_presence": 1}, "P295--airpods--clutter--CCcBC05U7qYlngNlfIytM-j4yLSl4TVHGI6vJ_6vmvg-00004.jpg": {"object_bounding_box": [159, 410, 701, 594], "object_presence": 1}, "P295--airpods--clutter--CCcBC05U7qYlngNlfIytM-j4yLSl4TVHGI6vJ_6vmvg-00005.jpg": {"object_bounding_box": [158, 409, 701, 594], "object_presence": 1}, "P295--airpods--clutter--CCcBC05U7qYlngNlfIytM-j4yLSl4TVHGI6vJ_6vmvg-00006.jpg": {"object_bounding_box": [158, 408, 701, 594], "object_presence": 1}, "P295--airpods--clutter--CCcBC05U7qYlngNlfIytM-j4yLSl4TVHGI6vJ_6vmvg-00007.jpg": {"object_bounding_box": [158, 406, 701, 594], "object_presence": 1}, "P295--airpods--clutter--CCcBC05U7qYlngNlfIytM-j4yLSl4TVHGI6vJ_6vmvg-00008.jpg": {"object_bounding_box": [157, 405, 702, 595], "object_presence": 1}, "P295--airpods--clutter--CCcBC05U7qYlngNlfIytM-j4yLSl4TVHGI6vJ_6vmvg-00009.jpg": {"object_bounding_box": [156, 404, 703, 596], "object_presence": 1}, "P295--airpods--clutter--CCcBC05U7qYlngNlfIytM-j4yLSl4TVHGI6vJ_6vmvg-00010.jpg": {"object_bounding_box": [155, 403, 704, 598], "object_presence": 1}, "P295--airpods--clutter--CCcBC05U7qYlngNlfIytM-j4yLSl4TVHGI6vJ_6vmvg-00011.jpg": {"object_bounding_box": [155, 402, 705, 599], "object_presence": 1}, "P295--airpods--clutter--CCcBC05U7qYlngNlfIytM-j4yLSl4TVHGI6vJ_6vmvg-00012.jpg": {"object_bounding_box": [154, 401, 705, 600], "object_presence": 1}, "P295--airpods--clutter--CCcBC05U7qYlngNlfIytM-j4yLSl4TVHGI6vJ_6vmvg-00013.jpg": {"object_bounding_box": [153, 400, 706, 601], "object_presence": 1}, "P295--airpods--clutter--CCcBC05U7qYlngNlfIytM-j4yLSl4TVHGI6vJ_6vmvg-00014.jpg": {"object_bounding_box": [152, 399, 707, 602], "object_presence": 1}, "P295--airpods--clutter--CCcBC05U7qYlngNlfIytM-j4yLSl4TVHGI6vJ_6vmvg-00015.jpg": {"object_bounding_box": [151, 398, 708, 603], "object_presence": 1}, "P295--airpods--clutter--CCcBC05U7qYlngNlfIytM-j4yLSl4TVHGI6vJ_6vmvg-00016.jpg": {"object_bounding_box": [151, 397, 709, 604], "object_presence": 1}, "P295--airpods--clutter--CCcBC05U7qYlngNlfIytM-j4yLSl4TVHGI6vJ_6vmvg-00017.jpg": {"object_bounding_box": [150, 396, 709, 605], "object_presence": 1}, "P295--airpods--clutter--CCcBC05U7qYlngNlfIytM-j4yLSl4TVHGI6vJ_6vmvg-00018.jpg": {"object_bounding_box": [149, 395, 710, 606], "object_presence": 1}, "P295--airpods--clutter--CCcBC05U7qYlngNlfIytM-j4yLSl4TVHGI6vJ_6vmvg-00019.jpg": {"object_bounding_box": [148, 394, 711, 607], "object_presence": 1}, "P295--airpods--clutter--CCcBC05U7qYlngNlfIytM-j4yLSl4TVHGI6vJ_6vmvg-00020.jpg": {"object_bounding_box": [147, 393, 712, 608], "object_presence": 1}, "P295--airpods--clutter--CCcBC05U7qYlngNlfIytM-j4yLSl4TVHGI6vJ_6vmvg-00021.jpg": {"object_bounding_box": [147, 391, 713, 609], "object_presence": 1}, "P295--airpods--clutter--CCcBC05U7qYlngNlfIytM-j4yLSl4TVHGI6vJ_6vmvg-00022.jpg": {"object_bounding_box": [146, 390, 713, 610], "object_presence": 1}, "P295--airpods--clutter--CCcBC05U7qYlngNlfIytM-j4yLSl4TVHGI6vJ_6vmvg-00023.jpg": {"object_bounding_box": [145, 389, 714, 611], "object_presence": 1}, "P295--airpods--clutter--CCcBC05U7qYlngNlfIytM-j4yLSl4TVHGI6vJ_6vmvg-00024.jpg": {"object_bounding_box": [146, 389, 714, 611], "object_presence": 1}, "P295--airpods--clutter--CCcBC05U7qYlngNlfIytM-j4yLSl4TVHGI6vJ_6vmvg-00025.jpg": {"object_bounding_box": [147, 389, 714, 611], "object_presence": 1}, "P295--airpods--clutter--CCcBC05U7qYlngNlfIytM-j4yLSl4TVHGI6vJ_6vmvg-00026.jpg": {"object_bounding_box": [148, 389, 714, 611], "object_presence": 1}, "P295--airpods--clutter--CCcBC05U7qYlngNlfIytM-j4yLSl4TVHGI6vJ_6vmvg-00027.jpg": {"object_bounding_box": [149, 388, 714, 611], "object_presence": 1}, "P295--airpods--clutter--CCcBC05U7qYlngNlfIytM-j4yLSl4TVHGI6vJ_6vmvg-00028.jpg": {"object_bounding_box": [150, 388, 714, 611], "object_presence": 1}, "P295--airpods--clutter--CCcBC05U7qYlngNlfIytM-j4yLSl4TVHGI6vJ_6vmvg-00029.jpg": {"object_bounding_box": [151, 388, 714, 611], "object_presence": 1}, "P295--airpods--clutter--CCcBC05U7qYlngNlfIytM-j4yLSl4TVHGI6vJ_6vmvg-00030.jpg": {"object_bounding_box": [152, 388, 714, 611], "object_presence": 1}, "P295--airpods--clutter--CCcBC05U7qYlngNlfIytM-j4yLSl4TVHGI6vJ_6vmvg-00031.jpg": {"object_bounding_box": [152, 388, 714, 609], "object_presence": 1}, "P295--airpods--clutter--CCcBC05U7qYlngNlfIytM-j4yLSl4TVHGI6vJ_6vmvg-00032.jpg": {"object_bounding_box": [152, 388, 714, 607], "object_presence": 1}, "P295--airpods--clutter--CCcBC05U7qYlngNlfIytM-j4yLSl4TVHGI6vJ_6vmvg-00033.jpg": {"object_bounding_box": [152, 388, 714, 604], "object_presence": 1}, "P295--airpods--clutter--CCcBC05U7qYlngNlfIytM-j4yLSl4TVHGI6vJ_6vmvg-00034.jpg": {"object_bounding_box": [152, 388, 714, 602], "object_presence": 1}, "P295--airpods--clutter--CCcBC05U7qYlngNlfIytM-j4yLSl4TVHGI6vJ_6vmvg-00035.jpg": {"object_bounding_box": [152, 388, 714, 599], "object_presence": 1}, "P295--airpods--clutter--CCcBC05U7qYlngNlfIytM-j4yLSl4TVHGI6vJ_6vmvg-00036.jpg": {"object_bounding_box": [152, 388, 714, 597], "object_presence": 1}, "P295--airpods--clutter--CCcBC05U7qYlngNlfIytM-j4yLSl4TVHGI6vJ_6vmvg-00037.jpg": {"object_bounding_box": [152, 388, 714, 594], "object_presence": 1}, "P295--airpods--clutter--CCcBC05U7qYlngNlfIytM-j4yLSl4TVHGI6vJ_6vmvg-00038.jpg": {"object_bounding_box": [151, 388, 714, 594], "object_presence": 1}, "P295--airpods--clutter--CCcBC05U7qYlngNlfIytM-j4yLSl4TVHGI6vJ_6vmvg-00039.jpg": {"object_bounding_box": [151, 388, 714, 594], "object_presence": 1}, "P295--airpods--clutter--CCcBC05U7qYlngNlfIytM-j4yLSl4TVHGI6vJ_6vmvg-00040.jpg": {"object_bounding_box": [150, 389, 714, 594], "object_presence": 1}, "P295--airpods--clutter--CCcBC05U7qYlngNlfIytM-j4yLSl4TVHGI6vJ_6vmvg-00041.jpg": {"object_bounding_box": [149, 389, 714, 594], "object_presence": 1}, "P295--airpods--clutter--CCcBC05U7qYlngNlfIytM-j4yLSl4TVHGI6vJ_6vmvg-00042.jpg": {"object_bounding_box": [148, 389, 714, 594], "object_presence": 1}, "P295--airpods--clutter--CCcBC05U7qYlngNlfIytM-j4yLSl4TVHGI6vJ_6vmvg-00043.jpg": {"object_bounding_box": [148, 389, 714, 594], "object_presence": 1}, "P295--airpods--clutter--CCcBC05U7qYlngNlfIytM-j4yLSl4TVHGI6vJ_6vmvg-00044.jpg": {"object_bounding_box": [147, 389, 714, 594], "object_presence": 1}, "P295--airpods--clutter--CCcBC05U7qYlngNlfIytM-j4yLSl4TVHGI6vJ_6vmvg-00045.jpg": {"object_bounding_box": [146, 390, 714, 594], "object_presence": 1}, "P295--airpods--clutter--CCcBC05U7qYlngNlfIytM-j4yLSl4TVHGI6vJ_6vmvg-00046.jpg": {"object_bounding_box": [145, 390, 714, 594], "object_presence": 1}, "P295--airpods--clutter--CCcBC05U7qYlngNlfIytM-j4yLSl4TVHGI6vJ_6vmvg-00047.jpg": {"object_bounding_box": [144, 390, 714, 594], "object_presence": 1}, "P295--airpods--clutter--CCcBC05U7qYlngNlfIytM-j4yLSl4TVHGI6vJ_6vmvg-00048.jpg": {"object_bounding_box": [144, 390, 714, 594], "object_presence": 1}, "P295--airpods--clutter--CCcBC05U7qYlngNlfIytM-j4yLSl4TVHGI6vJ_6vmvg-00049.jpg": {"object_bounding_box": [143, 391, 714, 594], "object_presence": 1}, "P295--airpods--clutter--CCcBC05U7qYlngNlfIytM-j4yLSl4TVHGI6vJ_6vmvg-00050.jpg": {"object_bounding_box": [142, 391, 714, 594], "object_presence": 1}, "P295--airpods--clutter--CCcBC05U7qYlngNlfIytM-j4yLSl4TVHGI6vJ_6vmvg-00051.jpg": {"object_bounding_box": [142, 391, 714, 594], "object_presence": 1}, "P295--airpods--clutter--CCcBC05U7qYlngNlfIytM-j4yLSl4TVHGI6vJ_6vmvg-00052.jpg": {"object_bounding_box": [142, 391, 713, 594], "object_presence": 1}, "P295--airpods--clutter--CCcBC05U7qYlngNlfIytM-j4yLSl4TVHGI6vJ_6vmvg-00053.jpg": {"object_bounding_box": [142, 391, 713, 594], "object_presence": 1}, "P295--airpods--clutter--CCcBC05U7qYlngNlfIytM-j4yLSl4TVHGI6vJ_6vmvg-00054.jpg": {"object_bounding_box": [140, 391, 713, 590], "object_presence": 1}, "P295--airpods--clutter--CCcBC05U7qYlngNlfIytM-j4yLSl4TVHGI6vJ_6vmvg-00055.jpg": {"object_bounding_box": [138, 392, 713, 587], "object_presence": 1}, "P295--airpods--clutter--CCcBC05U7qYlngNlfIytM-j4yLSl4TVHGI6vJ_6vmvg-00056.jpg": {"object_bounding_box": [136, 392, 713, 583], "object_presence": 1}, "P295--airpods--clutter--CCcBC05U7qYlngNlfIytM-j4yLSl4TVHGI6vJ_6vmvg-00057.jpg": {"object_bounding_box": [134, 392, 713, 583], "object_presence": 1}, "P295--airpods--clutter--CCcBC05U7qYlngNlfIytM-j4yLSl4TVHGI6vJ_6vmvg-00058.jpg": {"object_bounding_box": [131, 392, 713, 583], "object_presence": 1}, "P295--airpods--clutter--CCcBC05U7qYlngNlfIytM-j4yLSl4TVHGI6vJ_6vmvg-00059.jpg": {"object_bounding_box": [127, 392, 713, 583], "object_presence": 1}, "P295--airpods--clutter--CCcBC05U7qYlngNlfIytM-j4yLSl4TVHGI6vJ_6vmvg-00060.jpg": {"object_bounding_box": [123, 392, 713, 583], "object_presence": 1}, "P295--airpods--clutter--CCcBC05U7qYlngNlfIytM-j4yLSl4TVHGI6vJ_6vmvg-00061.jpg": {"object_bounding_box": [119, 392, 713, 583], "object_presence": 1}, "P295--airpods--clutter--CCcBC05U7qYlngNlfIytM-j4yLSl4TVHGI6vJ_6vmvg-00062.jpg": {"object_bounding_box": [120, 392, 713, 581], "object_presence": 1}, "P295--airpods--clutter--CCcBC05U7qYlngNlfIytM-j4yLSl4TVHGI6vJ_6vmvg-00063.jpg": {"object_bounding_box": [121, 391, 713, 580], "object_presence": 1}, "P295--airpods--clutter--CCcBC05U7qYlngNlfIytM-j4yLSl4TVHGI6vJ_6vmvg-00064.jpg": {"object_bounding_box": [123, 391, 713, 579], "object_presence": 1}, "P295--airpods--clutter--CCcBC05U7qYlngNlfIytM-j4yLSl4TVHGI6vJ_6vmvg-00065.jpg": {"object_bounding_box": [124, 391, 713, 577], "object_presence": 1}, "P295--airpods--clutter--CCcBC05U7qYlngNlfIytM-j4yLSl4TVHGI6vJ_6vmvg-00066.jpg": {"object_bounding_box": [123, 388, 713, 578], "object_presence": 1}, "P295--airpods--clutter--CCcBC05U7qYlngNlfIytM-j4yLSl4TVHGI6vJ_6vmvg-00067.jpg": {"object_bounding_box": [123, 385, 714, 579], "object_presence": 1}, "P295--airpods--clutter--CCcBC05U7qYlngNlfIytM-j4yLSl4TVHGI6vJ_6vmvg-00068.jpg": {"object_bounding_box": [122, 382, 714, 580], "object_presence": 1}, "P295--airpods--clutter--CCcBC05U7qYlngNlfIytM-j4yLSl4TVHGI6vJ_6vmvg-00069.jpg": {"object_bounding_box": [129, 382, 707, 574], "object_presence": 1}, "P295--airpods--clutter--CCcBC05U7qYlngNlfIytM-j4yLSl4TVHGI6vJ_6vmvg-00070.jpg": {"object_bounding_box": [136, 382, 700, 568], "object_presence": 1}, "P295--airpods--clutter--CCcBC05U7qYlngNlfIytM-j4yLSl4TVHGI6vJ_6vmvg-00071.jpg": {"object_bounding_box": [144, 382, 693, 561], "object_presence": 1}, "P295--airpods--clutter--CCcBC05U7qYlngNlfIytM-j4yLSl4TVHGI6vJ_6vmvg-00072.jpg": {"object_bounding_box": [145, 375, 692, 560], "object_presence": 1}, "P295--airpods--clutter--CCcBC05U7qYlngNlfIytM-j4yLSl4TVHGI6vJ_6vmvg-00073.jpg": {"object_bounding_box": [145, 369, 691, 558], "object_presence": 1}, "P295--airpods--clutter--CCcBC05U7qYlngNlfIytM-j4yLSl4TVHGI6vJ_6vmvg-00074.jpg": {"object_bounding_box": [146, 362, 690, 556], "object_presence": 1}, "P295--airpods--clutter--CCcBC05U7qYlngNlfIytM-j4yLSl4TVHGI6vJ_6vmvg-00075.jpg": {"object_bounding_box": [146, 362, 690, 556], "object_presence": 1}, "P295--airpods--clutter--CCcBC05U7qYlngNlfIytM-j4yLSl4TVHGI6vJ_6vmvg-00076.jpg": {"object_bounding_box": [146, 362, 690, 556], "object_presence": 1}, "P295--airpods--clutter--CCcBC05U7qYlngNlfIytM-j4yLSl4TVHGI6vJ_6vmvg-00077.jpg": {"object_bounding_box": [146, 362, 690, 556], "object_presence": 1}, "P295--airpods--clutter--CCcBC05U7qYlngNlfIytM-j4yLSl4TVHGI6vJ_6vmvg-00078.jpg": {"object_bounding_box": [146, 362, 687, 540], "object_presence": 1}, "P295--airpods--clutter--CCcBC05U7qYlngNlfIytM-j4yLSl4TVHGI6vJ_6vmvg-00079.jpg": {"object_bounding_box": [145, 352, 687, 540], "object_presence": 1}, "P295--airpods--clutter--CCcBC05U7qYlngNlfIytM-j4yLSl4TVHGI6vJ_6vmvg-00080.jpg": {"object_bounding_box": [145, 352, 687, 540], "object_presence": 1}, "P295--airpods--clutter--CCcBC05U7qYlngNlfIytM-j4yLSl4TVHGI6vJ_6vmvg-00081.jpg": {"object_bounding_box": [145, 352, 687, 540], "object_presence": 1}, "P295--airpods--clutter--CCcBC05U7qYlngNlfIytM-j4yLSl4TVHGI6vJ_6vmvg-00082.jpg": {"object_bounding_box": [145, 352, 687, 540], "object_presence": 1}, "P295--airpods--clutter--CCcBC05U7qYlngNlfIytM-j4yLSl4TVHGI6vJ_6vmvg-00083.jpg": {"object_bounding_box": [145, 342, 687, 554], "object_presence": 1}, "P295--airpods--clutter--CCcBC05U7qYlngNlfIytM-j4yLSl4TVHGI6vJ_6vmvg-00084.jpg": {"object_bounding_box": [145, 342, 687, 554], "object_presence": 1}, "P295--airpods--clutter--CCcBC05U7qYlngNlfIytM-j4yLSl4TVHGI6vJ_6vmvg-00085.jpg": {"object_bounding_box": [145, 342, 687, 554], "object_presence": 1}, "P295--airpods--clutter--CCcBC05U7qYlngNlfIytM-j4yLSl4TVHGI6vJ_6vmvg-00086.jpg": {"object_bounding_box": [145, 342, 687, 554], "object_presence": 1}, "P295--airpods--clutter--CCcBC05U7qYlngNlfIytM-j4yLSl4TVHGI6vJ_6vmvg-00087.jpg": {"object_bounding_box": [145, 342, 687, 554], "object_presence": 1}, "P295--airpods--clutter--CCcBC05U7qYlngNlfIytM-j4yLSl4TVHGI6vJ_6vmvg-00088.jpg": {"object_bounding_box": [145, 342, 687, 554], "object_presence": 1}, "P295--airpods--clutter--CCcBC05U7qYlngNlfIytM-j4yLSl4TVHGI6vJ_6vmvg-00089.jpg": {"object_bounding_box": [149, 341, 663, 543], "object_presence": 1}, "P295--airpods--clutter--CCcBC05U7qYlngNlfIytM-j4yLSl4TVHGI6vJ_6vmvg-00090.jpg": {"object_bounding_box": [149, 341, 663, 543], "object_presence": 1}, "P295--airpods--clutter--CCcBC05U7qYlngNlfIytM-j4yLSl4TVHGI6vJ_6vmvg-00091.jpg": {"object_bounding_box": [149, 341, 655, 543], "object_presence": 1}, "P295--airpods--clutter--CCcBC05U7qYlngNlfIytM-j4yLSl4TVHGI6vJ_6vmvg-00092.jpg": {"object_bounding_box": [149, 341, 655, 543], "object_presence": 1}, "P295--airpods--clutter--CCcBC05U7qYlngNlfIytM-j4yLSl4TVHGI6vJ_6vmvg-00093.jpg": {"object_bounding_box": [149, 341, 655, 543], "object_presence": 1}, "P295--airpods--clutter--CCcBC05U7qYlngNlfIytM-j4yLSl4TVHGI6vJ_6vmvg-00094.jpg": {"object_bounding_box": [149, 341, 655, 543], "object_presence": 1}, "P295--airpods--clutter--CCcBC05U7qYlngNlfIytM-j4yLSl4TVHGI6vJ_6vmvg-00095.jpg": {"object_bounding_box": [151, 322, 663, 543], "object_presence": 1}, "P295--airpods--clutter--CCcBC05U7qYlngNlfIytM-j4yLSl4TVHGI6vJ_6vmvg-00096.jpg": {"object_bounding_box": [151, 322, 663, 543], "object_presence": 1}, "P295--airpods--clutter--CCcBC05U7qYlngNlfIytM-j4yLSl4TVHGI6vJ_6vmvg-00097.jpg": {"object_bounding_box": [151, 322, 663, 543], "object_presence": 1}, "P295--airpods--clutter--CCcBC05U7qYlngNlfIytM-j4yLSl4TVHGI6vJ_6vmvg-00098.jpg": {"object_bounding_box": [152, 319, 659, 543], "object_presence": 1}, "P295--airpods--clutter--CCcBC05U7qYlngNlfIytM-j4yLSl4TVHGI6vJ_6vmvg-00099.jpg": {"object_bounding_box": [152, 319, 659, 543], "object_presence": 1}, "P295--airpods--clutter--CCcBC05U7qYlngNlfIytM-j4yLSl4TVHGI6vJ_6vmvg-00100.jpg": {"object_bounding_box": [152, 319, 659, 543], "object_presence": 1}, "P295--airpods--clutter--CCcBC05U7qYlngNlfIytM-j4yLSl4TVHGI6vJ_6vmvg-00101.jpg": {"object_bounding_box": [162, 318, 639, 536], "object_presence": 1}, "P295--airpods--clutter--CCcBC05U7qYlngNlfIytM-j4yLSl4TVHGI6vJ_6vmvg-00102.jpg": {"object_bounding_box": [162, 318, 639, 536], "object_presence": 1}, "P295--airpods--clutter--CCcBC05U7qYlngNlfIytM-j4yLSl4TVHGI6vJ_6vmvg-00103.jpg": {"object_bounding_box": [168, 312, 639, 536], "object_presence": 1}, "P295--airpods--clutter--CCcBC05U7qYlngNlfIytM-j4yLSl4TVHGI6vJ_6vmvg-00104.jpg": {"object_bounding_box": [174, 305, 639, 536], "object_presence": 1}, "P295--airpods--clutter--CCcBC05U7qYlngNlfIytM-j4yLSl4TVHGI6vJ_6vmvg-00105.jpg": {"object_bounding_box": [174, 299, 639, 536], "object_presence": 1}, "P295--airpods--clutter--CCcBC05U7qYlngNlfIytM-j4yLSl4TVHGI6vJ_6vmvg-00106.jpg": {"object_bounding_box": [176, 294, 629, 536], "object_presence": 1}, "P295--airpods--clutter--CCcBC05U7qYlngNlfIytM-j4yLSl4TVHGI6vJ_6vmvg-00107.jpg": {"object_bounding_box": [176, 288, 629, 536], "object_presence": 1}, "P295--airpods--clutter--CCcBC05U7qYlngNlfIytM-j4yLSl4TVHGI6vJ_6vmvg-00108.jpg": {"object_bounding_box": [182, 286, 616, 531], "object_presence": 1}, "P295--airpods--clutter--CCcBC05U7qYlngNlfIytM-j4yLSl4TVHGI6vJ_6vmvg-00109.jpg": {"object_bounding_box": [188, 286, 610, 524], "object_presence": 1}, "P295--airpods--clutter--CCcBC05U7qYlngNlfIytM-j4yLSl4TVHGI6vJ_6vmvg-00110.jpg": {"object_bounding_box": [186, 272, 610, 524], "object_presence": 1}, "P295--airpods--clutter--CCcBC05U7qYlngNlfIytM-j4yLSl4TVHGI6vJ_6vmvg-00111.jpg": {"object_bounding_box": [191, 272, 603, 523], "object_presence": 1}, "P295--airpods--clutter--CCcBC05U7qYlngNlfIytM-j4yLSl4TVHGI6vJ_6vmvg-00112.jpg": {"object_bounding_box": [195, 271, 599, 514], "object_presence": 1}, "P295--airpods--clutter--CCcBC05U7qYlngNlfIytM-j4yLSl4TVHGI6vJ_6vmvg-00113.jpg": {"object_bounding_box": [199, 264, 599, 514], "object_presence": 1}, "P295--airpods--clutter--CCcBC05U7qYlngNlfIytM-j4yLSl4TVHGI6vJ_6vmvg-00114.jpg": {"object_bounding_box": [199, 255, 599, 514], "object_presence": 1}, "P295--airpods--clutter--CCcBC05U7qYlngNlfIytM-j4yLSl4TVHGI6vJ_6vmvg-00115.jpg": {"object_bounding_box": [204, 255, 599, 514], "object_presence": 1}, "P295--airpods--clutter--CCcBC05U7qYlngNlfIytM-j4yLSl4TVHGI6vJ_6vmvg-00116.jpg": {"object_bounding_box": [211, 246, 584, 510], "object_presence": 1}, "P295--airpods--clutter--CCcBC05U7qYlngNlfIytM-j4yLSl4TVHGI6vJ_6vmvg-00117.jpg": {"object_bounding_box": [214, 239, 584, 510], "object_presence": 1}, "P295--airpods--clutter--CCcBC05U7qYlngNlfIytM-j4yLSl4TVHGI6vJ_6vmvg-00118.jpg": {"object_bounding_box": [218, 236, 584, 510], "object_presence": 1}, "P295--airpods--clutter--CCcBC05U7qYlngNlfIytM-j4yLSl4TVHGI6vJ_6vmvg-00119.jpg": {"object_bounding_box": [222, 234, 576, 510], "object_presence": 1}, "P295--airpods--clutter--CCcBC05U7qYlngNlfIytM-j4yLSl4TVHGI6vJ_6vmvg-00120.jpg": {"object_bounding_box": [226, 234, 576, 510], "object_presence": 1}, "P295--airpods--clutter--CCcBC05U7qYlngNlfIytM-j4yLSl4TVHGI6vJ_6vmvg-00121.jpg": {"object_bounding_box": [228, 224, 576, 510], "object_presence": 1}, "P295--airpods--clutter--CCcBC05U7qYlngNlfIytM-j4yLSl4TVHGI6vJ_6vmvg-00122.jpg": {"object_bounding_box": [232, 225, 561, 504], "object_presence": 1}, "P295--airpods--clutter--CCcBC05U7qYlngNlfIytM-j4yLSl4TVHGI6vJ_6vmvg-00123.jpg": {"object_bounding_box": [245, 212, 553, 469], "object_presence": 1}, "P295--airpods--clutter--CCcBC05U7qYlngNlfIytM-j4yLSl4TVHGI6vJ_6vmvg-00124.jpg": {"object_bounding_box": [251, 212, 553, 458], "object_presence": 1}, "P295--airpods--clutter--CCcBC05U7qYlngNlfIytM-j4yLSl4TVHGI6vJ_6vmvg-00125.jpg": {"object_bounding_box": [258, 205, 533, 462], "object_presence": 1}, "P295--airpods--clutter--CCcBC05U7qYlngNlfIytM-j4yLSl4TVHGI6vJ_6vmvg-00126.jpg": {"object_bounding_box": [266, 198, 533, 466], "object_presence": 1}, "P295--airpods--clutter--CCcBC05U7qYlngNlfIytM-j4yLSl4TVHGI6vJ_6vmvg-00127.jpg": {"object_bounding_box": [265, 205, 516, 460], "object_presence": 1}, "P295--airpods--clutter--CCcBC05U7qYlngNlfIytM-j4yLSl4TVHGI6vJ_6vmvg-00128.jpg": {"object_bounding_box": [272, 205, 509, 449], "object_presence": 1}, "P295--airpods--clutter--CCcBC05U7qYlngNlfIytM-j4yLSl4TVHGI6vJ_6vmvg-00129.jpg": {"object_bounding_box": [273, 205, 508, 442], "object_presence": 1}, "P295--airpods--clutter--CCcBC05U7qYlngNlfIytM-j4yLSl4TVHGI6vJ_6vmvg-00130.jpg": {"object_bounding_box": [274, 205, 507, 436], "object_presence": 1}, "P295--airpods--clutter--CCcBC05U7qYlngNlfIytM-j4yLSl4TVHGI6vJ_6vmvg-00131.jpg": {"object_bounding_box": [274, 205, 504, 427], "object_presence": 1}, "P295--airpods--clutter--CCcBC05U7qYlngNlfIytM-j4yLSl4TVHGI6vJ_6vmvg-00132.jpg": {"object_bounding_box": [274, 205, 501, 418], "object_presence": 1}, "P295--airpods--clutter--CCcBC05U7qYlngNlfIytM-j4yLSl4TVHGI6vJ_6vmvg-00133.jpg": {"object_bounding_box": [274, 205, 499, 410], "object_presence": 1}, "P295--airpods--clutter--CCcBC05U7qYlngNlfIytM-j4yLSl4TVHGI6vJ_6vmvg-00134.jpg": {"object_bounding_box": [274, 205, 499, 404], "object_presence": 1}, "P295--airpods--clutter--CCcBC05U7qYlngNlfIytM-j4yLSl4TVHGI6vJ_6vmvg-00135.jpg": {"object_bounding_box": [274, 205, 499, 405], "object_presence": 1}, "P295--airpods--clutter--CCcBC05U7qYlngNlfIytM-j4yLSl4TVHGI6vJ_6vmvg-00136.jpg": {"object_bounding_box": [276, 194, 464, 401], "object_presence": 1}, "P295--airpods--clutter--CCcBC05U7qYlngNlfIytM-j4yLSl4TVHGI6vJ_6vmvg-00137.jpg": {"object_bounding_box": [275, 185, 464, 401], "object_presence": 1}, "P295--airpods--clutter--CCcBC05U7qYlngNlfIytM-j4yLSl4TVHGI6vJ_6vmvg-00138.jpg": {"object_bounding_box": [274, 175, 464, 401], "object_presence": 1}, "P295--airpods--clutter--CCcBC05U7qYlngNlfIytM-j4yLSl4TVHGI6vJ_6vmvg-00139.jpg": {"object_bounding_box": [282, 166, 464, 401], "object_presence": 1}, "P295--airpods--clutter--CCcBC05U7qYlngNlfIytM-j4yLSl4TVHGI6vJ_6vmvg-00140.jpg": {"object_bounding_box": [282, 166, 467, 396], "object_presence": 1}, "P295--airpods--clutter--CCcBC05U7qYlngNlfIytM-j4yLSl4TVHGI6vJ_6vmvg-00141.jpg": {"object_bounding_box": [284, 155, 456, 381], "object_presence": 1}, "P295--airpods--clutter--CCcBC05U7qYlngNlfIytM-j4yLSl4TVHGI6vJ_6vmvg-00142.jpg": {"object_bounding_box": [279, 144, 456, 381], "object_presence": 1}, "P295--airpods--clutter--CCcBC05U7qYlngNlfIytM-j4yLSl4TVHGI6vJ_6vmvg-00143.jpg": {"object_bounding_box": [279, 128, 456, 381], "object_presence": 1}, "P295--airpods--clutter--CCcBC05U7qYlngNlfIytM-j4yLSl4TVHGI6vJ_6vmvg-00144.jpg": {"object_bounding_box": [279, 125, 456, 384], "object_presence": 1}, "P295--airpods--clutter--CCcBC05U7qYlngNlfIytM-j4yLSl4TVHGI6vJ_6vmvg-00145.jpg": {"object_bounding_box": [274, 124, 456, 384], "object_presence": 1}, "P295--airpods--clutter--CCcBC05U7qYlngNlfIytM-j4yLSl4TVHGI6vJ_6vmvg-00146.jpg": {"object_bounding_box": [264, 121, 447, 384], "object_presence": 1}, "P295--airpods--clutter--CCcBC05U7qYlngNlfIytM-j4yLSl4TVHGI6vJ_6vmvg-00147.jpg": {"object_bounding_box": [264, 121, 447, 384], "object_presence": 1}, "P295--airpods--clutter--CCcBC05U7qYlngNlfIytM-j4yLSl4TVHGI6vJ_6vmvg-00148.jpg": {"object_bounding_box": [251, 124, 447, 384], "object_presence": 1}, "P295--airpods--clutter--CCcBC05U7qYlngNlfIytM-j4yLSl4TVHGI6vJ_6vmvg-00149.jpg": {"object_bounding_box": [248, 121, 433, 388], "object_presence": 1}, "P295--airpods--clutter--CCcBC05U7qYlngNlfIytM-j4yLSl4TVHGI6vJ_6vmvg-00150.jpg": {"object_bounding_box": [246, 126, 433, 382], "object_presence": 1}, "P295--airpods--clutter--CCcBC05U7qYlngNlfIytM-j4yLSl4TVHGI6vJ_6vmvg-00151.jpg": {"object_bounding_box": [236, 122, 433, 384], "object_presence": 1}, "P295--airpods--clutter--CCcBC05U7qYlngNlfIytM-j4yLSl4TVHGI6vJ_6vmvg-00152.jpg": {"object_bounding_box": [234, 131, 433, 377], "object_presence": 1}, "P295--airpods--clutter--CCcBC05U7qYlngNlfIytM-j4yLSl4TVHGI6vJ_6vmvg-00153.jpg": {"object_bounding_box": [228, 131, 433, 382], "object_presence": 1}, "P295--airpods--clutter--CCcBC05U7qYlngNlfIytM-j4yLSl4TVHGI6vJ_6vmvg-00154.jpg": {"object_bounding_box": [232, 131, 426, 381], "object_presence": 1}, "P295--airpods--clutter--CCcBC05U7qYlngNlfIytM-j4yLSl4TVHGI6vJ_6vmvg-00155.jpg": {"object_bounding_box": [226, 129, 426, 393], "object_presence": 1}, "P295--airpods--clutter--CCcBC05U7qYlngNlfIytM-j4yLSl4TVHGI6vJ_6vmvg-00156.jpg": {"object_bounding_box": [231, 134, 427, 387], "object_presence": 1}, "P295--airpods--clutter--CCcBC05U7qYlngNlfIytM-j4yLSl4TVHGI6vJ_6vmvg-00157.jpg": {"object_bounding_box": [229, 146, 429, 387], "object_presence": 1}, "P295--airpods--clutter--CCcBC05U7qYlngNlfIytM-j4yLSl4TVHGI6vJ_6vmvg-00158.jpg": {"object_bounding_box": [236, 146, 421, 387], "object_presence": 1}, "P295--airpods--clutter--CCcBC05U7qYlngNlfIytM-j4yLSl4TVHGI6vJ_6vmvg-00159.jpg": {"object_bounding_box": [239, 146, 421, 387], "object_presence": 1}, "P295--airpods--clutter--CCcBC05U7qYlngNlfIytM-j4yLSl4TVHGI6vJ_6vmvg-00160.jpg": {"object_bounding_box": [246, 146, 421, 387], "object_presence": 1}, "P295--airpods--clutter--CCcBC05U7qYlngNlfIytM-j4yLSl4TVHGI6vJ_6vmvg-00161.jpg": {"object_bounding_box": [256, 148, 421, 387], "object_presence": 1}, "P295--airpods--clutter--CCcBC05U7qYlngNlfIytM-j4yLSl4TVHGI6vJ_6vmvg-00162.jpg": {"object_bounding_box": [266, 148, 421, 387], "object_presence": 1}, "P295--airpods--clutter--CCcBC05U7qYlngNlfIytM-j4yLSl4TVHGI6vJ_6vmvg-00163.jpg": {"object_bounding_box": [275, 156, 421, 379], "object_presence": 1}, "P295--airpods--clutter--CCcBC05U7qYlngNlfIytM-j4yLSl4TVHGI6vJ_6vmvg-00164.jpg": {"object_bounding_box": [285, 164, 421, 373], "object_presence": 1}, "P295--airpods--clutter--CCcBC05U7qYlngNlfIytM-j4yLSl4TVHGI6vJ_6vmvg-00165.jpg": {"object_bounding_box": [284, 181, 421, 361], "object_presence": 1}, "P295--airpods--clutter--CCcBC05U7qYlngNlfIytM-j4yLSl4TVHGI6vJ_6vmvg-00166.jpg": {"object_bounding_box": [288, 189, 417, 353], "object_presence": 1}, "P295--airpods--clutter--CCcBC05U7qYlngNlfIytM-j4yLSl4TVHGI6vJ_6vmvg-00167.jpg": {"object_bounding_box": [294, 189, 417, 351], "object_presence": 1}, "P295--airpods--clutter--CCcBC05U7qYlngNlfIytM-j4yLSl4TVHGI6vJ_6vmvg-00168.jpg": {"object_bounding_box": [294, 204, 417, 351], "object_presence": 1}, "P295--airpods--clutter--CCcBC05U7qYlngNlfIytM-j4yLSl4TVHGI6vJ_6vmvg-00169.jpg": {"object_bounding_box": [298, 212, 410, 351], "object_presence": 1}, "P295--airpods--clutter--CCcBC05U7qYlngNlfIytM-j4yLSl4TVHGI6vJ_6vmvg-00170.jpg": {"object_bounding_box": [302, 226, 410, 351], "object_presence": 1}, "P295--airpods--clutter--CCcBC05U7qYlngNlfIytM-j4yLSl4TVHGI6vJ_6vmvg-00171.jpg": {"object_bounding_box": [311, 242, 407, 343], "object_presence": 1}, "P295--airpods--clutter--CCcBC05U7qYlngNlfIytM-j4yLSl4TVHGI6vJ_6vmvg-00172.jpg": {"object_bounding_box": [311, 255, 407, 343], "object_presence": 1}, "P295--airpods--clutter--CCcBC05U7qYlngNlfIytM-j4yLSl4TVHGI6vJ_6vmvg-00173.jpg": {"object_bounding_box": [309, 248, 396, 347], "object_presence": 1}, "P295--airpods--clutter--CCcBC05U7qYlngNlfIytM-j4yLSl4TVHGI6vJ_6vmvg-00174.jpg": {"object_bounding_box": [308, 244, 396, 347], "object_presence": 1}, "P295--airpods--clutter--CCcBC05U7qYlngNlfIytM-j4yLSl4TVHGI6vJ_6vmvg-00175.jpg": {"object_bounding_box": [312, 242, 396, 347], "object_presence": 1}, "P295--airpods--clutter--CCcBC05U7qYlngNlfIytM-j4yLSl4TVHGI6vJ_6vmvg-00176.jpg": {"object_bounding_box": [328, 239, 396, 347], "object_presence": 1}, "P295--airpods--clutter--CCcBC05U7qYlngNlfIytM-j4yLSl4TVHGI6vJ_6vmvg-00177.jpg": {"object_bounding_box": [344, 234, 396, 351], "object_presence": 1}, "P295--airpods--clutter--CCcBC05U7qYlngNlfIytM-j4yLSl4TVHGI6vJ_6vmvg-00178.jpg": {"object_bounding_box": [372, 235, 396, 347], "object_presence": 1}, "P295--airpods--clutter--CCcBC05U7qYlngNlfIytM-j4yLSl4TVHGI6vJ_6vmvg-00179.jpg": {"object_bounding_box": [389, 234, 396, 347], "object_presence": 1}, "P295--airpods--clutter--CCcBC05U7qYlngNlfIytM-j4yLSl4TVHGI6vJ_6vmvg-00180.jpg": {"object_bounding_box": [401, 234, 390, 341], "object_presence": 1}, "P295--airpods--clutter--CCcBC05U7qYlngNlfIytM-j4yLSl4TVHGI6vJ_6vmvg-00181.jpg": {"object_bounding_box": [422, 244, 386, 327], "object_presence": 1}, "P295--airpods--clutter--CCcBC05U7qYlngNlfIytM-j4yLSl4TVHGI6vJ_6vmvg-00182.jpg": {"object_bounding_box": [434, 242, 383, 327], "object_presence": 1}, "P295--airpods--clutter--CCcBC05U7qYlngNlfIytM-j4yLSl4TVHGI6vJ_6vmvg-00183.jpg": {"object_bounding_box": [425, 229, 383, 327], "object_presence": 1}, "P295--airpods--clutter--CCcBC05U7qYlngNlfIytM-j4yLSl4TVHGI6vJ_6vmvg-00184.jpg": {"object_bounding_box": [415, 225, 383, 327], "object_presence": 1}, "P295--airpods--clutter--CCcBC05U7qYlngNlfIytM-j4yLSl4TVHGI6vJ_6vmvg-00185.jpg": {"object_bounding_box": [396, 218, 383, 327], "object_presence": 1}, "P295--airpods--clutter--CCcBC05U7qYlngNlfIytM-j4yLSl4TVHGI6vJ_6vmvg-00186.jpg": {"object_bounding_box": [374, 215, 383, 319], "object_presence": 1}, "P295--airpods--clutter--CCcBC05U7qYlngNlfIytM-j4yLSl4TVHGI6vJ_6vmvg-00187.jpg": {"object_bounding_box": [345, 204, 383, 319], "object_presence": 1}, "P295--airpods--clutter--CCcBC05U7qYlngNlfIytM-j4yLSl4TVHGI6vJ_6vmvg-00188.jpg": {"object_bounding_box": [336, 214, 370, 309], "object_presence": 1}, "P295--airpods--clutter--CCcBC05U7qYlngNlfIytM-j4yLSl4TVHGI6vJ_6vmvg-00189.jpg": {"object_bounding_box": [319, 219, 370, 309], "object_presence": 1}, "P295--airpods--clutter--CCcBC05U7qYlngNlfIytM-j4yLSl4TVHGI6vJ_6vmvg-00190.jpg": {"object_bounding_box": [309, 214, 363, 317], "object_presence": 1}, "P295--airpods--clutter--CCcBC05U7qYlngNlfIytM-j4yLSl4TVHGI6vJ_6vmvg-00191.jpg": {"object_bounding_box": [301, 209, 363, 317], "object_presence": 1}, "P295--airpods--clutter--CCcBC05U7qYlngNlfIytM-j4yLSl4TVHGI6vJ_6vmvg-00192.jpg": {"object_bounding_box": [295, 198, 353, 317], "object_presence": 1}, "P295--airpods--clutter--CCcBC05U7qYlngNlfIytM-j4yLSl4TVHGI6vJ_6vmvg-00193.jpg": {"object_bounding_box": [296, 181, 360, 326], "object_presence": 1}, "P295--airpods--clutter--CCcBC05U7qYlngNlfIytM-j4yLSl4TVHGI6vJ_6vmvg-00194.jpg": {"object_bounding_box": [296, 181, 360, 326], "object_presence": 1}, "P295--airpods--clutter--CCcBC05U7qYlngNlfIytM-j4yLSl4TVHGI6vJ_6vmvg-00195.jpg": {"object_bounding_box": [301, 192, 351, 311], "object_presence": 1}, "P295--airpods--clutter--CCcBC05U7qYlngNlfIytM-j4yLSl4TVHGI6vJ_6vmvg-00196.jpg": {"object_bounding_box": [298, 179, 353, 319], "object_presence": 1}, "P295--airpods--clutter--CCcBC05U7qYlngNlfIytM-j4yLSl4TVHGI6vJ_6vmvg-00197.jpg": {"object_bounding_box": [292, 176, 356, 323], "object_presence": 1}, "P295--airpods--clutter--CCcBC05U7qYlngNlfIytM-j4yLSl4TVHGI6vJ_6vmvg-00198.jpg": {"object_bounding_box": [289, 175, 356, 323], "object_presence": 1}, "P295--airpods--clutter--CCcBC05U7qYlngNlfIytM-j4yLSl4TVHGI6vJ_6vmvg-00199.jpg": {"object_bounding_box": [289, 175, 356, 323], "object_presence": 1}, "P295--airpods--clutter--CCcBC05U7qYlngNlfIytM-j4yLSl4TVHGI6vJ_6vmvg-00200.jpg": {"object_bounding_box": [284, 176, 356, 323], "object_presence": 1}, "P295--airpods--clutter--CCcBC05U7qYlngNlfIytM-j4yLSl4TVHGI6vJ_6vmvg-00201.jpg": {"object_bounding_box": [289, 206, 346, 300], "object_presence": 1}, "P295--airpods--clutter--CCcBC05U7qYlngNlfIytM-j4yLSl4TVHGI6vJ_6vmvg-00202.jpg": {"object_bounding_box": [286, 206, 346, 301], "object_presence": 1}, "P295--airpods--clutter--CCcBC05U7qYlngNlfIytM-j4yLSl4TVHGI6vJ_6vmvg-00203.jpg": {"object_bounding_box": [294, 218, 346, 301], "object_presence": 1}, "P295--airpods--clutter--CCcBC05U7qYlngNlfIytM-j4yLSl4TVHGI6vJ_6vmvg-00204.jpg": {"object_bounding_box": [294, 226, 346, 301], "object_presence": 1}, "P295--airpods--clutter--CCcBC05U7qYlngNlfIytM-j4yLSl4TVHGI6vJ_6vmvg-00205.jpg": {"object_bounding_box": [292, 218, 346, 301], "object_presence": 1}, "P295--airpods--clutter--CCcBC05U7qYlngNlfIytM-j4yLSl4TVHGI6vJ_6vmvg-00206.jpg": {"object_bounding_box": [292, 214, 346, 294], "object_presence": 1}, "P295--airpods--clutter--CCcBC05U7qYlngNlfIytM-j4yLSl4TVHGI6vJ_6vmvg-00207.jpg": {"object_bounding_box": [286, 214, 351, 294], "object_presence": 1}, "P295--airpods--clutter--CCcBC05U7qYlngNlfIytM-j4yLSl4TVHGI6vJ_6vmvg-00208.jpg": {"object_bounding_box": [284, 215, 351, 294], "object_presence": 1}, "P295--airpods--clutter--CCcBC05U7qYlngNlfIytM-j4yLSl4TVHGI6vJ_6vmvg-00209.jpg": {"object_bounding_box": [285, 221, 351, 294], "object_presence": 1}, "P295--airpods--clutter--CCcBC05U7qYlngNlfIytM-j4yLSl4TVHGI6vJ_6vmvg-00210.jpg": {"object_bounding_box": [288, 221, 351, 294], "object_presence": 1}, "P295--airpods--clutter--CCcBC05U7qYlngNlfIytM-j4yLSl4TVHGI6vJ_6vmvg-00211.jpg": {"object_bounding_box": [291, 221, 351, 294], "object_presence": 1}, "P295--airpods--clutter--CCcBC05U7qYlngNlfIytM-j4yLSl4TVHGI6vJ_6vmvg-00212.jpg": {"object_bounding_box": [294, 221, 350, 294], "object_presence": 1}, "P295--airpods--clutter--CCcBC05U7qYlngNlfIytM-j4yLSl4TVHGI6vJ_6vmvg-00213.jpg": {"object_bounding_box": [295, 221, 344, 294], "object_presence": 1}, "P295--airpods--clutter--CCcBC05U7qYlngNlfIytM-j4yLSl4TVHGI6vJ_6vmvg-00214.jpg": {"object_bounding_box": [295, 215, 351, 301], "object_presence": 1}, "P295--airpods--clutter--CCcBC05U7qYlngNlfIytM-j4yLSl4TVHGI6vJ_6vmvg-00215.jpg": {"object_bounding_box": [294, 209, 353, 306], "object_presence": 1}, "P295--airpods--clutter--CCcBC05U7qYlngNlfIytM-j4yLSl4TVHGI6vJ_6vmvg-00216.jpg": {"object_bounding_box": [292, 216, 353, 301], "object_presence": 1}, "P295--airpods--clutter--CCcBC05U7qYlngNlfIytM-j4yLSl4TVHGI6vJ_6vmvg-00217.jpg": {"object_bounding_box": [291, 218, 353, 301], "object_presence": 1}, "P295--airpods--clutter--CCcBC05U7qYlngNlfIytM-j4yLSl4TVHGI6vJ_6vmvg-00218.jpg": {"object_bounding_box": [291, 219, 350, 300], "object_presence": 1}, "P295--airpods--clutter--CCcBC05U7qYlngNlfIytM-j4yLSl4TVHGI6vJ_6vmvg-00219.jpg": {"object_bounding_box": [292, 221, 346, 298], "object_presence": 1}, "P295--airpods--clutter--CCcBC05U7qYlngNlfIytM-j4yLSl4TVHGI6vJ_6vmvg-00220.jpg": {"object_bounding_box": [292, 222, 344, 296], "object_presence": 1}, "P295--airpods--clutter--CCcBC05U7qYlngNlfIytM-j4yLSl4TVHGI6vJ_6vmvg-00221.jpg": {"object_bounding_box": [292, 216, 344, 301], "object_presence": 1}, "P295--airpods--clutter--CCcBC05U7qYlngNlfIytM-j4yLSl4TVHGI6vJ_6vmvg-00222.jpg": {"object_bounding_box": [292, 214, 344, 304], "object_presence": 1}, "P295--airpods--clutter--CCcBC05U7qYlngNlfIytM-j4yLSl4TVHGI6vJ_6vmvg-00223.jpg": {"object_bounding_box": [295, 219, 343, 290], "object_presence": 1}, "P295--airpods--clutter--CCcBC05U7qYlngNlfIytM-j4yLSl4TVHGI6vJ_6vmvg-00224.jpg": {"object_bounding_box": [295, 219, 339, 290], "object_presence": 1}, "P295--airpods--clutter--CCcBC05U7qYlngNlfIytM-j4yLSl4TVHGI6vJ_6vmvg-00225.jpg": {"object_bounding_box": [296, 219, 342, 270], "object_presence": 1}, "P295--airpods--clutter--CCcBC05U7qYlngNlfIytM-j4yLSl4TVHGI6vJ_6vmvg-00226.jpg": {"object_bounding_box": [301, 218, 331, 267], "object_presence": 1}, "P295--airpods--clutter--CCcBC05U7qYlngNlfIytM-j4yLSl4TVHGI6vJ_6vmvg-00227.jpg": {"object_bounding_box": [301, 215, 331, 267], "object_presence": 1}, "P295--airpods--clutter--CCcBC05U7qYlngNlfIytM-j4yLSl4TVHGI6vJ_6vmvg-00228.jpg": {"object_bounding_box": [301, 212, 330, 267], "object_presence": 1}, "P295--airpods--clutter--CCcBC05U7qYlngNlfIytM-j4yLSl4TVHGI6vJ_6vmvg-00229.jpg": {"object_bounding_box": [296, 192, 334, 290], "object_presence": 1}, "P295--airpods--clutter--CCcBC05U7qYlngNlfIytM-j4yLSl4TVHGI6vJ_6vmvg-00230.jpg": {"object_bounding_box": [296, 185, 333, 284], "object_presence": 1}, "P295--airpods--clutter--CCcBC05U7qYlngNlfIytM-j4yLSl4TVHGI6vJ_6vmvg-00231.jpg": {"object_bounding_box": [294, 176, 328, 283], "object_presence": 1}, "P295--airpods--clutter--CCcBC05U7qYlngNlfIytM-j4yLSl4TVHGI6vJ_6vmvg-00232.jpg": {"object_bounding_box": [292, 169, 328, 277], "object_presence": 1}, "P295--airpods--clutter--CCcBC05U7qYlngNlfIytM-j4yLSl4TVHGI6vJ_6vmvg-00233.jpg": {"object_bounding_box": [289, 166, 325, 280], "object_presence": 1}, "P295--airpods--clutter--CCcBC05U7qYlngNlfIytM-j4yLSl4TVHGI6vJ_6vmvg-00234.jpg": {"object_bounding_box": [292, 168, 319, 276], "object_presence": 1}, "P295--airpods--clutter--CCcBC05U7qYlngNlfIytM-j4yLSl4TVHGI6vJ_6vmvg-00235.jpg": {"object_bounding_box": [292, 176, 315, 272], "object_presence": 1}, "P295--airpods--clutter--CCcBC05U7qYlngNlfIytM-j4yLSl4TVHGI6vJ_6vmvg-00236.jpg": {"object_bounding_box": [292, 184, 323, 269], "object_presence": 1}, "P295--airpods--clutter--CCcBC05U7qYlngNlfIytM-j4yLSl4TVHGI6vJ_6vmvg-00237.jpg": {"object_bounding_box": [294, 191, 310, 269], "object_presence": 1}, "P295--airpods--clutter--CCcBC05U7qYlngNlfIytM-j4yLSl4TVHGI6vJ_6vmvg-00238.jpg": {"object_bounding_box": [285, 196, 315, 269], "object_presence": 1}, "P295--airpods--clutter--CCcBC05U7qYlngNlfIytM-j4yLSl4TVHGI6vJ_6vmvg-00239.jpg": {"object_bounding_box": [278, 204, 316, 269], "object_presence": 1}, "P295--airpods--clutter--CCcBC05U7qYlngNlfIytM-j4yLSl4TVHGI6vJ_6vmvg-00240.jpg": {"object_bounding_box": [275, 214, 316, 269], "object_presence": 1}, "P295--airpods--clutter--CCcBC05U7qYlngNlfIytM-j4yLSl4TVHGI6vJ_6vmvg-00241.jpg": {"object_bounding_box": [275, 219, 310, 267], "object_presence": 1}, "P295--airpods--clutter--CCcBC05U7qYlngNlfIytM-j4yLSl4TVHGI6vJ_6vmvg-00242.jpg": {"object_bounding_box": [272, 225, 308, 255], "object_presence": 1}, "P295--airpods--clutter--CCcBC05U7qYlngNlfIytM-j4yLSl4TVHGI6vJ_6vmvg-00243.jpg": {"object_bounding_box": [272, 232, 294, 250], "object_presence": 1}, "P295--airpods--clutter--CCcBC05U7qYlngNlfIytM-j4yLSl4TVHGI6vJ_6vmvg-00244.jpg": {"object_bounding_box": [268, 232, 301, 257], "object_presence": 1}, "P295--airpods--clutter--CCcBC05U7qYlngNlfIytM-j4yLSl4TVHGI6vJ_6vmvg-00245.jpg": {"object_bounding_box": [259, 232, 305, 257], "object_presence": 1}, "P295--airpods--clutter--CCcBC05U7qYlngNlfIytM-j4yLSl4TVHGI6vJ_6vmvg-00246.jpg": {"object_bounding_box": [256, 235, 306, 257], "object_presence": 1}, "P295--airpods--clutter--CCcBC05U7qYlngNlfIytM-j4yLSl4TVHGI6vJ_6vmvg-00247.jpg": {"object_bounding_box": [254, 242, 312, 257], "object_presence": 1}, "P295--airpods--clutter--CCcBC05U7qYlngNlfIytM-j4yLSl4TVHGI6vJ_6vmvg-00248.jpg": {"object_bounding_box": [259, 243, 307, 247], "object_presence": 1}, "P295--airpods--clutter--CCcBC05U7qYlngNlfIytM-j4yLSl4TVHGI6vJ_6vmvg-00249.jpg": {"object_bounding_box": [264, 243, 301, 237], "object_presence": 1}, "P295--airpods--clutter--CCcBC05U7qYlngNlfIytM-j4yLSl4TVHGI6vJ_6vmvg-00250.jpg": {"object_bounding_box": [265, 247, 297, 232], "object_presence": 1}, "P295--airpods--clutter--CCcBC05U7qYlngNlfIytM-j4yLSl4TVHGI6vJ_6vmvg-00251.jpg": {"object_bounding_box": [261, 241, 296, 238], "object_presence": 1}, "P295--airpods--clutter--CCcBC05U7qYlngNlfIytM-j4yLSl4TVHGI6vJ_6vmvg-00252.jpg": {"object_bounding_box": [268, 240, 296, 249], "object_presence": 1}, "P295--airpods--clutter--CCcBC05U7qYlngNlfIytM-j4yLSl4TVHGI6vJ_6vmvg-00253.jpg": {"object_bounding_box": [268, 240, 294, 240], "object_presence": 1}, "P295--airpods--clutter--CCcBC05U7qYlngNlfIytM-j4yLSl4TVHGI6vJ_6vmvg-00254.jpg": {"object_bounding_box": [282, 238, 289, 245], "object_presence": 1}, "P295--airpods--clutter--CCcBC05U7qYlngNlfIytM-j4yLSl4TVHGI6vJ_6vmvg-00255.jpg": {"object_bounding_box": [285, 231, 292, 248], "object_presence": 1}, "P295--airpods--clutter--CCcBC05U7qYlngNlfIytM-j4yLSl4TVHGI6vJ_6vmvg-00256.jpg": {"object_bounding_box": [287, 231, 290, 247], "object_presence": 1}, "P295--airpods--clutter--CCcBC05U7qYlngNlfIytM-j4yLSl4TVHGI6vJ_6vmvg-00257.jpg": {"object_bounding_box": [284, 232, 289, 236], "object_presence": 1}, "P295--airpods--clutter--CCcBC05U7qYlngNlfIytM-j4yLSl4TVHGI6vJ_6vmvg-00258.jpg": {"object_bounding_box": [284, 228, 289, 234], "object_presence": 1}, "P295--airpods--clutter--CCcBC05U7qYlngNlfIytM-j4yLSl4TVHGI6vJ_6vmvg-00259.jpg": {"object_bounding_box": [287, 225, 288, 240], "object_presence": 1}, "P295--airpods--clutter--CCcBC05U7qYlngNlfIytM-j4yLSl4TVHGI6vJ_6vmvg-00260.jpg": {"object_bounding_box": [291, 230, 284, 231], "object_presence": 1}, "P295--airpods--clutter--CCcBC05U7qYlngNlfIytM-j4yLSl4TVHGI6vJ_6vmvg-00261.jpg": {"object_bounding_box": [297, 233, 281, 234], "object_presence": 1}, "P295--airpods--clutter--CCcBC05U7qYlngNlfIytM-j4yLSl4TVHGI6vJ_6vmvg-00262.jpg": {"object_bounding_box": [289, 231, 299, 236], "object_presence": 1}, "P295--airpods--clutter--CCcBC05U7qYlngNlfIytM-j4yLSl4TVHGI6vJ_6vmvg-00263.jpg": {"object_bounding_box": [294, 231, 292, 243], "object_presence": 1}, "P295--airpods--clutter--CCcBC05U7qYlngNlfIytM-j4yLSl4TVHGI6vJ_6vmvg-00264.jpg": {"object_bounding_box": [298, 234, 288, 225], "object_presence": 1}, "P295--airpods--clutter--CCcBC05U7qYlngNlfIytM-j4yLSl4TVHGI6vJ_6vmvg-00265.jpg": {"object_bounding_box": [296, 225, 291, 237], "object_presence": 1}, "P295--airpods--clutter--CCcBC05U7qYlngNlfIytM-j4yLSl4TVHGI6vJ_6vmvg-00266.jpg": {"object_bounding_box": [295, 227, 294, 237], "object_presence": 1}, "P295--airpods--clutter--CCcBC05U7qYlngNlfIytM-j4yLSl4TVHGI6vJ_6vmvg-00267.jpg": {"object_bounding_box": [306, 224, 280, 225], "object_presence": 1}, "P295--airpods--clutter--CCcBC05U7qYlngNlfIytM-j4yLSl4TVHGI6vJ_6vmvg-00268.jpg": {"object_bounding_box": [297, 220, 292, 232], "object_presence": 1}, "P295--airpods--clutter--CCcBC05U7qYlngNlfIytM-j4yLSl4TVHGI6vJ_6vmvg-00269.jpg": {"object_bounding_box": [282, 222, 288, 230], "object_presence": 1}, "P295--airpods--clutter--CCcBC05U7qYlngNlfIytM-j4yLSl4TVHGI6vJ_6vmvg-00270.jpg": {"object_bounding_box": [286, 221, 279, 233], "object_presence": 1}, "P295--airpods--clutter--CCcBC05U7qYlngNlfIytM-j4yLSl4TVHGI6vJ_6vmvg-00271.jpg": {"object_bounding_box": [282, 222, 280, 235], "object_presence": 1}, "P295--airpods--clutter--CCcBC05U7qYlngNlfIytM-j4yLSl4TVHGI6vJ_6vmvg-00272.jpg": {"object_bounding_box": [283, 222, 278, 232], "object_presence": 1}, "P295--airpods--clutter--CCcBC05U7qYlngNlfIytM-j4yLSl4TVHGI6vJ_6vmvg-00273.jpg": {"object_bounding_box": [285, 224, 277, 231], "object_presence": 1}, "P295--airpods--clutter--CCcBC05U7qYlngNlfIytM-j4yLSl4TVHGI6vJ_6vmvg-00274.jpg": {"object_bounding_box": [287, 228, 283, 231], "object_presence": 1}, "P295--airpods--clutter--CCcBC05U7qYlngNlfIytM-j4yLSl4TVHGI6vJ_6vmvg-00275.jpg": {"object_bounding_box": [299, 224, 283, 234], "object_presence": 1}, "P295--airpods--clutter--CCcBC05U7qYlngNlfIytM-j4yLSl4TVHGI6vJ_6vmvg-00276.jpg": {"object_bounding_box": [302, 225, 288, 234], "object_presence": 1}, "P295--airpods--clutter--CCcBC05U7qYlngNlfIytM-j4yLSl4TVHGI6vJ_6vmvg-00277.jpg": {"object_bounding_box": [309, 224, 284, 236], "object_presence": 1}, "P295--airpods--clutter--CCcBC05U7qYlngNlfIytM-j4yLSl4TVHGI6vJ_6vmvg-00278.jpg": {"object_bounding_box": [328, 222, 279, 232], "object_presence": 1}, "P295--airpods--clutter--CCcBC05U7qYlngNlfIytM-j4yLSl4TVHGI6vJ_6vmvg-00279.jpg": {"object_bounding_box": [330, 219, 275, 232], "object_presence": 1}, "P295--airpods--clutter--CCcBC05U7qYlngNlfIytM-j4yLSl4TVHGI6vJ_6vmvg-00280.jpg": {"object_bounding_box": [332, 219, 286, 236], "object_presence": 1}, "P295--airpods--clutter--CCcBC05U7qYlngNlfIytM-j4yLSl4TVHGI6vJ_6vmvg-00281.jpg": {"object_bounding_box": [342, 219, 285, 237], "object_presence": 1}, "P295--airpods--clutter--CCcBC05U7qYlngNlfIytM-j4yLSl4TVHGI6vJ_6vmvg-00282.jpg": {"object_bounding_box": [346, 222, 283, 235], "object_presence": 1}, "P295--airpods--clutter--CCcBC05U7qYlngNlfIytM-j4yLSl4TVHGI6vJ_6vmvg-00283.jpg": {"object_bounding_box": [354, 217, 281, 241], "object_presence": 1}, "P295--airpods--clutter--CCcBC05U7qYlngNlfIytM-j4yLSl4TVHGI6vJ_6vmvg-00284.jpg": {"object_bounding_box": [358, 211, 283, 239], "object_presence": 1}, "P295--airpods--clutter--CCcBC05U7qYlngNlfIytM-j4yLSl4TVHGI6vJ_6vmvg-00285.jpg": {"object_bounding_box": [357, 203, 280, 236], "object_presence": 1}, "P295--airpods--clutter--CCcBC05U7qYlngNlfIytM-j4yLSl4TVHGI6vJ_6vmvg-00286.jpg": {"object_bounding_box": [356, 198, 283, 235], "object_presence": 1}, "P295--airpods--clutter--CCcBC05U7qYlngNlfIytM-j4yLSl4TVHGI6vJ_6vmvg-00287.jpg": {"object_bounding_box": [358, 198, 276, 237], "object_presence": 1}, "P295--airpods--clutter--CCcBC05U7qYlngNlfIytM-j4yLSl4TVHGI6vJ_6vmvg-00288.jpg": {"object_bounding_box": [358, 203, 276, 233], "object_presence": 1}, "P295--airpods--clutter--CCcBC05U7qYlngNlfIytM-j4yLSl4TVHGI6vJ_6vmvg-00289.jpg": {"object_bounding_box": [355, 206, 271, 228], "object_presence": 1}, "P295--airpods--clutter--CCcBC05U7qYlngNlfIytM-j4yLSl4TVHGI6vJ_6vmvg-00290.jpg": {"object_bounding_box": [344, 207, 276, 227], "object_presence": 1}, "P295--airpods--clutter--CCcBC05U7qYlngNlfIytM-j4yLSl4TVHGI6vJ_6vmvg-00291.jpg": {"object_bounding_box": [340, 213, 266, 225], "object_presence": 1}, "P295--airpods--clutter--CCcBC05U7qYlngNlfIytM-j4yLSl4TVHGI6vJ_6vmvg-00292.jpg": {"object_bounding_box": [340, 219, 265, 224], "object_presence": 1}, "P295--airpods--clutter--CCcBC05U7qYlngNlfIytM-j4yLSl4TVHGI6vJ_6vmvg-00293.jpg": {"object_bounding_box": [340, 219, 262, 228], "object_presence": 1}, "P295--airpods--clutter--CCcBC05U7qYlngNlfIytM-j4yLSl4TVHGI6vJ_6vmvg-00294.jpg": {"object_bounding_box": [340, 220, 257, 232], "object_presence": 1}, "P295--airpods--clutter--CCcBC05U7qYlngNlfIytM-j4yLSl4TVHGI6vJ_6vmvg-00295.jpg": {"object_bounding_box": [340, 221, 255, 213], "object_presence": 1}, "P295--airpods--clutter--CCcBC05U7qYlngNlfIytM-j4yLSl4TVHGI6vJ_6vmvg-00296.jpg": {"object_bounding_box": [340, 220, 249, 215], "object_presence": 1}, "P295--airpods--clutter--CCcBC05U7qYlngNlfIytM-j4yLSl4TVHGI6vJ_6vmvg-00297.jpg": {"object_bounding_box": [340, 226, 246, 220], "object_presence": 1}, "P295--airpods--clutter--CCcBC05U7qYlngNlfIytM-j4yLSl4TVHGI6vJ_6vmvg-00298.jpg": {"object_bounding_box": [340, 228, 248, 217], "object_presence": 1}, "P295--airpods--clutter--CCcBC05U7qYlngNlfIytM-j4yLSl4TVHGI6vJ_6vmvg-00299.jpg": {"object_bounding_box": [329, 234, 253, 218], "object_presence": 1}, "P295--airpods--clutter--CCcBC05U7qYlngNlfIytM-j4yLSl4TVHGI6vJ_6vmvg-00300.jpg": {"object_bounding_box": [318, 236, 257, 215], "object_presence": 1}, "P295--airpods--clutter--CCcBC05U7qYlngNlfIytM-j4yLSl4TVHGI6vJ_6vmvg-00301.jpg": {"object_bounding_box": [317, 241, 252, 217], "object_presence": 1}, "P295--airpods--clutter--CCcBC05U7qYlngNlfIytM-j4yLSl4TVHGI6vJ_6vmvg-00302.jpg": {"object_bounding_box": [311, 247, 257, 207], "object_presence": 1}, "P295--airpods--clutter--CCcBC05U7qYlngNlfIytM-j4yLSl4TVHGI6vJ_6vmvg-00303.jpg": {"object_bounding_box": [307, 251, 258, 201], "object_presence": 1}, "P295--airpods--clutter--CCcBC05U7qYlngNlfIytM-j4yLSl4TVHGI6vJ_6vmvg-00304.jpg": {"object_bounding_box": [305, 253, 259, 201], "object_presence": 1}, "P295--airpods--clutter--CCcBC05U7qYlngNlfIytM-j4yLSl4TVHGI6vJ_6vmvg-00305.jpg": {"object_bounding_box": [305, 262, 257, 195], "object_presence": 1}, "P295--airpods--clutter--CCcBC05U7qYlngNlfIytM-j4yLSl4TVHGI6vJ_6vmvg-00306.jpg": {"object_bounding_box": [305, 266, 259, 191], "object_presence": 1}, "P295--airpods--clutter--CCcBC05U7qYlngNlfIytM-j4yLSl4TVHGI6vJ_6vmvg-00307.jpg": {"object_bounding_box": [305, 271, 256, 182], "object_presence": 1}, "P295--airpods--clutter--CCcBC05U7qYlngNlfIytM-j4yLSl4TVHGI6vJ_6vmvg-00308.jpg": {"object_bounding_box": [305, 271, 255, 189], "object_presence": 1}, "P295--airpods--clutter--CCcBC05U7qYlngNlfIytM-j4yLSl4TVHGI6vJ_6vmvg-00309.jpg": {"object_bounding_box": [305, 281, 251, 187], "object_presence": 1}, "P295--airpods--clutter--CCcBC05U7qYlngNlfIytM-j4yLSl4TVHGI6vJ_6vmvg-00310.jpg": {"object_bounding_box": [314, 282, 242, 201], "object_presence": 1}, "P295--airpods--clutter--CCcBC05U7qYlngNlfIytM-j4yLSl4TVHGI6vJ_6vmvg-00311.jpg": {"object_bounding_box": [321, 285, 237, 196], "object_presence": 1}, "P295--airpods--clutter--CCcBC05U7qYlngNlfIytM-j4yLSl4TVHGI6vJ_6vmvg-00312.jpg": {"object_bounding_box": [325, 285, 240, 201], "object_presence": 1}, "P295--airpods--clutter--CCcBC05U7qYlngNlfIytM-j4yLSl4TVHGI6vJ_6vmvg-00313.jpg": {"object_bounding_box": [325, 287, 247, 204], "object_presence": 1}, "P295--airpods--clutter--CCcBC05U7qYlngNlfIytM-j4yLSl4TVHGI6vJ_6vmvg-00314.jpg": {"object_bounding_box": [331, 288, 239, 201], "object_presence": 1}, "P295--airpods--clutter--CCcBC05U7qYlngNlfIytM-j4yLSl4TVHGI6vJ_6vmvg-00315.jpg": {"object_bounding_box": [330, 292, 251, 186], "object_presence": 1}, "P295--airpods--clutter--CCcBC05U7qYlngNlfIytM-j4yLSl4TVHGI6vJ_6vmvg-00316.jpg": {"object_bounding_box": [332, 295, 252, 191], "object_presence": 1}, "P295--airpods--clutter--CCcBC05U7qYlngNlfIytM-j4yLSl4TVHGI6vJ_6vmvg-00317.jpg": {"object_bounding_box": [333, 293, 250, 199], "object_presence": 1}, "P295--airpods--clutter--CCcBC05U7qYlngNlfIytM-j4yLSl4TVHGI6vJ_6vmvg-00318.jpg": {"object_bounding_box": [343, 289, 246, 210], "object_presence": 1}, "P295--airpods--clutter--CCcBC05U7qYlngNlfIytM-j4yLSl4TVHGI6vJ_6vmvg-00319.jpg": {"object_bounding_box": [350, 295, 246, 208], "object_presence": 1}, "P295--airpods--clutter--CCcBC05U7qYlngNlfIytM-j4yLSl4TVHGI6vJ_6vmvg-00320.jpg": {"object_bounding_box": [351, 298, 247, 207], "object_presence": 1}, "P295--airpods--clutter--CCcBC05U7qYlngNlfIytM-j4yLSl4TVHGI6vJ_6vmvg-00321.jpg": {"object_bounding_box": [357, 298, 244, 207], "object_presence": 1}, "P295--airpods--clutter--CCcBC05U7qYlngNlfIytM-j4yLSl4TVHGI6vJ_6vmvg-00322.jpg": {"object_bounding_box": [360, 302, 248, 204], "object_presence": 1}, "P295--airpods--clutter--CCcBC05U7qYlngNlfIytM-j4yLSl4TVHGI6vJ_6vmvg-00323.jpg": {"object_bounding_box": [364, 307, 249, 198], "object_presence": 1}, "P295--airpods--clutter--CCcBC05U7qYlngNlfIytM-j4yLSl4TVHGI6vJ_6vmvg-00324.jpg": {"object_bounding_box": [372, 310, 239, 193], "object_presence": 1}, "P295--airpods--clutter--CCcBC05U7qYlngNlfIytM-j4yLSl4TVHGI6vJ_6vmvg-00325.jpg": {"object_bounding_box": [371, 321, 244, 188], "object_presence": 1}, "P295--airpods--clutter--CCcBC05U7qYlngNlfIytM-j4yLSl4TVHGI6vJ_6vmvg-00326.jpg": {"object_bounding_box": [376, 323, 244, 189], "object_presence": 1}, "P295--airpods--clutter--CCcBC05U7qYlngNlfIytM-j4yLSl4TVHGI6vJ_6vmvg-00327.jpg": {"object_bounding_box": [381, 330, 241, 194], "object_presence": 1}, "P295--airpods--clutter--CCcBC05U7qYlngNlfIytM-j4yLSl4TVHGI6vJ_6vmvg-00328.jpg": {"object_bounding_box": [388, 336, 237, 181], "object_presence": 1}, "P295--airpods--clutter--CCcBC05U7qYlngNlfIytM-j4yLSl4TVHGI6vJ_6vmvg-00329.jpg": {"object_bounding_box": [386, 337, 242, 192], "object_presence": 1}, "P295--airpods--clutter--CCcBC05U7qYlngNlfIytM-j4yLSl4TVHGI6vJ_6vmvg-00330.jpg": {"object_bounding_box": [386, 339, 242, 190], "object_presence": 1}, "P295--airpods--clutter--CCcBC05U7qYlngNlfIytM-j4yLSl4TVHGI6vJ_6vmvg-00331.jpg": {"object_bounding_box": [385, 345, 250, 184], "object_presence": 1}, "P295--airpods--clutter--CCcBC05U7qYlngNlfIytM-j4yLSl4TVHGI6vJ_6vmvg-00332.jpg": {"object_bounding_box": [393, 350, 239, 185], "object_presence": 1}, "P295--airpods--clutter--CCcBC05U7qYlngNlfIytM-j4yLSl4TVHGI6vJ_6vmvg-00333.jpg": {"object_bounding_box": [394, 346, 239, 192], "object_presence": 1}, "P295--airpods--clutter--CCcBC05U7qYlngNlfIytM-j4yLSl4TVHGI6vJ_6vmvg-00334.jpg": {"object_bounding_box": [401, 351, 237, 186], "object_presence": 1}, "P295--airpods--clutter--CCcBC05U7qYlngNlfIytM-j4yLSl4TVHGI6vJ_6vmvg-00335.jpg": {"object_bounding_box": [398, 355, 239, 176], "object_presence": 1}, "P295--airpods--clutter--CCcBC05U7qYlngNlfIytM-j4yLSl4TVHGI6vJ_6vmvg-00336.jpg": {"object_bounding_box": [410, 354, 232, 190], "object_presence": 1}, "P295--airpods--clutter--CCcBC05U7qYlngNlfIytM-j4yLSl4TVHGI6vJ_6vmvg-00337.jpg": {"object_bounding_box": [410, 358, 235, 190], "object_presence": 1}, "P295--airpods--clutter--CCcBC05U7qYlngNlfIytM-j4yLSl4TVHGI6vJ_6vmvg-00338.jpg": {"object_bounding_box": [413, 364, 233, 184], "object_presence": 1}, "P295--airpods--clutter--CCcBC05U7qYlngNlfIytM-j4yLSl4TVHGI6vJ_6vmvg-00339.jpg": {"object_bounding_box": [420, 362, 228, 187], "object_presence": 1}, "P295--airpods--clutter--CCcBC05U7qYlngNlfIytM-j4yLSl4TVHGI6vJ_6vmvg-00340.jpg": {"object_bounding_box": [419, 364, 231, 188], "object_presence": 1}, "P295--airpods--clutter--CCcBC05U7qYlngNlfIytM-j4yLSl4TVHGI6vJ_6vmvg-00341.jpg": {"object_bounding_box": [419, 365, 229, 185], "object_presence": 1}, "P295--airpods--clutter--CCcBC05U7qYlngNlfIytM-j4yLSl4TVHGI6vJ_6vmvg-00342.jpg": {"object_bounding_box": [421, 371, 235, 182], "object_presence": 1}, "P295--airpods--clutter--CCcBC05U7qYlngNlfIytM-j4yLSl4TVHGI6vJ_6vmvg-00343.jpg": {"object_bounding_box": [421, 373, 226, 179], "object_presence": 1}, "P295--airpods--clutter--CCcBC05U7qYlngNlfIytM-j4yLSl4TVHGI6vJ_6vmvg-00344.jpg": {"object_bounding_box": [423, 371, 229, 180], "object_presence": 1}, "P295--airpods--clutter--CCcBC05U7qYlngNlfIytM-j4yLSl4TVHGI6vJ_6vmvg-00345.jpg": {"object_bounding_box": [425, 368, 228, 179], "object_presence": 1}, "P295--airpods--clutter--CCcBC05U7qYlngNlfIytM-j4yLSl4TVHGI6vJ_6vmvg-00346.jpg": {"object_bounding_box": [429, 369, 229, 178], "object_presence": 1}, "P295--airpods--clutter--CCcBC05U7qYlngNlfIytM-j4yLSl4TVHGI6vJ_6vmvg-00347.jpg": {"object_bounding_box": [436, 368, 223, 179], "object_presence": 1}, "P295--airpods--clutter--CCcBC05U7qYlngNlfIytM-j4yLSl4TVHGI6vJ_6vmvg-00348.jpg": {"object_bounding_box": [435, 368, 223, 178], "object_presence": 1}, "P295--airpods--clutter--CCcBC05U7qYlngNlfIytM-j4yLSl4TVHGI6vJ_6vmvg-00349.jpg": {"object_bounding_box": [444, 368, 218, 177], "object_presence": 1}, "P295--airpods--clutter--CCcBC05U7qYlngNlfIytM-j4yLSl4TVHGI6vJ_6vmvg-00350.jpg": {"object_bounding_box": [448, 375, 225, 175], "object_presence": 1}, "P295--airpods--clutter--CCcBC05U7qYlngNlfIytM-j4yLSl4TVHGI6vJ_6vmvg-00351.jpg": {"object_bounding_box": [449, 379, 217, 178], "object_presence": 1}, "P295--airpods--clutter--CCcBC05U7qYlngNlfIytM-j4yLSl4TVHGI6vJ_6vmvg-00352.jpg": {"object_bounding_box": [449, 379, 217, 178], "object_presence": 1}, "P295--airpods--clutter--CCcBC05U7qYlngNlfIytM-j4yLSl4TVHGI6vJ_6vmvg-00353.jpg": {"object_bounding_box": [454, 378, 216, 172], "object_presence": 1}, "P295--airpods--clutter--CCcBC05U7qYlngNlfIytM-j4yLSl4TVHGI6vJ_6vmvg-00354.jpg": {"object_bounding_box": [469, 376, 207, 176], "object_presence": 1}, "P295--airpods--clutter--CCcBC05U7qYlngNlfIytM-j4yLSl4TVHGI6vJ_6vmvg-00355.jpg": {"object_bounding_box": [471, 367, 209, 172], "object_presence": 1}, "P295--airpods--clutter--CCcBC05U7qYlngNlfIytM-j4yLSl4TVHGI6vJ_6vmvg-00356.jpg": {"object_bounding_box": [481, 358, 211, 179], "object_presence": 1}, "P295--airpods--clutter--CCcBC05U7qYlngNlfIytM-j4yLSl4TVHGI6vJ_6vmvg-00357.jpg": {"object_bounding_box": [483, 357, 212, 175], "object_presence": 1}, "P295--airpods--clutter--CCcBC05U7qYlngNlfIytM-j4yLSl4TVHGI6vJ_6vmvg-00358.jpg": {"object_bounding_box": [485, 358, 215, 169], "object_presence": 1}, "P295--airpods--clutter--CCcBC05U7qYlngNlfIytM-j4yLSl4TVHGI6vJ_6vmvg-00359.jpg": {"object_bounding_box": [490, 360, 212, 165], "object_presence": 1}, "P295--airpods--clutter--CCcBC05U7qYlngNlfIytM-j4yLSl4TVHGI6vJ_6vmvg-00360.jpg": {"object_bounding_box": [494, 363, 219, 164], "object_presence": 1}, "P295--airpods--clutter--CCcBC05U7qYlngNlfIytM-j4yLSl4TVHGI6vJ_6vmvg-00361.jpg": {"object_bounding_box": [500, 373, 214, 161], "object_presence": 1}, "P295--airpods--clutter--CCcBC05U7qYlngNlfIytM-j4yLSl4TVHGI6vJ_6vmvg-00362.jpg": {"object_bounding_box": [499, 376, 214, 157], "object_presence": 1}, "P295--airpods--clutter--CCcBC05U7qYlngNlfIytM-j4yLSl4TVHGI6vJ_6vmvg-00363.jpg": {"object_bounding_box": [501, 376, 214, 158], "object_presence": 1}, "P295--airpods--clutter--CCcBC05U7qYlngNlfIytM-j4yLSl4TVHGI6vJ_6vmvg-00364.jpg": {"object_bounding_box": [501, 378, 217, 152], "object_presence": 1}, "P295--airpods--clutter--CCcBC05U7qYlngNlfIytM-j4yLSl4TVHGI6vJ_6vmvg-00365.jpg": {"object_bounding_box": [505, 383, 210, 156], "object_presence": 1}, "P295--airpods--clutter--CCcBC05U7qYlngNlfIytM-j4yLSl4TVHGI6vJ_6vmvg-00366.jpg": {"object_bounding_box": [504, 381, 213, 153], "object_presence": 1}, "P295--airpods--clutter--CCcBC05U7qYlngNlfIytM-j4yLSl4TVHGI6vJ_6vmvg-00367.jpg": {"object_bounding_box": [510, 385, 210, 157], "object_presence": 1}, "P295--airpods--clutter--CCcBC05U7qYlngNlfIytM-j4yLSl4TVHGI6vJ_6vmvg-00368.jpg": {"object_bounding_box": [512, 388, 209, 161], "object_presence": 1}, "P295--airpods--clutter--CCcBC05U7qYlngNlfIytM-j4yLSl4TVHGI6vJ_6vmvg-00369.jpg": {"object_bounding_box": [513, 390, 209, 153], "object_presence": 1}, "P295--airpods--clutter--CCcBC05U7qYlngNlfIytM-j4yLSl4TVHGI6vJ_6vmvg-00370.jpg": {"object_bounding_box": [515, 392, 209, 160], "object_presence": 1}, "P295--airpods--clutter--CCcBC05U7qYlngNlfIytM-j4yLSl4TVHGI6vJ_6vmvg-00371.jpg": {"object_bounding_box": [515, 391, 211, 154], "object_presence": 1}, "P295--airpods--clutter--CCcBC05U7qYlngNlfIytM-j4yLSl4TVHGI6vJ_6vmvg-00372.jpg": {"object_bounding_box": [516, 391, 211, 157], "object_presence": 1}, "P295--airpods--clutter--CCcBC05U7qYlngNlfIytM-j4yLSl4TVHGI6vJ_6vmvg-00373.jpg": {"object_bounding_box": [517, 388, 207, 153], "object_presence": 1}, "P295--airpods--clutter--CCcBC05U7qYlngNlfIytM-j4yLSl4TVHGI6vJ_6vmvg-00374.jpg": {"object_bounding_box": [508, 383, 219, 158], "object_presence": 1}, "P295--airpods--clutter--CCcBC05U7qYlngNlfIytM-j4yLSl4TVHGI6vJ_6vmvg-00375.jpg": {"object_bounding_box": [522, 384, 209, 157], "object_presence": 1}, "P295--airpods--clutter--CCcBC05U7qYlngNlfIytM-j4yLSl4TVHGI6vJ_6vmvg-00376.jpg": {"object_bounding_box": [514, 390, 217, 157], "object_presence": 1}, "P295--airpods--clutter--CCcBC05U7qYlngNlfIytM-j4yLSl4TVHGI6vJ_6vmvg-00377.jpg": {"object_bounding_box": [509, 398, 217, 160], "object_presence": 1}, "P295--airpods--clutter--CCcBC05U7qYlngNlfIytM-j4yLSl4TVHGI6vJ_6vmvg-00378.jpg": {"object_bounding_box": [508, 403, 211, 159], "object_presence": 1}, "P295--airpods--clutter--CCcBC05U7qYlngNlfIytM-j4yLSl4TVHGI6vJ_6vmvg-00379.jpg": {"object_bounding_box": [495, 407, 211, 163], "object_presence": 1}, "P295--airpods--clutter--CCcBC05U7qYlngNlfIytM-j4yLSl4TVHGI6vJ_6vmvg-00380.jpg": {"object_bounding_box": [487, 401, 221, 167], "object_presence": 1}, "P295--airpods--clutter--CCcBC05U7qYlngNlfIytM-j4yLSl4TVHGI6vJ_6vmvg-00381.jpg": {"object_bounding_box": [494, 401, 217, 154], "object_presence": 1}, "P295--airpods--clutter--CCcBC05U7qYlngNlfIytM-j4yLSl4TVHGI6vJ_6vmvg-00382.jpg": {"object_bounding_box": [493, 396, 211, 163], "object_presence": 1}, "P295--airpods--clutter--CCcBC05U7qYlngNlfIytM-j4yLSl4TVHGI6vJ_6vmvg-00383.jpg": {"object_bounding_box": [494, 383, 221, 169], "object_presence": 1}, "P295--airpods--clutter--CCcBC05U7qYlngNlfIytM-j4yLSl4TVHGI6vJ_6vmvg-00384.jpg": {"object_bounding_box": [506, 382, 223, 160], "object_presence": 1}, "P295--airpods--clutter--CCcBC05U7qYlngNlfIytM-j4yLSl4TVHGI6vJ_6vmvg-00385.jpg": {"object_bounding_box": [519, 381, 218, 166], "object_presence": 1}, "P295--airpods--clutter--CCcBC05U7qYlngNlfIytM-j4yLSl4TVHGI6vJ_6vmvg-00386.jpg": {"object_bounding_box": [526, 372, 216, 162], "object_presence": 1}, "P295--airpods--clutter--CCcBC05U7qYlngNlfIytM-j4yLSl4TVHGI6vJ_6vmvg-00387.jpg": {"object_bounding_box": [522, 359, 209, 154], "object_presence": 1}, "P295--airpods--clutter--CCcBC05U7qYlngNlfIytM-j4yLSl4TVHGI6vJ_6vmvg-00388.jpg": {"object_bounding_box": [506, 349, 213, 171], "object_presence": 1}, "P295--airpods--clutter--CCcBC05U7qYlngNlfIytM-j4yLSl4TVHGI6vJ_6vmvg-00389.jpg": {"object_bounding_box": [506, 361, 212, 170], "object_presence": 1}, "P295--airpods--clutter--CCcBC05U7qYlngNlfIytM-j4yLSl4TVHGI6vJ_6vmvg-00390.jpg": {"object_bounding_box": [511, 368, 211, 167], "object_presence": 1}, "P295--airpods--clutter--CCcBC05U7qYlngNlfIytM-j4yLSl4TVHGI6vJ_6vmvg-00391.jpg": {"object_bounding_box": [511, 372, 211, 167], "object_presence": 1}, "P295--airpods--clutter--CCcBC05U7qYlngNlfIytM-j4yLSl4TVHGI6vJ_6vmvg-00392.jpg": {"object_bounding_box": [501, 374, 209, 165], "object_presence": 1}, "P295--airpods--clutter--CCcBC05U7qYlngNlfIytM-j4yLSl4TVHGI6vJ_6vmvg-00393.jpg": {"object_bounding_box": [480, 370, 209, 171], "object_presence": 1}, "P295--airpods--clutter--CCcBC05U7qYlngNlfIytM-j4yLSl4TVHGI6vJ_6vmvg-00394.jpg": {"object_bounding_box": [480, 374, 209, 169], "object_presence": 1}, "P295--airpods--clutter--CCcBC05U7qYlngNlfIytM-j4yLSl4TVHGI6vJ_6vmvg-00395.jpg": {"object_bounding_box": [490, 381, 209, 166], "object_presence": 1}, "P295--airpods--clutter--CCcBC05U7qYlngNlfIytM-j4yLSl4TVHGI6vJ_6vmvg-00396.jpg": {"object_bounding_box": [497, 383, 212, 167], "object_presence": 1}, "P295--airpods--clutter--CCcBC05U7qYlngNlfIytM-j4yLSl4TVHGI6vJ_6vmvg-00397.jpg": {"object_bounding_box": [501, 383, 212, 167], "object_presence": 1}, "P295--airpods--clutter--CCcBC05U7qYlngNlfIytM-j4yLSl4TVHGI6vJ_6vmvg-00398.jpg": {"object_bounding_box": [514, 383, 212, 167], "object_presence": 1}, "P295--airpods--clutter--CCcBC05U7qYlngNlfIytM-j4yLSl4TVHGI6vJ_6vmvg-00399.jpg": {"object_bounding_box": [519, 388, 212, 167], "object_presence": 1}, "P295--airpods--clutter--CCcBC05U7qYlngNlfIytM-j4yLSl4TVHGI6vJ_6vmvg-00400.jpg": {"object_bounding_box": [518, 398, 212, 162], "object_presence": 1}, "P295--airpods--clutter--CCcBC05U7qYlngNlfIytM-j4yLSl4TVHGI6vJ_6vmvg-00401.jpg": {"object_bounding_box": [515, 402, 212, 165], "object_presence": 1}, "P295--airpods--clutter--CCcBC05U7qYlngNlfIytM-j4yLSl4TVHGI6vJ_6vmvg-00402.jpg": {"object_bounding_box": [509, 401, 212, 164], "object_presence": 1}, "P295--airpods--clutter--CCcBC05U7qYlngNlfIytM-j4yLSl4TVHGI6vJ_6vmvg-00403.jpg": {"object_bounding_box": [501, 399, 212, 164], "object_presence": 1}, "P295--airpods--clutter--CCcBC05U7qYlngNlfIytM-j4yLSl4TVHGI6vJ_6vmvg-00404.jpg": {"object_bounding_box": [500, 392, 212, 167], "object_presence": 1}, "P295--airpods--clutter--CCcBC05U7qYlngNlfIytM-j4yLSl4TVHGI6vJ_6vmvg-00405.jpg": {"object_bounding_box": [504, 382, 205, 151], "object_presence": 1}, "P295--airpods--clutter--CCcBC05U7qYlngNlfIytM-j4yLSl4TVHGI6vJ_6vmvg-00406.jpg": {"object_bounding_box": [503, 369, 199, 169], "object_presence": 1}, "P295--airpods--clutter--CCcBC05U7qYlngNlfIytM-j4yLSl4TVHGI6vJ_6vmvg-00407.jpg": {"object_bounding_box": [497, 366, 200, 170], "object_presence": 1}, "P295--airpods--clutter--CCcBC05U7qYlngNlfIytM-j4yLSl4TVHGI6vJ_6vmvg-00408.jpg": {"object_bounding_box": [494, 371, 200, 170], "object_presence": 1}, "P295--airpods--clutter--CCcBC05U7qYlngNlfIytM-j4yLSl4TVHGI6vJ_6vmvg-00409.jpg": {"object_bounding_box": [476, 374, 205, 179], "object_presence": 1}, "P295--airpods--clutter--CCcBC05U7qYlngNlfIytM-j4yLSl4TVHGI6vJ_6vmvg-00410.jpg": {"object_bounding_box": [460, 383, 205, 179], "object_presence": 1}, "P295--airpods--clutter--CCcBC05U7qYlngNlfIytM-j4yLSl4TVHGI6vJ_6vmvg-00411.jpg": {"object_bounding_box": [460, 391, 205, 179], "object_presence": 1}, "P295--airpods--clutter--CCcBC05U7qYlngNlfIytM-j4yLSl4TVHGI6vJ_6vmvg-00412.jpg": {"object_bounding_box": [474, 399, 205, 179], "object_presence": 1}, "P295--airpods--clutter--CCcBC05U7qYlngNlfIytM-j4yLSl4TVHGI6vJ_6vmvg-00413.jpg": {"object_bounding_box": [473, 406, 204, 166], "object_presence": 1}, "P295--airpods--clutter--CCcBC05U7qYlngNlfIytM-j4yLSl4TVHGI6vJ_6vmvg-00414.jpg": {"object_bounding_box": [472, 412, 205, 157], "object_presence": 1}, "P295--airpods--clutter--CCcBC05U7qYlngNlfIytM-j4yLSl4TVHGI6vJ_6vmvg-00415.jpg": {"object_bounding_box": [469, 415, 202, 173], "object_presence": 1}, "P295--airpods--clutter--CCcBC05U7qYlngNlfIytM-j4yLSl4TVHGI6vJ_6vmvg-00416.jpg": {"object_bounding_box": [477, 421, 189, 167], "object_presence": 1}, "P295--airpods--clutter--CCcBC05U7qYlngNlfIytM-j4yLSl4TVHGI6vJ_6vmvg-00417.jpg": {"object_bounding_box": [477, 421, 189, 167], "object_presence": 1}, "P295--airpods--clutter--CCcBC05U7qYlngNlfIytM-j4yLSl4TVHGI6vJ_6vmvg-00418.jpg": {"object_bounding_box": [480, 422, 196, 168], "object_presence": 1}, "P295--airpods--clutter--CCcBC05U7qYlngNlfIytM-j4yLSl4TVHGI6vJ_6vmvg-00419.jpg": {"object_bounding_box": [471, 423, 196, 168], "object_presence": 1}, "P295--airpods--clutter--CCcBC05U7qYlngNlfIytM-j4yLSl4TVHGI6vJ_6vmvg-00420.jpg": {"object_bounding_box": [462, 413, 198, 172], "object_presence": 1}, "P295--airpods--clutter--CCcBC05U7qYlngNlfIytM-j4yLSl4TVHGI6vJ_6vmvg-00421.jpg": {"object_bounding_box": [451, 410, 198, 172], "object_presence": 1}, "P295--airpods--clutter--CCcBC05U7qYlngNlfIytM-j4yLSl4TVHGI6vJ_6vmvg-00422.jpg": {"object_bounding_box": [449, 400, 198, 172], "object_presence": 1}, "P295--airpods--clutter--CCcBC05U7qYlngNlfIytM-j4yLSl4TVHGI6vJ_6vmvg-00423.jpg": {"object_bounding_box": [456, 403, 198, 172], "object_presence": 1}, "P295--airpods--clutter--CCcBC05U7qYlngNlfIytM-j4yLSl4TVHGI6vJ_6vmvg-00424.jpg": {"object_bounding_box": [458, 401, 198, 167], "object_presence": 1}, "P295--airpods--clutter--CCcBC05U7qYlngNlfIytM-j4yLSl4TVHGI6vJ_6vmvg-00425.jpg": {"object_bounding_box": [459, 405, 198, 167], "object_presence": 1}, "P295--airpods--clutter--CCcBC05U7qYlngNlfIytM-j4yLSl4TVHGI6vJ_6vmvg-00426.jpg": {"object_bounding_box": [459, 405, 198, 167], "object_presence": 1}, "P295--airpods--clutter--CCcBC05U7qYlngNlfIytM-j4yLSl4TVHGI6vJ_6vmvg-00427.jpg": {"object_bounding_box": [469, 409, 198, 165], "object_presence": 1}, "P295--airpods--clutter--CCcBC05U7qYlngNlfIytM-j4yLSl4TVHGI6vJ_6vmvg-00428.jpg": {"object_bounding_box": [475, 416, 198, 152], "object_presence": 1}, "P295--airpods--clutter--CCcBC05U7qYlngNlfIytM-j4yLSl4TVHGI6vJ_6vmvg-00429.jpg": {"object_bounding_box": [470, 427, 198, 161], "object_presence": 1}, "P295--airpods--clutter--CCcBC05U7qYlngNlfIytM-j4yLSl4TVHGI6vJ_6vmvg-00430.jpg": {"object_bounding_box": [482, 434, 187, 161], "object_presence": 1}, "P295--airpods--clutter--CCcBC05U7qYlngNlfIytM-j4yLSl4TVHGI6vJ_6vmvg-00431.jpg": {"object_bounding_box": [493, 444, 190, 166], "object_presence": 1}, "P295--airpods--clutter--CCcBC05U7qYlngNlfIytM-j4yLSl4TVHGI6vJ_6vmvg-00432.jpg": {"object_bounding_box": [490, 453, 194, 169], "object_presence": 1}, "P295--airpods--clutter--CCcBC05U7qYlngNlfIytM-j4yLSl4TVHGI6vJ_6vmvg-00433.jpg": {"object_bounding_box": [491, 452, 194, 169], "object_presence": 1}, "P295--airpods--clutter--CCcBC05U7qYlngNlfIytM-j4yLSl4TVHGI6vJ_6vmvg-00434.jpg": {"object_bounding_box": [505, 453, 192, 173], "object_presence": 1}, "P295--airpods--clutter--CCcBC05U7qYlngNlfIytM-j4yLSl4TVHGI6vJ_6vmvg-00435.jpg": {"object_bounding_box": [507, 467, 189, 159], "object_presence": 1}, "P295--airpods--clutter--CCcBC05U7qYlngNlfIytM-j4yLSl4TVHGI6vJ_6vmvg-00436.jpg": {"object_bounding_box": [511, 471, 184, 163], "object_presence": 1}, "P295--airpods--clutter--CCcBC05U7qYlngNlfIytM-j4yLSl4TVHGI6vJ_6vmvg-00437.jpg": {"object_bounding_box": [502, 475, 203, 166], "object_presence": 1}, "P295--airpods--clutter--CCcBC05U7qYlngNlfIytM-j4yLSl4TVHGI6vJ_6vmvg-00438.jpg": {"object_bounding_box": [509, 478, 203, 166], "object_presence": 1}, "P295--airpods--clutter--CCcBC05U7qYlngNlfIytM-j4yLSl4TVHGI6vJ_6vmvg-00439.jpg": {"object_bounding_box": [513, 476, 190, 168], "object_presence": 1}, "P295--airpods--clutter--CCcBC05U7qYlngNlfIytM-j4yLSl4TVHGI6vJ_6vmvg-00440.jpg": {"object_bounding_box": [522, 465, 182, 163], "object_presence": 1}, "P295--airpods--clutter--CCcBC05U7qYlngNlfIytM-j4yLSl4TVHGI6vJ_6vmvg-00441.jpg": {"object_bounding_box": [502, 464, 193, 156], "object_presence": 1}, "P295--airpods--clutter--CCcBC05U7qYlngNlfIytM-j4yLSl4TVHGI6vJ_6vmvg-00442.jpg": {"object_bounding_box": [500, 464, 192, 153], "object_presence": 1}, "P295--airpods--clutter--CCcBC05U7qYlngNlfIytM-j4yLSl4TVHGI6vJ_6vmvg-00443.jpg": {"object_bounding_box": [506, 459, 184, 158], "object_presence": 1}, "P295--airpods--clutter--CCcBC05U7qYlngNlfIytM-j4yLSl4TVHGI6vJ_6vmvg-00444.jpg": {"object_bounding_box": [506, 459, 184, 158], "object_presence": 1}, "P295--airpods--clutter--CCcBC05U7qYlngNlfIytM-j4yLSl4TVHGI6vJ_6vmvg-00445.jpg": {"object_bounding_box": [509, 460, 184, 158], "object_presence": 1}, "P295--airpods--clutter--CCcBC05U7qYlngNlfIytM-j4yLSl4TVHGI6vJ_6vmvg-00446.jpg": {"object_bounding_box": [511, 465, 184, 158], "object_presence": 1}, "P295--airpods--clutter--CCcBC05U7qYlngNlfIytM-j4yLSl4TVHGI6vJ_6vmvg-00447.jpg": {"object_bounding_box": [497, 469, 189, 154], "object_presence": 1}, "P295--airpods--clutter--CCcBC05U7qYlngNlfIytM-j4yLSl4TVHGI6vJ_6vmvg-00448.jpg": {"object_bounding_box": [501, 466, 189, 154], "object_presence": 1}, "P295--airpods--clutter--CCcBC05U7qYlngNlfIytM-j4yLSl4TVHGI6vJ_6vmvg-00449.jpg": {"object_bounding_box": [501, 471, 189, 154], "object_presence": 1}, "P295--airpods--clutter--CCcBC05U7qYlngNlfIytM-j4yLSl4TVHGI6vJ_6vmvg-00450.jpg": {"object_bounding_box": [502, 468, 189, 154], "object_presence": 1}, "P295--airpods--clutter--CCcBC05U7qYlngNlfIytM-j4yLSl4TVHGI6vJ_6vmvg-00451.jpg": {"object_bounding_box": [502, 468, 189, 154], "object_presence": 1}, "P295--airpods--clutter--CCcBC05U7qYlngNlfIytM-j4yLSl4TVHGI6vJ_6vmvg-00452.jpg": {"object_bounding_box": [502, 468, 189, 154], "object_presence": 1}, "P295--airpods--clutter--CCcBC05U7qYlngNlfIytM-j4yLSl4TVHGI6vJ_6vmvg-00453.jpg": {"object_bounding_box": [501, 469, 189, 154], "object_presence": 1}, "P295--airpods--clutter--CCcBC05U7qYlngNlfIytM-j4yLSl4TVHGI6vJ_6vmvg-00454.jpg": {"object_bounding_box": [500, 472, 189, 154], "object_presence": 1}, "P295--airpods--clutter--CCcBC05U7qYlngNlfIytM-j4yLSl4TVHGI6vJ_6vmvg-00455.jpg": {"object_bounding_box": [502, 475, 193, 156], "object_presence": 1}, "P295--airpods--clutter--CCcBC05U7qYlngNlfIytM-j4yLSl4TVHGI6vJ_6vmvg-00456.jpg": {"object_bounding_box": [497, 473, 193, 156], "object_presence": 1}, "P295--airpods--clutter--CCcBC05U7qYlngNlfIytM-j4yLSl4TVHGI6vJ_6vmvg-00457.jpg": {"object_bounding_box": [502, 472, 191, 156], "object_presence": 1}, "P295--airpods--clutter--CCcBC05U7qYlngNlfIytM-j4yLSl4TVHGI6vJ_6vmvg-00458.jpg": {"object_bounding_box": [493, 471, 191, 159], "object_presence": 1}, "P295--airpods--clutter--CCcBC05U7qYlngNlfIytM-j4yLSl4TVHGI6vJ_6vmvg-00459.jpg": {"object_bounding_box": [494, 473, 191, 165], "object_presence": 1}, "P295--airpods--clutter--CCcBC05U7qYlngNlfIytM-j4yLSl4TVHGI6vJ_6vmvg-00460.jpg": {"object_bounding_box": [489, 471, 191, 165], "object_presence": 1}, "P295--airpods--clutter--CCcBC05U7qYlngNlfIytM-j4yLSl4TVHGI6vJ_6vmvg-00461.jpg": {"object_bounding_box": [487, 471, 191, 169], "object_presence": 1}, "P295--airpods--clutter--CCcBC05U7qYlngNlfIytM-j4yLSl4TVHGI6vJ_6vmvg-00462.jpg": {"object_bounding_box": [484, 469, 177, 174], "object_presence": 1}, "P295--airpods--clutter--CCcBC05U7qYlngNlfIytM-j4yLSl4TVHGI6vJ_6vmvg-00463.jpg": {"object_bounding_box": [477, 470, 176, 164], "object_presence": 1}, "P295--airpods--clutter--CCcBC05U7qYlngNlfIytM-j4yLSl4TVHGI6vJ_6vmvg-00464.jpg": {"object_bounding_box": [462, 471, 191, 175], "object_presence": 1}, "P295--airpods--clutter--CCcBC05U7qYlngNlfIytM-j4yLSl4TVHGI6vJ_6vmvg-00465.jpg": {"object_bounding_box": [467, 482, 170, 174], "object_presence": 1}, "P295--airpods--clutter--CCcBC05U7qYlngNlfIytM-j4yLSl4TVHGI6vJ_6vmvg-00466.jpg": {"object_bounding_box": [464, 484, 168, 175], "object_presence": 1}, "P295--airpods--clutter--CCcBC05U7qYlngNlfIytM-j4yLSl4TVHGI6vJ_6vmvg-00467.jpg": {"object_bounding_box": [455, 485, 177, 175], "object_presence": 1}, "P295--airpods--clutter--CCcBC05U7qYlngNlfIytM-j4yLSl4TVHGI6vJ_6vmvg-00468.jpg": {"object_bounding_box": [455, 483, 177, 175], "object_presence": 1}, "P295--airpods--clutter--CCcBC05U7qYlngNlfIytM-j4yLSl4TVHGI6vJ_6vmvg-00469.jpg": {"object_bounding_box": [449, 489, 173, 170], "object_presence": 1}, "P295--airpods--clutter--CCcBC05U7qYlngNlfIytM-j4yLSl4TVHGI6vJ_6vmvg-00470.jpg": {"object_bounding_box": [449, 490, 168, 170], "object_presence": 1}, "P295--airpods--clutter--CCcBC05U7qYlngNlfIytM-j4yLSl4TVHGI6vJ_6vmvg-00471.jpg": {"object_bounding_box": [437, 496, 181, 161], "object_presence": 1}, "P295--airpods--clutter--CCcBC05U7qYlngNlfIytM-j4yLSl4TVHGI6vJ_6vmvg-00472.jpg": {"object_bounding_box": [437, 496, 176, 161], "object_presence": 1}, "P295--airpods--clutter--CCcBC05U7qYlngNlfIytM-j4yLSl4TVHGI6vJ_6vmvg-00473.jpg": {"object_bounding_box": [445, 497, 165, 161], "object_presence": 1}, "P295--airpods--clutter--CCcBC05U7qYlngNlfIytM-j4yLSl4TVHGI6vJ_6vmvg-00474.jpg": {"object_bounding_box": [438, 502, 165, 160], "object_presence": 1}, "P295--airpods--clutter--CCcBC05U7qYlngNlfIytM-j4yLSl4TVHGI6vJ_6vmvg-00475.jpg": {"object_bounding_box": [432, 502, 165, 160], "object_presence": 1}, "P295--airpods--clutter--CCcBC05U7qYlngNlfIytM-j4yLSl4TVHGI6vJ_6vmvg-00476.jpg": {"object_bounding_box": [431, 499, 165, 160], "object_presence": 1}, "P295--airpods--clutter--CCcBC05U7qYlngNlfIytM-j4yLSl4TVHGI6vJ_6vmvg-00477.jpg": {"object_bounding_box": [415, 499, 176, 153], "object_presence": 1}, "P295--airpods--clutter--CCcBC05U7qYlngNlfIytM-j4yLSl4TVHGI6vJ_6vmvg-00478.jpg": {"object_bounding_box": [417, 498, 165, 159], "object_presence": 1}, "P295--airpods--clutter--CCcBC05U7qYlngNlfIytM-j4yLSl4TVHGI6vJ_6vmvg-00479.jpg": {"object_bounding_box": [399, 503, 177, 132], "object_presence": 1}, "P295--airpods--clutter--CCcBC05U7qYlngNlfIytM-j4yLSl4TVHGI6vJ_6vmvg-00480.jpg": {"object_bounding_box": [393, 503, 177, 132], "object_presence": 1}, "P295--airpods--clutter--CCcBC05U7qYlngNlfIytM-j4yLSl4TVHGI6vJ_6vmvg-00481.jpg": {"object_bounding_box": [393, 503, 168, 140], "object_presence": 1}, "P295--airpods--clutter--CCcBC05U7qYlngNlfIytM-j4yLSl4TVHGI6vJ_6vmvg-00482.jpg": {"object_bounding_box": [387, 503, 173, 139], "object_presence": 1}, "P295--airpods--clutter--CCcBC05U7qYlngNlfIytM-j4yLSl4TVHGI6vJ_6vmvg-00483.jpg": {"object_bounding_box": [378, 505, 173, 139], "object_presence": 1}, "P295--airpods--clutter--CCcBC05U7qYlngNlfIytM-j4yLSl4TVHGI6vJ_6vmvg-00484.jpg": {"object_bounding_box": [375, 499, 174, 145], "object_presence": 1}, "P295--airpods--clutter--CCcBC05U7qYlngNlfIytM-j4yLSl4TVHGI6vJ_6vmvg-00485.jpg": {"object_bounding_box": [376, 496, 168, 143], "object_presence": 1}, "P295--airpods--clutter--CCcBC05U7qYlngNlfIytM-j4yLSl4TVHGI6vJ_6vmvg-00486.jpg": {"object_bounding_box": [379, 496, 165, 137], "object_presence": 1}, "P295--airpods--clutter--CCcBC05U7qYlngNlfIytM-j4yLSl4TVHGI6vJ_6vmvg-00487.jpg": {"object_bounding_box": [369, 487, 176, 146], "object_presence": 1}, "P295--airpods--clutter--CCcBC05U7qYlngNlfIytM-j4yLSl4TVHGI6vJ_6vmvg-00488.jpg": {"object_bounding_box": [366, 484, 174, 148], "object_presence": 1}, "P295--airpods--clutter--CCcBC05U7qYlngNlfIytM-j4yLSl4TVHGI6vJ_6vmvg-00489.jpg": {"object_bounding_box": [367, 484, 179, 144], "object_presence": 1}, "P295--airpods--clutter--CCcBC05U7qYlngNlfIytM-j4yLSl4TVHGI6vJ_6vmvg-00490.jpg": {"object_bounding_box": [372, 481, 182, 150], "object_presence": 1}, "P295--airpods--clutter--CCcBC05U7qYlngNlfIytM-j4yLSl4TVHGI6vJ_6vmvg-00491.jpg": {"object_bounding_box": [371, 484, 180, 143], "object_presence": 1}, "P295--airpods--clutter--CCcBC05U7qYlngNlfIytM-j4yLSl4TVHGI6vJ_6vmvg-00492.jpg": {"object_bounding_box": [376, 488, 178, 141], "object_presence": 1}, "P295--airpods--clutter--CCcBC05U7qYlngNlfIytM-j4yLSl4TVHGI6vJ_6vmvg-00493.jpg": {"object_bounding_box": [380, 491, 174, 142], "object_presence": 1}, "P295--airpods--clutter--CCcBC05U7qYlngNlfIytM-j4yLSl4TVHGI6vJ_6vmvg-00494.jpg": {"object_bounding_box": [378, 490, 182, 149], "object_presence": 1}, "P295--airpods--clutter--CCcBC05U7qYlngNlfIytM-j4yLSl4TVHGI6vJ_6vmvg-00495.jpg": {"object_bounding_box": [392, 491, 167, 144], "object_presence": 1}, "P295--airpods--clutter--CCcBC05U7qYlngNlfIytM-j4yLSl4TVHGI6vJ_6vmvg-00496.jpg": {"object_bounding_box": [393, 490, 173, 143], "object_presence": 1}, "P295--airpods--clutter--CCcBC05U7qYlngNlfIytM-j4yLSl4TVHGI6vJ_6vmvg-00497.jpg": {"object_bounding_box": [390, 490, 176, 143], "object_presence": 1}, "P295--airpods--clutter--CCcBC05U7qYlngNlfIytM-j4yLSl4TVHGI6vJ_6vmvg-00498.jpg": {"object_bounding_box": [390, 490, 176, 136], "object_presence": 1}, "P295--airpods--clutter--CCcBC05U7qYlngNlfIytM-j4yLSl4TVHGI6vJ_6vmvg-00499.jpg": {"object_bounding_box": [390, 490, 176, 136], "object_presence": 1}, "P295--airpods--clutter--CCcBC05U7qYlngNlfIytM-j4yLSl4TVHGI6vJ_6vmvg-00500.jpg": {"object_bounding_box": [393, 492, 173, 139], "object_presence": 1}, "P295--airpods--clutter--CCcBC05U7qYlngNlfIytM-j4yLSl4TVHGI6vJ_6vmvg-00501.jpg": {"object_bounding_box": [397, 490, 173, 137], "object_presence": 1}, "P295--airpods--clutter--CCcBC05U7qYlngNlfIytM-j4yLSl4TVHGI6vJ_6vmvg-00502.jpg": {"object_bounding_box": [395, 489, 179, 140], "object_presence": 1}, "P295--airpods--clutter--CCcBC05U7qYlngNlfIytM-j4yLSl4TVHGI6vJ_6vmvg-00503.jpg": {"object_bounding_box": [399, 488, 171, 142], "object_presence": 1}, "P295--airpods--clutter--CCcBC05U7qYlngNlfIytM-j4yLSl4TVHGI6vJ_6vmvg-00504.jpg": {"object_bounding_box": [408, 485, 171, 143], "object_presence": 1}, "P295--airpods--clutter--CCcBC05U7qYlngNlfIytM-j4yLSl4TVHGI6vJ_6vmvg-00505.jpg": {"object_bounding_box": [404, 487, 178, 140], "object_presence": 1}, "P295--airpods--clutter--CCcBC05U7qYlngNlfIytM-j4yLSl4TVHGI6vJ_6vmvg-00506.jpg": {"object_bounding_box": [405, 491, 174, 136], "object_presence": 1}, "P295--airpods--clutter--CCcBC05U7qYlngNlfIytM-j4yLSl4TVHGI6vJ_6vmvg-00507.jpg": {"object_bounding_box": [403, 489, 177, 142], "object_presence": 1}, "P295--airpods--clutter--CCcBC05U7qYlngNlfIytM-j4yLSl4TVHGI6vJ_6vmvg-00508.jpg": {"object_bounding_box": [400, 490, 176, 147], "object_presence": 1}, "P295--airpods--clutter--CCcBC05U7qYlngNlfIytM-j4yLSl4TVHGI6vJ_6vmvg-00509.jpg": {"object_bounding_box": [402, 490, 173, 146], "object_presence": 1}, "P295--airpods--clutter--CCcBC05U7qYlngNlfIytM-j4yLSl4TVHGI6vJ_6vmvg-00510.jpg": {"object_bounding_box": [402, 490, 179, 140], "object_presence": 1}, "P295--airpods--clutter--CCcBC05U7qYlngNlfIytM-j4yLSl4TVHGI6vJ_6vmvg-00511.jpg": {"object_bounding_box": [404, 485, 181, 150], "object_presence": 1}, "P295--airpods--clutter--CCcBC05U7qYlngNlfIytM-j4yLSl4TVHGI6vJ_6vmvg-00512.jpg": {"object_bounding_box": [412, 478, 178, 158], "object_presence": 1}, "P295--airpods--clutter--CCcBC05U7qYlngNlfIytM-j4yLSl4TVHGI6vJ_6vmvg-00513.jpg": {"object_bounding_box": [412, 476, 176, 166], "object_presence": 1}, "P295--airpods--clutter--CCcBC05U7qYlngNlfIytM-j4yLSl4TVHGI6vJ_6vmvg-00514.jpg": {"object_bounding_box": [411, 466, 171, 164], "object_presence": 1}, "P295--airpods--clutter--CCcBC05U7qYlngNlfIytM-j4yLSl4TVHGI6vJ_6vmvg-00515.jpg": {"object_bounding_box": [403, 455, 173, 172], "object_presence": 1}, "P295--airpods--clutter--CCcBC05U7qYlngNlfIytM-j4yLSl4TVHGI6vJ_6vmvg-00516.jpg": {"object_bounding_box": [398, 455, 177, 158], "object_presence": 1}, "P295--airpods--clutter--CCcBC05U7qYlngNlfIytM-j4yLSl4TVHGI6vJ_6vmvg-00517.jpg": {"object_bounding_box": [398, 445, 175, 167], "object_presence": 1}, "P295--airpods--clutter--CCcBC05U7qYlngNlfIytM-j4yLSl4TVHGI6vJ_6vmvg-00518.jpg": {"object_bounding_box": [401, 439, 172, 160], "object_presence": 1}, "P295--airpods--clutter--CCcBC05U7qYlngNlfIytM-j4yLSl4TVHGI6vJ_6vmvg-00519.jpg": {"object_bounding_box": [398, 432, 175, 162], "object_presence": 1}, "P295--airpods--clutter--CCcBC05U7qYlngNlfIytM-j4yLSl4TVHGI6vJ_6vmvg-00520.jpg": {"object_bounding_box": [403, 428, 170, 162], "object_presence": 1}, "P295--airpods--clutter--CCcBC05U7qYlngNlfIytM-j4yLSl4TVHGI6vJ_6vmvg-00521.jpg": {"object_bounding_box": [403, 429, 171, 156], "object_presence": 1}, "P295--airpods--clutter--CCcBC05U7qYlngNlfIytM-j4yLSl4TVHGI6vJ_6vmvg-00522.jpg": {"object_bounding_box": [403, 426, 174, 151], "object_presence": 1}, "P295--airpods--clutter--CCcBC05U7qYlngNlfIytM-j4yLSl4TVHGI6vJ_6vmvg-00523.jpg": {"object_bounding_box": [402, 424, 178, 156], "object_presence": 1}, "P295--airpods--clutter--CCcBC05U7qYlngNlfIytM-j4yLSl4TVHGI6vJ_6vmvg-00524.jpg": {"object_bounding_box": [399, 418, 177, 167], "object_presence": 1}, "P295--airpods--clutter--CCcBC05U7qYlngNlfIytM-j4yLSl4TVHGI6vJ_6vmvg-00525.jpg": {"object_bounding_box": [399, 415, 179, 170], "object_presence": 1}, "P295--airpods--clutter--CCcBC05U7qYlngNlfIytM-j4yLSl4TVHGI6vJ_6vmvg-00526.jpg": {"object_bounding_box": [402, 416, 180, 167], "object_presence": 1}, "P295--airpods--clutter--CCcBC05U7qYlngNlfIytM-j4yLSl4TVHGI6vJ_6vmvg-00527.jpg": {"object_bounding_box": [404, 416, 178, 160], "object_presence": 1}, "P295--airpods--clutter--CCcBC05U7qYlngNlfIytM-j4yLSl4TVHGI6vJ_6vmvg-00528.jpg": {"object_bounding_box": [402, 421, 180, 162], "object_presence": 1}, "P295--airpods--clutter--CCcBC05U7qYlngNlfIytM-j4yLSl4TVHGI6vJ_6vmvg-00529.jpg": {"object_bounding_box": [404, 423, 180, 153], "object_presence": 1}, "P295--airpods--clutter--CCcBC05U7qYlngNlfIytM-j4yLSl4TVHGI6vJ_6vmvg-00530.jpg": {"object_bounding_box": [397, 423, 186, 162], "object_presence": 1}, "P295--airpods--clutter--CCcBC05U7qYlngNlfIytM-j4yLSl4TVHGI6vJ_6vmvg-00531.jpg": {"object_bounding_box": [399, 424, 186, 159], "object_presence": 1}, "P295--airpods--clutter--CCcBC05U7qYlngNlfIytM-j4yLSl4TVHGI6vJ_6vmvg-00532.jpg": {"object_bounding_box": [402, 424, 182, 161], "object_presence": 1}, "P295--airpods--clutter--CCcBC05U7qYlngNlfIytM-j4yLSl4TVHGI6vJ_6vmvg-00533.jpg": {"object_bounding_box": [400, 428, 182, 165], "object_presence": 1}, "P295--airpods--clutter--CCcBC05U7qYlngNlfIytM-j4yLSl4TVHGI6vJ_6vmvg-00534.jpg": {"object_bounding_box": [403, 428, 182, 158], "object_presence": 1}, "P295--airpods--clutter--CCcBC05U7qYlngNlfIytM-j4yLSl4TVHGI6vJ_6vmvg-00535.jpg": {"object_bounding_box": [405, 425, 182, 161], "object_presence": 1}, "P295--airpods--clutter--CCcBC05U7qYlngNlfIytM-j4yLSl4TVHGI6vJ_6vmvg-00536.jpg": {"object_bounding_box": [405, 425, 182, 161], "object_presence": 1}, "P295--airpods--clutter--CCcBC05U7qYlngNlfIytM-j4yLSl4TVHGI6vJ_6vmvg-00537.jpg": {"object_bounding_box": [403, 426, 178, 166], "object_presence": 1}, "P295--airpods--clutter--CCcBC05U7qYlngNlfIytM-j4yLSl4TVHGI6vJ_6vmvg-00538.jpg": {"object_bounding_box": [406, 425, 178, 163], "object_presence": 1}, "P295--airpods--clutter--CCcBC05U7qYlngNlfIytM-j4yLSl4TVHGI6vJ_6vmvg-00539.jpg": {"object_bounding_box": [408, 425, 178, 163], "object_presence": 1}, "P295--airpods--clutter--CCcBC05U7qYlngNlfIytM-j4yLSl4TVHGI6vJ_6vmvg-00540.jpg": {"object_bounding_box": [411, 427, 178, 163], "object_presence": 1}, "P295--airpods--clutter--CCcBC05U7qYlngNlfIytM-j4yLSl4TVHGI6vJ_6vmvg-00541.jpg": {"object_bounding_box": [411, 425, 179, 156], "object_presence": 1}, "P295--airpods--clutter--CCcBC05U7qYlngNlfIytM-j4yLSl4TVHGI6vJ_6vmvg-00542.jpg": {"object_bounding_box": [412, 428, 180, 160], "object_presence": 1}, "P295--airpods--clutter--CCcBC05U7qYlngNlfIytM-j4yLSl4TVHGI6vJ_6vmvg-00543.jpg": {"object_bounding_box": [411, 428, 179, 161], "object_presence": 1}, "P295--airpods--clutter--CCcBC05U7qYlngNlfIytM-j4yLSl4TVHGI6vJ_6vmvg-00544.jpg": {"object_bounding_box": [411, 425, 184, 164], "object_presence": 1}, "P295--airpods--clutter--CCcBC05U7qYlngNlfIytM-j4yLSl4TVHGI6vJ_6vmvg-00545.jpg": {"object_bounding_box": [414, 427, 184, 164], "object_presence": 1}, "P295--airpods--clutter--CCcBC05U7qYlngNlfIytM-j4yLSl4TVHGI6vJ_6vmvg-00546.jpg": {"object_bounding_box": [420, 430, 184, 164], "object_presence": 1}, "P295--airpods--clutter--CCcBC05U7qYlngNlfIytM-j4yLSl4TVHGI6vJ_6vmvg-00547.jpg": {"object_bounding_box": [424, 431, 184, 164], "object_presence": 1}, "P295--airpods--clutter--CCcBC05U7qYlngNlfIytM-j4yLSl4TVHGI6vJ_6vmvg-00548.jpg": {"object_bounding_box": [423, 432, 187, 164], "object_presence": 1}, "P295--airpods--clutter--CCcBC05U7qYlngNlfIytM-j4yLSl4TVHGI6vJ_6vmvg-00549.jpg": {"object_bounding_box": [423, 432, 187, 164], "object_presence": 1}, "P295--airpods--clutter--CCcBC05U7qYlngNlfIytM-j4yLSl4TVHGI6vJ_6vmvg-00550.jpg": {"object_bounding_box": [423, 432, 187, 164], "object_presence": 1}, "P295--airpods--clutter--CCcBC05U7qYlngNlfIytM-j4yLSl4TVHGI6vJ_6vmvg-00551.jpg": {"object_bounding_box": [424, 434, 188, 163], "object_presence": 1}, "P295--airpods--clutter--CCcBC05U7qYlngNlfIytM-j4yLSl4TVHGI6vJ_6vmvg-00552.jpg": {"object_bounding_box": [425, 437, 188, 164], "object_presence": 1}, "P295--airpods--clutter--CCcBC05U7qYlngNlfIytM-j4yLSl4TVHGI6vJ_6vmvg-00553.jpg": {"object_bounding_box": [423, 441, 190, 154], "object_presence": 1}, "P295--airpods--clutter--CCcBC05U7qYlngNlfIytM-j4yLSl4TVHGI6vJ_6vmvg-00554.jpg": {"object_bounding_box": [426, 440, 190, 155], "object_presence": 1}, "P295--airpods--clutter--CCcBC05U7qYlngNlfIytM-j4yLSl4TVHGI6vJ_6vmvg-00555.jpg": {"object_bounding_box": [429, 445, 191, 155], "object_presence": 1}, "P295--airpods--clutter--CCcBC05U7qYlngNlfIytM-j4yLSl4TVHGI6vJ_6vmvg-00556.jpg": {"object_bounding_box": [437, 450, 186, 155], "object_presence": 1}, "P295--airpods--clutter--CCcBC05U7qYlngNlfIytM-j4yLSl4TVHGI6vJ_6vmvg-00557.jpg": {"object_bounding_box": [437, 452, 185, 157], "object_presence": 1}, "P295--airpods--clutter--CCcBC05U7qYlngNlfIytM-j4yLSl4TVHGI6vJ_6vmvg-00558.jpg": {"object_bounding_box": [441, 461, 187, 163], "object_presence": 1}, "P295--airpods--clutter--CCcBC05U7qYlngNlfIytM-j4yLSl4TVHGI6vJ_6vmvg-00559.jpg": {"object_bounding_box": [446, 466, 187, 160], "object_presence": 1}, "P295--airpods--clutter--CCcBC05U7qYlngNlfIytM-j4yLSl4TVHGI6vJ_6vmvg-00560.jpg": {"object_bounding_box": [451, 465, 185, 160], "object_presence": 1}, "P295--airpods--clutter--CCcBC05U7qYlngNlfIytM-j4yLSl4TVHGI6vJ_6vmvg-00561.jpg": {"object_bounding_box": [451, 467, 187, 161], "object_presence": 1}, "P295--airpods--clutter--CCcBC05U7qYlngNlfIytM-j4yLSl4TVHGI6vJ_6vmvg-00562.jpg": {"object_bounding_box": [451, 467, 187, 161], "object_presence": 1}, "P295--airpods--clutter--CCcBC05U7qYlngNlfIytM-j4yLSl4TVHGI6vJ_6vmvg-00563.jpg": {"object_bounding_box": [456, 464, 181, 157], "object_presence": 1}, "P295--airpods--clutter--CCcBC05U7qYlngNlfIytM-j4yLSl4TVHGI6vJ_6vmvg-00564.jpg": {"object_bounding_box": [453, 461, 185, 158], "object_presence": 1}, "P295--airpods--clutter--CCcBC05U7qYlngNlfIytM-j4yLSl4TVHGI6vJ_6vmvg-00565.jpg": {"object_bounding_box": [453, 461, 184, 159], "object_presence": 1}, "P295--airpods--clutter--CCcBC05U7qYlngNlfIytM-j4yLSl4TVHGI6vJ_6vmvg-00566.jpg": {"object_bounding_box": [450, 461, 188, 154], "object_presence": 1}, "P295--airpods--clutter--CCcBC05U7qYlngNlfIytM-j4yLSl4TVHGI6vJ_6vmvg-00567.jpg": {"object_bounding_box": [456, 457, 182, 150], "object_presence": 1}, "P295--airpods--clutter--CCcBC05U7qYlngNlfIytM-j4yLSl4TVHGI6vJ_6vmvg-00568.jpg": {"object_bounding_box": [453, 455, 185, 152], "object_presence": 1}, "P295--airpods--clutter--CCcBC05U7qYlngNlfIytM-j4yLSl4TVHGI6vJ_6vmvg-00569.jpg": {"object_bounding_box": [452, 450, 184, 161], "object_presence": 1}, "P295--airpods--clutter--CCcBC05U7qYlngNlfIytM-j4yLSl4TVHGI6vJ_6vmvg-00570.jpg": {"object_bounding_box": [447, 450, 184, 158], "object_presence": 1}, "P295--airpods--clutter--CCcBC05U7qYlngNlfIytM-j4yLSl4TVHGI6vJ_6vmvg-00571.jpg": {"object_bounding_box": [452, 454, 184, 158], "object_presence": 1}, "P295--airpods--clutter--CCcBC05U7qYlngNlfIytM-j4yLSl4TVHGI6vJ_6vmvg-00572.jpg": {"object_bounding_box": [446, 451, 184, 162], "object_presence": 1}, "P295--airpods--clutter--CCcBC05U7qYlngNlfIytM-j4yLSl4TVHGI6vJ_6vmvg-00573.jpg": {"object_bounding_box": [448, 448, 187, 157], "object_presence": 1}, "P295--airpods--clutter--CCcBC05U7qYlngNlfIytM-j4yLSl4TVHGI6vJ_6vmvg-00574.jpg": {"object_bounding_box": [447, 449, 188, 160], "object_presence": 1}, "P295--airpods--clutter--CCcBC05U7qYlngNlfIytM-j4yLSl4TVHGI6vJ_6vmvg-00575.jpg": {"object_bounding_box": [452, 447, 188, 160], "object_presence": 1}, "P295--airpods--clutter--CCcBC05U7qYlngNlfIytM-j4yLSl4TVHGI6vJ_6vmvg-00576.jpg": {"object_bounding_box": [452, 449, 188, 160], "object_presence": 1}, "P295--airpods--clutter--CCcBC05U7qYlngNlfIytM-j4yLSl4TVHGI6vJ_6vmvg-00577.jpg": {"object_bounding_box": [455, 448, 188, 160], "object_presence": 1}, "P295--airpods--clutter--CCcBC05U7qYlngNlfIytM-j4yLSl4TVHGI6vJ_6vmvg-00578.jpg": {"object_bounding_box": [450, 449, 188, 160], "object_presence": 1}, "P295--airpods--clutter--CCcBC05U7qYlngNlfIytM-j4yLSl4TVHGI6vJ_6vmvg-00579.jpg": {"object_bounding_box": [450, 449, 188, 160], "object_presence": 1}, "P295--airpods--clutter--CCcBC05U7qYlngNlfIytM-j4yLSl4TVHGI6vJ_6vmvg-00580.jpg": {"object_bounding_box": [453, 456, 184, 154], "object_presence": 1}, "P295--airpods--clutter--CCcBC05U7qYlngNlfIytM-j4yLSl4TVHGI6vJ_6vmvg-00581.jpg": {"object_bounding_box": [456, 452, 185, 157], "object_presence": 1}, "P295--airpods--clutter--CCcBC05U7qYlngNlfIytM-j4yLSl4TVHGI6vJ_6vmvg-00582.jpg": {"object_bounding_box": [456, 452, 182, 160], "object_presence": 1}, "P295--airpods--clutter--CCcBC05U7qYlngNlfIytM-j4yLSl4TVHGI6vJ_6vmvg-00583.jpg": {"object_bounding_box": [453, 453, 179, 156], "object_presence": 1}, "P295--airpods--clutter--CCcBC05U7qYlngNlfIytM-j4yLSl4TVHGI6vJ_6vmvg-00584.jpg": {"object_bounding_box": [447, 455, 187, 159], "object_presence": 1}, "P295--airpods--clutter--CCcBC05U7qYlngNlfIytM-j4yLSl4TVHGI6vJ_6vmvg-00585.jpg": {"object_bounding_box": [445, 453, 187, 154], "object_presence": 1}, "P295--airpods--clutter--CCcBC05U7qYlngNlfIytM-j4yLSl4TVHGI6vJ_6vmvg-00586.jpg": {"object_bounding_box": [445, 453, 187, 154], "object_presence": 1}, "P295--airpods--clutter--CCcBC05U7qYlngNlfIytM-j4yLSl4TVHGI6vJ_6vmvg-00587.jpg": {"object_bounding_box": [441, 453, 187, 156], "object_presence": 1}, "P295--airpods--clutter--CCcBC05U7qYlngNlfIytM-j4yLSl4TVHGI6vJ_6vmvg-00588.jpg": {"object_bounding_box": [442, 452, 187, 156], "object_presence": 1}, "P295--airpods--clutter--CCcBC05U7qYlngNlfIytM-j4yLSl4TVHGI6vJ_6vmvg-00589.jpg": {"object_bounding_box": [442, 452, 187, 156], "object_presence": 1}, "P295--airpods--clutter--CCcBC05U7qYlngNlfIytM-j4yLSl4TVHGI6vJ_6vmvg-00590.jpg": {"object_bounding_box": [442, 452, 187, 156], "object_presence": 1}, "P295--airpods--clutter--CCcBC05U7qYlngNlfIytM-j4yLSl4TVHGI6vJ_6vmvg-00591.jpg": {"object_bounding_box": [441, 453, 187, 155], "object_presence": 1}, "P295--airpods--clutter--CCcBC05U7qYlngNlfIytM-j4yLSl4TVHGI6vJ_6vmvg-00592.jpg": {"object_bounding_box": [444, 454, 184, 157], "object_presence": 1}, "P295--airpods--clutter--CCcBC05U7qYlngNlfIytM-j4yLSl4TVHGI6vJ_6vmvg-00593.jpg": {"object_bounding_box": [438, 457, 184, 157], "object_presence": 1}, "P295--airpods--clutter--CCcBC05U7qYlngNlfIytM-j4yLSl4TVHGI6vJ_6vmvg-00594.jpg": {"object_bounding_box": [434, 458, 187, 159], "object_presence": 1}, "P295--airpods--clutter--CCcBC05U7qYlngNlfIytM-j4yLSl4TVHGI6vJ_6vmvg-00595.jpg": {"object_bounding_box": [434, 463, 188, 157], "object_presence": 1}, "P295--airpods--clutter--CCcBC05U7qYlngNlfIytM-j4yLSl4TVHGI6vJ_6vmvg-00596.jpg": {"object_bounding_box": [436, 463, 184, 158], "object_presence": 1}, "P295--airpods--clutter--CCcBC05U7qYlngNlfIytM-j4yLSl4TVHGI6vJ_6vmvg-00597.jpg": {"object_bounding_box": [444, 464, 185, 157], "object_presence": 1}, "P295--airpods--clutter--CCcBC05U7qYlngNlfIytM-j4yLSl4TVHGI6vJ_6vmvg-00598.jpg": {"object_bounding_box": [440, 466, 185, 158], "object_presence": 1}}