{"P295--headphones--clutter--rliU-phUj_1RFCbZecgq_iYloX7FG2ATpYe_1Lm-bO4-00001.jpg": {"object_bounding_box": [541, 383, 1078, 756], "object_presence": 1}, "P295--headphones--clutter--rliU-phUj_1RFCbZecgq_iYloX7FG2ATpYe_1Lm-bO4-00002.jpg": {"object_bounding_box": [541, 384, 1078, 758], "object_presence": 1}, "P295--headphones--clutter--rliU-phUj_1RFCbZecgq_iYloX7FG2ATpYe_1Lm-bO4-00003.jpg": {"object_bounding_box": [541, 384, 1078, 758], "object_presence": 1}, "P295--headphones--clutter--rliU-phUj_1RFCbZecgq_iYloX7FG2ATpYe_1Lm-bO4-00004.jpg": {"object_bounding_box": [541, 384, 1078, 758], "object_presence": 1}, "P295--headphones--clutter--rliU-phUj_1RFCbZecgq_iYloX7FG2ATpYe_1Lm-bO4-00005.jpg": {"object_bounding_box": [541, 386, 1078, 762], "object_presence": 1}, "P295--headphones--clutter--rliU-phUj_1RFCbZecgq_iYloX7FG2ATpYe_1Lm-bO4-00006.jpg": {"object_bounding_box": [541, 384, 1078, 759], "object_presence": 1}, "P295--headphones--clutter--rliU-phUj_1RFCbZecgq_iYloX7FG2ATpYe_1Lm-bO4-00007.jpg": {"object_bounding_box": [541, 377, 1078, 745], "object_presence": 1}, "P295--headphones--clutter--rliU-phUj_1RFCbZecgq_iYloX7FG2ATpYe_1Lm-bO4-00008.jpg": {"object_bounding_box": [541, 375, 1078, 741], "object_presence": 1}, "P295--headphones--clutter--rliU-phUj_1RFCbZecgq_iYloX7FG2ATpYe_1Lm-bO4-00009.jpg": {"object_bounding_box": [541, 370, 1078, 730], "object_presence": 1}, "P295--headphones--clutter--rliU-phUj_1RFCbZecgq_iYloX7FG2ATpYe_1Lm-bO4-00010.jpg": {"object_bounding_box": [541, 366, 1078, 723], "object_presence": 1}, "P295--headphones--clutter--rliU-phUj_1RFCbZecgq_iYloX7FG2ATpYe_1Lm-bO4-00011.jpg": {"object_bounding_box": [541, 367, 1078, 725], "object_presence": 1}, "P295--headphones--clutter--rliU-phUj_1RFCbZecgq_iYloX7FG2ATpYe_1Lm-bO4-00012.jpg": {"object_bounding_box": [541, 362, 1078, 714], "object_presence": 1}, "P295--headphones--clutter--rliU-phUj_1RFCbZecgq_iYloX7FG2ATpYe_1Lm-bO4-00013.jpg": {"object_bounding_box": [541, 357, 1078, 714], "object_presence": 1}, "P295--headphones--clutter--rliU-phUj_1RFCbZecgq_iYloX7FG2ATpYe_1Lm-bO4-00014.jpg": {"object_bounding_box": [540, 357, 1080, 699], "object_presence": 1}, "P295--headphones--clutter--rliU-phUj_1RFCbZecgq_iYloX7FG2ATpYe_1Lm-bO4-00015.jpg": {"object_bounding_box": [540, 351, 1080, 697], "object_presence": 1}, "P295--headphones--clutter--rliU-phUj_1RFCbZecgq_iYloX7FG2ATpYe_1Lm-bO4-00016.jpg": {"object_bounding_box": [540, 348, 1080, 691], "object_presence": 1}, "P295--headphones--clutter--rliU-phUj_1RFCbZecgq_iYloX7FG2ATpYe_1Lm-bO4-00017.jpg": {"object_bounding_box": [540, 339, 1080, 674], "object_presence": 1}, "P295--headphones--clutter--rliU-phUj_1RFCbZecgq_iYloX7FG2ATpYe_1Lm-bO4-00018.jpg": {"object_bounding_box": [540, 333, 1080, 667], "object_presence": 1}, "P295--headphones--clutter--rliU-phUj_1RFCbZecgq_iYloX7FG2ATpYe_1Lm-bO4-00019.jpg": {"object_bounding_box": [540, 327, 1080, 653], "object_presence": 1}, "P295--headphones--clutter--rliU-phUj_1RFCbZecgq_iYloX7FG2ATpYe_1Lm-bO4-00020.jpg": {"object_bounding_box": [540, 322, 1080, 644], "object_presence": 1}, "P295--headphones--clutter--rliU-phUj_1RFCbZecgq_iYloX7FG2ATpYe_1Lm-bO4-00021.jpg": {"object_bounding_box": [540, 318, 1080, 636], "object_presence": 1}, "P295--headphones--clutter--rliU-phUj_1RFCbZecgq_iYloX7FG2ATpYe_1Lm-bO4-00022.jpg": {"object_bounding_box": [540, 314, 1080, 628], "object_presence": 1}, "P295--headphones--clutter--rliU-phUj_1RFCbZecgq_iYloX7FG2ATpYe_1Lm-bO4-00023.jpg": {"object_bounding_box": [540, 312, 1080, 624], "object_presence": 1}, "P295--headphones--clutter--rliU-phUj_1RFCbZecgq_iYloX7FG2ATpYe_1Lm-bO4-00024.jpg": {"object_bounding_box": [540, 306, 1080, 612], "object_presence": 1}, "P295--headphones--clutter--rliU-phUj_1RFCbZecgq_iYloX7FG2ATpYe_1Lm-bO4-00025.jpg": {"object_bounding_box": [540, 302, 1080, 605], "object_presence": 1}, "P295--headphones--clutter--rliU-phUj_1RFCbZecgq_iYloX7FG2ATpYe_1Lm-bO4-00026.jpg": {"object_bounding_box": [540, 297, 1080, 595], "object_presence": 1}, "P295--headphones--clutter--rliU-phUj_1RFCbZecgq_iYloX7FG2ATpYe_1Lm-bO4-00027.jpg": {"object_bounding_box": [540, 292, 1080, 583], "object_presence": 1}, "P295--headphones--clutter--rliU-phUj_1RFCbZecgq_iYloX7FG2ATpYe_1Lm-bO4-00028.jpg": {"object_bounding_box": [540, 287, 1080, 574], "object_presence": 1}, "P295--headphones--clutter--rliU-phUj_1RFCbZecgq_iYloX7FG2ATpYe_1Lm-bO4-00029.jpg": {"object_bounding_box": [540, 287, 1080, 574], "object_presence": 1}, "P295--headphones--clutter--rliU-phUj_1RFCbZecgq_iYloX7FG2ATpYe_1Lm-bO4-00030.jpg": {"object_bounding_box": [540, 287, 1080, 574], "object_presence": 1}, "P295--headphones--clutter--rliU-phUj_1RFCbZecgq_iYloX7FG2ATpYe_1Lm-bO4-00031.jpg": {"object_bounding_box": [540, 287, 1080, 574], "object_presence": 1}, "P295--headphones--clutter--rliU-phUj_1RFCbZecgq_iYloX7FG2ATpYe_1Lm-bO4-00032.jpg": {"object_bounding_box": [540, 287, 1080, 574], "object_presence": 1}, "P295--headphones--clutter--rliU-phUj_1RFCbZecgq_iYloX7FG2ATpYe_1Lm-bO4-00033.jpg": {"object_bounding_box": [540, 285, 1080, 570], "object_presence": 1}, "P295--headphones--clutter--rliU-phUj_1RFCbZecgq_iYloX7FG2ATpYe_1Lm-bO4-00034.jpg": {"object_bounding_box": [540, 285, 1080, 570], "object_presence": 1}, "P295--headphones--clutter--rliU-phUj_1RFCbZecgq_iYloX7FG2ATpYe_1Lm-bO4-00035.jpg": {"object_bounding_box": [540, 283, 1080, 566], "object_presence": 1}, "P295--headphones--clutter--rliU-phUj_1RFCbZecgq_iYloX7FG2ATpYe_1Lm-bO4-00036.jpg": {"object_bounding_box": [540, 282, 1080, 564], "object_presence": 1}, "P295--headphones--clutter--rliU-phUj_1RFCbZecgq_iYloX7FG2ATpYe_1Lm-bO4-00037.jpg": {"object_bounding_box": [540, 282, 1080, 564], "object_presence": 1}, "P295--headphones--clutter--rliU-phUj_1RFCbZecgq_iYloX7FG2ATpYe_1Lm-bO4-00038.jpg": {"object_bounding_box": [540, 281, 1080, 561], "object_presence": 1}, "P295--headphones--clutter--rliU-phUj_1RFCbZecgq_iYloX7FG2ATpYe_1Lm-bO4-00039.jpg": {"object_bounding_box": [540, 283, 1080, 567], "object_presence": 1}, "P295--headphones--clutter--rliU-phUj_1RFCbZecgq_iYloX7FG2ATpYe_1Lm-bO4-00040.jpg": {"object_bounding_box": [540, 282, 1080, 564], "object_presence": 1}, "P295--headphones--clutter--rliU-phUj_1RFCbZecgq_iYloX7FG2ATpYe_1Lm-bO4-00041.jpg": {"object_bounding_box": [540, 280, 1080, 560], "object_presence": 1}, "P295--headphones--clutter--rliU-phUj_1RFCbZecgq_iYloX7FG2ATpYe_1Lm-bO4-00042.jpg": {"object_bounding_box": [533, 283, 1067, 567], "object_presence": 1}, "P295--headphones--clutter--rliU-phUj_1RFCbZecgq_iYloX7FG2ATpYe_1Lm-bO4-00043.jpg": {"object_bounding_box": [533, 283, 1067, 567], "object_presence": 1}, "P295--headphones--clutter--rliU-phUj_1RFCbZecgq_iYloX7FG2ATpYe_1Lm-bO4-00044.jpg": {"object_bounding_box": [533, 283, 1067, 567], "object_presence": 1}, "P295--headphones--clutter--rliU-phUj_1RFCbZecgq_iYloX7FG2ATpYe_1Lm-bO4-00045.jpg": {"object_bounding_box": [533, 276, 1067, 552], "object_presence": 1}, "P295--headphones--clutter--rliU-phUj_1RFCbZecgq_iYloX7FG2ATpYe_1Lm-bO4-00046.jpg": {"object_bounding_box": [533, 276, 1067, 552], "object_presence": 1}, "P295--headphones--clutter--rliU-phUj_1RFCbZecgq_iYloX7FG2ATpYe_1Lm-bO4-00047.jpg": {"object_bounding_box": [533, 272, 1067, 544], "object_presence": 1}, "P295--headphones--clutter--rliU-phUj_1RFCbZecgq_iYloX7FG2ATpYe_1Lm-bO4-00048.jpg": {"object_bounding_box": [536, 268, 1072, 535], "object_presence": 1}, "P295--headphones--clutter--rliU-phUj_1RFCbZecgq_iYloX7FG2ATpYe_1Lm-bO4-00049.jpg": {"object_bounding_box": [536, 262, 1072, 523], "object_presence": 1}, "P295--headphones--clutter--rliU-phUj_1RFCbZecgq_iYloX7FG2ATpYe_1Lm-bO4-00050.jpg": {"object_bounding_box": [536, 257, 1072, 514], "object_presence": 1}, "P295--headphones--clutter--rliU-phUj_1RFCbZecgq_iYloX7FG2ATpYe_1Lm-bO4-00051.jpg": {"object_bounding_box": [536, 257, 1072, 514], "object_presence": 1}, "P295--headphones--clutter--rliU-phUj_1RFCbZecgq_iYloX7FG2ATpYe_1Lm-bO4-00052.jpg": {"object_bounding_box": [540, 251, 1080, 502], "object_presence": 1}, "P295--headphones--clutter--rliU-phUj_1RFCbZecgq_iYloX7FG2ATpYe_1Lm-bO4-00053.jpg": {"object_bounding_box": [538, 250, 1076, 499], "object_presence": 1}, "P295--headphones--clutter--rliU-phUj_1RFCbZecgq_iYloX7FG2ATpYe_1Lm-bO4-00054.jpg": {"object_bounding_box": [538, 243, 1076, 486], "object_presence": 1}, "P295--headphones--clutter--rliU-phUj_1RFCbZecgq_iYloX7FG2ATpYe_1Lm-bO4-00055.jpg": {"object_bounding_box": [528, 239, 1057, 478], "object_presence": 1}, "P295--headphones--clutter--rliU-phUj_1RFCbZecgq_iYloX7FG2ATpYe_1Lm-bO4-00056.jpg": {"object_bounding_box": [511, 239, 1023, 478], "object_presence": 1}, "P295--headphones--clutter--rliU-phUj_1RFCbZecgq_iYloX7FG2ATpYe_1Lm-bO4-00057.jpg": {"object_bounding_box": [498, 239, 997, 478], "object_presence": 1}, "P295--headphones--clutter--rliU-phUj_1RFCbZecgq_iYloX7FG2ATpYe_1Lm-bO4-00058.jpg": {"object_bounding_box": [485, 239, 969, 478], "object_presence": 1}, "P295--headphones--clutter--rliU-phUj_1RFCbZecgq_iYloX7FG2ATpYe_1Lm-bO4-00059.jpg": {"object_bounding_box": [480, 242, 959, 471], "object_presence": 1}, "P295--headphones--clutter--rliU-phUj_1RFCbZecgq_iYloX7FG2ATpYe_1Lm-bO4-00060.jpg": {"object_bounding_box": [470, 241, 940, 483], "object_presence": 1}, "P295--headphones--clutter--rliU-phUj_1RFCbZecgq_iYloX7FG2ATpYe_1Lm-bO4-00061.jpg": {"object_bounding_box": [458, 244, 915, 488], "object_presence": 1}, "P295--headphones--clutter--rliU-phUj_1RFCbZecgq_iYloX7FG2ATpYe_1Lm-bO4-00062.jpg": {"object_bounding_box": [444, 247, 888, 494], "object_presence": 1}, "P295--headphones--clutter--rliU-phUj_1RFCbZecgq_iYloX7FG2ATpYe_1Lm-bO4-00063.jpg": {"object_bounding_box": [431, 251, 862, 496], "object_presence": 1}, "P295--headphones--clutter--rliU-phUj_1RFCbZecgq_iYloX7FG2ATpYe_1Lm-bO4-00064.jpg": {"object_bounding_box": [415, 250, 831, 501], "object_presence": 1}, "P295--headphones--clutter--rliU-phUj_1RFCbZecgq_iYloX7FG2ATpYe_1Lm-bO4-00065.jpg": {"object_bounding_box": [411, 252, 821, 504], "object_presence": 1}, "P295--headphones--clutter--rliU-phUj_1RFCbZecgq_iYloX7FG2ATpYe_1Lm-bO4-00066.jpg": {"object_bounding_box": [403, 256, 806, 512], "object_presence": 1}, "P295--headphones--clutter--rliU-phUj_1RFCbZecgq_iYloX7FG2ATpYe_1Lm-bO4-00067.jpg": {"object_bounding_box": [400, 258, 800, 515], "object_presence": 1}, "P295--headphones--clutter--rliU-phUj_1RFCbZecgq_iYloX7FG2ATpYe_1Lm-bO4-00068.jpg": {"object_bounding_box": [398, 261, 795, 522], "object_presence": 1}, "P295--headphones--clutter--rliU-phUj_1RFCbZecgq_iYloX7FG2ATpYe_1Lm-bO4-00069.jpg": {"object_bounding_box": [392, 265, 784, 530], "object_presence": 1}, "P295--headphones--clutter--rliU-phUj_1RFCbZecgq_iYloX7FG2ATpYe_1Lm-bO4-00070.jpg": {"object_bounding_box": [389, 266, 777, 532], "object_presence": 1}, "P295--headphones--clutter--rliU-phUj_1RFCbZecgq_iYloX7FG2ATpYe_1Lm-bO4-00071.jpg": {"object_bounding_box": [377, 266, 754, 532], "object_presence": 1}, "P295--headphones--clutter--rliU-phUj_1RFCbZecgq_iYloX7FG2ATpYe_1Lm-bO4-00072.jpg": {"object_bounding_box": [368, 264, 736, 527], "object_presence": 1}, "P295--headphones--clutter--rliU-phUj_1RFCbZecgq_iYloX7FG2ATpYe_1Lm-bO4-00073.jpg": {"object_bounding_box": [368, 264, 736, 527], "object_presence": 1}, "P295--headphones--clutter--rliU-phUj_1RFCbZecgq_iYloX7FG2ATpYe_1Lm-bO4-00074.jpg": {"object_bounding_box": [366, 262, 732, 524], "object_presence": 1}, "P295--headphones--clutter--rliU-phUj_1RFCbZecgq_iYloX7FG2ATpYe_1Lm-bO4-00075.jpg": {"object_bounding_box": [365, 259, 730, 517], "object_presence": 1}, "P295--headphones--clutter--rliU-phUj_1RFCbZecgq_iYloX7FG2ATpYe_1Lm-bO4-00076.jpg": {"object_bounding_box": [361, 258, 722, 515], "object_presence": 1}, "P295--headphones--clutter--rliU-phUj_1RFCbZecgq_iYloX7FG2ATpYe_1Lm-bO4-00077.jpg": {"object_bounding_box": [361, 258, 722, 515], "object_presence": 1}, "P295--headphones--clutter--rliU-phUj_1RFCbZecgq_iYloX7FG2ATpYe_1Lm-bO4-00078.jpg": {"object_bounding_box": [361, 255, 722, 510], "object_presence": 1}, "P295--headphones--clutter--rliU-phUj_1RFCbZecgq_iYloX7FG2ATpYe_1Lm-bO4-00079.jpg": {"object_bounding_box": [360, 255, 719, 510], "object_presence": 1}, "P295--headphones--clutter--rliU-phUj_1RFCbZecgq_iYloX7FG2ATpYe_1Lm-bO4-00080.jpg": {"object_bounding_box": [361, 255, 722, 511], "object_presence": 1}, "P295--headphones--clutter--rliU-phUj_1RFCbZecgq_iYloX7FG2ATpYe_1Lm-bO4-00081.jpg": {"object_bounding_box": [361, 255, 722, 511], "object_presence": 1}, "P295--headphones--clutter--rliU-phUj_1RFCbZecgq_iYloX7FG2ATpYe_1Lm-bO4-00082.jpg": {"object_bounding_box": [361, 255, 722, 511], "object_presence": 1}, "P295--headphones--clutter--rliU-phUj_1RFCbZecgq_iYloX7FG2ATpYe_1Lm-bO4-00083.jpg": {"object_bounding_box": [359, 251, 718, 502], "object_presence": 1}, "P295--headphones--clutter--rliU-phUj_1RFCbZecgq_iYloX7FG2ATpYe_1Lm-bO4-00084.jpg": {"object_bounding_box": [360, 250, 719, 500], "object_presence": 1}, "P295--headphones--clutter--rliU-phUj_1RFCbZecgq_iYloX7FG2ATpYe_1Lm-bO4-00085.jpg": {"object_bounding_box": [360, 250, 719, 500], "object_presence": 1}, "P295--headphones--clutter--rliU-phUj_1RFCbZecgq_iYloX7FG2ATpYe_1Lm-bO4-00086.jpg": {"object_bounding_box": [360, 245, 719, 491], "object_presence": 1}, "P295--headphones--clutter--rliU-phUj_1RFCbZecgq_iYloX7FG2ATpYe_1Lm-bO4-00087.jpg": {"object_bounding_box": [350, 243, 700, 486], "object_presence": 1}, "P295--headphones--clutter--rliU-phUj_1RFCbZecgq_iYloX7FG2ATpYe_1Lm-bO4-00088.jpg": {"object_bounding_box": [350, 243, 700, 486], "object_presence": 1}, "P295--headphones--clutter--rliU-phUj_1RFCbZecgq_iYloX7FG2ATpYe_1Lm-bO4-00089.jpg": {"object_bounding_box": [350, 238, 700, 477], "object_presence": 1}, "P295--headphones--clutter--rliU-phUj_1RFCbZecgq_iYloX7FG2ATpYe_1Lm-bO4-00090.jpg": {"object_bounding_box": [350, 238, 700, 477], "object_presence": 1}, "P295--headphones--clutter--rliU-phUj_1RFCbZecgq_iYloX7FG2ATpYe_1Lm-bO4-00091.jpg": {"object_bounding_box": [350, 237, 700, 473], "object_presence": 1}, "P295--headphones--clutter--rliU-phUj_1RFCbZecgq_iYloX7FG2ATpYe_1Lm-bO4-00092.jpg": {"object_bounding_box": [350, 237, 700, 473], "object_presence": 1}, "P295--headphones--clutter--rliU-phUj_1RFCbZecgq_iYloX7FG2ATpYe_1Lm-bO4-00093.jpg": {"object_bounding_box": [350, 237, 700, 473], "object_presence": 1}, "P295--headphones--clutter--rliU-phUj_1RFCbZecgq_iYloX7FG2ATpYe_1Lm-bO4-00094.jpg": {"object_bounding_box": [352, 238, 695, 476], "object_presence": 1}, "P295--headphones--clutter--rliU-phUj_1RFCbZecgq_iYloX7FG2ATpYe_1Lm-bO4-00095.jpg": {"object_bounding_box": [352, 240, 695, 480], "object_presence": 1}, "P295--headphones--clutter--rliU-phUj_1RFCbZecgq_iYloX7FG2ATpYe_1Lm-bO4-00096.jpg": {"object_bounding_box": [352, 240, 695, 480], "object_presence": 1}, "P295--headphones--clutter--rliU-phUj_1RFCbZecgq_iYloX7FG2ATpYe_1Lm-bO4-00097.jpg": {"object_bounding_box": [350, 240, 700, 480], "object_presence": 1}, "P295--headphones--clutter--rliU-phUj_1RFCbZecgq_iYloX7FG2ATpYe_1Lm-bO4-00098.jpg": {"object_bounding_box": [350, 240, 700, 480], "object_presence": 1}, "P295--headphones--clutter--rliU-phUj_1RFCbZecgq_iYloX7FG2ATpYe_1Lm-bO4-00099.jpg": {"object_bounding_box": [358, 244, 696, 484], "object_presence": 1}, "P295--headphones--clutter--rliU-phUj_1RFCbZecgq_iYloX7FG2ATpYe_1Lm-bO4-00100.jpg": {"object_bounding_box": [363, 246, 684, 489], "object_presence": 1}, "P295--headphones--clutter--rliU-phUj_1RFCbZecgq_iYloX7FG2ATpYe_1Lm-bO4-00101.jpg": {"object_bounding_box": [366, 246, 680, 493], "object_presence": 1}, "P295--headphones--clutter--rliU-phUj_1RFCbZecgq_iYloX7FG2ATpYe_1Lm-bO4-00102.jpg": {"object_bounding_box": [372, 247, 668, 495], "object_presence": 1}, "P295--headphones--clutter--rliU-phUj_1RFCbZecgq_iYloX7FG2ATpYe_1Lm-bO4-00103.jpg": {"object_bounding_box": [376, 250, 659, 500], "object_presence": 1}, "P295--headphones--clutter--rliU-phUj_1RFCbZecgq_iYloX7FG2ATpYe_1Lm-bO4-00104.jpg": {"object_bounding_box": [385, 252, 673, 504], "object_presence": 1}, "P295--headphones--clutter--rliU-phUj_1RFCbZecgq_iYloX7FG2ATpYe_1Lm-bO4-00105.jpg": {"object_bounding_box": [387, 252, 669, 504], "object_presence": 1}, "P295--headphones--clutter--rliU-phUj_1RFCbZecgq_iYloX7FG2ATpYe_1Lm-bO4-00106.jpg": {"object_bounding_box": [392, 256, 662, 511], "object_presence": 1}, "P295--headphones--clutter--rliU-phUj_1RFCbZecgq_iYloX7FG2ATpYe_1Lm-bO4-00107.jpg": {"object_bounding_box": [396, 258, 655, 517], "object_presence": 1}, "P295--headphones--clutter--rliU-phUj_1RFCbZecgq_iYloX7FG2ATpYe_1Lm-bO4-00108.jpg": {"object_bounding_box": [398, 260, 650, 519], "object_presence": 1}, "P295--headphones--clutter--rliU-phUj_1RFCbZecgq_iYloX7FG2ATpYe_1Lm-bO4-00109.jpg": {"object_bounding_box": [400, 262, 646, 523], "object_presence": 1}, "P295--headphones--clutter--rliU-phUj_1RFCbZecgq_iYloX7FG2ATpYe_1Lm-bO4-00110.jpg": {"object_bounding_box": [403, 266, 640, 532], "object_presence": 1}, "P295--headphones--clutter--rliU-phUj_1RFCbZecgq_iYloX7FG2ATpYe_1Lm-bO4-00111.jpg": {"object_bounding_box": [405, 266, 636, 533], "object_presence": 1}, "P295--headphones--clutter--rliU-phUj_1RFCbZecgq_iYloX7FG2ATpYe_1Lm-bO4-00112.jpg": {"object_bounding_box": [406, 266, 639, 533], "object_presence": 1}, "P295--headphones--clutter--rliU-phUj_1RFCbZecgq_iYloX7FG2ATpYe_1Lm-bO4-00113.jpg": {"object_bounding_box": [404, 266, 643, 533], "object_presence": 1}, "P295--headphones--clutter--rliU-phUj_1RFCbZecgq_iYloX7FG2ATpYe_1Lm-bO4-00114.jpg": {"object_bounding_box": [391, 264, 643, 529], "object_presence": 1}, "P295--headphones--clutter--rliU-phUj_1RFCbZecgq_iYloX7FG2ATpYe_1Lm-bO4-00115.jpg": {"object_bounding_box": [392, 264, 640, 529], "object_presence": 1}, "P295--headphones--clutter--rliU-phUj_1RFCbZecgq_iYloX7FG2ATpYe_1Lm-bO4-00116.jpg": {"object_bounding_box": [396, 263, 629, 526], "object_presence": 1}, "P295--headphones--clutter--rliU-phUj_1RFCbZecgq_iYloX7FG2ATpYe_1Lm-bO4-00117.jpg": {"object_bounding_box": [398, 263, 625, 526], "object_presence": 1}, "P295--headphones--clutter--rliU-phUj_1RFCbZecgq_iYloX7FG2ATpYe_1Lm-bO4-00118.jpg": {"object_bounding_box": [402, 263, 619, 526], "object_presence": 1}, "P295--headphones--clutter--rliU-phUj_1RFCbZecgq_iYloX7FG2ATpYe_1Lm-bO4-00119.jpg": {"object_bounding_box": [403, 260, 616, 519], "object_presence": 1}, "P295--headphones--clutter--rliU-phUj_1RFCbZecgq_iYloX7FG2ATpYe_1Lm-bO4-00120.jpg": {"object_bounding_box": [414, 258, 621, 515], "object_presence": 1}, "P295--headphones--clutter--rliU-phUj_1RFCbZecgq_iYloX7FG2ATpYe_1Lm-bO4-00121.jpg": {"object_bounding_box": [417, 260, 616, 519], "object_presence": 1}, "P295--headphones--clutter--rliU-phUj_1RFCbZecgq_iYloX7FG2ATpYe_1Lm-bO4-00122.jpg": {"object_bounding_box": [417, 260, 612, 519], "object_presence": 1}, "P295--headphones--clutter--rliU-phUj_1RFCbZecgq_iYloX7FG2ATpYe_1Lm-bO4-00123.jpg": {"object_bounding_box": [417, 260, 612, 521], "object_presence": 1}, "P295--headphones--clutter--rliU-phUj_1RFCbZecgq_iYloX7FG2ATpYe_1Lm-bO4-00124.jpg": {"object_bounding_box": [424, 262, 614, 525], "object_presence": 1}, "P295--headphones--clutter--rliU-phUj_1RFCbZecgq_iYloX7FG2ATpYe_1Lm-bO4-00125.jpg": {"object_bounding_box": [426, 262, 612, 525], "object_presence": 1}, "P295--headphones--clutter--rliU-phUj_1RFCbZecgq_iYloX7FG2ATpYe_1Lm-bO4-00126.jpg": {"object_bounding_box": [423, 264, 606, 527], "object_presence": 1}, "P295--headphones--clutter--rliU-phUj_1RFCbZecgq_iYloX7FG2ATpYe_1Lm-bO4-00127.jpg": {"object_bounding_box": [430, 267, 605, 534], "object_presence": 1}, "P295--headphones--clutter--rliU-phUj_1RFCbZecgq_iYloX7FG2ATpYe_1Lm-bO4-00128.jpg": {"object_bounding_box": [433, 269, 600, 538], "object_presence": 1}, "P295--headphones--clutter--rliU-phUj_1RFCbZecgq_iYloX7FG2ATpYe_1Lm-bO4-00129.jpg": {"object_bounding_box": [434, 269, 597, 538], "object_presence": 1}, "P295--headphones--clutter--rliU-phUj_1RFCbZecgq_iYloX7FG2ATpYe_1Lm-bO4-00130.jpg": {"object_bounding_box": [437, 271, 591, 542], "object_presence": 1}, "P295--headphones--clutter--rliU-phUj_1RFCbZecgq_iYloX7FG2ATpYe_1Lm-bO4-00131.jpg": {"object_bounding_box": [440, 278, 585, 542], "object_presence": 1}, "P295--headphones--clutter--rliU-phUj_1RFCbZecgq_iYloX7FG2ATpYe_1Lm-bO4-00132.jpg": {"object_bounding_box": [440, 281, 586, 541], "object_presence": 1}, "P295--headphones--clutter--rliU-phUj_1RFCbZecgq_iYloX7FG2ATpYe_1Lm-bO4-00133.jpg": {"object_bounding_box": [442, 286, 582, 532], "object_presence": 1}, "P295--headphones--clutter--rliU-phUj_1RFCbZecgq_iYloX7FG2ATpYe_1Lm-bO4-00134.jpg": {"object_bounding_box": [442, 286, 582, 532], "object_presence": 1}, "P295--headphones--clutter--rliU-phUj_1RFCbZecgq_iYloX7FG2ATpYe_1Lm-bO4-00135.jpg": {"object_bounding_box": [448, 278, 570, 526], "object_presence": 1}, "P295--headphones--clutter--rliU-phUj_1RFCbZecgq_iYloX7FG2ATpYe_1Lm-bO4-00136.jpg": {"object_bounding_box": [448, 274, 570, 535], "object_presence": 1}, "P295--headphones--clutter--rliU-phUj_1RFCbZecgq_iYloX7FG2ATpYe_1Lm-bO4-00137.jpg": {"object_bounding_box": [447, 277, 571, 529], "object_presence": 1}, "P295--headphones--clutter--rliU-phUj_1RFCbZecgq_iYloX7FG2ATpYe_1Lm-bO4-00138.jpg": {"object_bounding_box": [447, 280, 571, 524], "object_presence": 1}, "P295--headphones--clutter--rliU-phUj_1RFCbZecgq_iYloX7FG2ATpYe_1Lm-bO4-00139.jpg": {"object_bounding_box": [449, 285, 567, 523], "object_presence": 1}, "P295--headphones--clutter--rliU-phUj_1RFCbZecgq_iYloX7FG2ATpYe_1Lm-bO4-00140.jpg": {"object_bounding_box": [451, 294, 564, 516], "object_presence": 1}, "P295--headphones--clutter--rliU-phUj_1RFCbZecgq_iYloX7FG2ATpYe_1Lm-bO4-00141.jpg": {"object_bounding_box": [452, 302, 562, 511], "object_presence": 1}, "P295--headphones--clutter--rliU-phUj_1RFCbZecgq_iYloX7FG2ATpYe_1Lm-bO4-00142.jpg": {"object_bounding_box": [453, 307, 559, 507], "object_presence": 1}, "P295--headphones--clutter--rliU-phUj_1RFCbZecgq_iYloX7FG2ATpYe_1Lm-bO4-00143.jpg": {"object_bounding_box": [453, 310, 559, 501], "object_presence": 1}, "P295--headphones--clutter--rliU-phUj_1RFCbZecgq_iYloX7FG2ATpYe_1Lm-bO4-00144.jpg": {"object_bounding_box": [446, 317, 548, 498], "object_presence": 1}, "P295--headphones--clutter--rliU-phUj_1RFCbZecgq_iYloX7FG2ATpYe_1Lm-bO4-00145.jpg": {"object_bounding_box": [448, 323, 543, 499], "object_presence": 1}, "P295--headphones--clutter--rliU-phUj_1RFCbZecgq_iYloX7FG2ATpYe_1Lm-bO4-00146.jpg": {"object_bounding_box": [450, 328, 541, 497], "object_presence": 1}, "P295--headphones--clutter--rliU-phUj_1RFCbZecgq_iYloX7FG2ATpYe_1Lm-bO4-00147.jpg": {"object_bounding_box": [449, 328, 542, 497], "object_presence": 1}, "P295--headphones--clutter--rliU-phUj_1RFCbZecgq_iYloX7FG2ATpYe_1Lm-bO4-00148.jpg": {"object_bounding_box": [449, 332, 542, 488], "object_presence": 1}, "P295--headphones--clutter--rliU-phUj_1RFCbZecgq_iYloX7FG2ATpYe_1Lm-bO4-00149.jpg": {"object_bounding_box": [450, 332, 541, 488], "object_presence": 1}, "P295--headphones--clutter--rliU-phUj_1RFCbZecgq_iYloX7FG2ATpYe_1Lm-bO4-00150.jpg": {"object_bounding_box": [450, 338, 541, 484], "object_presence": 1}, "P295--headphones--clutter--rliU-phUj_1RFCbZecgq_iYloX7FG2ATpYe_1Lm-bO4-00151.jpg": {"object_bounding_box": [448, 347, 528, 477], "object_presence": 1}, "P295--headphones--clutter--rliU-phUj_1RFCbZecgq_iYloX7FG2ATpYe_1Lm-bO4-00152.jpg": {"object_bounding_box": [448, 350, 528, 471], "object_presence": 1}, "P295--headphones--clutter--rliU-phUj_1RFCbZecgq_iYloX7FG2ATpYe_1Lm-bO4-00153.jpg": {"object_bounding_box": [451, 356, 522, 470], "object_presence": 1}, "P295--headphones--clutter--rliU-phUj_1RFCbZecgq_iYloX7FG2ATpYe_1Lm-bO4-00154.jpg": {"object_bounding_box": [451, 361, 522, 471], "object_presence": 1}, "P295--headphones--clutter--rliU-phUj_1RFCbZecgq_iYloX7FG2ATpYe_1Lm-bO4-00155.jpg": {"object_bounding_box": [451, 368, 522, 467], "object_presence": 1}, "P295--headphones--clutter--rliU-phUj_1RFCbZecgq_iYloX7FG2ATpYe_1Lm-bO4-00156.jpg": {"object_bounding_box": [451, 368, 522, 467], "object_presence": 1}, "P295--headphones--clutter--rliU-phUj_1RFCbZecgq_iYloX7FG2ATpYe_1Lm-bO4-00157.jpg": {"object_bounding_box": [453, 375, 518, 466], "object_presence": 1}, "P295--headphones--clutter--rliU-phUj_1RFCbZecgq_iYloX7FG2ATpYe_1Lm-bO4-00158.jpg": {"object_bounding_box": [453, 375, 518, 466], "object_presence": 1}, "P295--headphones--clutter--rliU-phUj_1RFCbZecgq_iYloX7FG2ATpYe_1Lm-bO4-00159.jpg": {"object_bounding_box": [453, 377, 518, 460], "object_presence": 1}, "P295--headphones--clutter--rliU-phUj_1RFCbZecgq_iYloX7FG2ATpYe_1Lm-bO4-00160.jpg": {"object_bounding_box": [453, 377, 518, 460], "object_presence": 1}, "P295--headphones--clutter--rliU-phUj_1RFCbZecgq_iYloX7FG2ATpYe_1Lm-bO4-00161.jpg": {"object_bounding_box": [448, 379, 509, 456], "object_presence": 1}, "P295--headphones--clutter--rliU-phUj_1RFCbZecgq_iYloX7FG2ATpYe_1Lm-bO4-00162.jpg": {"object_bounding_box": [446, 380, 513, 455], "object_presence": 1}, "P295--headphones--clutter--rliU-phUj_1RFCbZecgq_iYloX7FG2ATpYe_1Lm-bO4-00163.jpg": {"object_bounding_box": [437, 383, 503, 449], "object_presence": 1}, "P295--headphones--clutter--rliU-phUj_1RFCbZecgq_iYloX7FG2ATpYe_1Lm-bO4-00164.jpg": {"object_bounding_box": [435, 384, 504, 451], "object_presence": 1}, "P295--headphones--clutter--rliU-phUj_1RFCbZecgq_iYloX7FG2ATpYe_1Lm-bO4-00165.jpg": {"object_bounding_box": [435, 389, 504, 451], "object_presence": 1}, "P295--headphones--clutter--rliU-phUj_1RFCbZecgq_iYloX7FG2ATpYe_1Lm-bO4-00166.jpg": {"object_bounding_box": [434, 393, 506, 444], "object_presence": 1}, "P295--headphones--clutter--rliU-phUj_1RFCbZecgq_iYloX7FG2ATpYe_1Lm-bO4-00167.jpg": {"object_bounding_box": [431, 394, 500, 438], "object_presence": 1}, "P295--headphones--clutter--rliU-phUj_1RFCbZecgq_iYloX7FG2ATpYe_1Lm-bO4-00168.jpg": {"object_bounding_box": [425, 395, 497, 439], "object_presence": 1}, "P295--headphones--clutter--rliU-phUj_1RFCbZecgq_iYloX7FG2ATpYe_1Lm-bO4-00169.jpg": {"object_bounding_box": [422, 390, 501, 430], "object_presence": 1}, "P295--headphones--clutter--rliU-phUj_1RFCbZecgq_iYloX7FG2ATpYe_1Lm-bO4-00170.jpg": {"object_bounding_box": [422, 386, 503, 438], "object_presence": 1}, "P295--headphones--clutter--rliU-phUj_1RFCbZecgq_iYloX7FG2ATpYe_1Lm-bO4-00171.jpg": {"object_bounding_box": [418, 388, 491, 435], "object_presence": 1}, "P295--headphones--clutter--rliU-phUj_1RFCbZecgq_iYloX7FG2ATpYe_1Lm-bO4-00172.jpg": {"object_bounding_box": [421, 389, 485, 432], "object_presence": 1}, "P295--headphones--clutter--rliU-phUj_1RFCbZecgq_iYloX7FG2ATpYe_1Lm-bO4-00173.jpg": {"object_bounding_box": [422, 394, 483, 428], "object_presence": 1}, "P295--headphones--clutter--rliU-phUj_1RFCbZecgq_iYloX7FG2ATpYe_1Lm-bO4-00174.jpg": {"object_bounding_box": [422, 396, 483, 432], "object_presence": 1}, "P295--headphones--clutter--rliU-phUj_1RFCbZecgq_iYloX7FG2ATpYe_1Lm-bO4-00175.jpg": {"object_bounding_box": [419, 402, 476, 425], "object_presence": 1}, "P295--headphones--clutter--rliU-phUj_1RFCbZecgq_iYloX7FG2ATpYe_1Lm-bO4-00176.jpg": {"object_bounding_box": [419, 405, 476, 431], "object_presence": 1}, "P295--headphones--clutter--rliU-phUj_1RFCbZecgq_iYloX7FG2ATpYe_1Lm-bO4-00177.jpg": {"object_bounding_box": [419, 405, 476, 431], "object_presence": 1}, "P295--headphones--clutter--rliU-phUj_1RFCbZecgq_iYloX7FG2ATpYe_1Lm-bO4-00178.jpg": {"object_bounding_box": [419, 411, 476, 418], "object_presence": 1}, "P295--headphones--clutter--rliU-phUj_1RFCbZecgq_iYloX7FG2ATpYe_1Lm-bO4-00179.jpg": {"object_bounding_box": [417, 409, 479, 425], "object_presence": 1}, "P295--headphones--clutter--rliU-phUj_1RFCbZecgq_iYloX7FG2ATpYe_1Lm-bO4-00180.jpg": {"object_bounding_box": [414, 413, 486, 417], "object_presence": 1}, "P295--headphones--clutter--rliU-phUj_1RFCbZecgq_iYloX7FG2ATpYe_1Lm-bO4-00181.jpg": {"object_bounding_box": [414, 413, 486, 417], "object_presence": 1}, "P295--headphones--clutter--rliU-phUj_1RFCbZecgq_iYloX7FG2ATpYe_1Lm-bO4-00182.jpg": {"object_bounding_box": [416, 416, 482, 410], "object_presence": 1}, "P295--headphones--clutter--rliU-phUj_1RFCbZecgq_iYloX7FG2ATpYe_1Lm-bO4-00183.jpg": {"object_bounding_box": [416, 423, 482, 412], "object_presence": 1}, "P295--headphones--clutter--rliU-phUj_1RFCbZecgq_iYloX7FG2ATpYe_1Lm-bO4-00184.jpg": {"object_bounding_box": [413, 425, 465, 408], "object_presence": 1}, "P295--headphones--clutter--rliU-phUj_1RFCbZecgq_iYloX7FG2ATpYe_1Lm-bO4-00185.jpg": {"object_bounding_box": [408, 429, 455, 405], "object_presence": 1}, "P295--headphones--clutter--rliU-phUj_1RFCbZecgq_iYloX7FG2ATpYe_1Lm-bO4-00186.jpg": {"object_bounding_box": [408, 436, 455, 403], "object_presence": 1}, "P295--headphones--clutter--rliU-phUj_1RFCbZecgq_iYloX7FG2ATpYe_1Lm-bO4-00187.jpg": {"object_bounding_box": [408, 436, 455, 403], "object_presence": 1}, "P295--headphones--clutter--rliU-phUj_1RFCbZecgq_iYloX7FG2ATpYe_1Lm-bO4-00188.jpg": {"object_bounding_box": [404, 444, 452, 402], "object_presence": 1}, "P295--headphones--clutter--rliU-phUj_1RFCbZecgq_iYloX7FG2ATpYe_1Lm-bO4-00189.jpg": {"object_bounding_box": [404, 447, 449, 400], "object_presence": 1}, "P295--headphones--clutter--rliU-phUj_1RFCbZecgq_iYloX7FG2ATpYe_1Lm-bO4-00190.jpg": {"object_bounding_box": [404, 450, 449, 393], "object_presence": 1}, "P295--headphones--clutter--rliU-phUj_1RFCbZecgq_iYloX7FG2ATpYe_1Lm-bO4-00191.jpg": {"object_bounding_box": [402, 453, 453, 393], "object_presence": 1}, "P295--headphones--clutter--rliU-phUj_1RFCbZecgq_iYloX7FG2ATpYe_1Lm-bO4-00192.jpg": {"object_bounding_box": [389, 453, 442, 393], "object_presence": 1}, "P295--headphones--clutter--rliU-phUj_1RFCbZecgq_iYloX7FG2ATpYe_1Lm-bO4-00193.jpg": {"object_bounding_box": [386, 454, 448, 390], "object_presence": 1}, "P295--headphones--clutter--rliU-phUj_1RFCbZecgq_iYloX7FG2ATpYe_1Lm-bO4-00194.jpg": {"object_bounding_box": [386, 463, 448, 386], "object_presence": 1}, "P295--headphones--clutter--rliU-phUj_1RFCbZecgq_iYloX7FG2ATpYe_1Lm-bO4-00195.jpg": {"object_bounding_box": [387, 472, 446, 385], "object_presence": 1}, "P295--headphones--clutter--rliU-phUj_1RFCbZecgq_iYloX7FG2ATpYe_1Lm-bO4-00196.jpg": {"object_bounding_box": [385, 474, 450, 385], "object_presence": 1}, "P295--headphones--clutter--rliU-phUj_1RFCbZecgq_iYloX7FG2ATpYe_1Lm-bO4-00197.jpg": {"object_bounding_box": [374, 477, 435, 382], "object_presence": 1}, "P295--headphones--clutter--rliU-phUj_1RFCbZecgq_iYloX7FG2ATpYe_1Lm-bO4-00198.jpg": {"object_bounding_box": [374, 472, 435, 383], "object_presence": 1}, "P295--headphones--clutter--rliU-phUj_1RFCbZecgq_iYloX7FG2ATpYe_1Lm-bO4-00199.jpg": {"object_bounding_box": [373, 464, 438, 381], "object_presence": 1}, "P295--headphones--clutter--rliU-phUj_1RFCbZecgq_iYloX7FG2ATpYe_1Lm-bO4-00200.jpg": {"object_bounding_box": [367, 459, 443, 387], "object_presence": 1}, "P295--headphones--clutter--rliU-phUj_1RFCbZecgq_iYloX7FG2ATpYe_1Lm-bO4-00201.jpg": {"object_bounding_box": [356, 451, 432, 379], "object_presence": 1}, "P295--headphones--clutter--rliU-phUj_1RFCbZecgq_iYloX7FG2ATpYe_1Lm-bO4-00202.jpg": {"object_bounding_box": [340, 447, 428, 382], "object_presence": 1}, "P295--headphones--clutter--rliU-phUj_1RFCbZecgq_iYloX7FG2ATpYe_1Lm-bO4-00203.jpg": {"object_bounding_box": [340, 442, 438, 382], "object_presence": 1}, "P295--headphones--clutter--rliU-phUj_1RFCbZecgq_iYloX7FG2ATpYe_1Lm-bO4-00204.jpg": {"object_bounding_box": [340, 440, 436, 378], "object_presence": 1}, "P295--headphones--clutter--rliU-phUj_1RFCbZecgq_iYloX7FG2ATpYe_1Lm-bO4-00205.jpg": {"object_bounding_box": [346, 435, 425, 375], "object_presence": 1}, "P295--headphones--clutter--rliU-phUj_1RFCbZecgq_iYloX7FG2ATpYe_1Lm-bO4-00206.jpg": {"object_bounding_box": [352, 427, 424, 374], "object_presence": 1}, "P295--headphones--clutter--rliU-phUj_1RFCbZecgq_iYloX7FG2ATpYe_1Lm-bO4-00207.jpg": {"object_bounding_box": [355, 433, 427, 375], "object_presence": 1}, "P295--headphones--clutter--rliU-phUj_1RFCbZecgq_iYloX7FG2ATpYe_1Lm-bO4-00208.jpg": {"object_bounding_box": [357, 440, 431, 373], "object_presence": 1}, "P295--headphones--clutter--rliU-phUj_1RFCbZecgq_iYloX7FG2ATpYe_1Lm-bO4-00209.jpg": {"object_bounding_box": [356, 446, 428, 371], "object_presence": 1}, "P295--headphones--clutter--rliU-phUj_1RFCbZecgq_iYloX7FG2ATpYe_1Lm-bO4-00210.jpg": {"object_bounding_box": [357, 456, 420, 372], "object_presence": 1}, "P295--headphones--clutter--rliU-phUj_1RFCbZecgq_iYloX7FG2ATpYe_1Lm-bO4-00211.jpg": {"object_bounding_box": [360, 461, 416, 368], "object_presence": 1}, "P295--headphones--clutter--rliU-phUj_1RFCbZecgq_iYloX7FG2ATpYe_1Lm-bO4-00212.jpg": {"object_bounding_box": [360, 466, 416, 369], "object_presence": 1}, "P295--headphones--clutter--rliU-phUj_1RFCbZecgq_iYloX7FG2ATpYe_1Lm-bO4-00213.jpg": {"object_bounding_box": [361, 471, 413, 368], "object_presence": 1}, "P295--headphones--clutter--rliU-phUj_1RFCbZecgq_iYloX7FG2ATpYe_1Lm-bO4-00214.jpg": {"object_bounding_box": [364, 480, 420, 367], "object_presence": 1}, "P295--headphones--clutter--rliU-phUj_1RFCbZecgq_iYloX7FG2ATpYe_1Lm-bO4-00215.jpg": {"object_bounding_box": [362, 487, 425, 367], "object_presence": 1}, "P295--headphones--clutter--rliU-phUj_1RFCbZecgq_iYloX7FG2ATpYe_1Lm-bO4-00216.jpg": {"object_bounding_box": [362, 495, 425, 364], "object_presence": 1}, "P295--headphones--clutter--rliU-phUj_1RFCbZecgq_iYloX7FG2ATpYe_1Lm-bO4-00217.jpg": {"object_bounding_box": [361, 503, 414, 364], "object_presence": 1}, "P295--headphones--clutter--rliU-phUj_1RFCbZecgq_iYloX7FG2ATpYe_1Lm-bO4-00218.jpg": {"object_bounding_box": [363, 509, 411, 365], "object_presence": 1}, "P295--headphones--clutter--rliU-phUj_1RFCbZecgq_iYloX7FG2ATpYe_1Lm-bO4-00219.jpg": {"object_bounding_box": [364, 510, 410, 361], "object_presence": 1}, "P295--headphones--clutter--rliU-phUj_1RFCbZecgq_iYloX7FG2ATpYe_1Lm-bO4-00220.jpg": {"object_bounding_box": [364, 508, 410, 359], "object_presence": 1}, "P295--headphones--clutter--rliU-phUj_1RFCbZecgq_iYloX7FG2ATpYe_1Lm-bO4-00221.jpg": {"object_bounding_box": [361, 508, 414, 359], "object_presence": 1}, "P295--headphones--clutter--rliU-phUj_1RFCbZecgq_iYloX7FG2ATpYe_1Lm-bO4-00222.jpg": {"object_bounding_box": [361, 510, 414, 356], "object_presence": 1}, "P295--headphones--clutter--rliU-phUj_1RFCbZecgq_iYloX7FG2ATpYe_1Lm-bO4-00223.jpg": {"object_bounding_box": [352, 511, 411, 358], "object_presence": 1}, "P295--headphones--clutter--rliU-phUj_1RFCbZecgq_iYloX7FG2ATpYe_1Lm-bO4-00224.jpg": {"object_bounding_box": [343, 511, 405, 358], "object_presence": 1}, "P295--headphones--clutter--rliU-phUj_1RFCbZecgq_iYloX7FG2ATpYe_1Lm-bO4-00225.jpg": {"object_bounding_box": [337, 511, 410, 358], "object_presence": 1}, "P295--headphones--clutter--rliU-phUj_1RFCbZecgq_iYloX7FG2ATpYe_1Lm-bO4-00226.jpg": {"object_bounding_box": [330, 510, 411, 356], "object_presence": 1}, "P295--headphones--clutter--rliU-phUj_1RFCbZecgq_iYloX7FG2ATpYe_1Lm-bO4-00227.jpg": {"object_bounding_box": [323, 510, 410, 356], "object_presence": 1}, "P295--headphones--clutter--rliU-phUj_1RFCbZecgq_iYloX7FG2ATpYe_1Lm-bO4-00228.jpg": {"object_bounding_box": [317, 510, 406, 356], "object_presence": 1}, "P295--headphones--clutter--rliU-phUj_1RFCbZecgq_iYloX7FG2ATpYe_1Lm-bO4-00229.jpg": {"object_bounding_box": [319, 513, 411, 356], "object_presence": 1}, "P295--headphones--clutter--rliU-phUj_1RFCbZecgq_iYloX7FG2ATpYe_1Lm-bO4-00230.jpg": {"object_bounding_box": [319, 517, 411, 352], "object_presence": 1}, "P295--headphones--clutter--rliU-phUj_1RFCbZecgq_iYloX7FG2ATpYe_1Lm-bO4-00231.jpg": {"object_bounding_box": [313, 522, 404, 353], "object_presence": 1}, "P295--headphones--clutter--rliU-phUj_1RFCbZecgq_iYloX7FG2ATpYe_1Lm-bO4-00232.jpg": {"object_bounding_box": [309, 523, 407, 354], "object_presence": 1}, "P295--headphones--clutter--rliU-phUj_1RFCbZecgq_iYloX7FG2ATpYe_1Lm-bO4-00233.jpg": {"object_bounding_box": [309, 525, 407, 349], "object_presence": 1}, "P295--headphones--clutter--rliU-phUj_1RFCbZecgq_iYloX7FG2ATpYe_1Lm-bO4-00234.jpg": {"object_bounding_box": [310, 529, 406, 356], "object_presence": 1}, "P295--headphones--clutter--rliU-phUj_1RFCbZecgq_iYloX7FG2ATpYe_1Lm-bO4-00235.jpg": {"object_bounding_box": [310, 533, 398, 354], "object_presence": 1}, "P295--headphones--clutter--rliU-phUj_1RFCbZecgq_iYloX7FG2ATpYe_1Lm-bO4-00236.jpg": {"object_bounding_box": [312, 536, 394, 349], "object_presence": 1}, "P295--headphones--clutter--rliU-phUj_1RFCbZecgq_iYloX7FG2ATpYe_1Lm-bO4-00237.jpg": {"object_bounding_box": [315, 539, 388, 350], "object_presence": 1}, "P295--headphones--clutter--rliU-phUj_1RFCbZecgq_iYloX7FG2ATpYe_1Lm-bO4-00238.jpg": {"object_bounding_box": [319, 545, 384, 350], "object_presence": 1}, "P295--headphones--clutter--rliU-phUj_1RFCbZecgq_iYloX7FG2ATpYe_1Lm-bO4-00239.jpg": {"object_bounding_box": [322, 548, 391, 345], "object_presence": 1}, "P295--headphones--clutter--rliU-phUj_1RFCbZecgq_iYloX7FG2ATpYe_1Lm-bO4-00240.jpg": {"object_bounding_box": [322, 551, 391, 351], "object_presence": 1}, "P295--headphones--clutter--rliU-phUj_1RFCbZecgq_iYloX7FG2ATpYe_1Lm-bO4-00241.jpg": {"object_bounding_box": [322, 552, 391, 352], "object_presence": 1}, "P295--headphones--clutter--rliU-phUj_1RFCbZecgq_iYloX7FG2ATpYe_1Lm-bO4-00242.jpg": {"object_bounding_box": [319, 550, 393, 348], "object_presence": 1}, "P295--headphones--clutter--rliU-phUj_1RFCbZecgq_iYloX7FG2ATpYe_1Lm-bO4-00243.jpg": {"object_bounding_box": [312, 550, 392, 348], "object_presence": 1}, "P295--headphones--clutter--rliU-phUj_1RFCbZecgq_iYloX7FG2ATpYe_1Lm-bO4-00244.jpg": {"object_bounding_box": [311, 550, 395, 348], "object_presence": 1}, "P295--headphones--clutter--rliU-phUj_1RFCbZecgq_iYloX7FG2ATpYe_1Lm-bO4-00245.jpg": {"object_bounding_box": [311, 550, 395, 348], "object_presence": 1}, "P295--headphones--clutter--rliU-phUj_1RFCbZecgq_iYloX7FG2ATpYe_1Lm-bO4-00246.jpg": {"object_bounding_box": [306, 556, 385, 344], "object_presence": 1}, "P295--headphones--clutter--rliU-phUj_1RFCbZecgq_iYloX7FG2ATpYe_1Lm-bO4-00247.jpg": {"object_bounding_box": [306, 559, 385, 350], "object_presence": 1}, "P295--headphones--clutter--rliU-phUj_1RFCbZecgq_iYloX7FG2ATpYe_1Lm-bO4-00248.jpg": {"object_bounding_box": [306, 563, 385, 344], "object_presence": 1}, "P295--headphones--clutter--rliU-phUj_1RFCbZecgq_iYloX7FG2ATpYe_1Lm-bO4-00249.jpg": {"object_bounding_box": [306, 565, 385, 344], "object_presence": 1}, "P295--headphones--clutter--rliU-phUj_1RFCbZecgq_iYloX7FG2ATpYe_1Lm-bO4-00250.jpg": {"object_bounding_box": [306, 566, 386, 345], "object_presence": 1}, "P295--headphones--clutter--rliU-phUj_1RFCbZecgq_iYloX7FG2ATpYe_1Lm-bO4-00251.jpg": {"object_bounding_box": [302, 566, 393, 345], "object_presence": 1}, "P295--headphones--clutter--rliU-phUj_1RFCbZecgq_iYloX7FG2ATpYe_1Lm-bO4-00252.jpg": {"object_bounding_box": [300, 567, 397, 348], "object_presence": 1}, "P295--headphones--clutter--rliU-phUj_1RFCbZecgq_iYloX7FG2ATpYe_1Lm-bO4-00253.jpg": {"object_bounding_box": [291, 569, 382, 345], "object_presence": 1}, "P295--headphones--clutter--rliU-phUj_1RFCbZecgq_iYloX7FG2ATpYe_1Lm-bO4-00254.jpg": {"object_bounding_box": [291, 572, 382, 346], "object_presence": 1}, "P295--headphones--clutter--rliU-phUj_1RFCbZecgq_iYloX7FG2ATpYe_1Lm-bO4-00255.jpg": {"object_bounding_box": [291, 575, 382, 350], "object_presence": 1}, "P295--headphones--clutter--rliU-phUj_1RFCbZecgq_iYloX7FG2ATpYe_1Lm-bO4-00256.jpg": {"object_bounding_box": [288, 578, 388, 344], "object_presence": 1}, "P295--headphones--clutter--rliU-phUj_1RFCbZecgq_iYloX7FG2ATpYe_1Lm-bO4-00257.jpg": {"object_bounding_box": [289, 581, 389, 343], "object_presence": 1}, "P295--headphones--clutter--rliU-phUj_1RFCbZecgq_iYloX7FG2ATpYe_1Lm-bO4-00258.jpg": {"object_bounding_box": [286, 583, 394, 346], "object_presence": 1}, "P295--headphones--clutter--rliU-phUj_1RFCbZecgq_iYloX7FG2ATpYe_1Lm-bO4-00259.jpg": {"object_bounding_box": [286, 583, 394, 346], "object_presence": 1}, "P295--headphones--clutter--rliU-phUj_1RFCbZecgq_iYloX7FG2ATpYe_1Lm-bO4-00260.jpg": {"object_bounding_box": [279, 583, 386, 347], "object_presence": 1}, "P295--headphones--clutter--rliU-phUj_1RFCbZecgq_iYloX7FG2ATpYe_1Lm-bO4-00261.jpg": {"object_bounding_box": [277, 583, 389, 347], "object_presence": 1}, "P295--headphones--clutter--rliU-phUj_1RFCbZecgq_iYloX7FG2ATpYe_1Lm-bO4-00262.jpg": {"object_bounding_box": [269, 577, 382, 347], "object_presence": 1}, "P295--headphones--clutter--rliU-phUj_1RFCbZecgq_iYloX7FG2ATpYe_1Lm-bO4-00263.jpg": {"object_bounding_box": [267, 572, 382, 347], "object_presence": 1}, "P295--headphones--clutter--rliU-phUj_1RFCbZecgq_iYloX7FG2ATpYe_1Lm-bO4-00264.jpg": {"object_bounding_box": [260, 567, 381, 349], "object_presence": 1}, "P295--headphones--clutter--rliU-phUj_1RFCbZecgq_iYloX7FG2ATpYe_1Lm-bO4-00265.jpg": {"object_bounding_box": [259, 563, 382, 346], "object_presence": 1}, "P295--headphones--clutter--rliU-phUj_1RFCbZecgq_iYloX7FG2ATpYe_1Lm-bO4-00266.jpg": {"object_bounding_box": [258, 561, 385, 350], "object_presence": 1}, "P295--headphones--clutter--rliU-phUj_1RFCbZecgq_iYloX7FG2ATpYe_1Lm-bO4-00267.jpg": {"object_bounding_box": [257, 561, 384, 350], "object_presence": 1}, "P295--headphones--clutter--rliU-phUj_1RFCbZecgq_iYloX7FG2ATpYe_1Lm-bO4-00268.jpg": {"object_bounding_box": [259, 561, 388, 350], "object_presence": 1}, "P295--headphones--clutter--rliU-phUj_1RFCbZecgq_iYloX7FG2ATpYe_1Lm-bO4-00269.jpg": {"object_bounding_box": [261, 561, 384, 350], "object_presence": 1}, "P295--headphones--clutter--rliU-phUj_1RFCbZecgq_iYloX7FG2ATpYe_1Lm-bO4-00270.jpg": {"object_bounding_box": [261, 560, 384, 353], "object_presence": 1}, "P295--headphones--clutter--rliU-phUj_1RFCbZecgq_iYloX7FG2ATpYe_1Lm-bO4-00271.jpg": {"object_bounding_box": [263, 561, 387, 352], "object_presence": 1}, "P295--headphones--clutter--rliU-phUj_1RFCbZecgq_iYloX7FG2ATpYe_1Lm-bO4-00272.jpg": {"object_bounding_box": [263, 557, 388, 350], "object_presence": 1}, "P295--headphones--clutter--rliU-phUj_1RFCbZecgq_iYloX7FG2ATpYe_1Lm-bO4-00273.jpg": {"object_bounding_box": [263, 556, 388, 348], "object_presence": 1}, "P295--headphones--clutter--rliU-phUj_1RFCbZecgq_iYloX7FG2ATpYe_1Lm-bO4-00274.jpg": {"object_bounding_box": [263, 551, 388, 354], "object_presence": 1}, "P295--headphones--clutter--rliU-phUj_1RFCbZecgq_iYloX7FG2ATpYe_1Lm-bO4-00275.jpg": {"object_bounding_box": [263, 549, 388, 351], "object_presence": 1}, "P295--headphones--clutter--rliU-phUj_1RFCbZecgq_iYloX7FG2ATpYe_1Lm-bO4-00276.jpg": {"object_bounding_box": [262, 549, 390, 350], "object_presence": 1}, "P295--headphones--clutter--rliU-phUj_1RFCbZecgq_iYloX7FG2ATpYe_1Lm-bO4-00277.jpg": {"object_bounding_box": [261, 547, 392, 355], "object_presence": 1}, "P295--headphones--clutter--rliU-phUj_1RFCbZecgq_iYloX7FG2ATpYe_1Lm-bO4-00278.jpg": {"object_bounding_box": [261, 548, 392, 353], "object_presence": 1}, "P295--headphones--clutter--rliU-phUj_1RFCbZecgq_iYloX7FG2ATpYe_1Lm-bO4-00279.jpg": {"object_bounding_box": [262, 550, 390, 354], "object_presence": 1}, "P295--headphones--clutter--rliU-phUj_1RFCbZecgq_iYloX7FG2ATpYe_1Lm-bO4-00280.jpg": {"object_bounding_box": [265, 550, 384, 354], "object_presence": 1}, "P295--headphones--clutter--rliU-phUj_1RFCbZecgq_iYloX7FG2ATpYe_1Lm-bO4-00281.jpg": {"object_bounding_box": [267, 550, 388, 354], "object_presence": 1}, "P295--headphones--clutter--rliU-phUj_1RFCbZecgq_iYloX7FG2ATpYe_1Lm-bO4-00282.jpg": {"object_bounding_box": [269, 549, 384, 352], "object_presence": 1}, "P295--headphones--clutter--rliU-phUj_1RFCbZecgq_iYloX7FG2ATpYe_1Lm-bO4-00283.jpg": {"object_bounding_box": [269, 548, 385, 349], "object_presence": 1}, "P295--headphones--clutter--rliU-phUj_1RFCbZecgq_iYloX7FG2ATpYe_1Lm-bO4-00284.jpg": {"object_bounding_box": [258, 540, 381, 347], "object_presence": 1}, "P295--headphones--clutter--rliU-phUj_1RFCbZecgq_iYloX7FG2ATpYe_1Lm-bO4-00285.jpg": {"object_bounding_box": [256, 537, 391, 352], "object_presence": 1}, "P295--headphones--clutter--rliU-phUj_1RFCbZecgq_iYloX7FG2ATpYe_1Lm-bO4-00286.jpg": {"object_bounding_box": [253, 536, 385, 350], "object_presence": 1}, "P295--headphones--clutter--rliU-phUj_1RFCbZecgq_iYloX7FG2ATpYe_1Lm-bO4-00287.jpg": {"object_bounding_box": [251, 533, 387, 352], "object_presence": 1}, "P295--headphones--clutter--rliU-phUj_1RFCbZecgq_iYloX7FG2ATpYe_1Lm-bO4-00288.jpg": {"object_bounding_box": [249, 533, 392, 353], "object_presence": 1}, "P295--headphones--clutter--rliU-phUj_1RFCbZecgq_iYloX7FG2ATpYe_1Lm-bO4-00289.jpg": {"object_bounding_box": [249, 530, 392, 354], "object_presence": 1}, "P295--headphones--clutter--rliU-phUj_1RFCbZecgq_iYloX7FG2ATpYe_1Lm-bO4-00290.jpg": {"object_bounding_box": [247, 530, 395, 354], "object_presence": 1}, "P295--headphones--clutter--rliU-phUj_1RFCbZecgq_iYloX7FG2ATpYe_1Lm-bO4-00291.jpg": {"object_bounding_box": [242, 526, 390, 352], "object_presence": 1}, "P295--headphones--clutter--rliU-phUj_1RFCbZecgq_iYloX7FG2ATpYe_1Lm-bO4-00292.jpg": {"object_bounding_box": [238, 528, 387, 356], "object_presence": 1}, "P295--headphones--clutter--rliU-phUj_1RFCbZecgq_iYloX7FG2ATpYe_1Lm-bO4-00293.jpg": {"object_bounding_box": [238, 528, 387, 356], "object_presence": 1}, "P295--headphones--clutter--rliU-phUj_1RFCbZecgq_iYloX7FG2ATpYe_1Lm-bO4-00294.jpg": {"object_bounding_box": [238, 526, 387, 352], "object_presence": 1}, "P295--headphones--clutter--rliU-phUj_1RFCbZecgq_iYloX7FG2ATpYe_1Lm-bO4-00295.jpg": {"object_bounding_box": [241, 527, 380, 355], "object_presence": 1}, "P295--headphones--clutter--rliU-phUj_1RFCbZecgq_iYloX7FG2ATpYe_1Lm-bO4-00296.jpg": {"object_bounding_box": [249, 532, 383, 352], "object_presence": 1}, "P295--headphones--clutter--rliU-phUj_1RFCbZecgq_iYloX7FG2ATpYe_1Lm-bO4-00297.jpg": {"object_bounding_box": [254, 533, 386, 349], "object_presence": 1}, "P295--headphones--clutter--rliU-phUj_1RFCbZecgq_iYloX7FG2ATpYe_1Lm-bO4-00298.jpg": {"object_bounding_box": [254, 532, 386, 352], "object_presence": 1}, "P295--headphones--clutter--rliU-phUj_1RFCbZecgq_iYloX7FG2ATpYe_1Lm-bO4-00299.jpg": {"object_bounding_box": [258, 530, 382, 348], "object_presence": 1}, "P295--headphones--clutter--rliU-phUj_1RFCbZecgq_iYloX7FG2ATpYe_1Lm-bO4-00300.jpg": {"object_bounding_box": [260, 530, 378, 348], "object_presence": 1}, "P295--headphones--clutter--rliU-phUj_1RFCbZecgq_iYloX7FG2ATpYe_1Lm-bO4-00301.jpg": {"object_bounding_box": [266, 526, 384, 347], "object_presence": 1}, "P295--headphones--clutter--rliU-phUj_1RFCbZecgq_iYloX7FG2ATpYe_1Lm-bO4-00302.jpg": {"object_bounding_box": [267, 525, 382, 350], "object_presence": 1}, "P295--headphones--clutter--rliU-phUj_1RFCbZecgq_iYloX7FG2ATpYe_1Lm-bO4-00303.jpg": {"object_bounding_box": [263, 529, 377, 346], "object_presence": 1}, "P295--headphones--clutter--rliU-phUj_1RFCbZecgq_iYloX7FG2ATpYe_1Lm-bO4-00304.jpg": {"object_bounding_box": [264, 535, 375, 347], "object_presence": 1}, "P295--headphones--clutter--rliU-phUj_1RFCbZecgq_iYloX7FG2ATpYe_1Lm-bO4-00305.jpg": {"object_bounding_box": [264, 544, 375, 345], "object_presence": 1}, "P295--headphones--clutter--rliU-phUj_1RFCbZecgq_iYloX7FG2ATpYe_1Lm-bO4-00306.jpg": {"object_bounding_box": [268, 554, 368, 343], "object_presence": 1}, "P295--headphones--clutter--rliU-phUj_1RFCbZecgq_iYloX7FG2ATpYe_1Lm-bO4-00307.jpg": {"object_bounding_box": [280, 565, 372, 344], "object_presence": 1}, "P295--headphones--clutter--rliU-phUj_1RFCbZecgq_iYloX7FG2ATpYe_1Lm-bO4-00308.jpg": {"object_bounding_box": [295, 571, 377, 346], "object_presence": 1}, "P295--headphones--clutter--rliU-phUj_1RFCbZecgq_iYloX7FG2ATpYe_1Lm-bO4-00309.jpg": {"object_bounding_box": [297, 579, 374, 341], "object_presence": 1}, "P295--headphones--clutter--rliU-phUj_1RFCbZecgq_iYloX7FG2ATpYe_1Lm-bO4-00310.jpg": {"object_bounding_box": [297, 579, 375, 341], "object_presence": 1}, "P295--headphones--clutter--rliU-phUj_1RFCbZecgq_iYloX7FG2ATpYe_1Lm-bO4-00311.jpg": {"object_bounding_box": [297, 579, 376, 341], "object_presence": 1}, "P295--headphones--clutter--rliU-phUj_1RFCbZecgq_iYloX7FG2ATpYe_1Lm-bO4-00312.jpg": {"object_bounding_box": [289, 574, 376, 341], "object_presence": 1}, "P295--headphones--clutter--rliU-phUj_1RFCbZecgq_iYloX7FG2ATpYe_1Lm-bO4-00313.jpg": {"object_bounding_box": [287, 573, 381, 339], "object_presence": 1}, "P295--headphones--clutter--rliU-phUj_1RFCbZecgq_iYloX7FG2ATpYe_1Lm-bO4-00314.jpg": {"object_bounding_box": [284, 573, 379, 339], "object_presence": 1}, "P295--headphones--clutter--rliU-phUj_1RFCbZecgq_iYloX7FG2ATpYe_1Lm-bO4-00315.jpg": {"object_bounding_box": [284, 576, 379, 339], "object_presence": 1}, "P295--headphones--clutter--rliU-phUj_1RFCbZecgq_iYloX7FG2ATpYe_1Lm-bO4-00316.jpg": {"object_bounding_box": [283, 576, 378, 339], "object_presence": 1}, "P295--headphones--clutter--rliU-phUj_1RFCbZecgq_iYloX7FG2ATpYe_1Lm-bO4-00317.jpg": {"object_bounding_box": [280, 576, 372, 339], "object_presence": 1}, "P295--headphones--clutter--rliU-phUj_1RFCbZecgq_iYloX7FG2ATpYe_1Lm-bO4-00318.jpg": {"object_bounding_box": [280, 576, 372, 339], "object_presence": 1}, "P295--headphones--clutter--rliU-phUj_1RFCbZecgq_iYloX7FG2ATpYe_1Lm-bO4-00319.jpg": {"object_bounding_box": [281, 577, 370, 338], "object_presence": 1}, "P295--headphones--clutter--rliU-phUj_1RFCbZecgq_iYloX7FG2ATpYe_1Lm-bO4-00320.jpg": {"object_bounding_box": [283, 582, 366, 339], "object_presence": 1}, "P295--headphones--clutter--rliU-phUj_1RFCbZecgq_iYloX7FG2ATpYe_1Lm-bO4-00321.jpg": {"object_bounding_box": [283, 582, 366, 339], "object_presence": 1}, "P295--headphones--clutter--rliU-phUj_1RFCbZecgq_iYloX7FG2ATpYe_1Lm-bO4-00322.jpg": {"object_bounding_box": [284, 582, 368, 339], "object_presence": 1}, "P295--headphones--clutter--rliU-phUj_1RFCbZecgq_iYloX7FG2ATpYe_1Lm-bO4-00323.jpg": {"object_bounding_box": [284, 588, 368, 338], "object_presence": 1}, "P295--headphones--clutter--rliU-phUj_1RFCbZecgq_iYloX7FG2ATpYe_1Lm-bO4-00324.jpg": {"object_bounding_box": [283, 592, 370, 339], "object_presence": 1}, "P295--headphones--clutter--rliU-phUj_1RFCbZecgq_iYloX7FG2ATpYe_1Lm-bO4-00325.jpg": {"object_bounding_box": [282, 597, 372, 338], "object_presence": 1}, "P295--headphones--clutter--rliU-phUj_1RFCbZecgq_iYloX7FG2ATpYe_1Lm-bO4-00326.jpg": {"object_bounding_box": [281, 600, 371, 336], "object_presence": 1}, "P295--headphones--clutter--rliU-phUj_1RFCbZecgq_iYloX7FG2ATpYe_1Lm-bO4-00327.jpg": {"object_bounding_box": [278, 603, 371, 336], "object_presence": 1}, "P295--headphones--clutter--rliU-phUj_1RFCbZecgq_iYloX7FG2ATpYe_1Lm-bO4-00328.jpg": {"object_bounding_box": [278, 610, 371, 337], "object_presence": 1}, "P295--headphones--clutter--rliU-phUj_1RFCbZecgq_iYloX7FG2ATpYe_1Lm-bO4-00329.jpg": {"object_bounding_box": [276, 612, 373, 337], "object_presence": 1}, "P295--headphones--clutter--rliU-phUj_1RFCbZecgq_iYloX7FG2ATpYe_1Lm-bO4-00330.jpg": {"object_bounding_box": [270, 611, 370, 334], "object_presence": 1}, "P295--headphones--clutter--rliU-phUj_1RFCbZecgq_iYloX7FG2ATpYe_1Lm-bO4-00331.jpg": {"object_bounding_box": [272, 610, 367, 337], "object_presence": 1}, "P295--headphones--clutter--rliU-phUj_1RFCbZecgq_iYloX7FG2ATpYe_1Lm-bO4-00332.jpg": {"object_bounding_box": [281, 608, 368, 333], "object_presence": 1}, "P295--headphones--clutter--rliU-phUj_1RFCbZecgq_iYloX7FG2ATpYe_1Lm-bO4-00333.jpg": {"object_bounding_box": [286, 608, 365, 333], "object_presence": 1}, "P295--headphones--clutter--rliU-phUj_1RFCbZecgq_iYloX7FG2ATpYe_1Lm-bO4-00334.jpg": {"object_bounding_box": [287, 608, 363, 333], "object_presence": 1}, "P295--headphones--clutter--rliU-phUj_1RFCbZecgq_iYloX7FG2ATpYe_1Lm-bO4-00335.jpg": {"object_bounding_box": [291, 606, 371, 336], "object_presence": 1}, "P295--headphones--clutter--rliU-phUj_1RFCbZecgq_iYloX7FG2ATpYe_1Lm-bO4-00336.jpg": {"object_bounding_box": [298, 606, 365, 336], "object_presence": 1}, "P295--headphones--clutter--rliU-phUj_1RFCbZecgq_iYloX7FG2ATpYe_1Lm-bO4-00337.jpg": {"object_bounding_box": [301, 611, 362, 334], "object_presence": 1}, "P295--headphones--clutter--rliU-phUj_1RFCbZecgq_iYloX7FG2ATpYe_1Lm-bO4-00338.jpg": {"object_bounding_box": [308, 623, 363, 332], "object_presence": 1}, "P295--headphones--clutter--rliU-phUj_1RFCbZecgq_iYloX7FG2ATpYe_1Lm-bO4-00339.jpg": {"object_bounding_box": [311, 636, 357, 334], "object_presence": 1}, "P295--headphones--clutter--rliU-phUj_1RFCbZecgq_iYloX7FG2ATpYe_1Lm-bO4-00340.jpg": {"object_bounding_box": [308, 642, 357, 335], "object_presence": 1}, "P295--headphones--clutter--rliU-phUj_1RFCbZecgq_iYloX7FG2ATpYe_1Lm-bO4-00341.jpg": {"object_bounding_box": [305, 643, 364, 336], "object_presence": 1}, "P295--headphones--clutter--rliU-phUj_1RFCbZecgq_iYloX7FG2ATpYe_1Lm-bO4-00342.jpg": {"object_bounding_box": [300, 646, 361, 333], "object_presence": 1}, "P295--headphones--clutter--rliU-phUj_1RFCbZecgq_iYloX7FG2ATpYe_1Lm-bO4-00343.jpg": {"object_bounding_box": [302, 651, 356, 330], "object_presence": 1}, "P295--headphones--clutter--rliU-phUj_1RFCbZecgq_iYloX7FG2ATpYe_1Lm-bO4-00344.jpg": {"object_bounding_box": [303, 655, 357, 331], "object_presence": 1}, "P295--headphones--clutter--rliU-phUj_1RFCbZecgq_iYloX7FG2ATpYe_1Lm-bO4-00345.jpg": {"object_bounding_box": [303, 656, 358, 333], "object_presence": 1}, "P295--headphones--clutter--rliU-phUj_1RFCbZecgq_iYloX7FG2ATpYe_1Lm-bO4-00346.jpg": {"object_bounding_box": [307, 658, 356, 335], "object_presence": 1}, "P295--headphones--clutter--rliU-phUj_1RFCbZecgq_iYloX7FG2ATpYe_1Lm-bO4-00347.jpg": {"object_bounding_box": [310, 658, 363, 329], "object_presence": 1}, "P295--headphones--clutter--rliU-phUj_1RFCbZecgq_iYloX7FG2ATpYe_1Lm-bO4-00348.jpg": {"object_bounding_box": [308, 653, 358, 331], "object_presence": 1}, "P295--headphones--clutter--rliU-phUj_1RFCbZecgq_iYloX7FG2ATpYe_1Lm-bO4-00349.jpg": {"object_bounding_box": [313, 653, 363, 331], "object_presence": 1}, "P295--headphones--clutter--rliU-phUj_1RFCbZecgq_iYloX7FG2ATpYe_1Lm-bO4-00350.jpg": {"object_bounding_box": [320, 653, 361, 331], "object_presence": 1}, "P295--headphones--clutter--rliU-phUj_1RFCbZecgq_iYloX7FG2ATpYe_1Lm-bO4-00351.jpg": {"object_bounding_box": [325, 654, 357, 328], "object_presence": 1}, "P295--headphones--clutter--rliU-phUj_1RFCbZecgq_iYloX7FG2ATpYe_1Lm-bO4-00352.jpg": {"object_bounding_box": [326, 656, 354, 331], "object_presence": 1}, "P295--headphones--clutter--rliU-phUj_1RFCbZecgq_iYloX7FG2ATpYe_1Lm-bO4-00353.jpg": {"object_bounding_box": [333, 660, 359, 329], "object_presence": 1}, "P295--headphones--clutter--rliU-phUj_1RFCbZecgq_iYloX7FG2ATpYe_1Lm-bO4-00354.jpg": {"object_bounding_box": [337, 663, 357, 324], "object_presence": 1}, "P295--headphones--clutter--rliU-phUj_1RFCbZecgq_iYloX7FG2ATpYe_1Lm-bO4-00355.jpg": {"object_bounding_box": [340, 666, 362, 331], "object_presence": 1}, "P295--headphones--clutter--rliU-phUj_1RFCbZecgq_iYloX7FG2ATpYe_1Lm-bO4-00356.jpg": {"object_bounding_box": [340, 666, 362, 331], "object_presence": 1}, "P295--headphones--clutter--rliU-phUj_1RFCbZecgq_iYloX7FG2ATpYe_1Lm-bO4-00357.jpg": {"object_bounding_box": [336, 670, 365, 333], "object_presence": 1}, "P295--headphones--clutter--rliU-phUj_1RFCbZecgq_iYloX7FG2ATpYe_1Lm-bO4-00358.jpg": {"object_bounding_box": [328, 668, 363, 328], "object_presence": 1}, "P295--headphones--clutter--rliU-phUj_1RFCbZecgq_iYloX7FG2ATpYe_1Lm-bO4-00359.jpg": {"object_bounding_box": [325, 662, 372, 331], "object_presence": 1}, "P295--headphones--clutter--rliU-phUj_1RFCbZecgq_iYloX7FG2ATpYe_1Lm-bO4-00360.jpg": {"object_bounding_box": [318, 660, 364, 328], "object_presence": 1}, "P295--headphones--clutter--rliU-phUj_1RFCbZecgq_iYloX7FG2ATpYe_1Lm-bO4-00361.jpg": {"object_bounding_box": [316, 654, 368, 328], "object_presence": 1}, "P295--headphones--clutter--rliU-phUj_1RFCbZecgq_iYloX7FG2ATpYe_1Lm-bO4-00362.jpg": {"object_bounding_box": [308, 649, 365, 330], "object_presence": 1}, "P295--headphones--clutter--rliU-phUj_1RFCbZecgq_iYloX7FG2ATpYe_1Lm-bO4-00363.jpg": {"object_bounding_box": [308, 647, 365, 330], "object_presence": 1}, "P295--headphones--clutter--rliU-phUj_1RFCbZecgq_iYloX7FG2ATpYe_1Lm-bO4-00364.jpg": {"object_bounding_box": [301, 646, 357, 330], "object_presence": 1}, "P295--headphones--clutter--rliU-phUj_1RFCbZecgq_iYloX7FG2ATpYe_1Lm-bO4-00365.jpg": {"object_bounding_box": [301, 646, 357, 328], "object_presence": 1}, "P295--headphones--clutter--rliU-phUj_1RFCbZecgq_iYloX7FG2ATpYe_1Lm-bO4-00366.jpg": {"object_bounding_box": [308, 646, 364, 328], "object_presence": 1}, "P295--headphones--clutter--rliU-phUj_1RFCbZecgq_iYloX7FG2ATpYe_1Lm-bO4-00367.jpg": {"object_bounding_box": [310, 646, 368, 328], "object_presence": 1}, "P295--headphones--clutter--rliU-phUj_1RFCbZecgq_iYloX7FG2ATpYe_1Lm-bO4-00368.jpg": {"object_bounding_box": [307, 648, 361, 324], "object_presence": 1}, "P295--headphones--clutter--rliU-phUj_1RFCbZecgq_iYloX7FG2ATpYe_1Lm-bO4-00369.jpg": {"object_bounding_box": [307, 650, 361, 328], "object_presence": 1}, "P295--headphones--clutter--rliU-phUj_1RFCbZecgq_iYloX7FG2ATpYe_1Lm-bO4-00370.jpg": {"object_bounding_box": [305, 652, 365, 323], "object_presence": 1}, "P295--headphones--clutter--rliU-phUj_1RFCbZecgq_iYloX7FG2ATpYe_1Lm-bO4-00371.jpg": {"object_bounding_box": [304, 653, 367, 325], "object_presence": 1}, "P295--headphones--clutter--rliU-phUj_1RFCbZecgq_iYloX7FG2ATpYe_1Lm-bO4-00372.jpg": {"object_bounding_box": [297, 653, 362, 325], "object_presence": 1}, "P295--headphones--clutter--rliU-phUj_1RFCbZecgq_iYloX7FG2ATpYe_1Lm-bO4-00373.jpg": {"object_bounding_box": [297, 654, 362, 329], "object_presence": 1}, "P295--headphones--clutter--rliU-phUj_1RFCbZecgq_iYloX7FG2ATpYe_1Lm-bO4-00374.jpg": {"object_bounding_box": [299, 659, 359, 326], "object_presence": 1}, "P295--headphones--clutter--rliU-phUj_1RFCbZecgq_iYloX7FG2ATpYe_1Lm-bO4-00375.jpg": {"object_bounding_box": [295, 663, 361, 326], "object_presence": 1}, "P295--headphones--clutter--rliU-phUj_1RFCbZecgq_iYloX7FG2ATpYe_1Lm-bO4-00376.jpg": {"object_bounding_box": [293, 665, 365, 324], "object_presence": 1}, "P295--headphones--clutter--rliU-phUj_1RFCbZecgq_iYloX7FG2ATpYe_1Lm-bO4-00377.jpg": {"object_bounding_box": [287, 663, 365, 327], "object_presence": 1}, "P295--headphones--clutter--rliU-phUj_1RFCbZecgq_iYloX7FG2ATpYe_1Lm-bO4-00378.jpg": {"object_bounding_box": [282, 662, 367, 324], "object_presence": 1}, "P295--headphones--clutter--rliU-phUj_1RFCbZecgq_iYloX7FG2ATpYe_1Lm-bO4-00379.jpg": {"object_bounding_box": [276, 662, 364, 329], "object_presence": 1}, "P295--headphones--clutter--rliU-phUj_1RFCbZecgq_iYloX7FG2ATpYe_1Lm-bO4-00380.jpg": {"object_bounding_box": [271, 655, 361, 327], "object_presence": 1}, "P295--headphones--clutter--rliU-phUj_1RFCbZecgq_iYloX7FG2ATpYe_1Lm-bO4-00381.jpg": {"object_bounding_box": [267, 648, 355, 325], "object_presence": 1}, "P295--headphones--clutter--rliU-phUj_1RFCbZecgq_iYloX7FG2ATpYe_1Lm-bO4-00382.jpg": {"object_bounding_box": [265, 642, 359, 328], "object_presence": 1}, "P295--headphones--clutter--rliU-phUj_1RFCbZecgq_iYloX7FG2ATpYe_1Lm-bO4-00383.jpg": {"object_bounding_box": [262, 638, 366, 329], "object_presence": 1}, "P295--headphones--clutter--rliU-phUj_1RFCbZecgq_iYloX7FG2ATpYe_1Lm-bO4-00384.jpg": {"object_bounding_box": [255, 631, 361, 330], "object_presence": 1}, "P295--headphones--clutter--rliU-phUj_1RFCbZecgq_iYloX7FG2ATpYe_1Lm-bO4-00385.jpg": {"object_bounding_box": [248, 628, 367, 330], "object_presence": 1}, "P295--headphones--clutter--rliU-phUj_1RFCbZecgq_iYloX7FG2ATpYe_1Lm-bO4-00386.jpg": {"object_bounding_box": [245, 626, 355, 326], "object_presence": 1}, "P295--headphones--clutter--rliU-phUj_1RFCbZecgq_iYloX7FG2ATpYe_1Lm-bO4-00387.jpg": {"object_bounding_box": [252, 626, 358, 328], "object_presence": 1}, "P295--headphones--clutter--rliU-phUj_1RFCbZecgq_iYloX7FG2ATpYe_1Lm-bO4-00388.jpg": {"object_bounding_box": [256, 622, 366, 327], "object_presence": 1}, "P295--headphones--clutter--rliU-phUj_1RFCbZecgq_iYloX7FG2ATpYe_1Lm-bO4-00389.jpg": {"object_bounding_box": [250, 618, 361, 330], "object_presence": 1}, "P295--headphones--clutter--rliU-phUj_1RFCbZecgq_iYloX7FG2ATpYe_1Lm-bO4-00390.jpg": {"object_bounding_box": [248, 618, 364, 333], "object_presence": 1}, "P295--headphones--clutter--rliU-phUj_1RFCbZecgq_iYloX7FG2ATpYe_1Lm-bO4-00391.jpg": {"object_bounding_box": [246, 613, 363, 332], "object_presence": 1}, "P295--headphones--clutter--rliU-phUj_1RFCbZecgq_iYloX7FG2ATpYe_1Lm-bO4-00392.jpg": {"object_bounding_box": [245, 613, 365, 332], "object_presence": 1}, "P295--headphones--clutter--rliU-phUj_1RFCbZecgq_iYloX7FG2ATpYe_1Lm-bO4-00393.jpg": {"object_bounding_box": [242, 614, 362, 334], "object_presence": 1}, "P295--headphones--clutter--rliU-phUj_1RFCbZecgq_iYloX7FG2ATpYe_1Lm-bO4-00394.jpg": {"object_bounding_box": [242, 613, 369, 332], "object_presence": 1}, "P295--headphones--clutter--rliU-phUj_1RFCbZecgq_iYloX7FG2ATpYe_1Lm-bO4-00395.jpg": {"object_bounding_box": [240, 611, 373, 328], "object_presence": 1}, "P295--headphones--clutter--rliU-phUj_1RFCbZecgq_iYloX7FG2ATpYe_1Lm-bO4-00396.jpg": {"object_bounding_box": [240, 607, 373, 330], "object_presence": 1}, "P295--headphones--clutter--rliU-phUj_1RFCbZecgq_iYloX7FG2ATpYe_1Lm-bO4-00397.jpg": {"object_bounding_box": [237, 602, 368, 330], "object_presence": 1}, "P295--headphones--clutter--rliU-phUj_1RFCbZecgq_iYloX7FG2ATpYe_1Lm-bO4-00398.jpg": {"object_bounding_box": [235, 599, 371, 329], "object_presence": 1}, "P295--headphones--clutter--rliU-phUj_1RFCbZecgq_iYloX7FG2ATpYe_1Lm-bO4-00399.jpg": {"object_bounding_box": [234, 592, 373, 334], "object_presence": 1}, "P295--headphones--clutter--rliU-phUj_1RFCbZecgq_iYloX7FG2ATpYe_1Lm-bO4-00400.jpg": {"object_bounding_box": [233, 591, 364, 333], "object_presence": 1}, "P295--headphones--clutter--rliU-phUj_1RFCbZecgq_iYloX7FG2ATpYe_1Lm-bO4-00401.jpg": {"object_bounding_box": [234, 588, 367, 332], "object_presence": 1}, "P295--headphones--clutter--rliU-phUj_1RFCbZecgq_iYloX7FG2ATpYe_1Lm-bO4-00402.jpg": {"object_bounding_box": [233, 584, 370, 329], "object_presence": 1}, "P295--headphones--clutter--rliU-phUj_1RFCbZecgq_iYloX7FG2ATpYe_1Lm-bO4-00403.jpg": {"object_bounding_box": [232, 582, 369, 333], "object_presence": 1}, "P295--headphones--clutter--rliU-phUj_1RFCbZecgq_iYloX7FG2ATpYe_1Lm-bO4-00404.jpg": {"object_bounding_box": [235, 581, 369, 331], "object_presence": 1}, "P295--headphones--clutter--rliU-phUj_1RFCbZecgq_iYloX7FG2ATpYe_1Lm-bO4-00405.jpg": {"object_bounding_box": [238, 578, 369, 333], "object_presence": 1}, "P295--headphones--clutter--rliU-phUj_1RFCbZecgq_iYloX7FG2ATpYe_1Lm-bO4-00406.jpg": {"object_bounding_box": [240, 576, 370, 329], "object_presence": 1}, "P295--headphones--clutter--rliU-phUj_1RFCbZecgq_iYloX7FG2ATpYe_1Lm-bO4-00407.jpg": {"object_bounding_box": [235, 572, 373, 331], "object_presence": 1}, "P295--headphones--clutter--rliU-phUj_1RFCbZecgq_iYloX7FG2ATpYe_1Lm-bO4-00408.jpg": {"object_bounding_box": [224, 571, 374, 333], "object_presence": 1}, "P295--headphones--clutter--rliU-phUj_1RFCbZecgq_iYloX7FG2ATpYe_1Lm-bO4-00409.jpg": {"object_bounding_box": [216, 569, 381, 336], "object_presence": 1}, "P295--headphones--clutter--rliU-phUj_1RFCbZecgq_iYloX7FG2ATpYe_1Lm-bO4-00410.jpg": {"object_bounding_box": [202, 563, 374, 334], "object_presence": 1}, "P295--headphones--clutter--rliU-phUj_1RFCbZecgq_iYloX7FG2ATpYe_1Lm-bO4-00411.jpg": {"object_bounding_box": [199, 559, 379, 341], "object_presence": 1}, "P295--headphones--clutter--rliU-phUj_1RFCbZecgq_iYloX7FG2ATpYe_1Lm-bO4-00412.jpg": {"object_bounding_box": [198, 555, 382, 336], "object_presence": 1}, "P295--headphones--clutter--rliU-phUj_1RFCbZecgq_iYloX7FG2ATpYe_1Lm-bO4-00413.jpg": {"object_bounding_box": [200, 555, 377, 336], "object_presence": 1}, "P295--headphones--clutter--rliU-phUj_1RFCbZecgq_iYloX7FG2ATpYe_1Lm-bO4-00414.jpg": {"object_bounding_box": [203, 563, 368, 343], "object_presence": 1}, "P295--headphones--clutter--rliU-phUj_1RFCbZecgq_iYloX7FG2ATpYe_1Lm-bO4-00415.jpg": {"object_bounding_box": [211, 568, 383, 342], "object_presence": 1}, "P295--headphones--clutter--rliU-phUj_1RFCbZecgq_iYloX7FG2ATpYe_1Lm-bO4-00416.jpg": {"object_bounding_box": [210, 571, 373, 336], "object_presence": 1}, "P295--headphones--clutter--rliU-phUj_1RFCbZecgq_iYloX7FG2ATpYe_1Lm-bO4-00417.jpg": {"object_bounding_box": [214, 572, 374, 339], "object_presence": 1}, "P295--headphones--clutter--rliU-phUj_1RFCbZecgq_iYloX7FG2ATpYe_1Lm-bO4-00418.jpg": {"object_bounding_box": [214, 572, 374, 339], "object_presence": 1}, "P295--headphones--clutter--rliU-phUj_1RFCbZecgq_iYloX7FG2ATpYe_1Lm-bO4-00419.jpg": {"object_bounding_box": [223, 572, 375, 339], "object_presence": 1}, "P295--headphones--clutter--rliU-phUj_1RFCbZecgq_iYloX7FG2ATpYe_1Lm-bO4-00420.jpg": {"object_bounding_box": [222, 572, 373, 339], "object_presence": 1}, "P295--headphones--clutter--rliU-phUj_1RFCbZecgq_iYloX7FG2ATpYe_1Lm-bO4-00421.jpg": {"object_bounding_box": [222, 572, 373, 339], "object_presence": 1}, "P295--headphones--clutter--rliU-phUj_1RFCbZecgq_iYloX7FG2ATpYe_1Lm-bO4-00422.jpg": {"object_bounding_box": [231, 573, 367, 336], "object_presence": 1}, "P295--headphones--clutter--rliU-phUj_1RFCbZecgq_iYloX7FG2ATpYe_1Lm-bO4-00423.jpg": {"object_bounding_box": [241, 576, 369, 329], "object_presence": 1}, "P295--headphones--clutter--rliU-phUj_1RFCbZecgq_iYloX7FG2ATpYe_1Lm-bO4-00424.jpg": {"object_bounding_box": [248, 576, 376, 329], "object_presence": 1}, "P295--headphones--clutter--rliU-phUj_1RFCbZecgq_iYloX7FG2ATpYe_1Lm-bO4-00425.jpg": {"object_bounding_box": [248, 578, 376, 333], "object_presence": 1}, "P295--headphones--clutter--rliU-phUj_1RFCbZecgq_iYloX7FG2ATpYe_1Lm-bO4-00426.jpg": {"object_bounding_box": [248, 578, 376, 333], "object_presence": 1}, "P295--headphones--clutter--rliU-phUj_1RFCbZecgq_iYloX7FG2ATpYe_1Lm-bO4-00427.jpg": {"object_bounding_box": [252, 580, 369, 328], "object_presence": 1}, "P295--headphones--clutter--rliU-phUj_1RFCbZecgq_iYloX7FG2ATpYe_1Lm-bO4-00428.jpg": {"object_bounding_box": [256, 580, 368, 328], "object_presence": 1}, "P295--headphones--clutter--rliU-phUj_1RFCbZecgq_iYloX7FG2ATpYe_1Lm-bO4-00429.jpg": {"object_bounding_box": [256, 580, 360, 328], "object_presence": 1}, "P295--headphones--clutter--rliU-phUj_1RFCbZecgq_iYloX7FG2ATpYe_1Lm-bO4-00430.jpg": {"object_bounding_box": [255, 580, 362, 328], "object_presence": 1}, "P295--headphones--clutter--rliU-phUj_1RFCbZecgq_iYloX7FG2ATpYe_1Lm-bO4-00431.jpg": {"object_bounding_box": [252, 580, 368, 328], "object_presence": 1}, "P295--headphones--clutter--rliU-phUj_1RFCbZecgq_iYloX7FG2ATpYe_1Lm-bO4-00432.jpg": {"object_bounding_box": [251, 580, 370, 328], "object_presence": 1}, "P295--headphones--clutter--rliU-phUj_1RFCbZecgq_iYloX7FG2ATpYe_1Lm-bO4-00433.jpg": {"object_bounding_box": [243, 575, 370, 328], "object_presence": 1}, "P295--headphones--clutter--rliU-phUj_1RFCbZecgq_iYloX7FG2ATpYe_1Lm-bO4-00434.jpg": {"object_bounding_box": [243, 575, 370, 328], "object_presence": 1}, "P295--headphones--clutter--rliU-phUj_1RFCbZecgq_iYloX7FG2ATpYe_1Lm-bO4-00435.jpg": {"object_bounding_box": [243, 575, 370, 328], "object_presence": 1}, "P295--headphones--clutter--rliU-phUj_1RFCbZecgq_iYloX7FG2ATpYe_1Lm-bO4-00436.jpg": {"object_bounding_box": [243, 573, 370, 331], "object_presence": 1}, "P295--headphones--clutter--rliU-phUj_1RFCbZecgq_iYloX7FG2ATpYe_1Lm-bO4-00437.jpg": {"object_bounding_box": [244, 573, 368, 331], "object_presence": 1}, "P295--headphones--clutter--rliU-phUj_1RFCbZecgq_iYloX7FG2ATpYe_1Lm-bO4-00438.jpg": {"object_bounding_box": [244, 573, 368, 331], "object_presence": 1}, "P295--headphones--clutter--rliU-phUj_1RFCbZecgq_iYloX7FG2ATpYe_1Lm-bO4-00439.jpg": {"object_bounding_box": [244, 573, 368, 331], "object_presence": 1}, "P295--headphones--clutter--rliU-phUj_1RFCbZecgq_iYloX7FG2ATpYe_1Lm-bO4-00440.jpg": {"object_bounding_box": [247, 571, 373, 335], "object_presence": 1}, "P295--headphones--clutter--rliU-phUj_1RFCbZecgq_iYloX7FG2ATpYe_1Lm-bO4-00441.jpg": {"object_bounding_box": [247, 568, 374, 328], "object_presence": 1}, "P295--headphones--clutter--rliU-phUj_1RFCbZecgq_iYloX7FG2ATpYe_1Lm-bO4-00442.jpg": {"object_bounding_box": [246, 565, 376, 334], "object_presence": 1}, "P295--headphones--clutter--rliU-phUj_1RFCbZecgq_iYloX7FG2ATpYe_1Lm-bO4-00443.jpg": {"object_bounding_box": [244, 560, 378, 335], "object_presence": 1}, "P295--headphones--clutter--rliU-phUj_1RFCbZecgq_iYloX7FG2ATpYe_1Lm-bO4-00444.jpg": {"object_bounding_box": [237, 558, 370, 332], "object_presence": 1}, "P295--headphones--clutter--rliU-phUj_1RFCbZecgq_iYloX7FG2ATpYe_1Lm-bO4-00445.jpg": {"object_bounding_box": [234, 555, 377, 337], "object_presence": 1}, "P295--headphones--clutter--rliU-phUj_1RFCbZecgq_iYloX7FG2ATpYe_1Lm-bO4-00446.jpg": {"object_bounding_box": [225, 554, 375, 335], "object_presence": 1}, "P295--headphones--clutter--rliU-phUj_1RFCbZecgq_iYloX7FG2ATpYe_1Lm-bO4-00447.jpg": {"object_bounding_box": [225, 554, 375, 335], "object_presence": 1}, "P295--headphones--clutter--rliU-phUj_1RFCbZecgq_iYloX7FG2ATpYe_1Lm-bO4-00448.jpg": {"object_bounding_box": [225, 554, 375, 335], "object_presence": 1}, "P295--headphones--clutter--rliU-phUj_1RFCbZecgq_iYloX7FG2ATpYe_1Lm-bO4-00449.jpg": {"object_bounding_box": [225, 554, 375, 335], "object_presence": 1}, "P295--headphones--clutter--rliU-phUj_1RFCbZecgq_iYloX7FG2ATpYe_1Lm-bO4-00450.jpg": {"object_bounding_box": [232, 553, 375, 335], "object_presence": 1}, "P295--headphones--clutter--rliU-phUj_1RFCbZecgq_iYloX7FG2ATpYe_1Lm-bO4-00451.jpg": {"object_bounding_box": [233, 553, 375, 335], "object_presence": 1}, "P295--headphones--clutter--rliU-phUj_1RFCbZecgq_iYloX7FG2ATpYe_1Lm-bO4-00452.jpg": {"object_bounding_box": [234, 549, 375, 335], "object_presence": 1}, "P295--headphones--clutter--rliU-phUj_1RFCbZecgq_iYloX7FG2ATpYe_1Lm-bO4-00453.jpg": {"object_bounding_box": [234, 549, 375, 335], "object_presence": 1}, "P295--headphones--clutter--rliU-phUj_1RFCbZecgq_iYloX7FG2ATpYe_1Lm-bO4-00454.jpg": {"object_bounding_box": [234, 549, 375, 335], "object_presence": 1}, "P295--headphones--clutter--rliU-phUj_1RFCbZecgq_iYloX7FG2ATpYe_1Lm-bO4-00455.jpg": {"object_bounding_box": [232, 551, 379, 333], "object_presence": 1}, "P295--headphones--clutter--rliU-phUj_1RFCbZecgq_iYloX7FG2ATpYe_1Lm-bO4-00456.jpg": {"object_bounding_box": [232, 551, 379, 333], "object_presence": 1}, "P295--headphones--clutter--rliU-phUj_1RFCbZecgq_iYloX7FG2ATpYe_1Lm-bO4-00457.jpg": {"object_bounding_box": [232, 551, 379, 333], "object_presence": 1}, "P295--headphones--clutter--rliU-phUj_1RFCbZecgq_iYloX7FG2ATpYe_1Lm-bO4-00458.jpg": {"object_bounding_box": [231, 555, 383, 336], "object_presence": 1}, "P295--headphones--clutter--rliU-phUj_1RFCbZecgq_iYloX7FG2ATpYe_1Lm-bO4-00459.jpg": {"object_bounding_box": [230, 552, 383, 336], "object_presence": 1}, "P295--headphones--clutter--rliU-phUj_1RFCbZecgq_iYloX7FG2ATpYe_1Lm-bO4-00460.jpg": {"object_bounding_box": [228, 553, 386, 335], "object_presence": 1}, "P295--headphones--clutter--rliU-phUj_1RFCbZecgq_iYloX7FG2ATpYe_1Lm-bO4-00461.jpg": {"object_bounding_box": [228, 552, 386, 334], "object_presence": 1}, "P295--headphones--clutter--rliU-phUj_1RFCbZecgq_iYloX7FG2ATpYe_1Lm-bO4-00462.jpg": {"object_bounding_box": [230, 552, 383, 334], "object_presence": 1}, "P295--headphones--clutter--rliU-phUj_1RFCbZecgq_iYloX7FG2ATpYe_1Lm-bO4-00463.jpg": {"object_bounding_box": [233, 552, 376, 334], "object_presence": 1}, "P295--headphones--clutter--rliU-phUj_1RFCbZecgq_iYloX7FG2ATpYe_1Lm-bO4-00464.jpg": {"object_bounding_box": [237, 557, 369, 336], "object_presence": 1}, "P295--headphones--clutter--rliU-phUj_1RFCbZecgq_iYloX7FG2ATpYe_1Lm-bO4-00465.jpg": {"object_bounding_box": [238, 558, 369, 336], "object_presence": 1}, "P295--headphones--clutter--rliU-phUj_1RFCbZecgq_iYloX7FG2ATpYe_1Lm-bO4-00466.jpg": {"object_bounding_box": [246, 556, 369, 329], "object_presence": 1}, "P295--headphones--clutter--rliU-phUj_1RFCbZecgq_iYloX7FG2ATpYe_1Lm-bO4-00467.jpg": {"object_bounding_box": [260, 554, 375, 328], "object_presence": 1}, "P295--headphones--clutter--rliU-phUj_1RFCbZecgq_iYloX7FG2ATpYe_1Lm-bO4-00468.jpg": {"object_bounding_box": [262, 554, 365, 328], "object_presence": 1}, "P295--headphones--clutter--rliU-phUj_1RFCbZecgq_iYloX7FG2ATpYe_1Lm-bO4-00469.jpg": {"object_bounding_box": [266, 551, 374, 329], "object_presence": 1}, "P295--headphones--clutter--rliU-phUj_1RFCbZecgq_iYloX7FG2ATpYe_1Lm-bO4-00470.jpg": {"object_bounding_box": [268, 551, 370, 329], "object_presence": 1}, "P295--headphones--clutter--rliU-phUj_1RFCbZecgq_iYloX7FG2ATpYe_1Lm-bO4-00471.jpg": {"object_bounding_box": [270, 551, 367, 329], "object_presence": 1}, "P295--headphones--clutter--rliU-phUj_1RFCbZecgq_iYloX7FG2ATpYe_1Lm-bO4-00472.jpg": {"object_bounding_box": [270, 551, 367, 329], "object_presence": 1}, "P295--headphones--clutter--rliU-phUj_1RFCbZecgq_iYloX7FG2ATpYe_1Lm-bO4-00473.jpg": {"object_bounding_box": [275, 548, 374, 329], "object_presence": 1}, "P295--headphones--clutter--rliU-phUj_1RFCbZecgq_iYloX7FG2ATpYe_1Lm-bO4-00474.jpg": {"object_bounding_box": [274, 549, 377, 329], "object_presence": 1}, "P295--headphones--clutter--rliU-phUj_1RFCbZecgq_iYloX7FG2ATpYe_1Lm-bO4-00475.jpg": {"object_bounding_box": [273, 551, 379, 333], "object_presence": 1}, "P295--headphones--clutter--rliU-phUj_1RFCbZecgq_iYloX7FG2ATpYe_1Lm-bO4-00476.jpg": {"object_bounding_box": [273, 553, 379, 333], "object_presence": 1}, "P295--headphones--clutter--rliU-phUj_1RFCbZecgq_iYloX7FG2ATpYe_1Lm-bO4-00477.jpg": {"object_bounding_box": [273, 556, 373, 329], "object_presence": 1}, "P295--headphones--clutter--rliU-phUj_1RFCbZecgq_iYloX7FG2ATpYe_1Lm-bO4-00478.jpg": {"object_bounding_box": [279, 565, 365, 325], "object_presence": 1}, "P295--headphones--clutter--rliU-phUj_1RFCbZecgq_iYloX7FG2ATpYe_1Lm-bO4-00479.jpg": {"object_bounding_box": [290, 565, 369, 325], "object_presence": 1}, "P295--headphones--clutter--rliU-phUj_1RFCbZecgq_iYloX7FG2ATpYe_1Lm-bO4-00480.jpg": {"object_bounding_box": [295, 568, 370, 323], "object_presence": 1}, "P295--headphones--clutter--rliU-phUj_1RFCbZecgq_iYloX7FG2ATpYe_1Lm-bO4-00481.jpg": {"object_bounding_box": [302, 575, 366, 323], "object_presence": 1}, "P295--headphones--clutter--rliU-phUj_1RFCbZecgq_iYloX7FG2ATpYe_1Lm-bO4-00482.jpg": {"object_bounding_box": [304, 581, 362, 324], "object_presence": 1}, "P295--headphones--clutter--rliU-phUj_1RFCbZecgq_iYloX7FG2ATpYe_1Lm-bO4-00483.jpg": {"object_bounding_box": [306, 585, 367, 325], "object_presence": 1}}