{"P332--my-airpod-pros-case--clutter--02-2RwyvJx0zA3JdzTdiy6fSnaspnEd4psF6SH5SnNw-00001.jpg": {"object_bounding_box": [540, 540, 1080, 1080], "object_presence": 1}, "P332--my-airpod-pros-case--clutter--02-2RwyvJx0zA3JdzTdiy6fSnaspnEd4psF6SH5SnNw-00002.jpg": {"object_bounding_box": [540, 540, 1080, 1080], "object_presence": 1}, "P332--my-airpod-pros-case--clutter--02-2RwyvJx0zA3JdzTdiy6fSnaspnEd4psF6SH5SnNw-00003.jpg": {"object_bounding_box": [540, 540, 1080, 1080], "object_presence": 1}, "P332--my-airpod-pros-case--clutter--02-2RwyvJx0zA3JdzTdiy6fSnaspnEd4psF6SH5SnNw-00004.jpg": {"object_bounding_box": [540, 540, 1080, 1080], "object_presence": 1}, "P332--my-airpod-pros-case--clutter--02-2RwyvJx0zA3JdzTdiy6fSnaspnEd4psF6SH5SnNw-00005.jpg": {"object_bounding_box": [540, 540, 1080, 1080], "object_presence": 1}, "P332--my-airpod-pros-case--clutter--02-2RwyvJx0zA3JdzTdiy6fSnaspnEd4psF6SH5SnNw-00006.jpg": {"object_bounding_box": [540, 540, 1080, 1080], "object_presence": 1}, "P332--my-airpod-pros-case--clutter--02-2RwyvJx0zA3JdzTdiy6fSnaspnEd4psF6SH5SnNw-00007.jpg": {"object_bounding_box": [540, 540, 1080, 1080], "object_presence": 1}, "P332--my-airpod-pros-case--clutter--02-2RwyvJx0zA3JdzTdiy6fSnaspnEd4psF6SH5SnNw-00008.jpg": {"object_bounding_box": [540, 540, 1080, 1080], "object_presence": 1}, "P332--my-airpod-pros-case--clutter--02-2RwyvJx0zA3JdzTdiy6fSnaspnEd4psF6SH5SnNw-00009.jpg": {"object_bounding_box": [540, 540, 1080, 1080], "object_presence": 1}, "P332--my-airpod-pros-case--clutter--02-2RwyvJx0zA3JdzTdiy6fSnaspnEd4psF6SH5SnNw-00010.jpg": {"object_bounding_box": [540, 540, 1080, 1080], "object_presence": 1}, "P332--my-airpod-pros-case--clutter--02-2RwyvJx0zA3JdzTdiy6fSnaspnEd4psF6SH5SnNw-00011.jpg": {"object_bounding_box": [540, 540, 1080, 1080], "object_presence": 1}, "P332--my-airpod-pros-case--clutter--02-2RwyvJx0zA3JdzTdiy6fSnaspnEd4psF6SH5SnNw-00012.jpg": {"object_bounding_box": [540, 540, 1080, 1080], "object_presence": 1}, "P332--my-airpod-pros-case--clutter--02-2RwyvJx0zA3JdzTdiy6fSnaspnEd4psF6SH5SnNw-00013.jpg": {"object_bounding_box": [540, 540, 1080, 1080], "object_presence": 1}, "P332--my-airpod-pros-case--clutter--02-2RwyvJx0zA3JdzTdiy6fSnaspnEd4psF6SH5SnNw-00014.jpg": {"object_bounding_box": [540, 540, 1080, 1080], "object_presence": 1}, "P332--my-airpod-pros-case--clutter--02-2RwyvJx0zA3JdzTdiy6fSnaspnEd4psF6SH5SnNw-00015.jpg": {"object_bounding_box": [540, 540, 1080, 1080], "object_presence": 1}, "P332--my-airpod-pros-case--clutter--02-2RwyvJx0zA3JdzTdiy6fSnaspnEd4psF6SH5SnNw-00016.jpg": {"object_bounding_box": [540, 540, 1080, 1080], "object_presence": 1}, "P332--my-airpod-pros-case--clutter--02-2RwyvJx0zA3JdzTdiy6fSnaspnEd4psF6SH5SnNw-00017.jpg": {"object_bounding_box": [540, 540, 1080, 1080], "object_presence": 1}, "P332--my-airpod-pros-case--clutter--02-2RwyvJx0zA3JdzTdiy6fSnaspnEd4psF6SH5SnNw-00018.jpg": {"object_bounding_box": [540, 540, 1080, 1080], "object_presence": 1}, "P332--my-airpod-pros-case--clutter--02-2RwyvJx0zA3JdzTdiy6fSnaspnEd4psF6SH5SnNw-00019.jpg": {"object_bounding_box": [540, 540, 1080, 1080], "object_presence": 1}, "P332--my-airpod-pros-case--clutter--02-2RwyvJx0zA3JdzTdiy6fSnaspnEd4psF6SH5SnNw-00020.jpg": {"object_bounding_box": [540, 540, 1080, 1080], "object_presence": 1}, "P332--my-airpod-pros-case--clutter--02-2RwyvJx0zA3JdzTdiy6fSnaspnEd4psF6SH5SnNw-00021.jpg": {"object_bounding_box": [540, 540, 1080, 1080], "object_presence": 1}, "P332--my-airpod-pros-case--clutter--02-2RwyvJx0zA3JdzTdiy6fSnaspnEd4psF6SH5SnNw-00022.jpg": {"object_bounding_box": [540, 540, 1080, 1080], "object_presence": 1}, "P332--my-airpod-pros-case--clutter--02-2RwyvJx0zA3JdzTdiy6fSnaspnEd4psF6SH5SnNw-00023.jpg": {"object_bounding_box": [540, 540, 1080, 1080], "object_presence": 1}, "P332--my-airpod-pros-case--clutter--02-2RwyvJx0zA3JdzTdiy6fSnaspnEd4psF6SH5SnNw-00024.jpg": {"object_bounding_box": [540, 540, 1080, 1080], "object_presence": 1}, "P332--my-airpod-pros-case--clutter--02-2RwyvJx0zA3JdzTdiy6fSnaspnEd4psF6SH5SnNw-00025.jpg": {"object_bounding_box": [540, 540, 1080, 1080], "object_presence": 1}, "P332--my-airpod-pros-case--clutter--02-2RwyvJx0zA3JdzTdiy6fSnaspnEd4psF6SH5SnNw-00026.jpg": {"object_bounding_box": [540, 540, 1080, 1080], "object_presence": 1}, "P332--my-airpod-pros-case--clutter--02-2RwyvJx0zA3JdzTdiy6fSnaspnEd4psF6SH5SnNw-00027.jpg": {"object_bounding_box": [540, 540, 1080, 1080], "object_presence": 1}, "P332--my-airpod-pros-case--clutter--02-2RwyvJx0zA3JdzTdiy6fSnaspnEd4psF6SH5SnNw-00028.jpg": {"object_bounding_box": [540, 540, 1080, 1080], "object_presence": 1}, "P332--my-airpod-pros-case--clutter--02-2RwyvJx0zA3JdzTdiy6fSnaspnEd4psF6SH5SnNw-00029.jpg": {"object_bounding_box": [540, 540, 1080, 1080], "object_presence": 1}, "P332--my-airpod-pros-case--clutter--02-2RwyvJx0zA3JdzTdiy6fSnaspnEd4psF6SH5SnNw-00030.jpg": {"object_bounding_box": [540, 558, 1080, 1044], "object_presence": 1}, "P332--my-airpod-pros-case--clutter--02-2RwyvJx0zA3JdzTdiy6fSnaspnEd4psF6SH5SnNw-00031.jpg": {"object_bounding_box": [540, 576, 1080, 1009], "object_presence": 1}, "P332--my-airpod-pros-case--clutter--02-2RwyvJx0zA3JdzTdiy6fSnaspnEd4psF6SH5SnNw-00032.jpg": {"object_bounding_box": [523, 584, 1046, 992], "object_presence": 1}, "P332--my-airpod-pros-case--clutter--02-2RwyvJx0zA3JdzTdiy6fSnaspnEd4psF6SH5SnNw-00033.jpg": {"object_bounding_box": [511, 591, 1023, 978], "object_presence": 1}, "P332--my-airpod-pros-case--clutter--02-2RwyvJx0zA3JdzTdiy6fSnaspnEd4psF6SH5SnNw-00034.jpg": {"object_bounding_box": [500, 598, 1000, 965], "object_presence": 1}, "P332--my-airpod-pros-case--clutter--02-2RwyvJx0zA3JdzTdiy6fSnaspnEd4psF6SH5SnNw-00035.jpg": {"object_bounding_box": [500, 596, 1000, 968], "object_presence": 1}, "P332--my-airpod-pros-case--clutter--02-2RwyvJx0zA3JdzTdiy6fSnaspnEd4psF6SH5SnNw-00036.jpg": {"object_bounding_box": [500, 595, 1000, 970], "object_presence": 1}, "P332--my-airpod-pros-case--clutter--02-2RwyvJx0zA3JdzTdiy6fSnaspnEd4psF6SH5SnNw-00037.jpg": {"object_bounding_box": [500, 593, 1000, 973], "object_presence": 1}, "P332--my-airpod-pros-case--clutter--02-2RwyvJx0zA3JdzTdiy6fSnaspnEd4psF6SH5SnNw-00038.jpg": {"object_bounding_box": [500, 593, 1000, 975], "object_presence": 1}, "P332--my-airpod-pros-case--clutter--02-2RwyvJx0zA3JdzTdiy6fSnaspnEd4psF6SH5SnNw-00039.jpg": {"object_bounding_box": [500, 587, 1000, 985], "object_presence": 1}, "P332--my-airpod-pros-case--clutter--02-2RwyvJx0zA3JdzTdiy6fSnaspnEd4psF6SH5SnNw-00040.jpg": {"object_bounding_box": [500, 591, 1000, 978], "object_presence": 1}, "P332--my-airpod-pros-case--clutter--02-2RwyvJx0zA3JdzTdiy6fSnaspnEd4psF6SH5SnNw-00041.jpg": {"object_bounding_box": [494, 596, 988, 968], "object_presence": 1}, "P332--my-airpod-pros-case--clutter--02-2RwyvJx0zA3JdzTdiy6fSnaspnEd4psF6SH5SnNw-00042.jpg": {"object_bounding_box": [487, 607, 973, 946], "object_presence": 1}, "P332--my-airpod-pros-case--clutter--02-2RwyvJx0zA3JdzTdiy6fSnaspnEd4psF6SH5SnNw-00043.jpg": {"object_bounding_box": [472, 618, 944, 924], "object_presence": 1}, "P332--my-airpod-pros-case--clutter--02-2RwyvJx0zA3JdzTdiy6fSnaspnEd4psF6SH5SnNw-00044.jpg": {"object_bounding_box": [459, 626, 919, 909], "object_presence": 1}, "P332--my-airpod-pros-case--clutter--02-2RwyvJx0zA3JdzTdiy6fSnaspnEd4psF6SH5SnNw-00045.jpg": {"object_bounding_box": [447, 633, 893, 894], "object_presence": 1}, "P332--my-airpod-pros-case--clutter--02-2RwyvJx0zA3JdzTdiy6fSnaspnEd4psF6SH5SnNw-00046.jpg": {"object_bounding_box": [432, 639, 864, 882], "object_presence": 1}, "P332--my-airpod-pros-case--clutter--02-2RwyvJx0zA3JdzTdiy6fSnaspnEd4psF6SH5SnNw-00047.jpg": {"object_bounding_box": [417, 645, 834, 870], "object_presence": 1}, "P332--my-airpod-pros-case--clutter--02-2RwyvJx0zA3JdzTdiy6fSnaspnEd4psF6SH5SnNw-00048.jpg": {"object_bounding_box": [408, 648, 815, 863], "object_presence": 1}, "P332--my-airpod-pros-case--clutter--02-2RwyvJx0zA3JdzTdiy6fSnaspnEd4psF6SH5SnNw-00049.jpg": {"object_bounding_box": [404, 648, 807, 863], "object_presence": 1}, "P332--my-airpod-pros-case--clutter--02-2RwyvJx0zA3JdzTdiy6fSnaspnEd4psF6SH5SnNw-00050.jpg": {"object_bounding_box": [399, 648, 799, 863], "object_presence": 1}, "P332--my-airpod-pros-case--clutter--02-2RwyvJx0zA3JdzTdiy6fSnaspnEd4psF6SH5SnNw-00051.jpg": {"object_bounding_box": [403, 641, 805, 878], "object_presence": 1}, "P332--my-airpod-pros-case--clutter--02-2RwyvJx0zA3JdzTdiy6fSnaspnEd4psF6SH5SnNw-00052.jpg": {"object_bounding_box": [409, 636, 819, 889], "object_presence": 1}, "P332--my-airpod-pros-case--clutter--02-2RwyvJx0zA3JdzTdiy6fSnaspnEd4psF6SH5SnNw-00053.jpg": {"object_bounding_box": [417, 634, 834, 892], "object_presence": 1}, "P332--my-airpod-pros-case--clutter--02-2RwyvJx0zA3JdzTdiy6fSnaspnEd4psF6SH5SnNw-00054.jpg": {"object_bounding_box": [428, 631, 856, 897], "object_presence": 1}, "P332--my-airpod-pros-case--clutter--02-2RwyvJx0zA3JdzTdiy6fSnaspnEd4psF6SH5SnNw-00055.jpg": {"object_bounding_box": [435, 631, 871, 897], "object_presence": 1}, "P332--my-airpod-pros-case--clutter--02-2RwyvJx0zA3JdzTdiy6fSnaspnEd4psF6SH5SnNw-00056.jpg": {"object_bounding_box": [442, 631, 885, 897], "object_presence": 1}, "P332--my-airpod-pros-case--clutter--02-2RwyvJx0zA3JdzTdiy6fSnaspnEd4psF6SH5SnNw-00057.jpg": {"object_bounding_box": [448, 634, 895, 892], "object_presence": 1}, "P332--my-airpod-pros-case--clutter--02-2RwyvJx0zA3JdzTdiy6fSnaspnEd4psF6SH5SnNw-00058.jpg": {"object_bounding_box": [448, 638, 895, 884], "object_presence": 1}, "P332--my-airpod-pros-case--clutter--02-2RwyvJx0zA3JdzTdiy6fSnaspnEd4psF6SH5SnNw-00059.jpg": {"object_bounding_box": [448, 641, 895, 878], "object_presence": 1}, "P332--my-airpod-pros-case--clutter--02-2RwyvJx0zA3JdzTdiy6fSnaspnEd4psF6SH5SnNw-00060.jpg": {"object_bounding_box": [451, 648, 902, 865], "object_presence": 1}, "P332--my-airpod-pros-case--clutter--02-2RwyvJx0zA3JdzTdiy6fSnaspnEd4psF6SH5SnNw-00061.jpg": {"object_bounding_box": [451, 649, 902, 862], "object_presence": 1}, "P332--my-airpod-pros-case--clutter--02-2RwyvJx0zA3JdzTdiy6fSnaspnEd4psF6SH5SnNw-00062.jpg": {"object_bounding_box": [453, 659, 907, 841], "object_presence": 1}, "P332--my-airpod-pros-case--clutter--02-2RwyvJx0zA3JdzTdiy6fSnaspnEd4psF6SH5SnNw-00063.jpg": {"object_bounding_box": [453, 667, 907, 826], "object_presence": 1}, "P332--my-airpod-pros-case--clutter--02-2RwyvJx0zA3JdzTdiy6fSnaspnEd4psF6SH5SnNw-00064.jpg": {"object_bounding_box": [453, 676, 907, 807], "object_presence": 1}, "P332--my-airpod-pros-case--clutter--02-2RwyvJx0zA3JdzTdiy6fSnaspnEd4psF6SH5SnNw-00065.jpg": {"object_bounding_box": [456, 688, 912, 784], "object_presence": 1}, "P332--my-airpod-pros-case--clutter--02-2RwyvJx0zA3JdzTdiy6fSnaspnEd4psF6SH5SnNw-00066.jpg": {"object_bounding_box": [456, 696, 912, 768], "object_presence": 1}, "P332--my-airpod-pros-case--clutter--02-2RwyvJx0zA3JdzTdiy6fSnaspnEd4psF6SH5SnNw-00067.jpg": {"object_bounding_box": [458, 703, 915, 753], "object_presence": 1}, "P332--my-airpod-pros-case--clutter--02-2RwyvJx0zA3JdzTdiy6fSnaspnEd4psF6SH5SnNw-00068.jpg": {"object_bounding_box": [459, 709, 919, 743], "object_presence": 1}, "P332--my-airpod-pros-case--clutter--02-2RwyvJx0zA3JdzTdiy6fSnaspnEd4psF6SH5SnNw-00069.jpg": {"object_bounding_box": [459, 711, 919, 738], "object_presence": 1}, "P332--my-airpod-pros-case--clutter--02-2RwyvJx0zA3JdzTdiy6fSnaspnEd4psF6SH5SnNw-00070.jpg": {"object_bounding_box": [459, 714, 919, 731], "object_presence": 1}, "P332--my-airpod-pros-case--clutter--02-2RwyvJx0zA3JdzTdiy6fSnaspnEd4psF6SH5SnNw-00071.jpg": {"object_bounding_box": [458, 718, 915, 724], "object_presence": 1}, "P332--my-airpod-pros-case--clutter--02-2RwyvJx0zA3JdzTdiy6fSnaspnEd4psF6SH5SnNw-00072.jpg": {"object_bounding_box": [458, 717, 915, 725], "object_presence": 1}, "P332--my-airpod-pros-case--clutter--02-2RwyvJx0zA3JdzTdiy6fSnaspnEd4psF6SH5SnNw-00073.jpg": {"object_bounding_box": [458, 717, 915, 726], "object_presence": 1}, "P332--my-airpod-pros-case--clutter--02-2RwyvJx0zA3JdzTdiy6fSnaspnEd4psF6SH5SnNw-00074.jpg": {"object_bounding_box": [465, 717, 931, 726], "object_presence": 1}, "P332--my-airpod-pros-case--clutter--02-2RwyvJx0zA3JdzTdiy6fSnaspnEd4psF6SH5SnNw-00075.jpg": {"object_bounding_box": [473, 719, 946, 723], "object_presence": 1}, "P332--my-airpod-pros-case--clutter--02-2RwyvJx0zA3JdzTdiy6fSnaspnEd4psF6SH5SnNw-00076.jpg": {"object_bounding_box": [480, 720, 959, 721], "object_presence": 1}, "P332--my-airpod-pros-case--clutter--02-2RwyvJx0zA3JdzTdiy6fSnaspnEd4psF6SH5SnNw-00077.jpg": {"object_bounding_box": [486, 723, 973, 714], "object_presence": 1}, "P332--my-airpod-pros-case--clutter--02-2RwyvJx0zA3JdzTdiy6fSnaspnEd4psF6SH5SnNw-00078.jpg": {"object_bounding_box": [494, 727, 988, 706], "object_presence": 1}, "P332--my-airpod-pros-case--clutter--02-2RwyvJx0zA3JdzTdiy6fSnaspnEd4psF6SH5SnNw-00079.jpg": {"object_bounding_box": [494, 731, 988, 697], "object_presence": 1}, "P332--my-airpod-pros-case--clutter--02-2RwyvJx0zA3JdzTdiy6fSnaspnEd4psF6SH5SnNw-00080.jpg": {"object_bounding_box": [492, 741, 983, 679], "object_presence": 1}, "P332--my-airpod-pros-case--clutter--02-2RwyvJx0zA3JdzTdiy6fSnaspnEd4psF6SH5SnNw-00081.jpg": {"object_bounding_box": [489, 744, 978, 672], "object_presence": 1}, "P332--my-airpod-pros-case--clutter--02-2RwyvJx0zA3JdzTdiy6fSnaspnEd4psF6SH5SnNw-00082.jpg": {"object_bounding_box": [484, 744, 968, 672], "object_presence": 1}, "P332--my-airpod-pros-case--clutter--02-2RwyvJx0zA3JdzTdiy6fSnaspnEd4psF6SH5SnNw-00083.jpg": {"object_bounding_box": [474, 740, 948, 680], "object_presence": 1}, "P332--my-airpod-pros-case--clutter--02-2RwyvJx0zA3JdzTdiy6fSnaspnEd4psF6SH5SnNw-00084.jpg": {"object_bounding_box": [466, 736, 932, 689], "object_presence": 1}, "P332--my-airpod-pros-case--clutter--02-2RwyvJx0zA3JdzTdiy6fSnaspnEd4psF6SH5SnNw-00085.jpg": {"object_bounding_box": [460, 735, 920, 690], "object_presence": 1}, "P332--my-airpod-pros-case--clutter--02-2RwyvJx0zA3JdzTdiy6fSnaspnEd4psF6SH5SnNw-00086.jpg": {"object_bounding_box": [451, 739, 902, 680], "object_presence": 1}, "P332--my-airpod-pros-case--clutter--02-2RwyvJx0zA3JdzTdiy6fSnaspnEd4psF6SH5SnNw-00087.jpg": {"object_bounding_box": [446, 743, 891, 671], "object_presence": 1}, "P332--my-airpod-pros-case--clutter--02-2RwyvJx0zA3JdzTdiy6fSnaspnEd4psF6SH5SnNw-00088.jpg": {"object_bounding_box": [440, 748, 880, 661], "object_presence": 1}, "P332--my-airpod-pros-case--clutter--02-2RwyvJx0zA3JdzTdiy6fSnaspnEd4psF6SH5SnNw-00089.jpg": {"object_bounding_box": [435, 752, 870, 651], "object_presence": 1}, "P332--my-airpod-pros-case--clutter--02-2RwyvJx0zA3JdzTdiy6fSnaspnEd4psF6SH5SnNw-00090.jpg": {"object_bounding_box": [435, 749, 870, 659], "object_presence": 1}, "P332--my-airpod-pros-case--clutter--02-2RwyvJx0zA3JdzTdiy6fSnaspnEd4psF6SH5SnNw-00091.jpg": {"object_bounding_box": [435, 747, 870, 667], "object_presence": 1}, "P332--my-airpod-pros-case--clutter--02-2RwyvJx0zA3JdzTdiy6fSnaspnEd4psF6SH5SnNw-00092.jpg": {"object_bounding_box": [435, 744, 870, 672], "object_presence": 1}, "P332--my-airpod-pros-case--clutter--02-2RwyvJx0zA3JdzTdiy6fSnaspnEd4psF6SH5SnNw-00093.jpg": {"object_bounding_box": [434, 743, 867, 674], "object_presence": 1}, "P332--my-airpod-pros-case--clutter--02-2RwyvJx0zA3JdzTdiy6fSnaspnEd4psF6SH5SnNw-00094.jpg": {"object_bounding_box": [432, 742, 865, 677], "object_presence": 1}, "P332--my-airpod-pros-case--clutter--02-2RwyvJx0zA3JdzTdiy6fSnaspnEd4psF6SH5SnNw-00095.jpg": {"object_bounding_box": [431, 743, 862, 674], "object_presence": 1}, "P332--my-airpod-pros-case--clutter--02-2RwyvJx0zA3JdzTdiy6fSnaspnEd4psF6SH5SnNw-00096.jpg": {"object_bounding_box": [430, 744, 860, 672], "object_presence": 1}, "P332--my-airpod-pros-case--clutter--02-2RwyvJx0zA3JdzTdiy6fSnaspnEd4psF6SH5SnNw-00097.jpg": {"object_bounding_box": [429, 747, 857, 667], "object_presence": 1}, "P332--my-airpod-pros-case--clutter--02-2RwyvJx0zA3JdzTdiy6fSnaspnEd4psF6SH5SnNw-00098.jpg": {"object_bounding_box": [427, 749, 854, 662], "object_presence": 1}, "P332--my-airpod-pros-case--clutter--02-2RwyvJx0zA3JdzTdiy6fSnaspnEd4psF6SH5SnNw-00099.jpg": {"object_bounding_box": [425, 748, 849, 650], "object_presence": 1}, "P332--my-airpod-pros-case--clutter--02-2RwyvJx0zA3JdzTdiy6fSnaspnEd4psF6SH5SnNw-00100.jpg": {"object_bounding_box": [422, 748, 844, 639], "object_presence": 1}, "P332--my-airpod-pros-case--clutter--02-2RwyvJx0zA3JdzTdiy6fSnaspnEd4psF6SH5SnNw-00101.jpg": {"object_bounding_box": [417, 752, 834, 637], "object_presence": 1}, "P332--my-airpod-pros-case--clutter--02-2RwyvJx0zA3JdzTdiy6fSnaspnEd4psF6SH5SnNw-00102.jpg": {"object_bounding_box": [414, 757, 827, 630], "object_presence": 1}, "P332--my-airpod-pros-case--clutter--02-2RwyvJx0zA3JdzTdiy6fSnaspnEd4psF6SH5SnNw-00103.jpg": {"object_bounding_box": [408, 761, 816, 630], "object_presence": 1}, "P332--my-airpod-pros-case--clutter--02-2RwyvJx0zA3JdzTdiy6fSnaspnEd4psF6SH5SnNw-00104.jpg": {"object_bounding_box": [403, 765, 805, 630], "object_presence": 1}, "P332--my-airpod-pros-case--clutter--02-2RwyvJx0zA3JdzTdiy6fSnaspnEd4psF6SH5SnNw-00105.jpg": {"object_bounding_box": [398, 765, 796, 630], "object_presence": 1}, "P332--my-airpod-pros-case--clutter--02-2RwyvJx0zA3JdzTdiy6fSnaspnEd4psF6SH5SnNw-00106.jpg": {"object_bounding_box": [393, 765, 787, 630], "object_presence": 1}, "P332--my-airpod-pros-case--clutter--02-2RwyvJx0zA3JdzTdiy6fSnaspnEd4psF6SH5SnNw-00107.jpg": {"object_bounding_box": [387, 768, 773, 624], "object_presence": 1}, "P332--my-airpod-pros-case--clutter--02-2RwyvJx0zA3JdzTdiy6fSnaspnEd4psF6SH5SnNw-00108.jpg": {"object_bounding_box": [380, 771, 760, 618], "object_presence": 1}, "P332--my-airpod-pros-case--clutter--02-2RwyvJx0zA3JdzTdiy6fSnaspnEd4psF6SH5SnNw-00109.jpg": {"object_bounding_box": [378, 775, 756, 611], "object_presence": 1}, "P332--my-airpod-pros-case--clutter--02-2RwyvJx0zA3JdzTdiy6fSnaspnEd4psF6SH5SnNw-00110.jpg": {"object_bounding_box": [377, 775, 755, 611], "object_presence": 1}, "P332--my-airpod-pros-case--clutter--02-2RwyvJx0zA3JdzTdiy6fSnaspnEd4psF6SH5SnNw-00111.jpg": {"object_bounding_box": [374, 774, 748, 613], "object_presence": 1}, "P332--my-airpod-pros-case--clutter--02-2RwyvJx0zA3JdzTdiy6fSnaspnEd4psF6SH5SnNw-00112.jpg": {"object_bounding_box": [374, 764, 748, 606], "object_presence": 1}, "P332--my-airpod-pros-case--clutter--02-2RwyvJx0zA3JdzTdiy6fSnaspnEd4psF6SH5SnNw-00113.jpg": {"object_bounding_box": [373, 755, 746, 601], "object_presence": 1}, "P332--my-airpod-pros-case--clutter--02-2RwyvJx0zA3JdzTdiy6fSnaspnEd4psF6SH5SnNw-00114.jpg": {"object_bounding_box": [371, 745, 743, 596], "object_presence": 1}, "P332--my-airpod-pros-case--clutter--02-2RwyvJx0zA3JdzTdiy6fSnaspnEd4psF6SH5SnNw-00115.jpg": {"object_bounding_box": [370, 740, 741, 597], "object_presence": 1}, "P332--my-airpod-pros-case--clutter--02-2RwyvJx0zA3JdzTdiy6fSnaspnEd4psF6SH5SnNw-00116.jpg": {"object_bounding_box": [370, 730, 739, 590], "object_presence": 1}, "P332--my-airpod-pros-case--clutter--02-2RwyvJx0zA3JdzTdiy6fSnaspnEd4psF6SH5SnNw-00117.jpg": {"object_bounding_box": [369, 725, 738, 593], "object_presence": 1}, "P332--my-airpod-pros-case--clutter--02-2RwyvJx0zA3JdzTdiy6fSnaspnEd4psF6SH5SnNw-00118.jpg": {"object_bounding_box": [367, 718, 733, 586], "object_presence": 1}, "P332--my-airpod-pros-case--clutter--02-2RwyvJx0zA3JdzTdiy6fSnaspnEd4psF6SH5SnNw-00119.jpg": {"object_bounding_box": [365, 721, 729, 583], "object_presence": 1}, "P332--my-airpod-pros-case--clutter--02-2RwyvJx0zA3JdzTdiy6fSnaspnEd4psF6SH5SnNw-00120.jpg": {"object_bounding_box": [362, 722, 724, 577], "object_presence": 1}, "P332--my-airpod-pros-case--clutter--02-2RwyvJx0zA3JdzTdiy6fSnaspnEd4psF6SH5SnNw-00121.jpg": {"object_bounding_box": [361, 715, 722, 575], "object_presence": 1}, "P332--my-airpod-pros-case--clutter--02-2RwyvJx0zA3JdzTdiy6fSnaspnEd4psF6SH5SnNw-00122.jpg": {"object_bounding_box": [360, 706, 720, 569], "object_presence": 1}, "P332--my-airpod-pros-case--clutter--02-2RwyvJx0zA3JdzTdiy6fSnaspnEd4psF6SH5SnNw-00123.jpg": {"object_bounding_box": [359, 703, 717, 568], "object_presence": 1}, "P332--my-airpod-pros-case--clutter--02-2RwyvJx0zA3JdzTdiy6fSnaspnEd4psF6SH5SnNw-00124.jpg": {"object_bounding_box": [362, 695, 724, 564], "object_presence": 1}, "P332--my-airpod-pros-case--clutter--02-2RwyvJx0zA3JdzTdiy6fSnaspnEd4psF6SH5SnNw-00125.jpg": {"object_bounding_box": [362, 691, 724, 562], "object_presence": 1}, "P332--my-airpod-pros-case--clutter--02-2RwyvJx0zA3JdzTdiy6fSnaspnEd4psF6SH5SnNw-00126.jpg": {"object_bounding_box": [363, 688, 727, 555], "object_presence": 1}, "P332--my-airpod-pros-case--clutter--02-2RwyvJx0zA3JdzTdiy6fSnaspnEd4psF6SH5SnNw-00127.jpg": {"object_bounding_box": [365, 687, 729, 554], "object_presence": 1}, "P332--my-airpod-pros-case--clutter--02-2RwyvJx0zA3JdzTdiy6fSnaspnEd4psF6SH5SnNw-00128.jpg": {"object_bounding_box": [365, 688, 729, 554], "object_presence": 1}, "P332--my-airpod-pros-case--clutter--02-2RwyvJx0zA3JdzTdiy6fSnaspnEd4psF6SH5SnNw-00129.jpg": {"object_bounding_box": [364, 701, 728, 548], "object_presence": 1}, "P332--my-airpod-pros-case--clutter--02-2RwyvJx0zA3JdzTdiy6fSnaspnEd4psF6SH5SnNw-00130.jpg": {"object_bounding_box": [362, 711, 710, 541], "object_presence": 1}, "P332--my-airpod-pros-case--clutter--02-2RwyvJx0zA3JdzTdiy6fSnaspnEd4psF6SH5SnNw-00131.jpg": {"object_bounding_box": [358, 715, 710, 534], "object_presence": 1}, "P332--my-airpod-pros-case--clutter--02-2RwyvJx0zA3JdzTdiy6fSnaspnEd4psF6SH5SnNw-00132.jpg": {"object_bounding_box": [354, 724, 709, 537], "object_presence": 1}, "P332--my-airpod-pros-case--clutter--02-2RwyvJx0zA3JdzTdiy6fSnaspnEd4psF6SH5SnNw-00133.jpg": {"object_bounding_box": [351, 736, 702, 533], "object_presence": 1}, "P332--my-airpod-pros-case--clutter--02-2RwyvJx0zA3JdzTdiy6fSnaspnEd4psF6SH5SnNw-00134.jpg": {"object_bounding_box": [348, 746, 695, 523], "object_presence": 1}, "P332--my-airpod-pros-case--clutter--02-2RwyvJx0zA3JdzTdiy6fSnaspnEd4psF6SH5SnNw-00135.jpg": {"object_bounding_box": [344, 753, 688, 526], "object_presence": 1}, "P332--my-airpod-pros-case--clutter--02-2RwyvJx0zA3JdzTdiy6fSnaspnEd4psF6SH5SnNw-00136.jpg": {"object_bounding_box": [340, 756, 680, 520], "object_presence": 1}, "P332--my-airpod-pros-case--clutter--02-2RwyvJx0zA3JdzTdiy6fSnaspnEd4psF6SH5SnNw-00137.jpg": {"object_bounding_box": [338, 758, 674, 515], "object_presence": 1}, "P332--my-airpod-pros-case--clutter--02-2RwyvJx0zA3JdzTdiy6fSnaspnEd4psF6SH5SnNw-00138.jpg": {"object_bounding_box": [335, 760, 669, 510], "object_presence": 1}, "P332--my-airpod-pros-case--clutter--02-2RwyvJx0zA3JdzTdiy6fSnaspnEd4psF6SH5SnNw-00139.jpg": {"object_bounding_box": [342, 756, 666, 506], "object_presence": 1}, "P332--my-airpod-pros-case--clutter--02-2RwyvJx0zA3JdzTdiy6fSnaspnEd4psF6SH5SnNw-00140.jpg": {"object_bounding_box": [346, 752, 664, 505], "object_presence": 1}, "P332--my-airpod-pros-case--clutter--02-2RwyvJx0zA3JdzTdiy6fSnaspnEd4psF6SH5SnNw-00141.jpg": {"object_bounding_box": [357, 738, 661, 501], "object_presence": 1}, "P332--my-airpod-pros-case--clutter--02-2RwyvJx0zA3JdzTdiy6fSnaspnEd4psF6SH5SnNw-00142.jpg": {"object_bounding_box": [373, 727, 657, 500], "object_presence": 1}, "P332--my-airpod-pros-case--clutter--02-2RwyvJx0zA3JdzTdiy6fSnaspnEd4psF6SH5SnNw-00143.jpg": {"object_bounding_box": [377, 718, 650, 494], "object_presence": 1}, "P332--my-airpod-pros-case--clutter--02-2RwyvJx0zA3JdzTdiy6fSnaspnEd4psF6SH5SnNw-00144.jpg": {"object_bounding_box": [380, 714, 650, 486], "object_presence": 1}, "P332--my-airpod-pros-case--clutter--02-2RwyvJx0zA3JdzTdiy6fSnaspnEd4psF6SH5SnNw-00145.jpg": {"object_bounding_box": [389, 710, 650, 483], "object_presence": 1}, "P332--my-airpod-pros-case--clutter--02-2RwyvJx0zA3JdzTdiy6fSnaspnEd4psF6SH5SnNw-00146.jpg": {"object_bounding_box": [395, 708, 637, 488], "object_presence": 1}, "P332--my-airpod-pros-case--clutter--02-2RwyvJx0zA3JdzTdiy6fSnaspnEd4psF6SH5SnNw-00147.jpg": {"object_bounding_box": [400, 703, 645, 478], "object_presence": 1}, "P332--my-airpod-pros-case--clutter--02-2RwyvJx0zA3JdzTdiy6fSnaspnEd4psF6SH5SnNw-00148.jpg": {"object_bounding_box": [406, 703, 632, 478], "object_presence": 1}, "P332--my-airpod-pros-case--clutter--02-2RwyvJx0zA3JdzTdiy6fSnaspnEd4psF6SH5SnNw-00149.jpg": {"object_bounding_box": [411, 704, 637, 480], "object_presence": 1}, "P332--my-airpod-pros-case--clutter--02-2RwyvJx0zA3JdzTdiy6fSnaspnEd4psF6SH5SnNw-00150.jpg": {"object_bounding_box": [415, 714, 628, 477], "object_presence": 1}, "P332--my-airpod-pros-case--clutter--02-2RwyvJx0zA3JdzTdiy6fSnaspnEd4psF6SH5SnNw-00151.jpg": {"object_bounding_box": [414, 723, 626, 477], "object_presence": 1}, "P332--my-airpod-pros-case--clutter--02-2RwyvJx0zA3JdzTdiy6fSnaspnEd4psF6SH5SnNw-00152.jpg": {"object_bounding_box": [412, 731, 623, 477], "object_presence": 1}, "P332--my-airpod-pros-case--clutter--02-2RwyvJx0zA3JdzTdiy6fSnaspnEd4psF6SH5SnNw-00153.jpg": {"object_bounding_box": [411, 740, 620, 477], "object_presence": 1}, "P332--my-airpod-pros-case--clutter--02-2RwyvJx0zA3JdzTdiy6fSnaspnEd4psF6SH5SnNw-00154.jpg": {"object_bounding_box": [411, 751, 620, 473], "object_presence": 1}, "P332--my-airpod-pros-case--clutter--02-2RwyvJx0zA3JdzTdiy6fSnaspnEd4psF6SH5SnNw-00155.jpg": {"object_bounding_box": [402, 764, 619, 472], "object_presence": 1}, "P332--my-airpod-pros-case--clutter--02-2RwyvJx0zA3JdzTdiy6fSnaspnEd4psF6SH5SnNw-00156.jpg": {"object_bounding_box": [400, 771, 616, 468], "object_presence": 1}, "P332--my-airpod-pros-case--clutter--02-2RwyvJx0zA3JdzTdiy6fSnaspnEd4psF6SH5SnNw-00157.jpg": {"object_bounding_box": [399, 778, 612, 463], "object_presence": 1}, "P332--my-airpod-pros-case--clutter--02-2RwyvJx0zA3JdzTdiy6fSnaspnEd4psF6SH5SnNw-00158.jpg": {"object_bounding_box": [397, 785, 612, 466], "object_presence": 1}, "P332--my-airpod-pros-case--clutter--02-2RwyvJx0zA3JdzTdiy6fSnaspnEd4psF6SH5SnNw-00159.jpg": {"object_bounding_box": [395, 792, 611, 468], "object_presence": 1}, "P332--my-airpod-pros-case--clutter--02-2RwyvJx0zA3JdzTdiy6fSnaspnEd4psF6SH5SnNw-00160.jpg": {"object_bounding_box": [394, 793, 609, 464], "object_presence": 1}, "P332--my-airpod-pros-case--clutter--02-2RwyvJx0zA3JdzTdiy6fSnaspnEd4psF6SH5SnNw-00161.jpg": {"object_bounding_box": [393, 795, 606, 461], "object_presence": 1}, "P332--my-airpod-pros-case--clutter--02-2RwyvJx0zA3JdzTdiy6fSnaspnEd4psF6SH5SnNw-00162.jpg": {"object_bounding_box": [392, 797, 604, 458], "object_presence": 1}, "P332--my-airpod-pros-case--clutter--02-2RwyvJx0zA3JdzTdiy6fSnaspnEd4psF6SH5SnNw-00163.jpg": {"object_bounding_box": [393, 800, 600, 456], "object_presence": 1}, "P332--my-airpod-pros-case--clutter--02-2RwyvJx0zA3JdzTdiy6fSnaspnEd4psF6SH5SnNw-00164.jpg": {"object_bounding_box": [395, 804, 595, 453], "object_presence": 1}, "P332--my-airpod-pros-case--clutter--02-2RwyvJx0zA3JdzTdiy6fSnaspnEd4psF6SH5SnNw-00165.jpg": {"object_bounding_box": [396, 808, 591, 451], "object_presence": 1}, "P332--my-airpod-pros-case--clutter--02-2RwyvJx0zA3JdzTdiy6fSnaspnEd4psF6SH5SnNw-00166.jpg": {"object_bounding_box": [400, 816, 585, 446], "object_presence": 1}, "P332--my-airpod-pros-case--clutter--02-2RwyvJx0zA3JdzTdiy6fSnaspnEd4psF6SH5SnNw-00167.jpg": {"object_bounding_box": [404, 824, 579, 442], "object_presence": 1}, "P332--my-airpod-pros-case--clutter--02-2RwyvJx0zA3JdzTdiy6fSnaspnEd4psF6SH5SnNw-00168.jpg": {"object_bounding_box": [410, 829, 579, 442], "object_presence": 1}, "P332--my-airpod-pros-case--clutter--02-2RwyvJx0zA3JdzTdiy6fSnaspnEd4psF6SH5SnNw-00169.jpg": {"object_bounding_box": [416, 834, 579, 442], "object_presence": 1}, "P332--my-airpod-pros-case--clutter--02-2RwyvJx0zA3JdzTdiy6fSnaspnEd4psF6SH5SnNw-00170.jpg": {"object_bounding_box": [422, 839, 575, 440], "object_presence": 1}, "P332--my-airpod-pros-case--clutter--02-2RwyvJx0zA3JdzTdiy6fSnaspnEd4psF6SH5SnNw-00171.jpg": {"object_bounding_box": [428, 844, 571, 439], "object_presence": 1}, "P332--my-airpod-pros-case--clutter--02-2RwyvJx0zA3JdzTdiy6fSnaspnEd4psF6SH5SnNw-00172.jpg": {"object_bounding_box": [428, 844, 570, 439], "object_presence": 1}, "P332--my-airpod-pros-case--clutter--02-2RwyvJx0zA3JdzTdiy6fSnaspnEd4psF6SH5SnNw-00173.jpg": {"object_bounding_box": [427, 844, 569, 439], "object_presence": 1}, "P332--my-airpod-pros-case--clutter--02-2RwyvJx0zA3JdzTdiy6fSnaspnEd4psF6SH5SnNw-00174.jpg": {"object_bounding_box": [427, 843, 568, 439], "object_presence": 1}, "P332--my-airpod-pros-case--clutter--02-2RwyvJx0zA3JdzTdiy6fSnaspnEd4psF6SH5SnNw-00175.jpg": {"object_bounding_box": [426, 843, 567, 439], "object_presence": 1}, "P332--my-airpod-pros-case--clutter--02-2RwyvJx0zA3JdzTdiy6fSnaspnEd4psF6SH5SnNw-00176.jpg": {"object_bounding_box": [426, 843, 566, 439], "object_presence": 1}, "P332--my-airpod-pros-case--clutter--02-2RwyvJx0zA3JdzTdiy6fSnaspnEd4psF6SH5SnNw-00177.jpg": {"object_bounding_box": [426, 842, 566, 437], "object_presence": 1}, "P332--my-airpod-pros-case--clutter--02-2RwyvJx0zA3JdzTdiy6fSnaspnEd4psF6SH5SnNw-00178.jpg": {"object_bounding_box": [426, 841, 566, 435], "object_presence": 1}, "P332--my-airpod-pros-case--clutter--02-2RwyvJx0zA3JdzTdiy6fSnaspnEd4psF6SH5SnNw-00179.jpg": {"object_bounding_box": [426, 840, 566, 434], "object_presence": 1}, "P332--my-airpod-pros-case--clutter--02-2RwyvJx0zA3JdzTdiy6fSnaspnEd4psF6SH5SnNw-00180.jpg": {"object_bounding_box": [426, 839, 566, 432], "object_presence": 1}, "P332--my-airpod-pros-case--clutter--02-2RwyvJx0zA3JdzTdiy6fSnaspnEd4psF6SH5SnNw-00181.jpg": {"object_bounding_box": [426, 836, 566, 432], "object_presence": 1}, "P332--my-airpod-pros-case--clutter--02-2RwyvJx0zA3JdzTdiy6fSnaspnEd4psF6SH5SnNw-00182.jpg": {"object_bounding_box": [426, 828, 566, 434], "object_presence": 1}, "P332--my-airpod-pros-case--clutter--02-2RwyvJx0zA3JdzTdiy6fSnaspnEd4psF6SH5SnNw-00183.jpg": {"object_bounding_box": [430, 818, 561, 433], "object_presence": 1}, "P332--my-airpod-pros-case--clutter--02-2RwyvJx0zA3JdzTdiy6fSnaspnEd4psF6SH5SnNw-00184.jpg": {"object_bounding_box": [434, 807, 557, 432], "object_presence": 1}, "P332--my-airpod-pros-case--clutter--02-2RwyvJx0zA3JdzTdiy6fSnaspnEd4psF6SH5SnNw-00185.jpg": {"object_bounding_box": [434, 798, 557, 434], "object_presence": 1}, "P332--my-airpod-pros-case--clutter--02-2RwyvJx0zA3JdzTdiy6fSnaspnEd4psF6SH5SnNw-00186.jpg": {"object_bounding_box": [440, 789, 558, 432], "object_presence": 1}, "P332--my-airpod-pros-case--clutter--02-2RwyvJx0zA3JdzTdiy6fSnaspnEd4psF6SH5SnNw-00187.jpg": {"object_bounding_box": [446, 781, 559, 430], "object_presence": 1}, "P332--my-airpod-pros-case--clutter--02-2RwyvJx0zA3JdzTdiy6fSnaspnEd4psF6SH5SnNw-00188.jpg": {"object_bounding_box": [453, 774, 559, 428], "object_presence": 1}, "P332--my-airpod-pros-case--clutter--02-2RwyvJx0zA3JdzTdiy6fSnaspnEd4psF6SH5SnNw-00189.jpg": {"object_bounding_box": [460, 768, 559, 425], "object_presence": 1}, "P332--my-airpod-pros-case--clutter--02-2RwyvJx0zA3JdzTdiy6fSnaspnEd4psF6SH5SnNw-00190.jpg": {"object_bounding_box": [465, 768, 555, 425], "object_presence": 1}, "P332--my-airpod-pros-case--clutter--02-2RwyvJx0zA3JdzTdiy6fSnaspnEd4psF6SH5SnNw-00191.jpg": {"object_bounding_box": [466, 768, 561, 425], "object_presence": 1}, "P332--my-airpod-pros-case--clutter--02-2RwyvJx0zA3JdzTdiy6fSnaspnEd4psF6SH5SnNw-00192.jpg": {"object_bounding_box": [472, 768, 564, 425], "object_presence": 1}, "P332--my-airpod-pros-case--clutter--02-2RwyvJx0zA3JdzTdiy6fSnaspnEd4psF6SH5SnNw-00193.jpg": {"object_bounding_box": [474, 767, 561, 423], "object_presence": 1}, "P332--my-airpod-pros-case--clutter--02-2RwyvJx0zA3JdzTdiy6fSnaspnEd4psF6SH5SnNw-00194.jpg": {"object_bounding_box": [475, 766, 559, 422], "object_presence": 1}, "P332--my-airpod-pros-case--clutter--02-2RwyvJx0zA3JdzTdiy6fSnaspnEd4psF6SH5SnNw-00195.jpg": {"object_bounding_box": [476, 766, 556, 420], "object_presence": 1}, "P332--my-airpod-pros-case--clutter--02-2RwyvJx0zA3JdzTdiy6fSnaspnEd4psF6SH5SnNw-00196.jpg": {"object_bounding_box": [478, 765, 554, 418], "object_presence": 1}, "P332--my-airpod-pros-case--clutter--02-2RwyvJx0zA3JdzTdiy6fSnaspnEd4psF6SH5SnNw-00197.jpg": {"object_bounding_box": [483, 762, 553, 417], "object_presence": 1}, "P332--my-airpod-pros-case--clutter--02-2RwyvJx0zA3JdzTdiy6fSnaspnEd4psF6SH5SnNw-00198.jpg": {"object_bounding_box": [489, 760, 552, 415], "object_presence": 1}, "P332--my-airpod-pros-case--clutter--02-2RwyvJx0zA3JdzTdiy6fSnaspnEd4psF6SH5SnNw-00199.jpg": {"object_bounding_box": [492, 758, 552, 415], "object_presence": 1}, "P332--my-airpod-pros-case--clutter--02-2RwyvJx0zA3JdzTdiy6fSnaspnEd4psF6SH5SnNw-00200.jpg": {"object_bounding_box": [495, 756, 551, 415], "object_presence": 1}, "P332--my-airpod-pros-case--clutter--02-2RwyvJx0zA3JdzTdiy6fSnaspnEd4psF6SH5SnNw-00201.jpg": {"object_bounding_box": [498, 755, 550, 415], "object_presence": 1}, "P332--my-airpod-pros-case--clutter--02-2RwyvJx0zA3JdzTdiy6fSnaspnEd4psF6SH5SnNw-00202.jpg": {"object_bounding_box": [500, 753, 549, 415], "object_presence": 1}, "P332--my-airpod-pros-case--clutter--02-2RwyvJx0zA3JdzTdiy6fSnaspnEd4psF6SH5SnNw-00203.jpg": {"object_bounding_box": [501, 752, 548, 415], "object_presence": 1}, "P332--my-airpod-pros-case--clutter--02-2RwyvJx0zA3JdzTdiy6fSnaspnEd4psF6SH5SnNw-00204.jpg": {"object_bounding_box": [503, 751, 547, 415], "object_presence": 1}, "P332--my-airpod-pros-case--clutter--02-2RwyvJx0zA3JdzTdiy6fSnaspnEd4psF6SH5SnNw-00205.jpg": {"object_bounding_box": [504, 752, 545, 415], "object_presence": 1}, "P332--my-airpod-pros-case--clutter--02-2RwyvJx0zA3JdzTdiy6fSnaspnEd4psF6SH5SnNw-00206.jpg": {"object_bounding_box": [505, 753, 544, 415], "object_presence": 1}, "P332--my-airpod-pros-case--clutter--02-2RwyvJx0zA3JdzTdiy6fSnaspnEd4psF6SH5SnNw-00207.jpg": {"object_bounding_box": [506, 754, 542, 415], "object_presence": 1}, "P332--my-airpod-pros-case--clutter--02-2RwyvJx0zA3JdzTdiy6fSnaspnEd4psF6SH5SnNw-00208.jpg": {"object_bounding_box": [507, 756, 539, 412], "object_presence": 1}, "P332--my-airpod-pros-case--clutter--02-2RwyvJx0zA3JdzTdiy6fSnaspnEd4psF6SH5SnNw-00209.jpg": {"object_bounding_box": [509, 758, 535, 408], "object_presence": 1}, "P332--my-airpod-pros-case--clutter--02-2RwyvJx0zA3JdzTdiy6fSnaspnEd4psF6SH5SnNw-00210.jpg": {"object_bounding_box": [511, 756, 530, 404], "object_presence": 1}, "P332--my-airpod-pros-case--clutter--02-2RwyvJx0zA3JdzTdiy6fSnaspnEd4psF6SH5SnNw-00211.jpg": {"object_bounding_box": [514, 754, 525, 400], "object_presence": 1}, "P332--my-airpod-pros-case--clutter--02-2RwyvJx0zA3JdzTdiy6fSnaspnEd4psF6SH5SnNw-00212.jpg": {"object_bounding_box": [517, 751, 528, 401], "object_presence": 1}, "P332--my-airpod-pros-case--clutter--02-2RwyvJx0zA3JdzTdiy6fSnaspnEd4psF6SH5SnNw-00213.jpg": {"object_bounding_box": [520, 748, 530, 401], "object_presence": 1}, "P332--my-airpod-pros-case--clutter--02-2RwyvJx0zA3JdzTdiy6fSnaspnEd4psF6SH5SnNw-00214.jpg": {"object_bounding_box": [525, 746, 525, 399], "object_presence": 1}, "P332--my-airpod-pros-case--clutter--02-2RwyvJx0zA3JdzTdiy6fSnaspnEd4psF6SH5SnNw-00215.jpg": {"object_bounding_box": [530, 745, 520, 396], "object_presence": 1}, "P332--my-airpod-pros-case--clutter--02-2RwyvJx0zA3JdzTdiy6fSnaspnEd4psF6SH5SnNw-00216.jpg": {"object_bounding_box": [533, 746, 520, 394], "object_presence": 1}, "P332--my-airpod-pros-case--clutter--02-2RwyvJx0zA3JdzTdiy6fSnaspnEd4psF6SH5SnNw-00217.jpg": {"object_bounding_box": [537, 748, 520, 391], "object_presence": 1}, "P332--my-airpod-pros-case--clutter--02-2RwyvJx0zA3JdzTdiy6fSnaspnEd4psF6SH5SnNw-00218.jpg": {"object_bounding_box": [539, 749, 515, 389], "object_presence": 1}, "P332--my-airpod-pros-case--clutter--02-2RwyvJx0zA3JdzTdiy6fSnaspnEd4psF6SH5SnNw-00219.jpg": {"object_bounding_box": [542, 750, 510, 386], "object_presence": 1}, "P332--my-airpod-pros-case--clutter--02-2RwyvJx0zA3JdzTdiy6fSnaspnEd4psF6SH5SnNw-00220.jpg": {"object_bounding_box": [540, 749, 510, 389], "object_presence": 1}, "P332--my-airpod-pros-case--clutter--02-2RwyvJx0zA3JdzTdiy6fSnaspnEd4psF6SH5SnNw-00221.jpg": {"object_bounding_box": [539, 748, 510, 391], "object_presence": 1}, "P332--my-airpod-pros-case--clutter--02-2RwyvJx0zA3JdzTdiy6fSnaspnEd4psF6SH5SnNw-00222.jpg": {"object_bounding_box": [542, 741, 507, 387], "object_presence": 1}, "P332--my-airpod-pros-case--clutter--02-2RwyvJx0zA3JdzTdiy6fSnaspnEd4psF6SH5SnNw-00223.jpg": {"object_bounding_box": [544, 733, 505, 383], "object_presence": 1}, "P332--my-airpod-pros-case--clutter--02-2RwyvJx0zA3JdzTdiy6fSnaspnEd4psF6SH5SnNw-00224.jpg": {"object_bounding_box": [547, 727, 500, 381], "object_presence": 1}, "P332--my-airpod-pros-case--clutter--02-2RwyvJx0zA3JdzTdiy6fSnaspnEd4psF6SH5SnNw-00225.jpg": {"object_bounding_box": [553, 727, 501, 381], "object_presence": 1}, "P332--my-airpod-pros-case--clutter--02-2RwyvJx0zA3JdzTdiy6fSnaspnEd4psF6SH5SnNw-00226.jpg": {"object_bounding_box": [555, 727, 499, 381], "object_presence": 1}, "P332--my-airpod-pros-case--clutter--02-2RwyvJx0zA3JdzTdiy6fSnaspnEd4psF6SH5SnNw-00227.jpg": {"object_bounding_box": [557, 727, 496, 381], "object_presence": 1}, "P332--my-airpod-pros-case--clutter--02-2RwyvJx0zA3JdzTdiy6fSnaspnEd4psF6SH5SnNw-00228.jpg": {"object_bounding_box": [561, 727, 496, 381], "object_presence": 1}, "P332--my-airpod-pros-case--clutter--02-2RwyvJx0zA3JdzTdiy6fSnaspnEd4psF6SH5SnNw-00229.jpg": {"object_bounding_box": [564, 727, 496, 381], "object_presence": 1}, "P332--my-airpod-pros-case--clutter--02-2RwyvJx0zA3JdzTdiy6fSnaspnEd4psF6SH5SnNw-00230.jpg": {"object_bounding_box": [561, 727, 491, 373], "object_presence": 1}, "P332--my-airpod-pros-case--clutter--02-2RwyvJx0zA3JdzTdiy6fSnaspnEd4psF6SH5SnNw-00231.jpg": {"object_bounding_box": [561, 727, 491, 372], "object_presence": 1}, "P332--my-airpod-pros-case--clutter--02-2RwyvJx0zA3JdzTdiy6fSnaspnEd4psF6SH5SnNw-00232.jpg": {"object_bounding_box": [561, 727, 491, 371], "object_presence": 1}, "P332--my-airpod-pros-case--clutter--02-2RwyvJx0zA3JdzTdiy6fSnaspnEd4psF6SH5SnNw-00233.jpg": {"object_bounding_box": [563, 727, 488, 371], "object_presence": 1}, "P332--my-airpod-pros-case--clutter--02-2RwyvJx0zA3JdzTdiy6fSnaspnEd4psF6SH5SnNw-00234.jpg": {"object_bounding_box": [565, 727, 484, 371], "object_presence": 1}, "P332--my-airpod-pros-case--clutter--02-2RwyvJx0zA3JdzTdiy6fSnaspnEd4psF6SH5SnNw-00235.jpg": {"object_bounding_box": [569, 727, 486, 371], "object_presence": 1}, "P332--my-airpod-pros-case--clutter--02-2RwyvJx0zA3JdzTdiy6fSnaspnEd4psF6SH5SnNw-00236.jpg": {"object_bounding_box": [575, 726, 480, 368], "object_presence": 1}, "P332--my-airpod-pros-case--clutter--02-2RwyvJx0zA3JdzTdiy6fSnaspnEd4psF6SH5SnNw-00237.jpg": {"object_bounding_box": [580, 725, 474, 366], "object_presence": 1}, "P332--my-airpod-pros-case--clutter--02-2RwyvJx0zA3JdzTdiy6fSnaspnEd4psF6SH5SnNw-00238.jpg": {"object_bounding_box": [588, 721, 475, 362], "object_presence": 1}, "P332--my-airpod-pros-case--clutter--02-2RwyvJx0zA3JdzTdiy6fSnaspnEd4psF6SH5SnNw-00239.jpg": {"object_bounding_box": [595, 718, 475, 359], "object_presence": 1}, "P332--my-airpod-pros-case--clutter--02-2RwyvJx0zA3JdzTdiy6fSnaspnEd4psF6SH5SnNw-00240.jpg": {"object_bounding_box": [598, 715, 466, 356], "object_presence": 1}, "P332--my-airpod-pros-case--clutter--02-2RwyvJx0zA3JdzTdiy6fSnaspnEd4psF6SH5SnNw-00241.jpg": {"object_bounding_box": [601, 712, 467, 355], "object_presence": 1}, "P332--my-airpod-pros-case--clutter--02-2RwyvJx0zA3JdzTdiy6fSnaspnEd4psF6SH5SnNw-00242.jpg": {"object_bounding_box": [604, 709, 467, 354], "object_presence": 1}, "P332--my-airpod-pros-case--clutter--02-2RwyvJx0zA3JdzTdiy6fSnaspnEd4psF6SH5SnNw-00243.jpg": {"object_bounding_box": [610, 710, 464, 352], "object_presence": 1}, "P332--my-airpod-pros-case--clutter--02-2RwyvJx0zA3JdzTdiy6fSnaspnEd4psF6SH5SnNw-00244.jpg": {"object_bounding_box": [616, 710, 461, 351], "object_presence": 1}, "P332--my-airpod-pros-case--clutter--02-2RwyvJx0zA3JdzTdiy6fSnaspnEd4psF6SH5SnNw-00245.jpg": {"object_bounding_box": [622, 711, 457, 349], "object_presence": 1}, "P332--my-airpod-pros-case--clutter--02-2RwyvJx0zA3JdzTdiy6fSnaspnEd4psF6SH5SnNw-00246.jpg": {"object_bounding_box": [629, 711, 457, 349], "object_presence": 1}, "P332--my-airpod-pros-case--clutter--02-2RwyvJx0zA3JdzTdiy6fSnaspnEd4psF6SH5SnNw-00247.jpg": {"object_bounding_box": [636, 711, 457, 349], "object_presence": 1}, "P332--my-airpod-pros-case--clutter--02-2RwyvJx0zA3JdzTdiy6fSnaspnEd4psF6SH5SnNw-00248.jpg": {"object_bounding_box": [641, 710, 456, 346], "object_presence": 1}, "P332--my-airpod-pros-case--clutter--02-2RwyvJx0zA3JdzTdiy6fSnaspnEd4psF6SH5SnNw-00249.jpg": {"object_bounding_box": [645, 708, 456, 342], "object_presence": 1}, "P332--my-airpod-pros-case--clutter--02-2RwyvJx0zA3JdzTdiy6fSnaspnEd4psF6SH5SnNw-00250.jpg": {"object_bounding_box": [648, 707, 454, 345], "object_presence": 1}, "P332--my-airpod-pros-case--clutter--02-2RwyvJx0zA3JdzTdiy6fSnaspnEd4psF6SH5SnNw-00251.jpg": {"object_bounding_box": [650, 705, 452, 347], "object_presence": 1}, "P332--my-airpod-pros-case--clutter--02-2RwyvJx0zA3JdzTdiy6fSnaspnEd4psF6SH5SnNw-00252.jpg": {"object_bounding_box": [650, 706, 452, 346], "object_presence": 1}, "P332--my-airpod-pros-case--clutter--02-2RwyvJx0zA3JdzTdiy6fSnaspnEd4psF6SH5SnNw-00253.jpg": {"object_bounding_box": [650, 707, 452, 344], "object_presence": 1}, "P332--my-airpod-pros-case--clutter--02-2RwyvJx0zA3JdzTdiy6fSnaspnEd4psF6SH5SnNw-00254.jpg": {"object_bounding_box": [650, 710, 452, 347], "object_presence": 1}, "P332--my-airpod-pros-case--clutter--02-2RwyvJx0zA3JdzTdiy6fSnaspnEd4psF6SH5SnNw-00255.jpg": {"object_bounding_box": [650, 715, 452, 346], "object_presence": 1}, "P332--my-airpod-pros-case--clutter--02-2RwyvJx0zA3JdzTdiy6fSnaspnEd4psF6SH5SnNw-00256.jpg": {"object_bounding_box": [650, 720, 452, 345], "object_presence": 1}, "P332--my-airpod-pros-case--clutter--02-2RwyvJx0zA3JdzTdiy6fSnaspnEd4psF6SH5SnNw-00257.jpg": {"object_bounding_box": [652, 721, 449, 344], "object_presence": 1}, "P332--my-airpod-pros-case--clutter--02-2RwyvJx0zA3JdzTdiy6fSnaspnEd4psF6SH5SnNw-00258.jpg": {"object_bounding_box": [654, 721, 445, 342], "object_presence": 1}, "P332--my-airpod-pros-case--clutter--02-2RwyvJx0zA3JdzTdiy6fSnaspnEd4psF6SH5SnNw-00259.jpg": {"object_bounding_box": [655, 718, 444, 341], "object_presence": 1}, "P332--my-airpod-pros-case--clutter--02-2RwyvJx0zA3JdzTdiy6fSnaspnEd4psF6SH5SnNw-00260.jpg": {"object_bounding_box": [657, 716, 442, 340], "object_presence": 1}, "P332--my-airpod-pros-case--clutter--02-2RwyvJx0zA3JdzTdiy6fSnaspnEd4psF6SH5SnNw-00261.jpg": {"object_bounding_box": [658, 714, 444, 337], "object_presence": 1}, "P332--my-airpod-pros-case--clutter--02-2RwyvJx0zA3JdzTdiy6fSnaspnEd4psF6SH5SnNw-00262.jpg": {"object_bounding_box": [661, 716, 442, 339], "object_presence": 1}, "P332--my-airpod-pros-case--clutter--02-2RwyvJx0zA3JdzTdiy6fSnaspnEd4psF6SH5SnNw-00263.jpg": {"object_bounding_box": [665, 717, 440, 340], "object_presence": 1}, "P332--my-airpod-pros-case--clutter--02-2RwyvJx0zA3JdzTdiy6fSnaspnEd4psF6SH5SnNw-00264.jpg": {"object_bounding_box": [669, 717, 440, 340], "object_presence": 1}, "P332--my-airpod-pros-case--clutter--02-2RwyvJx0zA3JdzTdiy6fSnaspnEd4psF6SH5SnNw-00265.jpg": {"object_bounding_box": [672, 717, 439, 340], "object_presence": 1}, "P332--my-airpod-pros-case--clutter--02-2RwyvJx0zA3JdzTdiy6fSnaspnEd4psF6SH5SnNw-00266.jpg": {"object_bounding_box": [679, 719, 439, 337], "object_presence": 1}, "P332--my-airpod-pros-case--clutter--02-2RwyvJx0zA3JdzTdiy6fSnaspnEd4psF6SH5SnNw-00267.jpg": {"object_bounding_box": [685, 721, 440, 334], "object_presence": 1}, "P332--my-airpod-pros-case--clutter--02-2RwyvJx0zA3JdzTdiy6fSnaspnEd4psF6SH5SnNw-00268.jpg": {"object_bounding_box": [689, 721, 441, 334], "object_presence": 1}, "P332--my-airpod-pros-case--clutter--02-2RwyvJx0zA3JdzTdiy6fSnaspnEd4psF6SH5SnNw-00269.jpg": {"object_bounding_box": [693, 721, 441, 335], "object_presence": 1}, "P332--my-airpod-pros-case--clutter--02-2RwyvJx0zA3JdzTdiy6fSnaspnEd4psF6SH5SnNw-00270.jpg": {"object_bounding_box": [698, 721, 442, 335], "object_presence": 1}, "P332--my-airpod-pros-case--clutter--02-2RwyvJx0zA3JdzTdiy6fSnaspnEd4psF6SH5SnNw-00271.jpg": {"object_bounding_box": [699, 722, 442, 336], "object_presence": 1}, "P332--my-airpod-pros-case--clutter--02-2RwyvJx0zA3JdzTdiy6fSnaspnEd4psF6SH5SnNw-00272.jpg": {"object_bounding_box": [701, 722, 442, 337], "object_presence": 1}, "P332--my-airpod-pros-case--clutter--02-2RwyvJx0zA3JdzTdiy6fSnaspnEd4psF6SH5SnNw-00273.jpg": {"object_bounding_box": [705, 722, 440, 337], "object_presence": 1}, "P332--my-airpod-pros-case--clutter--02-2RwyvJx0zA3JdzTdiy6fSnaspnEd4psF6SH5SnNw-00274.jpg": {"object_bounding_box": [710, 722, 439, 337], "object_presence": 1}, "P332--my-airpod-pros-case--clutter--02-2RwyvJx0zA3JdzTdiy6fSnaspnEd4psF6SH5SnNw-00275.jpg": {"object_bounding_box": [715, 723, 437, 336], "object_presence": 1}, "P332--my-airpod-pros-case--clutter--02-2RwyvJx0zA3JdzTdiy6fSnaspnEd4psF6SH5SnNw-00276.jpg": {"object_bounding_box": [720, 723, 435, 335], "object_presence": 1}, "P332--my-airpod-pros-case--clutter--02-2RwyvJx0zA3JdzTdiy6fSnaspnEd4psF6SH5SnNw-00277.jpg": {"object_bounding_box": [727, 723, 437, 335], "object_presence": 1}, "P332--my-airpod-pros-case--clutter--02-2RwyvJx0zA3JdzTdiy6fSnaspnEd4psF6SH5SnNw-00278.jpg": {"object_bounding_box": [735, 723, 439, 335], "object_presence": 1}, "P332--my-airpod-pros-case--clutter--02-2RwyvJx0zA3JdzTdiy6fSnaspnEd4psF6SH5SnNw-00279.jpg": {"object_bounding_box": [738, 722, 438, 333], "object_presence": 1}, "P332--my-airpod-pros-case--clutter--02-2RwyvJx0zA3JdzTdiy6fSnaspnEd4psF6SH5SnNw-00280.jpg": {"object_bounding_box": [741, 721, 437, 330], "object_presence": 1}, "P332--my-airpod-pros-case--clutter--02-2RwyvJx0zA3JdzTdiy6fSnaspnEd4psF6SH5SnNw-00281.jpg": {"object_bounding_box": [742, 718, 438, 330], "object_presence": 1}, "P332--my-airpod-pros-case--clutter--02-2RwyvJx0zA3JdzTdiy6fSnaspnEd4psF6SH5SnNw-00282.jpg": {"object_bounding_box": [743, 716, 439, 330], "object_presence": 1}, "P332--my-airpod-pros-case--clutter--02-2RwyvJx0zA3JdzTdiy6fSnaspnEd4psF6SH5SnNw-00283.jpg": {"object_bounding_box": [743, 716, 437, 330], "object_presence": 1}, "P332--my-airpod-pros-case--clutter--02-2RwyvJx0zA3JdzTdiy6fSnaspnEd4psF6SH5SnNw-00284.jpg": {"object_bounding_box": [742, 716, 435, 330], "object_presence": 1}, "P332--my-airpod-pros-case--clutter--02-2RwyvJx0zA3JdzTdiy6fSnaspnEd4psF6SH5SnNw-00285.jpg": {"object_bounding_box": [741, 719, 433, 330], "object_presence": 1}, "P332--my-airpod-pros-case--clutter--02-2RwyvJx0zA3JdzTdiy6fSnaspnEd4psF6SH5SnNw-00286.jpg": {"object_bounding_box": [739, 722, 430, 330], "object_presence": 1}, "P332--my-airpod-pros-case--clutter--02-2RwyvJx0zA3JdzTdiy6fSnaspnEd4psF6SH5SnNw-00287.jpg": {"object_bounding_box": [738, 726, 428, 330], "object_presence": 1}, "P332--my-airpod-pros-case--clutter--02-2RwyvJx0zA3JdzTdiy6fSnaspnEd4psF6SH5SnNw-00288.jpg": {"object_bounding_box": [737, 729, 425, 330], "object_presence": 1}, "P332--my-airpod-pros-case--clutter--02-2RwyvJx0zA3JdzTdiy6fSnaspnEd4psF6SH5SnNw-00289.jpg": {"object_bounding_box": [735, 731, 425, 328], "object_presence": 1}, "P332--my-airpod-pros-case--clutter--02-2RwyvJx0zA3JdzTdiy6fSnaspnEd4psF6SH5SnNw-00290.jpg": {"object_bounding_box": [733, 733, 425, 325], "object_presence": 1}, "P332--my-airpod-pros-case--clutter--02-2RwyvJx0zA3JdzTdiy6fSnaspnEd4psF6SH5SnNw-00291.jpg": {"object_bounding_box": [733, 735, 425, 324], "object_presence": 1}, "P332--my-airpod-pros-case--clutter--02-2RwyvJx0zA3JdzTdiy6fSnaspnEd4psF6SH5SnNw-00292.jpg": {"object_bounding_box": [733, 738, 425, 323], "object_presence": 1}, "P332--my-airpod-pros-case--clutter--02-2RwyvJx0zA3JdzTdiy6fSnaspnEd4psF6SH5SnNw-00293.jpg": {"object_bounding_box": [733, 737, 425, 323], "object_presence": 1}, "P332--my-airpod-pros-case--clutter--02-2RwyvJx0zA3JdzTdiy6fSnaspnEd4psF6SH5SnNw-00294.jpg": {"object_bounding_box": [733, 736, 425, 322], "object_presence": 1}, "P332--my-airpod-pros-case--clutter--02-2RwyvJx0zA3JdzTdiy6fSnaspnEd4psF6SH5SnNw-00295.jpg": {"object_bounding_box": [733, 735, 425, 322], "object_presence": 1}, "P332--my-airpod-pros-case--clutter--02-2RwyvJx0zA3JdzTdiy6fSnaspnEd4psF6SH5SnNw-00296.jpg": {"object_bounding_box": [733, 738, 425, 323], "object_presence": 1}, "P332--my-airpod-pros-case--clutter--02-2RwyvJx0zA3JdzTdiy6fSnaspnEd4psF6SH5SnNw-00297.jpg": {"object_bounding_box": [733, 736, 425, 322], "object_presence": 1}, "P332--my-airpod-pros-case--clutter--02-2RwyvJx0zA3JdzTdiy6fSnaspnEd4psF6SH5SnNw-00298.jpg": {"object_bounding_box": [733, 734, 425, 320], "object_presence": 1}, "P332--my-airpod-pros-case--clutter--02-2RwyvJx0zA3JdzTdiy6fSnaspnEd4psF6SH5SnNw-00299.jpg": {"object_bounding_box": [733, 735, 425, 322], "object_presence": 1}, "P332--my-airpod-pros-case--clutter--02-2RwyvJx0zA3JdzTdiy6fSnaspnEd4psF6SH5SnNw-00300.jpg": {"object_bounding_box": [733, 736, 425, 324], "object_presence": 1}, "P332--my-airpod-pros-case--clutter--02-2RwyvJx0zA3JdzTdiy6fSnaspnEd4psF6SH5SnNw-00301.jpg": {"object_bounding_box": [733, 737, 425, 325], "object_presence": 1}, "P332--my-airpod-pros-case--clutter--02-2RwyvJx0zA3JdzTdiy6fSnaspnEd4psF6SH5SnNw-00302.jpg": {"object_bounding_box": [732, 741, 422, 324], "object_presence": 1}, "P332--my-airpod-pros-case--clutter--02-2RwyvJx0zA3JdzTdiy6fSnaspnEd4psF6SH5SnNw-00303.jpg": {"object_bounding_box": [730, 744, 418, 323], "object_presence": 1}, "P332--my-airpod-pros-case--clutter--02-2RwyvJx0zA3JdzTdiy6fSnaspnEd4psF6SH5SnNw-00304.jpg": {"object_bounding_box": [730, 746, 418, 321], "object_presence": 1}, "P332--my-airpod-pros-case--clutter--02-2RwyvJx0zA3JdzTdiy6fSnaspnEd4psF6SH5SnNw-00305.jpg": {"object_bounding_box": [730, 747, 418, 318], "object_presence": 1}, "P332--my-airpod-pros-case--clutter--02-2RwyvJx0zA3JdzTdiy6fSnaspnEd4psF6SH5SnNw-00306.jpg": {"object_bounding_box": [725, 747, 418, 318], "object_presence": 1}, "P332--my-airpod-pros-case--clutter--02-2RwyvJx0zA3JdzTdiy6fSnaspnEd4psF6SH5SnNw-00307.jpg": {"object_bounding_box": [726, 745, 416, 318], "object_presence": 1}, "P332--my-airpod-pros-case--clutter--02-2RwyvJx0zA3JdzTdiy6fSnaspnEd4psF6SH5SnNw-00308.jpg": {"object_bounding_box": [727, 744, 413, 318], "object_presence": 1}, "P332--my-airpod-pros-case--clutter--02-2RwyvJx0zA3JdzTdiy6fSnaspnEd4psF6SH5SnNw-00309.jpg": {"object_bounding_box": [730, 744, 414, 318], "object_presence": 1}, "P332--my-airpod-pros-case--clutter--02-2RwyvJx0zA3JdzTdiy6fSnaspnEd4psF6SH5SnNw-00310.jpg": {"object_bounding_box": [732, 744, 415, 318], "object_presence": 1}, "P332--my-airpod-pros-case--clutter--02-2RwyvJx0zA3JdzTdiy6fSnaspnEd4psF6SH5SnNw-00311.jpg": {"object_bounding_box": [732, 746, 415, 317], "object_presence": 1}, "P332--my-airpod-pros-case--clutter--02-2RwyvJx0zA3JdzTdiy6fSnaspnEd4psF6SH5SnNw-00312.jpg": {"object_bounding_box": [732, 747, 415, 315], "object_presence": 1}, "P332--my-airpod-pros-case--clutter--02-2RwyvJx0zA3JdzTdiy6fSnaspnEd4psF6SH5SnNw-00313.jpg": {"object_bounding_box": [732, 748, 415, 313], "object_presence": 1}, "P332--my-airpod-pros-case--clutter--02-2RwyvJx0zA3JdzTdiy6fSnaspnEd4psF6SH5SnNw-00314.jpg": {"object_bounding_box": [733, 752, 412, 312], "object_presence": 1}, "P332--my-airpod-pros-case--clutter--02-2RwyvJx0zA3JdzTdiy6fSnaspnEd4psF6SH5SnNw-00315.jpg": {"object_bounding_box": [734, 755, 410, 312], "object_presence": 1}, "P332--my-airpod-pros-case--clutter--02-2RwyvJx0zA3JdzTdiy6fSnaspnEd4psF6SH5SnNw-00316.jpg": {"object_bounding_box": [732, 760, 409, 311], "object_presence": 1}, "P332--my-airpod-pros-case--clutter--02-2RwyvJx0zA3JdzTdiy6fSnaspnEd4psF6SH5SnNw-00317.jpg": {"object_bounding_box": [730, 765, 408, 310], "object_presence": 1}, "P332--my-airpod-pros-case--clutter--02-2RwyvJx0zA3JdzTdiy6fSnaspnEd4psF6SH5SnNw-00318.jpg": {"object_bounding_box": [730, 765, 408, 312], "object_presence": 1}, "P332--my-airpod-pros-case--clutter--02-2RwyvJx0zA3JdzTdiy6fSnaspnEd4psF6SH5SnNw-00319.jpg": {"object_bounding_box": [730, 766, 408, 313], "object_presence": 1}, "P332--my-airpod-pros-case--clutter--02-2RwyvJx0zA3JdzTdiy6fSnaspnEd4psF6SH5SnNw-00320.jpg": {"object_bounding_box": [728, 773, 404, 307], "object_presence": 1}, "P332--my-airpod-pros-case--clutter--02-2RwyvJx0zA3JdzTdiy6fSnaspnEd4psF6SH5SnNw-00321.jpg": {"object_bounding_box": [726, 772, 400, 308], "object_presence": 1}, "P332--my-airpod-pros-case--clutter--02-2RwyvJx0zA3JdzTdiy6fSnaspnEd4psF6SH5SnNw-00322.jpg": {"object_bounding_box": [723, 771, 399, 307], "object_presence": 1}, "P332--my-airpod-pros-case--clutter--02-2RwyvJx0zA3JdzTdiy6fSnaspnEd4psF6SH5SnNw-00323.jpg": {"object_bounding_box": [721, 769, 399, 306], "object_presence": 1}, "P332--my-airpod-pros-case--clutter--02-2RwyvJx0zA3JdzTdiy6fSnaspnEd4psF6SH5SnNw-00324.jpg": {"object_bounding_box": [718, 767, 398, 305], "object_presence": 1}, "P332--my-airpod-pros-case--clutter--02-2RwyvJx0zA3JdzTdiy6fSnaspnEd4psF6SH5SnNw-00325.jpg": {"object_bounding_box": [711, 768, 398, 306], "object_presence": 1}, "P332--my-airpod-pros-case--clutter--02-2RwyvJx0zA3JdzTdiy6fSnaspnEd4psF6SH5SnNw-00326.jpg": {"object_bounding_box": [705, 769, 398, 308], "object_presence": 1}, "P332--my-airpod-pros-case--clutter--02-2RwyvJx0zA3JdzTdiy6fSnaspnEd4psF6SH5SnNw-00327.jpg": {"object_bounding_box": [705, 768, 396, 307], "object_presence": 1}, "P332--my-airpod-pros-case--clutter--02-2RwyvJx0zA3JdzTdiy6fSnaspnEd4psF6SH5SnNw-00328.jpg": {"object_bounding_box": [706, 766, 395, 307], "object_presence": 1}, "P332--my-airpod-pros-case--clutter--02-2RwyvJx0zA3JdzTdiy6fSnaspnEd4psF6SH5SnNw-00329.jpg": {"object_bounding_box": [707, 764, 397, 306], "object_presence": 1}, "P332--my-airpod-pros-case--clutter--02-2RwyvJx0zA3JdzTdiy6fSnaspnEd4psF6SH5SnNw-00330.jpg": {"object_bounding_box": [709, 762, 400, 305], "object_presence": 1}, "P332--my-airpod-pros-case--clutter--02-2RwyvJx0zA3JdzTdiy6fSnaspnEd4psF6SH5SnNw-00331.jpg": {"object_bounding_box": [711, 759, 395, 305], "object_presence": 1}, "P332--my-airpod-pros-case--clutter--02-2RwyvJx0zA3JdzTdiy6fSnaspnEd4psF6SH5SnNw-00332.jpg": {"object_bounding_box": [713, 755, 391, 305], "object_presence": 1}, "P332--my-airpod-pros-case--clutter--02-2RwyvJx0zA3JdzTdiy6fSnaspnEd4psF6SH5SnNw-00333.jpg": {"object_bounding_box": [713, 751, 391, 304], "object_presence": 1}, "P332--my-airpod-pros-case--clutter--02-2RwyvJx0zA3JdzTdiy6fSnaspnEd4psF6SH5SnNw-00334.jpg": {"object_bounding_box": [713, 746, 391, 303], "object_presence": 1}, "P332--my-airpod-pros-case--clutter--02-2RwyvJx0zA3JdzTdiy6fSnaspnEd4psF6SH5SnNw-00335.jpg": {"object_bounding_box": [715, 744, 390, 302], "object_presence": 1}, "P332--my-airpod-pros-case--clutter--02-2RwyvJx0zA3JdzTdiy6fSnaspnEd4psF6SH5SnNw-00336.jpg": {"object_bounding_box": [716, 741, 390, 301], "object_presence": 1}, "P332--my-airpod-pros-case--clutter--02-2RwyvJx0zA3JdzTdiy6fSnaspnEd4psF6SH5SnNw-00337.jpg": {"object_bounding_box": [718, 738, 389, 301], "object_presence": 1}, "P332--my-airpod-pros-case--clutter--02-2RwyvJx0zA3JdzTdiy6fSnaspnEd4psF6SH5SnNw-00338.jpg": {"object_bounding_box": [720, 736, 388, 300], "object_presence": 1}, "P332--my-airpod-pros-case--clutter--02-2RwyvJx0zA3JdzTdiy6fSnaspnEd4psF6SH5SnNw-00339.jpg": {"object_bounding_box": [720, 737, 388, 301], "object_presence": 1}, "P332--my-airpod-pros-case--clutter--02-2RwyvJx0zA3JdzTdiy6fSnaspnEd4psF6SH5SnNw-00340.jpg": {"object_bounding_box": [720, 738, 388, 303], "object_presence": 1}, "P332--my-airpod-pros-case--clutter--02-2RwyvJx0zA3JdzTdiy6fSnaspnEd4psF6SH5SnNw-00341.jpg": {"object_bounding_box": [719, 743, 389, 303], "object_presence": 1}, "P332--my-airpod-pros-case--clutter--02-2RwyvJx0zA3JdzTdiy6fSnaspnEd4psF6SH5SnNw-00342.jpg": {"object_bounding_box": [719, 748, 389, 303], "object_presence": 1}, "P332--my-airpod-pros-case--clutter--02-2RwyvJx0zA3JdzTdiy6fSnaspnEd4psF6SH5SnNw-00343.jpg": {"object_bounding_box": [713, 753, 381, 293], "object_presence": 1}, "P332--my-airpod-pros-case--clutter--02-2RwyvJx0zA3JdzTdiy6fSnaspnEd4psF6SH5SnNw-00344.jpg": {"object_bounding_box": [711, 760, 385, 296], "object_presence": 1}, "P332--my-airpod-pros-case--clutter--02-2RwyvJx0zA3JdzTdiy6fSnaspnEd4psF6SH5SnNw-00345.jpg": {"object_bounding_box": [706, 766, 385, 300], "object_presence": 1}, "P332--my-airpod-pros-case--clutter--02-2RwyvJx0zA3JdzTdiy6fSnaspnEd4psF6SH5SnNw-00346.jpg": {"object_bounding_box": [703, 773, 382, 299], "object_presence": 1}, "P332--my-airpod-pros-case--clutter--02-2RwyvJx0zA3JdzTdiy6fSnaspnEd4psF6SH5SnNw-00347.jpg": {"object_bounding_box": [700, 780, 379, 298], "object_presence": 1}, "P332--my-airpod-pros-case--clutter--02-2RwyvJx0zA3JdzTdiy6fSnaspnEd4psF6SH5SnNw-00348.jpg": {"object_bounding_box": [700, 786, 379, 295], "object_presence": 1}, "P332--my-airpod-pros-case--clutter--02-2RwyvJx0zA3JdzTdiy6fSnaspnEd4psF6SH5SnNw-00349.jpg": {"object_bounding_box": [701, 789, 378, 295], "object_presence": 1}, "P332--my-airpod-pros-case--clutter--02-2RwyvJx0zA3JdzTdiy6fSnaspnEd4psF6SH5SnNw-00350.jpg": {"object_bounding_box": [703, 793, 377, 295], "object_presence": 1}, "P332--my-airpod-pros-case--clutter--02-2RwyvJx0zA3JdzTdiy6fSnaspnEd4psF6SH5SnNw-00351.jpg": {"object_bounding_box": [707, 792, 376, 293], "object_presence": 1}, "P332--my-airpod-pros-case--clutter--02-2RwyvJx0zA3JdzTdiy6fSnaspnEd4psF6SH5SnNw-00352.jpg": {"object_bounding_box": [711, 791, 375, 291], "object_presence": 1}, "P332--my-airpod-pros-case--clutter--02-2RwyvJx0zA3JdzTdiy6fSnaspnEd4psF6SH5SnNw-00353.jpg": {"object_bounding_box": [714, 790, 372, 290], "object_presence": 1}, "P332--my-airpod-pros-case--clutter--02-2RwyvJx0zA3JdzTdiy6fSnaspnEd4psF6SH5SnNw-00354.jpg": {"object_bounding_box": [717, 789, 368, 289], "object_presence": 1}, "P332--my-airpod-pros-case--clutter--02-2RwyvJx0zA3JdzTdiy6fSnaspnEd4psF6SH5SnNw-00355.jpg": {"object_bounding_box": [720, 784, 375, 286], "object_presence": 1}, "P332--my-airpod-pros-case--clutter--02-2RwyvJx0zA3JdzTdiy6fSnaspnEd4psF6SH5SnNw-00356.jpg": {"object_bounding_box": [724, 782, 373, 286], "object_presence": 1}, "P332--my-airpod-pros-case--clutter--02-2RwyvJx0zA3JdzTdiy6fSnaspnEd4psF6SH5SnNw-00357.jpg": {"object_bounding_box": [727, 779, 370, 286], "object_presence": 1}, "P332--my-airpod-pros-case--clutter--02-2RwyvJx0zA3JdzTdiy6fSnaspnEd4psF6SH5SnNw-00358.jpg": {"object_bounding_box": [728, 781, 370, 287], "object_presence": 1}, "P332--my-airpod-pros-case--clutter--02-2RwyvJx0zA3JdzTdiy6fSnaspnEd4psF6SH5SnNw-00359.jpg": {"object_bounding_box": [729, 783, 369, 287], "object_presence": 1}, "P332--my-airpod-pros-case--clutter--02-2RwyvJx0zA3JdzTdiy6fSnaspnEd4psF6SH5SnNw-00360.jpg": {"object_bounding_box": [729, 786, 369, 286], "object_presence": 1}, "P332--my-airpod-pros-case--clutter--02-2RwyvJx0zA3JdzTdiy6fSnaspnEd4psF6SH5SnNw-00361.jpg": {"object_bounding_box": [729, 789, 369, 286], "object_presence": 1}, "P332--my-airpod-pros-case--clutter--02-2RwyvJx0zA3JdzTdiy6fSnaspnEd4psF6SH5SnNw-00362.jpg": {"object_bounding_box": [729, 792, 369, 285], "object_presence": 1}, "P332--my-airpod-pros-case--clutter--02-2RwyvJx0zA3JdzTdiy6fSnaspnEd4psF6SH5SnNw-00363.jpg": {"object_bounding_box": [729, 794, 369, 285], "object_presence": 1}, "P332--my-airpod-pros-case--clutter--02-2RwyvJx0zA3JdzTdiy6fSnaspnEd4psF6SH5SnNw-00364.jpg": {"object_bounding_box": [729, 797, 368, 285], "object_presence": 1}, "P332--my-airpod-pros-case--clutter--02-2RwyvJx0zA3JdzTdiy6fSnaspnEd4psF6SH5SnNw-00365.jpg": {"object_bounding_box": [728, 799, 367, 285], "object_presence": 1}, "P332--my-airpod-pros-case--clutter--02-2RwyvJx0zA3JdzTdiy6fSnaspnEd4psF6SH5SnNw-00366.jpg": {"object_bounding_box": [727, 803, 363, 281], "object_presence": 1}, "P332--my-airpod-pros-case--clutter--02-2RwyvJx0zA3JdzTdiy6fSnaspnEd4psF6SH5SnNw-00367.jpg": {"object_bounding_box": [729, 802, 364, 283], "object_presence": 1}, "P332--my-airpod-pros-case--clutter--02-2RwyvJx0zA3JdzTdiy6fSnaspnEd4psF6SH5SnNw-00368.jpg": {"object_bounding_box": [731, 800, 364, 286], "object_presence": 1}, "P332--my-airpod-pros-case--clutter--02-2RwyvJx0zA3JdzTdiy6fSnaspnEd4psF6SH5SnNw-00369.jpg": {"object_bounding_box": [735, 797, 364, 280], "object_presence": 1}, "P332--my-airpod-pros-case--clutter--02-2RwyvJx0zA3JdzTdiy6fSnaspnEd4psF6SH5SnNw-00370.jpg": {"object_bounding_box": [738, 797, 364, 280], "object_presence": 1}, "P332--my-airpod-pros-case--clutter--02-2RwyvJx0zA3JdzTdiy6fSnaspnEd4psF6SH5SnNw-00371.jpg": {"object_bounding_box": [741, 797, 364, 280], "object_presence": 1}, "P332--my-airpod-pros-case--clutter--02-2RwyvJx0zA3JdzTdiy6fSnaspnEd4psF6SH5SnNw-00372.jpg": {"object_bounding_box": [746, 797, 363, 280], "object_presence": 1}, "P332--my-airpod-pros-case--clutter--02-2RwyvJx0zA3JdzTdiy6fSnaspnEd4psF6SH5SnNw-00373.jpg": {"object_bounding_box": [751, 797, 361, 280], "object_presence": 1}, "P332--my-airpod-pros-case--clutter--02-2RwyvJx0zA3JdzTdiy6fSnaspnEd4psF6SH5SnNw-00374.jpg": {"object_bounding_box": [753, 796, 367, 282], "object_presence": 1}, "P332--my-airpod-pros-case--clutter--02-2RwyvJx0zA3JdzTdiy6fSnaspnEd4psF6SH5SnNw-00375.jpg": {"object_bounding_box": [753, 797, 367, 283], "object_presence": 1}, "P332--my-airpod-pros-case--clutter--02-2RwyvJx0zA3JdzTdiy6fSnaspnEd4psF6SH5SnNw-00376.jpg": {"object_bounding_box": [753, 798, 367, 284], "object_presence": 1}, "P332--my-airpod-pros-case--clutter--02-2RwyvJx0zA3JdzTdiy6fSnaspnEd4psF6SH5SnNw-00377.jpg": {"object_bounding_box": [753, 801, 365, 283], "object_presence": 1}, "P332--my-airpod-pros-case--clutter--02-2RwyvJx0zA3JdzTdiy6fSnaspnEd4psF6SH5SnNw-00378.jpg": {"object_bounding_box": [752, 804, 363, 281], "object_presence": 1}, "P332--my-airpod-pros-case--clutter--02-2RwyvJx0zA3JdzTdiy6fSnaspnEd4psF6SH5SnNw-00379.jpg": {"object_bounding_box": [752, 807, 363, 285], "object_presence": 1}, "P332--my-airpod-pros-case--clutter--02-2RwyvJx0zA3JdzTdiy6fSnaspnEd4psF6SH5SnNw-00380.jpg": {"object_bounding_box": [752, 810, 363, 286], "object_presence": 1}, "P332--my-airpod-pros-case--clutter--02-2RwyvJx0zA3JdzTdiy6fSnaspnEd4psF6SH5SnNw-00381.jpg": {"object_bounding_box": [751, 813, 361, 279], "object_presence": 1}, "P332--my-airpod-pros-case--clutter--02-2RwyvJx0zA3JdzTdiy6fSnaspnEd4psF6SH5SnNw-00382.jpg": {"object_bounding_box": [749, 813, 362, 280], "object_presence": 1}, "P332--my-airpod-pros-case--clutter--02-2RwyvJx0zA3JdzTdiy6fSnaspnEd4psF6SH5SnNw-00383.jpg": {"object_bounding_box": [747, 814, 362, 281], "object_presence": 1}, "P332--my-airpod-pros-case--clutter--02-2RwyvJx0zA3JdzTdiy6fSnaspnEd4psF6SH5SnNw-00384.jpg": {"object_bounding_box": [745, 813, 360, 282], "object_presence": 1}, "P332--my-airpod-pros-case--clutter--02-2RwyvJx0zA3JdzTdiy6fSnaspnEd4psF6SH5SnNw-00385.jpg": {"object_bounding_box": [743, 812, 359, 283], "object_presence": 1}, "P332--my-airpod-pros-case--clutter--02-2RwyvJx0zA3JdzTdiy6fSnaspnEd4psF6SH5SnNw-00386.jpg": {"object_bounding_box": [743, 810, 359, 278], "object_presence": 1}, "P332--my-airpod-pros-case--clutter--02-2RwyvJx0zA3JdzTdiy6fSnaspnEd4psF6SH5SnNw-00387.jpg": {"object_bounding_box": [744, 807, 358, 279], "object_presence": 1}, "P332--my-airpod-pros-case--clutter--02-2RwyvJx0zA3JdzTdiy6fSnaspnEd4psF6SH5SnNw-00388.jpg": {"object_bounding_box": [743, 807, 359, 279], "object_presence": 1}, "P332--my-airpod-pros-case--clutter--02-2RwyvJx0zA3JdzTdiy6fSnaspnEd4psF6SH5SnNw-00389.jpg": {"object_bounding_box": [740, 810, 353, 275], "object_presence": 1}, "P332--my-airpod-pros-case--clutter--02-2RwyvJx0zA3JdzTdiy6fSnaspnEd4psF6SH5SnNw-00390.jpg": {"object_bounding_box": [740, 813, 353, 274], "object_presence": 1}, "P332--my-airpod-pros-case--clutter--02-2RwyvJx0zA3JdzTdiy6fSnaspnEd4psF6SH5SnNw-00391.jpg": {"object_bounding_box": [736, 815, 353, 273], "object_presence": 1}, "P332--my-airpod-pros-case--clutter--02-2RwyvJx0zA3JdzTdiy6fSnaspnEd4psF6SH5SnNw-00392.jpg": {"object_bounding_box": [728, 818, 352, 272], "object_presence": 1}, "P332--my-airpod-pros-case--clutter--02-2RwyvJx0zA3JdzTdiy6fSnaspnEd4psF6SH5SnNw-00393.jpg": {"object_bounding_box": [722, 821, 347, 271], "object_presence": 1}, "P332--my-airpod-pros-case--clutter--02-2RwyvJx0zA3JdzTdiy6fSnaspnEd4psF6SH5SnNw-00394.jpg": {"object_bounding_box": [722, 822, 347, 269], "object_presence": 1}, "P332--my-airpod-pros-case--clutter--02-2RwyvJx0zA3JdzTdiy6fSnaspnEd4psF6SH5SnNw-00395.jpg": {"object_bounding_box": [716, 831, 344, 270], "object_presence": 1}, "P332--my-airpod-pros-case--clutter--02-2RwyvJx0zA3JdzTdiy6fSnaspnEd4psF6SH5SnNw-00396.jpg": {"object_bounding_box": [717, 833, 345, 270], "object_presence": 1}, "P332--my-airpod-pros-case--clutter--02-2RwyvJx0zA3JdzTdiy6fSnaspnEd4psF6SH5SnNw-00397.jpg": {"object_bounding_box": [717, 836, 346, 270], "object_presence": 1}, "P332--my-airpod-pros-case--clutter--02-2RwyvJx0zA3JdzTdiy6fSnaspnEd4psF6SH5SnNw-00398.jpg": {"object_bounding_box": [719, 840, 345, 269], "object_presence": 1}, "P332--my-airpod-pros-case--clutter--02-2RwyvJx0zA3JdzTdiy6fSnaspnEd4psF6SH5SnNw-00399.jpg": {"object_bounding_box": [720, 844, 344, 268], "object_presence": 1}, "P332--my-airpod-pros-case--clutter--02-2RwyvJx0zA3JdzTdiy6fSnaspnEd4psF6SH5SnNw-00400.jpg": {"object_bounding_box": [722, 844, 343, 268], "object_presence": 1}, "P332--my-airpod-pros-case--clutter--02-2RwyvJx0zA3JdzTdiy6fSnaspnEd4psF6SH5SnNw-00401.jpg": {"object_bounding_box": [723, 844, 342, 268], "object_presence": 1}, "P332--my-airpod-pros-case--clutter--02-2RwyvJx0zA3JdzTdiy6fSnaspnEd4psF6SH5SnNw-00402.jpg": {"object_bounding_box": [723, 841, 343, 268], "object_presence": 1}, "P332--my-airpod-pros-case--clutter--02-2RwyvJx0zA3JdzTdiy6fSnaspnEd4psF6SH5SnNw-00403.jpg": {"object_bounding_box": [724, 839, 343, 268], "object_presence": 1}, "P332--my-airpod-pros-case--clutter--02-2RwyvJx0zA3JdzTdiy6fSnaspnEd4psF6SH5SnNw-00404.jpg": {"object_bounding_box": [727, 838, 344, 266], "object_presence": 1}, "P332--my-airpod-pros-case--clutter--02-2RwyvJx0zA3JdzTdiy6fSnaspnEd4psF6SH5SnNw-00405.jpg": {"object_bounding_box": [730, 840, 344, 268], "object_presence": 1}, "P332--my-airpod-pros-case--clutter--02-2RwyvJx0zA3JdzTdiy6fSnaspnEd4psF6SH5SnNw-00406.jpg": {"object_bounding_box": [733, 840, 344, 268], "object_presence": 1}, "P332--my-airpod-pros-case--clutter--02-2RwyvJx0zA3JdzTdiy6fSnaspnEd4psF6SH5SnNw-00407.jpg": {"object_bounding_box": [735, 840, 343, 268], "object_presence": 1}, "P332--my-airpod-pros-case--clutter--02-2RwyvJx0zA3JdzTdiy6fSnaspnEd4psF6SH5SnNw-00408.jpg": {"object_bounding_box": [736, 840, 344, 268], "object_presence": 1}, "P332--my-airpod-pros-case--clutter--02-2RwyvJx0zA3JdzTdiy6fSnaspnEd4psF6SH5SnNw-00409.jpg": {"object_bounding_box": [735, 842, 346, 271], "object_presence": 1}, "P332--my-airpod-pros-case--clutter--02-2RwyvJx0zA3JdzTdiy6fSnaspnEd4psF6SH5SnNw-00410.jpg": {"object_bounding_box": [731, 847, 343, 269], "object_presence": 1}, "P332--my-airpod-pros-case--clutter--02-2RwyvJx0zA3JdzTdiy6fSnaspnEd4psF6SH5SnNw-00411.jpg": {"object_bounding_box": [726, 853, 346, 271], "object_presence": 1}, "P332--my-airpod-pros-case--clutter--02-2RwyvJx0zA3JdzTdiy6fSnaspnEd4psF6SH5SnNw-00412.jpg": {"object_bounding_box": [721, 861, 342, 267], "object_presence": 1}, "P332--my-airpod-pros-case--clutter--02-2RwyvJx0zA3JdzTdiy6fSnaspnEd4psF6SH5SnNw-00413.jpg": {"object_bounding_box": [723, 866, 337, 269], "object_presence": 1}, "P332--my-airpod-pros-case--clutter--02-2RwyvJx0zA3JdzTdiy6fSnaspnEd4psF6SH5SnNw-00414.jpg": {"object_bounding_box": [724, 873, 337, 268], "object_presence": 1}, "P332--my-airpod-pros-case--clutter--02-2RwyvJx0zA3JdzTdiy6fSnaspnEd4psF6SH5SnNw-00415.jpg": {"object_bounding_box": [726, 880, 337, 266], "object_presence": 1}, "P332--my-airpod-pros-case--clutter--02-2RwyvJx0zA3JdzTdiy6fSnaspnEd4psF6SH5SnNw-00416.jpg": {"object_bounding_box": [729, 882, 335, 262], "object_presence": 1}, "P332--my-airpod-pros-case--clutter--02-2RwyvJx0zA3JdzTdiy6fSnaspnEd4psF6SH5SnNw-00417.jpg": {"object_bounding_box": [733, 881, 335, 264], "object_presence": 1}, "P332--my-airpod-pros-case--clutter--02-2RwyvJx0zA3JdzTdiy6fSnaspnEd4psF6SH5SnNw-00418.jpg": {"object_bounding_box": [735, 876, 334, 262], "object_presence": 1}, "P332--my-airpod-pros-case--clutter--02-2RwyvJx0zA3JdzTdiy6fSnaspnEd4psF6SH5SnNw-00419.jpg": {"object_bounding_box": [738, 870, 332, 262], "object_presence": 1}, "P332--my-airpod-pros-case--clutter--02-2RwyvJx0zA3JdzTdiy6fSnaspnEd4psF6SH5SnNw-00420.jpg": {"object_bounding_box": [742, 865, 330, 258], "object_presence": 1}, "P332--my-airpod-pros-case--clutter--02-2RwyvJx0zA3JdzTdiy6fSnaspnEd4psF6SH5SnNw-00421.jpg": {"object_bounding_box": [742, 870, 330, 262], "object_presence": 1}, "P332--my-airpod-pros-case--clutter--02-2RwyvJx0zA3JdzTdiy6fSnaspnEd4psF6SH5SnNw-00422.jpg": {"object_bounding_box": [738, 885, 326, 262], "object_presence": 1}, "P332--my-airpod-pros-case--clutter--02-2RwyvJx0zA3JdzTdiy6fSnaspnEd4psF6SH5SnNw-00423.jpg": {"object_bounding_box": [736, 903, 323, 258], "object_presence": 1}, "P332--my-airpod-pros-case--clutter--02-2RwyvJx0zA3JdzTdiy6fSnaspnEd4psF6SH5SnNw-00424.jpg": {"object_bounding_box": [737, 908, 325, 254], "object_presence": 1}, "P332--my-airpod-pros-case--clutter--02-2RwyvJx0zA3JdzTdiy6fSnaspnEd4psF6SH5SnNw-00425.jpg": {"object_bounding_box": [742, 900, 324, 256], "object_presence": 1}, "P332--my-airpod-pros-case--clutter--02-2RwyvJx0zA3JdzTdiy6fSnaspnEd4psF6SH5SnNw-00426.jpg": {"object_bounding_box": [745, 892, 322, 254], "object_presence": 1}, "P332--my-airpod-pros-case--clutter--02-2RwyvJx0zA3JdzTdiy6fSnaspnEd4psF6SH5SnNw-00427.jpg": {"object_bounding_box": [747, 892, 322, 253], "object_presence": 1}, "P332--my-airpod-pros-case--clutter--02-2RwyvJx0zA3JdzTdiy6fSnaspnEd4psF6SH5SnNw-00428.jpg": {"object_bounding_box": [752, 892, 323, 253], "object_presence": 1}, "P332--my-airpod-pros-case--clutter--02-2RwyvJx0zA3JdzTdiy6fSnaspnEd4psF6SH5SnNw-00429.jpg": {"object_bounding_box": [754, 892, 322, 253], "object_presence": 1}, "P332--my-airpod-pros-case--clutter--02-2RwyvJx0zA3JdzTdiy6fSnaspnEd4psF6SH5SnNw-00430.jpg": {"object_bounding_box": [757, 892, 322, 253], "object_presence": 1}, "P332--my-airpod-pros-case--clutter--02-2RwyvJx0zA3JdzTdiy6fSnaspnEd4psF6SH5SnNw-00431.jpg": {"object_bounding_box": [759, 890, 323, 253], "object_presence": 1}, "P332--my-airpod-pros-case--clutter--02-2RwyvJx0zA3JdzTdiy6fSnaspnEd4psF6SH5SnNw-00432.jpg": {"object_bounding_box": [762, 888, 324, 253], "object_presence": 1}, "P332--my-airpod-pros-case--clutter--02-2RwyvJx0zA3JdzTdiy6fSnaspnEd4psF6SH5SnNw-00433.jpg": {"object_bounding_box": [763, 885, 323, 254], "object_presence": 1}, "P332--my-airpod-pros-case--clutter--02-2RwyvJx0zA3JdzTdiy6fSnaspnEd4psF6SH5SnNw-00434.jpg": {"object_bounding_box": [765, 883, 323, 255], "object_presence": 1}, "P332--my-airpod-pros-case--clutter--02-2RwyvJx0zA3JdzTdiy6fSnaspnEd4psF6SH5SnNw-00435.jpg": {"object_bounding_box": [765, 879, 323, 254], "object_presence": 1}, "P332--my-airpod-pros-case--clutter--02-2RwyvJx0zA3JdzTdiy6fSnaspnEd4psF6SH5SnNw-00436.jpg": {"object_bounding_box": [769, 876, 326, 254], "object_presence": 1}, "P332--my-airpod-pros-case--clutter--02-2RwyvJx0zA3JdzTdiy6fSnaspnEd4psF6SH5SnNw-00437.jpg": {"object_bounding_box": [778, 871, 328, 257], "object_presence": 1}, "P332--my-airpod-pros-case--clutter--02-2RwyvJx0zA3JdzTdiy6fSnaspnEd4psF6SH5SnNw-00438.jpg": {"object_bounding_box": [785, 863, 328, 254], "object_presence": 1}, "P332--my-airpod-pros-case--clutter--02-2RwyvJx0zA3JdzTdiy6fSnaspnEd4psF6SH5SnNw-00439.jpg": {"object_bounding_box": [798, 853, 331, 259], "object_presence": 1}, "P332--my-airpod-pros-case--clutter--02-2RwyvJx0zA3JdzTdiy6fSnaspnEd4psF6SH5SnNw-00440.jpg": {"object_bounding_box": [809, 840, 333, 263], "object_presence": 1}, "P332--my-airpod-pros-case--clutter--02-2RwyvJx0zA3JdzTdiy6fSnaspnEd4psF6SH5SnNw-00441.jpg": {"object_bounding_box": [817, 821, 332, 263], "object_presence": 1}, "P332--my-airpod-pros-case--clutter--02-2RwyvJx0zA3JdzTdiy6fSnaspnEd4psF6SH5SnNw-00442.jpg": {"object_bounding_box": [824, 804, 338, 264], "object_presence": 1}, "P332--my-airpod-pros-case--clutter--02-2RwyvJx0zA3JdzTdiy6fSnaspnEd4psF6SH5SnNw-00443.jpg": {"object_bounding_box": [834, 785, 339, 267], "object_presence": 1}, "P332--my-airpod-pros-case--clutter--02-2RwyvJx0zA3JdzTdiy6fSnaspnEd4psF6SH5SnNw-00444.jpg": {"object_bounding_box": [843, 763, 344, 268], "object_presence": 1}, "P332--my-airpod-pros-case--clutter--02-2RwyvJx0zA3JdzTdiy6fSnaspnEd4psF6SH5SnNw-00445.jpg": {"object_bounding_box": [847, 744, 346, 270], "object_presence": 1}, "P332--my-airpod-pros-case--clutter--02-2RwyvJx0zA3JdzTdiy6fSnaspnEd4psF6SH5SnNw-00446.jpg": {"object_bounding_box": [851, 725, 353, 270], "object_presence": 1}, "P332--my-airpod-pros-case--clutter--02-2RwyvJx0zA3JdzTdiy6fSnaspnEd4psF6SH5SnNw-00447.jpg": {"object_bounding_box": [851, 711, 353, 272], "object_presence": 1}, "P332--my-airpod-pros-case--clutter--02-2RwyvJx0zA3JdzTdiy6fSnaspnEd4psF6SH5SnNw-00448.jpg": {"object_bounding_box": [850, 700, 358, 268], "object_presence": 1}, "P332--my-airpod-pros-case--clutter--02-2RwyvJx0zA3JdzTdiy6fSnaspnEd4psF6SH5SnNw-00449.jpg": {"object_bounding_box": [843, 692, 364, 271], "object_presence": 1}, "P332--my-airpod-pros-case--clutter--02-2RwyvJx0zA3JdzTdiy6fSnaspnEd4psF6SH5SnNw-00450.jpg": {"object_bounding_box": [841, 686, 363, 271], "object_presence": 1}, "P332--my-airpod-pros-case--clutter--02-2RwyvJx0zA3JdzTdiy6fSnaspnEd4psF6SH5SnNw-00451.jpg": {"object_bounding_box": [838, 686, 365, 271], "object_presence": 1}, "P332--my-airpod-pros-case--clutter--02-2RwyvJx0zA3JdzTdiy6fSnaspnEd4psF6SH5SnNw-00452.jpg": {"object_bounding_box": [833, 690, 363, 274], "object_presence": 1}, "P332--my-airpod-pros-case--clutter--02-2RwyvJx0zA3JdzTdiy6fSnaspnEd4psF6SH5SnNw-00453.jpg": {"object_bounding_box": [830, 691, 368, 272], "object_presence": 1}, "P332--my-airpod-pros-case--clutter--02-2RwyvJx0zA3JdzTdiy6fSnaspnEd4psF6SH5SnNw-00454.jpg": {"object_bounding_box": [825, 690, 366, 274], "object_presence": 1}, "P332--my-airpod-pros-case--clutter--02-2RwyvJx0zA3JdzTdiy6fSnaspnEd4psF6SH5SnNw-00455.jpg": {"object_bounding_box": [826, 685, 368, 276], "object_presence": 1}, "P332--my-airpod-pros-case--clutter--02-2RwyvJx0zA3JdzTdiy6fSnaspnEd4psF6SH5SnNw-00456.jpg": {"object_bounding_box": [823, 682, 374, 278], "object_presence": 1}, "P332--my-airpod-pros-case--clutter--02-2RwyvJx0zA3JdzTdiy6fSnaspnEd4psF6SH5SnNw-00457.jpg": {"object_bounding_box": [819, 684, 374, 278], "object_presence": 1}, "P332--my-airpod-pros-case--clutter--02-2RwyvJx0zA3JdzTdiy6fSnaspnEd4psF6SH5SnNw-00458.jpg": {"object_bounding_box": [815, 686, 374, 278], "object_presence": 1}, "P332--my-airpod-pros-case--clutter--02-2RwyvJx0zA3JdzTdiy6fSnaspnEd4psF6SH5SnNw-00459.jpg": {"object_bounding_box": [812, 687, 375, 279], "object_presence": 1}, "P332--my-airpod-pros-case--clutter--02-2RwyvJx0zA3JdzTdiy6fSnaspnEd4psF6SH5SnNw-00460.jpg": {"object_bounding_box": [806, 694, 378, 286], "object_presence": 1}, "P332--my-airpod-pros-case--clutter--02-2RwyvJx0zA3JdzTdiy6fSnaspnEd4psF6SH5SnNw-00461.jpg": {"object_bounding_box": [798, 708, 378, 289], "object_presence": 1}, "P332--my-airpod-pros-case--clutter--02-2RwyvJx0zA3JdzTdiy6fSnaspnEd4psF6SH5SnNw-00462.jpg": {"object_bounding_box": [789, 732, 379, 297], "object_presence": 1}, "P332--my-airpod-pros-case--clutter--02-2RwyvJx0zA3JdzTdiy6fSnaspnEd4psF6SH5SnNw-00463.jpg": {"object_bounding_box": [775, 753, 383, 302], "object_presence": 1}, "P332--my-airpod-pros-case--clutter--02-2RwyvJx0zA3JdzTdiy6fSnaspnEd4psF6SH5SnNw-00464.jpg": {"object_bounding_box": [763, 768, 381, 294], "object_presence": 1}, "P332--my-airpod-pros-case--clutter--02-2RwyvJx0zA3JdzTdiy6fSnaspnEd4psF6SH5SnNw-00465.jpg": {"object_bounding_box": [760, 770, 385, 297], "object_presence": 1}, "P332--my-airpod-pros-case--clutter--02-2RwyvJx0zA3JdzTdiy6fSnaspnEd4psF6SH5SnNw-00466.jpg": {"object_bounding_box": [760, 763, 396, 304], "object_presence": 1}, "P332--my-airpod-pros-case--clutter--02-2RwyvJx0zA3JdzTdiy6fSnaspnEd4psF6SH5SnNw-00467.jpg": {"object_bounding_box": [760, 755, 396, 309], "object_presence": 1}, "P332--my-airpod-pros-case--clutter--02-2RwyvJx0zA3JdzTdiy6fSnaspnEd4psF6SH5SnNw-00468.jpg": {"object_bounding_box": [764, 744, 405, 312], "object_presence": 1}, "P332--my-airpod-pros-case--clutter--02-2RwyvJx0zA3JdzTdiy6fSnaspnEd4psF6SH5SnNw-00469.jpg": {"object_bounding_box": [763, 739, 414, 313], "object_presence": 1}, "P332--my-airpod-pros-case--clutter--02-2RwyvJx0zA3JdzTdiy6fSnaspnEd4psF6SH5SnNw-00470.jpg": {"object_bounding_box": [757, 733, 421, 321], "object_presence": 1}, "P332--my-airpod-pros-case--clutter--02-2RwyvJx0zA3JdzTdiy6fSnaspnEd4psF6SH5SnNw-00471.jpg": {"object_bounding_box": [755, 727, 428, 326], "object_presence": 1}, "P332--my-airpod-pros-case--clutter--02-2RwyvJx0zA3JdzTdiy6fSnaspnEd4psF6SH5SnNw-00472.jpg": {"object_bounding_box": [753, 722, 434, 330], "object_presence": 1}, "P332--my-airpod-pros-case--clutter--02-2RwyvJx0zA3JdzTdiy6fSnaspnEd4psF6SH5SnNw-00473.jpg": {"object_bounding_box": [752, 718, 440, 335], "object_presence": 1}, "P332--my-airpod-pros-case--clutter--02-2RwyvJx0zA3JdzTdiy6fSnaspnEd4psF6SH5SnNw-00474.jpg": {"object_bounding_box": [751, 713, 445, 340], "object_presence": 1}, "P332--my-airpod-pros-case--clutter--02-2RwyvJx0zA3JdzTdiy6fSnaspnEd4psF6SH5SnNw-00475.jpg": {"object_bounding_box": [747, 714, 454, 344], "object_presence": 1}, "P332--my-airpod-pros-case--clutter--02-2RwyvJx0zA3JdzTdiy6fSnaspnEd4psF6SH5SnNw-00476.jpg": {"object_bounding_box": [746, 715, 456, 348], "object_presence": 1}, "P332--my-airpod-pros-case--clutter--02-2RwyvJx0zA3JdzTdiy6fSnaspnEd4psF6SH5SnNw-00477.jpg": {"object_bounding_box": [740, 712, 464, 357], "object_presence": 1}, "P332--my-airpod-pros-case--clutter--02-2RwyvJx0zA3JdzTdiy6fSnaspnEd4psF6SH5SnNw-00478.jpg": {"object_bounding_box": [739, 704, 476, 365], "object_presence": 1}, "P332--my-airpod-pros-case--clutter--02-2RwyvJx0zA3JdzTdiy6fSnaspnEd4psF6SH5SnNw-00479.jpg": {"object_bounding_box": [740, 694, 481, 366], "object_presence": 1}, "P332--my-airpod-pros-case--clutter--02-2RwyvJx0zA3JdzTdiy6fSnaspnEd4psF6SH5SnNw-00480.jpg": {"object_bounding_box": [741, 691, 486, 371], "object_presence": 1}, "P332--my-airpod-pros-case--clutter--02-2RwyvJx0zA3JdzTdiy6fSnaspnEd4psF6SH5SnNw-00481.jpg": {"object_bounding_box": [737, 690, 494, 374], "object_presence": 1}, "P332--my-airpod-pros-case--clutter--02-2RwyvJx0zA3JdzTdiy6fSnaspnEd4psF6SH5SnNw-00482.jpg": {"object_bounding_box": [735, 694, 497, 380], "object_presence": 1}, "P332--my-airpod-pros-case--clutter--02-2RwyvJx0zA3JdzTdiy6fSnaspnEd4psF6SH5SnNw-00483.jpg": {"object_bounding_box": [734, 699, 501, 387], "object_presence": 1}, "P332--my-airpod-pros-case--clutter--02-2RwyvJx0zA3JdzTdiy6fSnaspnEd4psF6SH5SnNw-00484.jpg": {"object_bounding_box": [730, 715, 512, 390], "object_presence": 1}, "P332--my-airpod-pros-case--clutter--02-2RwyvJx0zA3JdzTdiy6fSnaspnEd4psF6SH5SnNw-00485.jpg": {"object_bounding_box": [737, 723, 524, 398], "object_presence": 1}, "P332--my-airpod-pros-case--clutter--02-2RwyvJx0zA3JdzTdiy6fSnaspnEd4psF6SH5SnNw-00486.jpg": {"object_bounding_box": [733, 729, 535, 404], "object_presence": 1}, "P332--my-airpod-pros-case--clutter--02-2RwyvJx0zA3JdzTdiy6fSnaspnEd4psF6SH5SnNw-00487.jpg": {"object_bounding_box": [727, 735, 542, 412], "object_presence": 1}, "P332--my-airpod-pros-case--clutter--02-2RwyvJx0zA3JdzTdiy6fSnaspnEd4psF6SH5SnNw-00488.jpg": {"object_bounding_box": [723, 727, 552, 421], "object_presence": 1}, "P332--my-airpod-pros-case--clutter--02-2RwyvJx0zA3JdzTdiy6fSnaspnEd4psF6SH5SnNw-00489.jpg": {"object_bounding_box": [720, 717, 567, 432], "object_presence": 1}, "P332--my-airpod-pros-case--clutter--02-2RwyvJx0zA3JdzTdiy6fSnaspnEd4psF6SH5SnNw-00490.jpg": {"object_bounding_box": [718, 707, 581, 443], "object_presence": 1}, "P332--my-airpod-pros-case--clutter--02-2RwyvJx0zA3JdzTdiy6fSnaspnEd4psF6SH5SnNw-00491.jpg": {"object_bounding_box": [716, 696, 596, 454], "object_presence": 1}, "P332--my-airpod-pros-case--clutter--02-2RwyvJx0zA3JdzTdiy6fSnaspnEd4psF6SH5SnNw-00492.jpg": {"object_bounding_box": [715, 689, 605, 457], "object_presence": 1}, "P332--my-airpod-pros-case--clutter--02-2RwyvJx0zA3JdzTdiy6fSnaspnEd4psF6SH5SnNw-00493.jpg": {"object_bounding_box": [701, 684, 621, 465], "object_presence": 1}, "P332--my-airpod-pros-case--clutter--02-2RwyvJx0zA3JdzTdiy6fSnaspnEd4psF6SH5SnNw-00494.jpg": {"object_bounding_box": [681, 689, 627, 469], "object_presence": 1}, "P332--my-airpod-pros-case--clutter--02-2RwyvJx0zA3JdzTdiy6fSnaspnEd4psF6SH5SnNw-00495.jpg": {"object_bounding_box": [676, 689, 627, 473], "object_presence": 1}, "P332--my-airpod-pros-case--clutter--02-2RwyvJx0zA3JdzTdiy6fSnaspnEd4psF6SH5SnNw-00496.jpg": {"object_bounding_box": [672, 690, 636, 480], "object_presence": 1}, "P332--my-airpod-pros-case--clutter--02-2RwyvJx0zA3JdzTdiy6fSnaspnEd4psF6SH5SnNw-00497.jpg": {"object_bounding_box": [669, 692, 644, 488], "object_presence": 1}, "P332--my-airpod-pros-case--clutter--02-2RwyvJx0zA3JdzTdiy6fSnaspnEd4psF6SH5SnNw-00498.jpg": {"object_bounding_box": [675, 687, 656, 494], "object_presence": 1}, "P332--my-airpod-pros-case--clutter--02-2RwyvJx0zA3JdzTdiy6fSnaspnEd4psF6SH5SnNw-00499.jpg": {"object_bounding_box": [681, 678, 669, 507], "object_presence": 1}, "P332--my-airpod-pros-case--clutter--02-2RwyvJx0zA3JdzTdiy6fSnaspnEd4psF6SH5SnNw-00500.jpg": {"object_bounding_box": [697, 665, 679, 513], "object_presence": 1}, "P332--my-airpod-pros-case--clutter--02-2RwyvJx0zA3JdzTdiy6fSnaspnEd4psF6SH5SnNw-00501.jpg": {"object_bounding_box": [710, 658, 689, 520], "object_presence": 1}, "P332--my-airpod-pros-case--clutter--02-2RwyvJx0zA3JdzTdiy6fSnaspnEd4psF6SH5SnNw-00502.jpg": {"object_bounding_box": [728, 653, 703, 529], "object_presence": 1}, "P332--my-airpod-pros-case--clutter--02-2RwyvJx0zA3JdzTdiy6fSnaspnEd4psF6SH5SnNw-00503.jpg": {"object_bounding_box": [735, 651, 689, 533], "object_presence": 1}, "P332--my-airpod-pros-case--clutter--02-2RwyvJx0zA3JdzTdiy6fSnaspnEd4psF6SH5SnNw-00504.jpg": {"object_bounding_box": [739, 651, 681, 539], "object_presence": 1}, "P332--my-airpod-pros-case--clutter--02-2RwyvJx0zA3JdzTdiy6fSnaspnEd4psF6SH5SnNw-00505.jpg": {"object_bounding_box": [741, 650, 678, 548], "object_presence": 1}, "P332--my-airpod-pros-case--clutter--02-2RwyvJx0zA3JdzTdiy6fSnaspnEd4psF6SH5SnNw-00506.jpg": {"object_bounding_box": [742, 648, 675, 556], "object_presence": 1}, "P332--my-airpod-pros-case--clutter--02-2RwyvJx0zA3JdzTdiy6fSnaspnEd4psF6SH5SnNw-00507.jpg": {"object_bounding_box": [739, 647, 681, 561], "object_presence": 1}, "P332--my-airpod-pros-case--clutter--02-2RwyvJx0zA3JdzTdiy6fSnaspnEd4psF6SH5SnNw-00508.jpg": {"object_bounding_box": [737, 646, 686, 567], "object_presence": 1}, "P332--my-airpod-pros-case--clutter--02-2RwyvJx0zA3JdzTdiy6fSnaspnEd4psF6SH5SnNw-00509.jpg": {"object_bounding_box": [732, 651, 696, 577], "object_presence": 1}, "P332--my-airpod-pros-case--clutter--02-2RwyvJx0zA3JdzTdiy6fSnaspnEd4psF6SH5SnNw-00510.jpg": {"object_bounding_box": [727, 656, 705, 587], "object_presence": 1}, "P332--my-airpod-pros-case--clutter--02-2RwyvJx0zA3JdzTdiy6fSnaspnEd4psF6SH5SnNw-00511.jpg": {"object_bounding_box": [722, 668, 715, 599], "object_presence": 1}, "P332--my-airpod-pros-case--clutter--02-2RwyvJx0zA3JdzTdiy6fSnaspnEd4psF6SH5SnNw-00512.jpg": {"object_bounding_box": [717, 675, 726, 604], "object_presence": 1}, "P332--my-airpod-pros-case--clutter--02-2RwyvJx0zA3JdzTdiy6fSnaspnEd4psF6SH5SnNw-00513.jpg": {"object_bounding_box": [711, 682, 738, 614], "object_presence": 1}, "P332--my-airpod-pros-case--clutter--02-2RwyvJx0zA3JdzTdiy6fSnaspnEd4psF6SH5SnNw-00514.jpg": {"object_bounding_box": [705, 689, 750, 624], "object_presence": 1}, "P332--my-airpod-pros-case--clutter--02-2RwyvJx0zA3JdzTdiy6fSnaspnEd4psF6SH5SnNw-00515.jpg": {"object_bounding_box": [699, 691, 762, 644], "object_presence": 1}, "P332--my-airpod-pros-case--clutter--02-2RwyvJx0zA3JdzTdiy6fSnaspnEd4psF6SH5SnNw-00516.jpg": {"object_bounding_box": [695, 694, 770, 657], "object_presence": 1}, "P332--my-airpod-pros-case--clutter--02-2RwyvJx0zA3JdzTdiy6fSnaspnEd4psF6SH5SnNw-00517.jpg": {"object_bounding_box": [691, 697, 777, 670], "object_presence": 1}, "P332--my-airpod-pros-case--clutter--02-2RwyvJx0zA3JdzTdiy6fSnaspnEd4psF6SH5SnNw-00518.jpg": {"object_bounding_box": [687, 700, 785, 683], "object_presence": 1}, "P332--my-airpod-pros-case--clutter--02-2RwyvJx0zA3JdzTdiy6fSnaspnEd4psF6SH5SnNw-00519.jpg": {"object_bounding_box": [685, 697, 789, 696], "object_presence": 1}, "P332--my-airpod-pros-case--clutter--02-2RwyvJx0zA3JdzTdiy6fSnaspnEd4psF6SH5SnNw-00520.jpg": {"object_bounding_box": [683, 693, 793, 709], "object_presence": 1}, "P332--my-airpod-pros-case--clutter--02-2RwyvJx0zA3JdzTdiy6fSnaspnEd4psF6SH5SnNw-00521.jpg": {"object_bounding_box": [681, 690, 797, 723], "object_presence": 1}, "P332--my-airpod-pros-case--clutter--02-2RwyvJx0zA3JdzTdiy6fSnaspnEd4psF6SH5SnNw-00522.jpg": {"object_bounding_box": [678, 681, 804, 741], "object_presence": 1}, "P332--my-airpod-pros-case--clutter--02-2RwyvJx0zA3JdzTdiy6fSnaspnEd4psF6SH5SnNw-00523.jpg": {"object_bounding_box": [674, 672, 811, 759], "object_presence": 1}, "P332--my-airpod-pros-case--clutter--02-2RwyvJx0zA3JdzTdiy6fSnaspnEd4psF6SH5SnNw-00524.jpg": {"object_bounding_box": [671, 663, 818, 777], "object_presence": 1}, "P332--my-airpod-pros-case--clutter--02-2RwyvJx0zA3JdzTdiy6fSnaspnEd4psF6SH5SnNw-00525.jpg": {"object_bounding_box": [668, 655, 823, 793], "object_presence": 1}, "P332--my-airpod-pros-case--clutter--02-2RwyvJx0zA3JdzTdiy6fSnaspnEd4psF6SH5SnNw-00526.jpg": {"object_bounding_box": [666, 647, 828, 809], "object_presence": 1}, "P332--my-airpod-pros-case--clutter--02-2RwyvJx0zA3JdzTdiy6fSnaspnEd4psF6SH5SnNw-00527.jpg": {"object_bounding_box": [662, 639, 837, 824], "object_presence": 1}, "P332--my-airpod-pros-case--clutter--02-2RwyvJx0zA3JdzTdiy6fSnaspnEd4psF6SH5SnNw-00528.jpg": {"object_bounding_box": [657, 632, 845, 839], "object_presence": 1}, "P332--my-airpod-pros-case--clutter--02-2RwyvJx0zA3JdzTdiy6fSnaspnEd4psF6SH5SnNw-00529.jpg": {"object_bounding_box": [652, 621, 856, 860], "object_presence": 1}, "P332--my-airpod-pros-case--clutter--02-2RwyvJx0zA3JdzTdiy6fSnaspnEd4psF6SH5SnNw-00530.jpg": {"object_bounding_box": [646, 611, 867, 880], "object_presence": 1}, "P332--my-airpod-pros-case--clutter--02-2RwyvJx0zA3JdzTdiy6fSnaspnEd4psF6SH5SnNw-00531.jpg": {"object_bounding_box": [642, 600, 876, 891], "object_presence": 1}, "P332--my-airpod-pros-case--clutter--02-2RwyvJx0zA3JdzTdiy6fSnaspnEd4psF6SH5SnNw-00532.jpg": {"object_bounding_box": [638, 588, 884, 902], "object_presence": 1}, "P332--my-airpod-pros-case--clutter--02-2RwyvJx0zA3JdzTdiy6fSnaspnEd4psF6SH5SnNw-00533.jpg": {"object_bounding_box": [633, 575, 894, 915], "object_presence": 1}, "P332--my-airpod-pros-case--clutter--02-2RwyvJx0zA3JdzTdiy6fSnaspnEd4psF6SH5SnNw-00534.jpg": {"object_bounding_box": [629, 563, 903, 929], "object_presence": 1}, "P332--my-airpod-pros-case--clutter--02-2RwyvJx0zA3JdzTdiy6fSnaspnEd4psF6SH5SnNw-00535.jpg": {"object_bounding_box": [623, 554, 914, 946], "object_presence": 1}, "P332--my-airpod-pros-case--clutter--02-2RwyvJx0zA3JdzTdiy6fSnaspnEd4psF6SH5SnNw-00536.jpg": {"object_bounding_box": [618, 546, 925, 963], "object_presence": 1}, "P332--my-airpod-pros-case--clutter--02-2RwyvJx0zA3JdzTdiy6fSnaspnEd4psF6SH5SnNw-00537.jpg": {"object_bounding_box": [612, 536, 937, 983], "object_presence": 1}, "P332--my-airpod-pros-case--clutter--02-2RwyvJx0zA3JdzTdiy6fSnaspnEd4psF6SH5SnNw-00538.jpg": {"object_bounding_box": [606, 525, 949, 1003], "object_presence": 1}, "P332--my-airpod-pros-case--clutter--02-2RwyvJx0zA3JdzTdiy6fSnaspnEd4psF6SH5SnNw-00539.jpg": {"object_bounding_box": [601, 520, 957, 1026], "object_presence": 1}, "P332--my-airpod-pros-case--clutter--02-2RwyvJx0zA3JdzTdiy6fSnaspnEd4psF6SH5SnNw-00540.jpg": {"object_bounding_box": [597, 519, 966, 1039], "object_presence": 1}, "P332--my-airpod-pros-case--clutter--02-2RwyvJx0zA3JdzTdiy6fSnaspnEd4psF6SH5SnNw-00541.jpg": {"object_bounding_box": [593, 524, 973, 1048], "object_presence": 1}, "P332--my-airpod-pros-case--clutter--02-2RwyvJx0zA3JdzTdiy6fSnaspnEd4psF6SH5SnNw-00542.jpg": {"object_bounding_box": [590, 529, 981, 1058], "object_presence": 1}, "P332--my-airpod-pros-case--clutter--02-2RwyvJx0zA3JdzTdiy6fSnaspnEd4psF6SH5SnNw-00543.jpg": {"object_bounding_box": [580, 529, 1000, 1058], "object_presence": 1}, "P332--my-airpod-pros-case--clutter--02-2RwyvJx0zA3JdzTdiy6fSnaspnEd4psF6SH5SnNw-00544.jpg": {"object_bounding_box": [570, 529, 1020, 1058], "object_presence": 1}, "P332--my-airpod-pros-case--clutter--02-2RwyvJx0zA3JdzTdiy6fSnaspnEd4psF6SH5SnNw-00545.jpg": {"object_bounding_box": [556, 529, 1049, 1058], "object_presence": 1}, "P332--my-airpod-pros-case--clutter--02-2RwyvJx0zA3JdzTdiy6fSnaspnEd4psF6SH5SnNw-00546.jpg": {"object_bounding_box": [540, 529, 1080, 1058], "object_presence": 1}, "P332--my-airpod-pros-case--clutter--02-2RwyvJx0zA3JdzTdiy6fSnaspnEd4psF6SH5SnNw-00547.jpg": {"object_bounding_box": [540, 536, 1080, 1071], "object_presence": 1}, "P332--my-airpod-pros-case--clutter--02-2RwyvJx0zA3JdzTdiy6fSnaspnEd4psF6SH5SnNw-00548.jpg": {"object_bounding_box": [540, 540, 1080, 1080], "object_presence": 1}, "P332--my-airpod-pros-case--clutter--02-2RwyvJx0zA3JdzTdiy6fSnaspnEd4psF6SH5SnNw-00549.jpg": {"object_bounding_box": [540, 540, 1080, 1080], "object_presence": 1}, "P332--my-airpod-pros-case--clutter--02-2RwyvJx0zA3JdzTdiy6fSnaspnEd4psF6SH5SnNw-00550.jpg": {"object_bounding_box": [540, 540, 1080, 1080], "object_presence": 1}, "P332--my-airpod-pros-case--clutter--02-2RwyvJx0zA3JdzTdiy6fSnaspnEd4psF6SH5SnNw-00551.jpg": {"object_bounding_box": [540, 540, 1079, 1080], "object_presence": 1}, "P332--my-airpod-pros-case--clutter--02-2RwyvJx0zA3JdzTdiy6fSnaspnEd4psF6SH5SnNw-00552.jpg": {"object_bounding_box": [540, 540, 1079, 1080], "object_presence": 1}, "P332--my-airpod-pros-case--clutter--02-2RwyvJx0zA3JdzTdiy6fSnaspnEd4psF6SH5SnNw-00553.jpg": {"object_bounding_box": [540, 540, 1079, 1080], "object_presence": 1}, "P332--my-airpod-pros-case--clutter--02-2RwyvJx0zA3JdzTdiy6fSnaspnEd4psF6SH5SnNw-00554.jpg": {"object_bounding_box": [539, 540, 1079, 1080], "object_presence": 1}, "P332--my-airpod-pros-case--clutter--02-2RwyvJx0zA3JdzTdiy6fSnaspnEd4psF6SH5SnNw-00555.jpg": {"object_bounding_box": [539, 540, 1079, 1080], "object_presence": 1}, "P332--my-airpod-pros-case--clutter--02-2RwyvJx0zA3JdzTdiy6fSnaspnEd4psF6SH5SnNw-00556.jpg": {"object_bounding_box": [539, 540, 1079, 1080], "object_presence": 1}, "P332--my-airpod-pros-case--clutter--02-2RwyvJx0zA3JdzTdiy6fSnaspnEd4psF6SH5SnNw-00557.jpg": {"object_bounding_box": [539, 540, 1078, 1080], "object_presence": 1}, "P332--my-airpod-pros-case--clutter--02-2RwyvJx0zA3JdzTdiy6fSnaspnEd4psF6SH5SnNw-00558.jpg": {"object_bounding_box": [539, 540, 1078, 1080], "object_presence": 1}, "P332--my-airpod-pros-case--clutter--02-2RwyvJx0zA3JdzTdiy6fSnaspnEd4psF6SH5SnNw-00559.jpg": {"object_bounding_box": [539, 540, 1078, 1080], "object_presence": 1}, "P332--my-airpod-pros-case--clutter--02-2RwyvJx0zA3JdzTdiy6fSnaspnEd4psF6SH5SnNw-00560.jpg": {"object_bounding_box": [539, 540, 1078, 1080], "object_presence": 1}, "P332--my-airpod-pros-case--clutter--02-2RwyvJx0zA3JdzTdiy6fSnaspnEd4psF6SH5SnNw-00561.jpg": {"object_bounding_box": [539, 540, 1078, 1080], "object_presence": 1}, "P332--my-airpod-pros-case--clutter--02-2RwyvJx0zA3JdzTdiy6fSnaspnEd4psF6SH5SnNw-00562.jpg": {"object_bounding_box": [539, 540, 1078, 1080], "object_presence": 1}, "P332--my-airpod-pros-case--clutter--02-2RwyvJx0zA3JdzTdiy6fSnaspnEd4psF6SH5SnNw-00563.jpg": {"object_bounding_box": [539, 540, 1077, 1080], "object_presence": 1}, "P332--my-airpod-pros-case--clutter--02-2RwyvJx0zA3JdzTdiy6fSnaspnEd4psF6SH5SnNw-00564.jpg": {"object_bounding_box": [539, 540, 1077, 1080], "object_presence": 1}, "P332--my-airpod-pros-case--clutter--02-2RwyvJx0zA3JdzTdiy6fSnaspnEd4psF6SH5SnNw-00565.jpg": {"object_bounding_box": [539, 540, 1077, 1080], "object_presence": 1}, "P332--my-airpod-pros-case--clutter--02-2RwyvJx0zA3JdzTdiy6fSnaspnEd4psF6SH5SnNw-00566.jpg": {"object_bounding_box": [538, 540, 1077, 1080], "object_presence": 1}, "P332--my-airpod-pros-case--clutter--02-2RwyvJx0zA3JdzTdiy6fSnaspnEd4psF6SH5SnNw-00567.jpg": {"object_bounding_box": [538, 540, 1077, 1080], "object_presence": 1}, "P332--my-airpod-pros-case--clutter--02-2RwyvJx0zA3JdzTdiy6fSnaspnEd4psF6SH5SnNw-00568.jpg": {"object_bounding_box": [538, 540, 1077, 1080], "object_presence": 1}, "P332--my-airpod-pros-case--clutter--02-2RwyvJx0zA3JdzTdiy6fSnaspnEd4psF6SH5SnNw-00569.jpg": {"object_bounding_box": [538, 540, 1076, 1080], "object_presence": 1}, "P332--my-airpod-pros-case--clutter--02-2RwyvJx0zA3JdzTdiy6fSnaspnEd4psF6SH5SnNw-00570.jpg": {"object_bounding_box": [538, 540, 1076, 1080], "object_presence": 1}, "P332--my-airpod-pros-case--clutter--02-2RwyvJx0zA3JdzTdiy6fSnaspnEd4psF6SH5SnNw-00571.jpg": {"object_bounding_box": [538, 540, 1076, 1080], "object_presence": 1}, "P332--my-airpod-pros-case--clutter--02-2RwyvJx0zA3JdzTdiy6fSnaspnEd4psF6SH5SnNw-00572.jpg": {"object_bounding_box": [538, 540, 1076, 1080], "object_presence": 1}, "P332--my-airpod-pros-case--clutter--02-2RwyvJx0zA3JdzTdiy6fSnaspnEd4psF6SH5SnNw-00573.jpg": {"object_bounding_box": [538, 540, 1076, 1080], "object_presence": 1}, "P332--my-airpod-pros-case--clutter--02-2RwyvJx0zA3JdzTdiy6fSnaspnEd4psF6SH5SnNw-00574.jpg": {"object_bounding_box": [538, 540, 1075, 1080], "object_presence": 1}, "P332--my-airpod-pros-case--clutter--02-2RwyvJx0zA3JdzTdiy6fSnaspnEd4psF6SH5SnNw-00575.jpg": {"object_bounding_box": [538, 540, 1075, 1080], "object_presence": 1}, "P332--my-airpod-pros-case--clutter--02-2RwyvJx0zA3JdzTdiy6fSnaspnEd4psF6SH5SnNw-00576.jpg": {"object_bounding_box": [538, 540, 1075, 1080], "object_presence": 1}, "P332--my-airpod-pros-case--clutter--02-2RwyvJx0zA3JdzTdiy6fSnaspnEd4psF6SH5SnNw-00577.jpg": {"object_bounding_box": [537, 540, 1075, 1080], "object_presence": 1}, "P332--my-airpod-pros-case--clutter--02-2RwyvJx0zA3JdzTdiy6fSnaspnEd4psF6SH5SnNw-00578.jpg": {"object_bounding_box": [537, 540, 1075, 1080], "object_presence": 1}, "P332--my-airpod-pros-case--clutter--02-2RwyvJx0zA3JdzTdiy6fSnaspnEd4psF6SH5SnNw-00579.jpg": {"object_bounding_box": [537, 540, 1075, 1080], "object_presence": 1}, "P332--my-airpod-pros-case--clutter--02-2RwyvJx0zA3JdzTdiy6fSnaspnEd4psF6SH5SnNw-00580.jpg": {"object_bounding_box": [537, 540, 1074, 1080], "object_presence": 1}, "P332--my-airpod-pros-case--clutter--02-2RwyvJx0zA3JdzTdiy6fSnaspnEd4psF6SH5SnNw-00581.jpg": {"object_bounding_box": [537, 540, 1074, 1080], "object_presence": 1}, "P332--my-airpod-pros-case--clutter--02-2RwyvJx0zA3JdzTdiy6fSnaspnEd4psF6SH5SnNw-00582.jpg": {"object_bounding_box": [537, 540, 1074, 1080], "object_presence": 1}, "P332--my-airpod-pros-case--clutter--02-2RwyvJx0zA3JdzTdiy6fSnaspnEd4psF6SH5SnNw-00583.jpg": {"object_bounding_box": [537, 540, 1074, 1080], "object_presence": 1}, "P332--my-airpod-pros-case--clutter--02-2RwyvJx0zA3JdzTdiy6fSnaspnEd4psF6SH5SnNw-00584.jpg": {"object_bounding_box": [537, 540, 1074, 1080], "object_presence": 1}, "P332--my-airpod-pros-case--clutter--02-2RwyvJx0zA3JdzTdiy6fSnaspnEd4psF6SH5SnNw-00585.jpg": {"object_bounding_box": [469, 540, 938, 1080], "object_presence": 1}, "P332--my-airpod-pros-case--clutter--02-2RwyvJx0zA3JdzTdiy6fSnaspnEd4psF6SH5SnNw-00586.jpg": {"object_bounding_box": [511, 540, 1021, 1080], "object_presence": 1}, "P332--my-airpod-pros-case--clutter--02-2RwyvJx0zA3JdzTdiy6fSnaspnEd4psF6SH5SnNw-00587.jpg": {"object_bounding_box": [540, 540, 1080, 1080], "object_presence": 1}, "P332--my-airpod-pros-case--clutter--02-2RwyvJx0zA3JdzTdiy6fSnaspnEd4psF6SH5SnNw-00588.jpg": {"object_bounding_box": [540, 540, 1080, 1080], "object_presence": 1}, "P332--my-airpod-pros-case--clutter--02-2RwyvJx0zA3JdzTdiy6fSnaspnEd4psF6SH5SnNw-00589.jpg": {"object_bounding_box": [540, 540, 1080, 1080], "object_presence": 1}, "P332--my-airpod-pros-case--clutter--02-2RwyvJx0zA3JdzTdiy6fSnaspnEd4psF6SH5SnNw-00590.jpg": {"object_bounding_box": [540, 540, 1080, 1080], "object_presence": 1}, "P332--my-airpod-pros-case--clutter--02-2RwyvJx0zA3JdzTdiy6fSnaspnEd4psF6SH5SnNw-00591.jpg": {"object_bounding_box": [540, 540, 1080, 1080], "object_presence": 1}, "P332--my-airpod-pros-case--clutter--02-2RwyvJx0zA3JdzTdiy6fSnaspnEd4psF6SH5SnNw-00592.jpg": {"object_bounding_box": [540, 540, 1080, 1080], "object_presence": 1}, "P332--my-airpod-pros-case--clutter--02-2RwyvJx0zA3JdzTdiy6fSnaspnEd4psF6SH5SnNw-00593.jpg": {"object_bounding_box": [540, 540, 1080, 1080], "object_presence": 1}, "P332--my-airpod-pros-case--clutter--02-2RwyvJx0zA3JdzTdiy6fSnaspnEd4psF6SH5SnNw-00594.jpg": {"object_bounding_box": [540, 540, 1080, 1080], "object_presence": 1}, "P332--my-airpod-pros-case--clutter--02-2RwyvJx0zA3JdzTdiy6fSnaspnEd4psF6SH5SnNw-00595.jpg": {"object_bounding_box": [540, 540, 1080, 1080], "object_presence": 1}, "P332--my-airpod-pros-case--clutter--02-2RwyvJx0zA3JdzTdiy6fSnaspnEd4psF6SH5SnNw-00596.jpg": {"object_bounding_box": [540, 540, 1080, 1080], "object_presence": 1}, "P332--my-airpod-pros-case--clutter--02-2RwyvJx0zA3JdzTdiy6fSnaspnEd4psF6SH5SnNw-00597.jpg": {"object_bounding_box": [540, 540, 1080, 1080], "object_presence": 1}, "P332--my-airpod-pros-case--clutter--02-2RwyvJx0zA3JdzTdiy6fSnaspnEd4psF6SH5SnNw-00598.jpg": {"object_bounding_box": [540, 540, 1080, 1080], "object_presence": 1}, "P332--my-airpod-pros-case--clutter--02-2RwyvJx0zA3JdzTdiy6fSnaspnEd4psF6SH5SnNw-00599.jpg": {"object_bounding_box": [540, 540, 1080, 1080], "object_presence": 1}, "P332--my-airpod-pros-case--clutter--02-2RwyvJx0zA3JdzTdiy6fSnaspnEd4psF6SH5SnNw-00600.jpg": {"object_bounding_box": [540, 540, 1080, 1080], "object_presence": 1}}