{"P332--my-apple-watch--clutter--aF6riGdeHBVFsjrD7pQb7XClKw59WlHI8Cw_Zd9tL78-00001.jpg": {"object_bounding_box": [540, 665, 1080, 831], "object_presence": 1}, "P332--my-apple-watch--clutter--aF6riGdeHBVFsjrD7pQb7XClKw59WlHI8Cw_Zd9tL78-00002.jpg": {"object_bounding_box": [540, 666, 1080, 828], "object_presence": 1}, "P332--my-apple-watch--clutter--aF6riGdeHBVFsjrD7pQb7XClKw59WlHI8Cw_Zd9tL78-00003.jpg": {"object_bounding_box": [540, 651, 1080, 859], "object_presence": 1}, "P332--my-apple-watch--clutter--aF6riGdeHBVFsjrD7pQb7XClKw59WlHI8Cw_Zd9tL78-00004.jpg": {"object_bounding_box": [540, 646, 1080, 868], "object_presence": 1}, "P332--my-apple-watch--clutter--aF6riGdeHBVFsjrD7pQb7XClKw59WlHI8Cw_Zd9tL78-00005.jpg": {"object_bounding_box": [540, 635, 1080, 889], "object_presence": 1}, "P332--my-apple-watch--clutter--aF6riGdeHBVFsjrD7pQb7XClKw59WlHI8Cw_Zd9tL78-00006.jpg": {"object_bounding_box": [540, 631, 1080, 899], "object_presence": 1}, "P332--my-apple-watch--clutter--aF6riGdeHBVFsjrD7pQb7XClKw59WlHI8Cw_Zd9tL78-00007.jpg": {"object_bounding_box": [540, 631, 1080, 898], "object_presence": 1}, "P332--my-apple-watch--clutter--aF6riGdeHBVFsjrD7pQb7XClKw59WlHI8Cw_Zd9tL78-00008.jpg": {"object_bounding_box": [540, 637, 1080, 887], "object_presence": 1}, "P332--my-apple-watch--clutter--aF6riGdeHBVFsjrD7pQb7XClKw59WlHI8Cw_Zd9tL78-00009.jpg": {"object_bounding_box": [540, 640, 1080, 880], "object_presence": 1}, "P332--my-apple-watch--clutter--aF6riGdeHBVFsjrD7pQb7XClKw59WlHI8Cw_Zd9tL78-00010.jpg": {"object_bounding_box": [540, 654, 1080, 852], "object_presence": 1}, "P332--my-apple-watch--clutter--aF6riGdeHBVFsjrD7pQb7XClKw59WlHI8Cw_Zd9tL78-00011.jpg": {"object_bounding_box": [540, 671, 1080, 817], "object_presence": 1}, "P332--my-apple-watch--clutter--aF6riGdeHBVFsjrD7pQb7XClKw59WlHI8Cw_Zd9tL78-00012.jpg": {"object_bounding_box": [540, 682, 1080, 796], "object_presence": 1}, "P332--my-apple-watch--clutter--aF6riGdeHBVFsjrD7pQb7XClKw59WlHI8Cw_Zd9tL78-00013.jpg": {"object_bounding_box": [540, 680, 1080, 800], "object_presence": 1}, "P332--my-apple-watch--clutter--aF6riGdeHBVFsjrD7pQb7XClKw59WlHI8Cw_Zd9tL78-00014.jpg": {"object_bounding_box": [540, 676, 1080, 809], "object_presence": 1}, "P332--my-apple-watch--clutter--aF6riGdeHBVFsjrD7pQb7XClKw59WlHI8Cw_Zd9tL78-00015.jpg": {"object_bounding_box": [540, 691, 1080, 778], "object_presence": 1}, "P332--my-apple-watch--clutter--aF6riGdeHBVFsjrD7pQb7XClKw59WlHI8Cw_Zd9tL78-00016.jpg": {"object_bounding_box": [540, 706, 1080, 748], "object_presence": 1}, "P332--my-apple-watch--clutter--aF6riGdeHBVFsjrD7pQb7XClKw59WlHI8Cw_Zd9tL78-00017.jpg": {"object_bounding_box": [540, 719, 1080, 722], "object_presence": 1}, "P332--my-apple-watch--clutter--aF6riGdeHBVFsjrD7pQb7XClKw59WlHI8Cw_Zd9tL78-00018.jpg": {"object_bounding_box": [540, 734, 1080, 692], "object_presence": 1}, "P332--my-apple-watch--clutter--aF6riGdeHBVFsjrD7pQb7XClKw59WlHI8Cw_Zd9tL78-00019.jpg": {"object_bounding_box": [540, 748, 1080, 664], "object_presence": 1}, "P332--my-apple-watch--clutter--aF6riGdeHBVFsjrD7pQb7XClKw59WlHI8Cw_Zd9tL78-00020.jpg": {"object_bounding_box": [540, 745, 1080, 670], "object_presence": 1}, "P332--my-apple-watch--clutter--aF6riGdeHBVFsjrD7pQb7XClKw59WlHI8Cw_Zd9tL78-00021.jpg": {"object_bounding_box": [540, 734, 1080, 693], "object_presence": 1}, "P332--my-apple-watch--clutter--aF6riGdeHBVFsjrD7pQb7XClKw59WlHI8Cw_Zd9tL78-00022.jpg": {"object_bounding_box": [540, 728, 1080, 705], "object_presence": 1}, "P332--my-apple-watch--clutter--aF6riGdeHBVFsjrD7pQb7XClKw59WlHI8Cw_Zd9tL78-00023.jpg": {"object_bounding_box": [540, 724, 1080, 712], "object_presence": 1}, "P332--my-apple-watch--clutter--aF6riGdeHBVFsjrD7pQb7XClKw59WlHI8Cw_Zd9tL78-00024.jpg": {"object_bounding_box": [540, 718, 1080, 724], "object_presence": 1}, "P332--my-apple-watch--clutter--aF6riGdeHBVFsjrD7pQb7XClKw59WlHI8Cw_Zd9tL78-00025.jpg": {"object_bounding_box": [540, 710, 1080, 739], "object_presence": 1}, "P332--my-apple-watch--clutter--aF6riGdeHBVFsjrD7pQb7XClKw59WlHI8Cw_Zd9tL78-00026.jpg": {"object_bounding_box": [540, 709, 1080, 743], "object_presence": 1}, "P332--my-apple-watch--clutter--aF6riGdeHBVFsjrD7pQb7XClKw59WlHI8Cw_Zd9tL78-00027.jpg": {"object_bounding_box": [540, 714, 1080, 732], "object_presence": 1}, "P332--my-apple-watch--clutter--aF6riGdeHBVFsjrD7pQb7XClKw59WlHI8Cw_Zd9tL78-00028.jpg": {"object_bounding_box": [540, 721, 1080, 718], "object_presence": 1}, "P332--my-apple-watch--clutter--aF6riGdeHBVFsjrD7pQb7XClKw59WlHI8Cw_Zd9tL78-00029.jpg": {"object_bounding_box": [540, 721, 1080, 717], "object_presence": 1}, "P332--my-apple-watch--clutter--aF6riGdeHBVFsjrD7pQb7XClKw59WlHI8Cw_Zd9tL78-00030.jpg": {"object_bounding_box": [540, 720, 1080, 720], "object_presence": 1}, "P332--my-apple-watch--clutter--aF6riGdeHBVFsjrD7pQb7XClKw59WlHI8Cw_Zd9tL78-00031.jpg": {"object_bounding_box": [540, 720, 1080, 720], "object_presence": 1}, "P332--my-apple-watch--clutter--aF6riGdeHBVFsjrD7pQb7XClKw59WlHI8Cw_Zd9tL78-00032.jpg": {"object_bounding_box": [540, 720, 1080, 719], "object_presence": 1}, "P332--my-apple-watch--clutter--aF6riGdeHBVFsjrD7pQb7XClKw59WlHI8Cw_Zd9tL78-00033.jpg": {"object_bounding_box": [540, 720, 1080, 720], "object_presence": 1}, "P332--my-apple-watch--clutter--aF6riGdeHBVFsjrD7pQb7XClKw59WlHI8Cw_Zd9tL78-00034.jpg": {"object_bounding_box": [540, 715, 1080, 729], "object_presence": 1}, "P332--my-apple-watch--clutter--aF6riGdeHBVFsjrD7pQb7XClKw59WlHI8Cw_Zd9tL78-00035.jpg": {"object_bounding_box": [540, 710, 1080, 741], "object_presence": 1}, "P332--my-apple-watch--clutter--aF6riGdeHBVFsjrD7pQb7XClKw59WlHI8Cw_Zd9tL78-00036.jpg": {"object_bounding_box": [540, 701, 1080, 757], "object_presence": 1}, "P332--my-apple-watch--clutter--aF6riGdeHBVFsjrD7pQb7XClKw59WlHI8Cw_Zd9tL78-00037.jpg": {"object_bounding_box": [540, 695, 1080, 770], "object_presence": 1}, "P332--my-apple-watch--clutter--aF6riGdeHBVFsjrD7pQb7XClKw59WlHI8Cw_Zd9tL78-00038.jpg": {"object_bounding_box": [540, 691, 1080, 777], "object_presence": 1}, "P332--my-apple-watch--clutter--aF6riGdeHBVFsjrD7pQb7XClKw59WlHI8Cw_Zd9tL78-00039.jpg": {"object_bounding_box": [540, 685, 1080, 790], "object_presence": 1}, "P332--my-apple-watch--clutter--aF6riGdeHBVFsjrD7pQb7XClKw59WlHI8Cw_Zd9tL78-00040.jpg": {"object_bounding_box": [540, 682, 1080, 796], "object_presence": 1}, "P332--my-apple-watch--clutter--aF6riGdeHBVFsjrD7pQb7XClKw59WlHI8Cw_Zd9tL78-00041.jpg": {"object_bounding_box": [540, 675, 1080, 809], "object_presence": 1}, "P332--my-apple-watch--clutter--aF6riGdeHBVFsjrD7pQb7XClKw59WlHI8Cw_Zd9tL78-00042.jpg": {"object_bounding_box": [540, 675, 1080, 810], "object_presence": 1}, "P332--my-apple-watch--clutter--aF6riGdeHBVFsjrD7pQb7XClKw59WlHI8Cw_Zd9tL78-00043.jpg": {"object_bounding_box": [540, 663, 1080, 834], "object_presence": 1}, "P332--my-apple-watch--clutter--aF6riGdeHBVFsjrD7pQb7XClKw59WlHI8Cw_Zd9tL78-00044.jpg": {"object_bounding_box": [540, 677, 1080, 807], "object_presence": 1}, "P332--my-apple-watch--clutter--aF6riGdeHBVFsjrD7pQb7XClKw59WlHI8Cw_Zd9tL78-00045.jpg": {"object_bounding_box": [540, 679, 1080, 803], "object_presence": 1}, "P332--my-apple-watch--clutter--aF6riGdeHBVFsjrD7pQb7XClKw59WlHI8Cw_Zd9tL78-00046.jpg": {"object_bounding_box": [529, 678, 1058, 804], "object_presence": 1}, "P332--my-apple-watch--clutter--aF6riGdeHBVFsjrD7pQb7XClKw59WlHI8Cw_Zd9tL78-00047.jpg": {"object_bounding_box": [526, 677, 1052, 806], "object_presence": 1}, "P332--my-apple-watch--clutter--aF6riGdeHBVFsjrD7pQb7XClKw59WlHI8Cw_Zd9tL78-00048.jpg": {"object_bounding_box": [522, 677, 1043, 806], "object_presence": 1}, "P332--my-apple-watch--clutter--aF6riGdeHBVFsjrD7pQb7XClKw59WlHI8Cw_Zd9tL78-00049.jpg": {"object_bounding_box": [520, 677, 1040, 806], "object_presence": 1}, "P332--my-apple-watch--clutter--aF6riGdeHBVFsjrD7pQb7XClKw59WlHI8Cw_Zd9tL78-00050.jpg": {"object_bounding_box": [517, 678, 1033, 803], "object_presence": 1}, "P332--my-apple-watch--clutter--aF6riGdeHBVFsjrD7pQb7XClKw59WlHI8Cw_Zd9tL78-00051.jpg": {"object_bounding_box": [512, 680, 1024, 801], "object_presence": 1}, "P332--my-apple-watch--clutter--aF6riGdeHBVFsjrD7pQb7XClKw59WlHI8Cw_Zd9tL78-00052.jpg": {"object_bounding_box": [506, 682, 1012, 796], "object_presence": 1}, "P332--my-apple-watch--clutter--aF6riGdeHBVFsjrD7pQb7XClKw59WlHI8Cw_Zd9tL78-00053.jpg": {"object_bounding_box": [498, 685, 997, 791], "object_presence": 1}, "P332--my-apple-watch--clutter--aF6riGdeHBVFsjrD7pQb7XClKw59WlHI8Cw_Zd9tL78-00054.jpg": {"object_bounding_box": [491, 688, 981, 784], "object_presence": 1}, "P332--my-apple-watch--clutter--aF6riGdeHBVFsjrD7pQb7XClKw59WlHI8Cw_Zd9tL78-00055.jpg": {"object_bounding_box": [481, 691, 963, 777], "object_presence": 1}, "P332--my-apple-watch--clutter--aF6riGdeHBVFsjrD7pQb7XClKw59WlHI8Cw_Zd9tL78-00056.jpg": {"object_bounding_box": [473, 697, 946, 766], "object_presence": 1}, "P332--my-apple-watch--clutter--aF6riGdeHBVFsjrD7pQb7XClKw59WlHI8Cw_Zd9tL78-00057.jpg": {"object_bounding_box": [466, 701, 932, 757], "object_presence": 1}, "P332--my-apple-watch--clutter--aF6riGdeHBVFsjrD7pQb7XClKw59WlHI8Cw_Zd9tL78-00058.jpg": {"object_bounding_box": [459, 706, 918, 747], "object_presence": 1}, "P332--my-apple-watch--clutter--aF6riGdeHBVFsjrD7pQb7XClKw59WlHI8Cw_Zd9tL78-00059.jpg": {"object_bounding_box": [453, 709, 905, 742], "object_presence": 1}, "P332--my-apple-watch--clutter--aF6riGdeHBVFsjrD7pQb7XClKw59WlHI8Cw_Zd9tL78-00060.jpg": {"object_bounding_box": [448, 712, 897, 737], "object_presence": 1}, "P332--my-apple-watch--clutter--aF6riGdeHBVFsjrD7pQb7XClKw59WlHI8Cw_Zd9tL78-00061.jpg": {"object_bounding_box": [444, 713, 887, 733], "object_presence": 1}, "P332--my-apple-watch--clutter--aF6riGdeHBVFsjrD7pQb7XClKw59WlHI8Cw_Zd9tL78-00062.jpg": {"object_bounding_box": [439, 717, 877, 726], "object_presence": 1}, "P332--my-apple-watch--clutter--aF6riGdeHBVFsjrD7pQb7XClKw59WlHI8Cw_Zd9tL78-00063.jpg": {"object_bounding_box": [432, 719, 864, 722], "object_presence": 1}, "P332--my-apple-watch--clutter--aF6riGdeHBVFsjrD7pQb7XClKw59WlHI8Cw_Zd9tL78-00064.jpg": {"object_bounding_box": [425, 721, 851, 718], "object_presence": 1}, "P332--my-apple-watch--clutter--aF6riGdeHBVFsjrD7pQb7XClKw59WlHI8Cw_Zd9tL78-00065.jpg": {"object_bounding_box": [422, 722, 843, 716], "object_presence": 1}, "P332--my-apple-watch--clutter--aF6riGdeHBVFsjrD7pQb7XClKw59WlHI8Cw_Zd9tL78-00066.jpg": {"object_bounding_box": [418, 725, 836, 711], "object_presence": 1}, "P332--my-apple-watch--clutter--aF6riGdeHBVFsjrD7pQb7XClKw59WlHI8Cw_Zd9tL78-00067.jpg": {"object_bounding_box": [412, 727, 824, 705], "object_presence": 1}, "P332--my-apple-watch--clutter--aF6riGdeHBVFsjrD7pQb7XClKw59WlHI8Cw_Zd9tL78-00068.jpg": {"object_bounding_box": [408, 727, 816, 706], "object_presence": 1}, "P332--my-apple-watch--clutter--aF6riGdeHBVFsjrD7pQb7XClKw59WlHI8Cw_Zd9tL78-00069.jpg": {"object_bounding_box": [408, 727, 816, 706], "object_presence": 1}, "P332--my-apple-watch--clutter--aF6riGdeHBVFsjrD7pQb7XClKw59WlHI8Cw_Zd9tL78-00070.jpg": {"object_bounding_box": [411, 726, 821, 707], "object_presence": 1}, "P332--my-apple-watch--clutter--aF6riGdeHBVFsjrD7pQb7XClKw59WlHI8Cw_Zd9tL78-00071.jpg": {"object_bounding_box": [412, 727, 824, 706], "object_presence": 1}, "P332--my-apple-watch--clutter--aF6riGdeHBVFsjrD7pQb7XClKw59WlHI8Cw_Zd9tL78-00072.jpg": {"object_bounding_box": [412, 728, 824, 705], "object_presence": 1}, "P332--my-apple-watch--clutter--aF6riGdeHBVFsjrD7pQb7XClKw59WlHI8Cw_Zd9tL78-00073.jpg": {"object_bounding_box": [412, 729, 824, 703], "object_presence": 1}, "P332--my-apple-watch--clutter--aF6riGdeHBVFsjrD7pQb7XClKw59WlHI8Cw_Zd9tL78-00074.jpg": {"object_bounding_box": [412, 729, 824, 702], "object_presence": 1}, "P332--my-apple-watch--clutter--aF6riGdeHBVFsjrD7pQb7XClKw59WlHI8Cw_Zd9tL78-00075.jpg": {"object_bounding_box": [413, 729, 825, 702], "object_presence": 1}, "P332--my-apple-watch--clutter--aF6riGdeHBVFsjrD7pQb7XClKw59WlHI8Cw_Zd9tL78-00076.jpg": {"object_bounding_box": [413, 730, 827, 701], "object_presence": 1}, "P332--my-apple-watch--clutter--aF6riGdeHBVFsjrD7pQb7XClKw59WlHI8Cw_Zd9tL78-00077.jpg": {"object_bounding_box": [413, 730, 827, 700], "object_presence": 1}, "P332--my-apple-watch--clutter--aF6riGdeHBVFsjrD7pQb7XClKw59WlHI8Cw_Zd9tL78-00078.jpg": {"object_bounding_box": [414, 730, 828, 700], "object_presence": 1}, "P332--my-apple-watch--clutter--aF6riGdeHBVFsjrD7pQb7XClKw59WlHI8Cw_Zd9tL78-00079.jpg": {"object_bounding_box": [414, 731, 827, 697], "object_presence": 1}, "P332--my-apple-watch--clutter--aF6riGdeHBVFsjrD7pQb7XClKw59WlHI8Cw_Zd9tL78-00080.jpg": {"object_bounding_box": [411, 732, 822, 696], "object_presence": 1}, "P332--my-apple-watch--clutter--aF6riGdeHBVFsjrD7pQb7XClKw59WlHI8Cw_Zd9tL78-00081.jpg": {"object_bounding_box": [408, 732, 817, 695], "object_presence": 1}, "P332--my-apple-watch--clutter--aF6riGdeHBVFsjrD7pQb7XClKw59WlHI8Cw_Zd9tL78-00082.jpg": {"object_bounding_box": [406, 731, 811, 697], "object_presence": 1}, "P332--my-apple-watch--clutter--aF6riGdeHBVFsjrD7pQb7XClKw59WlHI8Cw_Zd9tL78-00083.jpg": {"object_bounding_box": [402, 731, 803, 698], "object_presence": 1}, "P332--my-apple-watch--clutter--aF6riGdeHBVFsjrD7pQb7XClKw59WlHI8Cw_Zd9tL78-00084.jpg": {"object_bounding_box": [398, 727, 796, 693], "object_presence": 1}, "P332--my-apple-watch--clutter--aF6riGdeHBVFsjrD7pQb7XClKw59WlHI8Cw_Zd9tL78-00085.jpg": {"object_bounding_box": [396, 722, 791, 688], "object_presence": 1}, "P332--my-apple-watch--clutter--aF6riGdeHBVFsjrD7pQb7XClKw59WlHI8Cw_Zd9tL78-00086.jpg": {"object_bounding_box": [394, 715, 788, 681], "object_presence": 1}, "P332--my-apple-watch--clutter--aF6riGdeHBVFsjrD7pQb7XClKw59WlHI8Cw_Zd9tL78-00087.jpg": {"object_bounding_box": [391, 708, 781, 674], "object_presence": 1}, "P332--my-apple-watch--clutter--aF6riGdeHBVFsjrD7pQb7XClKw59WlHI8Cw_Zd9tL78-00088.jpg": {"object_bounding_box": [390, 700, 779, 667], "object_presence": 1}, "P332--my-apple-watch--clutter--aF6riGdeHBVFsjrD7pQb7XClKw59WlHI8Cw_Zd9tL78-00089.jpg": {"object_bounding_box": [390, 694, 779, 660], "object_presence": 1}, "P332--my-apple-watch--clutter--aF6riGdeHBVFsjrD7pQb7XClKw59WlHI8Cw_Zd9tL78-00090.jpg": {"object_bounding_box": [390, 688, 779, 655], "object_presence": 1}, "P332--my-apple-watch--clutter--aF6riGdeHBVFsjrD7pQb7XClKw59WlHI8Cw_Zd9tL78-00091.jpg": {"object_bounding_box": [390, 682, 779, 649], "object_presence": 1}, "P332--my-apple-watch--clutter--aF6riGdeHBVFsjrD7pQb7XClKw59WlHI8Cw_Zd9tL78-00092.jpg": {"object_bounding_box": [390, 676, 779, 644], "object_presence": 1}, "P332--my-apple-watch--clutter--aF6riGdeHBVFsjrD7pQb7XClKw59WlHI8Cw_Zd9tL78-00093.jpg": {"object_bounding_box": [391, 671, 783, 639], "object_presence": 1}, "P332--my-apple-watch--clutter--aF6riGdeHBVFsjrD7pQb7XClKw59WlHI8Cw_Zd9tL78-00094.jpg": {"object_bounding_box": [390, 665, 779, 632], "object_presence": 1}, "P332--my-apple-watch--clutter--aF6riGdeHBVFsjrD7pQb7XClKw59WlHI8Cw_Zd9tL78-00095.jpg": {"object_bounding_box": [392, 661, 784, 630], "object_presence": 1}, "P332--my-apple-watch--clutter--aF6riGdeHBVFsjrD7pQb7XClKw59WlHI8Cw_Zd9tL78-00096.jpg": {"object_bounding_box": [393, 654, 786, 622], "object_presence": 1}, "P332--my-apple-watch--clutter--aF6riGdeHBVFsjrD7pQb7XClKw59WlHI8Cw_Zd9tL78-00097.jpg": {"object_bounding_box": [393, 649, 786, 617], "object_presence": 1}, "P332--my-apple-watch--clutter--aF6riGdeHBVFsjrD7pQb7XClKw59WlHI8Cw_Zd9tL78-00098.jpg": {"object_bounding_box": [393, 645, 786, 612], "object_presence": 1}, "P332--my-apple-watch--clutter--aF6riGdeHBVFsjrD7pQb7XClKw59WlHI8Cw_Zd9tL78-00099.jpg": {"object_bounding_box": [390, 643, 781, 605], "object_presence": 1}, "P332--my-apple-watch--clutter--aF6riGdeHBVFsjrD7pQb7XClKw59WlHI8Cw_Zd9tL78-00100.jpg": {"object_bounding_box": [389, 643, 778, 598], "object_presence": 1}, "P332--my-apple-watch--clutter--aF6riGdeHBVFsjrD7pQb7XClKw59WlHI8Cw_Zd9tL78-00101.jpg": {"object_bounding_box": [386, 643, 773, 590], "object_presence": 1}, "P332--my-apple-watch--clutter--aF6riGdeHBVFsjrD7pQb7XClKw59WlHI8Cw_Zd9tL78-00102.jpg": {"object_bounding_box": [384, 645, 769, 584], "object_presence": 1}, "P332--my-apple-watch--clutter--aF6riGdeHBVFsjrD7pQb7XClKw59WlHI8Cw_Zd9tL78-00103.jpg": {"object_bounding_box": [381, 646, 763, 577], "object_presence": 1}, "P332--my-apple-watch--clutter--aF6riGdeHBVFsjrD7pQb7XClKw59WlHI8Cw_Zd9tL78-00104.jpg": {"object_bounding_box": [380, 649, 759, 571], "object_presence": 1}, "P332--my-apple-watch--clutter--aF6riGdeHBVFsjrD7pQb7XClKw59WlHI8Cw_Zd9tL78-00105.jpg": {"object_bounding_box": [377, 653, 753, 566], "object_presence": 1}, "P332--my-apple-watch--clutter--aF6riGdeHBVFsjrD7pQb7XClKw59WlHI8Cw_Zd9tL78-00106.jpg": {"object_bounding_box": [376, 658, 753, 562], "object_presence": 1}, "P332--my-apple-watch--clutter--aF6riGdeHBVFsjrD7pQb7XClKw59WlHI8Cw_Zd9tL78-00107.jpg": {"object_bounding_box": [376, 661, 752, 558], "object_presence": 1}, "P332--my-apple-watch--clutter--aF6riGdeHBVFsjrD7pQb7XClKw59WlHI8Cw_Zd9tL78-00108.jpg": {"object_bounding_box": [377, 663, 753, 556], "object_presence": 1}, "P332--my-apple-watch--clutter--aF6riGdeHBVFsjrD7pQb7XClKw59WlHI8Cw_Zd9tL78-00109.jpg": {"object_bounding_box": [377, 664, 753, 552], "object_presence": 1}, "P332--my-apple-watch--clutter--aF6riGdeHBVFsjrD7pQb7XClKw59WlHI8Cw_Zd9tL78-00110.jpg": {"object_bounding_box": [377, 662, 753, 550], "object_presence": 1}, "P332--my-apple-watch--clutter--aF6riGdeHBVFsjrD7pQb7XClKw59WlHI8Cw_Zd9tL78-00111.jpg": {"object_bounding_box": [378, 660, 756, 547], "object_presence": 1}, "P332--my-apple-watch--clutter--aF6riGdeHBVFsjrD7pQb7XClKw59WlHI8Cw_Zd9tL78-00112.jpg": {"object_bounding_box": [379, 656, 757, 543], "object_presence": 1}, "P332--my-apple-watch--clutter--aF6riGdeHBVFsjrD7pQb7XClKw59WlHI8Cw_Zd9tL78-00113.jpg": {"object_bounding_box": [379, 652, 757, 539], "object_presence": 1}, "P332--my-apple-watch--clutter--aF6riGdeHBVFsjrD7pQb7XClKw59WlHI8Cw_Zd9tL78-00114.jpg": {"object_bounding_box": [378, 647, 757, 537], "object_presence": 1}, "P332--my-apple-watch--clutter--aF6riGdeHBVFsjrD7pQb7XClKw59WlHI8Cw_Zd9tL78-00115.jpg": {"object_bounding_box": [379, 642, 759, 532], "object_presence": 1}, "P332--my-apple-watch--clutter--aF6riGdeHBVFsjrD7pQb7XClKw59WlHI8Cw_Zd9tL78-00116.jpg": {"object_bounding_box": [379, 640, 758, 526], "object_presence": 1}, "P332--my-apple-watch--clutter--aF6riGdeHBVFsjrD7pQb7XClKw59WlHI8Cw_Zd9tL78-00117.jpg": {"object_bounding_box": [377, 639, 753, 523], "object_presence": 1}, "P332--my-apple-watch--clutter--aF6riGdeHBVFsjrD7pQb7XClKw59WlHI8Cw_Zd9tL78-00118.jpg": {"object_bounding_box": [375, 637, 750, 518], "object_presence": 1}, "P332--my-apple-watch--clutter--aF6riGdeHBVFsjrD7pQb7XClKw59WlHI8Cw_Zd9tL78-00119.jpg": {"object_bounding_box": [374, 635, 747, 514], "object_presence": 1}, "P332--my-apple-watch--clutter--aF6riGdeHBVFsjrD7pQb7XClKw59WlHI8Cw_Zd9tL78-00120.jpg": {"object_bounding_box": [372, 633, 745, 509], "object_presence": 1}, "P332--my-apple-watch--clutter--aF6riGdeHBVFsjrD7pQb7XClKw59WlHI8Cw_Zd9tL78-00121.jpg": {"object_bounding_box": [372, 631, 743, 506], "object_presence": 1}, "P332--my-apple-watch--clutter--aF6riGdeHBVFsjrD7pQb7XClKw59WlHI8Cw_Zd9tL78-00122.jpg": {"object_bounding_box": [372, 629, 740, 503], "object_presence": 1}, "P332--my-apple-watch--clutter--aF6riGdeHBVFsjrD7pQb7XClKw59WlHI8Cw_Zd9tL78-00123.jpg": {"object_bounding_box": [372, 625, 738, 501], "object_presence": 1}, "P332--my-apple-watch--clutter--aF6riGdeHBVFsjrD7pQb7XClKw59WlHI8Cw_Zd9tL78-00124.jpg": {"object_bounding_box": [372, 621, 736, 500], "object_presence": 1}, "P332--my-apple-watch--clutter--aF6riGdeHBVFsjrD7pQb7XClKw59WlHI8Cw_Zd9tL78-00125.jpg": {"object_bounding_box": [375, 618, 735, 499], "object_presence": 1}, "P332--my-apple-watch--clutter--aF6riGdeHBVFsjrD7pQb7XClKw59WlHI8Cw_Zd9tL78-00126.jpg": {"object_bounding_box": [376, 617, 732, 497], "object_presence": 1}, "P332--my-apple-watch--clutter--aF6riGdeHBVFsjrD7pQb7XClKw59WlHI8Cw_Zd9tL78-00127.jpg": {"object_bounding_box": [377, 616, 730, 496], "object_presence": 1}, "P332--my-apple-watch--clutter--aF6riGdeHBVFsjrD7pQb7XClKw59WlHI8Cw_Zd9tL78-00128.jpg": {"object_bounding_box": [378, 618, 727, 493], "object_presence": 1}, "P332--my-apple-watch--clutter--aF6riGdeHBVFsjrD7pQb7XClKw59WlHI8Cw_Zd9tL78-00129.jpg": {"object_bounding_box": [380, 616, 721, 490], "object_presence": 1}, "P332--my-apple-watch--clutter--aF6riGdeHBVFsjrD7pQb7XClKw59WlHI8Cw_Zd9tL78-00130.jpg": {"object_bounding_box": [381, 616, 719, 487], "object_presence": 1}, "P332--my-apple-watch--clutter--aF6riGdeHBVFsjrD7pQb7XClKw59WlHI8Cw_Zd9tL78-00131.jpg": {"object_bounding_box": [381, 614, 713, 484], "object_presence": 1}, "P332--my-apple-watch--clutter--aF6riGdeHBVFsjrD7pQb7XClKw59WlHI8Cw_Zd9tL78-00132.jpg": {"object_bounding_box": [383, 613, 708, 479], "object_presence": 1}, "P332--my-apple-watch--clutter--aF6riGdeHBVFsjrD7pQb7XClKw59WlHI8Cw_Zd9tL78-00133.jpg": {"object_bounding_box": [382, 613, 703, 475], "object_presence": 1}, "P332--my-apple-watch--clutter--aF6riGdeHBVFsjrD7pQb7XClKw59WlHI8Cw_Zd9tL78-00134.jpg": {"object_bounding_box": [383, 612, 700, 471], "object_presence": 1}, "P332--my-apple-watch--clutter--aF6riGdeHBVFsjrD7pQb7XClKw59WlHI8Cw_Zd9tL78-00135.jpg": {"object_bounding_box": [385, 611, 696, 469], "object_presence": 1}, "P332--my-apple-watch--clutter--aF6riGdeHBVFsjrD7pQb7XClKw59WlHI8Cw_Zd9tL78-00136.jpg": {"object_bounding_box": [382, 611, 692, 467], "object_presence": 1}, "P332--my-apple-watch--clutter--aF6riGdeHBVFsjrD7pQb7XClKw59WlHI8Cw_Zd9tL78-00137.jpg": {"object_bounding_box": [381, 611, 692, 465], "object_presence": 1}, "P332--my-apple-watch--clutter--aF6riGdeHBVFsjrD7pQb7XClKw59WlHI8Cw_Zd9tL78-00138.jpg": {"object_bounding_box": [382, 612, 690, 464], "object_presence": 1}, "P332--my-apple-watch--clutter--aF6riGdeHBVFsjrD7pQb7XClKw59WlHI8Cw_Zd9tL78-00139.jpg": {"object_bounding_box": [384, 613, 689, 462], "object_presence": 1}, "P332--my-apple-watch--clutter--aF6riGdeHBVFsjrD7pQb7XClKw59WlHI8Cw_Zd9tL78-00140.jpg": {"object_bounding_box": [387, 615, 687, 461], "object_presence": 1}, "P332--my-apple-watch--clutter--aF6riGdeHBVFsjrD7pQb7XClKw59WlHI8Cw_Zd9tL78-00141.jpg": {"object_bounding_box": [401, 618, 710, 459], "object_presence": 1}, "P332--my-apple-watch--clutter--aF6riGdeHBVFsjrD7pQb7XClKw59WlHI8Cw_Zd9tL78-00142.jpg": {"object_bounding_box": [390, 618, 680, 460], "object_presence": 1}, "P332--my-apple-watch--clutter--aF6riGdeHBVFsjrD7pQb7XClKw59WlHI8Cw_Zd9tL78-00143.jpg": {"object_bounding_box": [394, 622, 678, 455], "object_presence": 1}, "P332--my-apple-watch--clutter--aF6riGdeHBVFsjrD7pQb7XClKw59WlHI8Cw_Zd9tL78-00144.jpg": {"object_bounding_box": [396, 624, 677, 453], "object_presence": 1}, "P332--my-apple-watch--clutter--aF6riGdeHBVFsjrD7pQb7XClKw59WlHI8Cw_Zd9tL78-00145.jpg": {"object_bounding_box": [398, 626, 673, 451], "object_presence": 1}, "P332--my-apple-watch--clutter--aF6riGdeHBVFsjrD7pQb7XClKw59WlHI8Cw_Zd9tL78-00146.jpg": {"object_bounding_box": [397, 627, 671, 450], "object_presence": 1}, "P332--my-apple-watch--clutter--aF6riGdeHBVFsjrD7pQb7XClKw59WlHI8Cw_Zd9tL78-00147.jpg": {"object_bounding_box": [397, 628, 671, 449], "object_presence": 1}, "P332--my-apple-watch--clutter--aF6riGdeHBVFsjrD7pQb7XClKw59WlHI8Cw_Zd9tL78-00148.jpg": {"object_bounding_box": [399, 629, 669, 448], "object_presence": 1}, "P332--my-apple-watch--clutter--aF6riGdeHBVFsjrD7pQb7XClKw59WlHI8Cw_Zd9tL78-00149.jpg": {"object_bounding_box": [398, 629, 665, 446], "object_presence": 1}, "P332--my-apple-watch--clutter--aF6riGdeHBVFsjrD7pQb7XClKw59WlHI8Cw_Zd9tL78-00150.jpg": {"object_bounding_box": [397, 631, 664, 445], "object_presence": 1}, "P332--my-apple-watch--clutter--aF6riGdeHBVFsjrD7pQb7XClKw59WlHI8Cw_Zd9tL78-00151.jpg": {"object_bounding_box": [398, 632, 661, 443], "object_presence": 1}, "P332--my-apple-watch--clutter--aF6riGdeHBVFsjrD7pQb7XClKw59WlHI8Cw_Zd9tL78-00152.jpg": {"object_bounding_box": [400, 632, 659, 441], "object_presence": 1}, "P332--my-apple-watch--clutter--aF6riGdeHBVFsjrD7pQb7XClKw59WlHI8Cw_Zd9tL78-00153.jpg": {"object_bounding_box": [400, 632, 658, 441], "object_presence": 1}, "P332--my-apple-watch--clutter--aF6riGdeHBVFsjrD7pQb7XClKw59WlHI8Cw_Zd9tL78-00154.jpg": {"object_bounding_box": [401, 630, 654, 439], "object_presence": 1}, "P332--my-apple-watch--clutter--aF6riGdeHBVFsjrD7pQb7XClKw59WlHI8Cw_Zd9tL78-00155.jpg": {"object_bounding_box": [402, 629, 654, 438], "object_presence": 1}, "P332--my-apple-watch--clutter--aF6riGdeHBVFsjrD7pQb7XClKw59WlHI8Cw_Zd9tL78-00156.jpg": {"object_bounding_box": [401, 629, 653, 437], "object_presence": 1}, "P332--my-apple-watch--clutter--aF6riGdeHBVFsjrD7pQb7XClKw59WlHI8Cw_Zd9tL78-00157.jpg": {"object_bounding_box": [398, 629, 653, 436], "object_presence": 1}, "P332--my-apple-watch--clutter--aF6riGdeHBVFsjrD7pQb7XClKw59WlHI8Cw_Zd9tL78-00158.jpg": {"object_bounding_box": [397, 629, 651, 436], "object_presence": 1}, "P332--my-apple-watch--clutter--aF6riGdeHBVFsjrD7pQb7XClKw59WlHI8Cw_Zd9tL78-00159.jpg": {"object_bounding_box": [398, 628, 650, 435], "object_presence": 1}, "P332--my-apple-watch--clutter--aF6riGdeHBVFsjrD7pQb7XClKw59WlHI8Cw_Zd9tL78-00160.jpg": {"object_bounding_box": [398, 626, 649, 434], "object_presence": 1}, "P332--my-apple-watch--clutter--aF6riGdeHBVFsjrD7pQb7XClKw59WlHI8Cw_Zd9tL78-00161.jpg": {"object_bounding_box": [397, 624, 646, 432], "object_presence": 1}, "P332--my-apple-watch--clutter--aF6riGdeHBVFsjrD7pQb7XClKw59WlHI8Cw_Zd9tL78-00162.jpg": {"object_bounding_box": [398, 621, 645, 430], "object_presence": 1}, "P332--my-apple-watch--clutter--aF6riGdeHBVFsjrD7pQb7XClKw59WlHI8Cw_Zd9tL78-00163.jpg": {"object_bounding_box": [397, 617, 642, 427], "object_presence": 1}, "P332--my-apple-watch--clutter--aF6riGdeHBVFsjrD7pQb7XClKw59WlHI8Cw_Zd9tL78-00164.jpg": {"object_bounding_box": [395, 616, 640, 424], "object_presence": 1}, "P332--my-apple-watch--clutter--aF6riGdeHBVFsjrD7pQb7XClKw59WlHI8Cw_Zd9tL78-00165.jpg": {"object_bounding_box": [396, 614, 636, 422], "object_presence": 1}, "P332--my-apple-watch--clutter--aF6riGdeHBVFsjrD7pQb7XClKw59WlHI8Cw_Zd9tL78-00166.jpg": {"object_bounding_box": [397, 613, 632, 419], "object_presence": 1}, "P332--my-apple-watch--clutter--aF6riGdeHBVFsjrD7pQb7XClKw59WlHI8Cw_Zd9tL78-00167.jpg": {"object_bounding_box": [396, 615, 629, 417], "object_presence": 1}, "P332--my-apple-watch--clutter--aF6riGdeHBVFsjrD7pQb7XClKw59WlHI8Cw_Zd9tL78-00168.jpg": {"object_bounding_box": [395, 618, 626, 414], "object_presence": 1}, "P332--my-apple-watch--clutter--aF6riGdeHBVFsjrD7pQb7XClKw59WlHI8Cw_Zd9tL78-00169.jpg": {"object_bounding_box": [395, 620, 624, 413], "object_presence": 1}, "P332--my-apple-watch--clutter--aF6riGdeHBVFsjrD7pQb7XClKw59WlHI8Cw_Zd9tL78-00170.jpg": {"object_bounding_box": [395, 622, 622, 411], "object_presence": 1}, "P332--my-apple-watch--clutter--aF6riGdeHBVFsjrD7pQb7XClKw59WlHI8Cw_Zd9tL78-00171.jpg": {"object_bounding_box": [395, 624, 620, 410], "object_presence": 1}, "P332--my-apple-watch--clutter--aF6riGdeHBVFsjrD7pQb7XClKw59WlHI8Cw_Zd9tL78-00172.jpg": {"object_bounding_box": [396, 626, 618, 409], "object_presence": 1}, "P332--my-apple-watch--clutter--aF6riGdeHBVFsjrD7pQb7XClKw59WlHI8Cw_Zd9tL78-00173.jpg": {"object_bounding_box": [397, 628, 615, 408], "object_presence": 1}, "P332--my-apple-watch--clutter--aF6riGdeHBVFsjrD7pQb7XClKw59WlHI8Cw_Zd9tL78-00174.jpg": {"object_bounding_box": [398, 629, 615, 408], "object_presence": 1}, "P332--my-apple-watch--clutter--aF6riGdeHBVFsjrD7pQb7XClKw59WlHI8Cw_Zd9tL78-00175.jpg": {"object_bounding_box": [400, 630, 614, 406], "object_presence": 1}, "P332--my-apple-watch--clutter--aF6riGdeHBVFsjrD7pQb7XClKw59WlHI8Cw_Zd9tL78-00176.jpg": {"object_bounding_box": [402, 629, 613, 405], "object_presence": 1}, "P332--my-apple-watch--clutter--aF6riGdeHBVFsjrD7pQb7XClKw59WlHI8Cw_Zd9tL78-00177.jpg": {"object_bounding_box": [404, 628, 613, 405], "object_presence": 1}, "P332--my-apple-watch--clutter--aF6riGdeHBVFsjrD7pQb7XClKw59WlHI8Cw_Zd9tL78-00178.jpg": {"object_bounding_box": [405, 627, 614, 404], "object_presence": 1}, "P332--my-apple-watch--clutter--aF6riGdeHBVFsjrD7pQb7XClKw59WlHI8Cw_Zd9tL78-00179.jpg": {"object_bounding_box": [408, 624, 616, 404], "object_presence": 1}, "P332--my-apple-watch--clutter--aF6riGdeHBVFsjrD7pQb7XClKw59WlHI8Cw_Zd9tL78-00180.jpg": {"object_bounding_box": [411, 621, 616, 404], "object_presence": 1}, "P332--my-apple-watch--clutter--aF6riGdeHBVFsjrD7pQb7XClKw59WlHI8Cw_Zd9tL78-00181.jpg": {"object_bounding_box": [412, 618, 614, 404], "object_presence": 1}, "P332--my-apple-watch--clutter--aF6riGdeHBVFsjrD7pQb7XClKw59WlHI8Cw_Zd9tL78-00182.jpg": {"object_bounding_box": [413, 616, 611, 404], "object_presence": 1}, "P332--my-apple-watch--clutter--aF6riGdeHBVFsjrD7pQb7XClKw59WlHI8Cw_Zd9tL78-00183.jpg": {"object_bounding_box": [414, 615, 609, 403], "object_presence": 1}, "P332--my-apple-watch--clutter--aF6riGdeHBVFsjrD7pQb7XClKw59WlHI8Cw_Zd9tL78-00184.jpg": {"object_bounding_box": [415, 614, 610, 403], "object_presence": 1}, "P332--my-apple-watch--clutter--aF6riGdeHBVFsjrD7pQb7XClKw59WlHI8Cw_Zd9tL78-00185.jpg": {"object_bounding_box": [415, 612, 610, 403], "object_presence": 1}, "P332--my-apple-watch--clutter--aF6riGdeHBVFsjrD7pQb7XClKw59WlHI8Cw_Zd9tL78-00186.jpg": {"object_bounding_box": [417, 613, 610, 402], "object_presence": 1}, "P332--my-apple-watch--clutter--aF6riGdeHBVFsjrD7pQb7XClKw59WlHI8Cw_Zd9tL78-00187.jpg": {"object_bounding_box": [417, 615, 608, 402], "object_presence": 1}, "P332--my-apple-watch--clutter--aF6riGdeHBVFsjrD7pQb7XClKw59WlHI8Cw_Zd9tL78-00188.jpg": {"object_bounding_box": [418, 616, 606, 401], "object_presence": 1}, "P332--my-apple-watch--clutter--aF6riGdeHBVFsjrD7pQb7XClKw59WlHI8Cw_Zd9tL78-00189.jpg": {"object_bounding_box": [420, 617, 604, 399], "object_presence": 1}, "P332--my-apple-watch--clutter--aF6riGdeHBVFsjrD7pQb7XClKw59WlHI8Cw_Zd9tL78-00190.jpg": {"object_bounding_box": [423, 618, 602, 398], "object_presence": 1}, "P332--my-apple-watch--clutter--aF6riGdeHBVFsjrD7pQb7XClKw59WlHI8Cw_Zd9tL78-00191.jpg": {"object_bounding_box": [423, 618, 601, 396], "object_presence": 1}, "P332--my-apple-watch--clutter--aF6riGdeHBVFsjrD7pQb7XClKw59WlHI8Cw_Zd9tL78-00192.jpg": {"object_bounding_box": [421, 619, 599, 394], "object_presence": 1}, "P332--my-apple-watch--clutter--aF6riGdeHBVFsjrD7pQb7XClKw59WlHI8Cw_Zd9tL78-00193.jpg": {"object_bounding_box": [419, 619, 597, 393], "object_presence": 1}, "P332--my-apple-watch--clutter--aF6riGdeHBVFsjrD7pQb7XClKw59WlHI8Cw_Zd9tL78-00194.jpg": {"object_bounding_box": [421, 618, 595, 392], "object_presence": 1}, "P332--my-apple-watch--clutter--aF6riGdeHBVFsjrD7pQb7XClKw59WlHI8Cw_Zd9tL78-00195.jpg": {"object_bounding_box": [420, 615, 594, 391], "object_presence": 1}, "P332--my-apple-watch--clutter--aF6riGdeHBVFsjrD7pQb7XClKw59WlHI8Cw_Zd9tL78-00196.jpg": {"object_bounding_box": [420, 612, 593, 391], "object_presence": 1}, "P332--my-apple-watch--clutter--aF6riGdeHBVFsjrD7pQb7XClKw59WlHI8Cw_Zd9tL78-00197.jpg": {"object_bounding_box": [421, 611, 593, 390], "object_presence": 1}, "P332--my-apple-watch--clutter--aF6riGdeHBVFsjrD7pQb7XClKw59WlHI8Cw_Zd9tL78-00198.jpg": {"object_bounding_box": [422, 610, 593, 390], "object_presence": 1}, "P332--my-apple-watch--clutter--aF6riGdeHBVFsjrD7pQb7XClKw59WlHI8Cw_Zd9tL78-00199.jpg": {"object_bounding_box": [422, 609, 592, 389], "object_presence": 1}, "P332--my-apple-watch--clutter--aF6riGdeHBVFsjrD7pQb7XClKw59WlHI8Cw_Zd9tL78-00200.jpg": {"object_bounding_box": [424, 609, 590, 388], "object_presence": 1}, "P332--my-apple-watch--clutter--aF6riGdeHBVFsjrD7pQb7XClKw59WlHI8Cw_Zd9tL78-00201.jpg": {"object_bounding_box": [425, 610, 590, 388], "object_presence": 1}, "P332--my-apple-watch--clutter--aF6riGdeHBVFsjrD7pQb7XClKw59WlHI8Cw_Zd9tL78-00202.jpg": {"object_bounding_box": [427, 611, 590, 387], "object_presence": 1}, "P332--my-apple-watch--clutter--aF6riGdeHBVFsjrD7pQb7XClKw59WlHI8Cw_Zd9tL78-00203.jpg": {"object_bounding_box": [427, 612, 588, 386], "object_presence": 1}, "P332--my-apple-watch--clutter--aF6riGdeHBVFsjrD7pQb7XClKw59WlHI8Cw_Zd9tL78-00204.jpg": {"object_bounding_box": [426, 613, 587, 385], "object_presence": 1}, "P332--my-apple-watch--clutter--aF6riGdeHBVFsjrD7pQb7XClKw59WlHI8Cw_Zd9tL78-00205.jpg": {"object_bounding_box": [428, 614, 587, 385], "object_presence": 1}, "P332--my-apple-watch--clutter--aF6riGdeHBVFsjrD7pQb7XClKw59WlHI8Cw_Zd9tL78-00206.jpg": {"object_bounding_box": [425, 616, 585, 384], "object_presence": 1}, "P332--my-apple-watch--clutter--aF6riGdeHBVFsjrD7pQb7XClKw59WlHI8Cw_Zd9tL78-00207.jpg": {"object_bounding_box": [425, 618, 584, 382], "object_presence": 1}, "P332--my-apple-watch--clutter--aF6riGdeHBVFsjrD7pQb7XClKw59WlHI8Cw_Zd9tL78-00208.jpg": {"object_bounding_box": [424, 619, 584, 381], "object_presence": 1}, "P332--my-apple-watch--clutter--aF6riGdeHBVFsjrD7pQb7XClKw59WlHI8Cw_Zd9tL78-00209.jpg": {"object_bounding_box": [423, 620, 580, 380], "object_presence": 1}, "P332--my-apple-watch--clutter--aF6riGdeHBVFsjrD7pQb7XClKw59WlHI8Cw_Zd9tL78-00210.jpg": {"object_bounding_box": [423, 622, 578, 378], "object_presence": 1}, "P332--my-apple-watch--clutter--aF6riGdeHBVFsjrD7pQb7XClKw59WlHI8Cw_Zd9tL78-00211.jpg": {"object_bounding_box": [421, 623, 576, 377], "object_presence": 1}, "P332--my-apple-watch--clutter--aF6riGdeHBVFsjrD7pQb7XClKw59WlHI8Cw_Zd9tL78-00212.jpg": {"object_bounding_box": [420, 624, 573, 375], "object_presence": 1}, "P332--my-apple-watch--clutter--aF6riGdeHBVFsjrD7pQb7XClKw59WlHI8Cw_Zd9tL78-00213.jpg": {"object_bounding_box": [420, 626, 572, 374], "object_presence": 1}, "P332--my-apple-watch--clutter--aF6riGdeHBVFsjrD7pQb7XClKw59WlHI8Cw_Zd9tL78-00214.jpg": {"object_bounding_box": [418, 628, 570, 373], "object_presence": 1}, "P332--my-apple-watch--clutter--aF6riGdeHBVFsjrD7pQb7XClKw59WlHI8Cw_Zd9tL78-00215.jpg": {"object_bounding_box": [419, 628, 568, 372], "object_presence": 1}, "P332--my-apple-watch--clutter--aF6riGdeHBVFsjrD7pQb7XClKw59WlHI8Cw_Zd9tL78-00216.jpg": {"object_bounding_box": [420, 629, 567, 371], "object_presence": 1}, "P332--my-apple-watch--clutter--aF6riGdeHBVFsjrD7pQb7XClKw59WlHI8Cw_Zd9tL78-00217.jpg": {"object_bounding_box": [423, 629, 566, 371], "object_presence": 1}, "P332--my-apple-watch--clutter--aF6riGdeHBVFsjrD7pQb7XClKw59WlHI8Cw_Zd9tL78-00218.jpg": {"object_bounding_box": [426, 628, 565, 370], "object_presence": 1}, "P332--my-apple-watch--clutter--aF6riGdeHBVFsjrD7pQb7XClKw59WlHI8Cw_Zd9tL78-00219.jpg": {"object_bounding_box": [429, 628, 565, 369], "object_presence": 1}, "P332--my-apple-watch--clutter--aF6riGdeHBVFsjrD7pQb7XClKw59WlHI8Cw_Zd9tL78-00220.jpg": {"object_bounding_box": [431, 628, 562, 368], "object_presence": 1}, "P332--my-apple-watch--clutter--aF6riGdeHBVFsjrD7pQb7XClKw59WlHI8Cw_Zd9tL78-00221.jpg": {"object_bounding_box": [435, 628, 561, 368], "object_presence": 1}, "P332--my-apple-watch--clutter--aF6riGdeHBVFsjrD7pQb7XClKw59WlHI8Cw_Zd9tL78-00222.jpg": {"object_bounding_box": [435, 629, 560, 367], "object_presence": 1}, "P332--my-apple-watch--clutter--aF6riGdeHBVFsjrD7pQb7XClKw59WlHI8Cw_Zd9tL78-00223.jpg": {"object_bounding_box": [435, 629, 560, 367], "object_presence": 1}, "P332--my-apple-watch--clutter--aF6riGdeHBVFsjrD7pQb7XClKw59WlHI8Cw_Zd9tL78-00224.jpg": {"object_bounding_box": [438, 627, 558, 365], "object_presence": 1}, "P332--my-apple-watch--clutter--aF6riGdeHBVFsjrD7pQb7XClKw59WlHI8Cw_Zd9tL78-00225.jpg": {"object_bounding_box": [440, 626, 559, 365], "object_presence": 1}, "P332--my-apple-watch--clutter--aF6riGdeHBVFsjrD7pQb7XClKw59WlHI8Cw_Zd9tL78-00226.jpg": {"object_bounding_box": [440, 625, 558, 364], "object_presence": 1}, "P332--my-apple-watch--clutter--aF6riGdeHBVFsjrD7pQb7XClKw59WlHI8Cw_Zd9tL78-00227.jpg": {"object_bounding_box": [443, 623, 556, 363], "object_presence": 1}, "P332--my-apple-watch--clutter--aF6riGdeHBVFsjrD7pQb7XClKw59WlHI8Cw_Zd9tL78-00228.jpg": {"object_bounding_box": [445, 623, 556, 362], "object_presence": 1}, "P332--my-apple-watch--clutter--aF6riGdeHBVFsjrD7pQb7XClKw59WlHI8Cw_Zd9tL78-00229.jpg": {"object_bounding_box": [444, 622, 555, 360], "object_presence": 1}, "P332--my-apple-watch--clutter--aF6riGdeHBVFsjrD7pQb7XClKw59WlHI8Cw_Zd9tL78-00230.jpg": {"object_bounding_box": [443, 621, 553, 360], "object_presence": 1}, "P332--my-apple-watch--clutter--aF6riGdeHBVFsjrD7pQb7XClKw59WlHI8Cw_Zd9tL78-00231.jpg": {"object_bounding_box": [442, 620, 553, 359], "object_presence": 1}, "P332--my-apple-watch--clutter--aF6riGdeHBVFsjrD7pQb7XClKw59WlHI8Cw_Zd9tL78-00232.jpg": {"object_bounding_box": [440, 621, 552, 358], "object_presence": 1}, "P332--my-apple-watch--clutter--aF6riGdeHBVFsjrD7pQb7XClKw59WlHI8Cw_Zd9tL78-00233.jpg": {"object_bounding_box": [441, 621, 550, 356], "object_presence": 1}, "P332--my-apple-watch--clutter--aF6riGdeHBVFsjrD7pQb7XClKw59WlHI8Cw_Zd9tL78-00234.jpg": {"object_bounding_box": [444, 623, 549, 355], "object_presence": 1}, "P332--my-apple-watch--clutter--aF6riGdeHBVFsjrD7pQb7XClKw59WlHI8Cw_Zd9tL78-00235.jpg": {"object_bounding_box": [445, 625, 547, 356], "object_presence": 1}, "P332--my-apple-watch--clutter--aF6riGdeHBVFsjrD7pQb7XClKw59WlHI8Cw_Zd9tL78-00236.jpg": {"object_bounding_box": [447, 628, 547, 355], "object_presence": 1}, "P332--my-apple-watch--clutter--aF6riGdeHBVFsjrD7pQb7XClKw59WlHI8Cw_Zd9tL78-00237.jpg": {"object_bounding_box": [452, 631, 546, 355], "object_presence": 1}, "P332--my-apple-watch--clutter--aF6riGdeHBVFsjrD7pQb7XClKw59WlHI8Cw_Zd9tL78-00238.jpg": {"object_bounding_box": [454, 634, 545, 354], "object_presence": 1}, "P332--my-apple-watch--clutter--aF6riGdeHBVFsjrD7pQb7XClKw59WlHI8Cw_Zd9tL78-00239.jpg": {"object_bounding_box": [455, 636, 544, 353], "object_presence": 1}, "P332--my-apple-watch--clutter--aF6riGdeHBVFsjrD7pQb7XClKw59WlHI8Cw_Zd9tL78-00240.jpg": {"object_bounding_box": [456, 636, 543, 352], "object_presence": 1}, "P332--my-apple-watch--clutter--aF6riGdeHBVFsjrD7pQb7XClKw59WlHI8Cw_Zd9tL78-00241.jpg": {"object_bounding_box": [457, 635, 540, 351], "object_presence": 1}, "P332--my-apple-watch--clutter--aF6riGdeHBVFsjrD7pQb7XClKw59WlHI8Cw_Zd9tL78-00242.jpg": {"object_bounding_box": [457, 634, 540, 350], "object_presence": 1}, "P332--my-apple-watch--clutter--aF6riGdeHBVFsjrD7pQb7XClKw59WlHI8Cw_Zd9tL78-00243.jpg": {"object_bounding_box": [457, 634, 540, 349], "object_presence": 1}, "P332--my-apple-watch--clutter--aF6riGdeHBVFsjrD7pQb7XClKw59WlHI8Cw_Zd9tL78-00244.jpg": {"object_bounding_box": [459, 635, 536, 348], "object_presence": 1}, "P332--my-apple-watch--clutter--aF6riGdeHBVFsjrD7pQb7XClKw59WlHI8Cw_Zd9tL78-00245.jpg": {"object_bounding_box": [461, 636, 535, 347], "object_presence": 1}, "P332--my-apple-watch--clutter--aF6riGdeHBVFsjrD7pQb7XClKw59WlHI8Cw_Zd9tL78-00246.jpg": {"object_bounding_box": [462, 636, 534, 345], "object_presence": 1}, "P332--my-apple-watch--clutter--aF6riGdeHBVFsjrD7pQb7XClKw59WlHI8Cw_Zd9tL78-00247.jpg": {"object_bounding_box": [465, 637, 529, 344], "object_presence": 1}, "P332--my-apple-watch--clutter--aF6riGdeHBVFsjrD7pQb7XClKw59WlHI8Cw_Zd9tL78-00248.jpg": {"object_bounding_box": [468, 639, 531, 343], "object_presence": 1}, "P332--my-apple-watch--clutter--aF6riGdeHBVFsjrD7pQb7XClKw59WlHI8Cw_Zd9tL78-00249.jpg": {"object_bounding_box": [470, 641, 529, 342], "object_presence": 1}, "P332--my-apple-watch--clutter--aF6riGdeHBVFsjrD7pQb7XClKw59WlHI8Cw_Zd9tL78-00250.jpg": {"object_bounding_box": [474, 644, 525, 341], "object_presence": 1}, "P332--my-apple-watch--clutter--aF6riGdeHBVFsjrD7pQb7XClKw59WlHI8Cw_Zd9tL78-00251.jpg": {"object_bounding_box": [479, 646, 524, 340], "object_presence": 1}, "P332--my-apple-watch--clutter--aF6riGdeHBVFsjrD7pQb7XClKw59WlHI8Cw_Zd9tL78-00252.jpg": {"object_bounding_box": [485, 647, 523, 338], "object_presence": 1}, "P332--my-apple-watch--clutter--aF6riGdeHBVFsjrD7pQb7XClKw59WlHI8Cw_Zd9tL78-00253.jpg": {"object_bounding_box": [491, 647, 521, 337], "object_presence": 1}, "P332--my-apple-watch--clutter--aF6riGdeHBVFsjrD7pQb7XClKw59WlHI8Cw_Zd9tL78-00254.jpg": {"object_bounding_box": [496, 647, 519, 335], "object_presence": 1}, "P332--my-apple-watch--clutter--aF6riGdeHBVFsjrD7pQb7XClKw59WlHI8Cw_Zd9tL78-00255.jpg": {"object_bounding_box": [499, 648, 517, 334], "object_presence": 1}, "P332--my-apple-watch--clutter--aF6riGdeHBVFsjrD7pQb7XClKw59WlHI8Cw_Zd9tL78-00256.jpg": {"object_bounding_box": [500, 650, 516, 333], "object_presence": 1}, "P332--my-apple-watch--clutter--aF6riGdeHBVFsjrD7pQb7XClKw59WlHI8Cw_Zd9tL78-00257.jpg": {"object_bounding_box": [499, 651, 514, 331], "object_presence": 1}, "P332--my-apple-watch--clutter--aF6riGdeHBVFsjrD7pQb7XClKw59WlHI8Cw_Zd9tL78-00258.jpg": {"object_bounding_box": [502, 651, 514, 330], "object_presence": 1}, "P332--my-apple-watch--clutter--aF6riGdeHBVFsjrD7pQb7XClKw59WlHI8Cw_Zd9tL78-00259.jpg": {"object_bounding_box": [501, 650, 510, 330], "object_presence": 1}, "P332--my-apple-watch--clutter--aF6riGdeHBVFsjrD7pQb7XClKw59WlHI8Cw_Zd9tL78-00260.jpg": {"object_bounding_box": [499, 650, 509, 328], "object_presence": 1}, "P332--my-apple-watch--clutter--aF6riGdeHBVFsjrD7pQb7XClKw59WlHI8Cw_Zd9tL78-00261.jpg": {"object_bounding_box": [498, 649, 507, 327], "object_presence": 1}, "P332--my-apple-watch--clutter--aF6riGdeHBVFsjrD7pQb7XClKw59WlHI8Cw_Zd9tL78-00262.jpg": {"object_bounding_box": [501, 650, 504, 325], "object_presence": 1}, "P332--my-apple-watch--clutter--aF6riGdeHBVFsjrD7pQb7XClKw59WlHI8Cw_Zd9tL78-00263.jpg": {"object_bounding_box": [503, 651, 503, 323], "object_presence": 1}, "P332--my-apple-watch--clutter--aF6riGdeHBVFsjrD7pQb7XClKw59WlHI8Cw_Zd9tL78-00264.jpg": {"object_bounding_box": [501, 653, 501, 323], "object_presence": 1}, "P332--my-apple-watch--clutter--aF6riGdeHBVFsjrD7pQb7XClKw59WlHI8Cw_Zd9tL78-00265.jpg": {"object_bounding_box": [500, 656, 500, 321], "object_presence": 1}, "P332--my-apple-watch--clutter--aF6riGdeHBVFsjrD7pQb7XClKw59WlHI8Cw_Zd9tL78-00266.jpg": {"object_bounding_box": [498, 658, 498, 325], "object_presence": 1}, "P332--my-apple-watch--clutter--aF6riGdeHBVFsjrD7pQb7XClKw59WlHI8Cw_Zd9tL78-00267.jpg": {"object_bounding_box": [497, 663, 497, 319], "object_presence": 1}, "P332--my-apple-watch--clutter--aF6riGdeHBVFsjrD7pQb7XClKw59WlHI8Cw_Zd9tL78-00268.jpg": {"object_bounding_box": [506, 662, 493, 319], "object_presence": 1}, "P332--my-apple-watch--clutter--aF6riGdeHBVFsjrD7pQb7XClKw59WlHI8Cw_Zd9tL78-00269.jpg": {"object_bounding_box": [515, 663, 495, 321], "object_presence": 1}, "P332--my-apple-watch--clutter--aF6riGdeHBVFsjrD7pQb7XClKw59WlHI8Cw_Zd9tL78-00270.jpg": {"object_bounding_box": [516, 669, 496, 320], "object_presence": 1}, "P332--my-apple-watch--clutter--aF6riGdeHBVFsjrD7pQb7XClKw59WlHI8Cw_Zd9tL78-00271.jpg": {"object_bounding_box": [517, 672, 496, 320], "object_presence": 1}, "P332--my-apple-watch--clutter--aF6riGdeHBVFsjrD7pQb7XClKw59WlHI8Cw_Zd9tL78-00272.jpg": {"object_bounding_box": [518, 677, 494, 319], "object_presence": 1}, "P332--my-apple-watch--clutter--aF6riGdeHBVFsjrD7pQb7XClKw59WlHI8Cw_Zd9tL78-00273.jpg": {"object_bounding_box": [516, 682, 496, 317], "object_presence": 1}, "P332--my-apple-watch--clutter--aF6riGdeHBVFsjrD7pQb7XClKw59WlHI8Cw_Zd9tL78-00274.jpg": {"object_bounding_box": [520, 683, 492, 316], "object_presence": 1}, "P332--my-apple-watch--clutter--aF6riGdeHBVFsjrD7pQb7XClKw59WlHI8Cw_Zd9tL78-00275.jpg": {"object_bounding_box": [522, 682, 491, 316], "object_presence": 1}, "P332--my-apple-watch--clutter--aF6riGdeHBVFsjrD7pQb7XClKw59WlHI8Cw_Zd9tL78-00276.jpg": {"object_bounding_box": [527, 682, 491, 316], "object_presence": 1}, "P332--my-apple-watch--clutter--aF6riGdeHBVFsjrD7pQb7XClKw59WlHI8Cw_Zd9tL78-00277.jpg": {"object_bounding_box": [530, 683, 491, 315], "object_presence": 1}, "P332--my-apple-watch--clutter--aF6riGdeHBVFsjrD7pQb7XClKw59WlHI8Cw_Zd9tL78-00278.jpg": {"object_bounding_box": [530, 683, 491, 315], "object_presence": 1}, "P332--my-apple-watch--clutter--aF6riGdeHBVFsjrD7pQb7XClKw59WlHI8Cw_Zd9tL78-00279.jpg": {"object_bounding_box": [530, 682, 490, 315], "object_presence": 1}, "P332--my-apple-watch--clutter--aF6riGdeHBVFsjrD7pQb7XClKw59WlHI8Cw_Zd9tL78-00280.jpg": {"object_bounding_box": [531, 682, 488, 314], "object_presence": 1}, "P332--my-apple-watch--clutter--aF6riGdeHBVFsjrD7pQb7XClKw59WlHI8Cw_Zd9tL78-00281.jpg": {"object_bounding_box": [528, 680, 487, 313], "object_presence": 1}, "P332--my-apple-watch--clutter--aF6riGdeHBVFsjrD7pQb7XClKw59WlHI8Cw_Zd9tL78-00282.jpg": {"object_bounding_box": [529, 679, 485, 312], "object_presence": 1}, "P332--my-apple-watch--clutter--aF6riGdeHBVFsjrD7pQb7XClKw59WlHI8Cw_Zd9tL78-00283.jpg": {"object_bounding_box": [530, 677, 484, 312], "object_presence": 1}, "P332--my-apple-watch--clutter--aF6riGdeHBVFsjrD7pQb7XClKw59WlHI8Cw_Zd9tL78-00284.jpg": {"object_bounding_box": [529, 678, 485, 311], "object_presence": 1}, "P332--my-apple-watch--clutter--aF6riGdeHBVFsjrD7pQb7XClKw59WlHI8Cw_Zd9tL78-00285.jpg": {"object_bounding_box": [529, 678, 485, 311], "object_presence": 1}, "P332--my-apple-watch--clutter--aF6riGdeHBVFsjrD7pQb7XClKw59WlHI8Cw_Zd9tL78-00286.jpg": {"object_bounding_box": [530, 678, 485, 312], "object_presence": 1}, "P332--my-apple-watch--clutter--aF6riGdeHBVFsjrD7pQb7XClKw59WlHI8Cw_Zd9tL78-00287.jpg": {"object_bounding_box": [533, 679, 485, 312], "object_presence": 1}, "P332--my-apple-watch--clutter--aF6riGdeHBVFsjrD7pQb7XClKw59WlHI8Cw_Zd9tL78-00288.jpg": {"object_bounding_box": [536, 678, 484, 311], "object_presence": 1}, "P332--my-apple-watch--clutter--aF6riGdeHBVFsjrD7pQb7XClKw59WlHI8Cw_Zd9tL78-00289.jpg": {"object_bounding_box": [537, 676, 488, 312], "object_presence": 1}, "P332--my-apple-watch--clutter--aF6riGdeHBVFsjrD7pQb7XClKw59WlHI8Cw_Zd9tL78-00290.jpg": {"object_bounding_box": [539, 675, 485, 312], "object_presence": 1}, "P332--my-apple-watch--clutter--aF6riGdeHBVFsjrD7pQb7XClKw59WlHI8Cw_Zd9tL78-00291.jpg": {"object_bounding_box": [539, 674, 484, 312], "object_presence": 1}, "P332--my-apple-watch--clutter--aF6riGdeHBVFsjrD7pQb7XClKw59WlHI8Cw_Zd9tL78-00292.jpg": {"object_bounding_box": [536, 673, 486, 311], "object_presence": 1}, "P332--my-apple-watch--clutter--aF6riGdeHBVFsjrD7pQb7XClKw59WlHI8Cw_Zd9tL78-00293.jpg": {"object_bounding_box": [538, 671, 484, 310], "object_presence": 1}, "P332--my-apple-watch--clutter--aF6riGdeHBVFsjrD7pQb7XClKw59WlHI8Cw_Zd9tL78-00294.jpg": {"object_bounding_box": [538, 669, 482, 310], "object_presence": 1}, "P332--my-apple-watch--clutter--aF6riGdeHBVFsjrD7pQb7XClKw59WlHI8Cw_Zd9tL78-00295.jpg": {"object_bounding_box": [539, 667, 482, 310], "object_presence": 1}, "P332--my-apple-watch--clutter--aF6riGdeHBVFsjrD7pQb7XClKw59WlHI8Cw_Zd9tL78-00296.jpg": {"object_bounding_box": [537, 664, 482, 310], "object_presence": 1}, "P332--my-apple-watch--clutter--aF6riGdeHBVFsjrD7pQb7XClKw59WlHI8Cw_Zd9tL78-00297.jpg": {"object_bounding_box": [533, 661, 483, 309], "object_presence": 1}, "P332--my-apple-watch--clutter--aF6riGdeHBVFsjrD7pQb7XClKw59WlHI8Cw_Zd9tL78-00298.jpg": {"object_bounding_box": [531, 656, 482, 309], "object_presence": 1}, "P332--my-apple-watch--clutter--aF6riGdeHBVFsjrD7pQb7XClKw59WlHI8Cw_Zd9tL78-00299.jpg": {"object_bounding_box": [530, 652, 482, 308], "object_presence": 1}, "P332--my-apple-watch--clutter--aF6riGdeHBVFsjrD7pQb7XClKw59WlHI8Cw_Zd9tL78-00300.jpg": {"object_bounding_box": [529, 647, 481, 307], "object_presence": 1}, "P332--my-apple-watch--clutter--aF6riGdeHBVFsjrD7pQb7XClKw59WlHI8Cw_Zd9tL78-00301.jpg": {"object_bounding_box": [528, 642, 480, 306], "object_presence": 1}, "P332--my-apple-watch--clutter--aF6riGdeHBVFsjrD7pQb7XClKw59WlHI8Cw_Zd9tL78-00302.jpg": {"object_bounding_box": [528, 639, 478, 304], "object_presence": 1}, "P332--my-apple-watch--clutter--aF6riGdeHBVFsjrD7pQb7XClKw59WlHI8Cw_Zd9tL78-00303.jpg": {"object_bounding_box": [526, 636, 476, 304], "object_presence": 1}, "P332--my-apple-watch--clutter--aF6riGdeHBVFsjrD7pQb7XClKw59WlHI8Cw_Zd9tL78-00304.jpg": {"object_bounding_box": [525, 634, 476, 301], "object_presence": 1}, "P332--my-apple-watch--clutter--aF6riGdeHBVFsjrD7pQb7XClKw59WlHI8Cw_Zd9tL78-00305.jpg": {"object_bounding_box": [524, 633, 475, 301], "object_presence": 1}, "P332--my-apple-watch--clutter--aF6riGdeHBVFsjrD7pQb7XClKw59WlHI8Cw_Zd9tL78-00306.jpg": {"object_bounding_box": [524, 633, 475, 301], "object_presence": 1}, "P332--my-apple-watch--clutter--aF6riGdeHBVFsjrD7pQb7XClKw59WlHI8Cw_Zd9tL78-00307.jpg": {"object_bounding_box": [526, 634, 472, 299], "object_presence": 1}, "P332--my-apple-watch--clutter--aF6riGdeHBVFsjrD7pQb7XClKw59WlHI8Cw_Zd9tL78-00308.jpg": {"object_bounding_box": [526, 635, 472, 299], "object_presence": 1}, "P332--my-apple-watch--clutter--aF6riGdeHBVFsjrD7pQb7XClKw59WlHI8Cw_Zd9tL78-00309.jpg": {"object_bounding_box": [524, 634, 472, 299], "object_presence": 1}, "P332--my-apple-watch--clutter--aF6riGdeHBVFsjrD7pQb7XClKw59WlHI8Cw_Zd9tL78-00310.jpg": {"object_bounding_box": [525, 633, 471, 299], "object_presence": 1}, "P332--my-apple-watch--clutter--aF6riGdeHBVFsjrD7pQb7XClKw59WlHI8Cw_Zd9tL78-00311.jpg": {"object_bounding_box": [527, 633, 470, 299], "object_presence": 1}, "P332--my-apple-watch--clutter--aF6riGdeHBVFsjrD7pQb7XClKw59WlHI8Cw_Zd9tL78-00312.jpg": {"object_bounding_box": [530, 632, 470, 299], "object_presence": 1}, "P332--my-apple-watch--clutter--aF6riGdeHBVFsjrD7pQb7XClKw59WlHI8Cw_Zd9tL78-00313.jpg": {"object_bounding_box": [532, 632, 469, 298], "object_presence": 1}, "P332--my-apple-watch--clutter--aF6riGdeHBVFsjrD7pQb7XClKw59WlHI8Cw_Zd9tL78-00314.jpg": {"object_bounding_box": [532, 631, 468, 298], "object_presence": 1}, "P332--my-apple-watch--clutter--aF6riGdeHBVFsjrD7pQb7XClKw59WlHI8Cw_Zd9tL78-00315.jpg": {"object_bounding_box": [533, 631, 468, 297], "object_presence": 1}, "P332--my-apple-watch--clutter--aF6riGdeHBVFsjrD7pQb7XClKw59WlHI8Cw_Zd9tL78-00316.jpg": {"object_bounding_box": [534, 631, 466, 295], "object_presence": 1}, "P332--my-apple-watch--clutter--aF6riGdeHBVFsjrD7pQb7XClKw59WlHI8Cw_Zd9tL78-00317.jpg": {"object_bounding_box": [533, 633, 465, 294], "object_presence": 1}, "P332--my-apple-watch--clutter--aF6riGdeHBVFsjrD7pQb7XClKw59WlHI8Cw_Zd9tL78-00318.jpg": {"object_bounding_box": [530, 635, 463, 293], "object_presence": 1}, "P332--my-apple-watch--clutter--aF6riGdeHBVFsjrD7pQb7XClKw59WlHI8Cw_Zd9tL78-00319.jpg": {"object_bounding_box": [528, 635, 463, 292], "object_presence": 1}, "P332--my-apple-watch--clutter--aF6riGdeHBVFsjrD7pQb7XClKw59WlHI8Cw_Zd9tL78-00320.jpg": {"object_bounding_box": [527, 634, 461, 292], "object_presence": 1}, "P332--my-apple-watch--clutter--aF6riGdeHBVFsjrD7pQb7XClKw59WlHI8Cw_Zd9tL78-00321.jpg": {"object_bounding_box": [528, 632, 462, 292], "object_presence": 1}, "P332--my-apple-watch--clutter--aF6riGdeHBVFsjrD7pQb7XClKw59WlHI8Cw_Zd9tL78-00322.jpg": {"object_bounding_box": [531, 633, 463, 293], "object_presence": 1}, "P332--my-apple-watch--clutter--aF6riGdeHBVFsjrD7pQb7XClKw59WlHI8Cw_Zd9tL78-00323.jpg": {"object_bounding_box": [531, 635, 462, 293], "object_presence": 1}, "P332--my-apple-watch--clutter--aF6riGdeHBVFsjrD7pQb7XClKw59WlHI8Cw_Zd9tL78-00324.jpg": {"object_bounding_box": [534, 635, 462, 294], "object_presence": 1}, "P332--my-apple-watch--clutter--aF6riGdeHBVFsjrD7pQb7XClKw59WlHI8Cw_Zd9tL78-00325.jpg": {"object_bounding_box": [536, 634, 463, 293], "object_presence": 1}, "P332--my-apple-watch--clutter--aF6riGdeHBVFsjrD7pQb7XClKw59WlHI8Cw_Zd9tL78-00326.jpg": {"object_bounding_box": [537, 633, 461, 292], "object_presence": 1}, "P332--my-apple-watch--clutter--aF6riGdeHBVFsjrD7pQb7XClKw59WlHI8Cw_Zd9tL78-00327.jpg": {"object_bounding_box": [538, 631, 462, 291], "object_presence": 1}, "P332--my-apple-watch--clutter--aF6riGdeHBVFsjrD7pQb7XClKw59WlHI8Cw_Zd9tL78-00328.jpg": {"object_bounding_box": [539, 628, 462, 292], "object_presence": 1}, "P332--my-apple-watch--clutter--aF6riGdeHBVFsjrD7pQb7XClKw59WlHI8Cw_Zd9tL78-00329.jpg": {"object_bounding_box": [539, 628, 462, 292], "object_presence": 1}, "P332--my-apple-watch--clutter--aF6riGdeHBVFsjrD7pQb7XClKw59WlHI8Cw_Zd9tL78-00330.jpg": {"object_bounding_box": [539, 628, 459, 290], "object_presence": 1}, "P332--my-apple-watch--clutter--aF6riGdeHBVFsjrD7pQb7XClKw59WlHI8Cw_Zd9tL78-00331.jpg": {"object_bounding_box": [538, 629, 458, 289], "object_presence": 1}, "P332--my-apple-watch--clutter--aF6riGdeHBVFsjrD7pQb7XClKw59WlHI8Cw_Zd9tL78-00332.jpg": {"object_bounding_box": [537, 630, 458, 289], "object_presence": 1}, "P332--my-apple-watch--clutter--aF6riGdeHBVFsjrD7pQb7XClKw59WlHI8Cw_Zd9tL78-00333.jpg": {"object_bounding_box": [537, 632, 457, 289], "object_presence": 1}, "P332--my-apple-watch--clutter--aF6riGdeHBVFsjrD7pQb7XClKw59WlHI8Cw_Zd9tL78-00334.jpg": {"object_bounding_box": [537, 634, 457, 289], "object_presence": 1}, "P332--my-apple-watch--clutter--aF6riGdeHBVFsjrD7pQb7XClKw59WlHI8Cw_Zd9tL78-00335.jpg": {"object_bounding_box": [538, 635, 457, 288], "object_presence": 1}, "P332--my-apple-watch--clutter--aF6riGdeHBVFsjrD7pQb7XClKw59WlHI8Cw_Zd9tL78-00336.jpg": {"object_bounding_box": [539, 635, 456, 288], "object_presence": 1}, "P332--my-apple-watch--clutter--aF6riGdeHBVFsjrD7pQb7XClKw59WlHI8Cw_Zd9tL78-00337.jpg": {"object_bounding_box": [540, 635, 456, 287], "object_presence": 1}, "P332--my-apple-watch--clutter--aF6riGdeHBVFsjrD7pQb7XClKw59WlHI8Cw_Zd9tL78-00338.jpg": {"object_bounding_box": [541, 635, 454, 287], "object_presence": 1}, "P332--my-apple-watch--clutter--aF6riGdeHBVFsjrD7pQb7XClKw59WlHI8Cw_Zd9tL78-00339.jpg": {"object_bounding_box": [543, 634, 453, 287], "object_presence": 1}, "P332--my-apple-watch--clutter--aF6riGdeHBVFsjrD7pQb7XClKw59WlHI8Cw_Zd9tL78-00340.jpg": {"object_bounding_box": [543, 633, 453, 286], "object_presence": 1}, "P332--my-apple-watch--clutter--aF6riGdeHBVFsjrD7pQb7XClKw59WlHI8Cw_Zd9tL78-00341.jpg": {"object_bounding_box": [543, 632, 453, 286], "object_presence": 1}, "P332--my-apple-watch--clutter--aF6riGdeHBVFsjrD7pQb7XClKw59WlHI8Cw_Zd9tL78-00342.jpg": {"object_bounding_box": [543, 632, 452, 285], "object_presence": 1}, "P332--my-apple-watch--clutter--aF6riGdeHBVFsjrD7pQb7XClKw59WlHI8Cw_Zd9tL78-00343.jpg": {"object_bounding_box": [542, 632, 451, 284], "object_presence": 1}, "P332--my-apple-watch--clutter--aF6riGdeHBVFsjrD7pQb7XClKw59WlHI8Cw_Zd9tL78-00344.jpg": {"object_bounding_box": [541, 633, 451, 284], "object_presence": 1}, "P332--my-apple-watch--clutter--aF6riGdeHBVFsjrD7pQb7XClKw59WlHI8Cw_Zd9tL78-00345.jpg": {"object_bounding_box": [542, 633, 450, 284], "object_presence": 1}, "P332--my-apple-watch--clutter--aF6riGdeHBVFsjrD7pQb7XClKw59WlHI8Cw_Zd9tL78-00346.jpg": {"object_bounding_box": [543, 633, 451, 284], "object_presence": 1}, "P332--my-apple-watch--clutter--aF6riGdeHBVFsjrD7pQb7XClKw59WlHI8Cw_Zd9tL78-00347.jpg": {"object_bounding_box": [542, 631, 450, 283], "object_presence": 1}, "P332--my-apple-watch--clutter--aF6riGdeHBVFsjrD7pQb7XClKw59WlHI8Cw_Zd9tL78-00348.jpg": {"object_bounding_box": [541, 630, 449, 284], "object_presence": 1}, "P332--my-apple-watch--clutter--aF6riGdeHBVFsjrD7pQb7XClKw59WlHI8Cw_Zd9tL78-00349.jpg": {"object_bounding_box": [542, 629, 449, 283], "object_presence": 1}, "P332--my-apple-watch--clutter--aF6riGdeHBVFsjrD7pQb7XClKw59WlHI8Cw_Zd9tL78-00350.jpg": {"object_bounding_box": [541, 629, 449, 282], "object_presence": 1}, "P332--my-apple-watch--clutter--aF6riGdeHBVFsjrD7pQb7XClKw59WlHI8Cw_Zd9tL78-00351.jpg": {"object_bounding_box": [542, 629, 448, 282], "object_presence": 1}, "P332--my-apple-watch--clutter--aF6riGdeHBVFsjrD7pQb7XClKw59WlHI8Cw_Zd9tL78-00352.jpg": {"object_bounding_box": [540, 630, 447, 282], "object_presence": 1}, "P332--my-apple-watch--clutter--aF6riGdeHBVFsjrD7pQb7XClKw59WlHI8Cw_Zd9tL78-00353.jpg": {"object_bounding_box": [539, 631, 446, 280], "object_presence": 1}, "P332--my-apple-watch--clutter--aF6riGdeHBVFsjrD7pQb7XClKw59WlHI8Cw_Zd9tL78-00354.jpg": {"object_bounding_box": [538, 632, 446, 280], "object_presence": 1}, "P332--my-apple-watch--clutter--aF6riGdeHBVFsjrD7pQb7XClKw59WlHI8Cw_Zd9tL78-00355.jpg": {"object_bounding_box": [538, 632, 444, 280], "object_presence": 1}, "P332--my-apple-watch--clutter--aF6riGdeHBVFsjrD7pQb7XClKw59WlHI8Cw_Zd9tL78-00356.jpg": {"object_bounding_box": [537, 633, 444, 279], "object_presence": 1}, "P332--my-apple-watch--clutter--aF6riGdeHBVFsjrD7pQb7XClKw59WlHI8Cw_Zd9tL78-00357.jpg": {"object_bounding_box": [536, 633, 442, 280], "object_presence": 1}, "P332--my-apple-watch--clutter--aF6riGdeHBVFsjrD7pQb7XClKw59WlHI8Cw_Zd9tL78-00358.jpg": {"object_bounding_box": [535, 634, 441, 278], "object_presence": 1}, "P332--my-apple-watch--clutter--aF6riGdeHBVFsjrD7pQb7XClKw59WlHI8Cw_Zd9tL78-00359.jpg": {"object_bounding_box": [535, 636, 441, 277], "object_presence": 1}, "P332--my-apple-watch--clutter--aF6riGdeHBVFsjrD7pQb7XClKw59WlHI8Cw_Zd9tL78-00360.jpg": {"object_bounding_box": [535, 637, 441, 276], "object_presence": 1}, "P332--my-apple-watch--clutter--aF6riGdeHBVFsjrD7pQb7XClKw59WlHI8Cw_Zd9tL78-00361.jpg": {"object_bounding_box": [534, 638, 441, 275], "object_presence": 1}, "P332--my-apple-watch--clutter--aF6riGdeHBVFsjrD7pQb7XClKw59WlHI8Cw_Zd9tL78-00362.jpg": {"object_bounding_box": [535, 640, 438, 276], "object_presence": 1}, "P332--my-apple-watch--clutter--aF6riGdeHBVFsjrD7pQb7XClKw59WlHI8Cw_Zd9tL78-00363.jpg": {"object_bounding_box": [536, 641, 438, 275], "object_presence": 1}, "P332--my-apple-watch--clutter--aF6riGdeHBVFsjrD7pQb7XClKw59WlHI8Cw_Zd9tL78-00364.jpg": {"object_bounding_box": [538, 643, 438, 275], "object_presence": 1}, "P332--my-apple-watch--clutter--aF6riGdeHBVFsjrD7pQb7XClKw59WlHI8Cw_Zd9tL78-00365.jpg": {"object_bounding_box": [538, 643, 437, 275], "object_presence": 1}, "P332--my-apple-watch--clutter--aF6riGdeHBVFsjrD7pQb7XClKw59WlHI8Cw_Zd9tL78-00366.jpg": {"object_bounding_box": [540, 643, 436, 275], "object_presence": 1}, "P332--my-apple-watch--clutter--aF6riGdeHBVFsjrD7pQb7XClKw59WlHI8Cw_Zd9tL78-00367.jpg": {"object_bounding_box": [540, 643, 436, 275], "object_presence": 1}, "P332--my-apple-watch--clutter--aF6riGdeHBVFsjrD7pQb7XClKw59WlHI8Cw_Zd9tL78-00368.jpg": {"object_bounding_box": [539, 643, 435, 274], "object_presence": 1}, "P332--my-apple-watch--clutter--aF6riGdeHBVFsjrD7pQb7XClKw59WlHI8Cw_Zd9tL78-00369.jpg": {"object_bounding_box": [539, 644, 433, 273], "object_presence": 1}, "P332--my-apple-watch--clutter--aF6riGdeHBVFsjrD7pQb7XClKw59WlHI8Cw_Zd9tL78-00370.jpg": {"object_bounding_box": [540, 645, 431, 272], "object_presence": 1}, "P332--my-apple-watch--clutter--aF6riGdeHBVFsjrD7pQb7XClKw59WlHI8Cw_Zd9tL78-00371.jpg": {"object_bounding_box": [541, 646, 431, 271], "object_presence": 1}, "P332--my-apple-watch--clutter--aF6riGdeHBVFsjrD7pQb7XClKw59WlHI8Cw_Zd9tL78-00372.jpg": {"object_bounding_box": [542, 647, 431, 270], "object_presence": 1}, "P332--my-apple-watch--clutter--aF6riGdeHBVFsjrD7pQb7XClKw59WlHI8Cw_Zd9tL78-00373.jpg": {"object_bounding_box": [542, 648, 428, 270], "object_presence": 1}, "P332--my-apple-watch--clutter--aF6riGdeHBVFsjrD7pQb7XClKw59WlHI8Cw_Zd9tL78-00374.jpg": {"object_bounding_box": [544, 648, 426, 269], "object_presence": 1}, "P332--my-apple-watch--clutter--aF6riGdeHBVFsjrD7pQb7XClKw59WlHI8Cw_Zd9tL78-00375.jpg": {"object_bounding_box": [545, 646, 426, 272], "object_presence": 1}, "P332--my-apple-watch--clutter--aF6riGdeHBVFsjrD7pQb7XClKw59WlHI8Cw_Zd9tL78-00376.jpg": {"object_bounding_box": [543, 648, 425, 267], "object_presence": 1}, "P332--my-apple-watch--clutter--aF6riGdeHBVFsjrD7pQb7XClKw59WlHI8Cw_Zd9tL78-00377.jpg": {"object_bounding_box": [543, 648, 425, 267], "object_presence": 1}, "P332--my-apple-watch--clutter--aF6riGdeHBVFsjrD7pQb7XClKw59WlHI8Cw_Zd9tL78-00378.jpg": {"object_bounding_box": [543, 648, 425, 267], "object_presence": 1}, "P332--my-apple-watch--clutter--aF6riGdeHBVFsjrD7pQb7XClKw59WlHI8Cw_Zd9tL78-00379.jpg": {"object_bounding_box": [543, 649, 426, 267], "object_presence": 1}, "P332--my-apple-watch--clutter--aF6riGdeHBVFsjrD7pQb7XClKw59WlHI8Cw_Zd9tL78-00380.jpg": {"object_bounding_box": [544, 649, 423, 267], "object_presence": 1}, "P332--my-apple-watch--clutter--aF6riGdeHBVFsjrD7pQb7XClKw59WlHI8Cw_Zd9tL78-00381.jpg": {"object_bounding_box": [547, 650, 424, 266], "object_presence": 1}, "P332--my-apple-watch--clutter--aF6riGdeHBVFsjrD7pQb7XClKw59WlHI8Cw_Zd9tL78-00382.jpg": {"object_bounding_box": [549, 650, 423, 265], "object_presence": 1}, "P332--my-apple-watch--clutter--aF6riGdeHBVFsjrD7pQb7XClKw59WlHI8Cw_Zd9tL78-00383.jpg": {"object_bounding_box": [549, 651, 422, 265], "object_presence": 1}, "P332--my-apple-watch--clutter--aF6riGdeHBVFsjrD7pQb7XClKw59WlHI8Cw_Zd9tL78-00384.jpg": {"object_bounding_box": [550, 651, 422, 265], "object_presence": 1}, "P332--my-apple-watch--clutter--aF6riGdeHBVFsjrD7pQb7XClKw59WlHI8Cw_Zd9tL78-00385.jpg": {"object_bounding_box": [551, 650, 423, 265], "object_presence": 1}, "P332--my-apple-watch--clutter--aF6riGdeHBVFsjrD7pQb7XClKw59WlHI8Cw_Zd9tL78-00386.jpg": {"object_bounding_box": [552, 649, 422, 265], "object_presence": 1}, "P332--my-apple-watch--clutter--aF6riGdeHBVFsjrD7pQb7XClKw59WlHI8Cw_Zd9tL78-00387.jpg": {"object_bounding_box": [552, 648, 422, 264], "object_presence": 1}, "P332--my-apple-watch--clutter--aF6riGdeHBVFsjrD7pQb7XClKw59WlHI8Cw_Zd9tL78-00388.jpg": {"object_bounding_box": [551, 647, 421, 264], "object_presence": 1}, "P332--my-apple-watch--clutter--aF6riGdeHBVFsjrD7pQb7XClKw59WlHI8Cw_Zd9tL78-00389.jpg": {"object_bounding_box": [551, 647, 421, 264], "object_presence": 1}, "P332--my-apple-watch--clutter--aF6riGdeHBVFsjrD7pQb7XClKw59WlHI8Cw_Zd9tL78-00390.jpg": {"object_bounding_box": [549, 648, 419, 264], "object_presence": 1}, "P332--my-apple-watch--clutter--aF6riGdeHBVFsjrD7pQb7XClKw59WlHI8Cw_Zd9tL78-00391.jpg": {"object_bounding_box": [551, 648, 421, 264], "object_presence": 1}, "P332--my-apple-watch--clutter--aF6riGdeHBVFsjrD7pQb7XClKw59WlHI8Cw_Zd9tL78-00392.jpg": {"object_bounding_box": [552, 648, 421, 263], "object_presence": 1}, "P332--my-apple-watch--clutter--aF6riGdeHBVFsjrD7pQb7XClKw59WlHI8Cw_Zd9tL78-00393.jpg": {"object_bounding_box": [551, 647, 419, 264], "object_presence": 1}, "P332--my-apple-watch--clutter--aF6riGdeHBVFsjrD7pQb7XClKw59WlHI8Cw_Zd9tL78-00394.jpg": {"object_bounding_box": [553, 646, 419, 263], "object_presence": 1}, "P332--my-apple-watch--clutter--aF6riGdeHBVFsjrD7pQb7XClKw59WlHI8Cw_Zd9tL78-00395.jpg": {"object_bounding_box": [554, 646, 418, 263], "object_presence": 1}, "P332--my-apple-watch--clutter--aF6riGdeHBVFsjrD7pQb7XClKw59WlHI8Cw_Zd9tL78-00396.jpg": {"object_bounding_box": [554, 647, 419, 264], "object_presence": 1}, "P332--my-apple-watch--clutter--aF6riGdeHBVFsjrD7pQb7XClKw59WlHI8Cw_Zd9tL78-00397.jpg": {"object_bounding_box": [554, 646, 418, 263], "object_presence": 1}, "P332--my-apple-watch--clutter--aF6riGdeHBVFsjrD7pQb7XClKw59WlHI8Cw_Zd9tL78-00398.jpg": {"object_bounding_box": [555, 646, 420, 262], "object_presence": 1}, "P332--my-apple-watch--clutter--aF6riGdeHBVFsjrD7pQb7XClKw59WlHI8Cw_Zd9tL78-00399.jpg": {"object_bounding_box": [554, 645, 420, 263], "object_presence": 1}, "P332--my-apple-watch--clutter--aF6riGdeHBVFsjrD7pQb7XClKw59WlHI8Cw_Zd9tL78-00400.jpg": {"object_bounding_box": [554, 644, 419, 261], "object_presence": 1}, "P332--my-apple-watch--clutter--aF6riGdeHBVFsjrD7pQb7XClKw59WlHI8Cw_Zd9tL78-00401.jpg": {"object_bounding_box": [553, 645, 418, 261], "object_presence": 1}, "P332--my-apple-watch--clutter--aF6riGdeHBVFsjrD7pQb7XClKw59WlHI8Cw_Zd9tL78-00402.jpg": {"object_bounding_box": [551, 647, 418, 260], "object_presence": 1}, "P332--my-apple-watch--clutter--aF6riGdeHBVFsjrD7pQb7XClKw59WlHI8Cw_Zd9tL78-00403.jpg": {"object_bounding_box": [548, 649, 416, 260], "object_presence": 1}, "P332--my-apple-watch--clutter--aF6riGdeHBVFsjrD7pQb7XClKw59WlHI8Cw_Zd9tL78-00404.jpg": {"object_bounding_box": [547, 649, 417, 261], "object_presence": 1}, "P332--my-apple-watch--clutter--aF6riGdeHBVFsjrD7pQb7XClKw59WlHI8Cw_Zd9tL78-00405.jpg": {"object_bounding_box": [545, 648, 415, 258], "object_presence": 1}, "P332--my-apple-watch--clutter--aF6riGdeHBVFsjrD7pQb7XClKw59WlHI8Cw_Zd9tL78-00406.jpg": {"object_bounding_box": [543, 648, 415, 259], "object_presence": 1}, "P332--my-apple-watch--clutter--aF6riGdeHBVFsjrD7pQb7XClKw59WlHI8Cw_Zd9tL78-00407.jpg": {"object_bounding_box": [545, 647, 414, 258], "object_presence": 1}, "P332--my-apple-watch--clutter--aF6riGdeHBVFsjrD7pQb7XClKw59WlHI8Cw_Zd9tL78-00408.jpg": {"object_bounding_box": [546, 647, 412, 258], "object_presence": 1}, "P332--my-apple-watch--clutter--aF6riGdeHBVFsjrD7pQb7XClKw59WlHI8Cw_Zd9tL78-00409.jpg": {"object_bounding_box": [549, 649, 412, 257], "object_presence": 1}, "P332--my-apple-watch--clutter--aF6riGdeHBVFsjrD7pQb7XClKw59WlHI8Cw_Zd9tL78-00410.jpg": {"object_bounding_box": [552, 650, 412, 259], "object_presence": 1}, "P332--my-apple-watch--clutter--aF6riGdeHBVFsjrD7pQb7XClKw59WlHI8Cw_Zd9tL78-00411.jpg": {"object_bounding_box": [552, 650, 412, 259], "object_presence": 1}, "P332--my-apple-watch--clutter--aF6riGdeHBVFsjrD7pQb7XClKw59WlHI8Cw_Zd9tL78-00412.jpg": {"object_bounding_box": [551, 649, 413, 257], "object_presence": 1}, "P332--my-apple-watch--clutter--aF6riGdeHBVFsjrD7pQb7XClKw59WlHI8Cw_Zd9tL78-00413.jpg": {"object_bounding_box": [550, 649, 411, 258], "object_presence": 1}, "P332--my-apple-watch--clutter--aF6riGdeHBVFsjrD7pQb7XClKw59WlHI8Cw_Zd9tL78-00414.jpg": {"object_bounding_box": [546, 650, 411, 256], "object_presence": 1}, "P332--my-apple-watch--clutter--aF6riGdeHBVFsjrD7pQb7XClKw59WlHI8Cw_Zd9tL78-00415.jpg": {"object_bounding_box": [544, 651, 410, 256], "object_presence": 1}, "P332--my-apple-watch--clutter--aF6riGdeHBVFsjrD7pQb7XClKw59WlHI8Cw_Zd9tL78-00416.jpg": {"object_bounding_box": [543, 652, 409, 256], "object_presence": 1}, "P332--my-apple-watch--clutter--aF6riGdeHBVFsjrD7pQb7XClKw59WlHI8Cw_Zd9tL78-00417.jpg": {"object_bounding_box": [542, 654, 408, 255], "object_presence": 1}, "P332--my-apple-watch--clutter--aF6riGdeHBVFsjrD7pQb7XClKw59WlHI8Cw_Zd9tL78-00418.jpg": {"object_bounding_box": [542, 656, 408, 255], "object_presence": 1}, "P332--my-apple-watch--clutter--aF6riGdeHBVFsjrD7pQb7XClKw59WlHI8Cw_Zd9tL78-00419.jpg": {"object_bounding_box": [543, 658, 406, 256], "object_presence": 1}, "P332--my-apple-watch--clutter--aF6riGdeHBVFsjrD7pQb7XClKw59WlHI8Cw_Zd9tL78-00420.jpg": {"object_bounding_box": [544, 658, 406, 255], "object_presence": 1}, "P332--my-apple-watch--clutter--aF6riGdeHBVFsjrD7pQb7XClKw59WlHI8Cw_Zd9tL78-00421.jpg": {"object_bounding_box": [544, 658, 407, 255], "object_presence": 1}, "P332--my-apple-watch--clutter--aF6riGdeHBVFsjrD7pQb7XClKw59WlHI8Cw_Zd9tL78-00422.jpg": {"object_bounding_box": [546, 656, 406, 254], "object_presence": 1}, "P332--my-apple-watch--clutter--aF6riGdeHBVFsjrD7pQb7XClKw59WlHI8Cw_Zd9tL78-00423.jpg": {"object_bounding_box": [550, 656, 407, 255], "object_presence": 1}, "P332--my-apple-watch--clutter--aF6riGdeHBVFsjrD7pQb7XClKw59WlHI8Cw_Zd9tL78-00424.jpg": {"object_bounding_box": [551, 657, 408, 255], "object_presence": 1}, "P332--my-apple-watch--clutter--aF6riGdeHBVFsjrD7pQb7XClKw59WlHI8Cw_Zd9tL78-00425.jpg": {"object_bounding_box": [552, 657, 406, 256], "object_presence": 1}, "P332--my-apple-watch--clutter--aF6riGdeHBVFsjrD7pQb7XClKw59WlHI8Cw_Zd9tL78-00426.jpg": {"object_bounding_box": [552, 658, 407, 256], "object_presence": 1}, "P332--my-apple-watch--clutter--aF6riGdeHBVFsjrD7pQb7XClKw59WlHI8Cw_Zd9tL78-00427.jpg": {"object_bounding_box": [553, 658, 407, 256], "object_presence": 1}, "P332--my-apple-watch--clutter--aF6riGdeHBVFsjrD7pQb7XClKw59WlHI8Cw_Zd9tL78-00428.jpg": {"object_bounding_box": [555, 660, 407, 256], "object_presence": 1}, "P332--my-apple-watch--clutter--aF6riGdeHBVFsjrD7pQb7XClKw59WlHI8Cw_Zd9tL78-00429.jpg": {"object_bounding_box": [554, 661, 406, 257], "object_presence": 1}, "P332--my-apple-watch--clutter--aF6riGdeHBVFsjrD7pQb7XClKw59WlHI8Cw_Zd9tL78-00430.jpg": {"object_bounding_box": [555, 660, 407, 256], "object_presence": 1}, "P332--my-apple-watch--clutter--aF6riGdeHBVFsjrD7pQb7XClKw59WlHI8Cw_Zd9tL78-00431.jpg": {"object_bounding_box": [554, 660, 406, 256], "object_presence": 1}, "P332--my-apple-watch--clutter--aF6riGdeHBVFsjrD7pQb7XClKw59WlHI8Cw_Zd9tL78-00432.jpg": {"object_bounding_box": [552, 661, 406, 256], "object_presence": 1}, "P332--my-apple-watch--clutter--aF6riGdeHBVFsjrD7pQb7XClKw59WlHI8Cw_Zd9tL78-00433.jpg": {"object_bounding_box": [552, 661, 406, 256], "object_presence": 1}, "P332--my-apple-watch--clutter--aF6riGdeHBVFsjrD7pQb7XClKw59WlHI8Cw_Zd9tL78-00434.jpg": {"object_bounding_box": [552, 661, 406, 256], "object_presence": 1}, "P332--my-apple-watch--clutter--aF6riGdeHBVFsjrD7pQb7XClKw59WlHI8Cw_Zd9tL78-00435.jpg": {"object_bounding_box": [552, 660, 407, 255], "object_presence": 1}, "P332--my-apple-watch--clutter--aF6riGdeHBVFsjrD7pQb7XClKw59WlHI8Cw_Zd9tL78-00436.jpg": {"object_bounding_box": [552, 659, 406, 255], "object_presence": 1}, "P332--my-apple-watch--clutter--aF6riGdeHBVFsjrD7pQb7XClKw59WlHI8Cw_Zd9tL78-00437.jpg": {"object_bounding_box": [552, 659, 406, 255], "object_presence": 1}, "P332--my-apple-watch--clutter--aF6riGdeHBVFsjrD7pQb7XClKw59WlHI8Cw_Zd9tL78-00438.jpg": {"object_bounding_box": [554, 659, 405, 255], "object_presence": 1}, "P332--my-apple-watch--clutter--aF6riGdeHBVFsjrD7pQb7XClKw59WlHI8Cw_Zd9tL78-00439.jpg": {"object_bounding_box": [553, 658, 406, 254], "object_presence": 1}, "P332--my-apple-watch--clutter--aF6riGdeHBVFsjrD7pQb7XClKw59WlHI8Cw_Zd9tL78-00440.jpg": {"object_bounding_box": [553, 658, 406, 254], "object_presence": 1}, "P332--my-apple-watch--clutter--aF6riGdeHBVFsjrD7pQb7XClKw59WlHI8Cw_Zd9tL78-00441.jpg": {"object_bounding_box": [553, 657, 405, 254], "object_presence": 1}, "P332--my-apple-watch--clutter--aF6riGdeHBVFsjrD7pQb7XClKw59WlHI8Cw_Zd9tL78-00442.jpg": {"object_bounding_box": [553, 657, 405, 254], "object_presence": 1}, "P332--my-apple-watch--clutter--aF6riGdeHBVFsjrD7pQb7XClKw59WlHI8Cw_Zd9tL78-00443.jpg": {"object_bounding_box": [552, 658, 405, 254], "object_presence": 1}, "P332--my-apple-watch--clutter--aF6riGdeHBVFsjrD7pQb7XClKw59WlHI8Cw_Zd9tL78-00444.jpg": {"object_bounding_box": [549, 658, 404, 254], "object_presence": 1}, "P332--my-apple-watch--clutter--aF6riGdeHBVFsjrD7pQb7XClKw59WlHI8Cw_Zd9tL78-00445.jpg": {"object_bounding_box": [547, 658, 404, 253], "object_presence": 1}, "P332--my-apple-watch--clutter--aF6riGdeHBVFsjrD7pQb7XClKw59WlHI8Cw_Zd9tL78-00446.jpg": {"object_bounding_box": [547, 658, 404, 253], "object_presence": 1}, "P332--my-apple-watch--clutter--aF6riGdeHBVFsjrD7pQb7XClKw59WlHI8Cw_Zd9tL78-00447.jpg": {"object_bounding_box": [546, 659, 403, 253], "object_presence": 1}, "P332--my-apple-watch--clutter--aF6riGdeHBVFsjrD7pQb7XClKw59WlHI8Cw_Zd9tL78-00448.jpg": {"object_bounding_box": [546, 660, 403, 253], "object_presence": 1}, "P332--my-apple-watch--clutter--aF6riGdeHBVFsjrD7pQb7XClKw59WlHI8Cw_Zd9tL78-00449.jpg": {"object_bounding_box": [547, 661, 403, 253], "object_presence": 1}, "P332--my-apple-watch--clutter--aF6riGdeHBVFsjrD7pQb7XClKw59WlHI8Cw_Zd9tL78-00450.jpg": {"object_bounding_box": [547, 661, 402, 253], "object_presence": 1}, "P332--my-apple-watch--clutter--aF6riGdeHBVFsjrD7pQb7XClKw59WlHI8Cw_Zd9tL78-00451.jpg": {"object_bounding_box": [548, 662, 402, 253], "object_presence": 1}, "P332--my-apple-watch--clutter--aF6riGdeHBVFsjrD7pQb7XClKw59WlHI8Cw_Zd9tL78-00452.jpg": {"object_bounding_box": [548, 662, 402, 253], "object_presence": 1}, "P332--my-apple-watch--clutter--aF6riGdeHBVFsjrD7pQb7XClKw59WlHI8Cw_Zd9tL78-00453.jpg": {"object_bounding_box": [549, 663, 403, 253], "object_presence": 1}, "P332--my-apple-watch--clutter--aF6riGdeHBVFsjrD7pQb7XClKw59WlHI8Cw_Zd9tL78-00454.jpg": {"object_bounding_box": [548, 665, 401, 253], "object_presence": 1}, "P332--my-apple-watch--clutter--aF6riGdeHBVFsjrD7pQb7XClKw59WlHI8Cw_Zd9tL78-00455.jpg": {"object_bounding_box": [548, 666, 402, 253], "object_presence": 1}, "P332--my-apple-watch--clutter--aF6riGdeHBVFsjrD7pQb7XClKw59WlHI8Cw_Zd9tL78-00456.jpg": {"object_bounding_box": [548, 668, 401, 253], "object_presence": 1}, "P332--my-apple-watch--clutter--aF6riGdeHBVFsjrD7pQb7XClKw59WlHI8Cw_Zd9tL78-00457.jpg": {"object_bounding_box": [549, 670, 401, 253], "object_presence": 1}, "P332--my-apple-watch--clutter--aF6riGdeHBVFsjrD7pQb7XClKw59WlHI8Cw_Zd9tL78-00458.jpg": {"object_bounding_box": [549, 672, 401, 253], "object_presence": 1}, "P332--my-apple-watch--clutter--aF6riGdeHBVFsjrD7pQb7XClKw59WlHI8Cw_Zd9tL78-00459.jpg": {"object_bounding_box": [550, 674, 400, 253], "object_presence": 1}, "P332--my-apple-watch--clutter--aF6riGdeHBVFsjrD7pQb7XClKw59WlHI8Cw_Zd9tL78-00460.jpg": {"object_bounding_box": [550, 677, 399, 252], "object_presence": 1}, "P332--my-apple-watch--clutter--aF6riGdeHBVFsjrD7pQb7XClKw59WlHI8Cw_Zd9tL78-00461.jpg": {"object_bounding_box": [552, 678, 398, 251], "object_presence": 1}, "P332--my-apple-watch--clutter--aF6riGdeHBVFsjrD7pQb7XClKw59WlHI8Cw_Zd9tL78-00462.jpg": {"object_bounding_box": [554, 679, 397, 252], "object_presence": 1}, "P332--my-apple-watch--clutter--aF6riGdeHBVFsjrD7pQb7XClKw59WlHI8Cw_Zd9tL78-00463.jpg": {"object_bounding_box": [554, 681, 398, 250], "object_presence": 1}, "P332--my-apple-watch--clutter--aF6riGdeHBVFsjrD7pQb7XClKw59WlHI8Cw_Zd9tL78-00464.jpg": {"object_bounding_box": [554, 683, 397, 251], "object_presence": 1}, "P332--my-apple-watch--clutter--aF6riGdeHBVFsjrD7pQb7XClKw59WlHI8Cw_Zd9tL78-00465.jpg": {"object_bounding_box": [555, 683, 396, 250], "object_presence": 1}, "P332--my-apple-watch--clutter--aF6riGdeHBVFsjrD7pQb7XClKw59WlHI8Cw_Zd9tL78-00466.jpg": {"object_bounding_box": [555, 682, 395, 249], "object_presence": 1}, "P332--my-apple-watch--clutter--aF6riGdeHBVFsjrD7pQb7XClKw59WlHI8Cw_Zd9tL78-00467.jpg": {"object_bounding_box": [553, 684, 395, 248], "object_presence": 1}, "P332--my-apple-watch--clutter--aF6riGdeHBVFsjrD7pQb7XClKw59WlHI8Cw_Zd9tL78-00468.jpg": {"object_bounding_box": [553, 685, 393, 248], "object_presence": 1}, "P332--my-apple-watch--clutter--aF6riGdeHBVFsjrD7pQb7XClKw59WlHI8Cw_Zd9tL78-00469.jpg": {"object_bounding_box": [555, 685, 393, 248], "object_presence": 1}, "P332--my-apple-watch--clutter--aF6riGdeHBVFsjrD7pQb7XClKw59WlHI8Cw_Zd9tL78-00470.jpg": {"object_bounding_box": [558, 684, 393, 247], "object_presence": 1}, "P332--my-apple-watch--clutter--aF6riGdeHBVFsjrD7pQb7XClKw59WlHI8Cw_Zd9tL78-00471.jpg": {"object_bounding_box": [560, 684, 393, 247], "object_presence": 1}, "P332--my-apple-watch--clutter--aF6riGdeHBVFsjrD7pQb7XClKw59WlHI8Cw_Zd9tL78-00472.jpg": {"object_bounding_box": [562, 684, 393, 247], "object_presence": 1}, "P332--my-apple-watch--clutter--aF6riGdeHBVFsjrD7pQb7XClKw59WlHI8Cw_Zd9tL78-00473.jpg": {"object_bounding_box": [564, 683, 392, 247], "object_presence": 1}, "P332--my-apple-watch--clutter--aF6riGdeHBVFsjrD7pQb7XClKw59WlHI8Cw_Zd9tL78-00474.jpg": {"object_bounding_box": [566, 681, 393, 247], "object_presence": 1}, "P332--my-apple-watch--clutter--aF6riGdeHBVFsjrD7pQb7XClKw59WlHI8Cw_Zd9tL78-00475.jpg": {"object_bounding_box": [569, 681, 392, 246], "object_presence": 1}, "P332--my-apple-watch--clutter--aF6riGdeHBVFsjrD7pQb7XClKw59WlHI8Cw_Zd9tL78-00476.jpg": {"object_bounding_box": [551, 681, 357, 245], "object_presence": 1}, "P332--my-apple-watch--clutter--aF6riGdeHBVFsjrD7pQb7XClKw59WlHI8Cw_Zd9tL78-00477.jpg": {"object_bounding_box": [571, 682, 392, 246], "object_presence": 1}, "P332--my-apple-watch--clutter--aF6riGdeHBVFsjrD7pQb7XClKw59WlHI8Cw_Zd9tL78-00478.jpg": {"object_bounding_box": [574, 683, 392, 246], "object_presence": 1}, "P332--my-apple-watch--clutter--aF6riGdeHBVFsjrD7pQb7XClKw59WlHI8Cw_Zd9tL78-00479.jpg": {"object_bounding_box": [576, 684, 391, 245], "object_presence": 1}, "P332--my-apple-watch--clutter--aF6riGdeHBVFsjrD7pQb7XClKw59WlHI8Cw_Zd9tL78-00480.jpg": {"object_bounding_box": [577, 684, 390, 245], "object_presence": 1}, "P332--my-apple-watch--clutter--aF6riGdeHBVFsjrD7pQb7XClKw59WlHI8Cw_Zd9tL78-00481.jpg": {"object_bounding_box": [578, 686, 389, 246], "object_presence": 1}, "P332--my-apple-watch--clutter--aF6riGdeHBVFsjrD7pQb7XClKw59WlHI8Cw_Zd9tL78-00482.jpg": {"object_bounding_box": [579, 687, 389, 245], "object_presence": 1}, "P332--my-apple-watch--clutter--aF6riGdeHBVFsjrD7pQb7XClKw59WlHI8Cw_Zd9tL78-00483.jpg": {"object_bounding_box": [579, 688, 389, 245], "object_presence": 1}, "P332--my-apple-watch--clutter--aF6riGdeHBVFsjrD7pQb7XClKw59WlHI8Cw_Zd9tL78-00484.jpg": {"object_bounding_box": [580, 688, 390, 244], "object_presence": 1}, "P332--my-apple-watch--clutter--aF6riGdeHBVFsjrD7pQb7XClKw59WlHI8Cw_Zd9tL78-00485.jpg": {"object_bounding_box": [582, 688, 389, 244], "object_presence": 1}, "P332--my-apple-watch--clutter--aF6riGdeHBVFsjrD7pQb7XClKw59WlHI8Cw_Zd9tL78-00486.jpg": {"object_bounding_box": [582, 688, 390, 245], "object_presence": 1}, "P332--my-apple-watch--clutter--aF6riGdeHBVFsjrD7pQb7XClKw59WlHI8Cw_Zd9tL78-00487.jpg": {"object_bounding_box": [582, 689, 390, 245], "object_presence": 1}, "P332--my-apple-watch--clutter--aF6riGdeHBVFsjrD7pQb7XClKw59WlHI8Cw_Zd9tL78-00488.jpg": {"object_bounding_box": [583, 689, 388, 244], "object_presence": 1}, "P332--my-apple-watch--clutter--aF6riGdeHBVFsjrD7pQb7XClKw59WlHI8Cw_Zd9tL78-00489.jpg": {"object_bounding_box": [584, 690, 388, 245], "object_presence": 1}, "P332--my-apple-watch--clutter--aF6riGdeHBVFsjrD7pQb7XClKw59WlHI8Cw_Zd9tL78-00490.jpg": {"object_bounding_box": [585, 692, 388, 245], "object_presence": 1}, "P332--my-apple-watch--clutter--aF6riGdeHBVFsjrD7pQb7XClKw59WlHI8Cw_Zd9tL78-00491.jpg": {"object_bounding_box": [585, 693, 387, 244], "object_presence": 1}, "P332--my-apple-watch--clutter--aF6riGdeHBVFsjrD7pQb7XClKw59WlHI8Cw_Zd9tL78-00492.jpg": {"object_bounding_box": [585, 694, 388, 244], "object_presence": 1}, "P332--my-apple-watch--clutter--aF6riGdeHBVFsjrD7pQb7XClKw59WlHI8Cw_Zd9tL78-00493.jpg": {"object_bounding_box": [586, 696, 388, 245], "object_presence": 1}, "P332--my-apple-watch--clutter--aF6riGdeHBVFsjrD7pQb7XClKw59WlHI8Cw_Zd9tL78-00494.jpg": {"object_bounding_box": [588, 698, 386, 245], "object_presence": 1}, "P332--my-apple-watch--clutter--aF6riGdeHBVFsjrD7pQb7XClKw59WlHI8Cw_Zd9tL78-00495.jpg": {"object_bounding_box": [587, 699, 386, 245], "object_presence": 1}, "P332--my-apple-watch--clutter--aF6riGdeHBVFsjrD7pQb7XClKw59WlHI8Cw_Zd9tL78-00496.jpg": {"object_bounding_box": [587, 700, 385, 245], "object_presence": 1}, "P332--my-apple-watch--clutter--aF6riGdeHBVFsjrD7pQb7XClKw59WlHI8Cw_Zd9tL78-00497.jpg": {"object_bounding_box": [588, 700, 387, 245], "object_presence": 1}, "P332--my-apple-watch--clutter--aF6riGdeHBVFsjrD7pQb7XClKw59WlHI8Cw_Zd9tL78-00498.jpg": {"object_bounding_box": [589, 700, 386, 245], "object_presence": 1}, "P332--my-apple-watch--clutter--aF6riGdeHBVFsjrD7pQb7XClKw59WlHI8Cw_Zd9tL78-00499.jpg": {"object_bounding_box": [590, 699, 385, 244], "object_presence": 1}, "P332--my-apple-watch--clutter--aF6riGdeHBVFsjrD7pQb7XClKw59WlHI8Cw_Zd9tL78-00500.jpg": {"object_bounding_box": [590, 699, 385, 244], "object_presence": 1}, "P332--my-apple-watch--clutter--aF6riGdeHBVFsjrD7pQb7XClKw59WlHI8Cw_Zd9tL78-00501.jpg": {"object_bounding_box": [591, 699, 386, 242], "object_presence": 1}, "P332--my-apple-watch--clutter--aF6riGdeHBVFsjrD7pQb7XClKw59WlHI8Cw_Zd9tL78-00502.jpg": {"object_bounding_box": [593, 699, 385, 243], "object_presence": 1}, "P332--my-apple-watch--clutter--aF6riGdeHBVFsjrD7pQb7XClKw59WlHI8Cw_Zd9tL78-00503.jpg": {"object_bounding_box": [594, 699, 385, 243], "object_presence": 1}, "P332--my-apple-watch--clutter--aF6riGdeHBVFsjrD7pQb7XClKw59WlHI8Cw_Zd9tL78-00504.jpg": {"object_bounding_box": [595, 701, 384, 243], "object_presence": 1}, "P332--my-apple-watch--clutter--aF6riGdeHBVFsjrD7pQb7XClKw59WlHI8Cw_Zd9tL78-00505.jpg": {"object_bounding_box": [595, 701, 384, 243], "object_presence": 1}, "P332--my-apple-watch--clutter--aF6riGdeHBVFsjrD7pQb7XClKw59WlHI8Cw_Zd9tL78-00506.jpg": {"object_bounding_box": [594, 701, 382, 243], "object_presence": 1}, "P332--my-apple-watch--clutter--aF6riGdeHBVFsjrD7pQb7XClKw59WlHI8Cw_Zd9tL78-00507.jpg": {"object_bounding_box": [593, 704, 382, 242], "object_presence": 1}, "P332--my-apple-watch--clutter--aF6riGdeHBVFsjrD7pQb7XClKw59WlHI8Cw_Zd9tL78-00508.jpg": {"object_bounding_box": [594, 705, 381, 241], "object_presence": 1}, "P332--my-apple-watch--clutter--aF6riGdeHBVFsjrD7pQb7XClKw59WlHI8Cw_Zd9tL78-00509.jpg": {"object_bounding_box": [594, 705, 381, 241], "object_presence": 1}, "P332--my-apple-watch--clutter--aF6riGdeHBVFsjrD7pQb7XClKw59WlHI8Cw_Zd9tL78-00510.jpg": {"object_bounding_box": [592, 705, 381, 241], "object_presence": 1}, "P332--my-apple-watch--clutter--aF6riGdeHBVFsjrD7pQb7XClKw59WlHI8Cw_Zd9tL78-00511.jpg": {"object_bounding_box": [591, 706, 380, 242], "object_presence": 1}, "P332--my-apple-watch--clutter--aF6riGdeHBVFsjrD7pQb7XClKw59WlHI8Cw_Zd9tL78-00512.jpg": {"object_bounding_box": [590, 706, 380, 241], "object_presence": 1}, "P332--my-apple-watch--clutter--aF6riGdeHBVFsjrD7pQb7XClKw59WlHI8Cw_Zd9tL78-00513.jpg": {"object_bounding_box": [589, 708, 378, 241], "object_presence": 1}, "P332--my-apple-watch--clutter--aF6riGdeHBVFsjrD7pQb7XClKw59WlHI8Cw_Zd9tL78-00514.jpg": {"object_bounding_box": [589, 709, 381, 241], "object_presence": 1}, "P332--my-apple-watch--clutter--aF6riGdeHBVFsjrD7pQb7XClKw59WlHI8Cw_Zd9tL78-00515.jpg": {"object_bounding_box": [587, 710, 376, 241], "object_presence": 1}, "P332--my-apple-watch--clutter--aF6riGdeHBVFsjrD7pQb7XClKw59WlHI8Cw_Zd9tL78-00516.jpg": {"object_bounding_box": [588, 712, 380, 240], "object_presence": 1}, "P332--my-apple-watch--clutter--aF6riGdeHBVFsjrD7pQb7XClKw59WlHI8Cw_Zd9tL78-00517.jpg": {"object_bounding_box": [588, 714, 380, 238], "object_presence": 1}, "P332--my-apple-watch--clutter--aF6riGdeHBVFsjrD7pQb7XClKw59WlHI8Cw_Zd9tL78-00518.jpg": {"object_bounding_box": [588, 714, 379, 239], "object_presence": 1}, "P332--my-apple-watch--clutter--aF6riGdeHBVFsjrD7pQb7XClKw59WlHI8Cw_Zd9tL78-00519.jpg": {"object_bounding_box": [589, 714, 379, 240], "object_presence": 1}, "P332--my-apple-watch--clutter--aF6riGdeHBVFsjrD7pQb7XClKw59WlHI8Cw_Zd9tL78-00520.jpg": {"object_bounding_box": [590, 715, 377, 240], "object_presence": 1}, "P332--my-apple-watch--clutter--aF6riGdeHBVFsjrD7pQb7XClKw59WlHI8Cw_Zd9tL78-00521.jpg": {"object_bounding_box": [590, 715, 376, 240], "object_presence": 1}, "P332--my-apple-watch--clutter--aF6riGdeHBVFsjrD7pQb7XClKw59WlHI8Cw_Zd9tL78-00522.jpg": {"object_bounding_box": [592, 715, 377, 240], "object_presence": 1}, "P332--my-apple-watch--clutter--aF6riGdeHBVFsjrD7pQb7XClKw59WlHI8Cw_Zd9tL78-00523.jpg": {"object_bounding_box": [594, 714, 377, 239], "object_presence": 1}, "P332--my-apple-watch--clutter--aF6riGdeHBVFsjrD7pQb7XClKw59WlHI8Cw_Zd9tL78-00524.jpg": {"object_bounding_box": [595, 712, 377, 238], "object_presence": 1}, "P332--my-apple-watch--clutter--aF6riGdeHBVFsjrD7pQb7XClKw59WlHI8Cw_Zd9tL78-00525.jpg": {"object_bounding_box": [595, 711, 376, 238], "object_presence": 1}, "P332--my-apple-watch--clutter--aF6riGdeHBVFsjrD7pQb7XClKw59WlHI8Cw_Zd9tL78-00526.jpg": {"object_bounding_box": [595, 710, 376, 237], "object_presence": 1}, "P332--my-apple-watch--clutter--aF6riGdeHBVFsjrD7pQb7XClKw59WlHI8Cw_Zd9tL78-00527.jpg": {"object_bounding_box": [594, 709, 374, 236], "object_presence": 1}, "P332--my-apple-watch--clutter--aF6riGdeHBVFsjrD7pQb7XClKw59WlHI8Cw_Zd9tL78-00528.jpg": {"object_bounding_box": [596, 709, 375, 236], "object_presence": 1}, "P332--my-apple-watch--clutter--aF6riGdeHBVFsjrD7pQb7XClKw59WlHI8Cw_Zd9tL78-00529.jpg": {"object_bounding_box": [596, 708, 375, 236], "object_presence": 1}, "P332--my-apple-watch--clutter--aF6riGdeHBVFsjrD7pQb7XClKw59WlHI8Cw_Zd9tL78-00530.jpg": {"object_bounding_box": [596, 708, 374, 236], "object_presence": 1}, "P332--my-apple-watch--clutter--aF6riGdeHBVFsjrD7pQb7XClKw59WlHI8Cw_Zd9tL78-00531.jpg": {"object_bounding_box": [596, 707, 374, 236], "object_presence": 1}, "P332--my-apple-watch--clutter--aF6riGdeHBVFsjrD7pQb7XClKw59WlHI8Cw_Zd9tL78-00532.jpg": {"object_bounding_box": [595, 706, 373, 236], "object_presence": 1}, "P332--my-apple-watch--clutter--aF6riGdeHBVFsjrD7pQb7XClKw59WlHI8Cw_Zd9tL78-00533.jpg": {"object_bounding_box": [593, 706, 372, 235], "object_presence": 1}, "P332--my-apple-watch--clutter--aF6riGdeHBVFsjrD7pQb7XClKw59WlHI8Cw_Zd9tL78-00534.jpg": {"object_bounding_box": [592, 706, 372, 235], "object_presence": 1}, "P332--my-apple-watch--clutter--aF6riGdeHBVFsjrD7pQb7XClKw59WlHI8Cw_Zd9tL78-00535.jpg": {"object_bounding_box": [590, 705, 371, 234], "object_presence": 1}, "P332--my-apple-watch--clutter--aF6riGdeHBVFsjrD7pQb7XClKw59WlHI8Cw_Zd9tL78-00536.jpg": {"object_bounding_box": [590, 706, 371, 234], "object_presence": 1}, "P332--my-apple-watch--clutter--aF6riGdeHBVFsjrD7pQb7XClKw59WlHI8Cw_Zd9tL78-00537.jpg": {"object_bounding_box": [588, 705, 370, 234], "object_presence": 1}, "P332--my-apple-watch--clutter--aF6riGdeHBVFsjrD7pQb7XClKw59WlHI8Cw_Zd9tL78-00538.jpg": {"object_bounding_box": [588, 703, 369, 233], "object_presence": 1}, "P332--my-apple-watch--clutter--aF6riGdeHBVFsjrD7pQb7XClKw59WlHI8Cw_Zd9tL78-00539.jpg": {"object_bounding_box": [590, 700, 371, 233], "object_presence": 1}, "P332--my-apple-watch--clutter--aF6riGdeHBVFsjrD7pQb7XClKw59WlHI8Cw_Zd9tL78-00540.jpg": {"object_bounding_box": [591, 698, 369, 233], "object_presence": 1}, "P332--my-apple-watch--clutter--aF6riGdeHBVFsjrD7pQb7XClKw59WlHI8Cw_Zd9tL78-00541.jpg": {"object_bounding_box": [590, 697, 369, 233], "object_presence": 1}, "P332--my-apple-watch--clutter--aF6riGdeHBVFsjrD7pQb7XClKw59WlHI8Cw_Zd9tL78-00542.jpg": {"object_bounding_box": [591, 698, 369, 233], "object_presence": 1}, "P332--my-apple-watch--clutter--aF6riGdeHBVFsjrD7pQb7XClKw59WlHI8Cw_Zd9tL78-00543.jpg": {"object_bounding_box": [590, 698, 368, 233], "object_presence": 1}, "P332--my-apple-watch--clutter--aF6riGdeHBVFsjrD7pQb7XClKw59WlHI8Cw_Zd9tL78-00544.jpg": {"object_bounding_box": [588, 698, 368, 233], "object_presence": 1}, "P332--my-apple-watch--clutter--aF6riGdeHBVFsjrD7pQb7XClKw59WlHI8Cw_Zd9tL78-00545.jpg": {"object_bounding_box": [588, 699, 369, 233], "object_presence": 1}, "P332--my-apple-watch--clutter--aF6riGdeHBVFsjrD7pQb7XClKw59WlHI8Cw_Zd9tL78-00546.jpg": {"object_bounding_box": [587, 699, 368, 232], "object_presence": 1}, "P332--my-apple-watch--clutter--aF6riGdeHBVFsjrD7pQb7XClKw59WlHI8Cw_Zd9tL78-00547.jpg": {"object_bounding_box": [588, 701, 368, 232], "object_presence": 1}, "P332--my-apple-watch--clutter--aF6riGdeHBVFsjrD7pQb7XClKw59WlHI8Cw_Zd9tL78-00548.jpg": {"object_bounding_box": [587, 702, 368, 232], "object_presence": 1}, "P332--my-apple-watch--clutter--aF6riGdeHBVFsjrD7pQb7XClKw59WlHI8Cw_Zd9tL78-00549.jpg": {"object_bounding_box": [586, 703, 366, 232], "object_presence": 1}, "P332--my-apple-watch--clutter--aF6riGdeHBVFsjrD7pQb7XClKw59WlHI8Cw_Zd9tL78-00550.jpg": {"object_bounding_box": [586, 703, 367, 231], "object_presence": 1}, "P332--my-apple-watch--clutter--aF6riGdeHBVFsjrD7pQb7XClKw59WlHI8Cw_Zd9tL78-00551.jpg": {"object_bounding_box": [587, 705, 367, 231], "object_presence": 1}, "P332--my-apple-watch--clutter--aF6riGdeHBVFsjrD7pQb7XClKw59WlHI8Cw_Zd9tL78-00552.jpg": {"object_bounding_box": [587, 704, 366, 231], "object_presence": 1}, "P332--my-apple-watch--clutter--aF6riGdeHBVFsjrD7pQb7XClKw59WlHI8Cw_Zd9tL78-00553.jpg": {"object_bounding_box": [587, 704, 367, 232], "object_presence": 1}, "P332--my-apple-watch--clutter--aF6riGdeHBVFsjrD7pQb7XClKw59WlHI8Cw_Zd9tL78-00554.jpg": {"object_bounding_box": [587, 702, 368, 232], "object_presence": 1}, "P332--my-apple-watch--clutter--aF6riGdeHBVFsjrD7pQb7XClKw59WlHI8Cw_Zd9tL78-00555.jpg": {"object_bounding_box": [587, 702, 368, 230], "object_presence": 1}, "P332--my-apple-watch--clutter--aF6riGdeHBVFsjrD7pQb7XClKw59WlHI8Cw_Zd9tL78-00556.jpg": {"object_bounding_box": [588, 703, 367, 232], "object_presence": 1}, "P332--my-apple-watch--clutter--aF6riGdeHBVFsjrD7pQb7XClKw59WlHI8Cw_Zd9tL78-00557.jpg": {"object_bounding_box": [587, 703, 366, 232], "object_presence": 1}, "P332--my-apple-watch--clutter--aF6riGdeHBVFsjrD7pQb7XClKw59WlHI8Cw_Zd9tL78-00558.jpg": {"object_bounding_box": [586, 704, 366, 231], "object_presence": 1}, "P332--my-apple-watch--clutter--aF6riGdeHBVFsjrD7pQb7XClKw59WlHI8Cw_Zd9tL78-00559.jpg": {"object_bounding_box": [586, 705, 367, 230], "object_presence": 1}, "P332--my-apple-watch--clutter--aF6riGdeHBVFsjrD7pQb7XClKw59WlHI8Cw_Zd9tL78-00560.jpg": {"object_bounding_box": [588, 704, 369, 237], "object_presence": 1}, "P332--my-apple-watch--clutter--aF6riGdeHBVFsjrD7pQb7XClKw59WlHI8Cw_Zd9tL78-00561.jpg": {"object_bounding_box": [585, 707, 364, 232], "object_presence": 1}, "P332--my-apple-watch--clutter--aF6riGdeHBVFsjrD7pQb7XClKw59WlHI8Cw_Zd9tL78-00562.jpg": {"object_bounding_box": [585, 708, 363, 231], "object_presence": 1}, "P332--my-apple-watch--clutter--aF6riGdeHBVFsjrD7pQb7XClKw59WlHI8Cw_Zd9tL78-00563.jpg": {"object_bounding_box": [584, 708, 363, 231], "object_presence": 1}, "P332--my-apple-watch--clutter--aF6riGdeHBVFsjrD7pQb7XClKw59WlHI8Cw_Zd9tL78-00564.jpg": {"object_bounding_box": [583, 707, 363, 231], "object_presence": 1}, "P332--my-apple-watch--clutter--aF6riGdeHBVFsjrD7pQb7XClKw59WlHI8Cw_Zd9tL78-00565.jpg": {"object_bounding_box": [582, 707, 365, 231], "object_presence": 1}, "P332--my-apple-watch--clutter--aF6riGdeHBVFsjrD7pQb7XClKw59WlHI8Cw_Zd9tL78-00566.jpg": {"object_bounding_box": [581, 705, 363, 231], "object_presence": 1}, "P332--my-apple-watch--clutter--aF6riGdeHBVFsjrD7pQb7XClKw59WlHI8Cw_Zd9tL78-00567.jpg": {"object_bounding_box": [582, 705, 363, 232], "object_presence": 1}, "P332--my-apple-watch--clutter--aF6riGdeHBVFsjrD7pQb7XClKw59WlHI8Cw_Zd9tL78-00568.jpg": {"object_bounding_box": [582, 705, 363, 232], "object_presence": 1}, "P332--my-apple-watch--clutter--aF6riGdeHBVFsjrD7pQb7XClKw59WlHI8Cw_Zd9tL78-00569.jpg": {"object_bounding_box": [581, 705, 363, 231], "object_presence": 1}, "P332--my-apple-watch--clutter--aF6riGdeHBVFsjrD7pQb7XClKw59WlHI8Cw_Zd9tL78-00570.jpg": {"object_bounding_box": [582, 707, 363, 231], "object_presence": 1}, "P332--my-apple-watch--clutter--aF6riGdeHBVFsjrD7pQb7XClKw59WlHI8Cw_Zd9tL78-00571.jpg": {"object_bounding_box": [583, 708, 361, 232], "object_presence": 1}, "P332--my-apple-watch--clutter--aF6riGdeHBVFsjrD7pQb7XClKw59WlHI8Cw_Zd9tL78-00572.jpg": {"object_bounding_box": [583, 709, 363, 231], "object_presence": 1}, "P332--my-apple-watch--clutter--aF6riGdeHBVFsjrD7pQb7XClKw59WlHI8Cw_Zd9tL78-00573.jpg": {"object_bounding_box": [582, 709, 361, 230], "object_presence": 1}, "P332--my-apple-watch--clutter--aF6riGdeHBVFsjrD7pQb7XClKw59WlHI8Cw_Zd9tL78-00574.jpg": {"object_bounding_box": [583, 709, 362, 230], "object_presence": 1}, "P332--my-apple-watch--clutter--aF6riGdeHBVFsjrD7pQb7XClKw59WlHI8Cw_Zd9tL78-00575.jpg": {"object_bounding_box": [582, 709, 361, 230], "object_presence": 1}, "P332--my-apple-watch--clutter--aF6riGdeHBVFsjrD7pQb7XClKw59WlHI8Cw_Zd9tL78-00576.jpg": {"object_bounding_box": [580, 709, 361, 230], "object_presence": 1}, "P332--my-apple-watch--clutter--aF6riGdeHBVFsjrD7pQb7XClKw59WlHI8Cw_Zd9tL78-00577.jpg": {"object_bounding_box": [581, 709, 361, 230], "object_presence": 1}, "P332--my-apple-watch--clutter--aF6riGdeHBVFsjrD7pQb7XClKw59WlHI8Cw_Zd9tL78-00578.jpg": {"object_bounding_box": [580, 709, 361, 230], "object_presence": 1}, "P332--my-apple-watch--clutter--aF6riGdeHBVFsjrD7pQb7XClKw59WlHI8Cw_Zd9tL78-00579.jpg": {"object_bounding_box": [580, 708, 361, 229], "object_presence": 1}, "P332--my-apple-watch--clutter--aF6riGdeHBVFsjrD7pQb7XClKw59WlHI8Cw_Zd9tL78-00580.jpg": {"object_bounding_box": [580, 708, 361, 229], "object_presence": 1}, "P332--my-apple-watch--clutter--aF6riGdeHBVFsjrD7pQb7XClKw59WlHI8Cw_Zd9tL78-00581.jpg": {"object_bounding_box": [578, 710, 360, 229], "object_presence": 1}, "P332--my-apple-watch--clutter--aF6riGdeHBVFsjrD7pQb7XClKw59WlHI8Cw_Zd9tL78-00582.jpg": {"object_bounding_box": [575, 710, 360, 229], "object_presence": 1}, "P332--my-apple-watch--clutter--aF6riGdeHBVFsjrD7pQb7XClKw59WlHI8Cw_Zd9tL78-00583.jpg": {"object_bounding_box": [573, 709, 360, 228], "object_presence": 1}, "P332--my-apple-watch--clutter--aF6riGdeHBVFsjrD7pQb7XClKw59WlHI8Cw_Zd9tL78-00584.jpg": {"object_bounding_box": [572, 709, 357, 229], "object_presence": 1}, "P332--my-apple-watch--clutter--aF6riGdeHBVFsjrD7pQb7XClKw59WlHI8Cw_Zd9tL78-00585.jpg": {"object_bounding_box": [569, 709, 357, 228], "object_presence": 1}, "P332--my-apple-watch--clutter--aF6riGdeHBVFsjrD7pQb7XClKw59WlHI8Cw_Zd9tL78-00586.jpg": {"object_bounding_box": [567, 709, 357, 227], "object_presence": 1}, "P332--my-apple-watch--clutter--aF6riGdeHBVFsjrD7pQb7XClKw59WlHI8Cw_Zd9tL78-00587.jpg": {"object_bounding_box": [566, 709, 358, 227], "object_presence": 1}, "P332--my-apple-watch--clutter--aF6riGdeHBVFsjrD7pQb7XClKw59WlHI8Cw_Zd9tL78-00588.jpg": {"object_bounding_box": [566, 708, 358, 227], "object_presence": 1}, "P332--my-apple-watch--clutter--aF6riGdeHBVFsjrD7pQb7XClKw59WlHI8Cw_Zd9tL78-00589.jpg": {"object_bounding_box": [566, 708, 357, 227], "object_presence": 1}, "P332--my-apple-watch--clutter--aF6riGdeHBVFsjrD7pQb7XClKw59WlHI8Cw_Zd9tL78-00590.jpg": {"object_bounding_box": [564, 707, 356, 227], "object_presence": 1}, "P332--my-apple-watch--clutter--aF6riGdeHBVFsjrD7pQb7XClKw59WlHI8Cw_Zd9tL78-00591.jpg": {"object_bounding_box": [564, 706, 355, 226], "object_presence": 1}, "P332--my-apple-watch--clutter--aF6riGdeHBVFsjrD7pQb7XClKw59WlHI8Cw_Zd9tL78-00592.jpg": {"object_bounding_box": [565, 705, 354, 225], "object_presence": 1}, "P332--my-apple-watch--clutter--aF6riGdeHBVFsjrD7pQb7XClKw59WlHI8Cw_Zd9tL78-00593.jpg": {"object_bounding_box": [564, 705, 354, 226], "object_presence": 1}, "P332--my-apple-watch--clutter--aF6riGdeHBVFsjrD7pQb7XClKw59WlHI8Cw_Zd9tL78-00594.jpg": {"object_bounding_box": [563, 706, 356, 226], "object_presence": 1}, "P332--my-apple-watch--clutter--aF6riGdeHBVFsjrD7pQb7XClKw59WlHI8Cw_Zd9tL78-00595.jpg": {"object_bounding_box": [564, 706, 354, 226], "object_presence": 1}, "P332--my-apple-watch--clutter--aF6riGdeHBVFsjrD7pQb7XClKw59WlHI8Cw_Zd9tL78-00596.jpg": {"object_bounding_box": [567, 706, 355, 226], "object_presence": 1}, "P332--my-apple-watch--clutter--aF6riGdeHBVFsjrD7pQb7XClKw59WlHI8Cw_Zd9tL78-00597.jpg": {"object_bounding_box": [566, 706, 353, 226], "object_presence": 1}, "P332--my-apple-watch--clutter--aF6riGdeHBVFsjrD7pQb7XClKw59WlHI8Cw_Zd9tL78-00598.jpg": {"object_bounding_box": [566, 709, 354, 226], "object_presence": 1}, "P332--my-apple-watch--clutter--aF6riGdeHBVFsjrD7pQb7XClKw59WlHI8Cw_Zd9tL78-00599.jpg": {"object_bounding_box": [565, 711, 354, 225], "object_presence": 1}}