{"P332--my-water-bottle--clutter--tOzkifgjy5QvHGA1KvfIsGVanlJgMjPbIW4NKy5X2b0-00001.jpg": {"object_bounding_box": [370, 0, 710, 1080], "object_presence": 1}, "P332--my-water-bottle--clutter--tOzkifgjy5QvHGA1KvfIsGVanlJgMjPbIW4NKy5X2b0-00002.jpg": {"object_bounding_box": [370, 0, 710, 1080], "object_presence": 1}, "P332--my-water-bottle--clutter--tOzkifgjy5QvHGA1KvfIsGVanlJgMjPbIW4NKy5X2b0-00003.jpg": {"object_bounding_box": [441, 0, 639, 1080], "object_presence": 1}, "P332--my-water-bottle--clutter--tOzkifgjy5QvHGA1KvfIsGVanlJgMjPbIW4NKy5X2b0-00004.jpg": {"object_bounding_box": [479, 0, 601, 1080], "object_presence": 1}, "P332--my-water-bottle--clutter--tOzkifgjy5QvHGA1KvfIsGVanlJgMjPbIW4NKy5X2b0-00005.jpg": {"object_bounding_box": [539, 0, 541, 1080], "object_presence": 1}, "P332--my-water-bottle--clutter--tOzkifgjy5QvHGA1KvfIsGVanlJgMjPbIW4NKy5X2b0-00006.jpg": {"object_bounding_box": [622, 0, 458, 1080], "object_presence": 1}, "P332--my-water-bottle--clutter--tOzkifgjy5QvHGA1KvfIsGVanlJgMjPbIW4NKy5X2b0-00007.jpg": {"object_bounding_box": [647, 0, 433, 1080], "object_presence": 1}, "P332--my-water-bottle--clutter--tOzkifgjy5QvHGA1KvfIsGVanlJgMjPbIW4NKy5X2b0-00008.jpg": {"object_bounding_box": [647, 0, 433, 1080], "object_presence": 1}, "P332--my-water-bottle--clutter--tOzkifgjy5QvHGA1KvfIsGVanlJgMjPbIW4NKy5X2b0-00009.jpg": {"object_bounding_box": [644, 0, 436, 1080], "object_presence": 1}, "P332--my-water-bottle--clutter--tOzkifgjy5QvHGA1KvfIsGVanlJgMjPbIW4NKy5X2b0-00010.jpg": {"object_bounding_box": [639, 0, 441, 1080], "object_presence": 1}, "P332--my-water-bottle--clutter--tOzkifgjy5QvHGA1KvfIsGVanlJgMjPbIW4NKy5X2b0-00011.jpg": {"object_bounding_box": [619, 0, 461, 1080], "object_presence": 1}, "P332--my-water-bottle--clutter--tOzkifgjy5QvHGA1KvfIsGVanlJgMjPbIW4NKy5X2b0-00012.jpg": {"object_bounding_box": [626, 0, 453, 1080], "object_presence": 1}, "P332--my-water-bottle--clutter--tOzkifgjy5QvHGA1KvfIsGVanlJgMjPbIW4NKy5X2b0-00013.jpg": {"object_bounding_box": [597, 0, 483, 1080], "object_presence": 1}, "P332--my-water-bottle--clutter--tOzkifgjy5QvHGA1KvfIsGVanlJgMjPbIW4NKy5X2b0-00014.jpg": {"object_bounding_box": [591, 0, 489, 1080], "object_presence": 1}, "P332--my-water-bottle--clutter--tOzkifgjy5QvHGA1KvfIsGVanlJgMjPbIW4NKy5X2b0-00015.jpg": {"object_bounding_box": [583, 0, 497, 1080], "object_presence": 1}, "P332--my-water-bottle--clutter--tOzkifgjy5QvHGA1KvfIsGVanlJgMjPbIW4NKy5X2b0-00016.jpg": {"object_bounding_box": [553, 0, 527, 1080], "object_presence": 1}, "P332--my-water-bottle--clutter--tOzkifgjy5QvHGA1KvfIsGVanlJgMjPbIW4NKy5X2b0-00017.jpg": {"object_bounding_box": [526, 0, 554, 1080], "object_presence": 1}, "P332--my-water-bottle--clutter--tOzkifgjy5QvHGA1KvfIsGVanlJgMjPbIW4NKy5X2b0-00018.jpg": {"object_bounding_box": [501, 0, 579, 1080], "object_presence": 1}, "P332--my-water-bottle--clutter--tOzkifgjy5QvHGA1KvfIsGVanlJgMjPbIW4NKy5X2b0-00019.jpg": {"object_bounding_box": [481, 0, 599, 1080], "object_presence": 1}, "P332--my-water-bottle--clutter--tOzkifgjy5QvHGA1KvfIsGVanlJgMjPbIW4NKy5X2b0-00020.jpg": {"object_bounding_box": [479, 0, 601, 1080], "object_presence": 1}, "P332--my-water-bottle--clutter--tOzkifgjy5QvHGA1KvfIsGVanlJgMjPbIW4NKy5X2b0-00021.jpg": {"object_bounding_box": [467, 0, 613, 1080], "object_presence": 1}, "P332--my-water-bottle--clutter--tOzkifgjy5QvHGA1KvfIsGVanlJgMjPbIW4NKy5X2b0-00022.jpg": {"object_bounding_box": [459, 0, 621, 1080], "object_presence": 1}, "P332--my-water-bottle--clutter--tOzkifgjy5QvHGA1KvfIsGVanlJgMjPbIW4NKy5X2b0-00023.jpg": {"object_bounding_box": [452, 0, 628, 1080], "object_presence": 1}, "P332--my-water-bottle--clutter--tOzkifgjy5QvHGA1KvfIsGVanlJgMjPbIW4NKy5X2b0-00024.jpg": {"object_bounding_box": [452, 0, 628, 1080], "object_presence": 1}, "P332--my-water-bottle--clutter--tOzkifgjy5QvHGA1KvfIsGVanlJgMjPbIW4NKy5X2b0-00025.jpg": {"object_bounding_box": [448, 0, 632, 1080], "object_presence": 1}, "P332--my-water-bottle--clutter--tOzkifgjy5QvHGA1KvfIsGVanlJgMjPbIW4NKy5X2b0-00026.jpg": {"object_bounding_box": [437, 0, 643, 1080], "object_presence": 1}, "P332--my-water-bottle--clutter--tOzkifgjy5QvHGA1KvfIsGVanlJgMjPbIW4NKy5X2b0-00027.jpg": {"object_bounding_box": [433, 0, 647, 1080], "object_presence": 1}, "P332--my-water-bottle--clutter--tOzkifgjy5QvHGA1KvfIsGVanlJgMjPbIW4NKy5X2b0-00028.jpg": {"object_bounding_box": [421, 0, 659, 1080], "object_presence": 1}, "P332--my-water-bottle--clutter--tOzkifgjy5QvHGA1KvfIsGVanlJgMjPbIW4NKy5X2b0-00029.jpg": {"object_bounding_box": [421, 0, 659, 1080], "object_presence": 1}, "P332--my-water-bottle--clutter--tOzkifgjy5QvHGA1KvfIsGVanlJgMjPbIW4NKy5X2b0-00030.jpg": {"object_bounding_box": [421, 0, 659, 1080], "object_presence": 1}, "P332--my-water-bottle--clutter--tOzkifgjy5QvHGA1KvfIsGVanlJgMjPbIW4NKy5X2b0-00031.jpg": {"object_bounding_box": [410, 0, 670, 1080], "object_presence": 1}, "P332--my-water-bottle--clutter--tOzkifgjy5QvHGA1KvfIsGVanlJgMjPbIW4NKy5X2b0-00032.jpg": {"object_bounding_box": [410, 0, 670, 1080], "object_presence": 1}, "P332--my-water-bottle--clutter--tOzkifgjy5QvHGA1KvfIsGVanlJgMjPbIW4NKy5X2b0-00033.jpg": {"object_bounding_box": [410, 0, 670, 1080], "object_presence": 1}, "P332--my-water-bottle--clutter--tOzkifgjy5QvHGA1KvfIsGVanlJgMjPbIW4NKy5X2b0-00034.jpg": {"object_bounding_box": [408, 0, 672, 1080], "object_presence": 1}, "P332--my-water-bottle--clutter--tOzkifgjy5QvHGA1KvfIsGVanlJgMjPbIW4NKy5X2b0-00035.jpg": {"object_bounding_box": [408, 0, 672, 1080], "object_presence": 1}, "P332--my-water-bottle--clutter--tOzkifgjy5QvHGA1KvfIsGVanlJgMjPbIW4NKy5X2b0-00036.jpg": {"object_bounding_box": [419, 0, 661, 1080], "object_presence": 1}, "P332--my-water-bottle--clutter--tOzkifgjy5QvHGA1KvfIsGVanlJgMjPbIW4NKy5X2b0-00037.jpg": {"object_bounding_box": [419, 0, 661, 1080], "object_presence": 1}, "P332--my-water-bottle--clutter--tOzkifgjy5QvHGA1KvfIsGVanlJgMjPbIW4NKy5X2b0-00038.jpg": {"object_bounding_box": [419, 0, 661, 1080], "object_presence": 1}, "P332--my-water-bottle--clutter--tOzkifgjy5QvHGA1KvfIsGVanlJgMjPbIW4NKy5X2b0-00039.jpg": {"object_bounding_box": [419, 0, 661, 1080], "object_presence": 1}, "P332--my-water-bottle--clutter--tOzkifgjy5QvHGA1KvfIsGVanlJgMjPbIW4NKy5X2b0-00040.jpg": {"object_bounding_box": [419, 0, 661, 1080], "object_presence": 1}, "P332--my-water-bottle--clutter--tOzkifgjy5QvHGA1KvfIsGVanlJgMjPbIW4NKy5X2b0-00041.jpg": {"object_bounding_box": [419, 0, 661, 1080], "object_presence": 1}, "P332--my-water-bottle--clutter--tOzkifgjy5QvHGA1KvfIsGVanlJgMjPbIW4NKy5X2b0-00042.jpg": {"object_bounding_box": [419, 0, 661, 1080], "object_presence": 1}, "P332--my-water-bottle--clutter--tOzkifgjy5QvHGA1KvfIsGVanlJgMjPbIW4NKy5X2b0-00043.jpg": {"object_bounding_box": [419, 0, 661, 1080], "object_presence": 1}, "P332--my-water-bottle--clutter--tOzkifgjy5QvHGA1KvfIsGVanlJgMjPbIW4NKy5X2b0-00044.jpg": {"object_bounding_box": [419, 0, 661, 1080], "object_presence": 1}, "P332--my-water-bottle--clutter--tOzkifgjy5QvHGA1KvfIsGVanlJgMjPbIW4NKy5X2b0-00045.jpg": {"object_bounding_box": [419, 0, 661, 1080], "object_presence": 1}, "P332--my-water-bottle--clutter--tOzkifgjy5QvHGA1KvfIsGVanlJgMjPbIW4NKy5X2b0-00046.jpg": {"object_bounding_box": [419, 0, 661, 1080], "object_presence": 1}, "P332--my-water-bottle--clutter--tOzkifgjy5QvHGA1KvfIsGVanlJgMjPbIW4NKy5X2b0-00047.jpg": {"object_bounding_box": [419, 0, 661, 1080], "object_presence": 1}, "P332--my-water-bottle--clutter--tOzkifgjy5QvHGA1KvfIsGVanlJgMjPbIW4NKy5X2b0-00048.jpg": {"object_bounding_box": [419, 0, 661, 1080], "object_presence": 1}, "P332--my-water-bottle--clutter--tOzkifgjy5QvHGA1KvfIsGVanlJgMjPbIW4NKy5X2b0-00049.jpg": {"object_bounding_box": [419, 0, 661, 1080], "object_presence": 1}, "P332--my-water-bottle--clutter--tOzkifgjy5QvHGA1KvfIsGVanlJgMjPbIW4NKy5X2b0-00050.jpg": {"object_bounding_box": [415, 0, 665, 1080], "object_presence": 1}, "P332--my-water-bottle--clutter--tOzkifgjy5QvHGA1KvfIsGVanlJgMjPbIW4NKy5X2b0-00051.jpg": {"object_bounding_box": [411, 0, 669, 1080], "object_presence": 1}, "P332--my-water-bottle--clutter--tOzkifgjy5QvHGA1KvfIsGVanlJgMjPbIW4NKy5X2b0-00052.jpg": {"object_bounding_box": [411, 0, 669, 1080], "object_presence": 1}, "P332--my-water-bottle--clutter--tOzkifgjy5QvHGA1KvfIsGVanlJgMjPbIW4NKy5X2b0-00053.jpg": {"object_bounding_box": [411, 0, 669, 1080], "object_presence": 1}, "P332--my-water-bottle--clutter--tOzkifgjy5QvHGA1KvfIsGVanlJgMjPbIW4NKy5X2b0-00054.jpg": {"object_bounding_box": [410, 0, 670, 1080], "object_presence": 1}, "P332--my-water-bottle--clutter--tOzkifgjy5QvHGA1KvfIsGVanlJgMjPbIW4NKy5X2b0-00055.jpg": {"object_bounding_box": [407, 0, 673, 1080], "object_presence": 1}, "P332--my-water-bottle--clutter--tOzkifgjy5QvHGA1KvfIsGVanlJgMjPbIW4NKy5X2b0-00056.jpg": {"object_bounding_box": [410, 0, 670, 1080], "object_presence": 1}, "P332--my-water-bottle--clutter--tOzkifgjy5QvHGA1KvfIsGVanlJgMjPbIW4NKy5X2b0-00057.jpg": {"object_bounding_box": [414, 0, 666, 1080], "object_presence": 1}, "P332--my-water-bottle--clutter--tOzkifgjy5QvHGA1KvfIsGVanlJgMjPbIW4NKy5X2b0-00058.jpg": {"object_bounding_box": [407, 0, 673, 1080], "object_presence": 1}, "P332--my-water-bottle--clutter--tOzkifgjy5QvHGA1KvfIsGVanlJgMjPbIW4NKy5X2b0-00059.jpg": {"object_bounding_box": [401, 0, 679, 1080], "object_presence": 1}, "P332--my-water-bottle--clutter--tOzkifgjy5QvHGA1KvfIsGVanlJgMjPbIW4NKy5X2b0-00060.jpg": {"object_bounding_box": [399, 0, 681, 1080], "object_presence": 1}, "P332--my-water-bottle--clutter--tOzkifgjy5QvHGA1KvfIsGVanlJgMjPbIW4NKy5X2b0-00061.jpg": {"object_bounding_box": [399, 0, 681, 1080], "object_presence": 1}, "P332--my-water-bottle--clutter--tOzkifgjy5QvHGA1KvfIsGVanlJgMjPbIW4NKy5X2b0-00062.jpg": {"object_bounding_box": [404, 0, 676, 1080], "object_presence": 1}, "P332--my-water-bottle--clutter--tOzkifgjy5QvHGA1KvfIsGVanlJgMjPbIW4NKy5X2b0-00063.jpg": {"object_bounding_box": [415, 0, 665, 1080], "object_presence": 1}, "P332--my-water-bottle--clutter--tOzkifgjy5QvHGA1KvfIsGVanlJgMjPbIW4NKy5X2b0-00064.jpg": {"object_bounding_box": [425, 0, 655, 1080], "object_presence": 1}, "P332--my-water-bottle--clutter--tOzkifgjy5QvHGA1KvfIsGVanlJgMjPbIW4NKy5X2b0-00065.jpg": {"object_bounding_box": [436, 0, 644, 1080], "object_presence": 1}, "P332--my-water-bottle--clutter--tOzkifgjy5QvHGA1KvfIsGVanlJgMjPbIW4NKy5X2b0-00066.jpg": {"object_bounding_box": [445, 0, 635, 1080], "object_presence": 1}, "P332--my-water-bottle--clutter--tOzkifgjy5QvHGA1KvfIsGVanlJgMjPbIW4NKy5X2b0-00067.jpg": {"object_bounding_box": [459, 0, 621, 1080], "object_presence": 1}, "P332--my-water-bottle--clutter--tOzkifgjy5QvHGA1KvfIsGVanlJgMjPbIW4NKy5X2b0-00068.jpg": {"object_bounding_box": [473, 0, 607, 1080], "object_presence": 1}, "P332--my-water-bottle--clutter--tOzkifgjy5QvHGA1KvfIsGVanlJgMjPbIW4NKy5X2b0-00069.jpg": {"object_bounding_box": [481, 0, 599, 1080], "object_presence": 1}, "P332--my-water-bottle--clutter--tOzkifgjy5QvHGA1KvfIsGVanlJgMjPbIW4NKy5X2b0-00070.jpg": {"object_bounding_box": [488, 0, 592, 1080], "object_presence": 1}, "P332--my-water-bottle--clutter--tOzkifgjy5QvHGA1KvfIsGVanlJgMjPbIW4NKy5X2b0-00071.jpg": {"object_bounding_box": [500, 0, 580, 1080], "object_presence": 1}, "P332--my-water-bottle--clutter--tOzkifgjy5QvHGA1KvfIsGVanlJgMjPbIW4NKy5X2b0-00072.jpg": {"object_bounding_box": [518, 0, 562, 1080], "object_presence": 1}, "P332--my-water-bottle--clutter--tOzkifgjy5QvHGA1KvfIsGVanlJgMjPbIW4NKy5X2b0-00073.jpg": {"object_bounding_box": [537, 0, 543, 1080], "object_presence": 1}, "P332--my-water-bottle--clutter--tOzkifgjy5QvHGA1KvfIsGVanlJgMjPbIW4NKy5X2b0-00074.jpg": {"object_bounding_box": [555, 1, 525, 1079], "object_presence": 1}, "P332--my-water-bottle--clutter--tOzkifgjy5QvHGA1KvfIsGVanlJgMjPbIW4NKy5X2b0-00075.jpg": {"object_bounding_box": [575, 1, 505, 1079], "object_presence": 1}, "P332--my-water-bottle--clutter--tOzkifgjy5QvHGA1KvfIsGVanlJgMjPbIW4NKy5X2b0-00076.jpg": {"object_bounding_box": [582, 0, 498, 1080], "object_presence": 1}, "P332--my-water-bottle--clutter--tOzkifgjy5QvHGA1KvfIsGVanlJgMjPbIW4NKy5X2b0-00077.jpg": {"object_bounding_box": [590, 0, 490, 1080], "object_presence": 1}, "P332--my-water-bottle--clutter--tOzkifgjy5QvHGA1KvfIsGVanlJgMjPbIW4NKy5X2b0-00078.jpg": {"object_bounding_box": [590, 0, 490, 1080], "object_presence": 1}, "P332--my-water-bottle--clutter--tOzkifgjy5QvHGA1KvfIsGVanlJgMjPbIW4NKy5X2b0-00079.jpg": {"object_bounding_box": [590, 0, 490, 1080], "object_presence": 1}, "P332--my-water-bottle--clutter--tOzkifgjy5QvHGA1KvfIsGVanlJgMjPbIW4NKy5X2b0-00080.jpg": {"object_bounding_box": [590, 0, 490, 1080], "object_presence": 1}, "P332--my-water-bottle--clutter--tOzkifgjy5QvHGA1KvfIsGVanlJgMjPbIW4NKy5X2b0-00081.jpg": {"object_bounding_box": [585, 0, 495, 1080], "object_presence": 1}, "P332--my-water-bottle--clutter--tOzkifgjy5QvHGA1KvfIsGVanlJgMjPbIW4NKy5X2b0-00082.jpg": {"object_bounding_box": [578, 0, 502, 1080], "object_presence": 1}, "P332--my-water-bottle--clutter--tOzkifgjy5QvHGA1KvfIsGVanlJgMjPbIW4NKy5X2b0-00083.jpg": {"object_bounding_box": [571, 0, 509, 1080], "object_presence": 1}, "P332--my-water-bottle--clutter--tOzkifgjy5QvHGA1KvfIsGVanlJgMjPbIW4NKy5X2b0-00084.jpg": {"object_bounding_box": [560, 0, 520, 1080], "object_presence": 1}, "P332--my-water-bottle--clutter--tOzkifgjy5QvHGA1KvfIsGVanlJgMjPbIW4NKy5X2b0-00085.jpg": {"object_bounding_box": [551, 0, 529, 1080], "object_presence": 1}, "P332--my-water-bottle--clutter--tOzkifgjy5QvHGA1KvfIsGVanlJgMjPbIW4NKy5X2b0-00086.jpg": {"object_bounding_box": [537, 0, 543, 1080], "object_presence": 1}, "P332--my-water-bottle--clutter--tOzkifgjy5QvHGA1KvfIsGVanlJgMjPbIW4NKy5X2b0-00087.jpg": {"object_bounding_box": [523, 0, 557, 1080], "object_presence": 1}, "P332--my-water-bottle--clutter--tOzkifgjy5QvHGA1KvfIsGVanlJgMjPbIW4NKy5X2b0-00088.jpg": {"object_bounding_box": [516, 0, 564, 1080], "object_presence": 1}, "P332--my-water-bottle--clutter--tOzkifgjy5QvHGA1KvfIsGVanlJgMjPbIW4NKy5X2b0-00089.jpg": {"object_bounding_box": [516, 0, 564, 1080], "object_presence": 1}, "P332--my-water-bottle--clutter--tOzkifgjy5QvHGA1KvfIsGVanlJgMjPbIW4NKy5X2b0-00090.jpg": {"object_bounding_box": [516, 0, 564, 1080], "object_presence": 1}, "P332--my-water-bottle--clutter--tOzkifgjy5QvHGA1KvfIsGVanlJgMjPbIW4NKy5X2b0-00091.jpg": {"object_bounding_box": [519, 0, 561, 1080], "object_presence": 1}, "P332--my-water-bottle--clutter--tOzkifgjy5QvHGA1KvfIsGVanlJgMjPbIW4NKy5X2b0-00092.jpg": {"object_bounding_box": [521, 0, 559, 1080], "object_presence": 1}, "P332--my-water-bottle--clutter--tOzkifgjy5QvHGA1KvfIsGVanlJgMjPbIW4NKy5X2b0-00093.jpg": {"object_bounding_box": [526, 0, 554, 1080], "object_presence": 1}, "P332--my-water-bottle--clutter--tOzkifgjy5QvHGA1KvfIsGVanlJgMjPbIW4NKy5X2b0-00094.jpg": {"object_bounding_box": [533, 0, 547, 1080], "object_presence": 1}, "P332--my-water-bottle--clutter--tOzkifgjy5QvHGA1KvfIsGVanlJgMjPbIW4NKy5X2b0-00095.jpg": {"object_bounding_box": [541, 0, 539, 1080], "object_presence": 1}, "P332--my-water-bottle--clutter--tOzkifgjy5QvHGA1KvfIsGVanlJgMjPbIW4NKy5X2b0-00096.jpg": {"object_bounding_box": [547, 0, 533, 1080], "object_presence": 1}, "P332--my-water-bottle--clutter--tOzkifgjy5QvHGA1KvfIsGVanlJgMjPbIW4NKy5X2b0-00097.jpg": {"object_bounding_box": [555, 0, 525, 1080], "object_presence": 1}, "P332--my-water-bottle--clutter--tOzkifgjy5QvHGA1KvfIsGVanlJgMjPbIW4NKy5X2b0-00098.jpg": {"object_bounding_box": [563, 0, 517, 1080], "object_presence": 1}, "P332--my-water-bottle--clutter--tOzkifgjy5QvHGA1KvfIsGVanlJgMjPbIW4NKy5X2b0-00099.jpg": {"object_bounding_box": [566, 0, 514, 1080], "object_presence": 1}, "P332--my-water-bottle--clutter--tOzkifgjy5QvHGA1KvfIsGVanlJgMjPbIW4NKy5X2b0-00100.jpg": {"object_bounding_box": [569, 0, 511, 1080], "object_presence": 1}, "P332--my-water-bottle--clutter--tOzkifgjy5QvHGA1KvfIsGVanlJgMjPbIW4NKy5X2b0-00101.jpg": {"object_bounding_box": [567, 0, 513, 1080], "object_presence": 1}, "P332--my-water-bottle--clutter--tOzkifgjy5QvHGA1KvfIsGVanlJgMjPbIW4NKy5X2b0-00102.jpg": {"object_bounding_box": [566, 0, 514, 1080], "object_presence": 1}, "P332--my-water-bottle--clutter--tOzkifgjy5QvHGA1KvfIsGVanlJgMjPbIW4NKy5X2b0-00103.jpg": {"object_bounding_box": [568, 0, 512, 1080], "object_presence": 1}, "P332--my-water-bottle--clutter--tOzkifgjy5QvHGA1KvfIsGVanlJgMjPbIW4NKy5X2b0-00104.jpg": {"object_bounding_box": [568, 0, 512, 1080], "object_presence": 1}, "P332--my-water-bottle--clutter--tOzkifgjy5QvHGA1KvfIsGVanlJgMjPbIW4NKy5X2b0-00105.jpg": {"object_bounding_box": [567, 0, 513, 1080], "object_presence": 1}, "P332--my-water-bottle--clutter--tOzkifgjy5QvHGA1KvfIsGVanlJgMjPbIW4NKy5X2b0-00106.jpg": {"object_bounding_box": [563, 0, 517, 1080], "object_presence": 1}, "P332--my-water-bottle--clutter--tOzkifgjy5QvHGA1KvfIsGVanlJgMjPbIW4NKy5X2b0-00107.jpg": {"object_bounding_box": [562, 0, 518, 1080], "object_presence": 1}, "P332--my-water-bottle--clutter--tOzkifgjy5QvHGA1KvfIsGVanlJgMjPbIW4NKy5X2b0-00108.jpg": {"object_bounding_box": [558, 0, 522, 1080], "object_presence": 1}, "P332--my-water-bottle--clutter--tOzkifgjy5QvHGA1KvfIsGVanlJgMjPbIW4NKy5X2b0-00109.jpg": {"object_bounding_box": [556, 0, 524, 1080], "object_presence": 1}, "P332--my-water-bottle--clutter--tOzkifgjy5QvHGA1KvfIsGVanlJgMjPbIW4NKy5X2b0-00110.jpg": {"object_bounding_box": [554, 0, 526, 1080], "object_presence": 1}, "P332--my-water-bottle--clutter--tOzkifgjy5QvHGA1KvfIsGVanlJgMjPbIW4NKy5X2b0-00111.jpg": {"object_bounding_box": [542, 0, 538, 1080], "object_presence": 1}, "P332--my-water-bottle--clutter--tOzkifgjy5QvHGA1KvfIsGVanlJgMjPbIW4NKy5X2b0-00112.jpg": {"object_bounding_box": [534, 0, 546, 1080], "object_presence": 1}, "P332--my-water-bottle--clutter--tOzkifgjy5QvHGA1KvfIsGVanlJgMjPbIW4NKy5X2b0-00113.jpg": {"object_bounding_box": [531, 0, 549, 1080], "object_presence": 1}, "P332--my-water-bottle--clutter--tOzkifgjy5QvHGA1KvfIsGVanlJgMjPbIW4NKy5X2b0-00114.jpg": {"object_bounding_box": [525, 0, 555, 1080], "object_presence": 1}, "P332--my-water-bottle--clutter--tOzkifgjy5QvHGA1KvfIsGVanlJgMjPbIW4NKy5X2b0-00115.jpg": {"object_bounding_box": [515, 0, 565, 1080], "object_presence": 1}, "P332--my-water-bottle--clutter--tOzkifgjy5QvHGA1KvfIsGVanlJgMjPbIW4NKy5X2b0-00116.jpg": {"object_bounding_box": [514, 0, 566, 1080], "object_presence": 1}, "P332--my-water-bottle--clutter--tOzkifgjy5QvHGA1KvfIsGVanlJgMjPbIW4NKy5X2b0-00117.jpg": {"object_bounding_box": [514, 0, 566, 1080], "object_presence": 1}, "P332--my-water-bottle--clutter--tOzkifgjy5QvHGA1KvfIsGVanlJgMjPbIW4NKy5X2b0-00118.jpg": {"object_bounding_box": [514, 0, 563, 1080], "object_presence": 1}, "P332--my-water-bottle--clutter--tOzkifgjy5QvHGA1KvfIsGVanlJgMjPbIW4NKy5X2b0-00119.jpg": {"object_bounding_box": [519, 0, 557, 1080], "object_presence": 1}, "P332--my-water-bottle--clutter--tOzkifgjy5QvHGA1KvfIsGVanlJgMjPbIW4NKy5X2b0-00120.jpg": {"object_bounding_box": [526, 0, 552, 1080], "object_presence": 1}, "P332--my-water-bottle--clutter--tOzkifgjy5QvHGA1KvfIsGVanlJgMjPbIW4NKy5X2b0-00121.jpg": {"object_bounding_box": [531, 0, 546, 1080], "object_presence": 1}, "P332--my-water-bottle--clutter--tOzkifgjy5QvHGA1KvfIsGVanlJgMjPbIW4NKy5X2b0-00122.jpg": {"object_bounding_box": [537, 0, 541, 1080], "object_presence": 1}, "P332--my-water-bottle--clutter--tOzkifgjy5QvHGA1KvfIsGVanlJgMjPbIW4NKy5X2b0-00123.jpg": {"object_bounding_box": [536, 0, 541, 1080], "object_presence": 1}, "P332--my-water-bottle--clutter--tOzkifgjy5QvHGA1KvfIsGVanlJgMjPbIW4NKy5X2b0-00124.jpg": {"object_bounding_box": [533, 0, 539, 1080], "object_presence": 1}, "P332--my-water-bottle--clutter--tOzkifgjy5QvHGA1KvfIsGVanlJgMjPbIW4NKy5X2b0-00125.jpg": {"object_bounding_box": [526, 0, 533, 1080], "object_presence": 1}, "P332--my-water-bottle--clutter--tOzkifgjy5QvHGA1KvfIsGVanlJgMjPbIW4NKy5X2b0-00126.jpg": {"object_bounding_box": [516, 0, 533, 1080], "object_presence": 1}, "P332--my-water-bottle--clutter--tOzkifgjy5QvHGA1KvfIsGVanlJgMjPbIW4NKy5X2b0-00127.jpg": {"object_bounding_box": [508, 0, 524, 1080], "object_presence": 1}, "P332--my-water-bottle--clutter--tOzkifgjy5QvHGA1KvfIsGVanlJgMjPbIW4NKy5X2b0-00128.jpg": {"object_bounding_box": [506, 0, 512, 1080], "object_presence": 1}, "P332--my-water-bottle--clutter--tOzkifgjy5QvHGA1KvfIsGVanlJgMjPbIW4NKy5X2b0-00129.jpg": {"object_bounding_box": [503, 0, 506, 1080], "object_presence": 1}, "P332--my-water-bottle--clutter--tOzkifgjy5QvHGA1KvfIsGVanlJgMjPbIW4NKy5X2b0-00130.jpg": {"object_bounding_box": [504, 0, 497, 1080], "object_presence": 1}, "P332--my-water-bottle--clutter--tOzkifgjy5QvHGA1KvfIsGVanlJgMjPbIW4NKy5X2b0-00131.jpg": {"object_bounding_box": [514, 0, 483, 1080], "object_presence": 1}, "P332--my-water-bottle--clutter--tOzkifgjy5QvHGA1KvfIsGVanlJgMjPbIW4NKy5X2b0-00132.jpg": {"object_bounding_box": [518, 0, 485, 1080], "object_presence": 1}, "P332--my-water-bottle--clutter--tOzkifgjy5QvHGA1KvfIsGVanlJgMjPbIW4NKy5X2b0-00133.jpg": {"object_bounding_box": [529, 0, 483, 1080], "object_presence": 1}, "P332--my-water-bottle--clutter--tOzkifgjy5QvHGA1KvfIsGVanlJgMjPbIW4NKy5X2b0-00134.jpg": {"object_bounding_box": [537, 0, 481, 1080], "object_presence": 1}, "P332--my-water-bottle--clutter--tOzkifgjy5QvHGA1KvfIsGVanlJgMjPbIW4NKy5X2b0-00135.jpg": {"object_bounding_box": [551, 0, 474, 1080], "object_presence": 1}, "P332--my-water-bottle--clutter--tOzkifgjy5QvHGA1KvfIsGVanlJgMjPbIW4NKy5X2b0-00136.jpg": {"object_bounding_box": [554, 0, 476, 1080], "object_presence": 1}, "P332--my-water-bottle--clutter--tOzkifgjy5QvHGA1KvfIsGVanlJgMjPbIW4NKy5X2b0-00137.jpg": {"object_bounding_box": [556, 0, 478, 1080], "object_presence": 1}, "P332--my-water-bottle--clutter--tOzkifgjy5QvHGA1KvfIsGVanlJgMjPbIW4NKy5X2b0-00138.jpg": {"object_bounding_box": [558, 0, 474, 1080], "object_presence": 1}, "P332--my-water-bottle--clutter--tOzkifgjy5QvHGA1KvfIsGVanlJgMjPbIW4NKy5X2b0-00139.jpg": {"object_bounding_box": [558, 0, 474, 1080], "object_presence": 1}, "P332--my-water-bottle--clutter--tOzkifgjy5QvHGA1KvfIsGVanlJgMjPbIW4NKy5X2b0-00140.jpg": {"object_bounding_box": [560, 0, 472, 1080], "object_presence": 1}, "P332--my-water-bottle--clutter--tOzkifgjy5QvHGA1KvfIsGVanlJgMjPbIW4NKy5X2b0-00141.jpg": {"object_bounding_box": [560, 0, 468, 1080], "object_presence": 1}, "P332--my-water-bottle--clutter--tOzkifgjy5QvHGA1KvfIsGVanlJgMjPbIW4NKy5X2b0-00142.jpg": {"object_bounding_box": [558, 0, 468, 1080], "object_presence": 1}, "P332--my-water-bottle--clutter--tOzkifgjy5QvHGA1KvfIsGVanlJgMjPbIW4NKy5X2b0-00143.jpg": {"object_bounding_box": [560, 0, 462, 1080], "object_presence": 1}, "P332--my-water-bottle--clutter--tOzkifgjy5QvHGA1KvfIsGVanlJgMjPbIW4NKy5X2b0-00144.jpg": {"object_bounding_box": [572, 0, 458, 1080], "object_presence": 1}, "P332--my-water-bottle--clutter--tOzkifgjy5QvHGA1KvfIsGVanlJgMjPbIW4NKy5X2b0-00145.jpg": {"object_bounding_box": [583, 0, 453, 1080], "object_presence": 1}, "P332--my-water-bottle--clutter--tOzkifgjy5QvHGA1KvfIsGVanlJgMjPbIW4NKy5X2b0-00146.jpg": {"object_bounding_box": [595, 0, 485, 1080], "object_presence": 1}, "P332--my-water-bottle--clutter--tOzkifgjy5QvHGA1KvfIsGVanlJgMjPbIW4NKy5X2b0-00147.jpg": {"object_bounding_box": [599, 0, 458, 1080], "object_presence": 1}, "P332--my-water-bottle--clutter--tOzkifgjy5QvHGA1KvfIsGVanlJgMjPbIW4NKy5X2b0-00148.jpg": {"object_bounding_box": [608, 0, 456, 1080], "object_presence": 1}, "P332--my-water-bottle--clutter--tOzkifgjy5QvHGA1KvfIsGVanlJgMjPbIW4NKy5X2b0-00149.jpg": {"object_bounding_box": [620, 0, 457, 1080], "object_presence": 1}, "P332--my-water-bottle--clutter--tOzkifgjy5QvHGA1KvfIsGVanlJgMjPbIW4NKy5X2b0-00150.jpg": {"object_bounding_box": [625, 0, 453, 1080], "object_presence": 1}, "P332--my-water-bottle--clutter--tOzkifgjy5QvHGA1KvfIsGVanlJgMjPbIW4NKy5X2b0-00151.jpg": {"object_bounding_box": [633, 0, 447, 1080], "object_presence": 1}, "P332--my-water-bottle--clutter--tOzkifgjy5QvHGA1KvfIsGVanlJgMjPbIW4NKy5X2b0-00152.jpg": {"object_bounding_box": [641, 0, 439, 1080], "object_presence": 1}, "P332--my-water-bottle--clutter--tOzkifgjy5QvHGA1KvfIsGVanlJgMjPbIW4NKy5X2b0-00153.jpg": {"object_bounding_box": [652, 0, 428, 1080], "object_presence": 1}, "P332--my-water-bottle--clutter--tOzkifgjy5QvHGA1KvfIsGVanlJgMjPbIW4NKy5X2b0-00154.jpg": {"object_bounding_box": [654, 0, 426, 1080], "object_presence": 1}, "P332--my-water-bottle--clutter--tOzkifgjy5QvHGA1KvfIsGVanlJgMjPbIW4NKy5X2b0-00155.jpg": {"object_bounding_box": [668, 0, 412, 1080], "object_presence": 1}, "P332--my-water-bottle--clutter--tOzkifgjy5QvHGA1KvfIsGVanlJgMjPbIW4NKy5X2b0-00156.jpg": {"object_bounding_box": [683, 0, 397, 1080], "object_presence": 1}, "P332--my-water-bottle--clutter--tOzkifgjy5QvHGA1KvfIsGVanlJgMjPbIW4NKy5X2b0-00157.jpg": {"object_bounding_box": [691, 0, 389, 1080], "object_presence": 1}, "P332--my-water-bottle--clutter--tOzkifgjy5QvHGA1KvfIsGVanlJgMjPbIW4NKy5X2b0-00158.jpg": {"object_bounding_box": [697, 0, 383, 1080], "object_presence": 1}, "P332--my-water-bottle--clutter--tOzkifgjy5QvHGA1KvfIsGVanlJgMjPbIW4NKy5X2b0-00159.jpg": {"object_bounding_box": [707, 0, 373, 1080], "object_presence": 1}, "P332--my-water-bottle--clutter--tOzkifgjy5QvHGA1KvfIsGVanlJgMjPbIW4NKy5X2b0-00160.jpg": {"object_bounding_box": [707, 0, 373, 1080], "object_presence": 1}, "P332--my-water-bottle--clutter--tOzkifgjy5QvHGA1KvfIsGVanlJgMjPbIW4NKy5X2b0-00161.jpg": {"object_bounding_box": [704, 0, 376, 1080], "object_presence": 1}, "P332--my-water-bottle--clutter--tOzkifgjy5QvHGA1KvfIsGVanlJgMjPbIW4NKy5X2b0-00162.jpg": {"object_bounding_box": [704, 0, 376, 1080], "object_presence": 1}, "P332--my-water-bottle--clutter--tOzkifgjy5QvHGA1KvfIsGVanlJgMjPbIW4NKy5X2b0-00163.jpg": {"object_bounding_box": [701, 0, 379, 1080], "object_presence": 1}, "P332--my-water-bottle--clutter--tOzkifgjy5QvHGA1KvfIsGVanlJgMjPbIW4NKy5X2b0-00164.jpg": {"object_bounding_box": [696, 0, 384, 1080], "object_presence": 1}, "P332--my-water-bottle--clutter--tOzkifgjy5QvHGA1KvfIsGVanlJgMjPbIW4NKy5X2b0-00165.jpg": {"object_bounding_box": [692, 0, 388, 1080], "object_presence": 1}, "P332--my-water-bottle--clutter--tOzkifgjy5QvHGA1KvfIsGVanlJgMjPbIW4NKy5X2b0-00166.jpg": {"object_bounding_box": [689, 0, 391, 1080], "object_presence": 1}, "P332--my-water-bottle--clutter--tOzkifgjy5QvHGA1KvfIsGVanlJgMjPbIW4NKy5X2b0-00167.jpg": {"object_bounding_box": [688, 0, 392, 1080], "object_presence": 1}, "P332--my-water-bottle--clutter--tOzkifgjy5QvHGA1KvfIsGVanlJgMjPbIW4NKy5X2b0-00168.jpg": {"object_bounding_box": [687, 0, 393, 1080], "object_presence": 1}, "P332--my-water-bottle--clutter--tOzkifgjy5QvHGA1KvfIsGVanlJgMjPbIW4NKy5X2b0-00169.jpg": {"object_bounding_box": [687, 0, 393, 1080], "object_presence": 1}, "P332--my-water-bottle--clutter--tOzkifgjy5QvHGA1KvfIsGVanlJgMjPbIW4NKy5X2b0-00170.jpg": {"object_bounding_box": [691, 16, 389, 1064], "object_presence": 1}, "P332--my-water-bottle--clutter--tOzkifgjy5QvHGA1KvfIsGVanlJgMjPbIW4NKy5X2b0-00171.jpg": {"object_bounding_box": [695, 26, 385, 1054], "object_presence": 1}, "P332--my-water-bottle--clutter--tOzkifgjy5QvHGA1KvfIsGVanlJgMjPbIW4NKy5X2b0-00172.jpg": {"object_bounding_box": [696, 44, 384, 1036], "object_presence": 1}, "P332--my-water-bottle--clutter--tOzkifgjy5QvHGA1KvfIsGVanlJgMjPbIW4NKy5X2b0-00173.jpg": {"object_bounding_box": [696, 52, 384, 1028], "object_presence": 1}, "P332--my-water-bottle--clutter--tOzkifgjy5QvHGA1KvfIsGVanlJgMjPbIW4NKy5X2b0-00174.jpg": {"object_bounding_box": [696, 66, 384, 1014], "object_presence": 1}, "P332--my-water-bottle--clutter--tOzkifgjy5QvHGA1KvfIsGVanlJgMjPbIW4NKy5X2b0-00175.jpg": {"object_bounding_box": [691, 74, 389, 1006], "object_presence": 1}, "P332--my-water-bottle--clutter--tOzkifgjy5QvHGA1KvfIsGVanlJgMjPbIW4NKy5X2b0-00176.jpg": {"object_bounding_box": [692, 94, 388, 986], "object_presence": 1}, "P332--my-water-bottle--clutter--tOzkifgjy5QvHGA1KvfIsGVanlJgMjPbIW4NKy5X2b0-00177.jpg": {"object_bounding_box": [690, 112, 390, 968], "object_presence": 1}, "P332--my-water-bottle--clutter--tOzkifgjy5QvHGA1KvfIsGVanlJgMjPbIW4NKy5X2b0-00178.jpg": {"object_bounding_box": [690, 112, 390, 968], "object_presence": 1}, "P332--my-water-bottle--clutter--tOzkifgjy5QvHGA1KvfIsGVanlJgMjPbIW4NKy5X2b0-00179.jpg": {"object_bounding_box": [691, 112, 389, 968], "object_presence": 1}, "P332--my-water-bottle--clutter--tOzkifgjy5QvHGA1KvfIsGVanlJgMjPbIW4NKy5X2b0-00180.jpg": {"object_bounding_box": [691, 112, 389, 968], "object_presence": 1}, "P332--my-water-bottle--clutter--tOzkifgjy5QvHGA1KvfIsGVanlJgMjPbIW4NKy5X2b0-00181.jpg": {"object_bounding_box": [693, 105, 387, 975], "object_presence": 1}, "P332--my-water-bottle--clutter--tOzkifgjy5QvHGA1KvfIsGVanlJgMjPbIW4NKy5X2b0-00182.jpg": {"object_bounding_box": [699, 101, 381, 979], "object_presence": 1}, "P332--my-water-bottle--clutter--tOzkifgjy5QvHGA1KvfIsGVanlJgMjPbIW4NKy5X2b0-00183.jpg": {"object_bounding_box": [701, 90, 379, 990], "object_presence": 1}, "P332--my-water-bottle--clutter--tOzkifgjy5QvHGA1KvfIsGVanlJgMjPbIW4NKy5X2b0-00184.jpg": {"object_bounding_box": [704, 78, 376, 1002], "object_presence": 1}, "P332--my-water-bottle--clutter--tOzkifgjy5QvHGA1KvfIsGVanlJgMjPbIW4NKy5X2b0-00185.jpg": {"object_bounding_box": [704, 78, 376, 1002], "object_presence": 1}, "P332--my-water-bottle--clutter--tOzkifgjy5QvHGA1KvfIsGVanlJgMjPbIW4NKy5X2b0-00186.jpg": {"object_bounding_box": [705, 85, 375, 995], "object_presence": 1}, "P332--my-water-bottle--clutter--tOzkifgjy5QvHGA1KvfIsGVanlJgMjPbIW4NKy5X2b0-00187.jpg": {"object_bounding_box": [706, 91, 374, 989], "object_presence": 1}, "P332--my-water-bottle--clutter--tOzkifgjy5QvHGA1KvfIsGVanlJgMjPbIW4NKy5X2b0-00188.jpg": {"object_bounding_box": [706, 91, 374, 989], "object_presence": 1}, "P332--my-water-bottle--clutter--tOzkifgjy5QvHGA1KvfIsGVanlJgMjPbIW4NKy5X2b0-00189.jpg": {"object_bounding_box": [706, 102, 374, 978], "object_presence": 1}, "P332--my-water-bottle--clutter--tOzkifgjy5QvHGA1KvfIsGVanlJgMjPbIW4NKy5X2b0-00190.jpg": {"object_bounding_box": [709, 112, 371, 968], "object_presence": 1}, "P332--my-water-bottle--clutter--tOzkifgjy5QvHGA1KvfIsGVanlJgMjPbIW4NKy5X2b0-00191.jpg": {"object_bounding_box": [710, 120, 370, 960], "object_presence": 1}, "P332--my-water-bottle--clutter--tOzkifgjy5QvHGA1KvfIsGVanlJgMjPbIW4NKy5X2b0-00192.jpg": {"object_bounding_box": [713, 125, 367, 955], "object_presence": 1}, "P332--my-water-bottle--clutter--tOzkifgjy5QvHGA1KvfIsGVanlJgMjPbIW4NKy5X2b0-00193.jpg": {"object_bounding_box": [716, 135, 364, 945], "object_presence": 1}, "P332--my-water-bottle--clutter--tOzkifgjy5QvHGA1KvfIsGVanlJgMjPbIW4NKy5X2b0-00194.jpg": {"object_bounding_box": [718, 140, 362, 940], "object_presence": 1}, "P332--my-water-bottle--clutter--tOzkifgjy5QvHGA1KvfIsGVanlJgMjPbIW4NKy5X2b0-00195.jpg": {"object_bounding_box": [718, 140, 362, 940], "object_presence": 1}, "P332--my-water-bottle--clutter--tOzkifgjy5QvHGA1KvfIsGVanlJgMjPbIW4NKy5X2b0-00196.jpg": {"object_bounding_box": [718, 139, 362, 941], "object_presence": 1}, "P332--my-water-bottle--clutter--tOzkifgjy5QvHGA1KvfIsGVanlJgMjPbIW4NKy5X2b0-00197.jpg": {"object_bounding_box": [717, 133, 363, 947], "object_presence": 1}, "P332--my-water-bottle--clutter--tOzkifgjy5QvHGA1KvfIsGVanlJgMjPbIW4NKy5X2b0-00198.jpg": {"object_bounding_box": [711, 130, 365, 950], "object_presence": 1}, "P332--my-water-bottle--clutter--tOzkifgjy5QvHGA1KvfIsGVanlJgMjPbIW4NKy5X2b0-00199.jpg": {"object_bounding_box": [711, 123, 365, 957], "object_presence": 1}, "P332--my-water-bottle--clutter--tOzkifgjy5QvHGA1KvfIsGVanlJgMjPbIW4NKy5X2b0-00200.jpg": {"object_bounding_box": [713, 121, 362, 959], "object_presence": 1}, "P332--my-water-bottle--clutter--tOzkifgjy5QvHGA1KvfIsGVanlJgMjPbIW4NKy5X2b0-00201.jpg": {"object_bounding_box": [711, 119, 362, 961], "object_presence": 1}, "P332--my-water-bottle--clutter--tOzkifgjy5QvHGA1KvfIsGVanlJgMjPbIW4NKy5X2b0-00202.jpg": {"object_bounding_box": [711, 119, 362, 961], "object_presence": 1}, "P332--my-water-bottle--clutter--tOzkifgjy5QvHGA1KvfIsGVanlJgMjPbIW4NKy5X2b0-00203.jpg": {"object_bounding_box": [711, 119, 362, 961], "object_presence": 1}, "P332--my-water-bottle--clutter--tOzkifgjy5QvHGA1KvfIsGVanlJgMjPbIW4NKy5X2b0-00204.jpg": {"object_bounding_box": [709, 125, 361, 955], "object_presence": 1}, "P332--my-water-bottle--clutter--tOzkifgjy5QvHGA1KvfIsGVanlJgMjPbIW4NKy5X2b0-00205.jpg": {"object_bounding_box": [709, 125, 361, 955], "object_presence": 1}, "P332--my-water-bottle--clutter--tOzkifgjy5QvHGA1KvfIsGVanlJgMjPbIW4NKy5X2b0-00206.jpg": {"object_bounding_box": [716, 129, 358, 951], "object_presence": 1}, "P332--my-water-bottle--clutter--tOzkifgjy5QvHGA1KvfIsGVanlJgMjPbIW4NKy5X2b0-00207.jpg": {"object_bounding_box": [723, 129, 357, 951], "object_presence": 1}, "P332--my-water-bottle--clutter--tOzkifgjy5QvHGA1KvfIsGVanlJgMjPbIW4NKy5X2b0-00208.jpg": {"object_bounding_box": [727, 132, 353, 948], "object_presence": 1}, "P332--my-water-bottle--clutter--tOzkifgjy5QvHGA1KvfIsGVanlJgMjPbIW4NKy5X2b0-00209.jpg": {"object_bounding_box": [724, 142, 356, 938], "object_presence": 1}, "P332--my-water-bottle--clutter--tOzkifgjy5QvHGA1KvfIsGVanlJgMjPbIW4NKy5X2b0-00210.jpg": {"object_bounding_box": [719, 146, 351, 934], "object_presence": 1}, "P332--my-water-bottle--clutter--tOzkifgjy5QvHGA1KvfIsGVanlJgMjPbIW4NKy5X2b0-00211.jpg": {"object_bounding_box": [714, 150, 352, 930], "object_presence": 1}, "P332--my-water-bottle--clutter--tOzkifgjy5QvHGA1KvfIsGVanlJgMjPbIW4NKy5X2b0-00212.jpg": {"object_bounding_box": [705, 153, 355, 927], "object_presence": 1}, "P332--my-water-bottle--clutter--tOzkifgjy5QvHGA1KvfIsGVanlJgMjPbIW4NKy5X2b0-00213.jpg": {"object_bounding_box": [697, 153, 354, 927], "object_presence": 1}, "P332--my-water-bottle--clutter--tOzkifgjy5QvHGA1KvfIsGVanlJgMjPbIW4NKy5X2b0-00214.jpg": {"object_bounding_box": [693, 149, 351, 931], "object_presence": 1}, "P332--my-water-bottle--clutter--tOzkifgjy5QvHGA1KvfIsGVanlJgMjPbIW4NKy5X2b0-00215.jpg": {"object_bounding_box": [691, 149, 350, 931], "object_presence": 1}, "P332--my-water-bottle--clutter--tOzkifgjy5QvHGA1KvfIsGVanlJgMjPbIW4NKy5X2b0-00216.jpg": {"object_bounding_box": [691, 149, 347, 931], "object_presence": 1}, "P332--my-water-bottle--clutter--tOzkifgjy5QvHGA1KvfIsGVanlJgMjPbIW4NKy5X2b0-00217.jpg": {"object_bounding_box": [693, 142, 348, 938], "object_presence": 1}, "P332--my-water-bottle--clutter--tOzkifgjy5QvHGA1KvfIsGVanlJgMjPbIW4NKy5X2b0-00218.jpg": {"object_bounding_box": [695, 141, 346, 939], "object_presence": 1}, "P332--my-water-bottle--clutter--tOzkifgjy5QvHGA1KvfIsGVanlJgMjPbIW4NKy5X2b0-00219.jpg": {"object_bounding_box": [695, 141, 346, 939], "object_presence": 1}, "P332--my-water-bottle--clutter--tOzkifgjy5QvHGA1KvfIsGVanlJgMjPbIW4NKy5X2b0-00220.jpg": {"object_bounding_box": [695, 141, 346, 939], "object_presence": 1}, "P332--my-water-bottle--clutter--tOzkifgjy5QvHGA1KvfIsGVanlJgMjPbIW4NKy5X2b0-00221.jpg": {"object_bounding_box": [701, 139, 340, 941], "object_presence": 1}, "P332--my-water-bottle--clutter--tOzkifgjy5QvHGA1KvfIsGVanlJgMjPbIW4NKy5X2b0-00222.jpg": {"object_bounding_box": [701, 139, 340, 941], "object_presence": 1}, "P332--my-water-bottle--clutter--tOzkifgjy5QvHGA1KvfIsGVanlJgMjPbIW4NKy5X2b0-00223.jpg": {"object_bounding_box": [702, 139, 339, 941], "object_presence": 1}, "P332--my-water-bottle--clutter--tOzkifgjy5QvHGA1KvfIsGVanlJgMjPbIW4NKy5X2b0-00224.jpg": {"object_bounding_box": [702, 139, 339, 941], "object_presence": 1}, "P332--my-water-bottle--clutter--tOzkifgjy5QvHGA1KvfIsGVanlJgMjPbIW4NKy5X2b0-00225.jpg": {"object_bounding_box": [702, 142, 339, 938], "object_presence": 1}, "P332--my-water-bottle--clutter--tOzkifgjy5QvHGA1KvfIsGVanlJgMjPbIW4NKy5X2b0-00226.jpg": {"object_bounding_box": [704, 151, 337, 929], "object_presence": 1}, "P332--my-water-bottle--clutter--tOzkifgjy5QvHGA1KvfIsGVanlJgMjPbIW4NKy5X2b0-00227.jpg": {"object_bounding_box": [704, 154, 337, 926], "object_presence": 1}, "P332--my-water-bottle--clutter--tOzkifgjy5QvHGA1KvfIsGVanlJgMjPbIW4NKy5X2b0-00228.jpg": {"object_bounding_box": [704, 157, 337, 923], "object_presence": 1}, "P332--my-water-bottle--clutter--tOzkifgjy5QvHGA1KvfIsGVanlJgMjPbIW4NKy5X2b0-00229.jpg": {"object_bounding_box": [704, 157, 337, 923], "object_presence": 1}, "P332--my-water-bottle--clutter--tOzkifgjy5QvHGA1KvfIsGVanlJgMjPbIW4NKy5X2b0-00230.jpg": {"object_bounding_box": [708, 166, 334, 914], "object_presence": 1}, "P332--my-water-bottle--clutter--tOzkifgjy5QvHGA1KvfIsGVanlJgMjPbIW4NKy5X2b0-00231.jpg": {"object_bounding_box": [710, 166, 336, 914], "object_presence": 1}, "P332--my-water-bottle--clutter--tOzkifgjy5QvHGA1KvfIsGVanlJgMjPbIW4NKy5X2b0-00232.jpg": {"object_bounding_box": [713, 166, 333, 914], "object_presence": 1}, "P332--my-water-bottle--clutter--tOzkifgjy5QvHGA1KvfIsGVanlJgMjPbIW4NKy5X2b0-00233.jpg": {"object_bounding_box": [718, 164, 333, 916], "object_presence": 1}, "P332--my-water-bottle--clutter--tOzkifgjy5QvHGA1KvfIsGVanlJgMjPbIW4NKy5X2b0-00234.jpg": {"object_bounding_box": [721, 162, 335, 918], "object_presence": 1}, "P332--my-water-bottle--clutter--tOzkifgjy5QvHGA1KvfIsGVanlJgMjPbIW4NKy5X2b0-00235.jpg": {"object_bounding_box": [725, 160, 335, 920], "object_presence": 1}, "P332--my-water-bottle--clutter--tOzkifgjy5QvHGA1KvfIsGVanlJgMjPbIW4NKy5X2b0-00236.jpg": {"object_bounding_box": [731, 159, 335, 921], "object_presence": 1}, "P332--my-water-bottle--clutter--tOzkifgjy5QvHGA1KvfIsGVanlJgMjPbIW4NKy5X2b0-00237.jpg": {"object_bounding_box": [735, 159, 335, 921], "object_presence": 1}, "P332--my-water-bottle--clutter--tOzkifgjy5QvHGA1KvfIsGVanlJgMjPbIW4NKy5X2b0-00238.jpg": {"object_bounding_box": [743, 159, 333, 921], "object_presence": 1}, "P332--my-water-bottle--clutter--tOzkifgjy5QvHGA1KvfIsGVanlJgMjPbIW4NKy5X2b0-00239.jpg": {"object_bounding_box": [749, 165, 331, 915], "object_presence": 1}, "P332--my-water-bottle--clutter--tOzkifgjy5QvHGA1KvfIsGVanlJgMjPbIW4NKy5X2b0-00240.jpg": {"object_bounding_box": [756, 174, 324, 906], "object_presence": 1}, "P332--my-water-bottle--clutter--tOzkifgjy5QvHGA1KvfIsGVanlJgMjPbIW4NKy5X2b0-00241.jpg": {"object_bounding_box": [761, 174, 319, 906], "object_presence": 1}, "P332--my-water-bottle--clutter--tOzkifgjy5QvHGA1KvfIsGVanlJgMjPbIW4NKy5X2b0-00242.jpg": {"object_bounding_box": [769, 189, 311, 891], "object_presence": 1}, "P332--my-water-bottle--clutter--tOzkifgjy5QvHGA1KvfIsGVanlJgMjPbIW4NKy5X2b0-00243.jpg": {"object_bounding_box": [769, 189, 311, 891], "object_presence": 1}, "P332--my-water-bottle--clutter--tOzkifgjy5QvHGA1KvfIsGVanlJgMjPbIW4NKy5X2b0-00244.jpg": {"object_bounding_box": [769, 189, 311, 891], "object_presence": 1}, "P332--my-water-bottle--clutter--tOzkifgjy5QvHGA1KvfIsGVanlJgMjPbIW4NKy5X2b0-00245.jpg": {"object_bounding_box": [775, 189, 305, 891], "object_presence": 1}, "P332--my-water-bottle--clutter--tOzkifgjy5QvHGA1KvfIsGVanlJgMjPbIW4NKy5X2b0-00246.jpg": {"object_bounding_box": [775, 199, 305, 881], "object_presence": 1}, "P332--my-water-bottle--clutter--tOzkifgjy5QvHGA1KvfIsGVanlJgMjPbIW4NKy5X2b0-00247.jpg": {"object_bounding_box": [776, 210, 304, 870], "object_presence": 1}, "P332--my-water-bottle--clutter--tOzkifgjy5QvHGA1KvfIsGVanlJgMjPbIW4NKy5X2b0-00248.jpg": {"object_bounding_box": [776, 218, 304, 862], "object_presence": 1}, "P332--my-water-bottle--clutter--tOzkifgjy5QvHGA1KvfIsGVanlJgMjPbIW4NKy5X2b0-00249.jpg": {"object_bounding_box": [776, 227, 304, 853], "object_presence": 1}, "P332--my-water-bottle--clutter--tOzkifgjy5QvHGA1KvfIsGVanlJgMjPbIW4NKy5X2b0-00250.jpg": {"object_bounding_box": [778, 231, 302, 849], "object_presence": 1}, "P332--my-water-bottle--clutter--tOzkifgjy5QvHGA1KvfIsGVanlJgMjPbIW4NKy5X2b0-00251.jpg": {"object_bounding_box": [775, 236, 305, 844], "object_presence": 1}, "P332--my-water-bottle--clutter--tOzkifgjy5QvHGA1KvfIsGVanlJgMjPbIW4NKy5X2b0-00252.jpg": {"object_bounding_box": [772, 233, 308, 847], "object_presence": 1}, "P332--my-water-bottle--clutter--tOzkifgjy5QvHGA1KvfIsGVanlJgMjPbIW4NKy5X2b0-00253.jpg": {"object_bounding_box": [774, 227, 306, 853], "object_presence": 1}, "P332--my-water-bottle--clutter--tOzkifgjy5QvHGA1KvfIsGVanlJgMjPbIW4NKy5X2b0-00254.jpg": {"object_bounding_box": [774, 223, 306, 857], "object_presence": 1}, "P332--my-water-bottle--clutter--tOzkifgjy5QvHGA1KvfIsGVanlJgMjPbIW4NKy5X2b0-00255.jpg": {"object_bounding_box": [772, 228, 308, 852], "object_presence": 1}, "P332--my-water-bottle--clutter--tOzkifgjy5QvHGA1KvfIsGVanlJgMjPbIW4NKy5X2b0-00256.jpg": {"object_bounding_box": [772, 225, 308, 855], "object_presence": 1}, "P332--my-water-bottle--clutter--tOzkifgjy5QvHGA1KvfIsGVanlJgMjPbIW4NKy5X2b0-00257.jpg": {"object_bounding_box": [776, 215, 304, 865], "object_presence": 1}, "P332--my-water-bottle--clutter--tOzkifgjy5QvHGA1KvfIsGVanlJgMjPbIW4NKy5X2b0-00258.jpg": {"object_bounding_box": [777, 206, 303, 874], "object_presence": 1}, "P332--my-water-bottle--clutter--tOzkifgjy5QvHGA1KvfIsGVanlJgMjPbIW4NKy5X2b0-00259.jpg": {"object_bounding_box": [777, 206, 303, 874], "object_presence": 1}, "P332--my-water-bottle--clutter--tOzkifgjy5QvHGA1KvfIsGVanlJgMjPbIW4NKy5X2b0-00260.jpg": {"object_bounding_box": [775, 206, 305, 874], "object_presence": 1}, "P332--my-water-bottle--clutter--tOzkifgjy5QvHGA1KvfIsGVanlJgMjPbIW4NKy5X2b0-00261.jpg": {"object_bounding_box": [771, 211, 309, 869], "object_presence": 1}, "P332--my-water-bottle--clutter--tOzkifgjy5QvHGA1KvfIsGVanlJgMjPbIW4NKy5X2b0-00262.jpg": {"object_bounding_box": [770, 214, 310, 866], "object_presence": 1}, "P332--my-water-bottle--clutter--tOzkifgjy5QvHGA1KvfIsGVanlJgMjPbIW4NKy5X2b0-00263.jpg": {"object_bounding_box": [766, 216, 314, 864], "object_presence": 1}, "P332--my-water-bottle--clutter--tOzkifgjy5QvHGA1KvfIsGVanlJgMjPbIW4NKy5X2b0-00264.jpg": {"object_bounding_box": [762, 228, 318, 852], "object_presence": 1}, "P332--my-water-bottle--clutter--tOzkifgjy5QvHGA1KvfIsGVanlJgMjPbIW4NKy5X2b0-00265.jpg": {"object_bounding_box": [757, 234, 315, 846], "object_presence": 1}, "P332--my-water-bottle--clutter--tOzkifgjy5QvHGA1KvfIsGVanlJgMjPbIW4NKy5X2b0-00266.jpg": {"object_bounding_box": [754, 238, 316, 842], "object_presence": 1}, "P332--my-water-bottle--clutter--tOzkifgjy5QvHGA1KvfIsGVanlJgMjPbIW4NKy5X2b0-00267.jpg": {"object_bounding_box": [752, 243, 310, 837], "object_presence": 1}, "P332--my-water-bottle--clutter--tOzkifgjy5QvHGA1KvfIsGVanlJgMjPbIW4NKy5X2b0-00268.jpg": {"object_bounding_box": [746, 247, 310, 833], "object_presence": 1}, "P332--my-water-bottle--clutter--tOzkifgjy5QvHGA1KvfIsGVanlJgMjPbIW4NKy5X2b0-00269.jpg": {"object_bounding_box": [743, 247, 313, 833], "object_presence": 1}, "P332--my-water-bottle--clutter--tOzkifgjy5QvHGA1KvfIsGVanlJgMjPbIW4NKy5X2b0-00270.jpg": {"object_bounding_box": [745, 251, 311, 829], "object_presence": 1}, "P332--my-water-bottle--clutter--tOzkifgjy5QvHGA1KvfIsGVanlJgMjPbIW4NKy5X2b0-00271.jpg": {"object_bounding_box": [744, 260, 309, 820], "object_presence": 1}, "P332--my-water-bottle--clutter--tOzkifgjy5QvHGA1KvfIsGVanlJgMjPbIW4NKy5X2b0-00272.jpg": {"object_bounding_box": [744, 260, 309, 820], "object_presence": 1}, "P332--my-water-bottle--clutter--tOzkifgjy5QvHGA1KvfIsGVanlJgMjPbIW4NKy5X2b0-00273.jpg": {"object_bounding_box": [749, 260, 304, 820], "object_presence": 1}, "P332--my-water-bottle--clutter--tOzkifgjy5QvHGA1KvfIsGVanlJgMjPbIW4NKy5X2b0-00274.jpg": {"object_bounding_box": [747, 258, 306, 822], "object_presence": 1}, "P332--my-water-bottle--clutter--tOzkifgjy5QvHGA1KvfIsGVanlJgMjPbIW4NKy5X2b0-00275.jpg": {"object_bounding_box": [743, 254, 310, 826], "object_presence": 1}, "P332--my-water-bottle--clutter--tOzkifgjy5QvHGA1KvfIsGVanlJgMjPbIW4NKy5X2b0-00276.jpg": {"object_bounding_box": [735, 249, 307, 831], "object_presence": 1}, "P332--my-water-bottle--clutter--tOzkifgjy5QvHGA1KvfIsGVanlJgMjPbIW4NKy5X2b0-00277.jpg": {"object_bounding_box": [735, 245, 307, 835], "object_presence": 1}, "P332--my-water-bottle--clutter--tOzkifgjy5QvHGA1KvfIsGVanlJgMjPbIW4NKy5X2b0-00278.jpg": {"object_bounding_box": [733, 246, 307, 834], "object_presence": 1}, "P332--my-water-bottle--clutter--tOzkifgjy5QvHGA1KvfIsGVanlJgMjPbIW4NKy5X2b0-00279.jpg": {"object_bounding_box": [733, 246, 305, 834], "object_presence": 1}, "P332--my-water-bottle--clutter--tOzkifgjy5QvHGA1KvfIsGVanlJgMjPbIW4NKy5X2b0-00280.jpg": {"object_bounding_box": [733, 254, 305, 826], "object_presence": 1}, "P332--my-water-bottle--clutter--tOzkifgjy5QvHGA1KvfIsGVanlJgMjPbIW4NKy5X2b0-00281.jpg": {"object_bounding_box": [733, 258, 305, 822], "object_presence": 1}, "P332--my-water-bottle--clutter--tOzkifgjy5QvHGA1KvfIsGVanlJgMjPbIW4NKy5X2b0-00282.jpg": {"object_bounding_box": [731, 259, 306, 821], "object_presence": 1}, "P332--my-water-bottle--clutter--tOzkifgjy5QvHGA1KvfIsGVanlJgMjPbIW4NKy5X2b0-00283.jpg": {"object_bounding_box": [734, 259, 303, 821], "object_presence": 1}, "P332--my-water-bottle--clutter--tOzkifgjy5QvHGA1KvfIsGVanlJgMjPbIW4NKy5X2b0-00284.jpg": {"object_bounding_box": [737, 261, 300, 819], "object_presence": 1}, "P332--my-water-bottle--clutter--tOzkifgjy5QvHGA1KvfIsGVanlJgMjPbIW4NKy5X2b0-00285.jpg": {"object_bounding_box": [736, 265, 301, 815], "object_presence": 1}, "P332--my-water-bottle--clutter--tOzkifgjy5QvHGA1KvfIsGVanlJgMjPbIW4NKy5X2b0-00286.jpg": {"object_bounding_box": [738, 269, 298, 811], "object_presence": 1}, "P332--my-water-bottle--clutter--tOzkifgjy5QvHGA1KvfIsGVanlJgMjPbIW4NKy5X2b0-00287.jpg": {"object_bounding_box": [740, 271, 297, 809], "object_presence": 1}, "P332--my-water-bottle--clutter--tOzkifgjy5QvHGA1KvfIsGVanlJgMjPbIW4NKy5X2b0-00288.jpg": {"object_bounding_box": [740, 271, 297, 809], "object_presence": 1}, "P332--my-water-bottle--clutter--tOzkifgjy5QvHGA1KvfIsGVanlJgMjPbIW4NKy5X2b0-00289.jpg": {"object_bounding_box": [739, 278, 296, 802], "object_presence": 1}, "P332--my-water-bottle--clutter--tOzkifgjy5QvHGA1KvfIsGVanlJgMjPbIW4NKy5X2b0-00290.jpg": {"object_bounding_box": [738, 282, 293, 798], "object_presence": 1}, "P332--my-water-bottle--clutter--tOzkifgjy5QvHGA1KvfIsGVanlJgMjPbIW4NKy5X2b0-00291.jpg": {"object_bounding_box": [736, 287, 296, 793], "object_presence": 1}, "P332--my-water-bottle--clutter--tOzkifgjy5QvHGA1KvfIsGVanlJgMjPbIW4NKy5X2b0-00292.jpg": {"object_bounding_box": [736, 290, 296, 790], "object_presence": 1}, "P332--my-water-bottle--clutter--tOzkifgjy5QvHGA1KvfIsGVanlJgMjPbIW4NKy5X2b0-00293.jpg": {"object_bounding_box": [736, 293, 289, 787], "object_presence": 1}, "P332--my-water-bottle--clutter--tOzkifgjy5QvHGA1KvfIsGVanlJgMjPbIW4NKy5X2b0-00294.jpg": {"object_bounding_box": [735, 296, 291, 784], "object_presence": 1}, "P332--my-water-bottle--clutter--tOzkifgjy5QvHGA1KvfIsGVanlJgMjPbIW4NKy5X2b0-00295.jpg": {"object_bounding_box": [738, 298, 288, 782], "object_presence": 1}, "P332--my-water-bottle--clutter--tOzkifgjy5QvHGA1KvfIsGVanlJgMjPbIW4NKy5X2b0-00296.jpg": {"object_bounding_box": [739, 301, 287, 779], "object_presence": 1}, "P332--my-water-bottle--clutter--tOzkifgjy5QvHGA1KvfIsGVanlJgMjPbIW4NKy5X2b0-00297.jpg": {"object_bounding_box": [742, 301, 289, 779], "object_presence": 1}, "P332--my-water-bottle--clutter--tOzkifgjy5QvHGA1KvfIsGVanlJgMjPbIW4NKy5X2b0-00298.jpg": {"object_bounding_box": [745, 298, 287, 782], "object_presence": 1}, "P332--my-water-bottle--clutter--tOzkifgjy5QvHGA1KvfIsGVanlJgMjPbIW4NKy5X2b0-00299.jpg": {"object_bounding_box": [745, 297, 287, 783], "object_presence": 1}, "P332--my-water-bottle--clutter--tOzkifgjy5QvHGA1KvfIsGVanlJgMjPbIW4NKy5X2b0-00300.jpg": {"object_bounding_box": [745, 297, 287, 783], "object_presence": 1}, "P332--my-water-bottle--clutter--tOzkifgjy5QvHGA1KvfIsGVanlJgMjPbIW4NKy5X2b0-00301.jpg": {"object_bounding_box": [746, 297, 287, 783], "object_presence": 1}, "P332--my-water-bottle--clutter--tOzkifgjy5QvHGA1KvfIsGVanlJgMjPbIW4NKy5X2b0-00302.jpg": {"object_bounding_box": [746, 296, 286, 784], "object_presence": 1}, "P332--my-water-bottle--clutter--tOzkifgjy5QvHGA1KvfIsGVanlJgMjPbIW4NKy5X2b0-00303.jpg": {"object_bounding_box": [743, 296, 289, 784], "object_presence": 1}, "P332--my-water-bottle--clutter--tOzkifgjy5QvHGA1KvfIsGVanlJgMjPbIW4NKy5X2b0-00304.jpg": {"object_bounding_box": [739, 293, 289, 787], "object_presence": 1}, "P332--my-water-bottle--clutter--tOzkifgjy5QvHGA1KvfIsGVanlJgMjPbIW4NKy5X2b0-00305.jpg": {"object_bounding_box": [736, 291, 285, 789], "object_presence": 1}, "P332--my-water-bottle--clutter--tOzkifgjy5QvHGA1KvfIsGVanlJgMjPbIW4NKy5X2b0-00306.jpg": {"object_bounding_box": [735, 289, 286, 791], "object_presence": 1}, "P332--my-water-bottle--clutter--tOzkifgjy5QvHGA1KvfIsGVanlJgMjPbIW4NKy5X2b0-00307.jpg": {"object_bounding_box": [733, 289, 288, 791], "object_presence": 1}, "P332--my-water-bottle--clutter--tOzkifgjy5QvHGA1KvfIsGVanlJgMjPbIW4NKy5X2b0-00308.jpg": {"object_bounding_box": [730, 289, 287, 791], "object_presence": 1}, "P332--my-water-bottle--clutter--tOzkifgjy5QvHGA1KvfIsGVanlJgMjPbIW4NKy5X2b0-00309.jpg": {"object_bounding_box": [730, 289, 287, 791], "object_presence": 1}, "P332--my-water-bottle--clutter--tOzkifgjy5QvHGA1KvfIsGVanlJgMjPbIW4NKy5X2b0-00310.jpg": {"object_bounding_box": [728, 289, 287, 791], "object_presence": 1}, "P332--my-water-bottle--clutter--tOzkifgjy5QvHGA1KvfIsGVanlJgMjPbIW4NKy5X2b0-00311.jpg": {"object_bounding_box": [726, 297, 282, 783], "object_presence": 1}, "P332--my-water-bottle--clutter--tOzkifgjy5QvHGA1KvfIsGVanlJgMjPbIW4NKy5X2b0-00312.jpg": {"object_bounding_box": [724, 298, 283, 782], "object_presence": 1}, "P332--my-water-bottle--clutter--tOzkifgjy5QvHGA1KvfIsGVanlJgMjPbIW4NKy5X2b0-00313.jpg": {"object_bounding_box": [721, 298, 282, 782], "object_presence": 1}, "P332--my-water-bottle--clutter--tOzkifgjy5QvHGA1KvfIsGVanlJgMjPbIW4NKy5X2b0-00314.jpg": {"object_bounding_box": [720, 302, 282, 778], "object_presence": 1}, "P332--my-water-bottle--clutter--tOzkifgjy5QvHGA1KvfIsGVanlJgMjPbIW4NKy5X2b0-00315.jpg": {"object_bounding_box": [717, 302, 282, 778], "object_presence": 1}, "P332--my-water-bottle--clutter--tOzkifgjy5QvHGA1KvfIsGVanlJgMjPbIW4NKy5X2b0-00316.jpg": {"object_bounding_box": [714, 302, 279, 778], "object_presence": 1}, "P332--my-water-bottle--clutter--tOzkifgjy5QvHGA1KvfIsGVanlJgMjPbIW4NKy5X2b0-00317.jpg": {"object_bounding_box": [710, 304, 279, 776], "object_presence": 1}, "P332--my-water-bottle--clutter--tOzkifgjy5QvHGA1KvfIsGVanlJgMjPbIW4NKy5X2b0-00318.jpg": {"object_bounding_box": [710, 309, 277, 771], "object_presence": 1}, "P332--my-water-bottle--clutter--tOzkifgjy5QvHGA1KvfIsGVanlJgMjPbIW4NKy5X2b0-00319.jpg": {"object_bounding_box": [708, 309, 276, 771], "object_presence": 1}, "P332--my-water-bottle--clutter--tOzkifgjy5QvHGA1KvfIsGVanlJgMjPbIW4NKy5X2b0-00320.jpg": {"object_bounding_box": [706, 312, 275, 768], "object_presence": 1}, "P332--my-water-bottle--clutter--tOzkifgjy5QvHGA1KvfIsGVanlJgMjPbIW4NKy5X2b0-00321.jpg": {"object_bounding_box": [706, 312, 273, 768], "object_presence": 1}, "P332--my-water-bottle--clutter--tOzkifgjy5QvHGA1KvfIsGVanlJgMjPbIW4NKy5X2b0-00322.jpg": {"object_bounding_box": [706, 312, 272, 768], "object_presence": 1}, "P332--my-water-bottle--clutter--tOzkifgjy5QvHGA1KvfIsGVanlJgMjPbIW4NKy5X2b0-00323.jpg": {"object_bounding_box": [706, 312, 273, 768], "object_presence": 1}, "P332--my-water-bottle--clutter--tOzkifgjy5QvHGA1KvfIsGVanlJgMjPbIW4NKy5X2b0-00324.jpg": {"object_bounding_box": [706, 311, 272, 769], "object_presence": 1}, "P332--my-water-bottle--clutter--tOzkifgjy5QvHGA1KvfIsGVanlJgMjPbIW4NKy5X2b0-00325.jpg": {"object_bounding_box": [706, 311, 275, 768], "object_presence": 1}, "P332--my-water-bottle--clutter--tOzkifgjy5QvHGA1KvfIsGVanlJgMjPbIW4NKy5X2b0-00326.jpg": {"object_bounding_box": [707, 310, 276, 768], "object_presence": 1}, "P332--my-water-bottle--clutter--tOzkifgjy5QvHGA1KvfIsGVanlJgMjPbIW4NKy5X2b0-00327.jpg": {"object_bounding_box": [708, 311, 276, 769], "object_presence": 1}, "P332--my-water-bottle--clutter--tOzkifgjy5QvHGA1KvfIsGVanlJgMjPbIW4NKy5X2b0-00328.jpg": {"object_bounding_box": [711, 314, 273, 766], "object_presence": 1}, "P332--my-water-bottle--clutter--tOzkifgjy5QvHGA1KvfIsGVanlJgMjPbIW4NKy5X2b0-00329.jpg": {"object_bounding_box": [712, 315, 273, 765], "object_presence": 1}, "P332--my-water-bottle--clutter--tOzkifgjy5QvHGA1KvfIsGVanlJgMjPbIW4NKy5X2b0-00330.jpg": {"object_bounding_box": [711, 316, 273, 764], "object_presence": 1}, "P332--my-water-bottle--clutter--tOzkifgjy5QvHGA1KvfIsGVanlJgMjPbIW4NKy5X2b0-00331.jpg": {"object_bounding_box": [714, 320, 271, 760], "object_presence": 1}, "P332--my-water-bottle--clutter--tOzkifgjy5QvHGA1KvfIsGVanlJgMjPbIW4NKy5X2b0-00332.jpg": {"object_bounding_box": [713, 323, 273, 757], "object_presence": 1}, "P332--my-water-bottle--clutter--tOzkifgjy5QvHGA1KvfIsGVanlJgMjPbIW4NKy5X2b0-00333.jpg": {"object_bounding_box": [716, 324, 271, 750], "object_presence": 1}, "P332--my-water-bottle--clutter--tOzkifgjy5QvHGA1KvfIsGVanlJgMjPbIW4NKy5X2b0-00334.jpg": {"object_bounding_box": [715, 327, 271, 753], "object_presence": 1}, "P332--my-water-bottle--clutter--tOzkifgjy5QvHGA1KvfIsGVanlJgMjPbIW4NKy5X2b0-00335.jpg": {"object_bounding_box": [716, 326, 271, 754], "object_presence": 1}, "P332--my-water-bottle--clutter--tOzkifgjy5QvHGA1KvfIsGVanlJgMjPbIW4NKy5X2b0-00336.jpg": {"object_bounding_box": [716, 322, 271, 758], "object_presence": 1}, "P332--my-water-bottle--clutter--tOzkifgjy5QvHGA1KvfIsGVanlJgMjPbIW4NKy5X2b0-00337.jpg": {"object_bounding_box": [716, 316, 271, 764], "object_presence": 1}, "P332--my-water-bottle--clutter--tOzkifgjy5QvHGA1KvfIsGVanlJgMjPbIW4NKy5X2b0-00338.jpg": {"object_bounding_box": [716, 314, 271, 766], "object_presence": 1}, "P332--my-water-bottle--clutter--tOzkifgjy5QvHGA1KvfIsGVanlJgMjPbIW4NKy5X2b0-00339.jpg": {"object_bounding_box": [718, 313, 271, 767], "object_presence": 1}, "P332--my-water-bottle--clutter--tOzkifgjy5QvHGA1KvfIsGVanlJgMjPbIW4NKy5X2b0-00340.jpg": {"object_bounding_box": [717, 314, 271, 766], "object_presence": 1}, "P332--my-water-bottle--clutter--tOzkifgjy5QvHGA1KvfIsGVanlJgMjPbIW4NKy5X2b0-00341.jpg": {"object_bounding_box": [718, 313, 271, 767], "object_presence": 1}, "P332--my-water-bottle--clutter--tOzkifgjy5QvHGA1KvfIsGVanlJgMjPbIW4NKy5X2b0-00342.jpg": {"object_bounding_box": [718, 311, 269, 769], "object_presence": 1}, "P332--my-water-bottle--clutter--tOzkifgjy5QvHGA1KvfIsGVanlJgMjPbIW4NKy5X2b0-00343.jpg": {"object_bounding_box": [718, 310, 272, 770], "object_presence": 1}, "P332--my-water-bottle--clutter--tOzkifgjy5QvHGA1KvfIsGVanlJgMjPbIW4NKy5X2b0-00344.jpg": {"object_bounding_box": [718, 312, 271, 768], "object_presence": 1}, "P332--my-water-bottle--clutter--tOzkifgjy5QvHGA1KvfIsGVanlJgMjPbIW4NKy5X2b0-00345.jpg": {"object_bounding_box": [721, 314, 271, 766], "object_presence": 1}, "P332--my-water-bottle--clutter--tOzkifgjy5QvHGA1KvfIsGVanlJgMjPbIW4NKy5X2b0-00346.jpg": {"object_bounding_box": [721, 317, 271, 763], "object_presence": 1}, "P332--my-water-bottle--clutter--tOzkifgjy5QvHGA1KvfIsGVanlJgMjPbIW4NKy5X2b0-00347.jpg": {"object_bounding_box": [724, 317, 269, 763], "object_presence": 1}, "P332--my-water-bottle--clutter--tOzkifgjy5QvHGA1KvfIsGVanlJgMjPbIW4NKy5X2b0-00348.jpg": {"object_bounding_box": [723, 319, 269, 761], "object_presence": 1}, "P332--my-water-bottle--clutter--tOzkifgjy5QvHGA1KvfIsGVanlJgMjPbIW4NKy5X2b0-00349.jpg": {"object_bounding_box": [723, 323, 270, 757], "object_presence": 1}, "P332--my-water-bottle--clutter--tOzkifgjy5QvHGA1KvfIsGVanlJgMjPbIW4NKy5X2b0-00350.jpg": {"object_bounding_box": [721, 325, 271, 755], "object_presence": 1}, "P332--my-water-bottle--clutter--tOzkifgjy5QvHGA1KvfIsGVanlJgMjPbIW4NKy5X2b0-00351.jpg": {"object_bounding_box": [719, 327, 271, 753], "object_presence": 1}, "P332--my-water-bottle--clutter--tOzkifgjy5QvHGA1KvfIsGVanlJgMjPbIW4NKy5X2b0-00352.jpg": {"object_bounding_box": [717, 331, 269, 749], "object_presence": 1}, "P332--my-water-bottle--clutter--tOzkifgjy5QvHGA1KvfIsGVanlJgMjPbIW4NKy5X2b0-00353.jpg": {"object_bounding_box": [716, 330, 269, 750], "object_presence": 1}, "P332--my-water-bottle--clutter--tOzkifgjy5QvHGA1KvfIsGVanlJgMjPbIW4NKy5X2b0-00354.jpg": {"object_bounding_box": [714, 332, 269, 748], "object_presence": 1}, "P332--my-water-bottle--clutter--tOzkifgjy5QvHGA1KvfIsGVanlJgMjPbIW4NKy5X2b0-00355.jpg": {"object_bounding_box": [712, 336, 269, 744], "object_presence": 1}, "P332--my-water-bottle--clutter--tOzkifgjy5QvHGA1KvfIsGVanlJgMjPbIW4NKy5X2b0-00356.jpg": {"object_bounding_box": [713, 335, 269, 745], "object_presence": 1}, "P332--my-water-bottle--clutter--tOzkifgjy5QvHGA1KvfIsGVanlJgMjPbIW4NKy5X2b0-00357.jpg": {"object_bounding_box": [714, 337, 267, 743], "object_presence": 1}, "P332--my-water-bottle--clutter--tOzkifgjy5QvHGA1KvfIsGVanlJgMjPbIW4NKy5X2b0-00358.jpg": {"object_bounding_box": [717, 339, 264, 741], "object_presence": 1}, "P332--my-water-bottle--clutter--tOzkifgjy5QvHGA1KvfIsGVanlJgMjPbIW4NKy5X2b0-00359.jpg": {"object_bounding_box": [721, 336, 267, 744], "object_presence": 1}, "P332--my-water-bottle--clutter--tOzkifgjy5QvHGA1KvfIsGVanlJgMjPbIW4NKy5X2b0-00360.jpg": {"object_bounding_box": [726, 338, 264, 742], "object_presence": 1}, "P332--my-water-bottle--clutter--tOzkifgjy5QvHGA1KvfIsGVanlJgMjPbIW4NKy5X2b0-00361.jpg": {"object_bounding_box": [728, 335, 266, 745], "object_presence": 1}, "P332--my-water-bottle--clutter--tOzkifgjy5QvHGA1KvfIsGVanlJgMjPbIW4NKy5X2b0-00362.jpg": {"object_bounding_box": [730, 333, 267, 747], "object_presence": 1}, "P332--my-water-bottle--clutter--tOzkifgjy5QvHGA1KvfIsGVanlJgMjPbIW4NKy5X2b0-00363.jpg": {"object_bounding_box": [731, 331, 266, 749], "object_presence": 1}, "P332--my-water-bottle--clutter--tOzkifgjy5QvHGA1KvfIsGVanlJgMjPbIW4NKy5X2b0-00364.jpg": {"object_bounding_box": [732, 330, 266, 750], "object_presence": 1}, "P332--my-water-bottle--clutter--tOzkifgjy5QvHGA1KvfIsGVanlJgMjPbIW4NKy5X2b0-00365.jpg": {"object_bounding_box": [734, 330, 267, 750], "object_presence": 1}, "P332--my-water-bottle--clutter--tOzkifgjy5QvHGA1KvfIsGVanlJgMjPbIW4NKy5X2b0-00366.jpg": {"object_bounding_box": [733, 330, 267, 750], "object_presence": 1}, "P332--my-water-bottle--clutter--tOzkifgjy5QvHGA1KvfIsGVanlJgMjPbIW4NKy5X2b0-00367.jpg": {"object_bounding_box": [733, 329, 267, 751], "object_presence": 1}, "P332--my-water-bottle--clutter--tOzkifgjy5QvHGA1KvfIsGVanlJgMjPbIW4NKy5X2b0-00368.jpg": {"object_bounding_box": [736, 331, 267, 749], "object_presence": 1}, "P332--my-water-bottle--clutter--tOzkifgjy5QvHGA1KvfIsGVanlJgMjPbIW4NKy5X2b0-00369.jpg": {"object_bounding_box": [734, 334, 267, 746], "object_presence": 1}, "P332--my-water-bottle--clutter--tOzkifgjy5QvHGA1KvfIsGVanlJgMjPbIW4NKy5X2b0-00370.jpg": {"object_bounding_box": [729, 338, 267, 742], "object_presence": 1}, "P332--my-water-bottle--clutter--tOzkifgjy5QvHGA1KvfIsGVanlJgMjPbIW4NKy5X2b0-00371.jpg": {"object_bounding_box": [726, 342, 267, 738], "object_presence": 1}, "P332--my-water-bottle--clutter--tOzkifgjy5QvHGA1KvfIsGVanlJgMjPbIW4NKy5X2b0-00372.jpg": {"object_bounding_box": [724, 345, 264, 735], "object_presence": 1}, "P332--my-water-bottle--clutter--tOzkifgjy5QvHGA1KvfIsGVanlJgMjPbIW4NKy5X2b0-00373.jpg": {"object_bounding_box": [720, 345, 266, 735], "object_presence": 1}, "P332--my-water-bottle--clutter--tOzkifgjy5QvHGA1KvfIsGVanlJgMjPbIW4NKy5X2b0-00374.jpg": {"object_bounding_box": [717, 347, 263, 732], "object_presence": 1}, "P332--my-water-bottle--clutter--tOzkifgjy5QvHGA1KvfIsGVanlJgMjPbIW4NKy5X2b0-00375.jpg": {"object_bounding_box": [716, 348, 263, 732], "object_presence": 1}, "P332--my-water-bottle--clutter--tOzkifgjy5QvHGA1KvfIsGVanlJgMjPbIW4NKy5X2b0-00376.jpg": {"object_bounding_box": [715, 346, 264, 733], "object_presence": 1}, "P332--my-water-bottle--clutter--tOzkifgjy5QvHGA1KvfIsGVanlJgMjPbIW4NKy5X2b0-00377.jpg": {"object_bounding_box": [714, 347, 264, 733], "object_presence": 1}, "P332--my-water-bottle--clutter--tOzkifgjy5QvHGA1KvfIsGVanlJgMjPbIW4NKy5X2b0-00378.jpg": {"object_bounding_box": [715, 349, 264, 731], "object_presence": 1}, "P332--my-water-bottle--clutter--tOzkifgjy5QvHGA1KvfIsGVanlJgMjPbIW4NKy5X2b0-00379.jpg": {"object_bounding_box": [713, 348, 264, 732], "object_presence": 1}, "P332--my-water-bottle--clutter--tOzkifgjy5QvHGA1KvfIsGVanlJgMjPbIW4NKy5X2b0-00380.jpg": {"object_bounding_box": [715, 349, 261, 731], "object_presence": 1}, "P332--my-water-bottle--clutter--tOzkifgjy5QvHGA1KvfIsGVanlJgMjPbIW4NKy5X2b0-00381.jpg": {"object_bounding_box": [713, 352, 261, 728], "object_presence": 1}, "P332--my-water-bottle--clutter--tOzkifgjy5QvHGA1KvfIsGVanlJgMjPbIW4NKy5X2b0-00382.jpg": {"object_bounding_box": [710, 354, 261, 726], "object_presence": 1}, "P332--my-water-bottle--clutter--tOzkifgjy5QvHGA1KvfIsGVanlJgMjPbIW4NKy5X2b0-00383.jpg": {"object_bounding_box": [707, 354, 261, 726], "object_presence": 1}, "P332--my-water-bottle--clutter--tOzkifgjy5QvHGA1KvfIsGVanlJgMjPbIW4NKy5X2b0-00384.jpg": {"object_bounding_box": [705, 353, 262, 727], "object_presence": 1}, "P332--my-water-bottle--clutter--tOzkifgjy5QvHGA1KvfIsGVanlJgMjPbIW4NKy5X2b0-00385.jpg": {"object_bounding_box": [702, 357, 262, 723], "object_presence": 1}, "P332--my-water-bottle--clutter--tOzkifgjy5QvHGA1KvfIsGVanlJgMjPbIW4NKy5X2b0-00386.jpg": {"object_bounding_box": [699, 357, 256, 723], "object_presence": 1}, "P332--my-water-bottle--clutter--tOzkifgjy5QvHGA1KvfIsGVanlJgMjPbIW4NKy5X2b0-00387.jpg": {"object_bounding_box": [696, 359, 256, 721], "object_presence": 1}, "P332--my-water-bottle--clutter--tOzkifgjy5QvHGA1KvfIsGVanlJgMjPbIW4NKy5X2b0-00388.jpg": {"object_bounding_box": [693, 362, 257, 718], "object_presence": 1}, "P332--my-water-bottle--clutter--tOzkifgjy5QvHGA1KvfIsGVanlJgMjPbIW4NKy5X2b0-00389.jpg": {"object_bounding_box": [690, 366, 257, 714], "object_presence": 1}, "P332--my-water-bottle--clutter--tOzkifgjy5QvHGA1KvfIsGVanlJgMjPbIW4NKy5X2b0-00390.jpg": {"object_bounding_box": [689, 370, 257, 710], "object_presence": 1}, "P332--my-water-bottle--clutter--tOzkifgjy5QvHGA1KvfIsGVanlJgMjPbIW4NKy5X2b0-00391.jpg": {"object_bounding_box": [687, 372, 257, 708], "object_presence": 1}, "P332--my-water-bottle--clutter--tOzkifgjy5QvHGA1KvfIsGVanlJgMjPbIW4NKy5X2b0-00392.jpg": {"object_bounding_box": [685, 376, 257, 704], "object_presence": 1}, "P332--my-water-bottle--clutter--tOzkifgjy5QvHGA1KvfIsGVanlJgMjPbIW4NKy5X2b0-00393.jpg": {"object_bounding_box": [683, 378, 257, 702], "object_presence": 1}, "P332--my-water-bottle--clutter--tOzkifgjy5QvHGA1KvfIsGVanlJgMjPbIW4NKy5X2b0-00394.jpg": {"object_bounding_box": [680, 383, 253, 697], "object_presence": 1}, "P332--my-water-bottle--clutter--tOzkifgjy5QvHGA1KvfIsGVanlJgMjPbIW4NKy5X2b0-00395.jpg": {"object_bounding_box": [678, 381, 253, 698], "object_presence": 1}, "P332--my-water-bottle--clutter--tOzkifgjy5QvHGA1KvfIsGVanlJgMjPbIW4NKy5X2b0-00396.jpg": {"object_bounding_box": [676, 380, 253, 700], "object_presence": 1}, "P332--my-water-bottle--clutter--tOzkifgjy5QvHGA1KvfIsGVanlJgMjPbIW4NKy5X2b0-00397.jpg": {"object_bounding_box": [678, 379, 253, 701], "object_presence": 1}, "P332--my-water-bottle--clutter--tOzkifgjy5QvHGA1KvfIsGVanlJgMjPbIW4NKy5X2b0-00398.jpg": {"object_bounding_box": [680, 378, 253, 702], "object_presence": 1}, "P332--my-water-bottle--clutter--tOzkifgjy5QvHGA1KvfIsGVanlJgMjPbIW4NKy5X2b0-00399.jpg": {"object_bounding_box": [687, 378, 253, 702], "object_presence": 1}, "P332--my-water-bottle--clutter--tOzkifgjy5QvHGA1KvfIsGVanlJgMjPbIW4NKy5X2b0-00400.jpg": {"object_bounding_box": [689, 375, 253, 705], "object_presence": 1}, "P332--my-water-bottle--clutter--tOzkifgjy5QvHGA1KvfIsGVanlJgMjPbIW4NKy5X2b0-00401.jpg": {"object_bounding_box": [689, 376, 254, 703], "object_presence": 1}, "P332--my-water-bottle--clutter--tOzkifgjy5QvHGA1KvfIsGVanlJgMjPbIW4NKy5X2b0-00402.jpg": {"object_bounding_box": [689, 371, 254, 709], "object_presence": 1}, "P332--my-water-bottle--clutter--tOzkifgjy5QvHGA1KvfIsGVanlJgMjPbIW4NKy5X2b0-00403.jpg": {"object_bounding_box": [691, 368, 254, 712], "object_presence": 1}, "P332--my-water-bottle--clutter--tOzkifgjy5QvHGA1KvfIsGVanlJgMjPbIW4NKy5X2b0-00404.jpg": {"object_bounding_box": [692, 365, 254, 715], "object_presence": 1}, "P332--my-water-bottle--clutter--tOzkifgjy5QvHGA1KvfIsGVanlJgMjPbIW4NKy5X2b0-00405.jpg": {"object_bounding_box": [693, 365, 254, 715], "object_presence": 1}, "P332--my-water-bottle--clutter--tOzkifgjy5QvHGA1KvfIsGVanlJgMjPbIW4NKy5X2b0-00406.jpg": {"object_bounding_box": [694, 367, 254, 713], "object_presence": 1}, "P332--my-water-bottle--clutter--tOzkifgjy5QvHGA1KvfIsGVanlJgMjPbIW4NKy5X2b0-00407.jpg": {"object_bounding_box": [696, 370, 255, 710], "object_presence": 1}, "P332--my-water-bottle--clutter--tOzkifgjy5QvHGA1KvfIsGVanlJgMjPbIW4NKy5X2b0-00408.jpg": {"object_bounding_box": [703, 369, 255, 711], "object_presence": 1}, "P332--my-water-bottle--clutter--tOzkifgjy5QvHGA1KvfIsGVanlJgMjPbIW4NKy5X2b0-00409.jpg": {"object_bounding_box": [709, 369, 255, 711], "object_presence": 1}, "P332--my-water-bottle--clutter--tOzkifgjy5QvHGA1KvfIsGVanlJgMjPbIW4NKy5X2b0-00410.jpg": {"object_bounding_box": [711, 368, 255, 712], "object_presence": 1}, "P332--my-water-bottle--clutter--tOzkifgjy5QvHGA1KvfIsGVanlJgMjPbIW4NKy5X2b0-00411.jpg": {"object_bounding_box": [718, 362, 252, 718], "object_presence": 1}, "P332--my-water-bottle--clutter--tOzkifgjy5QvHGA1KvfIsGVanlJgMjPbIW4NKy5X2b0-00412.jpg": {"object_bounding_box": [719, 361, 252, 719], "object_presence": 1}, "P332--my-water-bottle--clutter--tOzkifgjy5QvHGA1KvfIsGVanlJgMjPbIW4NKy5X2b0-00413.jpg": {"object_bounding_box": [720, 360, 252, 720], "object_presence": 1}, "P332--my-water-bottle--clutter--tOzkifgjy5QvHGA1KvfIsGVanlJgMjPbIW4NKy5X2b0-00414.jpg": {"object_bounding_box": [720, 362, 252, 718], "object_presence": 1}, "P332--my-water-bottle--clutter--tOzkifgjy5QvHGA1KvfIsGVanlJgMjPbIW4NKy5X2b0-00415.jpg": {"object_bounding_box": [718, 366, 252, 714], "object_presence": 1}, "P332--my-water-bottle--clutter--tOzkifgjy5QvHGA1KvfIsGVanlJgMjPbIW4NKy5X2b0-00416.jpg": {"object_bounding_box": [714, 372, 253, 708], "object_presence": 1}, "P332--my-water-bottle--clutter--tOzkifgjy5QvHGA1KvfIsGVanlJgMjPbIW4NKy5X2b0-00417.jpg": {"object_bounding_box": [713, 375, 253, 705], "object_presence": 1}, "P332--my-water-bottle--clutter--tOzkifgjy5QvHGA1KvfIsGVanlJgMjPbIW4NKy5X2b0-00418.jpg": {"object_bounding_box": [712, 374, 253, 705], "object_presence": 1}, "P332--my-water-bottle--clutter--tOzkifgjy5QvHGA1KvfIsGVanlJgMjPbIW4NKy5X2b0-00419.jpg": {"object_bounding_box": [712, 374, 253, 706], "object_presence": 1}, "P332--my-water-bottle--clutter--tOzkifgjy5QvHGA1KvfIsGVanlJgMjPbIW4NKy5X2b0-00420.jpg": {"object_bounding_box": [715, 374, 253, 706], "object_presence": 1}, "P332--my-water-bottle--clutter--tOzkifgjy5QvHGA1KvfIsGVanlJgMjPbIW4NKy5X2b0-00421.jpg": {"object_bounding_box": [717, 373, 253, 707], "object_presence": 1}, "P332--my-water-bottle--clutter--tOzkifgjy5QvHGA1KvfIsGVanlJgMjPbIW4NKy5X2b0-00422.jpg": {"object_bounding_box": [719, 372, 254, 708], "object_presence": 1}, "P332--my-water-bottle--clutter--tOzkifgjy5QvHGA1KvfIsGVanlJgMjPbIW4NKy5X2b0-00423.jpg": {"object_bounding_box": [719, 375, 254, 705], "object_presence": 1}, "P332--my-water-bottle--clutter--tOzkifgjy5QvHGA1KvfIsGVanlJgMjPbIW4NKy5X2b0-00424.jpg": {"object_bounding_box": [719, 375, 254, 705], "object_presence": 1}, "P332--my-water-bottle--clutter--tOzkifgjy5QvHGA1KvfIsGVanlJgMjPbIW4NKy5X2b0-00425.jpg": {"object_bounding_box": [716, 379, 254, 701], "object_presence": 1}, "P332--my-water-bottle--clutter--tOzkifgjy5QvHGA1KvfIsGVanlJgMjPbIW4NKy5X2b0-00426.jpg": {"object_bounding_box": [713, 381, 254, 699], "object_presence": 1}, "P332--my-water-bottle--clutter--tOzkifgjy5QvHGA1KvfIsGVanlJgMjPbIW4NKy5X2b0-00427.jpg": {"object_bounding_box": [709, 384, 255, 696], "object_presence": 1}, "P332--my-water-bottle--clutter--tOzkifgjy5QvHGA1KvfIsGVanlJgMjPbIW4NKy5X2b0-00428.jpg": {"object_bounding_box": [708, 389, 255, 691], "object_presence": 1}, "P332--my-water-bottle--clutter--tOzkifgjy5QvHGA1KvfIsGVanlJgMjPbIW4NKy5X2b0-00429.jpg": {"object_bounding_box": [708, 390, 252, 690], "object_presence": 1}, "P332--my-water-bottle--clutter--tOzkifgjy5QvHGA1KvfIsGVanlJgMjPbIW4NKy5X2b0-00430.jpg": {"object_bounding_box": [710, 393, 248, 687], "object_presence": 1}, "P332--my-water-bottle--clutter--tOzkifgjy5QvHGA1KvfIsGVanlJgMjPbIW4NKy5X2b0-00431.jpg": {"object_bounding_box": [712, 396, 251, 684], "object_presence": 1}, "P332--my-water-bottle--clutter--tOzkifgjy5QvHGA1KvfIsGVanlJgMjPbIW4NKy5X2b0-00432.jpg": {"object_bounding_box": [715, 399, 251, 681], "object_presence": 1}, "P332--my-water-bottle--clutter--tOzkifgjy5QvHGA1KvfIsGVanlJgMjPbIW4NKy5X2b0-00433.jpg": {"object_bounding_box": [715, 405, 251, 675], "object_presence": 1}, "P332--my-water-bottle--clutter--tOzkifgjy5QvHGA1KvfIsGVanlJgMjPbIW4NKy5X2b0-00434.jpg": {"object_bounding_box": [715, 411, 252, 667], "object_presence": 1}, "P332--my-water-bottle--clutter--tOzkifgjy5QvHGA1KvfIsGVanlJgMjPbIW4NKy5X2b0-00435.jpg": {"object_bounding_box": [714, 412, 250, 668], "object_presence": 1}, "P332--my-water-bottle--clutter--tOzkifgjy5QvHGA1KvfIsGVanlJgMjPbIW4NKy5X2b0-00436.jpg": {"object_bounding_box": [712, 415, 250, 665], "object_presence": 1}, "P332--my-water-bottle--clutter--tOzkifgjy5QvHGA1KvfIsGVanlJgMjPbIW4NKy5X2b0-00437.jpg": {"object_bounding_box": [709, 417, 251, 663], "object_presence": 1}, "P332--my-water-bottle--clutter--tOzkifgjy5QvHGA1KvfIsGVanlJgMjPbIW4NKy5X2b0-00438.jpg": {"object_bounding_box": [708, 416, 251, 664], "object_presence": 1}, "P332--my-water-bottle--clutter--tOzkifgjy5QvHGA1KvfIsGVanlJgMjPbIW4NKy5X2b0-00439.jpg": {"object_bounding_box": [707, 419, 247, 661], "object_presence": 1}, "P332--my-water-bottle--clutter--tOzkifgjy5QvHGA1KvfIsGVanlJgMjPbIW4NKy5X2b0-00440.jpg": {"object_bounding_box": [705, 422, 246, 658], "object_presence": 1}, "P332--my-water-bottle--clutter--tOzkifgjy5QvHGA1KvfIsGVanlJgMjPbIW4NKy5X2b0-00441.jpg": {"object_bounding_box": [704, 421, 246, 659], "object_presence": 1}, "P332--my-water-bottle--clutter--tOzkifgjy5QvHGA1KvfIsGVanlJgMjPbIW4NKy5X2b0-00442.jpg": {"object_bounding_box": [703, 423, 245, 657], "object_presence": 1}, "P332--my-water-bottle--clutter--tOzkifgjy5QvHGA1KvfIsGVanlJgMjPbIW4NKy5X2b0-00443.jpg": {"object_bounding_box": [701, 426, 245, 654], "object_presence": 1}, "P332--my-water-bottle--clutter--tOzkifgjy5QvHGA1KvfIsGVanlJgMjPbIW4NKy5X2b0-00444.jpg": {"object_bounding_box": [699, 427, 245, 653], "object_presence": 1}, "P332--my-water-bottle--clutter--tOzkifgjy5QvHGA1KvfIsGVanlJgMjPbIW4NKy5X2b0-00445.jpg": {"object_bounding_box": [696, 430, 246, 650], "object_presence": 1}, "P332--my-water-bottle--clutter--tOzkifgjy5QvHGA1KvfIsGVanlJgMjPbIW4NKy5X2b0-00446.jpg": {"object_bounding_box": [692, 432, 246, 648], "object_presence": 1}, "P332--my-water-bottle--clutter--tOzkifgjy5QvHGA1KvfIsGVanlJgMjPbIW4NKy5X2b0-00447.jpg": {"object_bounding_box": [687, 431, 246, 649], "object_presence": 1}, "P332--my-water-bottle--clutter--tOzkifgjy5QvHGA1KvfIsGVanlJgMjPbIW4NKy5X2b0-00448.jpg": {"object_bounding_box": [685, 428, 242, 652], "object_presence": 1}, "P332--my-water-bottle--clutter--tOzkifgjy5QvHGA1KvfIsGVanlJgMjPbIW4NKy5X2b0-00449.jpg": {"object_bounding_box": [682, 427, 242, 653], "object_presence": 1}, "P332--my-water-bottle--clutter--tOzkifgjy5QvHGA1KvfIsGVanlJgMjPbIW4NKy5X2b0-00450.jpg": {"object_bounding_box": [680, 427, 242, 653], "object_presence": 1}, "P332--my-water-bottle--clutter--tOzkifgjy5QvHGA1KvfIsGVanlJgMjPbIW4NKy5X2b0-00451.jpg": {"object_bounding_box": [676, 425, 243, 654], "object_presence": 1}, "P332--my-water-bottle--clutter--tOzkifgjy5QvHGA1KvfIsGVanlJgMjPbIW4NKy5X2b0-00452.jpg": {"object_bounding_box": [675, 425, 243, 655], "object_presence": 1}, "P332--my-water-bottle--clutter--tOzkifgjy5QvHGA1KvfIsGVanlJgMjPbIW4NKy5X2b0-00453.jpg": {"object_bounding_box": [675, 419, 243, 661], "object_presence": 1}, "P332--my-water-bottle--clutter--tOzkifgjy5QvHGA1KvfIsGVanlJgMjPbIW4NKy5X2b0-00454.jpg": {"object_bounding_box": [674, 418, 244, 662], "object_presence": 1}, "P332--my-water-bottle--clutter--tOzkifgjy5QvHGA1KvfIsGVanlJgMjPbIW4NKy5X2b0-00455.jpg": {"object_bounding_box": [677, 417, 238, 663], "object_presence": 1}, "P332--my-water-bottle--clutter--tOzkifgjy5QvHGA1KvfIsGVanlJgMjPbIW4NKy5X2b0-00456.jpg": {"object_bounding_box": [678, 417, 242, 663], "object_presence": 1}, "P332--my-water-bottle--clutter--tOzkifgjy5QvHGA1KvfIsGVanlJgMjPbIW4NKy5X2b0-00457.jpg": {"object_bounding_box": [680, 418, 238, 662], "object_presence": 1}, "P332--my-water-bottle--clutter--tOzkifgjy5QvHGA1KvfIsGVanlJgMjPbIW4NKy5X2b0-00458.jpg": {"object_bounding_box": [678, 417, 240, 662], "object_presence": 1}, "P332--my-water-bottle--clutter--tOzkifgjy5QvHGA1KvfIsGVanlJgMjPbIW4NKy5X2b0-00459.jpg": {"object_bounding_box": [673, 415, 244, 663], "object_presence": 1}, "P332--my-water-bottle--clutter--tOzkifgjy5QvHGA1KvfIsGVanlJgMjPbIW4NKy5X2b0-00460.jpg": {"object_bounding_box": [669, 415, 246, 663], "object_presence": 1}, "P332--my-water-bottle--clutter--tOzkifgjy5QvHGA1KvfIsGVanlJgMjPbIW4NKy5X2b0-00461.jpg": {"object_bounding_box": [670, 418, 245, 662], "object_presence": 1}, "P332--my-water-bottle--clutter--tOzkifgjy5QvHGA1KvfIsGVanlJgMjPbIW4NKy5X2b0-00462.jpg": {"object_bounding_box": [667, 421, 248, 659], "object_presence": 1}, "P332--my-water-bottle--clutter--tOzkifgjy5QvHGA1KvfIsGVanlJgMjPbIW4NKy5X2b0-00463.jpg": {"object_bounding_box": [668, 418, 246, 662], "object_presence": 1}, "P332--my-water-bottle--clutter--tOzkifgjy5QvHGA1KvfIsGVanlJgMjPbIW4NKy5X2b0-00464.jpg": {"object_bounding_box": [668, 414, 246, 666], "object_presence": 1}, "P332--my-water-bottle--clutter--tOzkifgjy5QvHGA1KvfIsGVanlJgMjPbIW4NKy5X2b0-00465.jpg": {"object_bounding_box": [672, 412, 243, 668], "object_presence": 1}, "P332--my-water-bottle--clutter--tOzkifgjy5QvHGA1KvfIsGVanlJgMjPbIW4NKy5X2b0-00466.jpg": {"object_bounding_box": [673, 406, 243, 674], "object_presence": 1}, "P332--my-water-bottle--clutter--tOzkifgjy5QvHGA1KvfIsGVanlJgMjPbIW4NKy5X2b0-00467.jpg": {"object_bounding_box": [663, 405, 249, 675], "object_presence": 1}, "P332--my-water-bottle--clutter--tOzkifgjy5QvHGA1KvfIsGVanlJgMjPbIW4NKy5X2b0-00468.jpg": {"object_bounding_box": [663, 403, 244, 677], "object_presence": 1}, "P332--my-water-bottle--clutter--tOzkifgjy5QvHGA1KvfIsGVanlJgMjPbIW4NKy5X2b0-00469.jpg": {"object_bounding_box": [663, 402, 244, 678], "object_presence": 1}, "P332--my-water-bottle--clutter--tOzkifgjy5QvHGA1KvfIsGVanlJgMjPbIW4NKy5X2b0-00470.jpg": {"object_bounding_box": [660, 401, 245, 679], "object_presence": 1}, "P332--my-water-bottle--clutter--tOzkifgjy5QvHGA1KvfIsGVanlJgMjPbIW4NKy5X2b0-00471.jpg": {"object_bounding_box": [655, 400, 248, 680], "object_presence": 1}, "P332--my-water-bottle--clutter--tOzkifgjy5QvHGA1KvfIsGVanlJgMjPbIW4NKy5X2b0-00472.jpg": {"object_bounding_box": [651, 399, 253, 681], "object_presence": 1}, "P332--my-water-bottle--clutter--tOzkifgjy5QvHGA1KvfIsGVanlJgMjPbIW4NKy5X2b0-00473.jpg": {"object_bounding_box": [652, 398, 254, 682], "object_presence": 1}, "P332--my-water-bottle--clutter--tOzkifgjy5QvHGA1KvfIsGVanlJgMjPbIW4NKy5X2b0-00474.jpg": {"object_bounding_box": [657, 395, 247, 683], "object_presence": 1}, "P332--my-water-bottle--clutter--tOzkifgjy5QvHGA1KvfIsGVanlJgMjPbIW4NKy5X2b0-00475.jpg": {"object_bounding_box": [655, 393, 249, 684], "object_presence": 1}, "P332--my-water-bottle--clutter--tOzkifgjy5QvHGA1KvfIsGVanlJgMjPbIW4NKy5X2b0-00476.jpg": {"object_bounding_box": [653, 390, 249, 690], "object_presence": 1}, "P332--my-water-bottle--clutter--tOzkifgjy5QvHGA1KvfIsGVanlJgMjPbIW4NKy5X2b0-00477.jpg": {"object_bounding_box": [647, 394, 260, 686], "object_presence": 1}, "P332--my-water-bottle--clutter--tOzkifgjy5QvHGA1KvfIsGVanlJgMjPbIW4NKy5X2b0-00478.jpg": {"object_bounding_box": [657, 393, 247, 687], "object_presence": 1}, "P332--my-water-bottle--clutter--tOzkifgjy5QvHGA1KvfIsGVanlJgMjPbIW4NKy5X2b0-00479.jpg": {"object_bounding_box": [658, 389, 246, 691], "object_presence": 1}, "P332--my-water-bottle--clutter--tOzkifgjy5QvHGA1KvfIsGVanlJgMjPbIW4NKy5X2b0-00480.jpg": {"object_bounding_box": [654, 388, 249, 692], "object_presence": 1}, "P332--my-water-bottle--clutter--tOzkifgjy5QvHGA1KvfIsGVanlJgMjPbIW4NKy5X2b0-00481.jpg": {"object_bounding_box": [655, 387, 247, 693], "object_presence": 1}, "P332--my-water-bottle--clutter--tOzkifgjy5QvHGA1KvfIsGVanlJgMjPbIW4NKy5X2b0-00482.jpg": {"object_bounding_box": [656, 389, 247, 691], "object_presence": 1}, "P332--my-water-bottle--clutter--tOzkifgjy5QvHGA1KvfIsGVanlJgMjPbIW4NKy5X2b0-00483.jpg": {"object_bounding_box": [660, 390, 245, 690], "object_presence": 1}, "P332--my-water-bottle--clutter--tOzkifgjy5QvHGA1KvfIsGVanlJgMjPbIW4NKy5X2b0-00484.jpg": {"object_bounding_box": [658, 394, 250, 686], "object_presence": 1}, "P332--my-water-bottle--clutter--tOzkifgjy5QvHGA1KvfIsGVanlJgMjPbIW4NKy5X2b0-00485.jpg": {"object_bounding_box": [662, 396, 248, 684], "object_presence": 1}, "P332--my-water-bottle--clutter--tOzkifgjy5QvHGA1KvfIsGVanlJgMjPbIW4NKy5X2b0-00486.jpg": {"object_bounding_box": [664, 395, 248, 685], "object_presence": 1}, "P332--my-water-bottle--clutter--tOzkifgjy5QvHGA1KvfIsGVanlJgMjPbIW4NKy5X2b0-00487.jpg": {"object_bounding_box": [670, 395, 245, 685], "object_presence": 1}, "P332--my-water-bottle--clutter--tOzkifgjy5QvHGA1KvfIsGVanlJgMjPbIW4NKy5X2b0-00488.jpg": {"object_bounding_box": [664, 399, 249, 681], "object_presence": 1}, "P332--my-water-bottle--clutter--tOzkifgjy5QvHGA1KvfIsGVanlJgMjPbIW4NKy5X2b0-00489.jpg": {"object_bounding_box": [663, 399, 251, 681], "object_presence": 1}, "P332--my-water-bottle--clutter--tOzkifgjy5QvHGA1KvfIsGVanlJgMjPbIW4NKy5X2b0-00490.jpg": {"object_bounding_box": [667, 402, 249, 678], "object_presence": 1}, "P332--my-water-bottle--clutter--tOzkifgjy5QvHGA1KvfIsGVanlJgMjPbIW4NKy5X2b0-00491.jpg": {"object_bounding_box": [668, 405, 248, 675], "object_presence": 1}, "P332--my-water-bottle--clutter--tOzkifgjy5QvHGA1KvfIsGVanlJgMjPbIW4NKy5X2b0-00492.jpg": {"object_bounding_box": [669, 408, 247, 672], "object_presence": 1}, "P332--my-water-bottle--clutter--tOzkifgjy5QvHGA1KvfIsGVanlJgMjPbIW4NKy5X2b0-00493.jpg": {"object_bounding_box": [670, 410, 248, 670], "object_presence": 1}, "P332--my-water-bottle--clutter--tOzkifgjy5QvHGA1KvfIsGVanlJgMjPbIW4NKy5X2b0-00494.jpg": {"object_bounding_box": [670, 409, 250, 671], "object_presence": 1}, "P332--my-water-bottle--clutter--tOzkifgjy5QvHGA1KvfIsGVanlJgMjPbIW4NKy5X2b0-00495.jpg": {"object_bounding_box": [670, 414, 252, 666], "object_presence": 1}, "P332--my-water-bottle--clutter--tOzkifgjy5QvHGA1KvfIsGVanlJgMjPbIW4NKy5X2b0-00496.jpg": {"object_bounding_box": [670, 418, 253, 662], "object_presence": 1}, "P332--my-water-bottle--clutter--tOzkifgjy5QvHGA1KvfIsGVanlJgMjPbIW4NKy5X2b0-00497.jpg": {"object_bounding_box": [675, 421, 250, 659], "object_presence": 1}, "P332--my-water-bottle--clutter--tOzkifgjy5QvHGA1KvfIsGVanlJgMjPbIW4NKy5X2b0-00498.jpg": {"object_bounding_box": [679, 423, 249, 657], "object_presence": 1}, "P332--my-water-bottle--clutter--tOzkifgjy5QvHGA1KvfIsGVanlJgMjPbIW4NKy5X2b0-00499.jpg": {"object_bounding_box": [680, 424, 253, 656], "object_presence": 1}, "P332--my-water-bottle--clutter--tOzkifgjy5QvHGA1KvfIsGVanlJgMjPbIW4NKy5X2b0-00500.jpg": {"object_bounding_box": [683, 427, 251, 653], "object_presence": 1}, "P332--my-water-bottle--clutter--tOzkifgjy5QvHGA1KvfIsGVanlJgMjPbIW4NKy5X2b0-00501.jpg": {"object_bounding_box": [682, 431, 254, 649], "object_presence": 1}, "P332--my-water-bottle--clutter--tOzkifgjy5QvHGA1KvfIsGVanlJgMjPbIW4NKy5X2b0-00502.jpg": {"object_bounding_box": [690, 431, 248, 649], "object_presence": 1}, "P332--my-water-bottle--clutter--tOzkifgjy5QvHGA1KvfIsGVanlJgMjPbIW4NKy5X2b0-00503.jpg": {"object_bounding_box": [694, 431, 247, 649], "object_presence": 1}, "P332--my-water-bottle--clutter--tOzkifgjy5QvHGA1KvfIsGVanlJgMjPbIW4NKy5X2b0-00504.jpg": {"object_bounding_box": [698, 430, 247, 650], "object_presence": 1}, "P332--my-water-bottle--clutter--tOzkifgjy5QvHGA1KvfIsGVanlJgMjPbIW4NKy5X2b0-00505.jpg": {"object_bounding_box": [696, 430, 249, 650], "object_presence": 1}, "P332--my-water-bottle--clutter--tOzkifgjy5QvHGA1KvfIsGVanlJgMjPbIW4NKy5X2b0-00506.jpg": {"object_bounding_box": [696, 431, 248, 649], "object_presence": 1}, "P332--my-water-bottle--clutter--tOzkifgjy5QvHGA1KvfIsGVanlJgMjPbIW4NKy5X2b0-00507.jpg": {"object_bounding_box": [696, 432, 245, 648], "object_presence": 1}, "P332--my-water-bottle--clutter--tOzkifgjy5QvHGA1KvfIsGVanlJgMjPbIW4NKy5X2b0-00508.jpg": {"object_bounding_box": [697, 436, 246, 644], "object_presence": 1}, "P332--my-water-bottle--clutter--tOzkifgjy5QvHGA1KvfIsGVanlJgMjPbIW4NKy5X2b0-00509.jpg": {"object_bounding_box": [696, 438, 243, 642], "object_presence": 1}, "P332--my-water-bottle--clutter--tOzkifgjy5QvHGA1KvfIsGVanlJgMjPbIW4NKy5X2b0-00510.jpg": {"object_bounding_box": [693, 441, 247, 639], "object_presence": 1}, "P332--my-water-bottle--clutter--tOzkifgjy5QvHGA1KvfIsGVanlJgMjPbIW4NKy5X2b0-00511.jpg": {"object_bounding_box": [692, 444, 247, 636], "object_presence": 1}, "P332--my-water-bottle--clutter--tOzkifgjy5QvHGA1KvfIsGVanlJgMjPbIW4NKy5X2b0-00512.jpg": {"object_bounding_box": [696, 444, 247, 636], "object_presence": 1}, "P332--my-water-bottle--clutter--tOzkifgjy5QvHGA1KvfIsGVanlJgMjPbIW4NKy5X2b0-00513.jpg": {"object_bounding_box": [704, 439, 248, 641], "object_presence": 1}, "P332--my-water-bottle--clutter--tOzkifgjy5QvHGA1KvfIsGVanlJgMjPbIW4NKy5X2b0-00514.jpg": {"object_bounding_box": [708, 431, 248, 649], "object_presence": 1}, "P332--my-water-bottle--clutter--tOzkifgjy5QvHGA1KvfIsGVanlJgMjPbIW4NKy5X2b0-00515.jpg": {"object_bounding_box": [705, 429, 249, 651], "object_presence": 1}, "P332--my-water-bottle--clutter--tOzkifgjy5QvHGA1KvfIsGVanlJgMjPbIW4NKy5X2b0-00516.jpg": {"object_bounding_box": [701, 419, 249, 661], "object_presence": 1}, "P332--my-water-bottle--clutter--tOzkifgjy5QvHGA1KvfIsGVanlJgMjPbIW4NKy5X2b0-00517.jpg": {"object_bounding_box": [699, 418, 250, 662], "object_presence": 1}, "P332--my-water-bottle--clutter--tOzkifgjy5QvHGA1KvfIsGVanlJgMjPbIW4NKy5X2b0-00518.jpg": {"object_bounding_box": [705, 416, 247, 664], "object_presence": 1}, "P332--my-water-bottle--clutter--tOzkifgjy5QvHGA1KvfIsGVanlJgMjPbIW4NKy5X2b0-00519.jpg": {"object_bounding_box": [712, 412, 244, 668], "object_presence": 1}, "P332--my-water-bottle--clutter--tOzkifgjy5QvHGA1KvfIsGVanlJgMjPbIW4NKy5X2b0-00520.jpg": {"object_bounding_box": [722, 414, 242, 666], "object_presence": 1}, "P332--my-water-bottle--clutter--tOzkifgjy5QvHGA1KvfIsGVanlJgMjPbIW4NKy5X2b0-00521.jpg": {"object_bounding_box": [732, 411, 241, 669], "object_presence": 1}, "P332--my-water-bottle--clutter--tOzkifgjy5QvHGA1KvfIsGVanlJgMjPbIW4NKy5X2b0-00522.jpg": {"object_bounding_box": [742, 406, 241, 674], "object_presence": 1}, "P332--my-water-bottle--clutter--tOzkifgjy5QvHGA1KvfIsGVanlJgMjPbIW4NKy5X2b0-00523.jpg": {"object_bounding_box": [755, 396, 241, 684], "object_presence": 1}, "P332--my-water-bottle--clutter--tOzkifgjy5QvHGA1KvfIsGVanlJgMjPbIW4NKy5X2b0-00524.jpg": {"object_bounding_box": [767, 385, 241, 695], "object_presence": 1}, "P332--my-water-bottle--clutter--tOzkifgjy5QvHGA1KvfIsGVanlJgMjPbIW4NKy5X2b0-00525.jpg": {"object_bounding_box": [773, 376, 242, 704], "object_presence": 1}, "P332--my-water-bottle--clutter--tOzkifgjy5QvHGA1KvfIsGVanlJgMjPbIW4NKy5X2b0-00526.jpg": {"object_bounding_box": [785, 361, 242, 719], "object_presence": 1}, "P332--my-water-bottle--clutter--tOzkifgjy5QvHGA1KvfIsGVanlJgMjPbIW4NKy5X2b0-00527.jpg": {"object_bounding_box": [793, 344, 243, 736], "object_presence": 1}, "P332--my-water-bottle--clutter--tOzkifgjy5QvHGA1KvfIsGVanlJgMjPbIW4NKy5X2b0-00528.jpg": {"object_bounding_box": [807, 315, 244, 765], "object_presence": 1}, "P332--my-water-bottle--clutter--tOzkifgjy5QvHGA1KvfIsGVanlJgMjPbIW4NKy5X2b0-00529.jpg": {"object_bounding_box": [821, 290, 244, 774], "object_presence": 1}, "P332--my-water-bottle--clutter--tOzkifgjy5QvHGA1KvfIsGVanlJgMjPbIW4NKy5X2b0-00530.jpg": {"object_bounding_box": [824, 271, 245, 779], "object_presence": 1}, "P332--my-water-bottle--clutter--tOzkifgjy5QvHGA1KvfIsGVanlJgMjPbIW4NKy5X2b0-00531.jpg": {"object_bounding_box": [826, 270, 248, 774], "object_presence": 1}, "P332--my-water-bottle--clutter--tOzkifgjy5QvHGA1KvfIsGVanlJgMjPbIW4NKy5X2b0-00532.jpg": {"object_bounding_box": [825, 275, 253, 770], "object_presence": 1}, "P332--my-water-bottle--clutter--tOzkifgjy5QvHGA1KvfIsGVanlJgMjPbIW4NKy5X2b0-00533.jpg": {"object_bounding_box": [835, 275, 245, 780], "object_presence": 1}, "P332--my-water-bottle--clutter--tOzkifgjy5QvHGA1KvfIsGVanlJgMjPbIW4NKy5X2b0-00534.jpg": {"object_bounding_box": [843, 275, 237, 782], "object_presence": 1}, "P332--my-water-bottle--clutter--tOzkifgjy5QvHGA1KvfIsGVanlJgMjPbIW4NKy5X2b0-00535.jpg": {"object_bounding_box": [857, 289, 223, 782], "object_presence": 1}, "P332--my-water-bottle--clutter--tOzkifgjy5QvHGA1KvfIsGVanlJgMjPbIW4NKy5X2b0-00536.jpg": {"object_bounding_box": [869, 292, 211, 786], "object_presence": 1}, "P332--my-water-bottle--clutter--tOzkifgjy5QvHGA1KvfIsGVanlJgMjPbIW4NKy5X2b0-00537.jpg": {"object_bounding_box": [884, 303, 195, 774], "object_presence": 1}, "P332--my-water-bottle--clutter--tOzkifgjy5QvHGA1KvfIsGVanlJgMjPbIW4NKy5X2b0-00538.jpg": {"object_bounding_box": [900, 312, 180, 768], "object_presence": 1}, "P332--my-water-bottle--clutter--tOzkifgjy5QvHGA1KvfIsGVanlJgMjPbIW4NKy5X2b0-00539.jpg": {"object_bounding_box": [918, 308, 162, 772], "object_presence": 1}, "P332--my-water-bottle--clutter--tOzkifgjy5QvHGA1KvfIsGVanlJgMjPbIW4NKy5X2b0-00540.jpg": {"object_bounding_box": [933, 323, 147, 757], "object_presence": 1}, "P332--my-water-bottle--clutter--tOzkifgjy5QvHGA1KvfIsGVanlJgMjPbIW4NKy5X2b0-00541.jpg": {"object_bounding_box": [949, 337, 131, 743], "object_presence": 1}, "P332--my-water-bottle--clutter--tOzkifgjy5QvHGA1KvfIsGVanlJgMjPbIW4NKy5X2b0-00542.jpg": {"object_bounding_box": [973, 333, 107, 747], "object_presence": 1}, "P332--my-water-bottle--clutter--tOzkifgjy5QvHGA1KvfIsGVanlJgMjPbIW4NKy5X2b0-00543.jpg": {"object_bounding_box": [996, 336, 84, 744], "object_presence": 1}, "P332--my-water-bottle--clutter--tOzkifgjy5QvHGA1KvfIsGVanlJgMjPbIW4NKy5X2b0-00544.jpg": {"object_bounding_box": [1028, 439, 52, 641], "object_presence": 1}, "P332--my-water-bottle--clutter--tOzkifgjy5QvHGA1KvfIsGVanlJgMjPbIW4NKy5X2b0-00545.jpg": {"object_bounding_box": [0, 0, 0, 0], "object_presence": 0}, "P332--my-water-bottle--clutter--tOzkifgjy5QvHGA1KvfIsGVanlJgMjPbIW4NKy5X2b0-00546.jpg": {"object_bounding_box": [0, 0, 0, 0], "object_presence": 0}, "P332--my-water-bottle--clutter--tOzkifgjy5QvHGA1KvfIsGVanlJgMjPbIW4NKy5X2b0-00547.jpg": {"object_bounding_box": [0, 0, 0, 0], "object_presence": 0}, "P332--my-water-bottle--clutter--tOzkifgjy5QvHGA1KvfIsGVanlJgMjPbIW4NKy5X2b0-00548.jpg": {"object_bounding_box": [0, 0, 0, 0], "object_presence": 0}, "P332--my-water-bottle--clutter--tOzkifgjy5QvHGA1KvfIsGVanlJgMjPbIW4NKy5X2b0-00549.jpg": {"object_bounding_box": [0, 0, 0, 0], "object_presence": 0}, "P332--my-water-bottle--clutter--tOzkifgjy5QvHGA1KvfIsGVanlJgMjPbIW4NKy5X2b0-00550.jpg": {"object_bounding_box": [0, 0, 0, 0], "object_presence": 0}, "P332--my-water-bottle--clutter--tOzkifgjy5QvHGA1KvfIsGVanlJgMjPbIW4NKy5X2b0-00551.jpg": {"object_bounding_box": [0, 0, 0, 0], "object_presence": 0}, "P332--my-water-bottle--clutter--tOzkifgjy5QvHGA1KvfIsGVanlJgMjPbIW4NKy5X2b0-00552.jpg": {"object_bounding_box": [0, 0, 0, 0], "object_presence": 0}, "P332--my-water-bottle--clutter--tOzkifgjy5QvHGA1KvfIsGVanlJgMjPbIW4NKy5X2b0-00553.jpg": {"object_bounding_box": [0, 0, 0, 0], "object_presence": 0}, "P332--my-water-bottle--clutter--tOzkifgjy5QvHGA1KvfIsGVanlJgMjPbIW4NKy5X2b0-00554.jpg": {"object_bounding_box": [0, 0, 0, 0], "object_presence": 0}, "P332--my-water-bottle--clutter--tOzkifgjy5QvHGA1KvfIsGVanlJgMjPbIW4NKy5X2b0-00555.jpg": {"object_bounding_box": [0, 0, 0, 0], "object_presence": 0}, "P332--my-water-bottle--clutter--tOzkifgjy5QvHGA1KvfIsGVanlJgMjPbIW4NKy5X2b0-00556.jpg": {"object_bounding_box": [0, 0, 0, 0], "object_presence": 0}, "P332--my-water-bottle--clutter--tOzkifgjy5QvHGA1KvfIsGVanlJgMjPbIW4NKy5X2b0-00557.jpg": {"object_bounding_box": [0, 0, 0, 0], "object_presence": 0}, "P332--my-water-bottle--clutter--tOzkifgjy5QvHGA1KvfIsGVanlJgMjPbIW4NKy5X2b0-00558.jpg": {"object_bounding_box": [0, 0, 0, 0], "object_presence": 0}, "P332--my-water-bottle--clutter--tOzkifgjy5QvHGA1KvfIsGVanlJgMjPbIW4NKy5X2b0-00559.jpg": {"object_bounding_box": [0, 0, 0, 0], "object_presence": 0}, "P332--my-water-bottle--clutter--tOzkifgjy5QvHGA1KvfIsGVanlJgMjPbIW4NKy5X2b0-00560.jpg": {"object_bounding_box": [0, 0, 0, 0], "object_presence": 0}, "P332--my-water-bottle--clutter--tOzkifgjy5QvHGA1KvfIsGVanlJgMjPbIW4NKy5X2b0-00561.jpg": {"object_bounding_box": [0, 0, 0, 0], "object_presence": 0}, "P332--my-water-bottle--clutter--tOzkifgjy5QvHGA1KvfIsGVanlJgMjPbIW4NKy5X2b0-00562.jpg": {"object_bounding_box": [0, 0, 0, 0], "object_presence": 0}, "P332--my-water-bottle--clutter--tOzkifgjy5QvHGA1KvfIsGVanlJgMjPbIW4NKy5X2b0-00563.jpg": {"object_bounding_box": [0, 0, 0, 0], "object_presence": 0}, "P332--my-water-bottle--clutter--tOzkifgjy5QvHGA1KvfIsGVanlJgMjPbIW4NKy5X2b0-00564.jpg": {"object_bounding_box": [0, 0, 0, 0], "object_presence": 0}, "P332--my-water-bottle--clutter--tOzkifgjy5QvHGA1KvfIsGVanlJgMjPbIW4NKy5X2b0-00565.jpg": {"object_bounding_box": [0, 0, 0, 0], "object_presence": 0}, "P332--my-water-bottle--clutter--tOzkifgjy5QvHGA1KvfIsGVanlJgMjPbIW4NKy5X2b0-00566.jpg": {"object_bounding_box": [0, 0, 0, 0], "object_presence": 0}, "P332--my-water-bottle--clutter--tOzkifgjy5QvHGA1KvfIsGVanlJgMjPbIW4NKy5X2b0-00567.jpg": {"object_bounding_box": [0, 0, 0, 0], "object_presence": 0}, "P332--my-water-bottle--clutter--tOzkifgjy5QvHGA1KvfIsGVanlJgMjPbIW4NKy5X2b0-00568.jpg": {"object_bounding_box": [0, 0, 0, 0], "object_presence": 0}, "P332--my-water-bottle--clutter--tOzkifgjy5QvHGA1KvfIsGVanlJgMjPbIW4NKy5X2b0-00569.jpg": {"object_bounding_box": [0, 0, 0, 0], "object_presence": 0}, "P332--my-water-bottle--clutter--tOzkifgjy5QvHGA1KvfIsGVanlJgMjPbIW4NKy5X2b0-00570.jpg": {"object_bounding_box": [0, 0, 0, 0], "object_presence": 0}, "P332--my-water-bottle--clutter--tOzkifgjy5QvHGA1KvfIsGVanlJgMjPbIW4NKy5X2b0-00571.jpg": {"object_bounding_box": [0, 0, 0, 0], "object_presence": 0}, "P332--my-water-bottle--clutter--tOzkifgjy5QvHGA1KvfIsGVanlJgMjPbIW4NKy5X2b0-00572.jpg": {"object_bounding_box": [972, 268, 108, 812], "object_presence": 1}, "P332--my-water-bottle--clutter--tOzkifgjy5QvHGA1KvfIsGVanlJgMjPbIW4NKy5X2b0-00573.jpg": {"object_bounding_box": [806, 181, 274, 864], "object_presence": 1}, "P332--my-water-bottle--clutter--tOzkifgjy5QvHGA1KvfIsGVanlJgMjPbIW4NKy5X2b0-00574.jpg": {"object_bounding_box": [723, 123, 335, 823], "object_presence": 1}, "P332--my-water-bottle--clutter--tOzkifgjy5QvHGA1KvfIsGVanlJgMjPbIW4NKy5X2b0-00575.jpg": {"object_bounding_box": [712, 55, 299, 815], "object_presence": 1}, "P332--my-water-bottle--clutter--tOzkifgjy5QvHGA1KvfIsGVanlJgMjPbIW4NKy5X2b0-00576.jpg": {"object_bounding_box": [750, 0, 318, 827], "object_presence": 1}, "P332--my-water-bottle--clutter--tOzkifgjy5QvHGA1KvfIsGVanlJgMjPbIW4NKy5X2b0-00577.jpg": {"object_bounding_box": [818, 0, 262, 771], "object_presence": 1}, "P332--my-water-bottle--clutter--tOzkifgjy5QvHGA1KvfIsGVanlJgMjPbIW4NKy5X2b0-00578.jpg": {"object_bounding_box": [905, 0, 175, 711], "object_presence": 1}, "P332--my-water-bottle--clutter--tOzkifgjy5QvHGA1KvfIsGVanlJgMjPbIW4NKy5X2b0-00579.jpg": {"object_bounding_box": [919, 0, 161, 734], "object_presence": 1}, "P332--my-water-bottle--clutter--tOzkifgjy5QvHGA1KvfIsGVanlJgMjPbIW4NKy5X2b0-00580.jpg": {"object_bounding_box": [923, 0, 157, 749], "object_presence": 1}, "P332--my-water-bottle--clutter--tOzkifgjy5QvHGA1KvfIsGVanlJgMjPbIW4NKy5X2b0-00581.jpg": {"object_bounding_box": [929, 0, 151, 755], "object_presence": 1}, "P332--my-water-bottle--clutter--tOzkifgjy5QvHGA1KvfIsGVanlJgMjPbIW4NKy5X2b0-00582.jpg": {"object_bounding_box": [904, 0, 176, 758], "object_presence": 1}, "P332--my-water-bottle--clutter--tOzkifgjy5QvHGA1KvfIsGVanlJgMjPbIW4NKy5X2b0-00583.jpg": {"object_bounding_box": [836, 0, 244, 779], "object_presence": 1}, "P332--my-water-bottle--clutter--tOzkifgjy5QvHGA1KvfIsGVanlJgMjPbIW4NKy5X2b0-00584.jpg": {"object_bounding_box": [792, 0, 280, 799], "object_presence": 1}, "P332--my-water-bottle--clutter--tOzkifgjy5QvHGA1KvfIsGVanlJgMjPbIW4NKy5X2b0-00585.jpg": {"object_bounding_box": [782, 0, 284, 805], "object_presence": 1}, "P332--my-water-bottle--clutter--tOzkifgjy5QvHGA1KvfIsGVanlJgMjPbIW4NKy5X2b0-00586.jpg": {"object_bounding_box": [781, 0, 286, 811], "object_presence": 1}, "P332--my-water-bottle--clutter--tOzkifgjy5QvHGA1KvfIsGVanlJgMjPbIW4NKy5X2b0-00587.jpg": {"object_bounding_box": [787, 0, 286, 817], "object_presence": 1}, "P332--my-water-bottle--clutter--tOzkifgjy5QvHGA1KvfIsGVanlJgMjPbIW4NKy5X2b0-00588.jpg": {"object_bounding_box": [783, 3, 286, 821], "object_presence": 1}, "P332--my-water-bottle--clutter--tOzkifgjy5QvHGA1KvfIsGVanlJgMjPbIW4NKy5X2b0-00589.jpg": {"object_bounding_box": [780, 19, 286, 816], "object_presence": 1}, "P332--my-water-bottle--clutter--tOzkifgjy5QvHGA1KvfIsGVanlJgMjPbIW4NKy5X2b0-00590.jpg": {"object_bounding_box": [776, 29, 286, 811], "object_presence": 1}, "P332--my-water-bottle--clutter--tOzkifgjy5QvHGA1KvfIsGVanlJgMjPbIW4NKy5X2b0-00591.jpg": {"object_bounding_box": [768, 36, 286, 812], "object_presence": 1}, "P332--my-water-bottle--clutter--tOzkifgjy5QvHGA1KvfIsGVanlJgMjPbIW4NKy5X2b0-00592.jpg": {"object_bounding_box": [759, 40, 281, 813], "object_presence": 1}, "P332--my-water-bottle--clutter--tOzkifgjy5QvHGA1KvfIsGVanlJgMjPbIW4NKy5X2b0-00593.jpg": {"object_bounding_box": [751, 49, 282, 810], "object_presence": 1}, "P332--my-water-bottle--clutter--tOzkifgjy5QvHGA1KvfIsGVanlJgMjPbIW4NKy5X2b0-00594.jpg": {"object_bounding_box": [743, 62, 277, 808], "object_presence": 1}, "P332--my-water-bottle--clutter--tOzkifgjy5QvHGA1KvfIsGVanlJgMjPbIW4NKy5X2b0-00595.jpg": {"object_bounding_box": [735, 76, 274, 802], "object_presence": 1}, "P332--my-water-bottle--clutter--tOzkifgjy5QvHGA1KvfIsGVanlJgMjPbIW4NKy5X2b0-00596.jpg": {"object_bounding_box": [727, 77, 274, 804], "object_presence": 1}, "P332--my-water-bottle--clutter--tOzkifgjy5QvHGA1KvfIsGVanlJgMjPbIW4NKy5X2b0-00597.jpg": {"object_bounding_box": [720, 78, 273, 806], "object_presence": 1}, "P332--my-water-bottle--clutter--tOzkifgjy5QvHGA1KvfIsGVanlJgMjPbIW4NKy5X2b0-00598.jpg": {"object_bounding_box": [714, 85, 273, 800], "object_presence": 1}, "P332--my-water-bottle--clutter--tOzkifgjy5QvHGA1KvfIsGVanlJgMjPbIW4NKy5X2b0-00599.jpg": {"object_bounding_box": [708, 87, 269, 796], "object_presence": 1}}