{"P398--clickr--clutter--26ONKJnfji1wTmZ9RIvH8gVO3GIGwW1MxGFwIrfOh74-00001.jpg": {"object_bounding_box": [166, 996, 331, 165], "object_presence": 1}, "P398--clickr--clutter--26ONKJnfji1wTmZ9RIvH8gVO3GIGwW1MxGFwIrfOh74-00002.jpg": {"object_bounding_box": [153, 1004, 307, 152], "object_presence": 1}, "P398--clickr--clutter--26ONKJnfji1wTmZ9RIvH8gVO3GIGwW1MxGFwIrfOh74-00003.jpg": {"object_bounding_box": [142, 1017, 283, 127], "object_presence": 1}, "P398--clickr--clutter--26ONKJnfji1wTmZ9RIvH8gVO3GIGwW1MxGFwIrfOh74-00004.jpg": {"object_bounding_box": [131, 1027, 263, 107], "object_presence": 1}, "P398--clickr--clutter--26ONKJnfji1wTmZ9RIvH8gVO3GIGwW1MxGFwIrfOh74-00005.jpg": {"object_bounding_box": [118, 1033, 236, 94], "object_presence": 1}, "P398--clickr--clutter--26ONKJnfji1wTmZ9RIvH8gVO3GIGwW1MxGFwIrfOh74-00006.jpg": {"object_bounding_box": [109, 1039, 218, 82], "object_presence": 1}, "P398--clickr--clutter--26ONKJnfji1wTmZ9RIvH8gVO3GIGwW1MxGFwIrfOh74-00007.jpg": {"object_bounding_box": [96, 1049, 192, 63], "object_presence": 1}, "P398--clickr--clutter--26ONKJnfji1wTmZ9RIvH8gVO3GIGwW1MxGFwIrfOh74-00008.jpg": {"object_bounding_box": [78, 1053, 156, 53], "object_presence": 1}, "P398--clickr--clutter--26ONKJnfji1wTmZ9RIvH8gVO3GIGwW1MxGFwIrfOh74-00009.jpg": {"object_bounding_box": [66, 1056, 131, 48], "object_presence": 1}, "P398--clickr--clutter--26ONKJnfji1wTmZ9RIvH8gVO3GIGwW1MxGFwIrfOh74-00010.jpg": {"object_bounding_box": [63, 1055, 127, 51], "object_presence": 1}, "P398--clickr--clutter--26ONKJnfji1wTmZ9RIvH8gVO3GIGwW1MxGFwIrfOh74-00011.jpg": {"object_bounding_box": [55, 1055, 111, 51], "object_presence": 1}, "P398--clickr--clutter--26ONKJnfji1wTmZ9RIvH8gVO3GIGwW1MxGFwIrfOh74-00012.jpg": {"object_bounding_box": [55, 1053, 110, 54], "object_presence": 1}, "P398--clickr--clutter--26ONKJnfji1wTmZ9RIvH8gVO3GIGwW1MxGFwIrfOh74-00013.jpg": {"object_bounding_box": [60, 1051, 121, 57], "object_presence": 1}, "P398--clickr--clutter--26ONKJnfji1wTmZ9RIvH8gVO3GIGwW1MxGFwIrfOh74-00014.jpg": {"object_bounding_box": [61, 1051, 123, 58], "object_presence": 1}, "P398--clickr--clutter--26ONKJnfji1wTmZ9RIvH8gVO3GIGwW1MxGFwIrfOh74-00015.jpg": {"object_bounding_box": [72, 1047, 144, 66], "object_presence": 1}, "P398--clickr--clutter--26ONKJnfji1wTmZ9RIvH8gVO3GIGwW1MxGFwIrfOh74-00016.jpg": {"object_bounding_box": [76, 1046, 152, 69], "object_presence": 1}, "P398--clickr--clutter--26ONKJnfji1wTmZ9RIvH8gVO3GIGwW1MxGFwIrfOh74-00017.jpg": {"object_bounding_box": [79, 1041, 158, 79], "object_presence": 1}, "P398--clickr--clutter--26ONKJnfji1wTmZ9RIvH8gVO3GIGwW1MxGFwIrfOh74-00018.jpg": {"object_bounding_box": [84, 1037, 168, 85], "object_presence": 1}, "P398--clickr--clutter--26ONKJnfji1wTmZ9RIvH8gVO3GIGwW1MxGFwIrfOh74-00019.jpg": {"object_bounding_box": [88, 1036, 177, 87], "object_presence": 1}, "P398--clickr--clutter--26ONKJnfji1wTmZ9RIvH8gVO3GIGwW1MxGFwIrfOh74-00020.jpg": {"object_bounding_box": [92, 1034, 183, 92], "object_presence": 1}, "P398--clickr--clutter--26ONKJnfji1wTmZ9RIvH8gVO3GIGwW1MxGFwIrfOh74-00021.jpg": {"object_bounding_box": [94, 1032, 188, 96], "object_presence": 1}, "P398--clickr--clutter--26ONKJnfji1wTmZ9RIvH8gVO3GIGwW1MxGFwIrfOh74-00022.jpg": {"object_bounding_box": [98, 1029, 195, 101], "object_presence": 1}, "P398--clickr--clutter--26ONKJnfji1wTmZ9RIvH8gVO3GIGwW1MxGFwIrfOh74-00023.jpg": {"object_bounding_box": [106, 1026, 211, 109], "object_presence": 1}, "P398--clickr--clutter--26ONKJnfji1wTmZ9RIvH8gVO3GIGwW1MxGFwIrfOh74-00024.jpg": {"object_bounding_box": [118, 1017, 235, 125], "object_presence": 1}, "P398--clickr--clutter--26ONKJnfji1wTmZ9RIvH8gVO3GIGwW1MxGFwIrfOh74-00025.jpg": {"object_bounding_box": [123, 1010, 246, 139], "object_presence": 1}, "P398--clickr--clutter--26ONKJnfji1wTmZ9RIvH8gVO3GIGwW1MxGFwIrfOh74-00026.jpg": {"object_bounding_box": [129, 1006, 259, 148], "object_presence": 1}, "P398--clickr--clutter--26ONKJnfji1wTmZ9RIvH8gVO3GIGwW1MxGFwIrfOh74-00027.jpg": {"object_bounding_box": [139, 998, 277, 164], "object_presence": 1}, "P398--clickr--clutter--26ONKJnfji1wTmZ9RIvH8gVO3GIGwW1MxGFwIrfOh74-00028.jpg": {"object_bounding_box": [379, 989, 758, 182], "object_presence": 1}, "P398--clickr--clutter--26ONKJnfji1wTmZ9RIvH8gVO3GIGwW1MxGFwIrfOh74-00029.jpg": {"object_bounding_box": [399, 987, 798, 186], "object_presence": 1}, "P398--clickr--clutter--26ONKJnfji1wTmZ9RIvH8gVO3GIGwW1MxGFwIrfOh74-00030.jpg": {"object_bounding_box": [418, 980, 837, 199], "object_presence": 1}, "P398--clickr--clutter--26ONKJnfji1wTmZ9RIvH8gVO3GIGwW1MxGFwIrfOh74-00031.jpg": {"object_bounding_box": [437, 976, 873, 207], "object_presence": 1}, "P398--clickr--clutter--26ONKJnfji1wTmZ9RIvH8gVO3GIGwW1MxGFwIrfOh74-00032.jpg": {"object_bounding_box": [446, 973, 893, 215], "object_presence": 1}, "P398--clickr--clutter--26ONKJnfji1wTmZ9RIvH8gVO3GIGwW1MxGFwIrfOh74-00033.jpg": {"object_bounding_box": [446, 973, 893, 215], "object_presence": 1}, "P398--clickr--clutter--26ONKJnfji1wTmZ9RIvH8gVO3GIGwW1MxGFwIrfOh74-00034.jpg": {"object_bounding_box": [448, 976, 896, 207], "object_presence": 1}, "P398--clickr--clutter--26ONKJnfji1wTmZ9RIvH8gVO3GIGwW1MxGFwIrfOh74-00035.jpg": {"object_bounding_box": [452, 982, 904, 196], "object_presence": 1}, "P398--clickr--clutter--26ONKJnfji1wTmZ9RIvH8gVO3GIGwW1MxGFwIrfOh74-00036.jpg": {"object_bounding_box": [452, 982, 904, 196], "object_presence": 1}, "P398--clickr--clutter--26ONKJnfji1wTmZ9RIvH8gVO3GIGwW1MxGFwIrfOh74-00037.jpg": {"object_bounding_box": [460, 980, 920, 200], "object_presence": 1}, "P398--clickr--clutter--26ONKJnfji1wTmZ9RIvH8gVO3GIGwW1MxGFwIrfOh74-00038.jpg": {"object_bounding_box": [480, 969, 960, 223], "object_presence": 1}, "P398--clickr--clutter--26ONKJnfji1wTmZ9RIvH8gVO3GIGwW1MxGFwIrfOh74-00039.jpg": {"object_bounding_box": [502, 951, 1004, 257], "object_presence": 1}, "P398--clickr--clutter--26ONKJnfji1wTmZ9RIvH8gVO3GIGwW1MxGFwIrfOh74-00040.jpg": {"object_bounding_box": [525, 935, 1050, 290], "object_presence": 1}, "P398--clickr--clutter--26ONKJnfji1wTmZ9RIvH8gVO3GIGwW1MxGFwIrfOh74-00041.jpg": {"object_bounding_box": [540, 924, 1079, 313], "object_presence": 1}, "P398--clickr--clutter--26ONKJnfji1wTmZ9RIvH8gVO3GIGwW1MxGFwIrfOh74-00042.jpg": {"object_bounding_box": [540, 919, 1079, 322], "object_presence": 1}, "P398--clickr--clutter--26ONKJnfji1wTmZ9RIvH8gVO3GIGwW1MxGFwIrfOh74-00043.jpg": {"object_bounding_box": [535, 911, 1070, 337], "object_presence": 1}, "P398--clickr--clutter--26ONKJnfji1wTmZ9RIvH8gVO3GIGwW1MxGFwIrfOh74-00044.jpg": {"object_bounding_box": [530, 907, 1060, 347], "object_presence": 1}, "P398--clickr--clutter--26ONKJnfji1wTmZ9RIvH8gVO3GIGwW1MxGFwIrfOh74-00045.jpg": {"object_bounding_box": [529, 905, 1057, 350], "object_presence": 1}, "P398--clickr--clutter--26ONKJnfji1wTmZ9RIvH8gVO3GIGwW1MxGFwIrfOh74-00046.jpg": {"object_bounding_box": [529, 902, 1057, 355], "object_presence": 1}, "P398--clickr--clutter--26ONKJnfji1wTmZ9RIvH8gVO3GIGwW1MxGFwIrfOh74-00047.jpg": {"object_bounding_box": [540, 898, 1080, 365], "object_presence": 1}, "P398--clickr--clutter--26ONKJnfji1wTmZ9RIvH8gVO3GIGwW1MxGFwIrfOh74-00048.jpg": {"object_bounding_box": [540, 903, 1080, 353], "object_presence": 1}, "P398--clickr--clutter--26ONKJnfji1wTmZ9RIvH8gVO3GIGwW1MxGFwIrfOh74-00049.jpg": {"object_bounding_box": [540, 909, 1080, 342], "object_presence": 1}, "P398--clickr--clutter--26ONKJnfji1wTmZ9RIvH8gVO3GIGwW1MxGFwIrfOh74-00050.jpg": {"object_bounding_box": [540, 906, 1080, 349], "object_presence": 1}, "P398--clickr--clutter--26ONKJnfji1wTmZ9RIvH8gVO3GIGwW1MxGFwIrfOh74-00051.jpg": {"object_bounding_box": [540, 899, 1080, 361], "object_presence": 1}, "P398--clickr--clutter--26ONKJnfji1wTmZ9RIvH8gVO3GIGwW1MxGFwIrfOh74-00052.jpg": {"object_bounding_box": [540, 887, 1080, 385], "object_presence": 1}, "P398--clickr--clutter--26ONKJnfji1wTmZ9RIvH8gVO3GIGwW1MxGFwIrfOh74-00053.jpg": {"object_bounding_box": [540, 880, 1080, 400], "object_presence": 1}, "P398--clickr--clutter--26ONKJnfji1wTmZ9RIvH8gVO3GIGwW1MxGFwIrfOh74-00054.jpg": {"object_bounding_box": [540, 874, 1080, 413], "object_presence": 1}, "P398--clickr--clutter--26ONKJnfji1wTmZ9RIvH8gVO3GIGwW1MxGFwIrfOh74-00055.jpg": {"object_bounding_box": [540, 867, 1080, 426], "object_presence": 1}, "P398--clickr--clutter--26ONKJnfji1wTmZ9RIvH8gVO3GIGwW1MxGFwIrfOh74-00056.jpg": {"object_bounding_box": [540, 867, 1080, 426], "object_presence": 1}, "P398--clickr--clutter--26ONKJnfji1wTmZ9RIvH8gVO3GIGwW1MxGFwIrfOh74-00057.jpg": {"object_bounding_box": [540, 870, 1080, 419], "object_presence": 1}, "P398--clickr--clutter--26ONKJnfji1wTmZ9RIvH8gVO3GIGwW1MxGFwIrfOh74-00058.jpg": {"object_bounding_box": [540, 875, 1080, 409], "object_presence": 1}, "P398--clickr--clutter--26ONKJnfji1wTmZ9RIvH8gVO3GIGwW1MxGFwIrfOh74-00059.jpg": {"object_bounding_box": [540, 880, 1080, 400], "object_presence": 1}, "P398--clickr--clutter--26ONKJnfji1wTmZ9RIvH8gVO3GIGwW1MxGFwIrfOh74-00060.jpg": {"object_bounding_box": [540, 880, 1080, 400], "object_presence": 1}, "P398--clickr--clutter--26ONKJnfji1wTmZ9RIvH8gVO3GIGwW1MxGFwIrfOh74-00061.jpg": {"object_bounding_box": [540, 880, 1080, 400], "object_presence": 1}, "P398--clickr--clutter--26ONKJnfji1wTmZ9RIvH8gVO3GIGwW1MxGFwIrfOh74-00062.jpg": {"object_bounding_box": [540, 879, 1080, 401], "object_presence": 1}, "P398--clickr--clutter--26ONKJnfji1wTmZ9RIvH8gVO3GIGwW1MxGFwIrfOh74-00063.jpg": {"object_bounding_box": [540, 879, 1080, 401], "object_presence": 1}, "P398--clickr--clutter--26ONKJnfji1wTmZ9RIvH8gVO3GIGwW1MxGFwIrfOh74-00064.jpg": {"object_bounding_box": [540, 874, 1080, 413], "object_presence": 1}, "P398--clickr--clutter--26ONKJnfji1wTmZ9RIvH8gVO3GIGwW1MxGFwIrfOh74-00065.jpg": {"object_bounding_box": [540, 874, 1080, 413], "object_presence": 1}, "P398--clickr--clutter--26ONKJnfji1wTmZ9RIvH8gVO3GIGwW1MxGFwIrfOh74-00066.jpg": {"object_bounding_box": [540, 874, 1080, 413], "object_presence": 1}, "P398--clickr--clutter--26ONKJnfji1wTmZ9RIvH8gVO3GIGwW1MxGFwIrfOh74-00067.jpg": {"object_bounding_box": [540, 874, 1080, 413], "object_presence": 1}, "P398--clickr--clutter--26ONKJnfji1wTmZ9RIvH8gVO3GIGwW1MxGFwIrfOh74-00068.jpg": {"object_bounding_box": [540, 870, 1080, 419], "object_presence": 1}, "P398--clickr--clutter--26ONKJnfji1wTmZ9RIvH8gVO3GIGwW1MxGFwIrfOh74-00069.jpg": {"object_bounding_box": [540, 864, 1080, 432], "object_presence": 1}, "P398--clickr--clutter--26ONKJnfji1wTmZ9RIvH8gVO3GIGwW1MxGFwIrfOh74-00070.jpg": {"object_bounding_box": [540, 864, 1080, 432], "object_presence": 1}, "P398--clickr--clutter--26ONKJnfji1wTmZ9RIvH8gVO3GIGwW1MxGFwIrfOh74-00071.jpg": {"object_bounding_box": [540, 861, 1080, 438], "object_presence": 1}, "P398--clickr--clutter--26ONKJnfji1wTmZ9RIvH8gVO3GIGwW1MxGFwIrfOh74-00072.jpg": {"object_bounding_box": [540, 858, 1080, 445], "object_presence": 1}, "P398--clickr--clutter--26ONKJnfji1wTmZ9RIvH8gVO3GIGwW1MxGFwIrfOh74-00073.jpg": {"object_bounding_box": [540, 854, 1080, 451], "object_presence": 1}, "P398--clickr--clutter--26ONKJnfji1wTmZ9RIvH8gVO3GIGwW1MxGFwIrfOh74-00074.jpg": {"object_bounding_box": [540, 851, 1080, 458], "object_presence": 1}, "P398--clickr--clutter--26ONKJnfji1wTmZ9RIvH8gVO3GIGwW1MxGFwIrfOh74-00075.jpg": {"object_bounding_box": [540, 851, 1080, 458], "object_presence": 1}, "P398--clickr--clutter--26ONKJnfji1wTmZ9RIvH8gVO3GIGwW1MxGFwIrfOh74-00076.jpg": {"object_bounding_box": [540, 851, 1080, 458], "object_presence": 1}, "P398--clickr--clutter--26ONKJnfji1wTmZ9RIvH8gVO3GIGwW1MxGFwIrfOh74-00077.jpg": {"object_bounding_box": [540, 851, 1080, 458], "object_presence": 1}, "P398--clickr--clutter--26ONKJnfji1wTmZ9RIvH8gVO3GIGwW1MxGFwIrfOh74-00078.jpg": {"object_bounding_box": [540, 851, 1080, 458], "object_presence": 1}, "P398--clickr--clutter--26ONKJnfji1wTmZ9RIvH8gVO3GIGwW1MxGFwIrfOh74-00079.jpg": {"object_bounding_box": [540, 851, 1080, 458], "object_presence": 1}, "P398--clickr--clutter--26ONKJnfji1wTmZ9RIvH8gVO3GIGwW1MxGFwIrfOh74-00080.jpg": {"object_bounding_box": [540, 851, 1080, 458], "object_presence": 1}, "P398--clickr--clutter--26ONKJnfji1wTmZ9RIvH8gVO3GIGwW1MxGFwIrfOh74-00081.jpg": {"object_bounding_box": [540, 851, 1080, 458], "object_presence": 1}, "P398--clickr--clutter--26ONKJnfji1wTmZ9RIvH8gVO3GIGwW1MxGFwIrfOh74-00082.jpg": {"object_bounding_box": [540, 850, 1080, 459], "object_presence": 1}, "P398--clickr--clutter--26ONKJnfji1wTmZ9RIvH8gVO3GIGwW1MxGFwIrfOh74-00083.jpg": {"object_bounding_box": [540, 850, 1080, 459], "object_presence": 1}, "P398--clickr--clutter--26ONKJnfji1wTmZ9RIvH8gVO3GIGwW1MxGFwIrfOh74-00084.jpg": {"object_bounding_box": [540, 848, 1080, 464], "object_presence": 1}, "P398--clickr--clutter--26ONKJnfji1wTmZ9RIvH8gVO3GIGwW1MxGFwIrfOh74-00085.jpg": {"object_bounding_box": [540, 846, 1080, 468], "object_presence": 1}, "P398--clickr--clutter--26ONKJnfji1wTmZ9RIvH8gVO3GIGwW1MxGFwIrfOh74-00086.jpg": {"object_bounding_box": [540, 845, 1080, 471], "object_presence": 1}, "P398--clickr--clutter--26ONKJnfji1wTmZ9RIvH8gVO3GIGwW1MxGFwIrfOh74-00087.jpg": {"object_bounding_box": [540, 845, 1080, 471], "object_presence": 1}, "P398--clickr--clutter--26ONKJnfji1wTmZ9RIvH8gVO3GIGwW1MxGFwIrfOh74-00088.jpg": {"object_bounding_box": [540, 844, 1080, 472], "object_presence": 1}, "P398--clickr--clutter--26ONKJnfji1wTmZ9RIvH8gVO3GIGwW1MxGFwIrfOh74-00089.jpg": {"object_bounding_box": [540, 844, 1080, 472], "object_presence": 1}, "P398--clickr--clutter--26ONKJnfji1wTmZ9RIvH8gVO3GIGwW1MxGFwIrfOh74-00090.jpg": {"object_bounding_box": [540, 848, 1080, 465], "object_presence": 1}, "P398--clickr--clutter--26ONKJnfji1wTmZ9RIvH8gVO3GIGwW1MxGFwIrfOh74-00091.jpg": {"object_bounding_box": [540, 854, 1080, 453], "object_presence": 1}, "P398--clickr--clutter--26ONKJnfji1wTmZ9RIvH8gVO3GIGwW1MxGFwIrfOh74-00092.jpg": {"object_bounding_box": [540, 857, 1080, 446], "object_presence": 1}, "P398--clickr--clutter--26ONKJnfji1wTmZ9RIvH8gVO3GIGwW1MxGFwIrfOh74-00093.jpg": {"object_bounding_box": [540, 860, 1080, 441], "object_presence": 1}, "P398--clickr--clutter--26ONKJnfji1wTmZ9RIvH8gVO3GIGwW1MxGFwIrfOh74-00094.jpg": {"object_bounding_box": [542, 860, 1075, 441], "object_presence": 1}, "P398--clickr--clutter--26ONKJnfji1wTmZ9RIvH8gVO3GIGwW1MxGFwIrfOh74-00095.jpg": {"object_bounding_box": [545, 860, 1070, 441], "object_presence": 1}, "P398--clickr--clutter--26ONKJnfji1wTmZ9RIvH8gVO3GIGwW1MxGFwIrfOh74-00096.jpg": {"object_bounding_box": [546, 862, 1067, 435], "object_presence": 1}, "P398--clickr--clutter--26ONKJnfji1wTmZ9RIvH8gVO3GIGwW1MxGFwIrfOh74-00097.jpg": {"object_bounding_box": [546, 865, 1067, 430], "object_presence": 1}, "P398--clickr--clutter--26ONKJnfji1wTmZ9RIvH8gVO3GIGwW1MxGFwIrfOh74-00098.jpg": {"object_bounding_box": [546, 865, 1067, 430], "object_presence": 1}, "P398--clickr--clutter--26ONKJnfji1wTmZ9RIvH8gVO3GIGwW1MxGFwIrfOh74-00099.jpg": {"object_bounding_box": [542, 865, 1076, 430], "object_presence": 1}, "P398--clickr--clutter--26ONKJnfji1wTmZ9RIvH8gVO3GIGwW1MxGFwIrfOh74-00100.jpg": {"object_bounding_box": [540, 865, 1080, 430], "object_presence": 1}, "P398--clickr--clutter--26ONKJnfji1wTmZ9RIvH8gVO3GIGwW1MxGFwIrfOh74-00101.jpg": {"object_bounding_box": [535, 861, 1070, 435], "object_presence": 1}, "P398--clickr--clutter--26ONKJnfji1wTmZ9RIvH8gVO3GIGwW1MxGFwIrfOh74-00102.jpg": {"object_bounding_box": [528, 855, 1056, 449], "object_presence": 1}, "P398--clickr--clutter--26ONKJnfji1wTmZ9RIvH8gVO3GIGwW1MxGFwIrfOh74-00103.jpg": {"object_bounding_box": [524, 852, 1047, 455], "object_presence": 1}, "P398--clickr--clutter--26ONKJnfji1wTmZ9RIvH8gVO3GIGwW1MxGFwIrfOh74-00104.jpg": {"object_bounding_box": [519, 849, 1038, 462], "object_presence": 1}, "P398--clickr--clutter--26ONKJnfji1wTmZ9RIvH8gVO3GIGwW1MxGFwIrfOh74-00105.jpg": {"object_bounding_box": [515, 846, 1029, 468], "object_presence": 1}, "P398--clickr--clutter--26ONKJnfji1wTmZ9RIvH8gVO3GIGwW1MxGFwIrfOh74-00106.jpg": {"object_bounding_box": [509, 841, 1017, 477], "object_presence": 1}, "P398--clickr--clutter--26ONKJnfji1wTmZ9RIvH8gVO3GIGwW1MxGFwIrfOh74-00107.jpg": {"object_bounding_box": [504, 839, 1008, 482], "object_presence": 1}, "P398--clickr--clutter--26ONKJnfji1wTmZ9RIvH8gVO3GIGwW1MxGFwIrfOh74-00108.jpg": {"object_bounding_box": [502, 836, 1004, 488], "object_presence": 1}, "P398--clickr--clutter--26ONKJnfji1wTmZ9RIvH8gVO3GIGwW1MxGFwIrfOh74-00109.jpg": {"object_bounding_box": [500, 836, 1001, 488], "object_presence": 1}, "P398--clickr--clutter--26ONKJnfji1wTmZ9RIvH8gVO3GIGwW1MxGFwIrfOh74-00110.jpg": {"object_bounding_box": [500, 841, 1001, 479], "object_presence": 1}, "P398--clickr--clutter--26ONKJnfji1wTmZ9RIvH8gVO3GIGwW1MxGFwIrfOh74-00111.jpg": {"object_bounding_box": [511, 849, 990, 461], "object_presence": 1}, "P398--clickr--clutter--26ONKJnfji1wTmZ9RIvH8gVO3GIGwW1MxGFwIrfOh74-00112.jpg": {"object_bounding_box": [521, 849, 990, 461], "object_presence": 1}, "P398--clickr--clutter--26ONKJnfji1wTmZ9RIvH8gVO3GIGwW1MxGFwIrfOh74-00113.jpg": {"object_bounding_box": [534, 853, 996, 454], "object_presence": 1}, "P398--clickr--clutter--26ONKJnfji1wTmZ9RIvH8gVO3GIGwW1MxGFwIrfOh74-00114.jpg": {"object_bounding_box": [546, 858, 1000, 443], "object_presence": 1}, "P398--clickr--clutter--26ONKJnfji1wTmZ9RIvH8gVO3GIGwW1MxGFwIrfOh74-00115.jpg": {"object_bounding_box": [561, 873, 987, 415], "object_presence": 1}, "P398--clickr--clutter--26ONKJnfji1wTmZ9RIvH8gVO3GIGwW1MxGFwIrfOh74-00116.jpg": {"object_bounding_box": [583, 892, 973, 376], "object_presence": 1}, "P398--clickr--clutter--26ONKJnfji1wTmZ9RIvH8gVO3GIGwW1MxGFwIrfOh74-00117.jpg": {"object_bounding_box": [612, 909, 936, 342], "object_presence": 1}, "P398--clickr--clutter--26ONKJnfji1wTmZ9RIvH8gVO3GIGwW1MxGFwIrfOh74-00118.jpg": {"object_bounding_box": [628, 918, 903, 324], "object_presence": 1}, "P398--clickr--clutter--26ONKJnfji1wTmZ9RIvH8gVO3GIGwW1MxGFwIrfOh74-00119.jpg": {"object_bounding_box": [627, 921, 903, 318], "object_presence": 1}, "P398--clickr--clutter--26ONKJnfji1wTmZ9RIvH8gVO3GIGwW1MxGFwIrfOh74-00120.jpg": {"object_bounding_box": [627, 925, 903, 310], "object_presence": 1}, "P398--clickr--clutter--26ONKJnfji1wTmZ9RIvH8gVO3GIGwW1MxGFwIrfOh74-00121.jpg": {"object_bounding_box": [635, 931, 890, 298], "object_presence": 1}, "P398--clickr--clutter--26ONKJnfji1wTmZ9RIvH8gVO3GIGwW1MxGFwIrfOh74-00122.jpg": {"object_bounding_box": [641, 941, 878, 279], "object_presence": 1}, "P398--clickr--clutter--26ONKJnfji1wTmZ9RIvH8gVO3GIGwW1MxGFwIrfOh74-00123.jpg": {"object_bounding_box": [647, 953, 866, 253], "object_presence": 1}, "P398--clickr--clutter--26ONKJnfji1wTmZ9RIvH8gVO3GIGwW1MxGFwIrfOh74-00124.jpg": {"object_bounding_box": [656, 964, 848, 231], "object_presence": 1}, "P398--clickr--clutter--26ONKJnfji1wTmZ9RIvH8gVO3GIGwW1MxGFwIrfOh74-00125.jpg": {"object_bounding_box": [655, 975, 797, 210], "object_presence": 1}, "P398--clickr--clutter--26ONKJnfji1wTmZ9RIvH8gVO3GIGwW1MxGFwIrfOh74-00126.jpg": {"object_bounding_box": [674, 977, 779, 206], "object_presence": 1}, "P398--clickr--clutter--26ONKJnfji1wTmZ9RIvH8gVO3GIGwW1MxGFwIrfOh74-00127.jpg": {"object_bounding_box": [681, 982, 748, 195], "object_presence": 1}, "P398--clickr--clutter--26ONKJnfji1wTmZ9RIvH8gVO3GIGwW1MxGFwIrfOh74-00128.jpg": {"object_bounding_box": [665, 991, 696, 179], "object_presence": 1}, "P398--clickr--clutter--26ONKJnfji1wTmZ9RIvH8gVO3GIGwW1MxGFwIrfOh74-00129.jpg": {"object_bounding_box": [653, 1003, 626, 153], "object_presence": 1}, "P398--clickr--clutter--26ONKJnfji1wTmZ9RIvH8gVO3GIGwW1MxGFwIrfOh74-00130.jpg": {"object_bounding_box": [545, 1015, 344, 129], "object_presence": 1}, "P398--clickr--clutter--26ONKJnfji1wTmZ9RIvH8gVO3GIGwW1MxGFwIrfOh74-00131.jpg": {"object_bounding_box": [534, 1015, 336, 129], "object_presence": 1}, "P398--clickr--clutter--26ONKJnfji1wTmZ9RIvH8gVO3GIGwW1MxGFwIrfOh74-00132.jpg": {"object_bounding_box": [535, 1013, 364, 133], "object_presence": 1}, "P398--clickr--clutter--26ONKJnfji1wTmZ9RIvH8gVO3GIGwW1MxGFwIrfOh74-00133.jpg": {"object_bounding_box": [524, 1013, 353, 133], "object_presence": 1}, "P398--clickr--clutter--26ONKJnfji1wTmZ9RIvH8gVO3GIGwW1MxGFwIrfOh74-00134.jpg": {"object_bounding_box": [630, 1008, 560, 145], "object_presence": 1}, "P398--clickr--clutter--26ONKJnfji1wTmZ9RIvH8gVO3GIGwW1MxGFwIrfOh74-00135.jpg": {"object_bounding_box": [660, 996, 622, 168], "object_presence": 1}, "P398--clickr--clutter--26ONKJnfji1wTmZ9RIvH8gVO3GIGwW1MxGFwIrfOh74-00136.jpg": {"object_bounding_box": [670, 987, 640, 187], "object_presence": 1}, "P398--clickr--clutter--26ONKJnfji1wTmZ9RIvH8gVO3GIGwW1MxGFwIrfOh74-00137.jpg": {"object_bounding_box": [691, 980, 655, 200], "object_presence": 1}, "P398--clickr--clutter--26ONKJnfji1wTmZ9RIvH8gVO3GIGwW1MxGFwIrfOh74-00138.jpg": {"object_bounding_box": [702, 973, 655, 214], "object_presence": 1}, "P398--clickr--clutter--26ONKJnfji1wTmZ9RIvH8gVO3GIGwW1MxGFwIrfOh74-00139.jpg": {"object_bounding_box": [718, 971, 655, 218], "object_presence": 1}, "P398--clickr--clutter--26ONKJnfji1wTmZ9RIvH8gVO3GIGwW1MxGFwIrfOh74-00140.jpg": {"object_bounding_box": [728, 968, 651, 221], "object_presence": 1}, "P398--clickr--clutter--26ONKJnfji1wTmZ9RIvH8gVO3GIGwW1MxGFwIrfOh74-00141.jpg": {"object_bounding_box": [739, 969, 643, 222], "object_presence": 1}, "P398--clickr--clutter--26ONKJnfji1wTmZ9RIvH8gVO3GIGwW1MxGFwIrfOh74-00142.jpg": {"object_bounding_box": [743, 966, 630, 227], "object_presence": 1}, "P398--clickr--clutter--26ONKJnfji1wTmZ9RIvH8gVO3GIGwW1MxGFwIrfOh74-00143.jpg": {"object_bounding_box": [751, 965, 625, 230], "object_presence": 1}, "P398--clickr--clutter--26ONKJnfji1wTmZ9RIvH8gVO3GIGwW1MxGFwIrfOh74-00144.jpg": {"object_bounding_box": [761, 959, 616, 242], "object_presence": 1}, "P398--clickr--clutter--26ONKJnfji1wTmZ9RIvH8gVO3GIGwW1MxGFwIrfOh74-00145.jpg": {"object_bounding_box": [757, 952, 610, 255], "object_presence": 1}, "P398--clickr--clutter--26ONKJnfji1wTmZ9RIvH8gVO3GIGwW1MxGFwIrfOh74-00146.jpg": {"object_bounding_box": [764, 948, 600, 264], "object_presence": 1}, "P398--clickr--clutter--26ONKJnfji1wTmZ9RIvH8gVO3GIGwW1MxGFwIrfOh74-00147.jpg": {"object_bounding_box": [771, 952, 590, 256], "object_presence": 1}, "P398--clickr--clutter--26ONKJnfji1wTmZ9RIvH8gVO3GIGwW1MxGFwIrfOh74-00148.jpg": {"object_bounding_box": [767, 956, 586, 247], "object_presence": 1}, "P398--clickr--clutter--26ONKJnfji1wTmZ9RIvH8gVO3GIGwW1MxGFwIrfOh74-00149.jpg": {"object_bounding_box": [764, 956, 574, 247], "object_presence": 1}, "P398--clickr--clutter--26ONKJnfji1wTmZ9RIvH8gVO3GIGwW1MxGFwIrfOh74-00150.jpg": {"object_bounding_box": [762, 960, 569, 240], "object_presence": 1}, "P398--clickr--clutter--26ONKJnfji1wTmZ9RIvH8gVO3GIGwW1MxGFwIrfOh74-00151.jpg": {"object_bounding_box": [750, 965, 566, 230], "object_presence": 1}, "P398--clickr--clutter--26ONKJnfji1wTmZ9RIvH8gVO3GIGwW1MxGFwIrfOh74-00152.jpg": {"object_bounding_box": [736, 971, 555, 218], "object_presence": 1}, "P398--clickr--clutter--26ONKJnfji1wTmZ9RIvH8gVO3GIGwW1MxGFwIrfOh74-00153.jpg": {"object_bounding_box": [717, 971, 552, 218], "object_presence": 1}, "P398--clickr--clutter--26ONKJnfji1wTmZ9RIvH8gVO3GIGwW1MxGFwIrfOh74-00154.jpg": {"object_bounding_box": [702, 975, 539, 211], "object_presence": 1}, "P398--clickr--clutter--26ONKJnfji1wTmZ9RIvH8gVO3GIGwW1MxGFwIrfOh74-00155.jpg": {"object_bounding_box": [687, 973, 535, 214], "object_presence": 1}, "P398--clickr--clutter--26ONKJnfji1wTmZ9RIvH8gVO3GIGwW1MxGFwIrfOh74-00156.jpg": {"object_bounding_box": [680, 968, 520, 224], "object_presence": 1}, "P398--clickr--clutter--26ONKJnfji1wTmZ9RIvH8gVO3GIGwW1MxGFwIrfOh74-00157.jpg": {"object_bounding_box": [691, 963, 520, 233], "object_presence": 1}, "P398--clickr--clutter--26ONKJnfji1wTmZ9RIvH8gVO3GIGwW1MxGFwIrfOh74-00158.jpg": {"object_bounding_box": [699, 963, 515, 234], "object_presence": 1}, "P398--clickr--clutter--26ONKJnfji1wTmZ9RIvH8gVO3GIGwW1MxGFwIrfOh74-00159.jpg": {"object_bounding_box": [704, 963, 511, 234], "object_presence": 1}, "P398--clickr--clutter--26ONKJnfji1wTmZ9RIvH8gVO3GIGwW1MxGFwIrfOh74-00160.jpg": {"object_bounding_box": [697, 960, 511, 241], "object_presence": 1}, "P398--clickr--clutter--26ONKJnfji1wTmZ9RIvH8gVO3GIGwW1MxGFwIrfOh74-00161.jpg": {"object_bounding_box": [687, 956, 511, 248], "object_presence": 1}, "P398--clickr--clutter--26ONKJnfji1wTmZ9RIvH8gVO3GIGwW1MxGFwIrfOh74-00162.jpg": {"object_bounding_box": [683, 954, 500, 251], "object_presence": 1}, "P398--clickr--clutter--26ONKJnfji1wTmZ9RIvH8gVO3GIGwW1MxGFwIrfOh74-00163.jpg": {"object_bounding_box": [683, 954, 500, 251], "object_presence": 1}, "P398--clickr--clutter--26ONKJnfji1wTmZ9RIvH8gVO3GIGwW1MxGFwIrfOh74-00164.jpg": {"object_bounding_box": [684, 954, 492, 251], "object_presence": 1}, "P398--clickr--clutter--26ONKJnfji1wTmZ9RIvH8gVO3GIGwW1MxGFwIrfOh74-00165.jpg": {"object_bounding_box": [697, 931, 489, 268], "object_presence": 1}, "P398--clickr--clutter--26ONKJnfji1wTmZ9RIvH8gVO3GIGwW1MxGFwIrfOh74-00166.jpg": {"object_bounding_box": [710, 917, 489, 268], "object_presence": 1}, "P398--clickr--clutter--26ONKJnfji1wTmZ9RIvH8gVO3GIGwW1MxGFwIrfOh74-00167.jpg": {"object_bounding_box": [711, 906, 484, 266], "object_presence": 1}, "P398--clickr--clutter--26ONKJnfji1wTmZ9RIvH8gVO3GIGwW1MxGFwIrfOh74-00168.jpg": {"object_bounding_box": [705, 902, 479, 254], "object_presence": 1}, "P398--clickr--clutter--26ONKJnfji1wTmZ9RIvH8gVO3GIGwW1MxGFwIrfOh74-00169.jpg": {"object_bounding_box": [682, 899, 492, 254], "object_presence": 1}, "P398--clickr--clutter--26ONKJnfji1wTmZ9RIvH8gVO3GIGwW1MxGFwIrfOh74-00170.jpg": {"object_bounding_box": [643, 897, 486, 245], "object_presence": 1}, "P398--clickr--clutter--26ONKJnfji1wTmZ9RIvH8gVO3GIGwW1MxGFwIrfOh74-00171.jpg": {"object_bounding_box": [640, 912, 476, 249], "object_presence": 1}, "P398--clickr--clutter--26ONKJnfji1wTmZ9RIvH8gVO3GIGwW1MxGFwIrfOh74-00172.jpg": {"object_bounding_box": [682, 933, 470, 249], "object_presence": 1}, "P398--clickr--clutter--26ONKJnfji1wTmZ9RIvH8gVO3GIGwW1MxGFwIrfOh74-00173.jpg": {"object_bounding_box": [682, 937, 470, 240], "object_presence": 1}, "P398--clickr--clutter--26ONKJnfji1wTmZ9RIvH8gVO3GIGwW1MxGFwIrfOh74-00174.jpg": {"object_bounding_box": [669, 938, 457, 240], "object_presence": 1}, "P398--clickr--clutter--26ONKJnfji1wTmZ9RIvH8gVO3GIGwW1MxGFwIrfOh74-00175.jpg": {"object_bounding_box": [689, 952, 457, 244], "object_presence": 1}, "P398--clickr--clutter--26ONKJnfji1wTmZ9RIvH8gVO3GIGwW1MxGFwIrfOh74-00176.jpg": {"object_bounding_box": [705, 963, 454, 233], "object_presence": 1}, "P398--clickr--clutter--26ONKJnfji1wTmZ9RIvH8gVO3GIGwW1MxGFwIrfOh74-00177.jpg": {"object_bounding_box": [699, 971, 446, 218], "object_presence": 1}, "P398--clickr--clutter--26ONKJnfji1wTmZ9RIvH8gVO3GIGwW1MxGFwIrfOh74-00178.jpg": {"object_bounding_box": [710, 977, 446, 206], "object_presence": 1}, "P398--clickr--clutter--26ONKJnfji1wTmZ9RIvH8gVO3GIGwW1MxGFwIrfOh74-00179.jpg": {"object_bounding_box": [710, 982, 442, 197], "object_presence": 1}, "P398--clickr--clutter--26ONKJnfji1wTmZ9RIvH8gVO3GIGwW1MxGFwIrfOh74-00180.jpg": {"object_bounding_box": [705, 985, 442, 191], "object_presence": 1}, "P398--clickr--clutter--26ONKJnfji1wTmZ9RIvH8gVO3GIGwW1MxGFwIrfOh74-00181.jpg": {"object_bounding_box": [701, 988, 440, 184], "object_presence": 1}, "P398--clickr--clutter--26ONKJnfji1wTmZ9RIvH8gVO3GIGwW1MxGFwIrfOh74-00182.jpg": {"object_bounding_box": [701, 988, 440, 184], "object_presence": 1}, "P398--clickr--clutter--26ONKJnfji1wTmZ9RIvH8gVO3GIGwW1MxGFwIrfOh74-00183.jpg": {"object_bounding_box": [698, 982, 437, 197], "object_presence": 1}, "P398--clickr--clutter--26ONKJnfji1wTmZ9RIvH8gVO3GIGwW1MxGFwIrfOh74-00184.jpg": {"object_bounding_box": [691, 978, 432, 204], "object_presence": 1}, "P398--clickr--clutter--26ONKJnfji1wTmZ9RIvH8gVO3GIGwW1MxGFwIrfOh74-00185.jpg": {"object_bounding_box": [691, 978, 432, 204], "object_presence": 1}, "P398--clickr--clutter--26ONKJnfji1wTmZ9RIvH8gVO3GIGwW1MxGFwIrfOh74-00186.jpg": {"object_bounding_box": [687, 978, 432, 204], "object_presence": 1}, "P398--clickr--clutter--26ONKJnfji1wTmZ9RIvH8gVO3GIGwW1MxGFwIrfOh74-00187.jpg": {"object_bounding_box": [680, 979, 432, 201], "object_presence": 1}, "P398--clickr--clutter--26ONKJnfji1wTmZ9RIvH8gVO3GIGwW1MxGFwIrfOh74-00188.jpg": {"object_bounding_box": [696, 986, 429, 189], "object_presence": 1}, "P398--clickr--clutter--26ONKJnfji1wTmZ9RIvH8gVO3GIGwW1MxGFwIrfOh74-00189.jpg": {"object_bounding_box": [692, 989, 429, 182], "object_presence": 1}, "P398--clickr--clutter--26ONKJnfji1wTmZ9RIvH8gVO3GIGwW1MxGFwIrfOh74-00190.jpg": {"object_bounding_box": [679, 989, 421, 182], "object_presence": 1}, "P398--clickr--clutter--26ONKJnfji1wTmZ9RIvH8gVO3GIGwW1MxGFwIrfOh74-00191.jpg": {"object_bounding_box": [679, 989, 421, 182], "object_presence": 1}, "P398--clickr--clutter--26ONKJnfji1wTmZ9RIvH8gVO3GIGwW1MxGFwIrfOh74-00192.jpg": {"object_bounding_box": [681, 990, 416, 180], "object_presence": 1}, "P398--clickr--clutter--26ONKJnfji1wTmZ9RIvH8gVO3GIGwW1MxGFwIrfOh74-00193.jpg": {"object_bounding_box": [683, 995, 413, 170], "object_presence": 1}, "P398--clickr--clutter--26ONKJnfji1wTmZ9RIvH8gVO3GIGwW1MxGFwIrfOh74-00194.jpg": {"object_bounding_box": [684, 1000, 410, 159], "object_presence": 1}, "P398--clickr--clutter--26ONKJnfji1wTmZ9RIvH8gVO3GIGwW1MxGFwIrfOh74-00195.jpg": {"object_bounding_box": [684, 1000, 410, 159], "object_presence": 1}, "P398--clickr--clutter--26ONKJnfji1wTmZ9RIvH8gVO3GIGwW1MxGFwIrfOh74-00196.jpg": {"object_bounding_box": [680, 1003, 410, 153], "object_presence": 1}, "P398--clickr--clutter--26ONKJnfji1wTmZ9RIvH8gVO3GIGwW1MxGFwIrfOh74-00197.jpg": {"object_bounding_box": [678, 1004, 398, 151], "object_presence": 1}, "P398--clickr--clutter--26ONKJnfji1wTmZ9RIvH8gVO3GIGwW1MxGFwIrfOh74-00198.jpg": {"object_bounding_box": [684, 1011, 388, 139], "object_presence": 1}, "P398--clickr--clutter--26ONKJnfji1wTmZ9RIvH8gVO3GIGwW1MxGFwIrfOh74-00199.jpg": {"object_bounding_box": [667, 1011, 388, 139], "object_presence": 1}, "P398--clickr--clutter--26ONKJnfji1wTmZ9RIvH8gVO3GIGwW1MxGFwIrfOh74-00200.jpg": {"object_bounding_box": [665, 1009, 384, 142], "object_presence": 1}, "P398--clickr--clutter--26ONKJnfji1wTmZ9RIvH8gVO3GIGwW1MxGFwIrfOh74-00201.jpg": {"object_bounding_box": [667, 1009, 380, 142], "object_presence": 1}, "P398--clickr--clutter--26ONKJnfji1wTmZ9RIvH8gVO3GIGwW1MxGFwIrfOh74-00202.jpg": {"object_bounding_box": [669, 1012, 377, 135], "object_presence": 1}, "P398--clickr--clutter--26ONKJnfji1wTmZ9RIvH8gVO3GIGwW1MxGFwIrfOh74-00203.jpg": {"object_bounding_box": [667, 1014, 372, 132], "object_presence": 1}, "P398--clickr--clutter--26ONKJnfji1wTmZ9RIvH8gVO3GIGwW1MxGFwIrfOh74-00204.jpg": {"object_bounding_box": [671, 1014, 372, 132], "object_presence": 1}, "P398--clickr--clutter--26ONKJnfji1wTmZ9RIvH8gVO3GIGwW1MxGFwIrfOh74-00205.jpg": {"object_bounding_box": [671, 1012, 372, 136], "object_presence": 1}, "P398--clickr--clutter--26ONKJnfji1wTmZ9RIvH8gVO3GIGwW1MxGFwIrfOh74-00206.jpg": {"object_bounding_box": [674, 1012, 372, 136], "object_presence": 1}, "P398--clickr--clutter--26ONKJnfji1wTmZ9RIvH8gVO3GIGwW1MxGFwIrfOh74-00207.jpg": {"object_bounding_box": [677, 1007, 379, 146], "object_presence": 1}, "P398--clickr--clutter--26ONKJnfji1wTmZ9RIvH8gVO3GIGwW1MxGFwIrfOh74-00208.jpg": {"object_bounding_box": [677, 1006, 379, 149], "object_presence": 1}, "P398--clickr--clutter--26ONKJnfji1wTmZ9RIvH8gVO3GIGwW1MxGFwIrfOh74-00209.jpg": {"object_bounding_box": [674, 1006, 378, 149], "object_presence": 1}, "P398--clickr--clutter--26ONKJnfji1wTmZ9RIvH8gVO3GIGwW1MxGFwIrfOh74-00210.jpg": {"object_bounding_box": [674, 1009, 377, 143], "object_presence": 1}, "P398--clickr--clutter--26ONKJnfji1wTmZ9RIvH8gVO3GIGwW1MxGFwIrfOh74-00211.jpg": {"object_bounding_box": [672, 1012, 372, 136], "object_presence": 1}, "P398--clickr--clutter--26ONKJnfji1wTmZ9RIvH8gVO3GIGwW1MxGFwIrfOh74-00212.jpg": {"object_bounding_box": [669, 1012, 372, 136], "object_presence": 1}, "P398--clickr--clutter--26ONKJnfji1wTmZ9RIvH8gVO3GIGwW1MxGFwIrfOh74-00213.jpg": {"object_bounding_box": [661, 1010, 373, 141], "object_presence": 1}, "P398--clickr--clutter--26ONKJnfji1wTmZ9RIvH8gVO3GIGwW1MxGFwIrfOh74-00214.jpg": {"object_bounding_box": [659, 1005, 369, 149], "object_presence": 1}, "P398--clickr--clutter--26ONKJnfji1wTmZ9RIvH8gVO3GIGwW1MxGFwIrfOh74-00215.jpg": {"object_bounding_box": [655, 1002, 374, 155], "object_presence": 1}, "P398--clickr--clutter--26ONKJnfji1wTmZ9RIvH8gVO3GIGwW1MxGFwIrfOh74-00216.jpg": {"object_bounding_box": [650, 1001, 374, 158], "object_presence": 1}, "P398--clickr--clutter--26ONKJnfji1wTmZ9RIvH8gVO3GIGwW1MxGFwIrfOh74-00217.jpg": {"object_bounding_box": [644, 997, 374, 166], "object_presence": 1}, "P398--clickr--clutter--26ONKJnfji1wTmZ9RIvH8gVO3GIGwW1MxGFwIrfOh74-00218.jpg": {"object_bounding_box": [644, 994, 373, 171], "object_presence": 1}, "P398--clickr--clutter--26ONKJnfji1wTmZ9RIvH8gVO3GIGwW1MxGFwIrfOh74-00219.jpg": {"object_bounding_box": [650, 990, 372, 180], "object_presence": 1}, "P398--clickr--clutter--26ONKJnfji1wTmZ9RIvH8gVO3GIGwW1MxGFwIrfOh74-00220.jpg": {"object_bounding_box": [654, 987, 369, 187], "object_presence": 1}, "P398--clickr--clutter--26ONKJnfji1wTmZ9RIvH8gVO3GIGwW1MxGFwIrfOh74-00221.jpg": {"object_bounding_box": [661, 985, 369, 191], "object_presence": 1}, "P398--clickr--clutter--26ONKJnfji1wTmZ9RIvH8gVO3GIGwW1MxGFwIrfOh74-00222.jpg": {"object_bounding_box": [656, 985, 372, 191], "object_presence": 1}, "P398--clickr--clutter--26ONKJnfji1wTmZ9RIvH8gVO3GIGwW1MxGFwIrfOh74-00223.jpg": {"object_bounding_box": [641, 980, 363, 194], "object_presence": 1}, "P398--clickr--clutter--26ONKJnfji1wTmZ9RIvH8gVO3GIGwW1MxGFwIrfOh74-00224.jpg": {"object_bounding_box": [650, 976, 363, 194], "object_presence": 1}, "P398--clickr--clutter--26ONKJnfji1wTmZ9RIvH8gVO3GIGwW1MxGFwIrfOh74-00225.jpg": {"object_bounding_box": [653, 978, 363, 194], "object_presence": 1}, "P398--clickr--clutter--26ONKJnfji1wTmZ9RIvH8gVO3GIGwW1MxGFwIrfOh74-00226.jpg": {"object_bounding_box": [671, 983, 363, 194], "object_presence": 1}, "P398--clickr--clutter--26ONKJnfji1wTmZ9RIvH8gVO3GIGwW1MxGFwIrfOh74-00227.jpg": {"object_bounding_box": [681, 979, 362, 194], "object_presence": 1}, "P398--clickr--clutter--26ONKJnfji1wTmZ9RIvH8gVO3GIGwW1MxGFwIrfOh74-00228.jpg": {"object_bounding_box": [684, 978, 354, 196], "object_presence": 1}, "P398--clickr--clutter--26ONKJnfji1wTmZ9RIvH8gVO3GIGwW1MxGFwIrfOh74-00229.jpg": {"object_bounding_box": [697, 981, 354, 198], "object_presence": 1}, "P398--clickr--clutter--26ONKJnfji1wTmZ9RIvH8gVO3GIGwW1MxGFwIrfOh74-00230.jpg": {"object_bounding_box": [705, 975, 355, 198], "object_presence": 1}, "P398--clickr--clutter--26ONKJnfji1wTmZ9RIvH8gVO3GIGwW1MxGFwIrfOh74-00231.jpg": {"object_bounding_box": [717, 969, 355, 198], "object_presence": 1}, "P398--clickr--clutter--26ONKJnfji1wTmZ9RIvH8gVO3GIGwW1MxGFwIrfOh74-00232.jpg": {"object_bounding_box": [723, 964, 355, 198], "object_presence": 1}, "P398--clickr--clutter--26ONKJnfji1wTmZ9RIvH8gVO3GIGwW1MxGFwIrfOh74-00233.jpg": {"object_bounding_box": [719, 947, 355, 198], "object_presence": 1}, "P398--clickr--clutter--26ONKJnfji1wTmZ9RIvH8gVO3GIGwW1MxGFwIrfOh74-00234.jpg": {"object_bounding_box": [714, 938, 347, 198], "object_presence": 1}, "P398--clickr--clutter--26ONKJnfji1wTmZ9RIvH8gVO3GIGwW1MxGFwIrfOh74-00235.jpg": {"object_bounding_box": [712, 933, 347, 198], "object_presence": 1}, "P398--clickr--clutter--26ONKJnfji1wTmZ9RIvH8gVO3GIGwW1MxGFwIrfOh74-00236.jpg": {"object_bounding_box": [699, 931, 347, 189], "object_presence": 1}, "P398--clickr--clutter--26ONKJnfji1wTmZ9RIvH8gVO3GIGwW1MxGFwIrfOh74-00237.jpg": {"object_bounding_box": [695, 926, 343, 189], "object_presence": 1}, "P398--clickr--clutter--26ONKJnfji1wTmZ9RIvH8gVO3GIGwW1MxGFwIrfOh74-00238.jpg": {"object_bounding_box": [679, 919, 350, 189], "object_presence": 1}, "P398--clickr--clutter--26ONKJnfji1wTmZ9RIvH8gVO3GIGwW1MxGFwIrfOh74-00239.jpg": {"object_bounding_box": [657, 916, 341, 180], "object_presence": 1}, "P398--clickr--clutter--26ONKJnfji1wTmZ9RIvH8gVO3GIGwW1MxGFwIrfOh74-00240.jpg": {"object_bounding_box": [645, 911, 341, 180], "object_presence": 1}, "P398--clickr--clutter--26ONKJnfji1wTmZ9RIvH8gVO3GIGwW1MxGFwIrfOh74-00241.jpg": {"object_bounding_box": [615, 901, 341, 180], "object_presence": 1}, "P398--clickr--clutter--26ONKJnfji1wTmZ9RIvH8gVO3GIGwW1MxGFwIrfOh74-00242.jpg": {"object_bounding_box": [615, 901, 341, 180], "object_presence": 1}, "P398--clickr--clutter--26ONKJnfji1wTmZ9RIvH8gVO3GIGwW1MxGFwIrfOh74-00243.jpg": {"object_bounding_box": [635, 914, 328, 178], "object_presence": 1}, "P398--clickr--clutter--26ONKJnfji1wTmZ9RIvH8gVO3GIGwW1MxGFwIrfOh74-00244.jpg": {"object_bounding_box": [633, 922, 328, 174], "object_presence": 1}, "P398--clickr--clutter--26ONKJnfji1wTmZ9RIvH8gVO3GIGwW1MxGFwIrfOh74-00245.jpg": {"object_bounding_box": [633, 926, 328, 174], "object_presence": 1}, "P398--clickr--clutter--26ONKJnfji1wTmZ9RIvH8gVO3GIGwW1MxGFwIrfOh74-00246.jpg": {"object_bounding_box": [653, 943, 321, 174], "object_presence": 1}, "P398--clickr--clutter--26ONKJnfji1wTmZ9RIvH8gVO3GIGwW1MxGFwIrfOh74-00247.jpg": {"object_bounding_box": [653, 950, 321, 174], "object_presence": 1}, "P398--clickr--clutter--26ONKJnfji1wTmZ9RIvH8gVO3GIGwW1MxGFwIrfOh74-00248.jpg": {"object_bounding_box": [635, 946, 321, 174], "object_presence": 1}, "P398--clickr--clutter--26ONKJnfji1wTmZ9RIvH8gVO3GIGwW1MxGFwIrfOh74-00249.jpg": {"object_bounding_box": [622, 940, 318, 166], "object_presence": 1}, "P398--clickr--clutter--26ONKJnfji1wTmZ9RIvH8gVO3GIGwW1MxGFwIrfOh74-00250.jpg": {"object_bounding_box": [611, 940, 318, 166], "object_presence": 1}, "P398--clickr--clutter--26ONKJnfji1wTmZ9RIvH8gVO3GIGwW1MxGFwIrfOh74-00251.jpg": {"object_bounding_box": [590, 931, 318, 166], "object_presence": 1}, "P398--clickr--clutter--26ONKJnfji1wTmZ9RIvH8gVO3GIGwW1MxGFwIrfOh74-00252.jpg": {"object_bounding_box": [572, 917, 310, 160], "object_presence": 1}, "P398--clickr--clutter--26ONKJnfji1wTmZ9RIvH8gVO3GIGwW1MxGFwIrfOh74-00253.jpg": {"object_bounding_box": [584, 915, 310, 160], "object_presence": 1}, "P398--clickr--clutter--26ONKJnfji1wTmZ9RIvH8gVO3GIGwW1MxGFwIrfOh74-00254.jpg": {"object_bounding_box": [584, 905, 310, 160], "object_presence": 1}, "P398--clickr--clutter--26ONKJnfji1wTmZ9RIvH8gVO3GIGwW1MxGFwIrfOh74-00255.jpg": {"object_bounding_box": [581, 892, 306, 160], "object_presence": 1}, "P398--clickr--clutter--26ONKJnfji1wTmZ9RIvH8gVO3GIGwW1MxGFwIrfOh74-00256.jpg": {"object_bounding_box": [594, 887, 306, 160], "object_presence": 1}, "P398--clickr--clutter--26ONKJnfji1wTmZ9RIvH8gVO3GIGwW1MxGFwIrfOh74-00257.jpg": {"object_bounding_box": [605, 886, 306, 160], "object_presence": 1}, "P398--clickr--clutter--26ONKJnfji1wTmZ9RIvH8gVO3GIGwW1MxGFwIrfOh74-00258.jpg": {"object_bounding_box": [591, 881, 308, 157], "object_presence": 1}, "P398--clickr--clutter--26ONKJnfji1wTmZ9RIvH8gVO3GIGwW1MxGFwIrfOh74-00259.jpg": {"object_bounding_box": [583, 883, 304, 157], "object_presence": 1}, "P398--clickr--clutter--26ONKJnfji1wTmZ9RIvH8gVO3GIGwW1MxGFwIrfOh74-00260.jpg": {"object_bounding_box": [577, 903, 304, 157], "object_presence": 1}, "P398--clickr--clutter--26ONKJnfji1wTmZ9RIvH8gVO3GIGwW1MxGFwIrfOh74-00261.jpg": {"object_bounding_box": [566, 913, 304, 157], "object_presence": 1}, "P398--clickr--clutter--26ONKJnfji1wTmZ9RIvH8gVO3GIGwW1MxGFwIrfOh74-00262.jpg": {"object_bounding_box": [550, 921, 304, 157], "object_presence": 1}, "P398--clickr--clutter--26ONKJnfji1wTmZ9RIvH8gVO3GIGwW1MxGFwIrfOh74-00263.jpg": {"object_bounding_box": [541, 931, 304, 157], "object_presence": 1}, "P398--clickr--clutter--26ONKJnfji1wTmZ9RIvH8gVO3GIGwW1MxGFwIrfOh74-00264.jpg": {"object_bounding_box": [521, 935, 304, 157], "object_presence": 1}, "P398--clickr--clutter--26ONKJnfji1wTmZ9RIvH8gVO3GIGwW1MxGFwIrfOh74-00265.jpg": {"object_bounding_box": [507, 939, 300, 157], "object_presence": 1}, "P398--clickr--clutter--26ONKJnfji1wTmZ9RIvH8gVO3GIGwW1MxGFwIrfOh74-00266.jpg": {"object_bounding_box": [508, 949, 296, 157], "object_presence": 1}, "P398--clickr--clutter--26ONKJnfji1wTmZ9RIvH8gVO3GIGwW1MxGFwIrfOh74-00267.jpg": {"object_bounding_box": [524, 961, 294, 157], "object_presence": 1}, "P398--clickr--clutter--26ONKJnfji1wTmZ9RIvH8gVO3GIGwW1MxGFwIrfOh74-00268.jpg": {"object_bounding_box": [531, 969, 291, 155], "object_presence": 1}, "P398--clickr--clutter--26ONKJnfji1wTmZ9RIvH8gVO3GIGwW1MxGFwIrfOh74-00269.jpg": {"object_bounding_box": [527, 971, 291, 155], "object_presence": 1}, "P398--clickr--clutter--26ONKJnfji1wTmZ9RIvH8gVO3GIGwW1MxGFwIrfOh74-00270.jpg": {"object_bounding_box": [534, 972, 291, 150], "object_presence": 1}, "P398--clickr--clutter--26ONKJnfji1wTmZ9RIvH8gVO3GIGwW1MxGFwIrfOh74-00271.jpg": {"object_bounding_box": [550, 975, 291, 150], "object_presence": 1}, "P398--clickr--clutter--26ONKJnfji1wTmZ9RIvH8gVO3GIGwW1MxGFwIrfOh74-00272.jpg": {"object_bounding_box": [557, 973, 285, 150], "object_presence": 1}, "P398--clickr--clutter--26ONKJnfji1wTmZ9RIvH8gVO3GIGwW1MxGFwIrfOh74-00273.jpg": {"object_bounding_box": [562, 972, 285, 150], "object_presence": 1}, "P398--clickr--clutter--26ONKJnfji1wTmZ9RIvH8gVO3GIGwW1MxGFwIrfOh74-00274.jpg": {"object_bounding_box": [575, 974, 285, 150], "object_presence": 1}, "P398--clickr--clutter--26ONKJnfji1wTmZ9RIvH8gVO3GIGwW1MxGFwIrfOh74-00275.jpg": {"object_bounding_box": [579, 971, 285, 150], "object_presence": 1}, "P398--clickr--clutter--26ONKJnfji1wTmZ9RIvH8gVO3GIGwW1MxGFwIrfOh74-00276.jpg": {"object_bounding_box": [575, 964, 285, 150], "object_presence": 1}, "P398--clickr--clutter--26ONKJnfji1wTmZ9RIvH8gVO3GIGwW1MxGFwIrfOh74-00277.jpg": {"object_bounding_box": [582, 965, 285, 150], "object_presence": 1}, "P398--clickr--clutter--26ONKJnfji1wTmZ9RIvH8gVO3GIGwW1MxGFwIrfOh74-00278.jpg": {"object_bounding_box": [585, 958, 285, 150], "object_presence": 1}, "P398--clickr--clutter--26ONKJnfji1wTmZ9RIvH8gVO3GIGwW1MxGFwIrfOh74-00279.jpg": {"object_bounding_box": [562, 952, 290, 145], "object_presence": 1}, "P398--clickr--clutter--26ONKJnfji1wTmZ9RIvH8gVO3GIGwW1MxGFwIrfOh74-00280.jpg": {"object_bounding_box": [568, 958, 290, 145], "object_presence": 1}, "P398--clickr--clutter--26ONKJnfji1wTmZ9RIvH8gVO3GIGwW1MxGFwIrfOh74-00281.jpg": {"object_bounding_box": [587, 969, 280, 145], "object_presence": 1}, "P398--clickr--clutter--26ONKJnfji1wTmZ9RIvH8gVO3GIGwW1MxGFwIrfOh74-00282.jpg": {"object_bounding_box": [584, 964, 280, 145], "object_presence": 1}, "P398--clickr--clutter--26ONKJnfji1wTmZ9RIvH8gVO3GIGwW1MxGFwIrfOh74-00283.jpg": {"object_bounding_box": [577, 959, 280, 145], "object_presence": 1}, "P398--clickr--clutter--26ONKJnfji1wTmZ9RIvH8gVO3GIGwW1MxGFwIrfOh74-00284.jpg": {"object_bounding_box": [574, 956, 280, 145], "object_presence": 1}, "P398--clickr--clutter--26ONKJnfji1wTmZ9RIvH8gVO3GIGwW1MxGFwIrfOh74-00285.jpg": {"object_bounding_box": [571, 954, 280, 145], "object_presence": 1}, "P398--clickr--clutter--26ONKJnfji1wTmZ9RIvH8gVO3GIGwW1MxGFwIrfOh74-00286.jpg": {"object_bounding_box": [574, 958, 278, 145], "object_presence": 1}, "P398--clickr--clutter--26ONKJnfji1wTmZ9RIvH8gVO3GIGwW1MxGFwIrfOh74-00287.jpg": {"object_bounding_box": [578, 961, 275, 143], "object_presence": 1}, "P398--clickr--clutter--26ONKJnfji1wTmZ9RIvH8gVO3GIGwW1MxGFwIrfOh74-00288.jpg": {"object_bounding_box": [573, 959, 277, 143], "object_presence": 1}, "P398--clickr--clutter--26ONKJnfji1wTmZ9RIvH8gVO3GIGwW1MxGFwIrfOh74-00289.jpg": {"object_bounding_box": [560, 957, 274, 143], "object_presence": 1}, "P398--clickr--clutter--26ONKJnfji1wTmZ9RIvH8gVO3GIGwW1MxGFwIrfOh74-00290.jpg": {"object_bounding_box": [564, 967, 274, 143], "object_presence": 1}, "P398--clickr--clutter--26ONKJnfji1wTmZ9RIvH8gVO3GIGwW1MxGFwIrfOh74-00291.jpg": {"object_bounding_box": [567, 971, 274, 143], "object_presence": 1}, "P398--clickr--clutter--26ONKJnfji1wTmZ9RIvH8gVO3GIGwW1MxGFwIrfOh74-00292.jpg": {"object_bounding_box": [555, 972, 274, 143], "object_presence": 1}, "P398--clickr--clutter--26ONKJnfji1wTmZ9RIvH8gVO3GIGwW1MxGFwIrfOh74-00293.jpg": {"object_bounding_box": [559, 976, 274, 143], "object_presence": 1}, "P398--clickr--clutter--26ONKJnfji1wTmZ9RIvH8gVO3GIGwW1MxGFwIrfOh74-00294.jpg": {"object_bounding_box": [572, 973, 270, 143], "object_presence": 1}, "P398--clickr--clutter--26ONKJnfji1wTmZ9RIvH8gVO3GIGwW1MxGFwIrfOh74-00295.jpg": {"object_bounding_box": [574, 973, 270, 139], "object_presence": 1}, "P398--clickr--clutter--26ONKJnfji1wTmZ9RIvH8gVO3GIGwW1MxGFwIrfOh74-00296.jpg": {"object_bounding_box": [586, 992, 270, 139], "object_presence": 1}, "P398--clickr--clutter--26ONKJnfji1wTmZ9RIvH8gVO3GIGwW1MxGFwIrfOh74-00297.jpg": {"object_bounding_box": [608, 992, 270, 139], "object_presence": 1}, "P398--clickr--clutter--26ONKJnfji1wTmZ9RIvH8gVO3GIGwW1MxGFwIrfOh74-00298.jpg": {"object_bounding_box": [607, 996, 270, 139], "object_presence": 1}, "P398--clickr--clutter--26ONKJnfji1wTmZ9RIvH8gVO3GIGwW1MxGFwIrfOh74-00299.jpg": {"object_bounding_box": [603, 993, 267, 139], "object_presence": 1}, "P398--clickr--clutter--26ONKJnfji1wTmZ9RIvH8gVO3GIGwW1MxGFwIrfOh74-00300.jpg": {"object_bounding_box": [616, 989, 265, 137], "object_presence": 1}, "P398--clickr--clutter--26ONKJnfji1wTmZ9RIvH8gVO3GIGwW1MxGFwIrfOh74-00301.jpg": {"object_bounding_box": [620, 994, 265, 137], "object_presence": 1}, "P398--clickr--clutter--26ONKJnfji1wTmZ9RIvH8gVO3GIGwW1MxGFwIrfOh74-00302.jpg": {"object_bounding_box": [630, 988, 265, 134], "object_presence": 1}, "P398--clickr--clutter--26ONKJnfji1wTmZ9RIvH8gVO3GIGwW1MxGFwIrfOh74-00303.jpg": {"object_bounding_box": [613, 981, 265, 134], "object_presence": 1}, "P398--clickr--clutter--26ONKJnfji1wTmZ9RIvH8gVO3GIGwW1MxGFwIrfOh74-00304.jpg": {"object_bounding_box": [618, 986, 261, 134], "object_presence": 1}, "P398--clickr--clutter--26ONKJnfji1wTmZ9RIvH8gVO3GIGwW1MxGFwIrfOh74-00305.jpg": {"object_bounding_box": [619, 1005, 261, 134], "object_presence": 1}, "P398--clickr--clutter--26ONKJnfji1wTmZ9RIvH8gVO3GIGwW1MxGFwIrfOh74-00306.jpg": {"object_bounding_box": [618, 997, 258, 134], "object_presence": 1}, "P398--clickr--clutter--26ONKJnfji1wTmZ9RIvH8gVO3GIGwW1MxGFwIrfOh74-00307.jpg": {"object_bounding_box": [611, 987, 258, 134], "object_presence": 1}, "P398--clickr--clutter--26ONKJnfji1wTmZ9RIvH8gVO3GIGwW1MxGFwIrfOh74-00308.jpg": {"object_bounding_box": [603, 982, 255, 134], "object_presence": 1}, "P398--clickr--clutter--26ONKJnfji1wTmZ9RIvH8gVO3GIGwW1MxGFwIrfOh74-00309.jpg": {"object_bounding_box": [602, 972, 255, 132], "object_presence": 1}, "P398--clickr--clutter--26ONKJnfji1wTmZ9RIvH8gVO3GIGwW1MxGFwIrfOh74-00310.jpg": {"object_bounding_box": [594, 965, 255, 132], "object_presence": 1}, "P398--clickr--clutter--26ONKJnfji1wTmZ9RIvH8gVO3GIGwW1MxGFwIrfOh74-00311.jpg": {"object_bounding_box": [592, 959, 251, 129], "object_presence": 1}, "P398--clickr--clutter--26ONKJnfji1wTmZ9RIvH8gVO3GIGwW1MxGFwIrfOh74-00312.jpg": {"object_bounding_box": [592, 956, 251, 129], "object_presence": 1}, "P398--clickr--clutter--26ONKJnfji1wTmZ9RIvH8gVO3GIGwW1MxGFwIrfOh74-00313.jpg": {"object_bounding_box": [597, 945, 248, 129], "object_presence": 1}, "P398--clickr--clutter--26ONKJnfji1wTmZ9RIvH8gVO3GIGwW1MxGFwIrfOh74-00314.jpg": {"object_bounding_box": [597, 941, 248, 129], "object_presence": 1}, "P398--clickr--clutter--26ONKJnfji1wTmZ9RIvH8gVO3GIGwW1MxGFwIrfOh74-00315.jpg": {"object_bounding_box": [602, 925, 248, 129], "object_presence": 1}, "P398--clickr--clutter--26ONKJnfji1wTmZ9RIvH8gVO3GIGwW1MxGFwIrfOh74-00316.jpg": {"object_bounding_box": [591, 913, 251, 129], "object_presence": 1}, "P398--clickr--clutter--26ONKJnfji1wTmZ9RIvH8gVO3GIGwW1MxGFwIrfOh74-00317.jpg": {"object_bounding_box": [582, 911, 248, 125], "object_presence": 1}, "P398--clickr--clutter--26ONKJnfji1wTmZ9RIvH8gVO3GIGwW1MxGFwIrfOh74-00318.jpg": {"object_bounding_box": [577, 912, 248, 125], "object_presence": 1}, "P398--clickr--clutter--26ONKJnfji1wTmZ9RIvH8gVO3GIGwW1MxGFwIrfOh74-00319.jpg": {"object_bounding_box": [573, 909, 248, 125], "object_presence": 1}, "P398--clickr--clutter--26ONKJnfji1wTmZ9RIvH8gVO3GIGwW1MxGFwIrfOh74-00320.jpg": {"object_bounding_box": [569, 908, 245, 125], "object_presence": 1}, "P398--clickr--clutter--26ONKJnfji1wTmZ9RIvH8gVO3GIGwW1MxGFwIrfOh74-00321.jpg": {"object_bounding_box": [566, 902, 245, 125], "object_presence": 1}, "P398--clickr--clutter--26ONKJnfji1wTmZ9RIvH8gVO3GIGwW1MxGFwIrfOh74-00322.jpg": {"object_bounding_box": [556, 898, 245, 125], "object_presence": 1}, "P398--clickr--clutter--26ONKJnfji1wTmZ9RIvH8gVO3GIGwW1MxGFwIrfOh74-00323.jpg": {"object_bounding_box": [557, 906, 243, 125], "object_presence": 1}, "P398--clickr--clutter--26ONKJnfji1wTmZ9RIvH8gVO3GIGwW1MxGFwIrfOh74-00324.jpg": {"object_bounding_box": [562, 909, 240, 124], "object_presence": 1}, "P398--clickr--clutter--26ONKJnfji1wTmZ9RIvH8gVO3GIGwW1MxGFwIrfOh74-00325.jpg": {"object_bounding_box": [560, 909, 240, 124], "object_presence": 1}, "P398--clickr--clutter--26ONKJnfji1wTmZ9RIvH8gVO3GIGwW1MxGFwIrfOh74-00326.jpg": {"object_bounding_box": [559, 907, 240, 120], "object_presence": 1}, "P398--clickr--clutter--26ONKJnfji1wTmZ9RIvH8gVO3GIGwW1MxGFwIrfOh74-00327.jpg": {"object_bounding_box": [557, 909, 238, 120], "object_presence": 1}, "P398--clickr--clutter--26ONKJnfji1wTmZ9RIvH8gVO3GIGwW1MxGFwIrfOh74-00328.jpg": {"object_bounding_box": [549, 909, 238, 120], "object_presence": 1}, "P398--clickr--clutter--26ONKJnfji1wTmZ9RIvH8gVO3GIGwW1MxGFwIrfOh74-00329.jpg": {"object_bounding_box": [541, 909, 238, 120], "object_presence": 1}, "P398--clickr--clutter--26ONKJnfji1wTmZ9RIvH8gVO3GIGwW1MxGFwIrfOh74-00330.jpg": {"object_bounding_box": [545, 909, 238, 120], "object_presence": 1}, "P398--clickr--clutter--26ONKJnfji1wTmZ9RIvH8gVO3GIGwW1MxGFwIrfOh74-00331.jpg": {"object_bounding_box": [548, 908, 238, 120], "object_presence": 1}, "P398--clickr--clutter--26ONKJnfji1wTmZ9RIvH8gVO3GIGwW1MxGFwIrfOh74-00332.jpg": {"object_bounding_box": [543, 901, 238, 120], "object_presence": 1}, "P398--clickr--clutter--26ONKJnfji1wTmZ9RIvH8gVO3GIGwW1MxGFwIrfOh74-00333.jpg": {"object_bounding_box": [544, 892, 238, 120], "object_presence": 1}, "P398--clickr--clutter--26ONKJnfji1wTmZ9RIvH8gVO3GIGwW1MxGFwIrfOh74-00334.jpg": {"object_bounding_box": [550, 891, 238, 118], "object_presence": 1}, "P398--clickr--clutter--26ONKJnfji1wTmZ9RIvH8gVO3GIGwW1MxGFwIrfOh74-00335.jpg": {"object_bounding_box": [554, 903, 236, 118], "object_presence": 1}, "P398--clickr--clutter--26ONKJnfji1wTmZ9RIvH8gVO3GIGwW1MxGFwIrfOh74-00336.jpg": {"object_bounding_box": [554, 902, 236, 118], "object_presence": 1}, "P398--clickr--clutter--26ONKJnfji1wTmZ9RIvH8gVO3GIGwW1MxGFwIrfOh74-00337.jpg": {"object_bounding_box": [549, 895, 236, 118], "object_presence": 1}, "P398--clickr--clutter--26ONKJnfji1wTmZ9RIvH8gVO3GIGwW1MxGFwIrfOh74-00338.jpg": {"object_bounding_box": [554, 897, 236, 118], "object_presence": 1}, "P398--clickr--clutter--26ONKJnfji1wTmZ9RIvH8gVO3GIGwW1MxGFwIrfOh74-00339.jpg": {"object_bounding_box": [558, 892, 236, 118], "object_presence": 1}, "P398--clickr--clutter--26ONKJnfji1wTmZ9RIvH8gVO3GIGwW1MxGFwIrfOh74-00340.jpg": {"object_bounding_box": [553, 895, 231, 118], "object_presence": 1}, "P398--clickr--clutter--26ONKJnfji1wTmZ9RIvH8gVO3GIGwW1MxGFwIrfOh74-00341.jpg": {"object_bounding_box": [557, 894, 231, 118], "object_presence": 1}, "P398--clickr--clutter--26ONKJnfji1wTmZ9RIvH8gVO3GIGwW1MxGFwIrfOh74-00342.jpg": {"object_bounding_box": [558, 896, 231, 118], "object_presence": 1}, "P398--clickr--clutter--26ONKJnfji1wTmZ9RIvH8gVO3GIGwW1MxGFwIrfOh74-00343.jpg": {"object_bounding_box": [556, 889, 231, 118], "object_presence": 1}, "P398--clickr--clutter--26ONKJnfji1wTmZ9RIvH8gVO3GIGwW1MxGFwIrfOh74-00344.jpg": {"object_bounding_box": [544, 887, 231, 116], "object_presence": 1}, "P398--clickr--clutter--26ONKJnfji1wTmZ9RIvH8gVO3GIGwW1MxGFwIrfOh74-00345.jpg": {"object_bounding_box": [536, 891, 229, 114], "object_presence": 1}, "P398--clickr--clutter--26ONKJnfji1wTmZ9RIvH8gVO3GIGwW1MxGFwIrfOh74-00346.jpg": {"object_bounding_box": [540, 893, 229, 114], "object_presence": 1}, "P398--clickr--clutter--26ONKJnfji1wTmZ9RIvH8gVO3GIGwW1MxGFwIrfOh74-00347.jpg": {"object_bounding_box": [540, 891, 229, 114], "object_presence": 1}, "P398--clickr--clutter--26ONKJnfji1wTmZ9RIvH8gVO3GIGwW1MxGFwIrfOh74-00348.jpg": {"object_bounding_box": [543, 887, 229, 114], "object_presence": 1}, "P398--clickr--clutter--26ONKJnfji1wTmZ9RIvH8gVO3GIGwW1MxGFwIrfOh74-00349.jpg": {"object_bounding_box": [554, 902, 229, 114], "object_presence": 1}, "P398--clickr--clutter--26ONKJnfji1wTmZ9RIvH8gVO3GIGwW1MxGFwIrfOh74-00350.jpg": {"object_bounding_box": [552, 902, 229, 114], "object_presence": 1}, "P398--clickr--clutter--26ONKJnfji1wTmZ9RIvH8gVO3GIGwW1MxGFwIrfOh74-00351.jpg": {"object_bounding_box": [539, 899, 226, 112], "object_presence": 1}, "P398--clickr--clutter--26ONKJnfji1wTmZ9RIvH8gVO3GIGwW1MxGFwIrfOh74-00352.jpg": {"object_bounding_box": [548, 899, 226, 112], "object_presence": 1}, "P398--clickr--clutter--26ONKJnfji1wTmZ9RIvH8gVO3GIGwW1MxGFwIrfOh74-00353.jpg": {"object_bounding_box": [548, 895, 226, 112], "object_presence": 1}, "P398--clickr--clutter--26ONKJnfji1wTmZ9RIvH8gVO3GIGwW1MxGFwIrfOh74-00354.jpg": {"object_bounding_box": [547, 885, 226, 112], "object_presence": 1}, "P398--clickr--clutter--26ONKJnfji1wTmZ9RIvH8gVO3GIGwW1MxGFwIrfOh74-00355.jpg": {"object_bounding_box": [541, 873, 226, 112], "object_presence": 1}, "P398--clickr--clutter--26ONKJnfji1wTmZ9RIvH8gVO3GIGwW1MxGFwIrfOh74-00356.jpg": {"object_bounding_box": [532, 865, 226, 112], "object_presence": 1}, "P398--clickr--clutter--26ONKJnfji1wTmZ9RIvH8gVO3GIGwW1MxGFwIrfOh74-00357.jpg": {"object_bounding_box": [522, 855, 226, 112], "object_presence": 1}, "P398--clickr--clutter--26ONKJnfji1wTmZ9RIvH8gVO3GIGwW1MxGFwIrfOh74-00358.jpg": {"object_bounding_box": [525, 852, 226, 112], "object_presence": 1}, "P398--clickr--clutter--26ONKJnfji1wTmZ9RIvH8gVO3GIGwW1MxGFwIrfOh74-00359.jpg": {"object_bounding_box": [543, 838, 226, 112], "object_presence": 1}, "P398--clickr--clutter--26ONKJnfji1wTmZ9RIvH8gVO3GIGwW1MxGFwIrfOh74-00360.jpg": {"object_bounding_box": [548, 838, 222, 112], "object_presence": 1}, "P398--clickr--clutter--26ONKJnfji1wTmZ9RIvH8gVO3GIGwW1MxGFwIrfOh74-00361.jpg": {"object_bounding_box": [545, 834, 222, 112], "object_presence": 1}, "P398--clickr--clutter--26ONKJnfji1wTmZ9RIvH8gVO3GIGwW1MxGFwIrfOh74-00362.jpg": {"object_bounding_box": [537, 825, 222, 112], "object_presence": 1}, "P398--clickr--clutter--26ONKJnfji1wTmZ9RIvH8gVO3GIGwW1MxGFwIrfOh74-00363.jpg": {"object_bounding_box": [532, 818, 222, 112], "object_presence": 1}, "P398--clickr--clutter--26ONKJnfji1wTmZ9RIvH8gVO3GIGwW1MxGFwIrfOh74-00364.jpg": {"object_bounding_box": [527, 818, 222, 112], "object_presence": 1}, "P398--clickr--clutter--26ONKJnfji1wTmZ9RIvH8gVO3GIGwW1MxGFwIrfOh74-00365.jpg": {"object_bounding_box": [533, 823, 221, 107], "object_presence": 1}, "P398--clickr--clutter--26ONKJnfji1wTmZ9RIvH8gVO3GIGwW1MxGFwIrfOh74-00366.jpg": {"object_bounding_box": [530, 824, 221, 107], "object_presence": 1}, "P398--clickr--clutter--26ONKJnfji1wTmZ9RIvH8gVO3GIGwW1MxGFwIrfOh74-00367.jpg": {"object_bounding_box": [511, 836, 227, 107], "object_presence": 1}, "P398--clickr--clutter--26ONKJnfji1wTmZ9RIvH8gVO3GIGwW1MxGFwIrfOh74-00368.jpg": {"object_bounding_box": [503, 836, 224, 107], "object_presence": 1}, "P398--clickr--clutter--26ONKJnfji1wTmZ9RIvH8gVO3GIGwW1MxGFwIrfOh74-00369.jpg": {"object_bounding_box": [506, 829, 224, 107], "object_presence": 1}, "P398--clickr--clutter--26ONKJnfji1wTmZ9RIvH8gVO3GIGwW1MxGFwIrfOh74-00370.jpg": {"object_bounding_box": [495, 846, 222, 104], "object_presence": 1}, "P398--clickr--clutter--26ONKJnfji1wTmZ9RIvH8gVO3GIGwW1MxGFwIrfOh74-00371.jpg": {"object_bounding_box": [496, 849, 218, 104], "object_presence": 1}, "P398--clickr--clutter--26ONKJnfji1wTmZ9RIvH8gVO3GIGwW1MxGFwIrfOh74-00372.jpg": {"object_bounding_box": [492, 852, 220, 105], "object_presence": 1}, "P398--clickr--clutter--26ONKJnfji1wTmZ9RIvH8gVO3GIGwW1MxGFwIrfOh74-00373.jpg": {"object_bounding_box": [479, 857, 217, 105], "object_presence": 1}, "P398--clickr--clutter--26ONKJnfji1wTmZ9RIvH8gVO3GIGwW1MxGFwIrfOh74-00374.jpg": {"object_bounding_box": [485, 857, 217, 105], "object_presence": 1}, "P398--clickr--clutter--26ONKJnfji1wTmZ9RIvH8gVO3GIGwW1MxGFwIrfOh74-00375.jpg": {"object_bounding_box": [488, 863, 215, 105], "object_presence": 1}, "P398--clickr--clutter--26ONKJnfji1wTmZ9RIvH8gVO3GIGwW1MxGFwIrfOh74-00376.jpg": {"object_bounding_box": [489, 866, 215, 105], "object_presence": 1}, "P398--clickr--clutter--26ONKJnfji1wTmZ9RIvH8gVO3GIGwW1MxGFwIrfOh74-00377.jpg": {"object_bounding_box": [498, 858, 215, 105], "object_presence": 1}, "P398--clickr--clutter--26ONKJnfji1wTmZ9RIvH8gVO3GIGwW1MxGFwIrfOh74-00378.jpg": {"object_bounding_box": [530, 879, 221, 105], "object_presence": 1}, "P398--clickr--clutter--26ONKJnfji1wTmZ9RIvH8gVO3GIGwW1MxGFwIrfOh74-00379.jpg": {"object_bounding_box": [554, 887, 212, 105], "object_presence": 1}, "P398--clickr--clutter--26ONKJnfji1wTmZ9RIvH8gVO3GIGwW1MxGFwIrfOh74-00380.jpg": {"object_bounding_box": [540, 886, 224, 105], "object_presence": 1}, "P398--clickr--clutter--26ONKJnfji1wTmZ9RIvH8gVO3GIGwW1MxGFwIrfOh74-00381.jpg": {"object_bounding_box": [519, 894, 213, 105], "object_presence": 1}, "P398--clickr--clutter--26ONKJnfji1wTmZ9RIvH8gVO3GIGwW1MxGFwIrfOh74-00382.jpg": {"object_bounding_box": [530, 892, 213, 105], "object_presence": 1}, "P398--clickr--clutter--26ONKJnfji1wTmZ9RIvH8gVO3GIGwW1MxGFwIrfOh74-00383.jpg": {"object_bounding_box": [515, 886, 220, 105], "object_presence": 1}, "P398--clickr--clutter--26ONKJnfji1wTmZ9RIvH8gVO3GIGwW1MxGFwIrfOh74-00384.jpg": {"object_bounding_box": [493, 885, 218, 105], "object_presence": 1}, "P398--clickr--clutter--26ONKJnfji1wTmZ9RIvH8gVO3GIGwW1MxGFwIrfOh74-00385.jpg": {"object_bounding_box": [491, 888, 210, 105], "object_presence": 1}, "P398--clickr--clutter--26ONKJnfji1wTmZ9RIvH8gVO3GIGwW1MxGFwIrfOh74-00386.jpg": {"object_bounding_box": [481, 890, 219, 105], "object_presence": 1}, "P398--clickr--clutter--26ONKJnfji1wTmZ9RIvH8gVO3GIGwW1MxGFwIrfOh74-00387.jpg": {"object_bounding_box": [463, 894, 216, 105], "object_presence": 1}, "P398--clickr--clutter--26ONKJnfji1wTmZ9RIvH8gVO3GIGwW1MxGFwIrfOh74-00388.jpg": {"object_bounding_box": [459, 889, 210, 105], "object_presence": 1}, "P398--clickr--clutter--26ONKJnfji1wTmZ9RIvH8gVO3GIGwW1MxGFwIrfOh74-00389.jpg": {"object_bounding_box": [468, 887, 210, 105], "object_presence": 1}, "P398--clickr--clutter--26ONKJnfji1wTmZ9RIvH8gVO3GIGwW1MxGFwIrfOh74-00390.jpg": {"object_bounding_box": [476, 889, 210, 105], "object_presence": 1}, "P398--clickr--clutter--26ONKJnfji1wTmZ9RIvH8gVO3GIGwW1MxGFwIrfOh74-00391.jpg": {"object_bounding_box": [478, 889, 210, 105], "object_presence": 1}, "P398--clickr--clutter--26ONKJnfji1wTmZ9RIvH8gVO3GIGwW1MxGFwIrfOh74-00392.jpg": {"object_bounding_box": [478, 889, 210, 105], "object_presence": 1}, "P398--clickr--clutter--26ONKJnfji1wTmZ9RIvH8gVO3GIGwW1MxGFwIrfOh74-00393.jpg": {"object_bounding_box": [473, 892, 210, 105], "object_presence": 1}, "P398--clickr--clutter--26ONKJnfji1wTmZ9RIvH8gVO3GIGwW1MxGFwIrfOh74-00394.jpg": {"object_bounding_box": [472, 892, 209, 105], "object_presence": 1}, "P398--clickr--clutter--26ONKJnfji1wTmZ9RIvH8gVO3GIGwW1MxGFwIrfOh74-00395.jpg": {"object_bounding_box": [471, 895, 206, 101], "object_presence": 1}, "P398--clickr--clutter--26ONKJnfji1wTmZ9RIvH8gVO3GIGwW1MxGFwIrfOh74-00396.jpg": {"object_bounding_box": [475, 894, 206, 101], "object_presence": 1}, "P398--clickr--clutter--26ONKJnfji1wTmZ9RIvH8gVO3GIGwW1MxGFwIrfOh74-00397.jpg": {"object_bounding_box": [477, 895, 206, 101], "object_presence": 1}, "P398--clickr--clutter--26ONKJnfji1wTmZ9RIvH8gVO3GIGwW1MxGFwIrfOh74-00398.jpg": {"object_bounding_box": [482, 904, 206, 101], "object_presence": 1}, "P398--clickr--clutter--26ONKJnfji1wTmZ9RIvH8gVO3GIGwW1MxGFwIrfOh74-00399.jpg": {"object_bounding_box": [485, 900, 206, 101], "object_presence": 1}, "P398--clickr--clutter--26ONKJnfji1wTmZ9RIvH8gVO3GIGwW1MxGFwIrfOh74-00400.jpg": {"object_bounding_box": [481, 895, 206, 101], "object_presence": 1}, "P398--clickr--clutter--26ONKJnfji1wTmZ9RIvH8gVO3GIGwW1MxGFwIrfOh74-00401.jpg": {"object_bounding_box": [483, 895, 206, 101], "object_presence": 1}, "P398--clickr--clutter--26ONKJnfji1wTmZ9RIvH8gVO3GIGwW1MxGFwIrfOh74-00402.jpg": {"object_bounding_box": [487, 891, 206, 101], "object_presence": 1}, "P398--clickr--clutter--26ONKJnfji1wTmZ9RIvH8gVO3GIGwW1MxGFwIrfOh74-00403.jpg": {"object_bounding_box": [489, 889, 206, 101], "object_presence": 1}, "P398--clickr--clutter--26ONKJnfji1wTmZ9RIvH8gVO3GIGwW1MxGFwIrfOh74-00404.jpg": {"object_bounding_box": [492, 887, 207, 101], "object_presence": 1}, "P398--clickr--clutter--26ONKJnfji1wTmZ9RIvH8gVO3GIGwW1MxGFwIrfOh74-00405.jpg": {"object_bounding_box": [495, 883, 207, 101], "object_presence": 1}, "P398--clickr--clutter--26ONKJnfji1wTmZ9RIvH8gVO3GIGwW1MxGFwIrfOh74-00406.jpg": {"object_bounding_box": [494, 881, 207, 101], "object_presence": 1}, "P398--clickr--clutter--26ONKJnfji1wTmZ9RIvH8gVO3GIGwW1MxGFwIrfOh74-00407.jpg": {"object_bounding_box": [515, 890, 207, 101], "object_presence": 1}, "P398--clickr--clutter--26ONKJnfji1wTmZ9RIvH8gVO3GIGwW1MxGFwIrfOh74-00408.jpg": {"object_bounding_box": [525, 886, 207, 101], "object_presence": 1}, "P398--clickr--clutter--26ONKJnfji1wTmZ9RIvH8gVO3GIGwW1MxGFwIrfOh74-00409.jpg": {"object_bounding_box": [525, 889, 205, 101], "object_presence": 1}, "P398--clickr--clutter--26ONKJnfji1wTmZ9RIvH8gVO3GIGwW1MxGFwIrfOh74-00410.jpg": {"object_bounding_box": [530, 889, 205, 101], "object_presence": 1}, "P398--clickr--clutter--26ONKJnfji1wTmZ9RIvH8gVO3GIGwW1MxGFwIrfOh74-00411.jpg": {"object_bounding_box": [530, 881, 205, 101], "object_presence": 1}, "P398--clickr--clutter--26ONKJnfji1wTmZ9RIvH8gVO3GIGwW1MxGFwIrfOh74-00412.jpg": {"object_bounding_box": [514, 882, 205, 101], "object_presence": 1}, "P398--clickr--clutter--26ONKJnfji1wTmZ9RIvH8gVO3GIGwW1MxGFwIrfOh74-00413.jpg": {"object_bounding_box": [517, 891, 205, 101], "object_presence": 1}, "P398--clickr--clutter--26ONKJnfji1wTmZ9RIvH8gVO3GIGwW1MxGFwIrfOh74-00414.jpg": {"object_bounding_box": [519, 891, 205, 101], "object_presence": 1}, "P398--clickr--clutter--26ONKJnfji1wTmZ9RIvH8gVO3GIGwW1MxGFwIrfOh74-00415.jpg": {"object_bounding_box": [516, 895, 205, 101], "object_presence": 1}, "P398--clickr--clutter--26ONKJnfji1wTmZ9RIvH8gVO3GIGwW1MxGFwIrfOh74-00416.jpg": {"object_bounding_box": [510, 896, 205, 101], "object_presence": 1}, "P398--clickr--clutter--26ONKJnfji1wTmZ9RIvH8gVO3GIGwW1MxGFwIrfOh74-00417.jpg": {"object_bounding_box": [506, 893, 205, 101], "object_presence": 1}, "P398--clickr--clutter--26ONKJnfji1wTmZ9RIvH8gVO3GIGwW1MxGFwIrfOh74-00418.jpg": {"object_bounding_box": [503, 892, 205, 101], "object_presence": 1}, "P398--clickr--clutter--26ONKJnfji1wTmZ9RIvH8gVO3GIGwW1MxGFwIrfOh74-00419.jpg": {"object_bounding_box": [501, 895, 202, 101], "object_presence": 1}, "P398--clickr--clutter--26ONKJnfji1wTmZ9RIvH8gVO3GIGwW1MxGFwIrfOh74-00420.jpg": {"object_bounding_box": [497, 899, 202, 101], "object_presence": 1}, "P398--clickr--clutter--26ONKJnfji1wTmZ9RIvH8gVO3GIGwW1MxGFwIrfOh74-00421.jpg": {"object_bounding_box": [485, 904, 202, 101], "object_presence": 1}, "P398--clickr--clutter--26ONKJnfji1wTmZ9RIvH8gVO3GIGwW1MxGFwIrfOh74-00422.jpg": {"object_bounding_box": [484, 901, 202, 101], "object_presence": 1}, "P398--clickr--clutter--26ONKJnfji1wTmZ9RIvH8gVO3GIGwW1MxGFwIrfOh74-00423.jpg": {"object_bounding_box": [479, 900, 202, 101], "object_presence": 1}, "P398--clickr--clutter--26ONKJnfji1wTmZ9RIvH8gVO3GIGwW1MxGFwIrfOh74-00424.jpg": {"object_bounding_box": [473, 896, 202, 101], "object_presence": 1}, "P398--clickr--clutter--26ONKJnfji1wTmZ9RIvH8gVO3GIGwW1MxGFwIrfOh74-00425.jpg": {"object_bounding_box": [467, 891, 202, 101], "object_presence": 1}, "P398--clickr--clutter--26ONKJnfji1wTmZ9RIvH8gVO3GIGwW1MxGFwIrfOh74-00426.jpg": {"object_bounding_box": [457, 895, 201, 101], "object_presence": 1}, "P398--clickr--clutter--26ONKJnfji1wTmZ9RIvH8gVO3GIGwW1MxGFwIrfOh74-00427.jpg": {"object_bounding_box": [457, 888, 201, 101], "object_presence": 1}, "P398--clickr--clutter--26ONKJnfji1wTmZ9RIvH8gVO3GIGwW1MxGFwIrfOh74-00428.jpg": {"object_bounding_box": [454, 882, 201, 101], "object_presence": 1}, "P398--clickr--clutter--26ONKJnfji1wTmZ9RIvH8gVO3GIGwW1MxGFwIrfOh74-00429.jpg": {"object_bounding_box": [454, 881, 199, 98], "object_presence": 1}, "P398--clickr--clutter--26ONKJnfji1wTmZ9RIvH8gVO3GIGwW1MxGFwIrfOh74-00430.jpg": {"object_bounding_box": [459, 878, 199, 98], "object_presence": 1}, "P398--clickr--clutter--26ONKJnfji1wTmZ9RIvH8gVO3GIGwW1MxGFwIrfOh74-00431.jpg": {"object_bounding_box": [456, 874, 199, 98], "object_presence": 1}, "P398--clickr--clutter--26ONKJnfji1wTmZ9RIvH8gVO3GIGwW1MxGFwIrfOh74-00432.jpg": {"object_bounding_box": [457, 870, 199, 98], "object_presence": 1}, "P398--clickr--clutter--26ONKJnfji1wTmZ9RIvH8gVO3GIGwW1MxGFwIrfOh74-00433.jpg": {"object_bounding_box": [462, 872, 199, 98], "object_presence": 1}, "P398--clickr--clutter--26ONKJnfji1wTmZ9RIvH8gVO3GIGwW1MxGFwIrfOh74-00434.jpg": {"object_bounding_box": [459, 882, 199, 98], "object_presence": 1}, "P398--clickr--clutter--26ONKJnfji1wTmZ9RIvH8gVO3GIGwW1MxGFwIrfOh74-00435.jpg": {"object_bounding_box": [452, 881, 199, 98], "object_presence": 1}, "P398--clickr--clutter--26ONKJnfji1wTmZ9RIvH8gVO3GIGwW1MxGFwIrfOh74-00436.jpg": {"object_bounding_box": [444, 879, 199, 98], "object_presence": 1}, "P398--clickr--clutter--26ONKJnfji1wTmZ9RIvH8gVO3GIGwW1MxGFwIrfOh74-00437.jpg": {"object_bounding_box": [440, 876, 199, 98], "object_presence": 1}, "P398--clickr--clutter--26ONKJnfji1wTmZ9RIvH8gVO3GIGwW1MxGFwIrfOh74-00438.jpg": {"object_bounding_box": [439, 872, 198, 96], "object_presence": 1}, "P398--clickr--clutter--26ONKJnfji1wTmZ9RIvH8gVO3GIGwW1MxGFwIrfOh74-00439.jpg": {"object_bounding_box": [438, 865, 198, 96], "object_presence": 1}, "P398--clickr--clutter--26ONKJnfji1wTmZ9RIvH8gVO3GIGwW1MxGFwIrfOh74-00440.jpg": {"object_bounding_box": [435, 855, 197, 96], "object_presence": 1}, "P398--clickr--clutter--26ONKJnfji1wTmZ9RIvH8gVO3GIGwW1MxGFwIrfOh74-00441.jpg": {"object_bounding_box": [431, 845, 196, 96], "object_presence": 1}, "P398--clickr--clutter--26ONKJnfji1wTmZ9RIvH8gVO3GIGwW1MxGFwIrfOh74-00442.jpg": {"object_bounding_box": [430, 834, 195, 96], "object_presence": 1}, "P398--clickr--clutter--26ONKJnfji1wTmZ9RIvH8gVO3GIGwW1MxGFwIrfOh74-00443.jpg": {"object_bounding_box": [426, 834, 195, 96], "object_presence": 1}, "P398--clickr--clutter--26ONKJnfji1wTmZ9RIvH8gVO3GIGwW1MxGFwIrfOh74-00444.jpg": {"object_bounding_box": [428, 833, 195, 96], "object_presence": 1}, "P398--clickr--clutter--26ONKJnfji1wTmZ9RIvH8gVO3GIGwW1MxGFwIrfOh74-00445.jpg": {"object_bounding_box": [431, 833, 195, 96], "object_presence": 1}, "P398--clickr--clutter--26ONKJnfji1wTmZ9RIvH8gVO3GIGwW1MxGFwIrfOh74-00446.jpg": {"object_bounding_box": [423, 829, 195, 96], "object_presence": 1}, "P398--clickr--clutter--26ONKJnfji1wTmZ9RIvH8gVO3GIGwW1MxGFwIrfOh74-00447.jpg": {"object_bounding_box": [423, 829, 195, 96], "object_presence": 1}, "P398--clickr--clutter--26ONKJnfji1wTmZ9RIvH8gVO3GIGwW1MxGFwIrfOh74-00448.jpg": {"object_bounding_box": [425, 825, 195, 96], "object_presence": 1}, "P398--clickr--clutter--26ONKJnfji1wTmZ9RIvH8gVO3GIGwW1MxGFwIrfOh74-00449.jpg": {"object_bounding_box": [421, 824, 195, 96], "object_presence": 1}, "P398--clickr--clutter--26ONKJnfji1wTmZ9RIvH8gVO3GIGwW1MxGFwIrfOh74-00450.jpg": {"object_bounding_box": [427, 817, 195, 96], "object_presence": 1}, "P398--clickr--clutter--26ONKJnfji1wTmZ9RIvH8gVO3GIGwW1MxGFwIrfOh74-00451.jpg": {"object_bounding_box": [429, 814, 195, 96], "object_presence": 1}, "P398--clickr--clutter--26ONKJnfji1wTmZ9RIvH8gVO3GIGwW1MxGFwIrfOh74-00452.jpg": {"object_bounding_box": [420, 815, 195, 96], "object_presence": 1}, "P398--clickr--clutter--26ONKJnfji1wTmZ9RIvH8gVO3GIGwW1MxGFwIrfOh74-00453.jpg": {"object_bounding_box": [417, 818, 195, 96], "object_presence": 1}, "P398--clickr--clutter--26ONKJnfji1wTmZ9RIvH8gVO3GIGwW1MxGFwIrfOh74-00454.jpg": {"object_bounding_box": [414, 816, 195, 96], "object_presence": 1}, "P398--clickr--clutter--26ONKJnfji1wTmZ9RIvH8gVO3GIGwW1MxGFwIrfOh74-00455.jpg": {"object_bounding_box": [407, 818, 195, 96], "object_presence": 1}, "P398--clickr--clutter--26ONKJnfji1wTmZ9RIvH8gVO3GIGwW1MxGFwIrfOh74-00456.jpg": {"object_bounding_box": [399, 818, 195, 96], "object_presence": 1}, "P398--clickr--clutter--26ONKJnfji1wTmZ9RIvH8gVO3GIGwW1MxGFwIrfOh74-00457.jpg": {"object_bounding_box": [398, 810, 195, 96], "object_presence": 1}, "P398--clickr--clutter--26ONKJnfji1wTmZ9RIvH8gVO3GIGwW1MxGFwIrfOh74-00458.jpg": {"object_bounding_box": [401, 803, 195, 96], "object_presence": 1}, "P398--clickr--clutter--26ONKJnfji1wTmZ9RIvH8gVO3GIGwW1MxGFwIrfOh74-00459.jpg": {"object_bounding_box": [402, 798, 195, 96], "object_presence": 1}, "P398--clickr--clutter--26ONKJnfji1wTmZ9RIvH8gVO3GIGwW1MxGFwIrfOh74-00460.jpg": {"object_bounding_box": [404, 790, 195, 96], "object_presence": 1}, "P398--clickr--clutter--26ONKJnfji1wTmZ9RIvH8gVO3GIGwW1MxGFwIrfOh74-00461.jpg": {"object_bounding_box": [395, 796, 197, 96], "object_presence": 1}, "P398--clickr--clutter--26ONKJnfji1wTmZ9RIvH8gVO3GIGwW1MxGFwIrfOh74-00462.jpg": {"object_bounding_box": [381, 804, 197, 96], "object_presence": 1}, "P398--clickr--clutter--26ONKJnfji1wTmZ9RIvH8gVO3GIGwW1MxGFwIrfOh74-00463.jpg": {"object_bounding_box": [379, 806, 194, 96], "object_presence": 1}, "P398--clickr--clutter--26ONKJnfji1wTmZ9RIvH8gVO3GIGwW1MxGFwIrfOh74-00464.jpg": {"object_bounding_box": [376, 808, 194, 96], "object_presence": 1}, "P398--clickr--clutter--26ONKJnfji1wTmZ9RIvH8gVO3GIGwW1MxGFwIrfOh74-00465.jpg": {"object_bounding_box": [370, 809, 194, 96], "object_presence": 1}, "P398--clickr--clutter--26ONKJnfji1wTmZ9RIvH8gVO3GIGwW1MxGFwIrfOh74-00466.jpg": {"object_bounding_box": [371, 810, 194, 96], "object_presence": 1}, "P398--clickr--clutter--26ONKJnfji1wTmZ9RIvH8gVO3GIGwW1MxGFwIrfOh74-00467.jpg": {"object_bounding_box": [373, 810, 194, 96], "object_presence": 1}, "P398--clickr--clutter--26ONKJnfji1wTmZ9RIvH8gVO3GIGwW1MxGFwIrfOh74-00468.jpg": {"object_bounding_box": [373, 810, 194, 96], "object_presence": 1}, "P398--clickr--clutter--26ONKJnfji1wTmZ9RIvH8gVO3GIGwW1MxGFwIrfOh74-00469.jpg": {"object_bounding_box": [377, 818, 194, 96], "object_presence": 1}, "P398--clickr--clutter--26ONKJnfji1wTmZ9RIvH8gVO3GIGwW1MxGFwIrfOh74-00470.jpg": {"object_bounding_box": [375, 825, 194, 96], "object_presence": 1}, "P398--clickr--clutter--26ONKJnfji1wTmZ9RIvH8gVO3GIGwW1MxGFwIrfOh74-00471.jpg": {"object_bounding_box": [373, 829, 194, 96], "object_presence": 1}, "P398--clickr--clutter--26ONKJnfji1wTmZ9RIvH8gVO3GIGwW1MxGFwIrfOh74-00472.jpg": {"object_bounding_box": [377, 817, 194, 96], "object_presence": 1}, "P398--clickr--clutter--26ONKJnfji1wTmZ9RIvH8gVO3GIGwW1MxGFwIrfOh74-00473.jpg": {"object_bounding_box": [375, 822, 194, 96], "object_presence": 1}, "P398--clickr--clutter--26ONKJnfji1wTmZ9RIvH8gVO3GIGwW1MxGFwIrfOh74-00474.jpg": {"object_bounding_box": [369, 831, 194, 96], "object_presence": 1}, "P398--clickr--clutter--26ONKJnfji1wTmZ9RIvH8gVO3GIGwW1MxGFwIrfOh74-00475.jpg": {"object_bounding_box": [364, 837, 194, 96], "object_presence": 1}, "P398--clickr--clutter--26ONKJnfji1wTmZ9RIvH8gVO3GIGwW1MxGFwIrfOh74-00476.jpg": {"object_bounding_box": [379, 838, 194, 96], "object_presence": 1}, "P398--clickr--clutter--26ONKJnfji1wTmZ9RIvH8gVO3GIGwW1MxGFwIrfOh74-00477.jpg": {"object_bounding_box": [391, 815, 194, 96], "object_presence": 1}, "P398--clickr--clutter--26ONKJnfji1wTmZ9RIvH8gVO3GIGwW1MxGFwIrfOh74-00478.jpg": {"object_bounding_box": [388, 821, 195, 96], "object_presence": 1}, "P398--clickr--clutter--26ONKJnfji1wTmZ9RIvH8gVO3GIGwW1MxGFwIrfOh74-00479.jpg": {"object_bounding_box": [378, 843, 195, 96], "object_presence": 1}, "P398--clickr--clutter--26ONKJnfji1wTmZ9RIvH8gVO3GIGwW1MxGFwIrfOh74-00480.jpg": {"object_bounding_box": [381, 839, 195, 96], "object_presence": 1}, "P398--clickr--clutter--26ONKJnfji1wTmZ9RIvH8gVO3GIGwW1MxGFwIrfOh74-00481.jpg": {"object_bounding_box": [377, 832, 195, 96], "object_presence": 1}, "P398--clickr--clutter--26ONKJnfji1wTmZ9RIvH8gVO3GIGwW1MxGFwIrfOh74-00482.jpg": {"object_bounding_box": [373, 834, 195, 96], "object_presence": 1}, "P398--clickr--clutter--26ONKJnfji1wTmZ9RIvH8gVO3GIGwW1MxGFwIrfOh74-00483.jpg": {"object_bounding_box": [380, 834, 195, 96], "object_presence": 1}, "P398--clickr--clutter--26ONKJnfji1wTmZ9RIvH8gVO3GIGwW1MxGFwIrfOh74-00484.jpg": {"object_bounding_box": [383, 825, 195, 95], "object_presence": 1}}