{"P407--wireless-earphones--clutter--kRuOg7bYkWFlQEg_XVaz1hbMNnd7gedtPRIv2gEfSC4-00001.jpg": {"object_bounding_box": [426, 540, 853, 1080], "object_presence": 1}, "P407--wireless-earphones--clutter--kRuOg7bYkWFlQEg_XVaz1hbMNnd7gedtPRIv2gEfSC4-00002.jpg": {"object_bounding_box": [427, 540, 854, 1080], "object_presence": 1}, "P407--wireless-earphones--clutter--kRuOg7bYkWFlQEg_XVaz1hbMNnd7gedtPRIv2gEfSC4-00003.jpg": {"object_bounding_box": [429, 540, 858, 1080], "object_presence": 1}, "P407--wireless-earphones--clutter--kRuOg7bYkWFlQEg_XVaz1hbMNnd7gedtPRIv2gEfSC4-00004.jpg": {"object_bounding_box": [429, 540, 858, 1080], "object_presence": 1}, "P407--wireless-earphones--clutter--kRuOg7bYkWFlQEg_XVaz1hbMNnd7gedtPRIv2gEfSC4-00005.jpg": {"object_bounding_box": [433, 540, 865, 1080], "object_presence": 1}, "P407--wireless-earphones--clutter--kRuOg7bYkWFlQEg_XVaz1hbMNnd7gedtPRIv2gEfSC4-00006.jpg": {"object_bounding_box": [436, 540, 871, 1080], "object_presence": 1}, "P407--wireless-earphones--clutter--kRuOg7bYkWFlQEg_XVaz1hbMNnd7gedtPRIv2gEfSC4-00007.jpg": {"object_bounding_box": [435, 540, 870, 1080], "object_presence": 1}, "P407--wireless-earphones--clutter--kRuOg7bYkWFlQEg_XVaz1hbMNnd7gedtPRIv2gEfSC4-00008.jpg": {"object_bounding_box": [434, 540, 867, 1080], "object_presence": 1}, "P407--wireless-earphones--clutter--kRuOg7bYkWFlQEg_XVaz1hbMNnd7gedtPRIv2gEfSC4-00009.jpg": {"object_bounding_box": [435, 540, 870, 1080], "object_presence": 1}, "P407--wireless-earphones--clutter--kRuOg7bYkWFlQEg_XVaz1hbMNnd7gedtPRIv2gEfSC4-00010.jpg": {"object_bounding_box": [437, 540, 874, 1080], "object_presence": 1}, "P407--wireless-earphones--clutter--kRuOg7bYkWFlQEg_XVaz1hbMNnd7gedtPRIv2gEfSC4-00011.jpg": {"object_bounding_box": [437, 540, 875, 1080], "object_presence": 1}, "P407--wireless-earphones--clutter--kRuOg7bYkWFlQEg_XVaz1hbMNnd7gedtPRIv2gEfSC4-00012.jpg": {"object_bounding_box": [439, 540, 871, 1080], "object_presence": 1}, "P407--wireless-earphones--clutter--kRuOg7bYkWFlQEg_XVaz1hbMNnd7gedtPRIv2gEfSC4-00013.jpg": {"object_bounding_box": [436, 540, 871, 1080], "object_presence": 1}, "P407--wireless-earphones--clutter--kRuOg7bYkWFlQEg_XVaz1hbMNnd7gedtPRIv2gEfSC4-00014.jpg": {"object_bounding_box": [436, 540, 872, 1080], "object_presence": 1}, "P407--wireless-earphones--clutter--kRuOg7bYkWFlQEg_XVaz1hbMNnd7gedtPRIv2gEfSC4-00015.jpg": {"object_bounding_box": [437, 539, 875, 1079], "object_presence": 1}, "P407--wireless-earphones--clutter--kRuOg7bYkWFlQEg_XVaz1hbMNnd7gedtPRIv2gEfSC4-00016.jpg": {"object_bounding_box": [439, 540, 879, 1080], "object_presence": 1}, "P407--wireless-earphones--clutter--kRuOg7bYkWFlQEg_XVaz1hbMNnd7gedtPRIv2gEfSC4-00017.jpg": {"object_bounding_box": [442, 540, 881, 1080], "object_presence": 1}, "P407--wireless-earphones--clutter--kRuOg7bYkWFlQEg_XVaz1hbMNnd7gedtPRIv2gEfSC4-00018.jpg": {"object_bounding_box": [441, 540, 882, 1080], "object_presence": 1}, "P407--wireless-earphones--clutter--kRuOg7bYkWFlQEg_XVaz1hbMNnd7gedtPRIv2gEfSC4-00019.jpg": {"object_bounding_box": [441, 540, 882, 1080], "object_presence": 1}, "P407--wireless-earphones--clutter--kRuOg7bYkWFlQEg_XVaz1hbMNnd7gedtPRIv2gEfSC4-00020.jpg": {"object_bounding_box": [443, 540, 887, 1080], "object_presence": 1}, "P407--wireless-earphones--clutter--kRuOg7bYkWFlQEg_XVaz1hbMNnd7gedtPRIv2gEfSC4-00021.jpg": {"object_bounding_box": [444, 540, 887, 1080], "object_presence": 1}, "P407--wireless-earphones--clutter--kRuOg7bYkWFlQEg_XVaz1hbMNnd7gedtPRIv2gEfSC4-00022.jpg": {"object_bounding_box": [443, 540, 887, 1080], "object_presence": 1}, "P407--wireless-earphones--clutter--kRuOg7bYkWFlQEg_XVaz1hbMNnd7gedtPRIv2gEfSC4-00023.jpg": {"object_bounding_box": [446, 540, 892, 1080], "object_presence": 1}, "P407--wireless-earphones--clutter--kRuOg7bYkWFlQEg_XVaz1hbMNnd7gedtPRIv2gEfSC4-00024.jpg": {"object_bounding_box": [448, 540, 889, 1080], "object_presence": 1}, "P407--wireless-earphones--clutter--kRuOg7bYkWFlQEg_XVaz1hbMNnd7gedtPRIv2gEfSC4-00025.jpg": {"object_bounding_box": [449, 540, 898, 1080], "object_presence": 1}, "P407--wireless-earphones--clutter--kRuOg7bYkWFlQEg_XVaz1hbMNnd7gedtPRIv2gEfSC4-00026.jpg": {"object_bounding_box": [450, 540, 900, 1080], "object_presence": 1}, "P407--wireless-earphones--clutter--kRuOg7bYkWFlQEg_XVaz1hbMNnd7gedtPRIv2gEfSC4-00027.jpg": {"object_bounding_box": [452, 540, 904, 1080], "object_presence": 1}, "P407--wireless-earphones--clutter--kRuOg7bYkWFlQEg_XVaz1hbMNnd7gedtPRIv2gEfSC4-00028.jpg": {"object_bounding_box": [455, 540, 902, 1080], "object_presence": 1}, "P407--wireless-earphones--clutter--kRuOg7bYkWFlQEg_XVaz1hbMNnd7gedtPRIv2gEfSC4-00029.jpg": {"object_bounding_box": [454, 540, 908, 1080], "object_presence": 1}, "P407--wireless-earphones--clutter--kRuOg7bYkWFlQEg_XVaz1hbMNnd7gedtPRIv2gEfSC4-00030.jpg": {"object_bounding_box": [455, 540, 911, 1080], "object_presence": 1}, "P407--wireless-earphones--clutter--kRuOg7bYkWFlQEg_XVaz1hbMNnd7gedtPRIv2gEfSC4-00031.jpg": {"object_bounding_box": [455, 540, 911, 1080], "object_presence": 1}, "P407--wireless-earphones--clutter--kRuOg7bYkWFlQEg_XVaz1hbMNnd7gedtPRIv2gEfSC4-00032.jpg": {"object_bounding_box": [457, 540, 914, 1080], "object_presence": 1}, "P407--wireless-earphones--clutter--kRuOg7bYkWFlQEg_XVaz1hbMNnd7gedtPRIv2gEfSC4-00033.jpg": {"object_bounding_box": [460, 540, 919, 1080], "object_presence": 1}, "P407--wireless-earphones--clutter--kRuOg7bYkWFlQEg_XVaz1hbMNnd7gedtPRIv2gEfSC4-00034.jpg": {"object_bounding_box": [461, 540, 923, 1080], "object_presence": 1}, "P407--wireless-earphones--clutter--kRuOg7bYkWFlQEg_XVaz1hbMNnd7gedtPRIv2gEfSC4-00035.jpg": {"object_bounding_box": [465, 540, 930, 1080], "object_presence": 1}, "P407--wireless-earphones--clutter--kRuOg7bYkWFlQEg_XVaz1hbMNnd7gedtPRIv2gEfSC4-00036.jpg": {"object_bounding_box": [468, 540, 935, 1080], "object_presence": 1}, "P407--wireless-earphones--clutter--kRuOg7bYkWFlQEg_XVaz1hbMNnd7gedtPRIv2gEfSC4-00037.jpg": {"object_bounding_box": [468, 540, 935, 1080], "object_presence": 1}, "P407--wireless-earphones--clutter--kRuOg7bYkWFlQEg_XVaz1hbMNnd7gedtPRIv2gEfSC4-00038.jpg": {"object_bounding_box": [467, 540, 934, 1080], "object_presence": 1}, "P407--wireless-earphones--clutter--kRuOg7bYkWFlQEg_XVaz1hbMNnd7gedtPRIv2gEfSC4-00039.jpg": {"object_bounding_box": [468, 540, 937, 1080], "object_presence": 1}, "P407--wireless-earphones--clutter--kRuOg7bYkWFlQEg_XVaz1hbMNnd7gedtPRIv2gEfSC4-00040.jpg": {"object_bounding_box": [468, 540, 936, 1080], "object_presence": 1}, "P407--wireless-earphones--clutter--kRuOg7bYkWFlQEg_XVaz1hbMNnd7gedtPRIv2gEfSC4-00041.jpg": {"object_bounding_box": [465, 540, 931, 1080], "object_presence": 1}, "P407--wireless-earphones--clutter--kRuOg7bYkWFlQEg_XVaz1hbMNnd7gedtPRIv2gEfSC4-00042.jpg": {"object_bounding_box": [465, 540, 930, 1080], "object_presence": 1}, "P407--wireless-earphones--clutter--kRuOg7bYkWFlQEg_XVaz1hbMNnd7gedtPRIv2gEfSC4-00043.jpg": {"object_bounding_box": [465, 540, 930, 1080], "object_presence": 1}, "P407--wireless-earphones--clutter--kRuOg7bYkWFlQEg_XVaz1hbMNnd7gedtPRIv2gEfSC4-00044.jpg": {"object_bounding_box": [469, 540, 939, 1080], "object_presence": 1}, "P407--wireless-earphones--clutter--kRuOg7bYkWFlQEg_XVaz1hbMNnd7gedtPRIv2gEfSC4-00045.jpg": {"object_bounding_box": [471, 540, 942, 1080], "object_presence": 1}, "P407--wireless-earphones--clutter--kRuOg7bYkWFlQEg_XVaz1hbMNnd7gedtPRIv2gEfSC4-00046.jpg": {"object_bounding_box": [471, 540, 942, 1080], "object_presence": 1}, "P407--wireless-earphones--clutter--kRuOg7bYkWFlQEg_XVaz1hbMNnd7gedtPRIv2gEfSC4-00047.jpg": {"object_bounding_box": [472, 540, 943, 1080], "object_presence": 1}, "P407--wireless-earphones--clutter--kRuOg7bYkWFlQEg_XVaz1hbMNnd7gedtPRIv2gEfSC4-00048.jpg": {"object_bounding_box": [471, 540, 941, 1080], "object_presence": 1}, "P407--wireless-earphones--clutter--kRuOg7bYkWFlQEg_XVaz1hbMNnd7gedtPRIv2gEfSC4-00049.jpg": {"object_bounding_box": [469, 540, 938, 1080], "object_presence": 1}, "P407--wireless-earphones--clutter--kRuOg7bYkWFlQEg_XVaz1hbMNnd7gedtPRIv2gEfSC4-00050.jpg": {"object_bounding_box": [469, 540, 938, 1080], "object_presence": 1}, "P407--wireless-earphones--clutter--kRuOg7bYkWFlQEg_XVaz1hbMNnd7gedtPRIv2gEfSC4-00051.jpg": {"object_bounding_box": [469, 540, 938, 1080], "object_presence": 1}, "P407--wireless-earphones--clutter--kRuOg7bYkWFlQEg_XVaz1hbMNnd7gedtPRIv2gEfSC4-00052.jpg": {"object_bounding_box": [471, 540, 941, 1080], "object_presence": 1}, "P407--wireless-earphones--clutter--kRuOg7bYkWFlQEg_XVaz1hbMNnd7gedtPRIv2gEfSC4-00053.jpg": {"object_bounding_box": [473, 540, 946, 1080], "object_presence": 1}, "P407--wireless-earphones--clutter--kRuOg7bYkWFlQEg_XVaz1hbMNnd7gedtPRIv2gEfSC4-00054.jpg": {"object_bounding_box": [472, 540, 944, 1080], "object_presence": 1}, "P407--wireless-earphones--clutter--kRuOg7bYkWFlQEg_XVaz1hbMNnd7gedtPRIv2gEfSC4-00055.jpg": {"object_bounding_box": [475, 540, 950, 1080], "object_presence": 1}, "P407--wireless-earphones--clutter--kRuOg7bYkWFlQEg_XVaz1hbMNnd7gedtPRIv2gEfSC4-00056.jpg": {"object_bounding_box": [477, 540, 955, 1080], "object_presence": 1}, "P407--wireless-earphones--clutter--kRuOg7bYkWFlQEg_XVaz1hbMNnd7gedtPRIv2gEfSC4-00057.jpg": {"object_bounding_box": [479, 540, 958, 1080], "object_presence": 1}, "P407--wireless-earphones--clutter--kRuOg7bYkWFlQEg_XVaz1hbMNnd7gedtPRIv2gEfSC4-00058.jpg": {"object_bounding_box": [481, 540, 961, 1080], "object_presence": 1}, "P407--wireless-earphones--clutter--kRuOg7bYkWFlQEg_XVaz1hbMNnd7gedtPRIv2gEfSC4-00059.jpg": {"object_bounding_box": [484, 540, 967, 1080], "object_presence": 1}, "P407--wireless-earphones--clutter--kRuOg7bYkWFlQEg_XVaz1hbMNnd7gedtPRIv2gEfSC4-00060.jpg": {"object_bounding_box": [483, 540, 966, 1080], "object_presence": 1}, "P407--wireless-earphones--clutter--kRuOg7bYkWFlQEg_XVaz1hbMNnd7gedtPRIv2gEfSC4-00061.jpg": {"object_bounding_box": [482, 540, 965, 1080], "object_presence": 1}, "P407--wireless-earphones--clutter--kRuOg7bYkWFlQEg_XVaz1hbMNnd7gedtPRIv2gEfSC4-00062.jpg": {"object_bounding_box": [482, 540, 964, 1080], "object_presence": 1}, "P407--wireless-earphones--clutter--kRuOg7bYkWFlQEg_XVaz1hbMNnd7gedtPRIv2gEfSC4-00063.jpg": {"object_bounding_box": [479, 540, 959, 1080], "object_presence": 1}, "P407--wireless-earphones--clutter--kRuOg7bYkWFlQEg_XVaz1hbMNnd7gedtPRIv2gEfSC4-00064.jpg": {"object_bounding_box": [478, 540, 955, 1080], "object_presence": 1}, "P407--wireless-earphones--clutter--kRuOg7bYkWFlQEg_XVaz1hbMNnd7gedtPRIv2gEfSC4-00065.jpg": {"object_bounding_box": [476, 540, 951, 1080], "object_presence": 1}, "P407--wireless-earphones--clutter--kRuOg7bYkWFlQEg_XVaz1hbMNnd7gedtPRIv2gEfSC4-00066.jpg": {"object_bounding_box": [472, 540, 945, 1080], "object_presence": 1}, "P407--wireless-earphones--clutter--kRuOg7bYkWFlQEg_XVaz1hbMNnd7gedtPRIv2gEfSC4-00067.jpg": {"object_bounding_box": [469, 540, 938, 1080], "object_presence": 1}, "P407--wireless-earphones--clutter--kRuOg7bYkWFlQEg_XVaz1hbMNnd7gedtPRIv2gEfSC4-00068.jpg": {"object_bounding_box": [465, 540, 930, 1080], "object_presence": 1}, "P407--wireless-earphones--clutter--kRuOg7bYkWFlQEg_XVaz1hbMNnd7gedtPRIv2gEfSC4-00069.jpg": {"object_bounding_box": [459, 540, 918, 1080], "object_presence": 1}, "P407--wireless-earphones--clutter--kRuOg7bYkWFlQEg_XVaz1hbMNnd7gedtPRIv2gEfSC4-00070.jpg": {"object_bounding_box": [456, 540, 912, 1080], "object_presence": 1}, "P407--wireless-earphones--clutter--kRuOg7bYkWFlQEg_XVaz1hbMNnd7gedtPRIv2gEfSC4-00071.jpg": {"object_bounding_box": [452, 540, 905, 1080], "object_presence": 1}, "P407--wireless-earphones--clutter--kRuOg7bYkWFlQEg_XVaz1hbMNnd7gedtPRIv2gEfSC4-00072.jpg": {"object_bounding_box": [448, 540, 897, 1080], "object_presence": 1}, "P407--wireless-earphones--clutter--kRuOg7bYkWFlQEg_XVaz1hbMNnd7gedtPRIv2gEfSC4-00073.jpg": {"object_bounding_box": [444, 540, 888, 1080], "object_presence": 1}, "P407--wireless-earphones--clutter--kRuOg7bYkWFlQEg_XVaz1hbMNnd7gedtPRIv2gEfSC4-00074.jpg": {"object_bounding_box": [438, 540, 875, 1080], "object_presence": 1}, "P407--wireless-earphones--clutter--kRuOg7bYkWFlQEg_XVaz1hbMNnd7gedtPRIv2gEfSC4-00075.jpg": {"object_bounding_box": [434, 540, 868, 1080], "object_presence": 1}, "P407--wireless-earphones--clutter--kRuOg7bYkWFlQEg_XVaz1hbMNnd7gedtPRIv2gEfSC4-00076.jpg": {"object_bounding_box": [428, 540, 856, 1080], "object_presence": 1}, "P407--wireless-earphones--clutter--kRuOg7bYkWFlQEg_XVaz1hbMNnd7gedtPRIv2gEfSC4-00077.jpg": {"object_bounding_box": [423, 540, 846, 1080], "object_presence": 1}, "P407--wireless-earphones--clutter--kRuOg7bYkWFlQEg_XVaz1hbMNnd7gedtPRIv2gEfSC4-00078.jpg": {"object_bounding_box": [417, 540, 833, 1080], "object_presence": 1}, "P407--wireless-earphones--clutter--kRuOg7bYkWFlQEg_XVaz1hbMNnd7gedtPRIv2gEfSC4-00079.jpg": {"object_bounding_box": [411, 540, 821, 1080], "object_presence": 1}, "P407--wireless-earphones--clutter--kRuOg7bYkWFlQEg_XVaz1hbMNnd7gedtPRIv2gEfSC4-00080.jpg": {"object_bounding_box": [408, 540, 816, 1080], "object_presence": 1}, "P407--wireless-earphones--clutter--kRuOg7bYkWFlQEg_XVaz1hbMNnd7gedtPRIv2gEfSC4-00081.jpg": {"object_bounding_box": [403, 540, 806, 1080], "object_presence": 1}, "P407--wireless-earphones--clutter--kRuOg7bYkWFlQEg_XVaz1hbMNnd7gedtPRIv2gEfSC4-00082.jpg": {"object_bounding_box": [400, 540, 799, 1080], "object_presence": 1}, "P407--wireless-earphones--clutter--kRuOg7bYkWFlQEg_XVaz1hbMNnd7gedtPRIv2gEfSC4-00083.jpg": {"object_bounding_box": [398, 540, 796, 1080], "object_presence": 1}, "P407--wireless-earphones--clutter--kRuOg7bYkWFlQEg_XVaz1hbMNnd7gedtPRIv2gEfSC4-00084.jpg": {"object_bounding_box": [394, 540, 789, 1080], "object_presence": 1}, "P407--wireless-earphones--clutter--kRuOg7bYkWFlQEg_XVaz1hbMNnd7gedtPRIv2gEfSC4-00085.jpg": {"object_bounding_box": [393, 540, 786, 1080], "object_presence": 1}, "P407--wireless-earphones--clutter--kRuOg7bYkWFlQEg_XVaz1hbMNnd7gedtPRIv2gEfSC4-00086.jpg": {"object_bounding_box": [388, 540, 775, 1080], "object_presence": 1}, "P407--wireless-earphones--clutter--kRuOg7bYkWFlQEg_XVaz1hbMNnd7gedtPRIv2gEfSC4-00087.jpg": {"object_bounding_box": [383, 538, 766, 1075], "object_presence": 1}, "P407--wireless-earphones--clutter--kRuOg7bYkWFlQEg_XVaz1hbMNnd7gedtPRIv2gEfSC4-00088.jpg": {"object_bounding_box": [382, 535, 764, 1071], "object_presence": 1}, "P407--wireless-earphones--clutter--kRuOg7bYkWFlQEg_XVaz1hbMNnd7gedtPRIv2gEfSC4-00089.jpg": {"object_bounding_box": [380, 531, 760, 1062], "object_presence": 1}, "P407--wireless-earphones--clutter--kRuOg7bYkWFlQEg_XVaz1hbMNnd7gedtPRIv2gEfSC4-00090.jpg": {"object_bounding_box": [376, 524, 752, 1048], "object_presence": 1}, "P407--wireless-earphones--clutter--kRuOg7bYkWFlQEg_XVaz1hbMNnd7gedtPRIv2gEfSC4-00091.jpg": {"object_bounding_box": [371, 516, 743, 1032], "object_presence": 1}, "P407--wireless-earphones--clutter--kRuOg7bYkWFlQEg_XVaz1hbMNnd7gedtPRIv2gEfSC4-00092.jpg": {"object_bounding_box": [371, 513, 742, 1026], "object_presence": 1}, "P407--wireless-earphones--clutter--kRuOg7bYkWFlQEg_XVaz1hbMNnd7gedtPRIv2gEfSC4-00093.jpg": {"object_bounding_box": [368, 509, 737, 1018], "object_presence": 1}, "P407--wireless-earphones--clutter--kRuOg7bYkWFlQEg_XVaz1hbMNnd7gedtPRIv2gEfSC4-00094.jpg": {"object_bounding_box": [368, 503, 737, 1006], "object_presence": 1}, "P407--wireless-earphones--clutter--kRuOg7bYkWFlQEg_XVaz1hbMNnd7gedtPRIv2gEfSC4-00095.jpg": {"object_bounding_box": [371, 497, 741, 993], "object_presence": 1}, "P407--wireless-earphones--clutter--kRuOg7bYkWFlQEg_XVaz1hbMNnd7gedtPRIv2gEfSC4-00096.jpg": {"object_bounding_box": [373, 492, 745, 985], "object_presence": 1}, "P407--wireless-earphones--clutter--kRuOg7bYkWFlQEg_XVaz1hbMNnd7gedtPRIv2gEfSC4-00097.jpg": {"object_bounding_box": [373, 489, 746, 979], "object_presence": 1}, "P407--wireless-earphones--clutter--kRuOg7bYkWFlQEg_XVaz1hbMNnd7gedtPRIv2gEfSC4-00098.jpg": {"object_bounding_box": [377, 485, 754, 970], "object_presence": 1}, "P407--wireless-earphones--clutter--kRuOg7bYkWFlQEg_XVaz1hbMNnd7gedtPRIv2gEfSC4-00099.jpg": {"object_bounding_box": [389, 478, 745, 956], "object_presence": 1}, "P407--wireless-earphones--clutter--kRuOg7bYkWFlQEg_XVaz1hbMNnd7gedtPRIv2gEfSC4-00100.jpg": {"object_bounding_box": [399, 471, 738, 942], "object_presence": 1}, "P407--wireless-earphones--clutter--kRuOg7bYkWFlQEg_XVaz1hbMNnd7gedtPRIv2gEfSC4-00101.jpg": {"object_bounding_box": [414, 466, 728, 932], "object_presence": 1}, "P407--wireless-earphones--clutter--kRuOg7bYkWFlQEg_XVaz1hbMNnd7gedtPRIv2gEfSC4-00102.jpg": {"object_bounding_box": [428, 459, 722, 918], "object_presence": 1}, "P407--wireless-earphones--clutter--kRuOg7bYkWFlQEg_XVaz1hbMNnd7gedtPRIv2gEfSC4-00103.jpg": {"object_bounding_box": [436, 453, 718, 905], "object_presence": 1}, "P407--wireless-earphones--clutter--kRuOg7bYkWFlQEg_XVaz1hbMNnd7gedtPRIv2gEfSC4-00104.jpg": {"object_bounding_box": [452, 450, 708, 900], "object_presence": 1}, "P407--wireless-earphones--clutter--kRuOg7bYkWFlQEg_XVaz1hbMNnd7gedtPRIv2gEfSC4-00105.jpg": {"object_bounding_box": [458, 447, 697, 895], "object_presence": 1}, "P407--wireless-earphones--clutter--kRuOg7bYkWFlQEg_XVaz1hbMNnd7gedtPRIv2gEfSC4-00106.jpg": {"object_bounding_box": [467, 444, 692, 888], "object_presence": 1}, "P407--wireless-earphones--clutter--kRuOg7bYkWFlQEg_XVaz1hbMNnd7gedtPRIv2gEfSC4-00107.jpg": {"object_bounding_box": [473, 439, 686, 878], "object_presence": 1}, "P407--wireless-earphones--clutter--kRuOg7bYkWFlQEg_XVaz1hbMNnd7gedtPRIv2gEfSC4-00108.jpg": {"object_bounding_box": [478, 438, 676, 876], "object_presence": 1}, "P407--wireless-earphones--clutter--kRuOg7bYkWFlQEg_XVaz1hbMNnd7gedtPRIv2gEfSC4-00109.jpg": {"object_bounding_box": [484, 438, 665, 876], "object_presence": 1}, "P407--wireless-earphones--clutter--kRuOg7bYkWFlQEg_XVaz1hbMNnd7gedtPRIv2gEfSC4-00110.jpg": {"object_bounding_box": [492, 434, 656, 867], "object_presence": 1}, "P407--wireless-earphones--clutter--kRuOg7bYkWFlQEg_XVaz1hbMNnd7gedtPRIv2gEfSC4-00111.jpg": {"object_bounding_box": [497, 431, 652, 862], "object_presence": 1}, "P407--wireless-earphones--clutter--kRuOg7bYkWFlQEg_XVaz1hbMNnd7gedtPRIv2gEfSC4-00112.jpg": {"object_bounding_box": [500, 428, 643, 856], "object_presence": 1}, "P407--wireless-earphones--clutter--kRuOg7bYkWFlQEg_XVaz1hbMNnd7gedtPRIv2gEfSC4-00113.jpg": {"object_bounding_box": [502, 426, 633, 852], "object_presence": 1}, "P407--wireless-earphones--clutter--kRuOg7bYkWFlQEg_XVaz1hbMNnd7gedtPRIv2gEfSC4-00114.jpg": {"object_bounding_box": [499, 422, 624, 843], "object_presence": 1}, "P407--wireless-earphones--clutter--kRuOg7bYkWFlQEg_XVaz1hbMNnd7gedtPRIv2gEfSC4-00115.jpg": {"object_bounding_box": [494, 419, 619, 837], "object_presence": 1}, "P407--wireless-earphones--clutter--kRuOg7bYkWFlQEg_XVaz1hbMNnd7gedtPRIv2gEfSC4-00116.jpg": {"object_bounding_box": [489, 419, 610, 838], "object_presence": 1}, "P407--wireless-earphones--clutter--kRuOg7bYkWFlQEg_XVaz1hbMNnd7gedtPRIv2gEfSC4-00117.jpg": {"object_bounding_box": [484, 422, 601, 843], "object_presence": 1}, "P407--wireless-earphones--clutter--kRuOg7bYkWFlQEg_XVaz1hbMNnd7gedtPRIv2gEfSC4-00118.jpg": {"object_bounding_box": [479, 419, 595, 838], "object_presence": 1}, "P407--wireless-earphones--clutter--kRuOg7bYkWFlQEg_XVaz1hbMNnd7gedtPRIv2gEfSC4-00119.jpg": {"object_bounding_box": [476, 418, 587, 836], "object_presence": 1}, "P407--wireless-earphones--clutter--kRuOg7bYkWFlQEg_XVaz1hbMNnd7gedtPRIv2gEfSC4-00120.jpg": {"object_bounding_box": [468, 419, 583, 838], "object_presence": 1}, "P407--wireless-earphones--clutter--kRuOg7bYkWFlQEg_XVaz1hbMNnd7gedtPRIv2gEfSC4-00121.jpg": {"object_bounding_box": [455, 419, 577, 838], "object_presence": 1}, "P407--wireless-earphones--clutter--kRuOg7bYkWFlQEg_XVaz1hbMNnd7gedtPRIv2gEfSC4-00122.jpg": {"object_bounding_box": [452, 419, 570, 838], "object_presence": 1}, "P407--wireless-earphones--clutter--kRuOg7bYkWFlQEg_XVaz1hbMNnd7gedtPRIv2gEfSC4-00123.jpg": {"object_bounding_box": [446, 418, 566, 834], "object_presence": 1}, "P407--wireless-earphones--clutter--kRuOg7bYkWFlQEg_XVaz1hbMNnd7gedtPRIv2gEfSC4-00124.jpg": {"object_bounding_box": [436, 420, 564, 828], "object_presence": 1}, "P407--wireless-earphones--clutter--kRuOg7bYkWFlQEg_XVaz1hbMNnd7gedtPRIv2gEfSC4-00125.jpg": {"object_bounding_box": [429, 416, 556, 824], "object_presence": 1}, "P407--wireless-earphones--clutter--kRuOg7bYkWFlQEg_XVaz1hbMNnd7gedtPRIv2gEfSC4-00126.jpg": {"object_bounding_box": [432, 409, 552, 810], "object_presence": 1}, "P407--wireless-earphones--clutter--kRuOg7bYkWFlQEg_XVaz1hbMNnd7gedtPRIv2gEfSC4-00127.jpg": {"object_bounding_box": [434, 406, 549, 805], "object_presence": 1}, "P407--wireless-earphones--clutter--kRuOg7bYkWFlQEg_XVaz1hbMNnd7gedtPRIv2gEfSC4-00128.jpg": {"object_bounding_box": [431, 409, 542, 798], "object_presence": 1}, "P407--wireless-earphones--clutter--kRuOg7bYkWFlQEg_XVaz1hbMNnd7gedtPRIv2gEfSC4-00129.jpg": {"object_bounding_box": [429, 405, 538, 791], "object_presence": 1}, "P407--wireless-earphones--clutter--kRuOg7bYkWFlQEg_XVaz1hbMNnd7gedtPRIv2gEfSC4-00130.jpg": {"object_bounding_box": [433, 404, 533, 784], "object_presence": 1}, "P407--wireless-earphones--clutter--kRuOg7bYkWFlQEg_XVaz1hbMNnd7gedtPRIv2gEfSC4-00131.jpg": {"object_bounding_box": [436, 414, 527, 774], "object_presence": 1}, "P407--wireless-earphones--clutter--kRuOg7bYkWFlQEg_XVaz1hbMNnd7gedtPRIv2gEfSC4-00132.jpg": {"object_bounding_box": [435, 413, 522, 767], "object_presence": 1}, "P407--wireless-earphones--clutter--kRuOg7bYkWFlQEg_XVaz1hbMNnd7gedtPRIv2gEfSC4-00133.jpg": {"object_bounding_box": [439, 420, 517, 759], "object_presence": 1}, "P407--wireless-earphones--clutter--kRuOg7bYkWFlQEg_XVaz1hbMNnd7gedtPRIv2gEfSC4-00134.jpg": {"object_bounding_box": [439, 417, 517, 753], "object_presence": 1}, "P407--wireless-earphones--clutter--kRuOg7bYkWFlQEg_XVaz1hbMNnd7gedtPRIv2gEfSC4-00135.jpg": {"object_bounding_box": [438, 412, 514, 747], "object_presence": 1}, "P407--wireless-earphones--clutter--kRuOg7bYkWFlQEg_XVaz1hbMNnd7gedtPRIv2gEfSC4-00136.jpg": {"object_bounding_box": [440, 418, 509, 744], "object_presence": 1}, "P407--wireless-earphones--clutter--kRuOg7bYkWFlQEg_XVaz1hbMNnd7gedtPRIv2gEfSC4-00137.jpg": {"object_bounding_box": [445, 421, 508, 737], "object_presence": 1}, "P407--wireless-earphones--clutter--kRuOg7bYkWFlQEg_XVaz1hbMNnd7gedtPRIv2gEfSC4-00138.jpg": {"object_bounding_box": [445, 424, 504, 731], "object_presence": 1}, "P407--wireless-earphones--clutter--kRuOg7bYkWFlQEg_XVaz1hbMNnd7gedtPRIv2gEfSC4-00139.jpg": {"object_bounding_box": [449, 429, 501, 727], "object_presence": 1}, "P407--wireless-earphones--clutter--kRuOg7bYkWFlQEg_XVaz1hbMNnd7gedtPRIv2gEfSC4-00140.jpg": {"object_bounding_box": [455, 418, 501, 727], "object_presence": 1}, "P407--wireless-earphones--clutter--kRuOg7bYkWFlQEg_XVaz1hbMNnd7gedtPRIv2gEfSC4-00141.jpg": {"object_bounding_box": [457, 415, 497, 721], "object_presence": 1}, "P407--wireless-earphones--clutter--kRuOg7bYkWFlQEg_XVaz1hbMNnd7gedtPRIv2gEfSC4-00142.jpg": {"object_bounding_box": [460, 410, 497, 718], "object_presence": 1}, "P407--wireless-earphones--clutter--kRuOg7bYkWFlQEg_XVaz1hbMNnd7gedtPRIv2gEfSC4-00143.jpg": {"object_bounding_box": [466, 408, 491, 716], "object_presence": 1}, "P407--wireless-earphones--clutter--kRuOg7bYkWFlQEg_XVaz1hbMNnd7gedtPRIv2gEfSC4-00144.jpg": {"object_bounding_box": [469, 411, 487, 713], "object_presence": 1}, "P407--wireless-earphones--clutter--kRuOg7bYkWFlQEg_XVaz1hbMNnd7gedtPRIv2gEfSC4-00145.jpg": {"object_bounding_box": [465, 407, 485, 710], "object_presence": 1}, "P407--wireless-earphones--clutter--kRuOg7bYkWFlQEg_XVaz1hbMNnd7gedtPRIv2gEfSC4-00146.jpg": {"object_bounding_box": [474, 405, 481, 704], "object_presence": 1}, "P407--wireless-earphones--clutter--kRuOg7bYkWFlQEg_XVaz1hbMNnd7gedtPRIv2gEfSC4-00147.jpg": {"object_bounding_box": [483, 413, 476, 695], "object_presence": 1}, "P407--wireless-earphones--clutter--kRuOg7bYkWFlQEg_XVaz1hbMNnd7gedtPRIv2gEfSC4-00148.jpg": {"object_bounding_box": [483, 410, 472, 691], "object_presence": 1}, "P407--wireless-earphones--clutter--kRuOg7bYkWFlQEg_XVaz1hbMNnd7gedtPRIv2gEfSC4-00149.jpg": {"object_bounding_box": [488, 408, 466, 684], "object_presence": 1}, "P407--wireless-earphones--clutter--kRuOg7bYkWFlQEg_XVaz1hbMNnd7gedtPRIv2gEfSC4-00150.jpg": {"object_bounding_box": [496, 410, 467, 679], "object_presence": 1}, "P407--wireless-earphones--clutter--kRuOg7bYkWFlQEg_XVaz1hbMNnd7gedtPRIv2gEfSC4-00151.jpg": {"object_bounding_box": [499, 409, 462, 672], "object_presence": 1}, "P407--wireless-earphones--clutter--kRuOg7bYkWFlQEg_XVaz1hbMNnd7gedtPRIv2gEfSC4-00152.jpg": {"object_bounding_box": [502, 418, 456, 663], "object_presence": 1}, "P407--wireless-earphones--clutter--kRuOg7bYkWFlQEg_XVaz1hbMNnd7gedtPRIv2gEfSC4-00153.jpg": {"object_bounding_box": [498, 421, 454, 658], "object_presence": 1}, "P407--wireless-earphones--clutter--kRuOg7bYkWFlQEg_XVaz1hbMNnd7gedtPRIv2gEfSC4-00154.jpg": {"object_bounding_box": [491, 420, 450, 654], "object_presence": 1}, "P407--wireless-earphones--clutter--kRuOg7bYkWFlQEg_XVaz1hbMNnd7gedtPRIv2gEfSC4-00155.jpg": {"object_bounding_box": [494, 423, 447, 651], "object_presence": 1}, "P407--wireless-earphones--clutter--kRuOg7bYkWFlQEg_XVaz1hbMNnd7gedtPRIv2gEfSC4-00156.jpg": {"object_bounding_box": [490, 426, 444, 648], "object_presence": 1}, "P407--wireless-earphones--clutter--kRuOg7bYkWFlQEg_XVaz1hbMNnd7gedtPRIv2gEfSC4-00157.jpg": {"object_bounding_box": [484, 430, 443, 642], "object_presence": 1}, "P407--wireless-earphones--clutter--kRuOg7bYkWFlQEg_XVaz1hbMNnd7gedtPRIv2gEfSC4-00158.jpg": {"object_bounding_box": [481, 437, 441, 636], "object_presence": 1}, "P407--wireless-earphones--clutter--kRuOg7bYkWFlQEg_XVaz1hbMNnd7gedtPRIv2gEfSC4-00159.jpg": {"object_bounding_box": [479, 436, 440, 635], "object_presence": 1}, "P407--wireless-earphones--clutter--kRuOg7bYkWFlQEg_XVaz1hbMNnd7gedtPRIv2gEfSC4-00160.jpg": {"object_bounding_box": [473, 436, 439, 634], "object_presence": 1}, "P407--wireless-earphones--clutter--kRuOg7bYkWFlQEg_XVaz1hbMNnd7gedtPRIv2gEfSC4-00161.jpg": {"object_bounding_box": [466, 434, 437, 632], "object_presence": 1}, "P407--wireless-earphones--clutter--kRuOg7bYkWFlQEg_XVaz1hbMNnd7gedtPRIv2gEfSC4-00162.jpg": {"object_bounding_box": [466, 434, 437, 626], "object_presence": 1}, "P407--wireless-earphones--clutter--kRuOg7bYkWFlQEg_XVaz1hbMNnd7gedtPRIv2gEfSC4-00163.jpg": {"object_bounding_box": [463, 431, 432, 625], "object_presence": 1}, "P407--wireless-earphones--clutter--kRuOg7bYkWFlQEg_XVaz1hbMNnd7gedtPRIv2gEfSC4-00164.jpg": {"object_bounding_box": [457, 430, 427, 621], "object_presence": 1}, "P407--wireless-earphones--clutter--kRuOg7bYkWFlQEg_XVaz1hbMNnd7gedtPRIv2gEfSC4-00165.jpg": {"object_bounding_box": [452, 430, 430, 621], "object_presence": 1}, "P407--wireless-earphones--clutter--kRuOg7bYkWFlQEg_XVaz1hbMNnd7gedtPRIv2gEfSC4-00166.jpg": {"object_bounding_box": [445, 436, 428, 613], "object_presence": 1}, "P407--wireless-earphones--clutter--kRuOg7bYkWFlQEg_XVaz1hbMNnd7gedtPRIv2gEfSC4-00167.jpg": {"object_bounding_box": [448, 435, 424, 613], "object_presence": 1}, "P407--wireless-earphones--clutter--kRuOg7bYkWFlQEg_XVaz1hbMNnd7gedtPRIv2gEfSC4-00168.jpg": {"object_bounding_box": [447, 435, 423, 612], "object_presence": 1}, "P407--wireless-earphones--clutter--kRuOg7bYkWFlQEg_XVaz1hbMNnd7gedtPRIv2gEfSC4-00169.jpg": {"object_bounding_box": [440, 440, 421, 606], "object_presence": 1}, "P407--wireless-earphones--clutter--kRuOg7bYkWFlQEg_XVaz1hbMNnd7gedtPRIv2gEfSC4-00170.jpg": {"object_bounding_box": [440, 437, 420, 602], "object_presence": 1}, "P407--wireless-earphones--clutter--kRuOg7bYkWFlQEg_XVaz1hbMNnd7gedtPRIv2gEfSC4-00171.jpg": {"object_bounding_box": [437, 432, 419, 601], "object_presence": 1}, "P407--wireless-earphones--clutter--kRuOg7bYkWFlQEg_XVaz1hbMNnd7gedtPRIv2gEfSC4-00172.jpg": {"object_bounding_box": [436, 435, 416, 597], "object_presence": 1}, "P407--wireless-earphones--clutter--kRuOg7bYkWFlQEg_XVaz1hbMNnd7gedtPRIv2gEfSC4-00173.jpg": {"object_bounding_box": [435, 438, 411, 591], "object_presence": 1}, "P407--wireless-earphones--clutter--kRuOg7bYkWFlQEg_XVaz1hbMNnd7gedtPRIv2gEfSC4-00174.jpg": {"object_bounding_box": [442, 451, 405, 584], "object_presence": 1}, "P407--wireless-earphones--clutter--kRuOg7bYkWFlQEg_XVaz1hbMNnd7gedtPRIv2gEfSC4-00175.jpg": {"object_bounding_box": [446, 464, 400, 577], "object_presence": 1}, "P407--wireless-earphones--clutter--kRuOg7bYkWFlQEg_XVaz1hbMNnd7gedtPRIv2gEfSC4-00176.jpg": {"object_bounding_box": [448, 467, 398, 572], "object_presence": 1}, "P407--wireless-earphones--clutter--kRuOg7bYkWFlQEg_XVaz1hbMNnd7gedtPRIv2gEfSC4-00177.jpg": {"object_bounding_box": [460, 471, 395, 566], "object_presence": 1}, "P407--wireless-earphones--clutter--kRuOg7bYkWFlQEg_XVaz1hbMNnd7gedtPRIv2gEfSC4-00178.jpg": {"object_bounding_box": [466, 481, 393, 562], "object_presence": 1}, "P407--wireless-earphones--clutter--kRuOg7bYkWFlQEg_XVaz1hbMNnd7gedtPRIv2gEfSC4-00179.jpg": {"object_bounding_box": [465, 481, 391, 558], "object_presence": 1}, "P407--wireless-earphones--clutter--kRuOg7bYkWFlQEg_XVaz1hbMNnd7gedtPRIv2gEfSC4-00180.jpg": {"object_bounding_box": [468, 480, 389, 555], "object_presence": 1}, "P407--wireless-earphones--clutter--kRuOg7bYkWFlQEg_XVaz1hbMNnd7gedtPRIv2gEfSC4-00181.jpg": {"object_bounding_box": [470, 486, 385, 547], "object_presence": 1}, "P407--wireless-earphones--clutter--kRuOg7bYkWFlQEg_XVaz1hbMNnd7gedtPRIv2gEfSC4-00182.jpg": {"object_bounding_box": [468, 484, 381, 543], "object_presence": 1}, "P407--wireless-earphones--clutter--kRuOg7bYkWFlQEg_XVaz1hbMNnd7gedtPRIv2gEfSC4-00183.jpg": {"object_bounding_box": [469, 480, 378, 536], "object_presence": 1}, "P407--wireless-earphones--clutter--kRuOg7bYkWFlQEg_XVaz1hbMNnd7gedtPRIv2gEfSC4-00184.jpg": {"object_bounding_box": [475, 478, 375, 533], "object_presence": 1}, "P407--wireless-earphones--clutter--kRuOg7bYkWFlQEg_XVaz1hbMNnd7gedtPRIv2gEfSC4-00185.jpg": {"object_bounding_box": [478, 473, 374, 530], "object_presence": 1}, "P407--wireless-earphones--clutter--kRuOg7bYkWFlQEg_XVaz1hbMNnd7gedtPRIv2gEfSC4-00186.jpg": {"object_bounding_box": [484, 476, 369, 526], "object_presence": 1}, "P407--wireless-earphones--clutter--kRuOg7bYkWFlQEg_XVaz1hbMNnd7gedtPRIv2gEfSC4-00187.jpg": {"object_bounding_box": [487, 469, 368, 523], "object_presence": 1}, "P407--wireless-earphones--clutter--kRuOg7bYkWFlQEg_XVaz1hbMNnd7gedtPRIv2gEfSC4-00188.jpg": {"object_bounding_box": [489, 455, 365, 522], "object_presence": 1}, "P407--wireless-earphones--clutter--kRuOg7bYkWFlQEg_XVaz1hbMNnd7gedtPRIv2gEfSC4-00189.jpg": {"object_bounding_box": [493, 453, 362, 517], "object_presence": 1}, "P407--wireless-earphones--clutter--kRuOg7bYkWFlQEg_XVaz1hbMNnd7gedtPRIv2gEfSC4-00190.jpg": {"object_bounding_box": [499, 448, 359, 511], "object_presence": 1}, "P407--wireless-earphones--clutter--kRuOg7bYkWFlQEg_XVaz1hbMNnd7gedtPRIv2gEfSC4-00191.jpg": {"object_bounding_box": [497, 454, 355, 506], "object_presence": 1}, "P407--wireless-earphones--clutter--kRuOg7bYkWFlQEg_XVaz1hbMNnd7gedtPRIv2gEfSC4-00192.jpg": {"object_bounding_box": [494, 462, 353, 503], "object_presence": 1}, "P407--wireless-earphones--clutter--kRuOg7bYkWFlQEg_XVaz1hbMNnd7gedtPRIv2gEfSC4-00193.jpg": {"object_bounding_box": [494, 461, 352, 499], "object_presence": 1}, "P407--wireless-earphones--clutter--kRuOg7bYkWFlQEg_XVaz1hbMNnd7gedtPRIv2gEfSC4-00194.jpg": {"object_bounding_box": [501, 462, 346, 497], "object_presence": 1}, "P407--wireless-earphones--clutter--kRuOg7bYkWFlQEg_XVaz1hbMNnd7gedtPRIv2gEfSC4-00195.jpg": {"object_bounding_box": [504, 461, 346, 491], "object_presence": 1}, "P407--wireless-earphones--clutter--kRuOg7bYkWFlQEg_XVaz1hbMNnd7gedtPRIv2gEfSC4-00196.jpg": {"object_bounding_box": [511, 456, 339, 486], "object_presence": 1}, "P407--wireless-earphones--clutter--kRuOg7bYkWFlQEg_XVaz1hbMNnd7gedtPRIv2gEfSC4-00197.jpg": {"object_bounding_box": [525, 450, 342, 486], "object_presence": 1}, "P407--wireless-earphones--clutter--kRuOg7bYkWFlQEg_XVaz1hbMNnd7gedtPRIv2gEfSC4-00198.jpg": {"object_bounding_box": [527, 447, 337, 481], "object_presence": 1}, "P407--wireless-earphones--clutter--kRuOg7bYkWFlQEg_XVaz1hbMNnd7gedtPRIv2gEfSC4-00199.jpg": {"object_bounding_box": [534, 443, 335, 472], "object_presence": 1}, "P407--wireless-earphones--clutter--kRuOg7bYkWFlQEg_XVaz1hbMNnd7gedtPRIv2gEfSC4-00200.jpg": {"object_bounding_box": [545, 435, 334, 470], "object_presence": 1}, "P407--wireless-earphones--clutter--kRuOg7bYkWFlQEg_XVaz1hbMNnd7gedtPRIv2gEfSC4-00201.jpg": {"object_bounding_box": [547, 431, 331, 466], "object_presence": 1}, "P407--wireless-earphones--clutter--kRuOg7bYkWFlQEg_XVaz1hbMNnd7gedtPRIv2gEfSC4-00202.jpg": {"object_bounding_box": [550, 421, 329, 461], "object_presence": 1}, "P407--wireless-earphones--clutter--kRuOg7bYkWFlQEg_XVaz1hbMNnd7gedtPRIv2gEfSC4-00203.jpg": {"object_bounding_box": [557, 414, 324, 459], "object_presence": 1}, "P407--wireless-earphones--clutter--kRuOg7bYkWFlQEg_XVaz1hbMNnd7gedtPRIv2gEfSC4-00204.jpg": {"object_bounding_box": [562, 417, 323, 453], "object_presence": 1}, "P407--wireless-earphones--clutter--kRuOg7bYkWFlQEg_XVaz1hbMNnd7gedtPRIv2gEfSC4-00205.jpg": {"object_bounding_box": [558, 420, 320, 450], "object_presence": 1}, "P407--wireless-earphones--clutter--kRuOg7bYkWFlQEg_XVaz1hbMNnd7gedtPRIv2gEfSC4-00206.jpg": {"object_bounding_box": [555, 413, 318, 447], "object_presence": 1}, "P407--wireless-earphones--clutter--kRuOg7bYkWFlQEg_XVaz1hbMNnd7gedtPRIv2gEfSC4-00207.jpg": {"object_bounding_box": [554, 417, 317, 441], "object_presence": 1}, "P407--wireless-earphones--clutter--kRuOg7bYkWFlQEg_XVaz1hbMNnd7gedtPRIv2gEfSC4-00208.jpg": {"object_bounding_box": [539, 423, 319, 438], "object_presence": 1}, "P407--wireless-earphones--clutter--kRuOg7bYkWFlQEg_XVaz1hbMNnd7gedtPRIv2gEfSC4-00209.jpg": {"object_bounding_box": [525, 424, 309, 432], "object_presence": 1}, "P407--wireless-earphones--clutter--kRuOg7bYkWFlQEg_XVaz1hbMNnd7gedtPRIv2gEfSC4-00210.jpg": {"object_bounding_box": [524, 430, 307, 427], "object_presence": 1}, "P407--wireless-earphones--clutter--kRuOg7bYkWFlQEg_XVaz1hbMNnd7gedtPRIv2gEfSC4-00211.jpg": {"object_bounding_box": [519, 439, 304, 425], "object_presence": 1}, "P407--wireless-earphones--clutter--kRuOg7bYkWFlQEg_XVaz1hbMNnd7gedtPRIv2gEfSC4-00212.jpg": {"object_bounding_box": [516, 450, 300, 419], "object_presence": 1}, "P407--wireless-earphones--clutter--kRuOg7bYkWFlQEg_XVaz1hbMNnd7gedtPRIv2gEfSC4-00213.jpg": {"object_bounding_box": [515, 455, 298, 416], "object_presence": 1}, "P407--wireless-earphones--clutter--kRuOg7bYkWFlQEg_XVaz1hbMNnd7gedtPRIv2gEfSC4-00214.jpg": {"object_bounding_box": [511, 459, 294, 413], "object_presence": 1}, "P407--wireless-earphones--clutter--kRuOg7bYkWFlQEg_XVaz1hbMNnd7gedtPRIv2gEfSC4-00215.jpg": {"object_bounding_box": [508, 461, 295, 411], "object_presence": 1}, "P407--wireless-earphones--clutter--kRuOg7bYkWFlQEg_XVaz1hbMNnd7gedtPRIv2gEfSC4-00216.jpg": {"object_bounding_box": [501, 468, 292, 404], "object_presence": 1}, "P407--wireless-earphones--clutter--kRuOg7bYkWFlQEg_XVaz1hbMNnd7gedtPRIv2gEfSC4-00217.jpg": {"object_bounding_box": [495, 478, 290, 400], "object_presence": 1}, "P407--wireless-earphones--clutter--kRuOg7bYkWFlQEg_XVaz1hbMNnd7gedtPRIv2gEfSC4-00218.jpg": {"object_bounding_box": [483, 477, 291, 397], "object_presence": 1}, "P407--wireless-earphones--clutter--kRuOg7bYkWFlQEg_XVaz1hbMNnd7gedtPRIv2gEfSC4-00219.jpg": {"object_bounding_box": [474, 477, 285, 396], "object_presence": 1}, "P407--wireless-earphones--clutter--kRuOg7bYkWFlQEg_XVaz1hbMNnd7gedtPRIv2gEfSC4-00220.jpg": {"object_bounding_box": [473, 481, 285, 392], "object_presence": 1}, "P407--wireless-earphones--clutter--kRuOg7bYkWFlQEg_XVaz1hbMNnd7gedtPRIv2gEfSC4-00221.jpg": {"object_bounding_box": [470, 480, 281, 388], "object_presence": 1}, "P407--wireless-earphones--clutter--kRuOg7bYkWFlQEg_XVaz1hbMNnd7gedtPRIv2gEfSC4-00222.jpg": {"object_bounding_box": [472, 480, 282, 389], "object_presence": 1}, "P407--wireless-earphones--clutter--kRuOg7bYkWFlQEg_XVaz1hbMNnd7gedtPRIv2gEfSC4-00223.jpg": {"object_bounding_box": [469, 475, 279, 384], "object_presence": 1}, "P407--wireless-earphones--clutter--kRuOg7bYkWFlQEg_XVaz1hbMNnd7gedtPRIv2gEfSC4-00224.jpg": {"object_bounding_box": [471, 473, 279, 380], "object_presence": 1}, "P407--wireless-earphones--clutter--kRuOg7bYkWFlQEg_XVaz1hbMNnd7gedtPRIv2gEfSC4-00225.jpg": {"object_bounding_box": [466, 469, 278, 383], "object_presence": 1}, "P407--wireless-earphones--clutter--kRuOg7bYkWFlQEg_XVaz1hbMNnd7gedtPRIv2gEfSC4-00226.jpg": {"object_bounding_box": [463, 467, 275, 379], "object_presence": 1}, "P407--wireless-earphones--clutter--kRuOg7bYkWFlQEg_XVaz1hbMNnd7gedtPRIv2gEfSC4-00227.jpg": {"object_bounding_box": [468, 463, 275, 373], "object_presence": 1}, "P407--wireless-earphones--clutter--kRuOg7bYkWFlQEg_XVaz1hbMNnd7gedtPRIv2gEfSC4-00228.jpg": {"object_bounding_box": [465, 449, 275, 378], "object_presence": 1}, "P407--wireless-earphones--clutter--kRuOg7bYkWFlQEg_XVaz1hbMNnd7gedtPRIv2gEfSC4-00229.jpg": {"object_bounding_box": [465, 460, 268, 369], "object_presence": 1}, "P407--wireless-earphones--clutter--kRuOg7bYkWFlQEg_XVaz1hbMNnd7gedtPRIv2gEfSC4-00230.jpg": {"object_bounding_box": [467, 474, 268, 365], "object_presence": 1}, "P407--wireless-earphones--clutter--kRuOg7bYkWFlQEg_XVaz1hbMNnd7gedtPRIv2gEfSC4-00231.jpg": {"object_bounding_box": [469, 475, 264, 363], "object_presence": 1}, "P407--wireless-earphones--clutter--kRuOg7bYkWFlQEg_XVaz1hbMNnd7gedtPRIv2gEfSC4-00232.jpg": {"object_bounding_box": [473, 480, 261, 356], "object_presence": 1}, "P407--wireless-earphones--clutter--kRuOg7bYkWFlQEg_XVaz1hbMNnd7gedtPRIv2gEfSC4-00233.jpg": {"object_bounding_box": [477, 487, 257, 356], "object_presence": 1}, "P407--wireless-earphones--clutter--kRuOg7bYkWFlQEg_XVaz1hbMNnd7gedtPRIv2gEfSC4-00234.jpg": {"object_bounding_box": [484, 496, 257, 351], "object_presence": 1}, "P407--wireless-earphones--clutter--kRuOg7bYkWFlQEg_XVaz1hbMNnd7gedtPRIv2gEfSC4-00235.jpg": {"object_bounding_box": [485, 501, 255, 347], "object_presence": 1}, "P407--wireless-earphones--clutter--kRuOg7bYkWFlQEg_XVaz1hbMNnd7gedtPRIv2gEfSC4-00236.jpg": {"object_bounding_box": [494, 500, 252, 348], "object_presence": 1}, "P407--wireless-earphones--clutter--kRuOg7bYkWFlQEg_XVaz1hbMNnd7gedtPRIv2gEfSC4-00237.jpg": {"object_bounding_box": [503, 501, 251, 342], "object_presence": 1}, "P407--wireless-earphones--clutter--kRuOg7bYkWFlQEg_XVaz1hbMNnd7gedtPRIv2gEfSC4-00238.jpg": {"object_bounding_box": [497, 503, 249, 338], "object_presence": 1}, "P407--wireless-earphones--clutter--kRuOg7bYkWFlQEg_XVaz1hbMNnd7gedtPRIv2gEfSC4-00239.jpg": {"object_bounding_box": [504, 500, 246, 335], "object_presence": 1}, "P407--wireless-earphones--clutter--kRuOg7bYkWFlQEg_XVaz1hbMNnd7gedtPRIv2gEfSC4-00240.jpg": {"object_bounding_box": [506, 495, 245, 332], "object_presence": 1}, "P407--wireless-earphones--clutter--kRuOg7bYkWFlQEg_XVaz1hbMNnd7gedtPRIv2gEfSC4-00241.jpg": {"object_bounding_box": [498, 488, 244, 329], "object_presence": 1}, "P407--wireless-earphones--clutter--kRuOg7bYkWFlQEg_XVaz1hbMNnd7gedtPRIv2gEfSC4-00242.jpg": {"object_bounding_box": [508, 487, 238, 326], "object_presence": 1}, "P407--wireless-earphones--clutter--kRuOg7bYkWFlQEg_XVaz1hbMNnd7gedtPRIv2gEfSC4-00243.jpg": {"object_bounding_box": [520, 481, 237, 325], "object_presence": 1}, "P407--wireless-earphones--clutter--kRuOg7bYkWFlQEg_XVaz1hbMNnd7gedtPRIv2gEfSC4-00244.jpg": {"object_bounding_box": [520, 478, 236, 325], "object_presence": 1}, "P407--wireless-earphones--clutter--kRuOg7bYkWFlQEg_XVaz1hbMNnd7gedtPRIv2gEfSC4-00245.jpg": {"object_bounding_box": [516, 475, 234, 320], "object_presence": 1}, "P407--wireless-earphones--clutter--kRuOg7bYkWFlQEg_XVaz1hbMNnd7gedtPRIv2gEfSC4-00246.jpg": {"object_bounding_box": [519, 471, 231, 319], "object_presence": 1}, "P407--wireless-earphones--clutter--kRuOg7bYkWFlQEg_XVaz1hbMNnd7gedtPRIv2gEfSC4-00247.jpg": {"object_bounding_box": [526, 465, 230, 317], "object_presence": 1}, "P407--wireless-earphones--clutter--kRuOg7bYkWFlQEg_XVaz1hbMNnd7gedtPRIv2gEfSC4-00248.jpg": {"object_bounding_box": [521, 460, 231, 315], "object_presence": 1}, "P407--wireless-earphones--clutter--kRuOg7bYkWFlQEg_XVaz1hbMNnd7gedtPRIv2gEfSC4-00249.jpg": {"object_bounding_box": [519, 451, 228, 312], "object_presence": 1}, "P407--wireless-earphones--clutter--kRuOg7bYkWFlQEg_XVaz1hbMNnd7gedtPRIv2gEfSC4-00250.jpg": {"object_bounding_box": [520, 438, 227, 311], "object_presence": 1}, "P407--wireless-earphones--clutter--kRuOg7bYkWFlQEg_XVaz1hbMNnd7gedtPRIv2gEfSC4-00251.jpg": {"object_bounding_box": [520, 425, 226, 312], "object_presence": 1}, "P407--wireless-earphones--clutter--kRuOg7bYkWFlQEg_XVaz1hbMNnd7gedtPRIv2gEfSC4-00252.jpg": {"object_bounding_box": [525, 424, 223, 310], "object_presence": 1}, "P407--wireless-earphones--clutter--kRuOg7bYkWFlQEg_XVaz1hbMNnd7gedtPRIv2gEfSC4-00253.jpg": {"object_bounding_box": [527, 425, 224, 307], "object_presence": 1}, "P407--wireless-earphones--clutter--kRuOg7bYkWFlQEg_XVaz1hbMNnd7gedtPRIv2gEfSC4-00254.jpg": {"object_bounding_box": [529, 427, 221, 307], "object_presence": 1}, "P407--wireless-earphones--clutter--kRuOg7bYkWFlQEg_XVaz1hbMNnd7gedtPRIv2gEfSC4-00255.jpg": {"object_bounding_box": [537, 426, 219, 303], "object_presence": 1}, "P407--wireless-earphones--clutter--kRuOg7bYkWFlQEg_XVaz1hbMNnd7gedtPRIv2gEfSC4-00256.jpg": {"object_bounding_box": [547, 425, 218, 303], "object_presence": 1}, "P407--wireless-earphones--clutter--kRuOg7bYkWFlQEg_XVaz1hbMNnd7gedtPRIv2gEfSC4-00257.jpg": {"object_bounding_box": [542, 434, 219, 300], "object_presence": 1}, "P407--wireless-earphones--clutter--kRuOg7bYkWFlQEg_XVaz1hbMNnd7gedtPRIv2gEfSC4-00258.jpg": {"object_bounding_box": [538, 429, 217, 297], "object_presence": 1}, "P407--wireless-earphones--clutter--kRuOg7bYkWFlQEg_XVaz1hbMNnd7gedtPRIv2gEfSC4-00259.jpg": {"object_bounding_box": [543, 419, 216, 299], "object_presence": 1}, "P407--wireless-earphones--clutter--kRuOg7bYkWFlQEg_XVaz1hbMNnd7gedtPRIv2gEfSC4-00260.jpg": {"object_bounding_box": [539, 427, 215, 295], "object_presence": 1}, "P407--wireless-earphones--clutter--kRuOg7bYkWFlQEg_XVaz1hbMNnd7gedtPRIv2gEfSC4-00261.jpg": {"object_bounding_box": [538, 427, 212, 295], "object_presence": 1}, "P407--wireless-earphones--clutter--kRuOg7bYkWFlQEg_XVaz1hbMNnd7gedtPRIv2gEfSC4-00262.jpg": {"object_bounding_box": [547, 419, 210, 294], "object_presence": 1}, "P407--wireless-earphones--clutter--kRuOg7bYkWFlQEg_XVaz1hbMNnd7gedtPRIv2gEfSC4-00263.jpg": {"object_bounding_box": [557, 427, 211, 295], "object_presence": 1}, "P407--wireless-earphones--clutter--kRuOg7bYkWFlQEg_XVaz1hbMNnd7gedtPRIv2gEfSC4-00264.jpg": {"object_bounding_box": [562, 435, 210, 290], "object_presence": 1}, "P407--wireless-earphones--clutter--kRuOg7bYkWFlQEg_XVaz1hbMNnd7gedtPRIv2gEfSC4-00265.jpg": {"object_bounding_box": [563, 436, 210, 290], "object_presence": 1}, "P407--wireless-earphones--clutter--kRuOg7bYkWFlQEg_XVaz1hbMNnd7gedtPRIv2gEfSC4-00266.jpg": {"object_bounding_box": [568, 440, 206, 286], "object_presence": 1}, "P407--wireless-earphones--clutter--kRuOg7bYkWFlQEg_XVaz1hbMNnd7gedtPRIv2gEfSC4-00267.jpg": {"object_bounding_box": [574, 433, 208, 286], "object_presence": 1}, "P407--wireless-earphones--clutter--kRuOg7bYkWFlQEg_XVaz1hbMNnd7gedtPRIv2gEfSC4-00268.jpg": {"object_bounding_box": [570, 432, 206, 287], "object_presence": 1}, "P407--wireless-earphones--clutter--kRuOg7bYkWFlQEg_XVaz1hbMNnd7gedtPRIv2gEfSC4-00269.jpg": {"object_bounding_box": [574, 447, 205, 286], "object_presence": 1}, "P407--wireless-earphones--clutter--kRuOg7bYkWFlQEg_XVaz1hbMNnd7gedtPRIv2gEfSC4-00270.jpg": {"object_bounding_box": [574, 461, 204, 283], "object_presence": 1}, "P407--wireless-earphones--clutter--kRuOg7bYkWFlQEg_XVaz1hbMNnd7gedtPRIv2gEfSC4-00271.jpg": {"object_bounding_box": [575, 466, 202, 282], "object_presence": 1}, "P407--wireless-earphones--clutter--kRuOg7bYkWFlQEg_XVaz1hbMNnd7gedtPRIv2gEfSC4-00272.jpg": {"object_bounding_box": [583, 471, 203, 279], "object_presence": 1}, "P407--wireless-earphones--clutter--kRuOg7bYkWFlQEg_XVaz1hbMNnd7gedtPRIv2gEfSC4-00273.jpg": {"object_bounding_box": [590, 481, 200, 277], "object_presence": 1}, "P407--wireless-earphones--clutter--kRuOg7bYkWFlQEg_XVaz1hbMNnd7gedtPRIv2gEfSC4-00274.jpg": {"object_bounding_box": [592, 494, 199, 275], "object_presence": 1}, "P407--wireless-earphones--clutter--kRuOg7bYkWFlQEg_XVaz1hbMNnd7gedtPRIv2gEfSC4-00275.jpg": {"object_bounding_box": [600, 492, 200, 274], "object_presence": 1}, "P407--wireless-earphones--clutter--kRuOg7bYkWFlQEg_XVaz1hbMNnd7gedtPRIv2gEfSC4-00276.jpg": {"object_bounding_box": [601, 502, 198, 272], "object_presence": 1}, "P407--wireless-earphones--clutter--kRuOg7bYkWFlQEg_XVaz1hbMNnd7gedtPRIv2gEfSC4-00277.jpg": {"object_bounding_box": [600, 513, 197, 271], "object_presence": 1}, "P407--wireless-earphones--clutter--kRuOg7bYkWFlQEg_XVaz1hbMNnd7gedtPRIv2gEfSC4-00278.jpg": {"object_bounding_box": [609, 513, 195, 271], "object_presence": 1}, "P407--wireless-earphones--clutter--kRuOg7bYkWFlQEg_XVaz1hbMNnd7gedtPRIv2gEfSC4-00279.jpg": {"object_bounding_box": [614, 527, 194, 269], "object_presence": 1}, "P407--wireless-earphones--clutter--kRuOg7bYkWFlQEg_XVaz1hbMNnd7gedtPRIv2gEfSC4-00280.jpg": {"object_bounding_box": [612, 536, 194, 270], "object_presence": 1}, "P407--wireless-earphones--clutter--kRuOg7bYkWFlQEg_XVaz1hbMNnd7gedtPRIv2gEfSC4-00281.jpg": {"object_bounding_box": [619, 542, 194, 270], "object_presence": 1}, "P407--wireless-earphones--clutter--kRuOg7bYkWFlQEg_XVaz1hbMNnd7gedtPRIv2gEfSC4-00282.jpg": {"object_bounding_box": [614, 547, 196, 267], "object_presence": 1}, "P407--wireless-earphones--clutter--kRuOg7bYkWFlQEg_XVaz1hbMNnd7gedtPRIv2gEfSC4-00283.jpg": {"object_bounding_box": [606, 550, 193, 267], "object_presence": 1}, "P407--wireless-earphones--clutter--kRuOg7bYkWFlQEg_XVaz1hbMNnd7gedtPRIv2gEfSC4-00284.jpg": {"object_bounding_box": [605, 551, 194, 267], "object_presence": 1}, "P407--wireless-earphones--clutter--kRuOg7bYkWFlQEg_XVaz1hbMNnd7gedtPRIv2gEfSC4-00285.jpg": {"object_bounding_box": [597, 544, 193, 267], "object_presence": 1}, "P407--wireless-earphones--clutter--kRuOg7bYkWFlQEg_XVaz1hbMNnd7gedtPRIv2gEfSC4-00286.jpg": {"object_bounding_box": [592, 542, 192, 265], "object_presence": 1}, "P407--wireless-earphones--clutter--kRuOg7bYkWFlQEg_XVaz1hbMNnd7gedtPRIv2gEfSC4-00287.jpg": {"object_bounding_box": [593, 539, 192, 267], "object_presence": 1}, "P407--wireless-earphones--clutter--kRuOg7bYkWFlQEg_XVaz1hbMNnd7gedtPRIv2gEfSC4-00288.jpg": {"object_bounding_box": [589, 542, 193, 262], "object_presence": 1}, "P407--wireless-earphones--clutter--kRuOg7bYkWFlQEg_XVaz1hbMNnd7gedtPRIv2gEfSC4-00289.jpg": {"object_bounding_box": [582, 542, 194, 264], "object_presence": 1}, "P407--wireless-earphones--clutter--kRuOg7bYkWFlQEg_XVaz1hbMNnd7gedtPRIv2gEfSC4-00290.jpg": {"object_bounding_box": [583, 539, 192, 265], "object_presence": 1}, "P407--wireless-earphones--clutter--kRuOg7bYkWFlQEg_XVaz1hbMNnd7gedtPRIv2gEfSC4-00291.jpg": {"object_bounding_box": [583, 537, 194, 265], "object_presence": 1}, "P407--wireless-earphones--clutter--kRuOg7bYkWFlQEg_XVaz1hbMNnd7gedtPRIv2gEfSC4-00292.jpg": {"object_bounding_box": [584, 530, 193, 266], "object_presence": 1}, "P407--wireless-earphones--clutter--kRuOg7bYkWFlQEg_XVaz1hbMNnd7gedtPRIv2gEfSC4-00293.jpg": {"object_bounding_box": [583, 526, 192, 266], "object_presence": 1}, "P407--wireless-earphones--clutter--kRuOg7bYkWFlQEg_XVaz1hbMNnd7gedtPRIv2gEfSC4-00294.jpg": {"object_bounding_box": [578, 522, 194, 264], "object_presence": 1}, "P407--wireless-earphones--clutter--kRuOg7bYkWFlQEg_XVaz1hbMNnd7gedtPRIv2gEfSC4-00295.jpg": {"object_bounding_box": [571, 519, 192, 266], "object_presence": 1}, "P407--wireless-earphones--clutter--kRuOg7bYkWFlQEg_XVaz1hbMNnd7gedtPRIv2gEfSC4-00296.jpg": {"object_bounding_box": [568, 515, 193, 267], "object_presence": 1}, "P407--wireless-earphones--clutter--kRuOg7bYkWFlQEg_XVaz1hbMNnd7gedtPRIv2gEfSC4-00297.jpg": {"object_bounding_box": [567, 510, 193, 267], "object_presence": 1}, "P407--wireless-earphones--clutter--kRuOg7bYkWFlQEg_XVaz1hbMNnd7gedtPRIv2gEfSC4-00298.jpg": {"object_bounding_box": [567, 501, 192, 266], "object_presence": 1}, "P407--wireless-earphones--clutter--kRuOg7bYkWFlQEg_XVaz1hbMNnd7gedtPRIv2gEfSC4-00299.jpg": {"object_bounding_box": [568, 494, 193, 268], "object_presence": 1}, "P407--wireless-earphones--clutter--kRuOg7bYkWFlQEg_XVaz1hbMNnd7gedtPRIv2gEfSC4-00300.jpg": {"object_bounding_box": [568, 490, 194, 268], "object_presence": 1}, "P407--wireless-earphones--clutter--kRuOg7bYkWFlQEg_XVaz1hbMNnd7gedtPRIv2gEfSC4-00301.jpg": {"object_bounding_box": [569, 490, 192, 266], "object_presence": 1}, "P407--wireless-earphones--clutter--kRuOg7bYkWFlQEg_XVaz1hbMNnd7gedtPRIv2gEfSC4-00302.jpg": {"object_bounding_box": [575, 498, 195, 266], "object_presence": 1}, "P407--wireless-earphones--clutter--kRuOg7bYkWFlQEg_XVaz1hbMNnd7gedtPRIv2gEfSC4-00303.jpg": {"object_bounding_box": [565, 503, 195, 267], "object_presence": 1}, "P407--wireless-earphones--clutter--kRuOg7bYkWFlQEg_XVaz1hbMNnd7gedtPRIv2gEfSC4-00304.jpg": {"object_bounding_box": [566, 498, 195, 267], "object_presence": 1}, "P407--wireless-earphones--clutter--kRuOg7bYkWFlQEg_XVaz1hbMNnd7gedtPRIv2gEfSC4-00305.jpg": {"object_bounding_box": [557, 497, 196, 266], "object_presence": 1}, "P407--wireless-earphones--clutter--kRuOg7bYkWFlQEg_XVaz1hbMNnd7gedtPRIv2gEfSC4-00306.jpg": {"object_bounding_box": [546, 497, 194, 267], "object_presence": 1}, "P407--wireless-earphones--clutter--kRuOg7bYkWFlQEg_XVaz1hbMNnd7gedtPRIv2gEfSC4-00307.jpg": {"object_bounding_box": [561, 500, 192, 270], "object_presence": 1}, "P407--wireless-earphones--clutter--kRuOg7bYkWFlQEg_XVaz1hbMNnd7gedtPRIv2gEfSC4-00308.jpg": {"object_bounding_box": [565, 518, 199, 265], "object_presence": 1}, "P407--wireless-earphones--clutter--kRuOg7bYkWFlQEg_XVaz1hbMNnd7gedtPRIv2gEfSC4-00309.jpg": {"object_bounding_box": [552, 514, 195, 265], "object_presence": 1}, "P407--wireless-earphones--clutter--kRuOg7bYkWFlQEg_XVaz1hbMNnd7gedtPRIv2gEfSC4-00310.jpg": {"object_bounding_box": [558, 512, 193, 266], "object_presence": 1}, "P407--wireless-earphones--clutter--kRuOg7bYkWFlQEg_XVaz1hbMNnd7gedtPRIv2gEfSC4-00311.jpg": {"object_bounding_box": [538, 511, 193, 267], "object_presence": 1}, "P407--wireless-earphones--clutter--kRuOg7bYkWFlQEg_XVaz1hbMNnd7gedtPRIv2gEfSC4-00312.jpg": {"object_bounding_box": [530, 501, 194, 271], "object_presence": 1}, "P407--wireless-earphones--clutter--kRuOg7bYkWFlQEg_XVaz1hbMNnd7gedtPRIv2gEfSC4-00313.jpg": {"object_bounding_box": [531, 497, 194, 266], "object_presence": 1}, "P407--wireless-earphones--clutter--kRuOg7bYkWFlQEg_XVaz1hbMNnd7gedtPRIv2gEfSC4-00314.jpg": {"object_bounding_box": [529, 501, 195, 267], "object_presence": 1}}