{"P447--glasses-case--clutter--ar55-5jYbmQ2ArvjkT6Gd12UcCjO32YW4mPSWuaNMBY-00001.jpg": {"object_bounding_box": [334, 597, 647, 967], "object_presence": 1}, "P447--glasses-case--clutter--ar55-5jYbmQ2ArvjkT6Gd12UcCjO32YW4mPSWuaNMBY-00002.jpg": {"object_bounding_box": [334, 597, 647, 967], "object_presence": 1}, "P447--glasses-case--clutter--ar55-5jYbmQ2ArvjkT6Gd12UcCjO32YW4mPSWuaNMBY-00003.jpg": {"object_bounding_box": [336, 556, 673, 1049], "object_presence": 1}, "P447--glasses-case--clutter--ar55-5jYbmQ2ArvjkT6Gd12UcCjO32YW4mPSWuaNMBY-00004.jpg": {"object_bounding_box": [327, 542, 655, 1077], "object_presence": 1}, "P447--glasses-case--clutter--ar55-5jYbmQ2ArvjkT6Gd12UcCjO32YW4mPSWuaNMBY-00005.jpg": {"object_bounding_box": [325, 540, 649, 1080], "object_presence": 1}, "P447--glasses-case--clutter--ar55-5jYbmQ2ArvjkT6Gd12UcCjO32YW4mPSWuaNMBY-00006.jpg": {"object_bounding_box": [342, 540, 684, 1080], "object_presence": 1}, "P447--glasses-case--clutter--ar55-5jYbmQ2ArvjkT6Gd12UcCjO32YW4mPSWuaNMBY-00007.jpg": {"object_bounding_box": [360, 540, 719, 1080], "object_presence": 1}, "P447--glasses-case--clutter--ar55-5jYbmQ2ArvjkT6Gd12UcCjO32YW4mPSWuaNMBY-00008.jpg": {"object_bounding_box": [371, 540, 742, 1080], "object_presence": 1}, "P447--glasses-case--clutter--ar55-5jYbmQ2ArvjkT6Gd12UcCjO32YW4mPSWuaNMBY-00009.jpg": {"object_bounding_box": [383, 540, 766, 1080], "object_presence": 1}, "P447--glasses-case--clutter--ar55-5jYbmQ2ArvjkT6Gd12UcCjO32YW4mPSWuaNMBY-00010.jpg": {"object_bounding_box": [394, 540, 788, 1080], "object_presence": 1}, "P447--glasses-case--clutter--ar55-5jYbmQ2ArvjkT6Gd12UcCjO32YW4mPSWuaNMBY-00011.jpg": {"object_bounding_box": [402, 540, 803, 1080], "object_presence": 1}, "P447--glasses-case--clutter--ar55-5jYbmQ2ArvjkT6Gd12UcCjO32YW4mPSWuaNMBY-00012.jpg": {"object_bounding_box": [405, 540, 810, 1080], "object_presence": 1}, "P447--glasses-case--clutter--ar55-5jYbmQ2ArvjkT6Gd12UcCjO32YW4mPSWuaNMBY-00013.jpg": {"object_bounding_box": [402, 540, 805, 1080], "object_presence": 1}, "P447--glasses-case--clutter--ar55-5jYbmQ2ArvjkT6Gd12UcCjO32YW4mPSWuaNMBY-00014.jpg": {"object_bounding_box": [399, 540, 799, 1080], "object_presence": 1}, "P447--glasses-case--clutter--ar55-5jYbmQ2ArvjkT6Gd12UcCjO32YW4mPSWuaNMBY-00015.jpg": {"object_bounding_box": [397, 540, 793, 1080], "object_presence": 1}, "P447--glasses-case--clutter--ar55-5jYbmQ2ArvjkT6Gd12UcCjO32YW4mPSWuaNMBY-00016.jpg": {"object_bounding_box": [391, 540, 781, 1080], "object_presence": 1}, "P447--glasses-case--clutter--ar55-5jYbmQ2ArvjkT6Gd12UcCjO32YW4mPSWuaNMBY-00017.jpg": {"object_bounding_box": [391, 540, 781, 1080], "object_presence": 1}, "P447--glasses-case--clutter--ar55-5jYbmQ2ArvjkT6Gd12UcCjO32YW4mPSWuaNMBY-00018.jpg": {"object_bounding_box": [389, 540, 777, 1080], "object_presence": 1}, "P447--glasses-case--clutter--ar55-5jYbmQ2ArvjkT6Gd12UcCjO32YW4mPSWuaNMBY-00019.jpg": {"object_bounding_box": [387, 540, 774, 1080], "object_presence": 1}, "P447--glasses-case--clutter--ar55-5jYbmQ2ArvjkT6Gd12UcCjO32YW4mPSWuaNMBY-00020.jpg": {"object_bounding_box": [390, 540, 781, 1080], "object_presence": 1}, "P447--glasses-case--clutter--ar55-5jYbmQ2ArvjkT6Gd12UcCjO32YW4mPSWuaNMBY-00021.jpg": {"object_bounding_box": [393, 540, 787, 1080], "object_presence": 1}, "P447--glasses-case--clutter--ar55-5jYbmQ2ArvjkT6Gd12UcCjO32YW4mPSWuaNMBY-00022.jpg": {"object_bounding_box": [397, 540, 793, 1080], "object_presence": 1}, "P447--glasses-case--clutter--ar55-5jYbmQ2ArvjkT6Gd12UcCjO32YW4mPSWuaNMBY-00023.jpg": {"object_bounding_box": [400, 540, 799, 1080], "object_presence": 1}, "P447--glasses-case--clutter--ar55-5jYbmQ2ArvjkT6Gd12UcCjO32YW4mPSWuaNMBY-00024.jpg": {"object_bounding_box": [410, 540, 819, 1080], "object_presence": 1}, "P447--glasses-case--clutter--ar55-5jYbmQ2ArvjkT6Gd12UcCjO32YW4mPSWuaNMBY-00025.jpg": {"object_bounding_box": [414, 540, 827, 1080], "object_presence": 1}, "P447--glasses-case--clutter--ar55-5jYbmQ2ArvjkT6Gd12UcCjO32YW4mPSWuaNMBY-00026.jpg": {"object_bounding_box": [418, 540, 837, 1080], "object_presence": 1}, "P447--glasses-case--clutter--ar55-5jYbmQ2ArvjkT6Gd12UcCjO32YW4mPSWuaNMBY-00027.jpg": {"object_bounding_box": [418, 540, 835, 1080], "object_presence": 1}, "P447--glasses-case--clutter--ar55-5jYbmQ2ArvjkT6Gd12UcCjO32YW4mPSWuaNMBY-00028.jpg": {"object_bounding_box": [411, 540, 823, 1080], "object_presence": 1}, "P447--glasses-case--clutter--ar55-5jYbmQ2ArvjkT6Gd12UcCjO32YW4mPSWuaNMBY-00029.jpg": {"object_bounding_box": [405, 540, 810, 1080], "object_presence": 1}, "P447--glasses-case--clutter--ar55-5jYbmQ2ArvjkT6Gd12UcCjO32YW4mPSWuaNMBY-00030.jpg": {"object_bounding_box": [399, 540, 798, 1080], "object_presence": 1}, "P447--glasses-case--clutter--ar55-5jYbmQ2ArvjkT6Gd12UcCjO32YW4mPSWuaNMBY-00031.jpg": {"object_bounding_box": [399, 540, 798, 1080], "object_presence": 1}, "P447--glasses-case--clutter--ar55-5jYbmQ2ArvjkT6Gd12UcCjO32YW4mPSWuaNMBY-00032.jpg": {"object_bounding_box": [399, 540, 798, 1080], "object_presence": 1}, "P447--glasses-case--clutter--ar55-5jYbmQ2ArvjkT6Gd12UcCjO32YW4mPSWuaNMBY-00033.jpg": {"object_bounding_box": [403, 540, 806, 1080], "object_presence": 1}, "P447--glasses-case--clutter--ar55-5jYbmQ2ArvjkT6Gd12UcCjO32YW4mPSWuaNMBY-00034.jpg": {"object_bounding_box": [413, 540, 826, 1080], "object_presence": 1}, "P447--glasses-case--clutter--ar55-5jYbmQ2ArvjkT6Gd12UcCjO32YW4mPSWuaNMBY-00035.jpg": {"object_bounding_box": [423, 540, 845, 1080], "object_presence": 1}, "P447--glasses-case--clutter--ar55-5jYbmQ2ArvjkT6Gd12UcCjO32YW4mPSWuaNMBY-00036.jpg": {"object_bounding_box": [426, 540, 852, 1080], "object_presence": 1}, "P447--glasses-case--clutter--ar55-5jYbmQ2ArvjkT6Gd12UcCjO32YW4mPSWuaNMBY-00037.jpg": {"object_bounding_box": [432, 540, 863, 1080], "object_presence": 1}, "P447--glasses-case--clutter--ar55-5jYbmQ2ArvjkT6Gd12UcCjO32YW4mPSWuaNMBY-00038.jpg": {"object_bounding_box": [427, 540, 855, 1080], "object_presence": 1}, "P447--glasses-case--clutter--ar55-5jYbmQ2ArvjkT6Gd12UcCjO32YW4mPSWuaNMBY-00039.jpg": {"object_bounding_box": [424, 540, 842, 1080], "object_presence": 1}, "P447--glasses-case--clutter--ar55-5jYbmQ2ArvjkT6Gd12UcCjO32YW4mPSWuaNMBY-00040.jpg": {"object_bounding_box": [427, 540, 820, 1080], "object_presence": 1}, "P447--glasses-case--clutter--ar55-5jYbmQ2ArvjkT6Gd12UcCjO32YW4mPSWuaNMBY-00041.jpg": {"object_bounding_box": [444, 540, 771, 1080], "object_presence": 1}, "P447--glasses-case--clutter--ar55-5jYbmQ2ArvjkT6Gd12UcCjO32YW4mPSWuaNMBY-00042.jpg": {"object_bounding_box": [463, 540, 747, 1080], "object_presence": 1}, "P447--glasses-case--clutter--ar55-5jYbmQ2ArvjkT6Gd12UcCjO32YW4mPSWuaNMBY-00043.jpg": {"object_bounding_box": [479, 540, 736, 1080], "object_presence": 1}, "P447--glasses-case--clutter--ar55-5jYbmQ2ArvjkT6Gd12UcCjO32YW4mPSWuaNMBY-00044.jpg": {"object_bounding_box": [456, 544, 725, 1072], "object_presence": 1}, "P447--glasses-case--clutter--ar55-5jYbmQ2ArvjkT6Gd12UcCjO32YW4mPSWuaNMBY-00045.jpg": {"object_bounding_box": [417, 548, 693, 1064], "object_presence": 1}, "P447--glasses-case--clutter--ar55-5jYbmQ2ArvjkT6Gd12UcCjO32YW4mPSWuaNMBY-00046.jpg": {"object_bounding_box": [411, 544, 699, 1072], "object_presence": 1}, "P447--glasses-case--clutter--ar55-5jYbmQ2ArvjkT6Gd12UcCjO32YW4mPSWuaNMBY-00047.jpg": {"object_bounding_box": [408, 544, 695, 1072], "object_presence": 1}, "P447--glasses-case--clutter--ar55-5jYbmQ2ArvjkT6Gd12UcCjO32YW4mPSWuaNMBY-00048.jpg": {"object_bounding_box": [395, 549, 681, 1063], "object_presence": 1}, "P447--glasses-case--clutter--ar55-5jYbmQ2ArvjkT6Gd12UcCjO32YW4mPSWuaNMBY-00049.jpg": {"object_bounding_box": [400, 553, 671, 1054], "object_presence": 1}, "P447--glasses-case--clutter--ar55-5jYbmQ2ArvjkT6Gd12UcCjO32YW4mPSWuaNMBY-00050.jpg": {"object_bounding_box": [411, 556, 659, 1049], "object_presence": 1}, "P447--glasses-case--clutter--ar55-5jYbmQ2ArvjkT6Gd12UcCjO32YW4mPSWuaNMBY-00051.jpg": {"object_bounding_box": [414, 562, 656, 1036], "object_presence": 1}, "P447--glasses-case--clutter--ar55-5jYbmQ2ArvjkT6Gd12UcCjO32YW4mPSWuaNMBY-00052.jpg": {"object_bounding_box": [410, 570, 647, 1021], "object_presence": 1}, "P447--glasses-case--clutter--ar55-5jYbmQ2ArvjkT6Gd12UcCjO32YW4mPSWuaNMBY-00053.jpg": {"object_bounding_box": [419, 573, 630, 1014], "object_presence": 1}, "P447--glasses-case--clutter--ar55-5jYbmQ2ArvjkT6Gd12UcCjO32YW4mPSWuaNMBY-00054.jpg": {"object_bounding_box": [422, 576, 625, 1007], "object_presence": 1}, "P447--glasses-case--clutter--ar55-5jYbmQ2ArvjkT6Gd12UcCjO32YW4mPSWuaNMBY-00055.jpg": {"object_bounding_box": [412, 584, 617, 992], "object_presence": 1}, "P447--glasses-case--clutter--ar55-5jYbmQ2ArvjkT6Gd12UcCjO32YW4mPSWuaNMBY-00056.jpg": {"object_bounding_box": [408, 584, 610, 992], "object_presence": 1}, "P447--glasses-case--clutter--ar55-5jYbmQ2ArvjkT6Gd12UcCjO32YW4mPSWuaNMBY-00057.jpg": {"object_bounding_box": [418, 576, 606, 1007], "object_presence": 1}, "P447--glasses-case--clutter--ar55-5jYbmQ2ArvjkT6Gd12UcCjO32YW4mPSWuaNMBY-00058.jpg": {"object_bounding_box": [412, 581, 597, 999], "object_presence": 1}, "P447--glasses-case--clutter--ar55-5jYbmQ2ArvjkT6Gd12UcCjO32YW4mPSWuaNMBY-00059.jpg": {"object_bounding_box": [397, 590, 593, 981], "object_presence": 1}, "P447--glasses-case--clutter--ar55-5jYbmQ2ArvjkT6Gd12UcCjO32YW4mPSWuaNMBY-00060.jpg": {"object_bounding_box": [391, 592, 581, 977], "object_presence": 1}, "P447--glasses-case--clutter--ar55-5jYbmQ2ArvjkT6Gd12UcCjO32YW4mPSWuaNMBY-00061.jpg": {"object_bounding_box": [380, 597, 572, 967], "object_presence": 1}, "P447--glasses-case--clutter--ar55-5jYbmQ2ArvjkT6Gd12UcCjO32YW4mPSWuaNMBY-00062.jpg": {"object_bounding_box": [370, 601, 553, 957], "object_presence": 1}, "P447--glasses-case--clutter--ar55-5jYbmQ2ArvjkT6Gd12UcCjO32YW4mPSWuaNMBY-00063.jpg": {"object_bounding_box": [366, 613, 542, 935], "object_presence": 1}, "P447--glasses-case--clutter--ar55-5jYbmQ2ArvjkT6Gd12UcCjO32YW4mPSWuaNMBY-00064.jpg": {"object_bounding_box": [366, 625, 528, 909], "object_presence": 1}, "P447--glasses-case--clutter--ar55-5jYbmQ2ArvjkT6Gd12UcCjO32YW4mPSWuaNMBY-00065.jpg": {"object_bounding_box": [370, 632, 511, 895], "object_presence": 1}, "P447--glasses-case--clutter--ar55-5jYbmQ2ArvjkT6Gd12UcCjO32YW4mPSWuaNMBY-00066.jpg": {"object_bounding_box": [376, 635, 500, 891], "object_presence": 1}, "P447--glasses-case--clutter--ar55-5jYbmQ2ArvjkT6Gd12UcCjO32YW4mPSWuaNMBY-00067.jpg": {"object_bounding_box": [379, 636, 498, 888], "object_presence": 1}, "P447--glasses-case--clutter--ar55-5jYbmQ2ArvjkT6Gd12UcCjO32YW4mPSWuaNMBY-00068.jpg": {"object_bounding_box": [383, 642, 488, 877], "object_presence": 1}, "P447--glasses-case--clutter--ar55-5jYbmQ2ArvjkT6Gd12UcCjO32YW4mPSWuaNMBY-00069.jpg": {"object_bounding_box": [391, 644, 473, 872], "object_presence": 1}, "P447--glasses-case--clutter--ar55-5jYbmQ2ArvjkT6Gd12UcCjO32YW4mPSWuaNMBY-00070.jpg": {"object_bounding_box": [401, 645, 471, 871], "object_presence": 1}, "P447--glasses-case--clutter--ar55-5jYbmQ2ArvjkT6Gd12UcCjO32YW4mPSWuaNMBY-00071.jpg": {"object_bounding_box": [391, 649, 467, 861], "object_presence": 1}, "P447--glasses-case--clutter--ar55-5jYbmQ2ArvjkT6Gd12UcCjO32YW4mPSWuaNMBY-00072.jpg": {"object_bounding_box": [387, 654, 453, 853], "object_presence": 1}, "P447--glasses-case--clutter--ar55-5jYbmQ2ArvjkT6Gd12UcCjO32YW4mPSWuaNMBY-00073.jpg": {"object_bounding_box": [391, 656, 444, 849], "object_presence": 1}, "P447--glasses-case--clutter--ar55-5jYbmQ2ArvjkT6Gd12UcCjO32YW4mPSWuaNMBY-00074.jpg": {"object_bounding_box": [388, 665, 439, 831], "object_presence": 1}, "P447--glasses-case--clutter--ar55-5jYbmQ2ArvjkT6Gd12UcCjO32YW4mPSWuaNMBY-00075.jpg": {"object_bounding_box": [378, 674, 431, 813], "object_presence": 1}, "P447--glasses-case--clutter--ar55-5jYbmQ2ArvjkT6Gd12UcCjO32YW4mPSWuaNMBY-00076.jpg": {"object_bounding_box": [380, 676, 417, 808], "object_presence": 1}, "P447--glasses-case--clutter--ar55-5jYbmQ2ArvjkT6Gd12UcCjO32YW4mPSWuaNMBY-00077.jpg": {"object_bounding_box": [381, 674, 414, 813], "object_presence": 1}, "P447--glasses-case--clutter--ar55-5jYbmQ2ArvjkT6Gd12UcCjO32YW4mPSWuaNMBY-00078.jpg": {"object_bounding_box": [376, 673, 414, 814], "object_presence": 1}, "P447--glasses-case--clutter--ar55-5jYbmQ2ArvjkT6Gd12UcCjO32YW4mPSWuaNMBY-00079.jpg": {"object_bounding_box": [370, 672, 411, 817], "object_presence": 1}, "P447--glasses-case--clutter--ar55-5jYbmQ2ArvjkT6Gd12UcCjO32YW4mPSWuaNMBY-00080.jpg": {"object_bounding_box": [381, 667, 415, 826], "object_presence": 1}, "P447--glasses-case--clutter--ar55-5jYbmQ2ArvjkT6Gd12UcCjO32YW4mPSWuaNMBY-00081.jpg": {"object_bounding_box": [378, 665, 411, 829], "object_presence": 1}, "P447--glasses-case--clutter--ar55-5jYbmQ2ArvjkT6Gd12UcCjO32YW4mPSWuaNMBY-00082.jpg": {"object_bounding_box": [371, 674, 410, 813], "object_presence": 1}, "P447--glasses-case--clutter--ar55-5jYbmQ2ArvjkT6Gd12UcCjO32YW4mPSWuaNMBY-00083.jpg": {"object_bounding_box": [373, 677, 406, 806], "object_presence": 1}, "P447--glasses-case--clutter--ar55-5jYbmQ2ArvjkT6Gd12UcCjO32YW4mPSWuaNMBY-00084.jpg": {"object_bounding_box": [375, 681, 401, 797], "object_presence": 1}, "P447--glasses-case--clutter--ar55-5jYbmQ2ArvjkT6Gd12UcCjO32YW4mPSWuaNMBY-00085.jpg": {"object_bounding_box": [374, 681, 403, 797], "object_presence": 1}, "P447--glasses-case--clutter--ar55-5jYbmQ2ArvjkT6Gd12UcCjO32YW4mPSWuaNMBY-00086.jpg": {"object_bounding_box": [369, 685, 403, 791], "object_presence": 1}, "P447--glasses-case--clutter--ar55-5jYbmQ2ArvjkT6Gd12UcCjO32YW4mPSWuaNMBY-00087.jpg": {"object_bounding_box": [365, 687, 403, 786], "object_presence": 1}, "P447--glasses-case--clutter--ar55-5jYbmQ2ArvjkT6Gd12UcCjO32YW4mPSWuaNMBY-00088.jpg": {"object_bounding_box": [363, 687, 402, 786], "object_presence": 1}, "P447--glasses-case--clutter--ar55-5jYbmQ2ArvjkT6Gd12UcCjO32YW4mPSWuaNMBY-00089.jpg": {"object_bounding_box": [365, 686, 398, 787], "object_presence": 1}, "P447--glasses-case--clutter--ar55-5jYbmQ2ArvjkT6Gd12UcCjO32YW4mPSWuaNMBY-00090.jpg": {"object_bounding_box": [363, 689, 402, 783], "object_presence": 1}, "P447--glasses-case--clutter--ar55-5jYbmQ2ArvjkT6Gd12UcCjO32YW4mPSWuaNMBY-00091.jpg": {"object_bounding_box": [361, 691, 398, 778], "object_presence": 1}, "P447--glasses-case--clutter--ar55-5jYbmQ2ArvjkT6Gd12UcCjO32YW4mPSWuaNMBY-00092.jpg": {"object_bounding_box": [365, 691, 392, 778], "object_presence": 1}, "P447--glasses-case--clutter--ar55-5jYbmQ2ArvjkT6Gd12UcCjO32YW4mPSWuaNMBY-00093.jpg": {"object_bounding_box": [365, 696, 392, 768], "object_presence": 1}, "P447--glasses-case--clutter--ar55-5jYbmQ2ArvjkT6Gd12UcCjO32YW4mPSWuaNMBY-00094.jpg": {"object_bounding_box": [362, 701, 387, 758], "object_presence": 1}, "P447--glasses-case--clutter--ar55-5jYbmQ2ArvjkT6Gd12UcCjO32YW4mPSWuaNMBY-00095.jpg": {"object_bounding_box": [362, 703, 387, 753], "object_presence": 1}, "P447--glasses-case--clutter--ar55-5jYbmQ2ArvjkT6Gd12UcCjO32YW4mPSWuaNMBY-00096.jpg": {"object_bounding_box": [362, 705, 388, 750], "object_presence": 1}, "P447--glasses-case--clutter--ar55-5jYbmQ2ArvjkT6Gd12UcCjO32YW4mPSWuaNMBY-00097.jpg": {"object_bounding_box": [359, 707, 391, 746], "object_presence": 1}, "P447--glasses-case--clutter--ar55-5jYbmQ2ArvjkT6Gd12UcCjO32YW4mPSWuaNMBY-00098.jpg": {"object_bounding_box": [359, 708, 391, 744], "object_presence": 1}, "P447--glasses-case--clutter--ar55-5jYbmQ2ArvjkT6Gd12UcCjO32YW4mPSWuaNMBY-00099.jpg": {"object_bounding_box": [359, 708, 391, 744], "object_presence": 1}, "P447--glasses-case--clutter--ar55-5jYbmQ2ArvjkT6Gd12UcCjO32YW4mPSWuaNMBY-00100.jpg": {"object_bounding_box": [362, 711, 384, 738], "object_presence": 1}, "P447--glasses-case--clutter--ar55-5jYbmQ2ArvjkT6Gd12UcCjO32YW4mPSWuaNMBY-00101.jpg": {"object_bounding_box": [363, 711, 382, 738], "object_presence": 1}, "P447--glasses-case--clutter--ar55-5jYbmQ2ArvjkT6Gd12UcCjO32YW4mPSWuaNMBY-00102.jpg": {"object_bounding_box": [365, 707, 378, 747], "object_presence": 1}, "P447--glasses-case--clutter--ar55-5jYbmQ2ArvjkT6Gd12UcCjO32YW4mPSWuaNMBY-00103.jpg": {"object_bounding_box": [365, 704, 379, 753], "object_presence": 1}, "P447--glasses-case--clutter--ar55-5jYbmQ2ArvjkT6Gd12UcCjO32YW4mPSWuaNMBY-00104.jpg": {"object_bounding_box": [367, 697, 376, 755], "object_presence": 1}, "P447--glasses-case--clutter--ar55-5jYbmQ2ArvjkT6Gd12UcCjO32YW4mPSWuaNMBY-00105.jpg": {"object_bounding_box": [376, 682, 372, 742], "object_presence": 1}, "P447--glasses-case--clutter--ar55-5jYbmQ2ArvjkT6Gd12UcCjO32YW4mPSWuaNMBY-00106.jpg": {"object_bounding_box": [385, 666, 375, 745], "object_presence": 1}, "P447--glasses-case--clutter--ar55-5jYbmQ2ArvjkT6Gd12UcCjO32YW4mPSWuaNMBY-00107.jpg": {"object_bounding_box": [392, 658, 371, 746], "object_presence": 1}, "P447--glasses-case--clutter--ar55-5jYbmQ2ArvjkT6Gd12UcCjO32YW4mPSWuaNMBY-00108.jpg": {"object_bounding_box": [396, 658, 364, 729], "object_presence": 1}, "P447--glasses-case--clutter--ar55-5jYbmQ2ArvjkT6Gd12UcCjO32YW4mPSWuaNMBY-00109.jpg": {"object_bounding_box": [407, 664, 349, 733], "object_presence": 1}, "P447--glasses-case--clutter--ar55-5jYbmQ2ArvjkT6Gd12UcCjO32YW4mPSWuaNMBY-00110.jpg": {"object_bounding_box": [414, 683, 353, 715], "object_presence": 1}, "P447--glasses-case--clutter--ar55-5jYbmQ2ArvjkT6Gd12UcCjO32YW4mPSWuaNMBY-00111.jpg": {"object_bounding_box": [417, 710, 348, 705], "object_presence": 1}, "P447--glasses-case--clutter--ar55-5jYbmQ2ArvjkT6Gd12UcCjO32YW4mPSWuaNMBY-00112.jpg": {"object_bounding_box": [418, 724, 343, 706], "object_presence": 1}, "P447--glasses-case--clutter--ar55-5jYbmQ2ArvjkT6Gd12UcCjO32YW4mPSWuaNMBY-00113.jpg": {"object_bounding_box": [423, 729, 341, 702], "object_presence": 1}, "P447--glasses-case--clutter--ar55-5jYbmQ2ArvjkT6Gd12UcCjO32YW4mPSWuaNMBY-00114.jpg": {"object_bounding_box": [431, 731, 345, 698], "object_presence": 1}, "P447--glasses-case--clutter--ar55-5jYbmQ2ArvjkT6Gd12UcCjO32YW4mPSWuaNMBY-00115.jpg": {"object_bounding_box": [435, 734, 337, 692], "object_presence": 1}, "P447--glasses-case--clutter--ar55-5jYbmQ2ArvjkT6Gd12UcCjO32YW4mPSWuaNMBY-00116.jpg": {"object_bounding_box": [435, 738, 337, 684], "object_presence": 1}, "P447--glasses-case--clutter--ar55-5jYbmQ2ArvjkT6Gd12UcCjO32YW4mPSWuaNMBY-00117.jpg": {"object_bounding_box": [440, 739, 340, 681], "object_presence": 1}, "P447--glasses-case--clutter--ar55-5jYbmQ2ArvjkT6Gd12UcCjO32YW4mPSWuaNMBY-00118.jpg": {"object_bounding_box": [441, 738, 337, 683], "object_presence": 1}, "P447--glasses-case--clutter--ar55-5jYbmQ2ArvjkT6Gd12UcCjO32YW4mPSWuaNMBY-00119.jpg": {"object_bounding_box": [437, 732, 333, 688], "object_presence": 1}, "P447--glasses-case--clutter--ar55-5jYbmQ2ArvjkT6Gd12UcCjO32YW4mPSWuaNMBY-00120.jpg": {"object_bounding_box": [433, 723, 330, 676], "object_presence": 1}, "P447--glasses-case--clutter--ar55-5jYbmQ2ArvjkT6Gd12UcCjO32YW4mPSWuaNMBY-00121.jpg": {"object_bounding_box": [432, 714, 337, 685], "object_presence": 1}, "P447--glasses-case--clutter--ar55-5jYbmQ2ArvjkT6Gd12UcCjO32YW4mPSWuaNMBY-00122.jpg": {"object_bounding_box": [429, 702, 344, 684], "object_presence": 1}, "P447--glasses-case--clutter--ar55-5jYbmQ2ArvjkT6Gd12UcCjO32YW4mPSWuaNMBY-00123.jpg": {"object_bounding_box": [424, 696, 342, 683], "object_presence": 1}, "P447--glasses-case--clutter--ar55-5jYbmQ2ArvjkT6Gd12UcCjO32YW4mPSWuaNMBY-00124.jpg": {"object_bounding_box": [422, 690, 341, 683], "object_presence": 1}, "P447--glasses-case--clutter--ar55-5jYbmQ2ArvjkT6Gd12UcCjO32YW4mPSWuaNMBY-00125.jpg": {"object_bounding_box": [423, 684, 344, 679], "object_presence": 1}, "P447--glasses-case--clutter--ar55-5jYbmQ2ArvjkT6Gd12UcCjO32YW4mPSWuaNMBY-00126.jpg": {"object_bounding_box": [425, 688, 336, 679], "object_presence": 1}, "P447--glasses-case--clutter--ar55-5jYbmQ2ArvjkT6Gd12UcCjO32YW4mPSWuaNMBY-00127.jpg": {"object_bounding_box": [429, 692, 335, 674], "object_presence": 1}, "P447--glasses-case--clutter--ar55-5jYbmQ2ArvjkT6Gd12UcCjO32YW4mPSWuaNMBY-00128.jpg": {"object_bounding_box": [434, 695, 333, 670], "object_presence": 1}, "P447--glasses-case--clutter--ar55-5jYbmQ2ArvjkT6Gd12UcCjO32YW4mPSWuaNMBY-00129.jpg": {"object_bounding_box": [439, 695, 331, 670], "object_presence": 1}, "P447--glasses-case--clutter--ar55-5jYbmQ2ArvjkT6Gd12UcCjO32YW4mPSWuaNMBY-00130.jpg": {"object_bounding_box": [441, 699, 330, 665], "object_presence": 1}, "P447--glasses-case--clutter--ar55-5jYbmQ2ArvjkT6Gd12UcCjO32YW4mPSWuaNMBY-00131.jpg": {"object_bounding_box": [443, 704, 328, 658], "object_presence": 1}, "P447--glasses-case--clutter--ar55-5jYbmQ2ArvjkT6Gd12UcCjO32YW4mPSWuaNMBY-00132.jpg": {"object_bounding_box": [442, 712, 323, 654], "object_presence": 1}, "P447--glasses-case--clutter--ar55-5jYbmQ2ArvjkT6Gd12UcCjO32YW4mPSWuaNMBY-00133.jpg": {"object_bounding_box": [448, 715, 321, 647], "object_presence": 1}, "P447--glasses-case--clutter--ar55-5jYbmQ2ArvjkT6Gd12UcCjO32YW4mPSWuaNMBY-00134.jpg": {"object_bounding_box": [449, 717, 320, 646], "object_presence": 1}, "P447--glasses-case--clutter--ar55-5jYbmQ2ArvjkT6Gd12UcCjO32YW4mPSWuaNMBY-00135.jpg": {"object_bounding_box": [447, 717, 321, 644], "object_presence": 1}, "P447--glasses-case--clutter--ar55-5jYbmQ2ArvjkT6Gd12UcCjO32YW4mPSWuaNMBY-00136.jpg": {"object_bounding_box": [449, 720, 312, 634], "object_presence": 1}, "P447--glasses-case--clutter--ar55-5jYbmQ2ArvjkT6Gd12UcCjO32YW4mPSWuaNMBY-00137.jpg": {"object_bounding_box": [452, 724, 306, 637], "object_presence": 1}, "P447--glasses-case--clutter--ar55-5jYbmQ2ArvjkT6Gd12UcCjO32YW4mPSWuaNMBY-00138.jpg": {"object_bounding_box": [458, 726, 315, 631], "object_presence": 1}, "P447--glasses-case--clutter--ar55-5jYbmQ2ArvjkT6Gd12UcCjO32YW4mPSWuaNMBY-00139.jpg": {"object_bounding_box": [458, 729, 314, 625], "object_presence": 1}, "P447--glasses-case--clutter--ar55-5jYbmQ2ArvjkT6Gd12UcCjO32YW4mPSWuaNMBY-00140.jpg": {"object_bounding_box": [458, 730, 313, 622], "object_presence": 1}, "P447--glasses-case--clutter--ar55-5jYbmQ2ArvjkT6Gd12UcCjO32YW4mPSWuaNMBY-00141.jpg": {"object_bounding_box": [452, 731, 303, 617], "object_presence": 1}, "P447--glasses-case--clutter--ar55-5jYbmQ2ArvjkT6Gd12UcCjO32YW4mPSWuaNMBY-00142.jpg": {"object_bounding_box": [451, 731, 310, 621], "object_presence": 1}, "P447--glasses-case--clutter--ar55-5jYbmQ2ArvjkT6Gd12UcCjO32YW4mPSWuaNMBY-00143.jpg": {"object_bounding_box": [449, 731, 304, 621], "object_presence": 1}, "P447--glasses-case--clutter--ar55-5jYbmQ2ArvjkT6Gd12UcCjO32YW4mPSWuaNMBY-00144.jpg": {"object_bounding_box": [452, 729, 304, 613], "object_presence": 1}, "P447--glasses-case--clutter--ar55-5jYbmQ2ArvjkT6Gd12UcCjO32YW4mPSWuaNMBY-00145.jpg": {"object_bounding_box": [443, 726, 309, 615], "object_presence": 1}, "P447--glasses-case--clutter--ar55-5jYbmQ2ArvjkT6Gd12UcCjO32YW4mPSWuaNMBY-00146.jpg": {"object_bounding_box": [443, 727, 309, 614], "object_presence": 1}, "P447--glasses-case--clutter--ar55-5jYbmQ2ArvjkT6Gd12UcCjO32YW4mPSWuaNMBY-00147.jpg": {"object_bounding_box": [443, 729, 309, 611], "object_presence": 1}, "P447--glasses-case--clutter--ar55-5jYbmQ2ArvjkT6Gd12UcCjO32YW4mPSWuaNMBY-00148.jpg": {"object_bounding_box": [440, 732, 304, 604], "object_presence": 1}, "P447--glasses-case--clutter--ar55-5jYbmQ2ArvjkT6Gd12UcCjO32YW4mPSWuaNMBY-00149.jpg": {"object_bounding_box": [439, 735, 301, 599], "object_presence": 1}, "P447--glasses-case--clutter--ar55-5jYbmQ2ArvjkT6Gd12UcCjO32YW4mPSWuaNMBY-00150.jpg": {"object_bounding_box": [441, 734, 297, 600], "object_presence": 1}, "P447--glasses-case--clutter--ar55-5jYbmQ2ArvjkT6Gd12UcCjO32YW4mPSWuaNMBY-00151.jpg": {"object_bounding_box": [444, 735, 295, 597], "object_presence": 1}, "P447--glasses-case--clutter--ar55-5jYbmQ2ArvjkT6Gd12UcCjO32YW4mPSWuaNMBY-00152.jpg": {"object_bounding_box": [444, 735, 295, 597], "object_presence": 1}, "P447--glasses-case--clutter--ar55-5jYbmQ2ArvjkT6Gd12UcCjO32YW4mPSWuaNMBY-00153.jpg": {"object_bounding_box": [451, 744, 303, 600], "object_presence": 1}, "P447--glasses-case--clutter--ar55-5jYbmQ2ArvjkT6Gd12UcCjO32YW4mPSWuaNMBY-00154.jpg": {"object_bounding_box": [451, 744, 303, 600], "object_presence": 1}, "P447--glasses-case--clutter--ar55-5jYbmQ2ArvjkT6Gd12UcCjO32YW4mPSWuaNMBY-00155.jpg": {"object_bounding_box": [454, 744, 296, 600], "object_presence": 1}, "P447--glasses-case--clutter--ar55-5jYbmQ2ArvjkT6Gd12UcCjO32YW4mPSWuaNMBY-00156.jpg": {"object_bounding_box": [458, 740, 301, 593], "object_presence": 1}, "P447--glasses-case--clutter--ar55-5jYbmQ2ArvjkT6Gd12UcCjO32YW4mPSWuaNMBY-00157.jpg": {"object_bounding_box": [458, 737, 301, 592], "object_presence": 1}, "P447--glasses-case--clutter--ar55-5jYbmQ2ArvjkT6Gd12UcCjO32YW4mPSWuaNMBY-00158.jpg": {"object_bounding_box": [457, 733, 301, 587], "object_presence": 1}, "P447--glasses-case--clutter--ar55-5jYbmQ2ArvjkT6Gd12UcCjO32YW4mPSWuaNMBY-00159.jpg": {"object_bounding_box": [463, 723, 296, 588], "object_presence": 1}, "P447--glasses-case--clutter--ar55-5jYbmQ2ArvjkT6Gd12UcCjO32YW4mPSWuaNMBY-00160.jpg": {"object_bounding_box": [468, 710, 297, 584], "object_presence": 1}, "P447--glasses-case--clutter--ar55-5jYbmQ2ArvjkT6Gd12UcCjO32YW4mPSWuaNMBY-00161.jpg": {"object_bounding_box": [472, 696, 297, 586], "object_presence": 1}, "P447--glasses-case--clutter--ar55-5jYbmQ2ArvjkT6Gd12UcCjO32YW4mPSWuaNMBY-00162.jpg": {"object_bounding_box": [476, 676, 298, 571], "object_presence": 1}, "P447--glasses-case--clutter--ar55-5jYbmQ2ArvjkT6Gd12UcCjO32YW4mPSWuaNMBY-00163.jpg": {"object_bounding_box": [484, 660, 301, 571], "object_presence": 1}, "P447--glasses-case--clutter--ar55-5jYbmQ2ArvjkT6Gd12UcCjO32YW4mPSWuaNMBY-00164.jpg": {"object_bounding_box": [487, 644, 295, 575], "object_presence": 1}, "P447--glasses-case--clutter--ar55-5jYbmQ2ArvjkT6Gd12UcCjO32YW4mPSWuaNMBY-00165.jpg": {"object_bounding_box": [487, 641, 295, 572], "object_presence": 1}, "P447--glasses-case--clutter--ar55-5jYbmQ2ArvjkT6Gd12UcCjO32YW4mPSWuaNMBY-00166.jpg": {"object_bounding_box": [484, 646, 298, 571], "object_presence": 1}, "P447--glasses-case--clutter--ar55-5jYbmQ2ArvjkT6Gd12UcCjO32YW4mPSWuaNMBY-00167.jpg": {"object_bounding_box": [473, 636, 295, 571], "object_presence": 1}, "P447--glasses-case--clutter--ar55-5jYbmQ2ArvjkT6Gd12UcCjO32YW4mPSWuaNMBY-00168.jpg": {"object_bounding_box": [467, 620, 298, 576], "object_presence": 1}, "P447--glasses-case--clutter--ar55-5jYbmQ2ArvjkT6Gd12UcCjO32YW4mPSWuaNMBY-00169.jpg": {"object_bounding_box": [461, 608, 301, 571], "object_presence": 1}, "P447--glasses-case--clutter--ar55-5jYbmQ2ArvjkT6Gd12UcCjO32YW4mPSWuaNMBY-00170.jpg": {"object_bounding_box": [454, 597, 298, 571], "object_presence": 1}, "P447--glasses-case--clutter--ar55-5jYbmQ2ArvjkT6Gd12UcCjO32YW4mPSWuaNMBY-00171.jpg": {"object_bounding_box": [450, 591, 300, 571], "object_presence": 1}, "P447--glasses-case--clutter--ar55-5jYbmQ2ArvjkT6Gd12UcCjO32YW4mPSWuaNMBY-00172.jpg": {"object_bounding_box": [448, 588, 299, 573], "object_presence": 1}, "P447--glasses-case--clutter--ar55-5jYbmQ2ArvjkT6Gd12UcCjO32YW4mPSWuaNMBY-00173.jpg": {"object_bounding_box": [448, 588, 299, 573], "object_presence": 1}, "P447--glasses-case--clutter--ar55-5jYbmQ2ArvjkT6Gd12UcCjO32YW4mPSWuaNMBY-00174.jpg": {"object_bounding_box": [452, 589, 294, 572], "object_presence": 1}, "P447--glasses-case--clutter--ar55-5jYbmQ2ArvjkT6Gd12UcCjO32YW4mPSWuaNMBY-00175.jpg": {"object_bounding_box": [461, 593, 293, 563], "object_presence": 1}, "P447--glasses-case--clutter--ar55-5jYbmQ2ArvjkT6Gd12UcCjO32YW4mPSWuaNMBY-00176.jpg": {"object_bounding_box": [471, 603, 291, 569], "object_presence": 1}, "P447--glasses-case--clutter--ar55-5jYbmQ2ArvjkT6Gd12UcCjO32YW4mPSWuaNMBY-00177.jpg": {"object_bounding_box": [476, 610, 297, 572], "object_presence": 1}, "P447--glasses-case--clutter--ar55-5jYbmQ2ArvjkT6Gd12UcCjO32YW4mPSWuaNMBY-00178.jpg": {"object_bounding_box": [478, 611, 297, 565], "object_presence": 1}, "P447--glasses-case--clutter--ar55-5jYbmQ2ArvjkT6Gd12UcCjO32YW4mPSWuaNMBY-00179.jpg": {"object_bounding_box": [482, 614, 296, 569], "object_presence": 1}, "P447--glasses-case--clutter--ar55-5jYbmQ2ArvjkT6Gd12UcCjO32YW4mPSWuaNMBY-00180.jpg": {"object_bounding_box": [488, 610, 294, 567], "object_presence": 1}, "P447--glasses-case--clutter--ar55-5jYbmQ2ArvjkT6Gd12UcCjO32YW4mPSWuaNMBY-00181.jpg": {"object_bounding_box": [494, 610, 296, 567], "object_presence": 1}, "P447--glasses-case--clutter--ar55-5jYbmQ2ArvjkT6Gd12UcCjO32YW4mPSWuaNMBY-00182.jpg": {"object_bounding_box": [494, 612, 296, 562], "object_presence": 1}, "P447--glasses-case--clutter--ar55-5jYbmQ2ArvjkT6Gd12UcCjO32YW4mPSWuaNMBY-00183.jpg": {"object_bounding_box": [501, 616, 296, 560], "object_presence": 1}, "P447--glasses-case--clutter--ar55-5jYbmQ2ArvjkT6Gd12UcCjO32YW4mPSWuaNMBY-00184.jpg": {"object_bounding_box": [501, 627, 294, 565], "object_presence": 1}, "P447--glasses-case--clutter--ar55-5jYbmQ2ArvjkT6Gd12UcCjO32YW4mPSWuaNMBY-00185.jpg": {"object_bounding_box": [502, 629, 293, 563], "object_presence": 1}, "P447--glasses-case--clutter--ar55-5jYbmQ2ArvjkT6Gd12UcCjO32YW4mPSWuaNMBY-00186.jpg": {"object_bounding_box": [505, 628, 294, 565], "object_presence": 1}, "P447--glasses-case--clutter--ar55-5jYbmQ2ArvjkT6Gd12UcCjO32YW4mPSWuaNMBY-00187.jpg": {"object_bounding_box": [505, 627, 297, 562], "object_presence": 1}, "P447--glasses-case--clutter--ar55-5jYbmQ2ArvjkT6Gd12UcCjO32YW4mPSWuaNMBY-00188.jpg": {"object_bounding_box": [511, 633, 296, 562], "object_presence": 1}, "P447--glasses-case--clutter--ar55-5jYbmQ2ArvjkT6Gd12UcCjO32YW4mPSWuaNMBY-00189.jpg": {"object_bounding_box": [515, 633, 290, 562], "object_presence": 1}, "P447--glasses-case--clutter--ar55-5jYbmQ2ArvjkT6Gd12UcCjO32YW4mPSWuaNMBY-00190.jpg": {"object_bounding_box": [522, 642, 287, 559], "object_presence": 1}, "P447--glasses-case--clutter--ar55-5jYbmQ2ArvjkT6Gd12UcCjO32YW4mPSWuaNMBY-00191.jpg": {"object_bounding_box": [527, 644, 294, 557], "object_presence": 1}, "P447--glasses-case--clutter--ar55-5jYbmQ2ArvjkT6Gd12UcCjO32YW4mPSWuaNMBY-00192.jpg": {"object_bounding_box": [531, 648, 292, 558], "object_presence": 1}, "P447--glasses-case--clutter--ar55-5jYbmQ2ArvjkT6Gd12UcCjO32YW4mPSWuaNMBY-00193.jpg": {"object_bounding_box": [531, 648, 292, 558], "object_presence": 1}, "P447--glasses-case--clutter--ar55-5jYbmQ2ArvjkT6Gd12UcCjO32YW4mPSWuaNMBY-00194.jpg": {"object_bounding_box": [537, 648, 288, 554], "object_presence": 1}, "P447--glasses-case--clutter--ar55-5jYbmQ2ArvjkT6Gd12UcCjO32YW4mPSWuaNMBY-00195.jpg": {"object_bounding_box": [537, 648, 288, 554], "object_presence": 1}, "P447--glasses-case--clutter--ar55-5jYbmQ2ArvjkT6Gd12UcCjO32YW4mPSWuaNMBY-00196.jpg": {"object_bounding_box": [542, 648, 294, 550], "object_presence": 1}, "P447--glasses-case--clutter--ar55-5jYbmQ2ArvjkT6Gd12UcCjO32YW4mPSWuaNMBY-00197.jpg": {"object_bounding_box": [543, 648, 291, 550], "object_presence": 1}, "P447--glasses-case--clutter--ar55-5jYbmQ2ArvjkT6Gd12UcCjO32YW4mPSWuaNMBY-00198.jpg": {"object_bounding_box": [548, 653, 294, 554], "object_presence": 1}, "P447--glasses-case--clutter--ar55-5jYbmQ2ArvjkT6Gd12UcCjO32YW4mPSWuaNMBY-00199.jpg": {"object_bounding_box": [556, 665, 293, 559], "object_presence": 1}, "P447--glasses-case--clutter--ar55-5jYbmQ2ArvjkT6Gd12UcCjO32YW4mPSWuaNMBY-00200.jpg": {"object_bounding_box": [560, 679, 294, 562], "object_presence": 1}, "P447--glasses-case--clutter--ar55-5jYbmQ2ArvjkT6Gd12UcCjO32YW4mPSWuaNMBY-00201.jpg": {"object_bounding_box": [569, 691, 295, 557], "object_presence": 1}, "P447--glasses-case--clutter--ar55-5jYbmQ2ArvjkT6Gd12UcCjO32YW4mPSWuaNMBY-00202.jpg": {"object_bounding_box": [568, 700, 299, 559], "object_presence": 1}, "P447--glasses-case--clutter--ar55-5jYbmQ2ArvjkT6Gd12UcCjO32YW4mPSWuaNMBY-00203.jpg": {"object_bounding_box": [567, 695, 295, 561], "object_presence": 1}}