{"P463--presentation-remote--clutter--DPU2W06nHFZ5kuIZxqcB97uCB9zkrhX7fVMpdv0wndo-00001.jpg": {"object_bounding_box": [73, 891, 146, 327], "object_presence": 1}, "P463--presentation-remote--clutter--DPU2W06nHFZ5kuIZxqcB97uCB9zkrhX7fVMpdv0wndo-00002.jpg": {"object_bounding_box": [78, 887, 156, 332], "object_presence": 1}, "P463--presentation-remote--clutter--DPU2W06nHFZ5kuIZxqcB97uCB9zkrhX7fVMpdv0wndo-00003.jpg": {"object_bounding_box": [80, 882, 160, 333], "object_presence": 1}, "P463--presentation-remote--clutter--DPU2W06nHFZ5kuIZxqcB97uCB9zkrhX7fVMpdv0wndo-00004.jpg": {"object_bounding_box": [80, 881, 160, 335], "object_presence": 1}, "P463--presentation-remote--clutter--DPU2W06nHFZ5kuIZxqcB97uCB9zkrhX7fVMpdv0wndo-00005.jpg": {"object_bounding_box": [86, 860, 173, 344], "object_presence": 1}, "P463--presentation-remote--clutter--DPU2W06nHFZ5kuIZxqcB97uCB9zkrhX7fVMpdv0wndo-00006.jpg": {"object_bounding_box": [88, 846, 176, 347], "object_presence": 1}, "P463--presentation-remote--clutter--DPU2W06nHFZ5kuIZxqcB97uCB9zkrhX7fVMpdv0wndo-00007.jpg": {"object_bounding_box": [90, 833, 181, 345], "object_presence": 1}, "P463--presentation-remote--clutter--DPU2W06nHFZ5kuIZxqcB97uCB9zkrhX7fVMpdv0wndo-00008.jpg": {"object_bounding_box": [92, 817, 184, 352], "object_presence": 1}, "P463--presentation-remote--clutter--DPU2W06nHFZ5kuIZxqcB97uCB9zkrhX7fVMpdv0wndo-00009.jpg": {"object_bounding_box": [93, 804, 185, 351], "object_presence": 1}, "P463--presentation-remote--clutter--DPU2W06nHFZ5kuIZxqcB97uCB9zkrhX7fVMpdv0wndo-00010.jpg": {"object_bounding_box": [94, 787, 188, 351], "object_presence": 1}, "P463--presentation-remote--clutter--DPU2W06nHFZ5kuIZxqcB97uCB9zkrhX7fVMpdv0wndo-00011.jpg": {"object_bounding_box": [93, 770, 186, 345], "object_presence": 1}, "P463--presentation-remote--clutter--DPU2W06nHFZ5kuIZxqcB97uCB9zkrhX7fVMpdv0wndo-00012.jpg": {"object_bounding_box": [93, 756, 186, 343], "object_presence": 1}, "P463--presentation-remote--clutter--DPU2W06nHFZ5kuIZxqcB97uCB9zkrhX7fVMpdv0wndo-00013.jpg": {"object_bounding_box": [94, 742, 188, 344], "object_presence": 1}, "P463--presentation-remote--clutter--DPU2W06nHFZ5kuIZxqcB97uCB9zkrhX7fVMpdv0wndo-00014.jpg": {"object_bounding_box": [96, 735, 192, 341], "object_presence": 1}, "P463--presentation-remote--clutter--DPU2W06nHFZ5kuIZxqcB97uCB9zkrhX7fVMpdv0wndo-00015.jpg": {"object_bounding_box": [97, 726, 193, 345], "object_presence": 1}, "P463--presentation-remote--clutter--DPU2W06nHFZ5kuIZxqcB97uCB9zkrhX7fVMpdv0wndo-00016.jpg": {"object_bounding_box": [99, 718, 198, 343], "object_presence": 1}, "P463--presentation-remote--clutter--DPU2W06nHFZ5kuIZxqcB97uCB9zkrhX7fVMpdv0wndo-00017.jpg": {"object_bounding_box": [105, 714, 209, 349], "object_presence": 1}, "P463--presentation-remote--clutter--DPU2W06nHFZ5kuIZxqcB97uCB9zkrhX7fVMpdv0wndo-00018.jpg": {"object_bounding_box": [108, 711, 215, 354], "object_presence": 1}, "P463--presentation-remote--clutter--DPU2W06nHFZ5kuIZxqcB97uCB9zkrhX7fVMpdv0wndo-00019.jpg": {"object_bounding_box": [114, 705, 229, 362], "object_presence": 1}, "P463--presentation-remote--clutter--DPU2W06nHFZ5kuIZxqcB97uCB9zkrhX7fVMpdv0wndo-00020.jpg": {"object_bounding_box": [119, 703, 238, 367], "object_presence": 1}, "P463--presentation-remote--clutter--DPU2W06nHFZ5kuIZxqcB97uCB9zkrhX7fVMpdv0wndo-00021.jpg": {"object_bounding_box": [121, 703, 242, 369], "object_presence": 1}, "P463--presentation-remote--clutter--DPU2W06nHFZ5kuIZxqcB97uCB9zkrhX7fVMpdv0wndo-00022.jpg": {"object_bounding_box": [124, 705, 248, 370], "object_presence": 1}, "P463--presentation-remote--clutter--DPU2W06nHFZ5kuIZxqcB97uCB9zkrhX7fVMpdv0wndo-00023.jpg": {"object_bounding_box": [130, 698, 259, 379], "object_presence": 1}, "P463--presentation-remote--clutter--DPU2W06nHFZ5kuIZxqcB97uCB9zkrhX7fVMpdv0wndo-00024.jpg": {"object_bounding_box": [132, 694, 263, 384], "object_presence": 1}, "P463--presentation-remote--clutter--DPU2W06nHFZ5kuIZxqcB97uCB9zkrhX7fVMpdv0wndo-00025.jpg": {"object_bounding_box": [135, 688, 269, 387], "object_presence": 1}, "P463--presentation-remote--clutter--DPU2W06nHFZ5kuIZxqcB97uCB9zkrhX7fVMpdv0wndo-00026.jpg": {"object_bounding_box": [138, 681, 275, 387], "object_presence": 1}, "P463--presentation-remote--clutter--DPU2W06nHFZ5kuIZxqcB97uCB9zkrhX7fVMpdv0wndo-00027.jpg": {"object_bounding_box": [143, 669, 286, 401], "object_presence": 1}, "P463--presentation-remote--clutter--DPU2W06nHFZ5kuIZxqcB97uCB9zkrhX7fVMpdv0wndo-00028.jpg": {"object_bounding_box": [147, 663, 294, 398], "object_presence": 1}, "P463--presentation-remote--clutter--DPU2W06nHFZ5kuIZxqcB97uCB9zkrhX7fVMpdv0wndo-00029.jpg": {"object_bounding_box": [149, 653, 298, 400], "object_presence": 1}, "P463--presentation-remote--clutter--DPU2W06nHFZ5kuIZxqcB97uCB9zkrhX7fVMpdv0wndo-00030.jpg": {"object_bounding_box": [151, 647, 303, 400], "object_presence": 1}, "P463--presentation-remote--clutter--DPU2W06nHFZ5kuIZxqcB97uCB9zkrhX7fVMpdv0wndo-00031.jpg": {"object_bounding_box": [153, 647, 306, 396], "object_presence": 1}, "P463--presentation-remote--clutter--DPU2W06nHFZ5kuIZxqcB97uCB9zkrhX7fVMpdv0wndo-00032.jpg": {"object_bounding_box": [152, 640, 304, 391], "object_presence": 1}, "P463--presentation-remote--clutter--DPU2W06nHFZ5kuIZxqcB97uCB9zkrhX7fVMpdv0wndo-00033.jpg": {"object_bounding_box": [151, 631, 303, 385], "object_presence": 1}, "P463--presentation-remote--clutter--DPU2W06nHFZ5kuIZxqcB97uCB9zkrhX7fVMpdv0wndo-00034.jpg": {"object_bounding_box": [155, 627, 311, 382], "object_presence": 1}, "P463--presentation-remote--clutter--DPU2W06nHFZ5kuIZxqcB97uCB9zkrhX7fVMpdv0wndo-00035.jpg": {"object_bounding_box": [156, 621, 311, 383], "object_presence": 1}, "P463--presentation-remote--clutter--DPU2W06nHFZ5kuIZxqcB97uCB9zkrhX7fVMpdv0wndo-00036.jpg": {"object_bounding_box": [159, 616, 318, 383], "object_presence": 1}, "P463--presentation-remote--clutter--DPU2W06nHFZ5kuIZxqcB97uCB9zkrhX7fVMpdv0wndo-00037.jpg": {"object_bounding_box": [161, 605, 323, 386], "object_presence": 1}, "P463--presentation-remote--clutter--DPU2W06nHFZ5kuIZxqcB97uCB9zkrhX7fVMpdv0wndo-00038.jpg": {"object_bounding_box": [164, 595, 328, 388], "object_presence": 1}, "P463--presentation-remote--clutter--DPU2W06nHFZ5kuIZxqcB97uCB9zkrhX7fVMpdv0wndo-00039.jpg": {"object_bounding_box": [167, 587, 335, 398], "object_presence": 1}, "P463--presentation-remote--clutter--DPU2W06nHFZ5kuIZxqcB97uCB9zkrhX7fVMpdv0wndo-00040.jpg": {"object_bounding_box": [171, 584, 342, 399], "object_presence": 1}, "P463--presentation-remote--clutter--DPU2W06nHFZ5kuIZxqcB97uCB9zkrhX7fVMpdv0wndo-00041.jpg": {"object_bounding_box": [175, 578, 350, 407], "object_presence": 1}, "P463--presentation-remote--clutter--DPU2W06nHFZ5kuIZxqcB97uCB9zkrhX7fVMpdv0wndo-00042.jpg": {"object_bounding_box": [178, 570, 356, 414], "object_presence": 1}, "P463--presentation-remote--clutter--DPU2W06nHFZ5kuIZxqcB97uCB9zkrhX7fVMpdv0wndo-00043.jpg": {"object_bounding_box": [180, 562, 360, 421], "object_presence": 1}, "P463--presentation-remote--clutter--DPU2W06nHFZ5kuIZxqcB97uCB9zkrhX7fVMpdv0wndo-00044.jpg": {"object_bounding_box": [184, 558, 368, 425], "object_presence": 1}, "P463--presentation-remote--clutter--DPU2W06nHFZ5kuIZxqcB97uCB9zkrhX7fVMpdv0wndo-00045.jpg": {"object_bounding_box": [185, 557, 369, 419], "object_presence": 1}, "P463--presentation-remote--clutter--DPU2W06nHFZ5kuIZxqcB97uCB9zkrhX7fVMpdv0wndo-00046.jpg": {"object_bounding_box": [189, 555, 378, 429], "object_presence": 1}, "P463--presentation-remote--clutter--DPU2W06nHFZ5kuIZxqcB97uCB9zkrhX7fVMpdv0wndo-00047.jpg": {"object_bounding_box": [193, 548, 386, 439], "object_presence": 1}, "P463--presentation-remote--clutter--DPU2W06nHFZ5kuIZxqcB97uCB9zkrhX7fVMpdv0wndo-00048.jpg": {"object_bounding_box": [196, 544, 390, 436], "object_presence": 1}, "P463--presentation-remote--clutter--DPU2W06nHFZ5kuIZxqcB97uCB9zkrhX7fVMpdv0wndo-00049.jpg": {"object_bounding_box": [196, 545, 392, 429], "object_presence": 1}, "P463--presentation-remote--clutter--DPU2W06nHFZ5kuIZxqcB97uCB9zkrhX7fVMpdv0wndo-00050.jpg": {"object_bounding_box": [198, 543, 395, 426], "object_presence": 1}, "P463--presentation-remote--clutter--DPU2W06nHFZ5kuIZxqcB97uCB9zkrhX7fVMpdv0wndo-00051.jpg": {"object_bounding_box": [200, 545, 400, 414], "object_presence": 1}, "P463--presentation-remote--clutter--DPU2W06nHFZ5kuIZxqcB97uCB9zkrhX7fVMpdv0wndo-00052.jpg": {"object_bounding_box": [205, 548, 409, 411], "object_presence": 1}, "P463--presentation-remote--clutter--DPU2W06nHFZ5kuIZxqcB97uCB9zkrhX7fVMpdv0wndo-00053.jpg": {"object_bounding_box": [208, 548, 416, 406], "object_presence": 1}, "P463--presentation-remote--clutter--DPU2W06nHFZ5kuIZxqcB97uCB9zkrhX7fVMpdv0wndo-00054.jpg": {"object_bounding_box": [210, 554, 418, 400], "object_presence": 1}, "P463--presentation-remote--clutter--DPU2W06nHFZ5kuIZxqcB97uCB9zkrhX7fVMpdv0wndo-00055.jpg": {"object_bounding_box": [217, 556, 417, 397], "object_presence": 1}, "P463--presentation-remote--clutter--DPU2W06nHFZ5kuIZxqcB97uCB9zkrhX7fVMpdv0wndo-00056.jpg": {"object_bounding_box": [225, 555, 412, 392], "object_presence": 1}, "P463--presentation-remote--clutter--DPU2W06nHFZ5kuIZxqcB97uCB9zkrhX7fVMpdv0wndo-00057.jpg": {"object_bounding_box": [231, 559, 408, 387], "object_presence": 1}, "P463--presentation-remote--clutter--DPU2W06nHFZ5kuIZxqcB97uCB9zkrhX7fVMpdv0wndo-00058.jpg": {"object_bounding_box": [237, 564, 404, 384], "object_presence": 1}, "P463--presentation-remote--clutter--DPU2W06nHFZ5kuIZxqcB97uCB9zkrhX7fVMpdv0wndo-00059.jpg": {"object_bounding_box": [243, 572, 403, 376], "object_presence": 1}, "P463--presentation-remote--clutter--DPU2W06nHFZ5kuIZxqcB97uCB9zkrhX7fVMpdv0wndo-00060.jpg": {"object_bounding_box": [247, 570, 397, 372], "object_presence": 1}, "P463--presentation-remote--clutter--DPU2W06nHFZ5kuIZxqcB97uCB9zkrhX7fVMpdv0wndo-00061.jpg": {"object_bounding_box": [251, 569, 395, 369], "object_presence": 1}, "P463--presentation-remote--clutter--DPU2W06nHFZ5kuIZxqcB97uCB9zkrhX7fVMpdv0wndo-00062.jpg": {"object_bounding_box": [250, 575, 391, 366], "object_presence": 1}, "P463--presentation-remote--clutter--DPU2W06nHFZ5kuIZxqcB97uCB9zkrhX7fVMpdv0wndo-00063.jpg": {"object_bounding_box": [249, 571, 393, 361], "object_presence": 1}, "P463--presentation-remote--clutter--DPU2W06nHFZ5kuIZxqcB97uCB9zkrhX7fVMpdv0wndo-00064.jpg": {"object_bounding_box": [252, 569, 389, 359], "object_presence": 1}, "P463--presentation-remote--clutter--DPU2W06nHFZ5kuIZxqcB97uCB9zkrhX7fVMpdv0wndo-00065.jpg": {"object_bounding_box": [248, 565, 385, 355], "object_presence": 1}, "P463--presentation-remote--clutter--DPU2W06nHFZ5kuIZxqcB97uCB9zkrhX7fVMpdv0wndo-00066.jpg": {"object_bounding_box": [247, 565, 382, 351], "object_presence": 1}, "P463--presentation-remote--clutter--DPU2W06nHFZ5kuIZxqcB97uCB9zkrhX7fVMpdv0wndo-00067.jpg": {"object_bounding_box": [249, 568, 376, 347], "object_presence": 1}, "P463--presentation-remote--clutter--DPU2W06nHFZ5kuIZxqcB97uCB9zkrhX7fVMpdv0wndo-00068.jpg": {"object_bounding_box": [248, 572, 373, 340], "object_presence": 1}, "P463--presentation-remote--clutter--DPU2W06nHFZ5kuIZxqcB97uCB9zkrhX7fVMpdv0wndo-00069.jpg": {"object_bounding_box": [244, 575, 371, 339], "object_presence": 1}, "P463--presentation-remote--clutter--DPU2W06nHFZ5kuIZxqcB97uCB9zkrhX7fVMpdv0wndo-00070.jpg": {"object_bounding_box": [244, 581, 365, 332], "object_presence": 1}, "P463--presentation-remote--clutter--DPU2W06nHFZ5kuIZxqcB97uCB9zkrhX7fVMpdv0wndo-00071.jpg": {"object_bounding_box": [241, 583, 362, 329], "object_presence": 1}, "P463--presentation-remote--clutter--DPU2W06nHFZ5kuIZxqcB97uCB9zkrhX7fVMpdv0wndo-00072.jpg": {"object_bounding_box": [234, 581, 362, 330], "object_presence": 1}, "P463--presentation-remote--clutter--DPU2W06nHFZ5kuIZxqcB97uCB9zkrhX7fVMpdv0wndo-00073.jpg": {"object_bounding_box": [233, 589, 356, 325], "object_presence": 1}, "P463--presentation-remote--clutter--DPU2W06nHFZ5kuIZxqcB97uCB9zkrhX7fVMpdv0wndo-00074.jpg": {"object_bounding_box": [228, 586, 352, 322], "object_presence": 1}, "P463--presentation-remote--clutter--DPU2W06nHFZ5kuIZxqcB97uCB9zkrhX7fVMpdv0wndo-00075.jpg": {"object_bounding_box": [231, 587, 348, 319], "object_presence": 1}, "P463--presentation-remote--clutter--DPU2W06nHFZ5kuIZxqcB97uCB9zkrhX7fVMpdv0wndo-00076.jpg": {"object_bounding_box": [233, 583, 341, 317], "object_presence": 1}, "P463--presentation-remote--clutter--DPU2W06nHFZ5kuIZxqcB97uCB9zkrhX7fVMpdv0wndo-00077.jpg": {"object_bounding_box": [231, 579, 341, 314], "object_presence": 1}, "P463--presentation-remote--clutter--DPU2W06nHFZ5kuIZxqcB97uCB9zkrhX7fVMpdv0wndo-00078.jpg": {"object_bounding_box": [232, 573, 336, 312], "object_presence": 1}, "P463--presentation-remote--clutter--DPU2W06nHFZ5kuIZxqcB97uCB9zkrhX7fVMpdv0wndo-00079.jpg": {"object_bounding_box": [235, 565, 332, 309], "object_presence": 1}, "P463--presentation-remote--clutter--DPU2W06nHFZ5kuIZxqcB97uCB9zkrhX7fVMpdv0wndo-00080.jpg": {"object_bounding_box": [237, 567, 329, 303], "object_presence": 1}, "P463--presentation-remote--clutter--DPU2W06nHFZ5kuIZxqcB97uCB9zkrhX7fVMpdv0wndo-00081.jpg": {"object_bounding_box": [238, 561, 322, 305], "object_presence": 1}, "P463--presentation-remote--clutter--DPU2W06nHFZ5kuIZxqcB97uCB9zkrhX7fVMpdv0wndo-00082.jpg": {"object_bounding_box": [249, 556, 318, 300], "object_presence": 1}, "P463--presentation-remote--clutter--DPU2W06nHFZ5kuIZxqcB97uCB9zkrhX7fVMpdv0wndo-00083.jpg": {"object_bounding_box": [248, 554, 321, 297], "object_presence": 1}, "P463--presentation-remote--clutter--DPU2W06nHFZ5kuIZxqcB97uCB9zkrhX7fVMpdv0wndo-00084.jpg": {"object_bounding_box": [247, 557, 316, 294], "object_presence": 1}, "P463--presentation-remote--clutter--DPU2W06nHFZ5kuIZxqcB97uCB9zkrhX7fVMpdv0wndo-00085.jpg": {"object_bounding_box": [250, 563, 314, 293], "object_presence": 1}, "P463--presentation-remote--clutter--DPU2W06nHFZ5kuIZxqcB97uCB9zkrhX7fVMpdv0wndo-00086.jpg": {"object_bounding_box": [251, 559, 312, 291], "object_presence": 1}, "P463--presentation-remote--clutter--DPU2W06nHFZ5kuIZxqcB97uCB9zkrhX7fVMpdv0wndo-00087.jpg": {"object_bounding_box": [252, 560, 310, 287], "object_presence": 1}, "P463--presentation-remote--clutter--DPU2W06nHFZ5kuIZxqcB97uCB9zkrhX7fVMpdv0wndo-00088.jpg": {"object_bounding_box": [255, 568, 304, 285], "object_presence": 1}, "P463--presentation-remote--clutter--DPU2W06nHFZ5kuIZxqcB97uCB9zkrhX7fVMpdv0wndo-00089.jpg": {"object_bounding_box": [261, 573, 301, 283], "object_presence": 1}, "P463--presentation-remote--clutter--DPU2W06nHFZ5kuIZxqcB97uCB9zkrhX7fVMpdv0wndo-00090.jpg": {"object_bounding_box": [263, 577, 298, 282], "object_presence": 1}, "P463--presentation-remote--clutter--DPU2W06nHFZ5kuIZxqcB97uCB9zkrhX7fVMpdv0wndo-00091.jpg": {"object_bounding_box": [271, 582, 295, 281], "object_presence": 1}, "P463--presentation-remote--clutter--DPU2W06nHFZ5kuIZxqcB97uCB9zkrhX7fVMpdv0wndo-00092.jpg": {"object_bounding_box": [277, 591, 292, 276], "object_presence": 1}, "P463--presentation-remote--clutter--DPU2W06nHFZ5kuIZxqcB97uCB9zkrhX7fVMpdv0wndo-00093.jpg": {"object_bounding_box": [280, 594, 290, 276], "object_presence": 1}, "P463--presentation-remote--clutter--DPU2W06nHFZ5kuIZxqcB97uCB9zkrhX7fVMpdv0wndo-00094.jpg": {"object_bounding_box": [279, 592, 288, 273], "object_presence": 1}, "P463--presentation-remote--clutter--DPU2W06nHFZ5kuIZxqcB97uCB9zkrhX7fVMpdv0wndo-00095.jpg": {"object_bounding_box": [282, 594, 288, 271], "object_presence": 1}, "P463--presentation-remote--clutter--DPU2W06nHFZ5kuIZxqcB97uCB9zkrhX7fVMpdv0wndo-00096.jpg": {"object_bounding_box": [283, 599, 285, 268], "object_presence": 1}, "P463--presentation-remote--clutter--DPU2W06nHFZ5kuIZxqcB97uCB9zkrhX7fVMpdv0wndo-00097.jpg": {"object_bounding_box": [286, 606, 278, 265], "object_presence": 1}, "P463--presentation-remote--clutter--DPU2W06nHFZ5kuIZxqcB97uCB9zkrhX7fVMpdv0wndo-00098.jpg": {"object_bounding_box": [285, 612, 280, 265], "object_presence": 1}, "P463--presentation-remote--clutter--DPU2W06nHFZ5kuIZxqcB97uCB9zkrhX7fVMpdv0wndo-00099.jpg": {"object_bounding_box": [285, 604, 277, 263], "object_presence": 1}, "P463--presentation-remote--clutter--DPU2W06nHFZ5kuIZxqcB97uCB9zkrhX7fVMpdv0wndo-00100.jpg": {"object_bounding_box": [289, 604, 278, 260], "object_presence": 1}, "P463--presentation-remote--clutter--DPU2W06nHFZ5kuIZxqcB97uCB9zkrhX7fVMpdv0wndo-00101.jpg": {"object_bounding_box": [285, 605, 278, 257], "object_presence": 1}, "P463--presentation-remote--clutter--DPU2W06nHFZ5kuIZxqcB97uCB9zkrhX7fVMpdv0wndo-00102.jpg": {"object_bounding_box": [285, 606, 276, 252], "object_presence": 1}, "P463--presentation-remote--clutter--DPU2W06nHFZ5kuIZxqcB97uCB9zkrhX7fVMpdv0wndo-00103.jpg": {"object_bounding_box": [286, 609, 275, 252], "object_presence": 1}, "P463--presentation-remote--clutter--DPU2W06nHFZ5kuIZxqcB97uCB9zkrhX7fVMpdv0wndo-00104.jpg": {"object_bounding_box": [287, 613, 272, 249], "object_presence": 1}, "P463--presentation-remote--clutter--DPU2W06nHFZ5kuIZxqcB97uCB9zkrhX7fVMpdv0wndo-00105.jpg": {"object_bounding_box": [289, 608, 271, 247], "object_presence": 1}, "P463--presentation-remote--clutter--DPU2W06nHFZ5kuIZxqcB97uCB9zkrhX7fVMpdv0wndo-00106.jpg": {"object_bounding_box": [294, 603, 268, 243], "object_presence": 1}, "P463--presentation-remote--clutter--DPU2W06nHFZ5kuIZxqcB97uCB9zkrhX7fVMpdv0wndo-00107.jpg": {"object_bounding_box": [296, 606, 268, 242], "object_presence": 1}, "P463--presentation-remote--clutter--DPU2W06nHFZ5kuIZxqcB97uCB9zkrhX7fVMpdv0wndo-00108.jpg": {"object_bounding_box": [297, 613, 266, 239], "object_presence": 1}, "P463--presentation-remote--clutter--DPU2W06nHFZ5kuIZxqcB97uCB9zkrhX7fVMpdv0wndo-00109.jpg": {"object_bounding_box": [302, 619, 263, 239], "object_presence": 1}, "P463--presentation-remote--clutter--DPU2W06nHFZ5kuIZxqcB97uCB9zkrhX7fVMpdv0wndo-00110.jpg": {"object_bounding_box": [305, 623, 263, 235], "object_presence": 1}, "P463--presentation-remote--clutter--DPU2W06nHFZ5kuIZxqcB97uCB9zkrhX7fVMpdv0wndo-00111.jpg": {"object_bounding_box": [302, 632, 259, 236], "object_presence": 1}, "P463--presentation-remote--clutter--DPU2W06nHFZ5kuIZxqcB97uCB9zkrhX7fVMpdv0wndo-00112.jpg": {"object_bounding_box": [303, 637, 260, 234], "object_presence": 1}, "P463--presentation-remote--clutter--DPU2W06nHFZ5kuIZxqcB97uCB9zkrhX7fVMpdv0wndo-00113.jpg": {"object_bounding_box": [307, 640, 258, 231], "object_presence": 1}, "P463--presentation-remote--clutter--DPU2W06nHFZ5kuIZxqcB97uCB9zkrhX7fVMpdv0wndo-00114.jpg": {"object_bounding_box": [302, 644, 256, 230], "object_presence": 1}, "P463--presentation-remote--clutter--DPU2W06nHFZ5kuIZxqcB97uCB9zkrhX7fVMpdv0wndo-00115.jpg": {"object_bounding_box": [303, 646, 252, 230], "object_presence": 1}, "P463--presentation-remote--clutter--DPU2W06nHFZ5kuIZxqcB97uCB9zkrhX7fVMpdv0wndo-00116.jpg": {"object_bounding_box": [307, 652, 251, 228], "object_presence": 1}, "P463--presentation-remote--clutter--DPU2W06nHFZ5kuIZxqcB97uCB9zkrhX7fVMpdv0wndo-00117.jpg": {"object_bounding_box": [302, 652, 248, 227], "object_presence": 1}, "P463--presentation-remote--clutter--DPU2W06nHFZ5kuIZxqcB97uCB9zkrhX7fVMpdv0wndo-00118.jpg": {"object_bounding_box": [302, 650, 248, 225], "object_presence": 1}, "P463--presentation-remote--clutter--DPU2W06nHFZ5kuIZxqcB97uCB9zkrhX7fVMpdv0wndo-00119.jpg": {"object_bounding_box": [305, 648, 247, 225], "object_presence": 1}, "P463--presentation-remote--clutter--DPU2W06nHFZ5kuIZxqcB97uCB9zkrhX7fVMpdv0wndo-00120.jpg": {"object_bounding_box": [300, 650, 246, 224], "object_presence": 1}, "P463--presentation-remote--clutter--DPU2W06nHFZ5kuIZxqcB97uCB9zkrhX7fVMpdv0wndo-00121.jpg": {"object_bounding_box": [301, 650, 244, 223], "object_presence": 1}, "P463--presentation-remote--clutter--DPU2W06nHFZ5kuIZxqcB97uCB9zkrhX7fVMpdv0wndo-00122.jpg": {"object_bounding_box": [307, 648, 243, 220], "object_presence": 1}, "P463--presentation-remote--clutter--DPU2W06nHFZ5kuIZxqcB97uCB9zkrhX7fVMpdv0wndo-00123.jpg": {"object_bounding_box": [305, 656, 241, 217], "object_presence": 1}, "P463--presentation-remote--clutter--DPU2W06nHFZ5kuIZxqcB97uCB9zkrhX7fVMpdv0wndo-00124.jpg": {"object_bounding_box": [308, 661, 238, 218], "object_presence": 1}, "P463--presentation-remote--clutter--DPU2W06nHFZ5kuIZxqcB97uCB9zkrhX7fVMpdv0wndo-00125.jpg": {"object_bounding_box": [313, 661, 237, 219], "object_presence": 1}, "P463--presentation-remote--clutter--DPU2W06nHFZ5kuIZxqcB97uCB9zkrhX7fVMpdv0wndo-00126.jpg": {"object_bounding_box": [318, 662, 235, 216], "object_presence": 1}, "P463--presentation-remote--clutter--DPU2W06nHFZ5kuIZxqcB97uCB9zkrhX7fVMpdv0wndo-00127.jpg": {"object_bounding_box": [318, 664, 235, 213], "object_presence": 1}, "P463--presentation-remote--clutter--DPU2W06nHFZ5kuIZxqcB97uCB9zkrhX7fVMpdv0wndo-00128.jpg": {"object_bounding_box": [320, 664, 234, 214], "object_presence": 1}, "P463--presentation-remote--clutter--DPU2W06nHFZ5kuIZxqcB97uCB9zkrhX7fVMpdv0wndo-00129.jpg": {"object_bounding_box": [319, 657, 231, 213], "object_presence": 1}, "P463--presentation-remote--clutter--DPU2W06nHFZ5kuIZxqcB97uCB9zkrhX7fVMpdv0wndo-00130.jpg": {"object_bounding_box": [322, 655, 230, 210], "object_presence": 1}, "P463--presentation-remote--clutter--DPU2W06nHFZ5kuIZxqcB97uCB9zkrhX7fVMpdv0wndo-00131.jpg": {"object_bounding_box": [317, 657, 228, 208], "object_presence": 1}, "P463--presentation-remote--clutter--DPU2W06nHFZ5kuIZxqcB97uCB9zkrhX7fVMpdv0wndo-00132.jpg": {"object_bounding_box": [313, 650, 228, 209], "object_presence": 1}, "P463--presentation-remote--clutter--DPU2W06nHFZ5kuIZxqcB97uCB9zkrhX7fVMpdv0wndo-00133.jpg": {"object_bounding_box": [313, 645, 228, 208], "object_presence": 1}, "P463--presentation-remote--clutter--DPU2W06nHFZ5kuIZxqcB97uCB9zkrhX7fVMpdv0wndo-00134.jpg": {"object_bounding_box": [307, 644, 227, 206], "object_presence": 1}, "P463--presentation-remote--clutter--DPU2W06nHFZ5kuIZxqcB97uCB9zkrhX7fVMpdv0wndo-00135.jpg": {"object_bounding_box": [304, 640, 228, 206], "object_presence": 1}, "P463--presentation-remote--clutter--DPU2W06nHFZ5kuIZxqcB97uCB9zkrhX7fVMpdv0wndo-00136.jpg": {"object_bounding_box": [303, 632, 226, 206], "object_presence": 1}, "P463--presentation-remote--clutter--DPU2W06nHFZ5kuIZxqcB97uCB9zkrhX7fVMpdv0wndo-00137.jpg": {"object_bounding_box": [308, 629, 225, 206], "object_presence": 1}, "P463--presentation-remote--clutter--DPU2W06nHFZ5kuIZxqcB97uCB9zkrhX7fVMpdv0wndo-00138.jpg": {"object_bounding_box": [310, 628, 224, 206], "object_presence": 1}, "P463--presentation-remote--clutter--DPU2W06nHFZ5kuIZxqcB97uCB9zkrhX7fVMpdv0wndo-00139.jpg": {"object_bounding_box": [316, 628, 220, 205], "object_presence": 1}, "P463--presentation-remote--clutter--DPU2W06nHFZ5kuIZxqcB97uCB9zkrhX7fVMpdv0wndo-00140.jpg": {"object_bounding_box": [320, 625, 219, 203], "object_presence": 1}, "P463--presentation-remote--clutter--DPU2W06nHFZ5kuIZxqcB97uCB9zkrhX7fVMpdv0wndo-00141.jpg": {"object_bounding_box": [322, 625, 219, 203], "object_presence": 1}, "P463--presentation-remote--clutter--DPU2W06nHFZ5kuIZxqcB97uCB9zkrhX7fVMpdv0wndo-00142.jpg": {"object_bounding_box": [322, 623, 218, 201], "object_presence": 1}, "P463--presentation-remote--clutter--DPU2W06nHFZ5kuIZxqcB97uCB9zkrhX7fVMpdv0wndo-00143.jpg": {"object_bounding_box": [331, 616, 209, 197], "object_presence": 1}, "P463--presentation-remote--clutter--DPU2W06nHFZ5kuIZxqcB97uCB9zkrhX7fVMpdv0wndo-00144.jpg": {"object_bounding_box": [342, 614, 210, 199], "object_presence": 1}, "P463--presentation-remote--clutter--DPU2W06nHFZ5kuIZxqcB97uCB9zkrhX7fVMpdv0wndo-00145.jpg": {"object_bounding_box": [342, 616, 207, 201], "object_presence": 1}, "P463--presentation-remote--clutter--DPU2W06nHFZ5kuIZxqcB97uCB9zkrhX7fVMpdv0wndo-00146.jpg": {"object_bounding_box": [349, 618, 206, 198], "object_presence": 1}, "P463--presentation-remote--clutter--DPU2W06nHFZ5kuIZxqcB97uCB9zkrhX7fVMpdv0wndo-00147.jpg": {"object_bounding_box": [351, 622, 206, 199], "object_presence": 1}, "P463--presentation-remote--clutter--DPU2W06nHFZ5kuIZxqcB97uCB9zkrhX7fVMpdv0wndo-00148.jpg": {"object_bounding_box": [351, 619, 205, 197], "object_presence": 1}, "P463--presentation-remote--clutter--DPU2W06nHFZ5kuIZxqcB97uCB9zkrhX7fVMpdv0wndo-00149.jpg": {"object_bounding_box": [353, 622, 204, 195], "object_presence": 1}, "P463--presentation-remote--clutter--DPU2W06nHFZ5kuIZxqcB97uCB9zkrhX7fVMpdv0wndo-00150.jpg": {"object_bounding_box": [352, 625, 203, 195], "object_presence": 1}, "P463--presentation-remote--clutter--DPU2W06nHFZ5kuIZxqcB97uCB9zkrhX7fVMpdv0wndo-00151.jpg": {"object_bounding_box": [349, 625, 205, 197], "object_presence": 1}, "P463--presentation-remote--clutter--DPU2W06nHFZ5kuIZxqcB97uCB9zkrhX7fVMpdv0wndo-00152.jpg": {"object_bounding_box": [350, 620, 205, 195], "object_presence": 1}, "P463--presentation-remote--clutter--DPU2W06nHFZ5kuIZxqcB97uCB9zkrhX7fVMpdv0wndo-00153.jpg": {"object_bounding_box": [350, 622, 206, 193], "object_presence": 1}, "P463--presentation-remote--clutter--DPU2W06nHFZ5kuIZxqcB97uCB9zkrhX7fVMpdv0wndo-00154.jpg": {"object_bounding_box": [350, 627, 206, 193], "object_presence": 1}, "P463--presentation-remote--clutter--DPU2W06nHFZ5kuIZxqcB97uCB9zkrhX7fVMpdv0wndo-00155.jpg": {"object_bounding_box": [350, 624, 206, 193], "object_presence": 1}, "P463--presentation-remote--clutter--DPU2W06nHFZ5kuIZxqcB97uCB9zkrhX7fVMpdv0wndo-00156.jpg": {"object_bounding_box": [351, 630, 203, 190], "object_presence": 1}, "P463--presentation-remote--clutter--DPU2W06nHFZ5kuIZxqcB97uCB9zkrhX7fVMpdv0wndo-00157.jpg": {"object_bounding_box": [348, 633, 202, 192], "object_presence": 1}, "P463--presentation-remote--clutter--DPU2W06nHFZ5kuIZxqcB97uCB9zkrhX7fVMpdv0wndo-00158.jpg": {"object_bounding_box": [353, 629, 202, 192], "object_presence": 1}, "P463--presentation-remote--clutter--DPU2W06nHFZ5kuIZxqcB97uCB9zkrhX7fVMpdv0wndo-00159.jpg": {"object_bounding_box": [356, 634, 200, 189], "object_presence": 1}, "P463--presentation-remote--clutter--DPU2W06nHFZ5kuIZxqcB97uCB9zkrhX7fVMpdv0wndo-00160.jpg": {"object_bounding_box": [359, 637, 199, 190], "object_presence": 1}, "P463--presentation-remote--clutter--DPU2W06nHFZ5kuIZxqcB97uCB9zkrhX7fVMpdv0wndo-00161.jpg": {"object_bounding_box": [363, 638, 200, 189], "object_presence": 1}, "P463--presentation-remote--clutter--DPU2W06nHFZ5kuIZxqcB97uCB9zkrhX7fVMpdv0wndo-00162.jpg": {"object_bounding_box": [367, 641, 198, 188], "object_presence": 1}, "P463--presentation-remote--clutter--DPU2W06nHFZ5kuIZxqcB97uCB9zkrhX7fVMpdv0wndo-00163.jpg": {"object_bounding_box": [371, 648, 197, 187], "object_presence": 1}, "P463--presentation-remote--clutter--DPU2W06nHFZ5kuIZxqcB97uCB9zkrhX7fVMpdv0wndo-00164.jpg": {"object_bounding_box": [375, 649, 197, 187], "object_presence": 1}, "P463--presentation-remote--clutter--DPU2W06nHFZ5kuIZxqcB97uCB9zkrhX7fVMpdv0wndo-00165.jpg": {"object_bounding_box": [377, 648, 198, 187], "object_presence": 1}, "P463--presentation-remote--clutter--DPU2W06nHFZ5kuIZxqcB97uCB9zkrhX7fVMpdv0wndo-00166.jpg": {"object_bounding_box": [375, 652, 196, 186], "object_presence": 1}, "P463--presentation-remote--clutter--DPU2W06nHFZ5kuIZxqcB97uCB9zkrhX7fVMpdv0wndo-00167.jpg": {"object_bounding_box": [376, 653, 194, 185], "object_presence": 1}, "P463--presentation-remote--clutter--DPU2W06nHFZ5kuIZxqcB97uCB9zkrhX7fVMpdv0wndo-00168.jpg": {"object_bounding_box": [378, 654, 197, 187], "object_presence": 1}, "P463--presentation-remote--clutter--DPU2W06nHFZ5kuIZxqcB97uCB9zkrhX7fVMpdv0wndo-00169.jpg": {"object_bounding_box": [375, 655, 196, 185], "object_presence": 1}, "P463--presentation-remote--clutter--DPU2W06nHFZ5kuIZxqcB97uCB9zkrhX7fVMpdv0wndo-00170.jpg": {"object_bounding_box": [375, 656, 195, 187], "object_presence": 1}, "P463--presentation-remote--clutter--DPU2W06nHFZ5kuIZxqcB97uCB9zkrhX7fVMpdv0wndo-00171.jpg": {"object_bounding_box": [379, 659, 195, 185], "object_presence": 1}, "P463--presentation-remote--clutter--DPU2W06nHFZ5kuIZxqcB97uCB9zkrhX7fVMpdv0wndo-00172.jpg": {"object_bounding_box": [382, 658, 192, 185], "object_presence": 1}, "P463--presentation-remote--clutter--DPU2W06nHFZ5kuIZxqcB97uCB9zkrhX7fVMpdv0wndo-00173.jpg": {"object_bounding_box": [386, 659, 194, 186], "object_presence": 1}, "P463--presentation-remote--clutter--DPU2W06nHFZ5kuIZxqcB97uCB9zkrhX7fVMpdv0wndo-00174.jpg": {"object_bounding_box": [391, 663, 193, 183], "object_presence": 1}, "P463--presentation-remote--clutter--DPU2W06nHFZ5kuIZxqcB97uCB9zkrhX7fVMpdv0wndo-00175.jpg": {"object_bounding_box": [399, 669, 191, 183], "object_presence": 1}, "P463--presentation-remote--clutter--DPU2W06nHFZ5kuIZxqcB97uCB9zkrhX7fVMpdv0wndo-00176.jpg": {"object_bounding_box": [377, 659, 190, 187], "object_presence": 1}, "P463--presentation-remote--clutter--DPU2W06nHFZ5kuIZxqcB97uCB9zkrhX7fVMpdv0wndo-00177.jpg": {"object_bounding_box": [382, 640, 194, 188], "object_presence": 1}, "P463--presentation-remote--clutter--DPU2W06nHFZ5kuIZxqcB97uCB9zkrhX7fVMpdv0wndo-00178.jpg": {"object_bounding_box": [375, 650, 193, 178], "object_presence": 1}, "P463--presentation-remote--clutter--DPU2W06nHFZ5kuIZxqcB97uCB9zkrhX7fVMpdv0wndo-00179.jpg": {"object_bounding_box": [385, 656, 193, 184], "object_presence": 1}, "P463--presentation-remote--clutter--DPU2W06nHFZ5kuIZxqcB97uCB9zkrhX7fVMpdv0wndo-00180.jpg": {"object_bounding_box": [413, 680, 186, 179], "object_presence": 1}, "P463--presentation-remote--clutter--DPU2W06nHFZ5kuIZxqcB97uCB9zkrhX7fVMpdv0wndo-00181.jpg": {"object_bounding_box": [368, 674, 191, 189], "object_presence": 1}, "P463--presentation-remote--clutter--DPU2W06nHFZ5kuIZxqcB97uCB9zkrhX7fVMpdv0wndo-00182.jpg": {"object_bounding_box": [384, 658, 187, 188], "object_presence": 1}, "P463--presentation-remote--clutter--DPU2W06nHFZ5kuIZxqcB97uCB9zkrhX7fVMpdv0wndo-00183.jpg": {"object_bounding_box": [383, 665, 191, 186], "object_presence": 1}, "P463--presentation-remote--clutter--DPU2W06nHFZ5kuIZxqcB97uCB9zkrhX7fVMpdv0wndo-00184.jpg": {"object_bounding_box": [361, 652, 191, 185], "object_presence": 1}, "P463--presentation-remote--clutter--DPU2W06nHFZ5kuIZxqcB97uCB9zkrhX7fVMpdv0wndo-00185.jpg": {"object_bounding_box": [369, 658, 193, 187], "object_presence": 1}, "P463--presentation-remote--clutter--DPU2W06nHFZ5kuIZxqcB97uCB9zkrhX7fVMpdv0wndo-00186.jpg": {"object_bounding_box": [363, 683, 190, 182], "object_presence": 1}, "P463--presentation-remote--clutter--DPU2W06nHFZ5kuIZxqcB97uCB9zkrhX7fVMpdv0wndo-00187.jpg": {"object_bounding_box": [356, 695, 191, 184], "object_presence": 1}, "P463--presentation-remote--clutter--DPU2W06nHFZ5kuIZxqcB97uCB9zkrhX7fVMpdv0wndo-00188.jpg": {"object_bounding_box": [352, 709, 192, 184], "object_presence": 1}}