{"P470--cannabis-vape-battery--clutter--RUOEu1br31o8BMaHlxdjAqxGI316PnfGIkfgEcII9AA-00001.jpg": {"object_bounding_box": [593, 348, 84, 390], "object_presence": 1}, "P470--cannabis-vape-battery--clutter--RUOEu1br31o8BMaHlxdjAqxGI316PnfGIkfgEcII9AA-00002.jpg": {"object_bounding_box": [593, 348, 84, 390], "object_presence": 1}, "P470--cannabis-vape-battery--clutter--RUOEu1br31o8BMaHlxdjAqxGI316PnfGIkfgEcII9AA-00003.jpg": {"object_bounding_box": [594, 348, 87, 389], "object_presence": 1}, "P470--cannabis-vape-battery--clutter--RUOEu1br31o8BMaHlxdjAqxGI316PnfGIkfgEcII9AA-00004.jpg": {"object_bounding_box": [593, 347, 84, 388], "object_presence": 1}, "P470--cannabis-vape-battery--clutter--RUOEu1br31o8BMaHlxdjAqxGI316PnfGIkfgEcII9AA-00005.jpg": {"object_bounding_box": [593, 346, 82, 389], "object_presence": 1}, "P470--cannabis-vape-battery--clutter--RUOEu1br31o8BMaHlxdjAqxGI316PnfGIkfgEcII9AA-00006.jpg": {"object_bounding_box": [592, 346, 80, 389], "object_presence": 1}, "P470--cannabis-vape-battery--clutter--RUOEu1br31o8BMaHlxdjAqxGI316PnfGIkfgEcII9AA-00007.jpg": {"object_bounding_box": [590, 344, 82, 387], "object_presence": 1}, "P470--cannabis-vape-battery--clutter--RUOEu1br31o8BMaHlxdjAqxGI316PnfGIkfgEcII9AA-00008.jpg": {"object_bounding_box": [588, 341, 86, 387], "object_presence": 1}, "P470--cannabis-vape-battery--clutter--RUOEu1br31o8BMaHlxdjAqxGI316PnfGIkfgEcII9AA-00009.jpg": {"object_bounding_box": [588, 341, 83, 385], "object_presence": 1}, "P470--cannabis-vape-battery--clutter--RUOEu1br31o8BMaHlxdjAqxGI316PnfGIkfgEcII9AA-00010.jpg": {"object_bounding_box": [585, 337, 82, 390], "object_presence": 1}, "P470--cannabis-vape-battery--clutter--RUOEu1br31o8BMaHlxdjAqxGI316PnfGIkfgEcII9AA-00011.jpg": {"object_bounding_box": [585, 337, 82, 390], "object_presence": 1}, "P470--cannabis-vape-battery--clutter--RUOEu1br31o8BMaHlxdjAqxGI316PnfGIkfgEcII9AA-00012.jpg": {"object_bounding_box": [585, 337, 82, 390], "object_presence": 1}, "P470--cannabis-vape-battery--clutter--RUOEu1br31o8BMaHlxdjAqxGI316PnfGIkfgEcII9AA-00013.jpg": {"object_bounding_box": [590, 338, 86, 387], "object_presence": 1}, "P470--cannabis-vape-battery--clutter--RUOEu1br31o8BMaHlxdjAqxGI316PnfGIkfgEcII9AA-00014.jpg": {"object_bounding_box": [592, 338, 81, 387], "object_presence": 1}, "P470--cannabis-vape-battery--clutter--RUOEu1br31o8BMaHlxdjAqxGI316PnfGIkfgEcII9AA-00015.jpg": {"object_bounding_box": [592, 338, 79, 387], "object_presence": 1}, "P470--cannabis-vape-battery--clutter--RUOEu1br31o8BMaHlxdjAqxGI316PnfGIkfgEcII9AA-00016.jpg": {"object_bounding_box": [593, 339, 81, 384], "object_presence": 1}, "P470--cannabis-vape-battery--clutter--RUOEu1br31o8BMaHlxdjAqxGI316PnfGIkfgEcII9AA-00017.jpg": {"object_bounding_box": [594, 344, 83, 375], "object_presence": 1}, "P470--cannabis-vape-battery--clutter--RUOEu1br31o8BMaHlxdjAqxGI316PnfGIkfgEcII9AA-00018.jpg": {"object_bounding_box": [595, 348, 82, 384], "object_presence": 1}, "P470--cannabis-vape-battery--clutter--RUOEu1br31o8BMaHlxdjAqxGI316PnfGIkfgEcII9AA-00019.jpg": {"object_bounding_box": [594, 348, 79, 384], "object_presence": 1}, "P470--cannabis-vape-battery--clutter--RUOEu1br31o8BMaHlxdjAqxGI316PnfGIkfgEcII9AA-00020.jpg": {"object_bounding_box": [586, 344, 84, 380], "object_presence": 1}, "P470--cannabis-vape-battery--clutter--RUOEu1br31o8BMaHlxdjAqxGI316PnfGIkfgEcII9AA-00021.jpg": {"object_bounding_box": [584, 344, 79, 380], "object_presence": 1}, "P470--cannabis-vape-battery--clutter--RUOEu1br31o8BMaHlxdjAqxGI316PnfGIkfgEcII9AA-00022.jpg": {"object_bounding_box": [580, 349, 83, 379], "object_presence": 1}, "P470--cannabis-vape-battery--clutter--RUOEu1br31o8BMaHlxdjAqxGI316PnfGIkfgEcII9AA-00023.jpg": {"object_bounding_box": [582, 350, 82, 375], "object_presence": 1}, "P470--cannabis-vape-battery--clutter--RUOEu1br31o8BMaHlxdjAqxGI316PnfGIkfgEcII9AA-00024.jpg": {"object_bounding_box": [582, 350, 82, 375], "object_presence": 1}, "P470--cannabis-vape-battery--clutter--RUOEu1br31o8BMaHlxdjAqxGI316PnfGIkfgEcII9AA-00025.jpg": {"object_bounding_box": [576, 348, 82, 371], "object_presence": 1}, "P470--cannabis-vape-battery--clutter--RUOEu1br31o8BMaHlxdjAqxGI316PnfGIkfgEcII9AA-00026.jpg": {"object_bounding_box": [576, 348, 82, 371], "object_presence": 1}, "P470--cannabis-vape-battery--clutter--RUOEu1br31o8BMaHlxdjAqxGI316PnfGIkfgEcII9AA-00027.jpg": {"object_bounding_box": [571, 347, 82, 369], "object_presence": 1}, "P470--cannabis-vape-battery--clutter--RUOEu1br31o8BMaHlxdjAqxGI316PnfGIkfgEcII9AA-00028.jpg": {"object_bounding_box": [571, 350, 82, 363], "object_presence": 1}, "P470--cannabis-vape-battery--clutter--RUOEu1br31o8BMaHlxdjAqxGI316PnfGIkfgEcII9AA-00029.jpg": {"object_bounding_box": [568, 351, 81, 364], "object_presence": 1}, "P470--cannabis-vape-battery--clutter--RUOEu1br31o8BMaHlxdjAqxGI316PnfGIkfgEcII9AA-00030.jpg": {"object_bounding_box": [563, 356, 80, 360], "object_presence": 1}, "P470--cannabis-vape-battery--clutter--RUOEu1br31o8BMaHlxdjAqxGI316PnfGIkfgEcII9AA-00031.jpg": {"object_bounding_box": [562, 360, 80, 361], "object_presence": 1}, "P470--cannabis-vape-battery--clutter--RUOEu1br31o8BMaHlxdjAqxGI316PnfGIkfgEcII9AA-00032.jpg": {"object_bounding_box": [560, 364, 81, 359], "object_presence": 1}, "P470--cannabis-vape-battery--clutter--RUOEu1br31o8BMaHlxdjAqxGI316PnfGIkfgEcII9AA-00033.jpg": {"object_bounding_box": [560, 368, 83, 351], "object_presence": 1}, "P470--cannabis-vape-battery--clutter--RUOEu1br31o8BMaHlxdjAqxGI316PnfGIkfgEcII9AA-00034.jpg": {"object_bounding_box": [560, 368, 83, 351], "object_presence": 1}, "P470--cannabis-vape-battery--clutter--RUOEu1br31o8BMaHlxdjAqxGI316PnfGIkfgEcII9AA-00035.jpg": {"object_bounding_box": [559, 368, 78, 351], "object_presence": 1}, "P470--cannabis-vape-battery--clutter--RUOEu1br31o8BMaHlxdjAqxGI316PnfGIkfgEcII9AA-00036.jpg": {"object_bounding_box": [557, 365, 79, 348], "object_presence": 1}, "P470--cannabis-vape-battery--clutter--RUOEu1br31o8BMaHlxdjAqxGI316PnfGIkfgEcII9AA-00037.jpg": {"object_bounding_box": [555, 364, 82, 347], "object_presence": 1}, "P470--cannabis-vape-battery--clutter--RUOEu1br31o8BMaHlxdjAqxGI316PnfGIkfgEcII9AA-00038.jpg": {"object_bounding_box": [558, 366, 79, 350], "object_presence": 1}, "P470--cannabis-vape-battery--clutter--RUOEu1br31o8BMaHlxdjAqxGI316PnfGIkfgEcII9AA-00039.jpg": {"object_bounding_box": [560, 370, 81, 345], "object_presence": 1}, "P470--cannabis-vape-battery--clutter--RUOEu1br31o8BMaHlxdjAqxGI316PnfGIkfgEcII9AA-00040.jpg": {"object_bounding_box": [560, 378, 81, 343], "object_presence": 1}, "P470--cannabis-vape-battery--clutter--RUOEu1br31o8BMaHlxdjAqxGI316PnfGIkfgEcII9AA-00041.jpg": {"object_bounding_box": [557, 381, 78, 340], "object_presence": 1}, "P470--cannabis-vape-battery--clutter--RUOEu1br31o8BMaHlxdjAqxGI316PnfGIkfgEcII9AA-00042.jpg": {"object_bounding_box": [549, 385, 78, 340], "object_presence": 1}, "P470--cannabis-vape-battery--clutter--RUOEu1br31o8BMaHlxdjAqxGI316PnfGIkfgEcII9AA-00043.jpg": {"object_bounding_box": [541, 389, 76, 337], "object_presence": 1}, "P470--cannabis-vape-battery--clutter--RUOEu1br31o8BMaHlxdjAqxGI316PnfGIkfgEcII9AA-00044.jpg": {"object_bounding_box": [534, 393, 78, 330], "object_presence": 1}, "P470--cannabis-vape-battery--clutter--RUOEu1br31o8BMaHlxdjAqxGI316PnfGIkfgEcII9AA-00045.jpg": {"object_bounding_box": [528, 396, 76, 331], "object_presence": 1}, "P470--cannabis-vape-battery--clutter--RUOEu1br31o8BMaHlxdjAqxGI316PnfGIkfgEcII9AA-00046.jpg": {"object_bounding_box": [525, 404, 80, 328], "object_presence": 1}, "P470--cannabis-vape-battery--clutter--RUOEu1br31o8BMaHlxdjAqxGI316PnfGIkfgEcII9AA-00047.jpg": {"object_bounding_box": [521, 409, 77, 327], "object_presence": 1}, "P470--cannabis-vape-battery--clutter--RUOEu1br31o8BMaHlxdjAqxGI316PnfGIkfgEcII9AA-00048.jpg": {"object_bounding_box": [520, 412, 76, 321], "object_presence": 1}, "P470--cannabis-vape-battery--clutter--RUOEu1br31o8BMaHlxdjAqxGI316PnfGIkfgEcII9AA-00049.jpg": {"object_bounding_box": [520, 412, 76, 321], "object_presence": 1}, "P470--cannabis-vape-battery--clutter--RUOEu1br31o8BMaHlxdjAqxGI316PnfGIkfgEcII9AA-00050.jpg": {"object_bounding_box": [532, 414, 72, 319], "object_presence": 1}, "P470--cannabis-vape-battery--clutter--RUOEu1br31o8BMaHlxdjAqxGI316PnfGIkfgEcII9AA-00051.jpg": {"object_bounding_box": [540, 414, 71, 316], "object_presence": 1}, "P470--cannabis-vape-battery--clutter--RUOEu1br31o8BMaHlxdjAqxGI316PnfGIkfgEcII9AA-00052.jpg": {"object_bounding_box": [546, 410, 73, 315], "object_presence": 1}, "P470--cannabis-vape-battery--clutter--RUOEu1br31o8BMaHlxdjAqxGI316PnfGIkfgEcII9AA-00053.jpg": {"object_bounding_box": [560, 406, 65, 308], "object_presence": 1}, "P470--cannabis-vape-battery--clutter--RUOEu1br31o8BMaHlxdjAqxGI316PnfGIkfgEcII9AA-00054.jpg": {"object_bounding_box": [573, 406, 66, 308], "object_presence": 1}, "P470--cannabis-vape-battery--clutter--RUOEu1br31o8BMaHlxdjAqxGI316PnfGIkfgEcII9AA-00055.jpg": {"object_bounding_box": [577, 407, 68, 308], "object_presence": 1}, "P470--cannabis-vape-battery--clutter--RUOEu1br31o8BMaHlxdjAqxGI316PnfGIkfgEcII9AA-00056.jpg": {"object_bounding_box": [577, 407, 69, 308], "object_presence": 1}, "P470--cannabis-vape-battery--clutter--RUOEu1br31o8BMaHlxdjAqxGI316PnfGIkfgEcII9AA-00057.jpg": {"object_bounding_box": [577, 412, 69, 301], "object_presence": 1}, "P470--cannabis-vape-battery--clutter--RUOEu1br31o8BMaHlxdjAqxGI316PnfGIkfgEcII9AA-00058.jpg": {"object_bounding_box": [573, 417, 68, 298], "object_presence": 1}, "P470--cannabis-vape-battery--clutter--RUOEu1br31o8BMaHlxdjAqxGI316PnfGIkfgEcII9AA-00059.jpg": {"object_bounding_box": [568, 420, 70, 298], "object_presence": 1}, "P470--cannabis-vape-battery--clutter--RUOEu1br31o8BMaHlxdjAqxGI316PnfGIkfgEcII9AA-00060.jpg": {"object_bounding_box": [560, 425, 69, 293], "object_presence": 1}, "P470--cannabis-vape-battery--clutter--RUOEu1br31o8BMaHlxdjAqxGI316PnfGIkfgEcII9AA-00061.jpg": {"object_bounding_box": [552, 429, 71, 289], "object_presence": 1}, "P470--cannabis-vape-battery--clutter--RUOEu1br31o8BMaHlxdjAqxGI316PnfGIkfgEcII9AA-00062.jpg": {"object_bounding_box": [539, 432, 69, 280], "object_presence": 1}, "P470--cannabis-vape-battery--clutter--RUOEu1br31o8BMaHlxdjAqxGI316PnfGIkfgEcII9AA-00063.jpg": {"object_bounding_box": [527, 436, 66, 278], "object_presence": 1}, "P470--cannabis-vape-battery--clutter--RUOEu1br31o8BMaHlxdjAqxGI316PnfGIkfgEcII9AA-00064.jpg": {"object_bounding_box": [520, 437, 68, 277], "object_presence": 1}, "P470--cannabis-vape-battery--clutter--RUOEu1br31o8BMaHlxdjAqxGI316PnfGIkfgEcII9AA-00065.jpg": {"object_bounding_box": [509, 438, 68, 276], "object_presence": 1}, "P470--cannabis-vape-battery--clutter--RUOEu1br31o8BMaHlxdjAqxGI316PnfGIkfgEcII9AA-00066.jpg": {"object_bounding_box": [502, 440, 68, 272], "object_presence": 1}, "P470--cannabis-vape-battery--clutter--RUOEu1br31o8BMaHlxdjAqxGI316PnfGIkfgEcII9AA-00067.jpg": {"object_bounding_box": [500, 442, 65, 268], "object_presence": 1}, "P470--cannabis-vape-battery--clutter--RUOEu1br31o8BMaHlxdjAqxGI316PnfGIkfgEcII9AA-00068.jpg": {"object_bounding_box": [497, 448, 67, 266], "object_presence": 1}, "P470--cannabis-vape-battery--clutter--RUOEu1br31o8BMaHlxdjAqxGI316PnfGIkfgEcII9AA-00069.jpg": {"object_bounding_box": [494, 443, 64, 266], "object_presence": 1}, "P470--cannabis-vape-battery--clutter--RUOEu1br31o8BMaHlxdjAqxGI316PnfGIkfgEcII9AA-00070.jpg": {"object_bounding_box": [491, 438, 66, 261], "object_presence": 1}, "P470--cannabis-vape-battery--clutter--RUOEu1br31o8BMaHlxdjAqxGI316PnfGIkfgEcII9AA-00071.jpg": {"object_bounding_box": [494, 438, 64, 261], "object_presence": 1}, "P470--cannabis-vape-battery--clutter--RUOEu1br31o8BMaHlxdjAqxGI316PnfGIkfgEcII9AA-00072.jpg": {"object_bounding_box": [502, 436, 62, 262], "object_presence": 1}, "P470--cannabis-vape-battery--clutter--RUOEu1br31o8BMaHlxdjAqxGI316PnfGIkfgEcII9AA-00073.jpg": {"object_bounding_box": [507, 435, 63, 257], "object_presence": 1}, "P470--cannabis-vape-battery--clutter--RUOEu1br31o8BMaHlxdjAqxGI316PnfGIkfgEcII9AA-00074.jpg": {"object_bounding_box": [511, 431, 63, 261], "object_presence": 1}, "P470--cannabis-vape-battery--clutter--RUOEu1br31o8BMaHlxdjAqxGI316PnfGIkfgEcII9AA-00075.jpg": {"object_bounding_box": [516, 423, 63, 255], "object_presence": 1}, "P470--cannabis-vape-battery--clutter--RUOEu1br31o8BMaHlxdjAqxGI316PnfGIkfgEcII9AA-00076.jpg": {"object_bounding_box": [522, 412, 61, 255], "object_presence": 1}, "P470--cannabis-vape-battery--clutter--RUOEu1br31o8BMaHlxdjAqxGI316PnfGIkfgEcII9AA-00077.jpg": {"object_bounding_box": [533, 401, 58, 251], "object_presence": 1}, "P470--cannabis-vape-battery--clutter--RUOEu1br31o8BMaHlxdjAqxGI316PnfGIkfgEcII9AA-00078.jpg": {"object_bounding_box": [543, 391, 61, 246], "object_presence": 1}, "P470--cannabis-vape-battery--clutter--RUOEu1br31o8BMaHlxdjAqxGI316PnfGIkfgEcII9AA-00079.jpg": {"object_bounding_box": [546, 391, 66, 247], "object_presence": 1}, "P470--cannabis-vape-battery--clutter--RUOEu1br31o8BMaHlxdjAqxGI316PnfGIkfgEcII9AA-00080.jpg": {"object_bounding_box": [554, 379, 62, 251], "object_presence": 1}, "P470--cannabis-vape-battery--clutter--RUOEu1br31o8BMaHlxdjAqxGI316PnfGIkfgEcII9AA-00081.jpg": {"object_bounding_box": [556, 374, 61, 245], "object_presence": 1}, "P470--cannabis-vape-battery--clutter--RUOEu1br31o8BMaHlxdjAqxGI316PnfGIkfgEcII9AA-00082.jpg": {"object_bounding_box": [556, 373, 63, 247], "object_presence": 1}, "P470--cannabis-vape-battery--clutter--RUOEu1br31o8BMaHlxdjAqxGI316PnfGIkfgEcII9AA-00083.jpg": {"object_bounding_box": [556, 373, 63, 247], "object_presence": 1}, "P470--cannabis-vape-battery--clutter--RUOEu1br31o8BMaHlxdjAqxGI316PnfGIkfgEcII9AA-00084.jpg": {"object_bounding_box": [559, 369, 63, 249], "object_presence": 1}, "P470--cannabis-vape-battery--clutter--RUOEu1br31o8BMaHlxdjAqxGI316PnfGIkfgEcII9AA-00085.jpg": {"object_bounding_box": [557, 371, 63, 246], "object_presence": 1}, "P470--cannabis-vape-battery--clutter--RUOEu1br31o8BMaHlxdjAqxGI316PnfGIkfgEcII9AA-00086.jpg": {"object_bounding_box": [557, 371, 63, 246], "object_presence": 1}, "P470--cannabis-vape-battery--clutter--RUOEu1br31o8BMaHlxdjAqxGI316PnfGIkfgEcII9AA-00087.jpg": {"object_bounding_box": [558, 372, 65, 242], "object_presence": 1}, "P470--cannabis-vape-battery--clutter--RUOEu1br31o8BMaHlxdjAqxGI316PnfGIkfgEcII9AA-00088.jpg": {"object_bounding_box": [558, 372, 65, 242], "object_presence": 1}, "P470--cannabis-vape-battery--clutter--RUOEu1br31o8BMaHlxdjAqxGI316PnfGIkfgEcII9AA-00089.jpg": {"object_bounding_box": [560, 371, 62, 241], "object_presence": 1}, "P470--cannabis-vape-battery--clutter--RUOEu1br31o8BMaHlxdjAqxGI316PnfGIkfgEcII9AA-00090.jpg": {"object_bounding_box": [566, 372, 64, 240], "object_presence": 1}, "P470--cannabis-vape-battery--clutter--RUOEu1br31o8BMaHlxdjAqxGI316PnfGIkfgEcII9AA-00091.jpg": {"object_bounding_box": [577, 372, 63, 240], "object_presence": 1}, "P470--cannabis-vape-battery--clutter--RUOEu1br31o8BMaHlxdjAqxGI316PnfGIkfgEcII9AA-00092.jpg": {"object_bounding_box": [583, 375, 61, 238], "object_presence": 1}, "P470--cannabis-vape-battery--clutter--RUOEu1br31o8BMaHlxdjAqxGI316PnfGIkfgEcII9AA-00093.jpg": {"object_bounding_box": [583, 378, 65, 237], "object_presence": 1}, "P470--cannabis-vape-battery--clutter--RUOEu1br31o8BMaHlxdjAqxGI316PnfGIkfgEcII9AA-00094.jpg": {"object_bounding_box": [583, 384, 64, 234], "object_presence": 1}, "P470--cannabis-vape-battery--clutter--RUOEu1br31o8BMaHlxdjAqxGI316PnfGIkfgEcII9AA-00095.jpg": {"object_bounding_box": [582, 393, 63, 235], "object_presence": 1}, "P470--cannabis-vape-battery--clutter--RUOEu1br31o8BMaHlxdjAqxGI316PnfGIkfgEcII9AA-00096.jpg": {"object_bounding_box": [577, 401, 61, 230], "object_presence": 1}, "P470--cannabis-vape-battery--clutter--RUOEu1br31o8BMaHlxdjAqxGI316PnfGIkfgEcII9AA-00097.jpg": {"object_bounding_box": [576, 409, 61, 228], "object_presence": 1}, "P470--cannabis-vape-battery--clutter--RUOEu1br31o8BMaHlxdjAqxGI316PnfGIkfgEcII9AA-00098.jpg": {"object_bounding_box": [573, 414, 61, 226], "object_presence": 1}, "P470--cannabis-vape-battery--clutter--RUOEu1br31o8BMaHlxdjAqxGI316PnfGIkfgEcII9AA-00099.jpg": {"object_bounding_box": [567, 418, 59, 224], "object_presence": 1}, "P470--cannabis-vape-battery--clutter--RUOEu1br31o8BMaHlxdjAqxGI316PnfGIkfgEcII9AA-00100.jpg": {"object_bounding_box": [563, 418, 57, 224], "object_presence": 1}, "P470--cannabis-vape-battery--clutter--RUOEu1br31o8BMaHlxdjAqxGI316PnfGIkfgEcII9AA-00101.jpg": {"object_bounding_box": [559, 416, 57, 224], "object_presence": 1}, "P470--cannabis-vape-battery--clutter--RUOEu1br31o8BMaHlxdjAqxGI316PnfGIkfgEcII9AA-00102.jpg": {"object_bounding_box": [559, 416, 57, 224], "object_presence": 1}, "P470--cannabis-vape-battery--clutter--RUOEu1br31o8BMaHlxdjAqxGI316PnfGIkfgEcII9AA-00103.jpg": {"object_bounding_box": [558, 415, 57, 220], "object_presence": 1}, "P470--cannabis-vape-battery--clutter--RUOEu1br31o8BMaHlxdjAqxGI316PnfGIkfgEcII9AA-00104.jpg": {"object_bounding_box": [553, 416, 54, 220], "object_presence": 1}, "P470--cannabis-vape-battery--clutter--RUOEu1br31o8BMaHlxdjAqxGI316PnfGIkfgEcII9AA-00105.jpg": {"object_bounding_box": [555, 421, 54, 222], "object_presence": 1}, "P470--cannabis-vape-battery--clutter--RUOEu1br31o8BMaHlxdjAqxGI316PnfGIkfgEcII9AA-00106.jpg": {"object_bounding_box": [553, 423, 55, 220], "object_presence": 1}, "P470--cannabis-vape-battery--clutter--RUOEu1br31o8BMaHlxdjAqxGI316PnfGIkfgEcII9AA-00107.jpg": {"object_bounding_box": [553, 424, 54, 222], "object_presence": 1}, "P470--cannabis-vape-battery--clutter--RUOEu1br31o8BMaHlxdjAqxGI316PnfGIkfgEcII9AA-00108.jpg": {"object_bounding_box": [553, 426, 53, 221], "object_presence": 1}, "P470--cannabis-vape-battery--clutter--RUOEu1br31o8BMaHlxdjAqxGI316PnfGIkfgEcII9AA-00109.jpg": {"object_bounding_box": [551, 426, 49, 221], "object_presence": 1}, "P470--cannabis-vape-battery--clutter--RUOEu1br31o8BMaHlxdjAqxGI316PnfGIkfgEcII9AA-00110.jpg": {"object_bounding_box": [550, 426, 52, 221], "object_presence": 1}, "P470--cannabis-vape-battery--clutter--RUOEu1br31o8BMaHlxdjAqxGI316PnfGIkfgEcII9AA-00111.jpg": {"object_bounding_box": [549, 422, 51, 218], "object_presence": 1}, "P470--cannabis-vape-battery--clutter--RUOEu1br31o8BMaHlxdjAqxGI316PnfGIkfgEcII9AA-00112.jpg": {"object_bounding_box": [549, 421, 49, 217], "object_presence": 1}, "P470--cannabis-vape-battery--clutter--RUOEu1br31o8BMaHlxdjAqxGI316PnfGIkfgEcII9AA-00113.jpg": {"object_bounding_box": [549, 422, 49, 215], "object_presence": 1}, "P470--cannabis-vape-battery--clutter--RUOEu1br31o8BMaHlxdjAqxGI316PnfGIkfgEcII9AA-00114.jpg": {"object_bounding_box": [551, 420, 49, 217], "object_presence": 1}, "P470--cannabis-vape-battery--clutter--RUOEu1br31o8BMaHlxdjAqxGI316PnfGIkfgEcII9AA-00115.jpg": {"object_bounding_box": [550, 423, 51, 215], "object_presence": 1}, "P470--cannabis-vape-battery--clutter--RUOEu1br31o8BMaHlxdjAqxGI316PnfGIkfgEcII9AA-00116.jpg": {"object_bounding_box": [550, 423, 51, 215], "object_presence": 1}, "P470--cannabis-vape-battery--clutter--RUOEu1br31o8BMaHlxdjAqxGI316PnfGIkfgEcII9AA-00117.jpg": {"object_bounding_box": [552, 430, 48, 216], "object_presence": 1}, "P470--cannabis-vape-battery--clutter--RUOEu1br31o8BMaHlxdjAqxGI316PnfGIkfgEcII9AA-00118.jpg": {"object_bounding_box": [550, 435, 48, 215], "object_presence": 1}, "P470--cannabis-vape-battery--clutter--RUOEu1br31o8BMaHlxdjAqxGI316PnfGIkfgEcII9AA-00119.jpg": {"object_bounding_box": [546, 440, 49, 212], "object_presence": 1}, "P470--cannabis-vape-battery--clutter--RUOEu1br31o8BMaHlxdjAqxGI316PnfGIkfgEcII9AA-00120.jpg": {"object_bounding_box": [544, 441, 51, 214], "object_presence": 1}, "P470--cannabis-vape-battery--clutter--RUOEu1br31o8BMaHlxdjAqxGI316PnfGIkfgEcII9AA-00121.jpg": {"object_bounding_box": [542, 443, 51, 217], "object_presence": 1}, "P470--cannabis-vape-battery--clutter--RUOEu1br31o8BMaHlxdjAqxGI316PnfGIkfgEcII9AA-00122.jpg": {"object_bounding_box": [542, 446, 51, 211], "object_presence": 1}, "P470--cannabis-vape-battery--clutter--RUOEu1br31o8BMaHlxdjAqxGI316PnfGIkfgEcII9AA-00123.jpg": {"object_bounding_box": [542, 448, 49, 216], "object_presence": 1}, "P470--cannabis-vape-battery--clutter--RUOEu1br31o8BMaHlxdjAqxGI316PnfGIkfgEcII9AA-00124.jpg": {"object_bounding_box": [545, 453, 51, 217], "object_presence": 1}, "P470--cannabis-vape-battery--clutter--RUOEu1br31o8BMaHlxdjAqxGI316PnfGIkfgEcII9AA-00125.jpg": {"object_bounding_box": [548, 459, 48, 213], "object_presence": 1}, "P470--cannabis-vape-battery--clutter--RUOEu1br31o8BMaHlxdjAqxGI316PnfGIkfgEcII9AA-00126.jpg": {"object_bounding_box": [562, 464, 49, 216], "object_presence": 1}, "P470--cannabis-vape-battery--clutter--RUOEu1br31o8BMaHlxdjAqxGI316PnfGIkfgEcII9AA-00127.jpg": {"object_bounding_box": [571, 474, 53, 216], "object_presence": 1}, "P470--cannabis-vape-battery--clutter--RUOEu1br31o8BMaHlxdjAqxGI316PnfGIkfgEcII9AA-00128.jpg": {"object_bounding_box": [575, 481, 54, 214], "object_presence": 1}, "P470--cannabis-vape-battery--clutter--RUOEu1br31o8BMaHlxdjAqxGI316PnfGIkfgEcII9AA-00129.jpg": {"object_bounding_box": [569, 485, 53, 212], "object_presence": 1}, "P470--cannabis-vape-battery--clutter--RUOEu1br31o8BMaHlxdjAqxGI316PnfGIkfgEcII9AA-00130.jpg": {"object_bounding_box": [567, 486, 56, 212], "object_presence": 1}, "P470--cannabis-vape-battery--clutter--RUOEu1br31o8BMaHlxdjAqxGI316PnfGIkfgEcII9AA-00131.jpg": {"object_bounding_box": [567, 483, 53, 212], "object_presence": 1}, "P470--cannabis-vape-battery--clutter--RUOEu1br31o8BMaHlxdjAqxGI316PnfGIkfgEcII9AA-00132.jpg": {"object_bounding_box": [568, 482, 55, 216], "object_presence": 1}, "P470--cannabis-vape-battery--clutter--RUOEu1br31o8BMaHlxdjAqxGI316PnfGIkfgEcII9AA-00133.jpg": {"object_bounding_box": [567, 477, 52, 213], "object_presence": 1}, "P470--cannabis-vape-battery--clutter--RUOEu1br31o8BMaHlxdjAqxGI316PnfGIkfgEcII9AA-00134.jpg": {"object_bounding_box": [567, 474, 52, 213], "object_presence": 1}, "P470--cannabis-vape-battery--clutter--RUOEu1br31o8BMaHlxdjAqxGI316PnfGIkfgEcII9AA-00135.jpg": {"object_bounding_box": [566, 472, 50, 213], "object_presence": 1}, "P470--cannabis-vape-battery--clutter--RUOEu1br31o8BMaHlxdjAqxGI316PnfGIkfgEcII9AA-00136.jpg": {"object_bounding_box": [565, 465, 48, 213], "object_presence": 1}, "P470--cannabis-vape-battery--clutter--RUOEu1br31o8BMaHlxdjAqxGI316PnfGIkfgEcII9AA-00137.jpg": {"object_bounding_box": [566, 464, 49, 213], "object_presence": 1}, "P470--cannabis-vape-battery--clutter--RUOEu1br31o8BMaHlxdjAqxGI316PnfGIkfgEcII9AA-00138.jpg": {"object_bounding_box": [566, 463, 49, 211], "object_presence": 1}, "P470--cannabis-vape-battery--clutter--RUOEu1br31o8BMaHlxdjAqxGI316PnfGIkfgEcII9AA-00139.jpg": {"object_bounding_box": [568, 453, 51, 213], "object_presence": 1}, "P470--cannabis-vape-battery--clutter--RUOEu1br31o8BMaHlxdjAqxGI316PnfGIkfgEcII9AA-00140.jpg": {"object_bounding_box": [567, 446, 47, 213], "object_presence": 1}, "P470--cannabis-vape-battery--clutter--RUOEu1br31o8BMaHlxdjAqxGI316PnfGIkfgEcII9AA-00141.jpg": {"object_bounding_box": [563, 440, 44, 213], "object_presence": 1}, "P470--cannabis-vape-battery--clutter--RUOEu1br31o8BMaHlxdjAqxGI316PnfGIkfgEcII9AA-00142.jpg": {"object_bounding_box": [562, 436, 49, 213], "object_presence": 1}, "P470--cannabis-vape-battery--clutter--RUOEu1br31o8BMaHlxdjAqxGI316PnfGIkfgEcII9AA-00143.jpg": {"object_bounding_box": [562, 436, 49, 213], "object_presence": 1}, "P470--cannabis-vape-battery--clutter--RUOEu1br31o8BMaHlxdjAqxGI316PnfGIkfgEcII9AA-00144.jpg": {"object_bounding_box": [564, 440, 44, 208], "object_presence": 1}, "P470--cannabis-vape-battery--clutter--RUOEu1br31o8BMaHlxdjAqxGI316PnfGIkfgEcII9AA-00145.jpg": {"object_bounding_box": [567, 445, 44, 208], "object_presence": 1}, "P470--cannabis-vape-battery--clutter--RUOEu1br31o8BMaHlxdjAqxGI316PnfGIkfgEcII9AA-00146.jpg": {"object_bounding_box": [564, 446, 46, 206], "object_presence": 1}, "P470--cannabis-vape-battery--clutter--RUOEu1br31o8BMaHlxdjAqxGI316PnfGIkfgEcII9AA-00147.jpg": {"object_bounding_box": [564, 449, 46, 207], "object_presence": 1}, "P470--cannabis-vape-battery--clutter--RUOEu1br31o8BMaHlxdjAqxGI316PnfGIkfgEcII9AA-00148.jpg": {"object_bounding_box": [563, 453, 46, 208], "object_presence": 1}, "P470--cannabis-vape-battery--clutter--RUOEu1br31o8BMaHlxdjAqxGI316PnfGIkfgEcII9AA-00149.jpg": {"object_bounding_box": [561, 456, 46, 208], "object_presence": 1}, "P470--cannabis-vape-battery--clutter--RUOEu1br31o8BMaHlxdjAqxGI316PnfGIkfgEcII9AA-00150.jpg": {"object_bounding_box": [560, 458, 43, 208], "object_presence": 1}, "P470--cannabis-vape-battery--clutter--RUOEu1br31o8BMaHlxdjAqxGI316PnfGIkfgEcII9AA-00151.jpg": {"object_bounding_box": [560, 463, 45, 208], "object_presence": 1}, "P470--cannabis-vape-battery--clutter--RUOEu1br31o8BMaHlxdjAqxGI316PnfGIkfgEcII9AA-00152.jpg": {"object_bounding_box": [559, 466, 45, 208], "object_presence": 1}, "P470--cannabis-vape-battery--clutter--RUOEu1br31o8BMaHlxdjAqxGI316PnfGIkfgEcII9AA-00153.jpg": {"object_bounding_box": [561, 471, 45, 204], "object_presence": 1}, "P470--cannabis-vape-battery--clutter--RUOEu1br31o8BMaHlxdjAqxGI316PnfGIkfgEcII9AA-00154.jpg": {"object_bounding_box": [563, 474, 43, 202], "object_presence": 1}, "P470--cannabis-vape-battery--clutter--RUOEu1br31o8BMaHlxdjAqxGI316PnfGIkfgEcII9AA-00155.jpg": {"object_bounding_box": [561, 474, 43, 202], "object_presence": 1}, "P470--cannabis-vape-battery--clutter--RUOEu1br31o8BMaHlxdjAqxGI316PnfGIkfgEcII9AA-00156.jpg": {"object_bounding_box": [558, 471, 44, 202], "object_presence": 1}, "P470--cannabis-vape-battery--clutter--RUOEu1br31o8BMaHlxdjAqxGI316PnfGIkfgEcII9AA-00157.jpg": {"object_bounding_box": [558, 469, 43, 200], "object_presence": 1}, "P470--cannabis-vape-battery--clutter--RUOEu1br31o8BMaHlxdjAqxGI316PnfGIkfgEcII9AA-00158.jpg": {"object_bounding_box": [557, 468, 44, 199], "object_presence": 1}, "P470--cannabis-vape-battery--clutter--RUOEu1br31o8BMaHlxdjAqxGI316PnfGIkfgEcII9AA-00159.jpg": {"object_bounding_box": [555, 461, 44, 199], "object_presence": 1}, "P470--cannabis-vape-battery--clutter--RUOEu1br31o8BMaHlxdjAqxGI316PnfGIkfgEcII9AA-00160.jpg": {"object_bounding_box": [555, 454, 44, 199], "object_presence": 1}, "P470--cannabis-vape-battery--clutter--RUOEu1br31o8BMaHlxdjAqxGI316PnfGIkfgEcII9AA-00161.jpg": {"object_bounding_box": [554, 452, 44, 199], "object_presence": 1}, "P470--cannabis-vape-battery--clutter--RUOEu1br31o8BMaHlxdjAqxGI316PnfGIkfgEcII9AA-00162.jpg": {"object_bounding_box": [558, 448, 44, 199], "object_presence": 1}, "P470--cannabis-vape-battery--clutter--RUOEu1br31o8BMaHlxdjAqxGI316PnfGIkfgEcII9AA-00163.jpg": {"object_bounding_box": [559, 445, 43, 199], "object_presence": 1}, "P470--cannabis-vape-battery--clutter--RUOEu1br31o8BMaHlxdjAqxGI316PnfGIkfgEcII9AA-00164.jpg": {"object_bounding_box": [560, 444, 43, 199], "object_presence": 1}, "P470--cannabis-vape-battery--clutter--RUOEu1br31o8BMaHlxdjAqxGI316PnfGIkfgEcII9AA-00165.jpg": {"object_bounding_box": [560, 442, 43, 199], "object_presence": 1}, "P470--cannabis-vape-battery--clutter--RUOEu1br31o8BMaHlxdjAqxGI316PnfGIkfgEcII9AA-00166.jpg": {"object_bounding_box": [560, 441, 43, 199], "object_presence": 1}, "P470--cannabis-vape-battery--clutter--RUOEu1br31o8BMaHlxdjAqxGI316PnfGIkfgEcII9AA-00167.jpg": {"object_bounding_box": [559, 439, 43, 199], "object_presence": 1}, "P470--cannabis-vape-battery--clutter--RUOEu1br31o8BMaHlxdjAqxGI316PnfGIkfgEcII9AA-00168.jpg": {"object_bounding_box": [558, 437, 43, 199], "object_presence": 1}, "P470--cannabis-vape-battery--clutter--RUOEu1br31o8BMaHlxdjAqxGI316PnfGIkfgEcII9AA-00169.jpg": {"object_bounding_box": [553, 436, 43, 199], "object_presence": 1}, "P470--cannabis-vape-battery--clutter--RUOEu1br31o8BMaHlxdjAqxGI316PnfGIkfgEcII9AA-00170.jpg": {"object_bounding_box": [552, 437, 43, 199], "object_presence": 1}, "P470--cannabis-vape-battery--clutter--RUOEu1br31o8BMaHlxdjAqxGI316PnfGIkfgEcII9AA-00171.jpg": {"object_bounding_box": [550, 437, 42, 199], "object_presence": 1}, "P470--cannabis-vape-battery--clutter--RUOEu1br31o8BMaHlxdjAqxGI316PnfGIkfgEcII9AA-00172.jpg": {"object_bounding_box": [549, 436, 43, 199], "object_presence": 1}, "P470--cannabis-vape-battery--clutter--RUOEu1br31o8BMaHlxdjAqxGI316PnfGIkfgEcII9AA-00173.jpg": {"object_bounding_box": [545, 431, 43, 199], "object_presence": 1}, "P470--cannabis-vape-battery--clutter--RUOEu1br31o8BMaHlxdjAqxGI316PnfGIkfgEcII9AA-00174.jpg": {"object_bounding_box": [538, 431, 41, 199], "object_presence": 1}, "P470--cannabis-vape-battery--clutter--RUOEu1br31o8BMaHlxdjAqxGI316PnfGIkfgEcII9AA-00175.jpg": {"object_bounding_box": [536, 425, 41, 199], "object_presence": 1}, "P470--cannabis-vape-battery--clutter--RUOEu1br31o8BMaHlxdjAqxGI316PnfGIkfgEcII9AA-00176.jpg": {"object_bounding_box": [536, 425, 41, 199], "object_presence": 1}, "P470--cannabis-vape-battery--clutter--RUOEu1br31o8BMaHlxdjAqxGI316PnfGIkfgEcII9AA-00177.jpg": {"object_bounding_box": [540, 431, 40, 196], "object_presence": 1}, "P470--cannabis-vape-battery--clutter--RUOEu1br31o8BMaHlxdjAqxGI316PnfGIkfgEcII9AA-00178.jpg": {"object_bounding_box": [542, 432, 41, 193], "object_presence": 1}, "P470--cannabis-vape-battery--clutter--RUOEu1br31o8BMaHlxdjAqxGI316PnfGIkfgEcII9AA-00179.jpg": {"object_bounding_box": [542, 432, 41, 195], "object_presence": 1}, "P470--cannabis-vape-battery--clutter--RUOEu1br31o8BMaHlxdjAqxGI316PnfGIkfgEcII9AA-00180.jpg": {"object_bounding_box": [541, 430, 42, 196], "object_presence": 1}, "P470--cannabis-vape-battery--clutter--RUOEu1br31o8BMaHlxdjAqxGI316PnfGIkfgEcII9AA-00181.jpg": {"object_bounding_box": [541, 428, 42, 194], "object_presence": 1}, "P470--cannabis-vape-battery--clutter--RUOEu1br31o8BMaHlxdjAqxGI316PnfGIkfgEcII9AA-00182.jpg": {"object_bounding_box": [541, 427, 39, 194], "object_presence": 1}, "P470--cannabis-vape-battery--clutter--RUOEu1br31o8BMaHlxdjAqxGI316PnfGIkfgEcII9AA-00183.jpg": {"object_bounding_box": [544, 427, 40, 194], "object_presence": 1}, "P470--cannabis-vape-battery--clutter--RUOEu1br31o8BMaHlxdjAqxGI316PnfGIkfgEcII9AA-00184.jpg": {"object_bounding_box": [549, 426, 41, 196], "object_presence": 1}, "P470--cannabis-vape-battery--clutter--RUOEu1br31o8BMaHlxdjAqxGI316PnfGIkfgEcII9AA-00185.jpg": {"object_bounding_box": [551, 420, 40, 195], "object_presence": 1}, "P470--cannabis-vape-battery--clutter--RUOEu1br31o8BMaHlxdjAqxGI316PnfGIkfgEcII9AA-00186.jpg": {"object_bounding_box": [548, 413, 40, 194], "object_presence": 1}, "P470--cannabis-vape-battery--clutter--RUOEu1br31o8BMaHlxdjAqxGI316PnfGIkfgEcII9AA-00187.jpg": {"object_bounding_box": [544, 409, 41, 194], "object_presence": 1}, "P470--cannabis-vape-battery--clutter--RUOEu1br31o8BMaHlxdjAqxGI316PnfGIkfgEcII9AA-00188.jpg": {"object_bounding_box": [542, 405, 42, 195], "object_presence": 1}, "P470--cannabis-vape-battery--clutter--RUOEu1br31o8BMaHlxdjAqxGI316PnfGIkfgEcII9AA-00189.jpg": {"object_bounding_box": [541, 399, 42, 197], "object_presence": 1}, "P470--cannabis-vape-battery--clutter--RUOEu1br31o8BMaHlxdjAqxGI316PnfGIkfgEcII9AA-00190.jpg": {"object_bounding_box": [544, 399, 42, 197], "object_presence": 1}, "P470--cannabis-vape-battery--clutter--RUOEu1br31o8BMaHlxdjAqxGI316PnfGIkfgEcII9AA-00191.jpg": {"object_bounding_box": [545, 399, 44, 197], "object_presence": 1}, "P470--cannabis-vape-battery--clutter--RUOEu1br31o8BMaHlxdjAqxGI316PnfGIkfgEcII9AA-00192.jpg": {"object_bounding_box": [548, 397, 44, 197], "object_presence": 1}, "P470--cannabis-vape-battery--clutter--RUOEu1br31o8BMaHlxdjAqxGI316PnfGIkfgEcII9AA-00193.jpg": {"object_bounding_box": [549, 397, 44, 197], "object_presence": 1}, "P470--cannabis-vape-battery--clutter--RUOEu1br31o8BMaHlxdjAqxGI316PnfGIkfgEcII9AA-00194.jpg": {"object_bounding_box": [549, 397, 44, 197], "object_presence": 1}, "P470--cannabis-vape-battery--clutter--RUOEu1br31o8BMaHlxdjAqxGI316PnfGIkfgEcII9AA-00195.jpg": {"object_bounding_box": [549, 397, 44, 197], "object_presence": 1}, "P470--cannabis-vape-battery--clutter--RUOEu1br31o8BMaHlxdjAqxGI316PnfGIkfgEcII9AA-00196.jpg": {"object_bounding_box": [549, 397, 44, 197], "object_presence": 1}, "P470--cannabis-vape-battery--clutter--RUOEu1br31o8BMaHlxdjAqxGI316PnfGIkfgEcII9AA-00197.jpg": {"object_bounding_box": [549, 397, 44, 197], "object_presence": 1}, "P470--cannabis-vape-battery--clutter--RUOEu1br31o8BMaHlxdjAqxGI316PnfGIkfgEcII9AA-00198.jpg": {"object_bounding_box": [547, 397, 41, 197], "object_presence": 1}, "P470--cannabis-vape-battery--clutter--RUOEu1br31o8BMaHlxdjAqxGI316PnfGIkfgEcII9AA-00199.jpg": {"object_bounding_box": [541, 395, 42, 197], "object_presence": 1}, "P470--cannabis-vape-battery--clutter--RUOEu1br31o8BMaHlxdjAqxGI316PnfGIkfgEcII9AA-00200.jpg": {"object_bounding_box": [536, 394, 42, 197], "object_presence": 1}, "P470--cannabis-vape-battery--clutter--RUOEu1br31o8BMaHlxdjAqxGI316PnfGIkfgEcII9AA-00201.jpg": {"object_bounding_box": [530, 394, 40, 197], "object_presence": 1}, "P470--cannabis-vape-battery--clutter--RUOEu1br31o8BMaHlxdjAqxGI316PnfGIkfgEcII9AA-00202.jpg": {"object_bounding_box": [529, 394, 38, 197], "object_presence": 1}, "P470--cannabis-vape-battery--clutter--RUOEu1br31o8BMaHlxdjAqxGI316PnfGIkfgEcII9AA-00203.jpg": {"object_bounding_box": [528, 395, 40, 199], "object_presence": 1}, "P470--cannabis-vape-battery--clutter--RUOEu1br31o8BMaHlxdjAqxGI316PnfGIkfgEcII9AA-00204.jpg": {"object_bounding_box": [525, 394, 39, 200], "object_presence": 1}, "P470--cannabis-vape-battery--clutter--RUOEu1br31o8BMaHlxdjAqxGI316PnfGIkfgEcII9AA-00205.jpg": {"object_bounding_box": [523, 392, 37, 200], "object_presence": 1}, "P470--cannabis-vape-battery--clutter--RUOEu1br31o8BMaHlxdjAqxGI316PnfGIkfgEcII9AA-00206.jpg": {"object_bounding_box": [520, 392, 38, 200], "object_presence": 1}, "P470--cannabis-vape-battery--clutter--RUOEu1br31o8BMaHlxdjAqxGI316PnfGIkfgEcII9AA-00207.jpg": {"object_bounding_box": [518, 390, 37, 195], "object_presence": 1}, "P470--cannabis-vape-battery--clutter--RUOEu1br31o8BMaHlxdjAqxGI316PnfGIkfgEcII9AA-00208.jpg": {"object_bounding_box": [517, 390, 36, 195], "object_presence": 1}, "P470--cannabis-vape-battery--clutter--RUOEu1br31o8BMaHlxdjAqxGI316PnfGIkfgEcII9AA-00209.jpg": {"object_bounding_box": [514, 390, 39, 198], "object_presence": 1}, "P470--cannabis-vape-battery--clutter--RUOEu1br31o8BMaHlxdjAqxGI316PnfGIkfgEcII9AA-00210.jpg": {"object_bounding_box": [513, 390, 38, 198], "object_presence": 1}, "P470--cannabis-vape-battery--clutter--RUOEu1br31o8BMaHlxdjAqxGI316PnfGIkfgEcII9AA-00211.jpg": {"object_bounding_box": [512, 388, 38, 201], "object_presence": 1}, "P470--cannabis-vape-battery--clutter--RUOEu1br31o8BMaHlxdjAqxGI316PnfGIkfgEcII9AA-00212.jpg": {"object_bounding_box": [512, 388, 38, 201], "object_presence": 1}, "P470--cannabis-vape-battery--clutter--RUOEu1br31o8BMaHlxdjAqxGI316PnfGIkfgEcII9AA-00213.jpg": {"object_bounding_box": [511, 388, 36, 201], "object_presence": 1}, "P470--cannabis-vape-battery--clutter--RUOEu1br31o8BMaHlxdjAqxGI316PnfGIkfgEcII9AA-00214.jpg": {"object_bounding_box": [508, 389, 38, 201], "object_presence": 1}, "P470--cannabis-vape-battery--clutter--RUOEu1br31o8BMaHlxdjAqxGI316PnfGIkfgEcII9AA-00215.jpg": {"object_bounding_box": [507, 388, 35, 203], "object_presence": 1}, "P470--cannabis-vape-battery--clutter--RUOEu1br31o8BMaHlxdjAqxGI316PnfGIkfgEcII9AA-00216.jpg": {"object_bounding_box": [504, 388, 36, 201], "object_presence": 1}, "P470--cannabis-vape-battery--clutter--RUOEu1br31o8BMaHlxdjAqxGI316PnfGIkfgEcII9AA-00217.jpg": {"object_bounding_box": [504, 390, 35, 198], "object_presence": 1}, "P470--cannabis-vape-battery--clutter--RUOEu1br31o8BMaHlxdjAqxGI316PnfGIkfgEcII9AA-00218.jpg": {"object_bounding_box": [503, 392, 35, 200], "object_presence": 1}, "P470--cannabis-vape-battery--clutter--RUOEu1br31o8BMaHlxdjAqxGI316PnfGIkfgEcII9AA-00219.jpg": {"object_bounding_box": [504, 394, 35, 195], "object_presence": 1}, "P470--cannabis-vape-battery--clutter--RUOEu1br31o8BMaHlxdjAqxGI316PnfGIkfgEcII9AA-00220.jpg": {"object_bounding_box": [504, 398, 36, 198], "object_presence": 1}, "P470--cannabis-vape-battery--clutter--RUOEu1br31o8BMaHlxdjAqxGI316PnfGIkfgEcII9AA-00221.jpg": {"object_bounding_box": [504, 400, 36, 200], "object_presence": 1}, "P470--cannabis-vape-battery--clutter--RUOEu1br31o8BMaHlxdjAqxGI316PnfGIkfgEcII9AA-00222.jpg": {"object_bounding_box": [503, 403, 36, 198], "object_presence": 1}, "P470--cannabis-vape-battery--clutter--RUOEu1br31o8BMaHlxdjAqxGI316PnfGIkfgEcII9AA-00223.jpg": {"object_bounding_box": [502, 406, 37, 198], "object_presence": 1}, "P470--cannabis-vape-battery--clutter--RUOEu1br31o8BMaHlxdjAqxGI316PnfGIkfgEcII9AA-00224.jpg": {"object_bounding_box": [501, 408, 35, 195], "object_presence": 1}, "P470--cannabis-vape-battery--clutter--RUOEu1br31o8BMaHlxdjAqxGI316PnfGIkfgEcII9AA-00225.jpg": {"object_bounding_box": [501, 411, 36, 198], "object_presence": 1}, "P470--cannabis-vape-battery--clutter--RUOEu1br31o8BMaHlxdjAqxGI316PnfGIkfgEcII9AA-00226.jpg": {"object_bounding_box": [502, 412, 39, 197], "object_presence": 1}, "P470--cannabis-vape-battery--clutter--RUOEu1br31o8BMaHlxdjAqxGI316PnfGIkfgEcII9AA-00227.jpg": {"object_bounding_box": [502, 413, 37, 198], "object_presence": 1}, "P470--cannabis-vape-battery--clutter--RUOEu1br31o8BMaHlxdjAqxGI316PnfGIkfgEcII9AA-00228.jpg": {"object_bounding_box": [503, 416, 36, 196], "object_presence": 1}, "P470--cannabis-vape-battery--clutter--RUOEu1br31o8BMaHlxdjAqxGI316PnfGIkfgEcII9AA-00229.jpg": {"object_bounding_box": [505, 418, 35, 196], "object_presence": 1}, "P470--cannabis-vape-battery--clutter--RUOEu1br31o8BMaHlxdjAqxGI316PnfGIkfgEcII9AA-00230.jpg": {"object_bounding_box": [505, 416, 37, 199], "object_presence": 1}, "P470--cannabis-vape-battery--clutter--RUOEu1br31o8BMaHlxdjAqxGI316PnfGIkfgEcII9AA-00231.jpg": {"object_bounding_box": [508, 415, 35, 198], "object_presence": 1}, "P470--cannabis-vape-battery--clutter--RUOEu1br31o8BMaHlxdjAqxGI316PnfGIkfgEcII9AA-00232.jpg": {"object_bounding_box": [508, 415, 35, 198], "object_presence": 1}, "P470--cannabis-vape-battery--clutter--RUOEu1br31o8BMaHlxdjAqxGI316PnfGIkfgEcII9AA-00233.jpg": {"object_bounding_box": [507, 416, 35, 197], "object_presence": 1}, "P470--cannabis-vape-battery--clutter--RUOEu1br31o8BMaHlxdjAqxGI316PnfGIkfgEcII9AA-00234.jpg": {"object_bounding_box": [507, 416, 35, 197], "object_presence": 1}, "P470--cannabis-vape-battery--clutter--RUOEu1br31o8BMaHlxdjAqxGI316PnfGIkfgEcII9AA-00235.jpg": {"object_bounding_box": [504, 414, 35, 198], "object_presence": 1}, "P470--cannabis-vape-battery--clutter--RUOEu1br31o8BMaHlxdjAqxGI316PnfGIkfgEcII9AA-00236.jpg": {"object_bounding_box": [502, 413, 37, 195], "object_presence": 1}, "P470--cannabis-vape-battery--clutter--RUOEu1br31o8BMaHlxdjAqxGI316PnfGIkfgEcII9AA-00237.jpg": {"object_bounding_box": [499, 413, 36, 198], "object_presence": 1}, "P470--cannabis-vape-battery--clutter--RUOEu1br31o8BMaHlxdjAqxGI316PnfGIkfgEcII9AA-00238.jpg": {"object_bounding_box": [497, 413, 37, 195], "object_presence": 1}, "P470--cannabis-vape-battery--clutter--RUOEu1br31o8BMaHlxdjAqxGI316PnfGIkfgEcII9AA-00239.jpg": {"object_bounding_box": [497, 413, 37, 195], "object_presence": 1}, "P470--cannabis-vape-battery--clutter--RUOEu1br31o8BMaHlxdjAqxGI316PnfGIkfgEcII9AA-00240.jpg": {"object_bounding_box": [497, 413, 37, 195], "object_presence": 1}, "P470--cannabis-vape-battery--clutter--RUOEu1br31o8BMaHlxdjAqxGI316PnfGIkfgEcII9AA-00241.jpg": {"object_bounding_box": [491, 410, 34, 196], "object_presence": 1}, "P470--cannabis-vape-battery--clutter--RUOEu1br31o8BMaHlxdjAqxGI316PnfGIkfgEcII9AA-00242.jpg": {"object_bounding_box": [482, 404, 34, 196], "object_presence": 1}, "P470--cannabis-vape-battery--clutter--RUOEu1br31o8BMaHlxdjAqxGI316PnfGIkfgEcII9AA-00243.jpg": {"object_bounding_box": [481, 404, 36, 197], "object_presence": 1}, "P470--cannabis-vape-battery--clutter--RUOEu1br31o8BMaHlxdjAqxGI316PnfGIkfgEcII9AA-00244.jpg": {"object_bounding_box": [481, 404, 36, 197], "object_presence": 1}, "P470--cannabis-vape-battery--clutter--RUOEu1br31o8BMaHlxdjAqxGI316PnfGIkfgEcII9AA-00245.jpg": {"object_bounding_box": [482, 410, 36, 197], "object_presence": 1}, "P470--cannabis-vape-battery--clutter--RUOEu1br31o8BMaHlxdjAqxGI316PnfGIkfgEcII9AA-00246.jpg": {"object_bounding_box": [483, 412, 36, 197], "object_presence": 1}, "P470--cannabis-vape-battery--clutter--RUOEu1br31o8BMaHlxdjAqxGI316PnfGIkfgEcII9AA-00247.jpg": {"object_bounding_box": [483, 414, 35, 197], "object_presence": 1}, "P470--cannabis-vape-battery--clutter--RUOEu1br31o8BMaHlxdjAqxGI316PnfGIkfgEcII9AA-00248.jpg": {"object_bounding_box": [482, 415, 34, 196], "object_presence": 1}, "P470--cannabis-vape-battery--clutter--RUOEu1br31o8BMaHlxdjAqxGI316PnfGIkfgEcII9AA-00249.jpg": {"object_bounding_box": [482, 415, 34, 196], "object_presence": 1}, "P470--cannabis-vape-battery--clutter--RUOEu1br31o8BMaHlxdjAqxGI316PnfGIkfgEcII9AA-00250.jpg": {"object_bounding_box": [483, 419, 35, 197], "object_presence": 1}, "P470--cannabis-vape-battery--clutter--RUOEu1br31o8BMaHlxdjAqxGI316PnfGIkfgEcII9AA-00251.jpg": {"object_bounding_box": [483, 419, 35, 197], "object_presence": 1}, "P470--cannabis-vape-battery--clutter--RUOEu1br31o8BMaHlxdjAqxGI316PnfGIkfgEcII9AA-00252.jpg": {"object_bounding_box": [484, 421, 35, 195], "object_presence": 1}, "P470--cannabis-vape-battery--clutter--RUOEu1br31o8BMaHlxdjAqxGI316PnfGIkfgEcII9AA-00253.jpg": {"object_bounding_box": [484, 414, 35, 192], "object_presence": 1}, "P470--cannabis-vape-battery--clutter--RUOEu1br31o8BMaHlxdjAqxGI316PnfGIkfgEcII9AA-00254.jpg": {"object_bounding_box": [484, 414, 35, 192], "object_presence": 1}, "P470--cannabis-vape-battery--clutter--RUOEu1br31o8BMaHlxdjAqxGI316PnfGIkfgEcII9AA-00255.jpg": {"object_bounding_box": [488, 424, 35, 197], "object_presence": 1}, "P470--cannabis-vape-battery--clutter--RUOEu1br31o8BMaHlxdjAqxGI316PnfGIkfgEcII9AA-00256.jpg": {"object_bounding_box": [488, 422, 35, 197], "object_presence": 1}, "P470--cannabis-vape-battery--clutter--RUOEu1br31o8BMaHlxdjAqxGI316PnfGIkfgEcII9AA-00257.jpg": {"object_bounding_box": [491, 421, 35, 197], "object_presence": 1}, "P470--cannabis-vape-battery--clutter--RUOEu1br31o8BMaHlxdjAqxGI316PnfGIkfgEcII9AA-00258.jpg": {"object_bounding_box": [494, 418, 35, 196], "object_presence": 1}, "P470--cannabis-vape-battery--clutter--RUOEu1br31o8BMaHlxdjAqxGI316PnfGIkfgEcII9AA-00259.jpg": {"object_bounding_box": [497, 419, 35, 195], "object_presence": 1}, "P470--cannabis-vape-battery--clutter--RUOEu1br31o8BMaHlxdjAqxGI316PnfGIkfgEcII9AA-00260.jpg": {"object_bounding_box": [498, 419, 34, 196], "object_presence": 1}, "P470--cannabis-vape-battery--clutter--RUOEu1br31o8BMaHlxdjAqxGI316PnfGIkfgEcII9AA-00261.jpg": {"object_bounding_box": [497, 417, 34, 195], "object_presence": 1}, "P470--cannabis-vape-battery--clutter--RUOEu1br31o8BMaHlxdjAqxGI316PnfGIkfgEcII9AA-00262.jpg": {"object_bounding_box": [497, 417, 34, 195], "object_presence": 1}, "P470--cannabis-vape-battery--clutter--RUOEu1br31o8BMaHlxdjAqxGI316PnfGIkfgEcII9AA-00263.jpg": {"object_bounding_box": [497, 419, 34, 195], "object_presence": 1}, "P470--cannabis-vape-battery--clutter--RUOEu1br31o8BMaHlxdjAqxGI316PnfGIkfgEcII9AA-00264.jpg": {"object_bounding_box": [498, 420, 34, 195], "object_presence": 1}, "P470--cannabis-vape-battery--clutter--RUOEu1br31o8BMaHlxdjAqxGI316PnfGIkfgEcII9AA-00265.jpg": {"object_bounding_box": [498, 421, 35, 195], "object_presence": 1}, "P470--cannabis-vape-battery--clutter--RUOEu1br31o8BMaHlxdjAqxGI316PnfGIkfgEcII9AA-00266.jpg": {"object_bounding_box": [499, 420, 34, 195], "object_presence": 1}, "P470--cannabis-vape-battery--clutter--RUOEu1br31o8BMaHlxdjAqxGI316PnfGIkfgEcII9AA-00267.jpg": {"object_bounding_box": [500, 420, 34, 195], "object_presence": 1}, "P470--cannabis-vape-battery--clutter--RUOEu1br31o8BMaHlxdjAqxGI316PnfGIkfgEcII9AA-00268.jpg": {"object_bounding_box": [500, 420, 34, 195], "object_presence": 1}, "P470--cannabis-vape-battery--clutter--RUOEu1br31o8BMaHlxdjAqxGI316PnfGIkfgEcII9AA-00269.jpg": {"object_bounding_box": [498, 419, 35, 196], "object_presence": 1}, "P470--cannabis-vape-battery--clutter--RUOEu1br31o8BMaHlxdjAqxGI316PnfGIkfgEcII9AA-00270.jpg": {"object_bounding_box": [498, 419, 35, 196], "object_presence": 1}, "P470--cannabis-vape-battery--clutter--RUOEu1br31o8BMaHlxdjAqxGI316PnfGIkfgEcII9AA-00271.jpg": {"object_bounding_box": [498, 419, 35, 196], "object_presence": 1}, "P470--cannabis-vape-battery--clutter--RUOEu1br31o8BMaHlxdjAqxGI316PnfGIkfgEcII9AA-00272.jpg": {"object_bounding_box": [495, 416, 34, 196], "object_presence": 1}, "P470--cannabis-vape-battery--clutter--RUOEu1br31o8BMaHlxdjAqxGI316PnfGIkfgEcII9AA-00273.jpg": {"object_bounding_box": [494, 416, 36, 198], "object_presence": 1}, "P470--cannabis-vape-battery--clutter--RUOEu1br31o8BMaHlxdjAqxGI316PnfGIkfgEcII9AA-00274.jpg": {"object_bounding_box": [494, 416, 36, 198], "object_presence": 1}, "P470--cannabis-vape-battery--clutter--RUOEu1br31o8BMaHlxdjAqxGI316PnfGIkfgEcII9AA-00275.jpg": {"object_bounding_box": [494, 416, 36, 198], "object_presence": 1}, "P470--cannabis-vape-battery--clutter--RUOEu1br31o8BMaHlxdjAqxGI316PnfGIkfgEcII9AA-00276.jpg": {"object_bounding_box": [493, 422, 36, 194], "object_presence": 1}, "P470--cannabis-vape-battery--clutter--RUOEu1br31o8BMaHlxdjAqxGI316PnfGIkfgEcII9AA-00277.jpg": {"object_bounding_box": [495, 421, 35, 197], "object_presence": 1}, "P470--cannabis-vape-battery--clutter--RUOEu1br31o8BMaHlxdjAqxGI316PnfGIkfgEcII9AA-00278.jpg": {"object_bounding_box": [495, 421, 35, 197], "object_presence": 1}, "P470--cannabis-vape-battery--clutter--RUOEu1br31o8BMaHlxdjAqxGI316PnfGIkfgEcII9AA-00279.jpg": {"object_bounding_box": [496, 421, 33, 197], "object_presence": 1}, "P470--cannabis-vape-battery--clutter--RUOEu1br31o8BMaHlxdjAqxGI316PnfGIkfgEcII9AA-00280.jpg": {"object_bounding_box": [495, 421, 35, 197], "object_presence": 1}, "P470--cannabis-vape-battery--clutter--RUOEu1br31o8BMaHlxdjAqxGI316PnfGIkfgEcII9AA-00281.jpg": {"object_bounding_box": [495, 421, 35, 197], "object_presence": 1}, "P470--cannabis-vape-battery--clutter--RUOEu1br31o8BMaHlxdjAqxGI316PnfGIkfgEcII9AA-00282.jpg": {"object_bounding_box": [495, 421, 35, 197], "object_presence": 1}, "P470--cannabis-vape-battery--clutter--RUOEu1br31o8BMaHlxdjAqxGI316PnfGIkfgEcII9AA-00283.jpg": {"object_bounding_box": [493, 421, 38, 197], "object_presence": 1}, "P470--cannabis-vape-battery--clutter--RUOEu1br31o8BMaHlxdjAqxGI316PnfGIkfgEcII9AA-00284.jpg": {"object_bounding_box": [492, 421, 36, 197], "object_presence": 1}, "P470--cannabis-vape-battery--clutter--RUOEu1br31o8BMaHlxdjAqxGI316PnfGIkfgEcII9AA-00285.jpg": {"object_bounding_box": [490, 422, 36, 197], "object_presence": 1}, "P470--cannabis-vape-battery--clutter--RUOEu1br31o8BMaHlxdjAqxGI316PnfGIkfgEcII9AA-00286.jpg": {"object_bounding_box": [491, 423, 34, 194], "object_presence": 1}, "P470--cannabis-vape-battery--clutter--RUOEu1br31o8BMaHlxdjAqxGI316PnfGIkfgEcII9AA-00287.jpg": {"object_bounding_box": [491, 423, 34, 194], "object_presence": 1}, "P470--cannabis-vape-battery--clutter--RUOEu1br31o8BMaHlxdjAqxGI316PnfGIkfgEcII9AA-00288.jpg": {"object_bounding_box": [490, 425, 35, 196], "object_presence": 1}, "P470--cannabis-vape-battery--clutter--RUOEu1br31o8BMaHlxdjAqxGI316PnfGIkfgEcII9AA-00289.jpg": {"object_bounding_box": [490, 425, 35, 196], "object_presence": 1}, "P470--cannabis-vape-battery--clutter--RUOEu1br31o8BMaHlxdjAqxGI316PnfGIkfgEcII9AA-00290.jpg": {"object_bounding_box": [491, 428, 33, 193], "object_presence": 1}, "P470--cannabis-vape-battery--clutter--RUOEu1br31o8BMaHlxdjAqxGI316PnfGIkfgEcII9AA-00291.jpg": {"object_bounding_box": [493, 430, 33, 193], "object_presence": 1}, "P470--cannabis-vape-battery--clutter--RUOEu1br31o8BMaHlxdjAqxGI316PnfGIkfgEcII9AA-00292.jpg": {"object_bounding_box": [494, 432, 34, 194], "object_presence": 1}, "P470--cannabis-vape-battery--clutter--RUOEu1br31o8BMaHlxdjAqxGI316PnfGIkfgEcII9AA-00293.jpg": {"object_bounding_box": [494, 432, 34, 194], "object_presence": 1}, "P470--cannabis-vape-battery--clutter--RUOEu1br31o8BMaHlxdjAqxGI316PnfGIkfgEcII9AA-00294.jpg": {"object_bounding_box": [494, 432, 34, 194], "object_presence": 1}, "P470--cannabis-vape-battery--clutter--RUOEu1br31o8BMaHlxdjAqxGI316PnfGIkfgEcII9AA-00295.jpg": {"object_bounding_box": [492, 429, 34, 194], "object_presence": 1}, "P470--cannabis-vape-battery--clutter--RUOEu1br31o8BMaHlxdjAqxGI316PnfGIkfgEcII9AA-00296.jpg": {"object_bounding_box": [492, 426, 33, 193], "object_presence": 1}, "P470--cannabis-vape-battery--clutter--RUOEu1br31o8BMaHlxdjAqxGI316PnfGIkfgEcII9AA-00297.jpg": {"object_bounding_box": [492, 426, 33, 193], "object_presence": 1}, "P470--cannabis-vape-battery--clutter--RUOEu1br31o8BMaHlxdjAqxGI316PnfGIkfgEcII9AA-00298.jpg": {"object_bounding_box": [492, 426, 33, 193], "object_presence": 1}, "P470--cannabis-vape-battery--clutter--RUOEu1br31o8BMaHlxdjAqxGI316PnfGIkfgEcII9AA-00299.jpg": {"object_bounding_box": [492, 426, 33, 193], "object_presence": 1}, "P470--cannabis-vape-battery--clutter--RUOEu1br31o8BMaHlxdjAqxGI316PnfGIkfgEcII9AA-00300.jpg": {"object_bounding_box": [489, 426, 33, 193], "object_presence": 1}, "P470--cannabis-vape-battery--clutter--RUOEu1br31o8BMaHlxdjAqxGI316PnfGIkfgEcII9AA-00301.jpg": {"object_bounding_box": [489, 426, 33, 193], "object_presence": 1}, "P470--cannabis-vape-battery--clutter--RUOEu1br31o8BMaHlxdjAqxGI316PnfGIkfgEcII9AA-00302.jpg": {"object_bounding_box": [491, 428, 33, 194], "object_presence": 1}, "P470--cannabis-vape-battery--clutter--RUOEu1br31o8BMaHlxdjAqxGI316PnfGIkfgEcII9AA-00303.jpg": {"object_bounding_box": [492, 430, 33, 194], "object_presence": 1}, "P470--cannabis-vape-battery--clutter--RUOEu1br31o8BMaHlxdjAqxGI316PnfGIkfgEcII9AA-00304.jpg": {"object_bounding_box": [492, 430, 33, 196], "object_presence": 1}, "P470--cannabis-vape-battery--clutter--RUOEu1br31o8BMaHlxdjAqxGI316PnfGIkfgEcII9AA-00305.jpg": {"object_bounding_box": [492, 430, 33, 196], "object_presence": 1}, "P470--cannabis-vape-battery--clutter--RUOEu1br31o8BMaHlxdjAqxGI316PnfGIkfgEcII9AA-00306.jpg": {"object_bounding_box": [493, 429, 33, 196], "object_presence": 1}, "P470--cannabis-vape-battery--clutter--RUOEu1br31o8BMaHlxdjAqxGI316PnfGIkfgEcII9AA-00307.jpg": {"object_bounding_box": [495, 427, 34, 193], "object_presence": 1}, "P470--cannabis-vape-battery--clutter--RUOEu1br31o8BMaHlxdjAqxGI316PnfGIkfgEcII9AA-00308.jpg": {"object_bounding_box": [497, 426, 34, 193], "object_presence": 1}, "P470--cannabis-vape-battery--clutter--RUOEu1br31o8BMaHlxdjAqxGI316PnfGIkfgEcII9AA-00309.jpg": {"object_bounding_box": [499, 427, 34, 194], "object_presence": 1}, "P470--cannabis-vape-battery--clutter--RUOEu1br31o8BMaHlxdjAqxGI316PnfGIkfgEcII9AA-00310.jpg": {"object_bounding_box": [500, 427, 34, 193], "object_presence": 1}, "P470--cannabis-vape-battery--clutter--RUOEu1br31o8BMaHlxdjAqxGI316PnfGIkfgEcII9AA-00311.jpg": {"object_bounding_box": [500, 429, 34, 193], "object_presence": 1}, "P470--cannabis-vape-battery--clutter--RUOEu1br31o8BMaHlxdjAqxGI316PnfGIkfgEcII9AA-00312.jpg": {"object_bounding_box": [500, 429, 34, 193], "object_presence": 1}, "P470--cannabis-vape-battery--clutter--RUOEu1br31o8BMaHlxdjAqxGI316PnfGIkfgEcII9AA-00313.jpg": {"object_bounding_box": [500, 429, 34, 193], "object_presence": 1}, "P470--cannabis-vape-battery--clutter--RUOEu1br31o8BMaHlxdjAqxGI316PnfGIkfgEcII9AA-00314.jpg": {"object_bounding_box": [501, 429, 35, 194], "object_presence": 1}, "P470--cannabis-vape-battery--clutter--RUOEu1br31o8BMaHlxdjAqxGI316PnfGIkfgEcII9AA-00315.jpg": {"object_bounding_box": [502, 431, 34, 197], "object_presence": 1}, "P470--cannabis-vape-battery--clutter--RUOEu1br31o8BMaHlxdjAqxGI316PnfGIkfgEcII9AA-00316.jpg": {"object_bounding_box": [501, 433, 34, 196], "object_presence": 1}, "P470--cannabis-vape-battery--clutter--RUOEu1br31o8BMaHlxdjAqxGI316PnfGIkfgEcII9AA-00317.jpg": {"object_bounding_box": [503, 434, 34, 196], "object_presence": 1}, "P470--cannabis-vape-battery--clutter--RUOEu1br31o8BMaHlxdjAqxGI316PnfGIkfgEcII9AA-00318.jpg": {"object_bounding_box": [501, 434, 34, 196], "object_presence": 1}, "P470--cannabis-vape-battery--clutter--RUOEu1br31o8BMaHlxdjAqxGI316PnfGIkfgEcII9AA-00319.jpg": {"object_bounding_box": [501, 434, 34, 196], "object_presence": 1}, "P470--cannabis-vape-battery--clutter--RUOEu1br31o8BMaHlxdjAqxGI316PnfGIkfgEcII9AA-00320.jpg": {"object_bounding_box": [501, 434, 34, 196], "object_presence": 1}, "P470--cannabis-vape-battery--clutter--RUOEu1br31o8BMaHlxdjAqxGI316PnfGIkfgEcII9AA-00321.jpg": {"object_bounding_box": [501, 434, 34, 196], "object_presence": 1}, "P470--cannabis-vape-battery--clutter--RUOEu1br31o8BMaHlxdjAqxGI316PnfGIkfgEcII9AA-00322.jpg": {"object_bounding_box": [501, 434, 34, 196], "object_presence": 1}, "P470--cannabis-vape-battery--clutter--RUOEu1br31o8BMaHlxdjAqxGI316PnfGIkfgEcII9AA-00323.jpg": {"object_bounding_box": [501, 434, 34, 196], "object_presence": 1}, "P470--cannabis-vape-battery--clutter--RUOEu1br31o8BMaHlxdjAqxGI316PnfGIkfgEcII9AA-00324.jpg": {"object_bounding_box": [499, 432, 34, 196], "object_presence": 1}, "P470--cannabis-vape-battery--clutter--RUOEu1br31o8BMaHlxdjAqxGI316PnfGIkfgEcII9AA-00325.jpg": {"object_bounding_box": [499, 433, 34, 195], "object_presence": 1}, "P470--cannabis-vape-battery--clutter--RUOEu1br31o8BMaHlxdjAqxGI316PnfGIkfgEcII9AA-00326.jpg": {"object_bounding_box": [499, 433, 34, 195], "object_presence": 1}, "P470--cannabis-vape-battery--clutter--RUOEu1br31o8BMaHlxdjAqxGI316PnfGIkfgEcII9AA-00327.jpg": {"object_bounding_box": [497, 434, 34, 195], "object_presence": 1}, "P470--cannabis-vape-battery--clutter--RUOEu1br31o8BMaHlxdjAqxGI316PnfGIkfgEcII9AA-00328.jpg": {"object_bounding_box": [496, 432, 34, 195], "object_presence": 1}, "P470--cannabis-vape-battery--clutter--RUOEu1br31o8BMaHlxdjAqxGI316PnfGIkfgEcII9AA-00329.jpg": {"object_bounding_box": [496, 432, 34, 195], "object_presence": 1}, "P470--cannabis-vape-battery--clutter--RUOEu1br31o8BMaHlxdjAqxGI316PnfGIkfgEcII9AA-00330.jpg": {"object_bounding_box": [496, 433, 34, 195], "object_presence": 1}, "P470--cannabis-vape-battery--clutter--RUOEu1br31o8BMaHlxdjAqxGI316PnfGIkfgEcII9AA-00331.jpg": {"object_bounding_box": [495, 435, 37, 196], "object_presence": 1}, "P470--cannabis-vape-battery--clutter--RUOEu1br31o8BMaHlxdjAqxGI316PnfGIkfgEcII9AA-00332.jpg": {"object_bounding_box": [495, 435, 37, 196], "object_presence": 1}, "P470--cannabis-vape-battery--clutter--RUOEu1br31o8BMaHlxdjAqxGI316PnfGIkfgEcII9AA-00333.jpg": {"object_bounding_box": [495, 435, 37, 196], "object_presence": 1}, "P470--cannabis-vape-battery--clutter--RUOEu1br31o8BMaHlxdjAqxGI316PnfGIkfgEcII9AA-00334.jpg": {"object_bounding_box": [493, 435, 33, 196], "object_presence": 1}, "P470--cannabis-vape-battery--clutter--RUOEu1br31o8BMaHlxdjAqxGI316PnfGIkfgEcII9AA-00335.jpg": {"object_bounding_box": [493, 435, 35, 196], "object_presence": 1}, "P470--cannabis-vape-battery--clutter--RUOEu1br31o8BMaHlxdjAqxGI316PnfGIkfgEcII9AA-00336.jpg": {"object_bounding_box": [493, 435, 35, 196], "object_presence": 1}, "P470--cannabis-vape-battery--clutter--RUOEu1br31o8BMaHlxdjAqxGI316PnfGIkfgEcII9AA-00337.jpg": {"object_bounding_box": [491, 434, 34, 196], "object_presence": 1}, "P470--cannabis-vape-battery--clutter--RUOEu1br31o8BMaHlxdjAqxGI316PnfGIkfgEcII9AA-00338.jpg": {"object_bounding_box": [491, 434, 34, 196], "object_presence": 1}, "P470--cannabis-vape-battery--clutter--RUOEu1br31o8BMaHlxdjAqxGI316PnfGIkfgEcII9AA-00339.jpg": {"object_bounding_box": [491, 436, 34, 196], "object_presence": 1}, "P470--cannabis-vape-battery--clutter--RUOEu1br31o8BMaHlxdjAqxGI316PnfGIkfgEcII9AA-00340.jpg": {"object_bounding_box": [489, 436, 32, 196], "object_presence": 1}, "P470--cannabis-vape-battery--clutter--RUOEu1br31o8BMaHlxdjAqxGI316PnfGIkfgEcII9AA-00341.jpg": {"object_bounding_box": [487, 432, 35, 196], "object_presence": 1}, "P470--cannabis-vape-battery--clutter--RUOEu1br31o8BMaHlxdjAqxGI316PnfGIkfgEcII9AA-00342.jpg": {"object_bounding_box": [487, 431, 35, 194], "object_presence": 1}, "P470--cannabis-vape-battery--clutter--RUOEu1br31o8BMaHlxdjAqxGI316PnfGIkfgEcII9AA-00343.jpg": {"object_bounding_box": [487, 431, 35, 194], "object_presence": 1}, "P470--cannabis-vape-battery--clutter--RUOEu1br31o8BMaHlxdjAqxGI316PnfGIkfgEcII9AA-00344.jpg": {"object_bounding_box": [487, 431, 35, 194], "object_presence": 1}, "P470--cannabis-vape-battery--clutter--RUOEu1br31o8BMaHlxdjAqxGI316PnfGIkfgEcII9AA-00345.jpg": {"object_bounding_box": [489, 431, 36, 196], "object_presence": 1}, "P470--cannabis-vape-battery--clutter--RUOEu1br31o8BMaHlxdjAqxGI316PnfGIkfgEcII9AA-00346.jpg": {"object_bounding_box": [493, 430, 36, 196], "object_presence": 1}, "P470--cannabis-vape-battery--clutter--RUOEu1br31o8BMaHlxdjAqxGI316PnfGIkfgEcII9AA-00347.jpg": {"object_bounding_box": [493, 428, 36, 196], "object_presence": 1}, "P470--cannabis-vape-battery--clutter--RUOEu1br31o8BMaHlxdjAqxGI316PnfGIkfgEcII9AA-00348.jpg": {"object_bounding_box": [492, 424, 37, 196], "object_presence": 1}, "P470--cannabis-vape-battery--clutter--RUOEu1br31o8BMaHlxdjAqxGI316PnfGIkfgEcII9AA-00349.jpg": {"object_bounding_box": [490, 423, 37, 196], "object_presence": 1}, "P470--cannabis-vape-battery--clutter--RUOEu1br31o8BMaHlxdjAqxGI316PnfGIkfgEcII9AA-00350.jpg": {"object_bounding_box": [493, 423, 37, 196], "object_presence": 1}, "P470--cannabis-vape-battery--clutter--RUOEu1br31o8BMaHlxdjAqxGI316PnfGIkfgEcII9AA-00351.jpg": {"object_bounding_box": [497, 423, 37, 196], "object_presence": 1}, "P470--cannabis-vape-battery--clutter--RUOEu1br31o8BMaHlxdjAqxGI316PnfGIkfgEcII9AA-00352.jpg": {"object_bounding_box": [498, 426, 37, 196], "object_presence": 1}, "P470--cannabis-vape-battery--clutter--RUOEu1br31o8BMaHlxdjAqxGI316PnfGIkfgEcII9AA-00353.jpg": {"object_bounding_box": [501, 427, 37, 196], "object_presence": 1}, "P470--cannabis-vape-battery--clutter--RUOEu1br31o8BMaHlxdjAqxGI316PnfGIkfgEcII9AA-00354.jpg": {"object_bounding_box": [501, 430, 37, 196], "object_presence": 1}, "P470--cannabis-vape-battery--clutter--RUOEu1br31o8BMaHlxdjAqxGI316PnfGIkfgEcII9AA-00355.jpg": {"object_bounding_box": [501, 430, 37, 196], "object_presence": 1}, "P470--cannabis-vape-battery--clutter--RUOEu1br31o8BMaHlxdjAqxGI316PnfGIkfgEcII9AA-00356.jpg": {"object_bounding_box": [499, 432, 37, 196], "object_presence": 1}, "P470--cannabis-vape-battery--clutter--RUOEu1br31o8BMaHlxdjAqxGI316PnfGIkfgEcII9AA-00357.jpg": {"object_bounding_box": [499, 432, 37, 196], "object_presence": 1}, "P470--cannabis-vape-battery--clutter--RUOEu1br31o8BMaHlxdjAqxGI316PnfGIkfgEcII9AA-00358.jpg": {"object_bounding_box": [502, 432, 35, 196], "object_presence": 1}, "P470--cannabis-vape-battery--clutter--RUOEu1br31o8BMaHlxdjAqxGI316PnfGIkfgEcII9AA-00359.jpg": {"object_bounding_box": [503, 433, 37, 196], "object_presence": 1}, "P470--cannabis-vape-battery--clutter--RUOEu1br31o8BMaHlxdjAqxGI316PnfGIkfgEcII9AA-00360.jpg": {"object_bounding_box": [506, 433, 37, 196], "object_presence": 1}, "P470--cannabis-vape-battery--clutter--RUOEu1br31o8BMaHlxdjAqxGI316PnfGIkfgEcII9AA-00361.jpg": {"object_bounding_box": [507, 432, 37, 196], "object_presence": 1}, "P470--cannabis-vape-battery--clutter--RUOEu1br31o8BMaHlxdjAqxGI316PnfGIkfgEcII9AA-00362.jpg": {"object_bounding_box": [506, 431, 37, 196], "object_presence": 1}, "P470--cannabis-vape-battery--clutter--RUOEu1br31o8BMaHlxdjAqxGI316PnfGIkfgEcII9AA-00363.jpg": {"object_bounding_box": [508, 430, 37, 196], "object_presence": 1}, "P470--cannabis-vape-battery--clutter--RUOEu1br31o8BMaHlxdjAqxGI316PnfGIkfgEcII9AA-00364.jpg": {"object_bounding_box": [510, 428, 37, 196], "object_presence": 1}, "P470--cannabis-vape-battery--clutter--RUOEu1br31o8BMaHlxdjAqxGI316PnfGIkfgEcII9AA-00365.jpg": {"object_bounding_box": [510, 428, 37, 196], "object_presence": 1}, "P470--cannabis-vape-battery--clutter--RUOEu1br31o8BMaHlxdjAqxGI316PnfGIkfgEcII9AA-00366.jpg": {"object_bounding_box": [508, 428, 37, 196], "object_presence": 1}, "P470--cannabis-vape-battery--clutter--RUOEu1br31o8BMaHlxdjAqxGI316PnfGIkfgEcII9AA-00367.jpg": {"object_bounding_box": [509, 427, 39, 196], "object_presence": 1}, "P470--cannabis-vape-battery--clutter--RUOEu1br31o8BMaHlxdjAqxGI316PnfGIkfgEcII9AA-00368.jpg": {"object_bounding_box": [509, 427, 39, 196], "object_presence": 1}, "P470--cannabis-vape-battery--clutter--RUOEu1br31o8BMaHlxdjAqxGI316PnfGIkfgEcII9AA-00369.jpg": {"object_bounding_box": [507, 428, 39, 196], "object_presence": 1}, "P470--cannabis-vape-battery--clutter--RUOEu1br31o8BMaHlxdjAqxGI316PnfGIkfgEcII9AA-00370.jpg": {"object_bounding_box": [507, 428, 39, 196], "object_presence": 1}, "P470--cannabis-vape-battery--clutter--RUOEu1br31o8BMaHlxdjAqxGI316PnfGIkfgEcII9AA-00371.jpg": {"object_bounding_box": [507, 428, 39, 196], "object_presence": 1}, "P470--cannabis-vape-battery--clutter--RUOEu1br31o8BMaHlxdjAqxGI316PnfGIkfgEcII9AA-00372.jpg": {"object_bounding_box": [509, 432, 39, 196], "object_presence": 1}, "P470--cannabis-vape-battery--clutter--RUOEu1br31o8BMaHlxdjAqxGI316PnfGIkfgEcII9AA-00373.jpg": {"object_bounding_box": [509, 434, 39, 196], "object_presence": 1}, "P470--cannabis-vape-battery--clutter--RUOEu1br31o8BMaHlxdjAqxGI316PnfGIkfgEcII9AA-00374.jpg": {"object_bounding_box": [509, 435, 39, 196], "object_presence": 1}, "P470--cannabis-vape-battery--clutter--RUOEu1br31o8BMaHlxdjAqxGI316PnfGIkfgEcII9AA-00375.jpg": {"object_bounding_box": [510, 436, 38, 196], "object_presence": 1}, "P470--cannabis-vape-battery--clutter--RUOEu1br31o8BMaHlxdjAqxGI316PnfGIkfgEcII9AA-00376.jpg": {"object_bounding_box": [510, 436, 38, 196], "object_presence": 1}, "P470--cannabis-vape-battery--clutter--RUOEu1br31o8BMaHlxdjAqxGI316PnfGIkfgEcII9AA-00377.jpg": {"object_bounding_box": [510, 440, 38, 196], "object_presence": 1}, "P470--cannabis-vape-battery--clutter--RUOEu1br31o8BMaHlxdjAqxGI316PnfGIkfgEcII9AA-00378.jpg": {"object_bounding_box": [510, 440, 38, 196], "object_presence": 1}, "P470--cannabis-vape-battery--clutter--RUOEu1br31o8BMaHlxdjAqxGI316PnfGIkfgEcII9AA-00379.jpg": {"object_bounding_box": [510, 440, 39, 196], "object_presence": 1}, "P470--cannabis-vape-battery--clutter--RUOEu1br31o8BMaHlxdjAqxGI316PnfGIkfgEcII9AA-00380.jpg": {"object_bounding_box": [512, 435, 40, 196], "object_presence": 1}, "P470--cannabis-vape-battery--clutter--RUOEu1br31o8BMaHlxdjAqxGI316PnfGIkfgEcII9AA-00381.jpg": {"object_bounding_box": [517, 436, 36, 196], "object_presence": 1}, "P470--cannabis-vape-battery--clutter--RUOEu1br31o8BMaHlxdjAqxGI316PnfGIkfgEcII9AA-00382.jpg": {"object_bounding_box": [520, 435, 38, 196], "object_presence": 1}, "P470--cannabis-vape-battery--clutter--RUOEu1br31o8BMaHlxdjAqxGI316PnfGIkfgEcII9AA-00383.jpg": {"object_bounding_box": [523, 434, 39, 196], "object_presence": 1}, "P470--cannabis-vape-battery--clutter--RUOEu1br31o8BMaHlxdjAqxGI316PnfGIkfgEcII9AA-00384.jpg": {"object_bounding_box": [522, 428, 37, 198], "object_presence": 1}, "P470--cannabis-vape-battery--clutter--RUOEu1br31o8BMaHlxdjAqxGI316PnfGIkfgEcII9AA-00385.jpg": {"object_bounding_box": [519, 423, 38, 198], "object_presence": 1}, "P470--cannabis-vape-battery--clutter--RUOEu1br31o8BMaHlxdjAqxGI316PnfGIkfgEcII9AA-00386.jpg": {"object_bounding_box": [518, 424, 38, 198], "object_presence": 1}, "P470--cannabis-vape-battery--clutter--RUOEu1br31o8BMaHlxdjAqxGI316PnfGIkfgEcII9AA-00387.jpg": {"object_bounding_box": [516, 424, 37, 197], "object_presence": 1}, "P470--cannabis-vape-battery--clutter--RUOEu1br31o8BMaHlxdjAqxGI316PnfGIkfgEcII9AA-00388.jpg": {"object_bounding_box": [517, 427, 38, 197], "object_presence": 1}, "P470--cannabis-vape-battery--clutter--RUOEu1br31o8BMaHlxdjAqxGI316PnfGIkfgEcII9AA-00389.jpg": {"object_bounding_box": [518, 430, 38, 197], "object_presence": 1}, "P470--cannabis-vape-battery--clutter--RUOEu1br31o8BMaHlxdjAqxGI316PnfGIkfgEcII9AA-00390.jpg": {"object_bounding_box": [522, 431, 37, 195], "object_presence": 1}, "P470--cannabis-vape-battery--clutter--RUOEu1br31o8BMaHlxdjAqxGI316PnfGIkfgEcII9AA-00391.jpg": {"object_bounding_box": [523, 434, 37, 198], "object_presence": 1}, "P470--cannabis-vape-battery--clutter--RUOEu1br31o8BMaHlxdjAqxGI316PnfGIkfgEcII9AA-00392.jpg": {"object_bounding_box": [521, 433, 37, 198], "object_presence": 1}, "P470--cannabis-vape-battery--clutter--RUOEu1br31o8BMaHlxdjAqxGI316PnfGIkfgEcII9AA-00393.jpg": {"object_bounding_box": [519, 432, 37, 195], "object_presence": 1}, "P470--cannabis-vape-battery--clutter--RUOEu1br31o8BMaHlxdjAqxGI316PnfGIkfgEcII9AA-00394.jpg": {"object_bounding_box": [517, 430, 36, 195], "object_presence": 1}, "P470--cannabis-vape-battery--clutter--RUOEu1br31o8BMaHlxdjAqxGI316PnfGIkfgEcII9AA-00395.jpg": {"object_bounding_box": [516, 428, 40, 197], "object_presence": 1}, "P470--cannabis-vape-battery--clutter--RUOEu1br31o8BMaHlxdjAqxGI316PnfGIkfgEcII9AA-00396.jpg": {"object_bounding_box": [515, 427, 36, 198], "object_presence": 1}, "P470--cannabis-vape-battery--clutter--RUOEu1br31o8BMaHlxdjAqxGI316PnfGIkfgEcII9AA-00397.jpg": {"object_bounding_box": [514, 426, 39, 200], "object_presence": 1}, "P470--cannabis-vape-battery--clutter--RUOEu1br31o8BMaHlxdjAqxGI316PnfGIkfgEcII9AA-00398.jpg": {"object_bounding_box": [515, 426, 40, 202], "object_presence": 1}, "P470--cannabis-vape-battery--clutter--RUOEu1br31o8BMaHlxdjAqxGI316PnfGIkfgEcII9AA-00399.jpg": {"object_bounding_box": [519, 428, 38, 198], "object_presence": 1}, "P470--cannabis-vape-battery--clutter--RUOEu1br31o8BMaHlxdjAqxGI316PnfGIkfgEcII9AA-00400.jpg": {"object_bounding_box": [520, 427, 37, 199], "object_presence": 1}, "P470--cannabis-vape-battery--clutter--RUOEu1br31o8BMaHlxdjAqxGI316PnfGIkfgEcII9AA-00401.jpg": {"object_bounding_box": [519, 427, 37, 199], "object_presence": 1}, "P470--cannabis-vape-battery--clutter--RUOEu1br31o8BMaHlxdjAqxGI316PnfGIkfgEcII9AA-00402.jpg": {"object_bounding_box": [520, 429, 38, 202], "object_presence": 1}, "P470--cannabis-vape-battery--clutter--RUOEu1br31o8BMaHlxdjAqxGI316PnfGIkfgEcII9AA-00403.jpg": {"object_bounding_box": [522, 431, 38, 202], "object_presence": 1}, "P470--cannabis-vape-battery--clutter--RUOEu1br31o8BMaHlxdjAqxGI316PnfGIkfgEcII9AA-00404.jpg": {"object_bounding_box": [526, 434, 40, 202], "object_presence": 1}, "P470--cannabis-vape-battery--clutter--RUOEu1br31o8BMaHlxdjAqxGI316PnfGIkfgEcII9AA-00405.jpg": {"object_bounding_box": [526, 434, 39, 202], "object_presence": 1}, "P470--cannabis-vape-battery--clutter--RUOEu1br31o8BMaHlxdjAqxGI316PnfGIkfgEcII9AA-00406.jpg": {"object_bounding_box": [525, 435, 39, 199], "object_presence": 1}, "P470--cannabis-vape-battery--clutter--RUOEu1br31o8BMaHlxdjAqxGI316PnfGIkfgEcII9AA-00407.jpg": {"object_bounding_box": [526, 436, 38, 199], "object_presence": 1}, "P470--cannabis-vape-battery--clutter--RUOEu1br31o8BMaHlxdjAqxGI316PnfGIkfgEcII9AA-00408.jpg": {"object_bounding_box": [527, 439, 40, 199], "object_presence": 1}, "P470--cannabis-vape-battery--clutter--RUOEu1br31o8BMaHlxdjAqxGI316PnfGIkfgEcII9AA-00409.jpg": {"object_bounding_box": [528, 439, 38, 199], "object_presence": 1}, "P470--cannabis-vape-battery--clutter--RUOEu1br31o8BMaHlxdjAqxGI316PnfGIkfgEcII9AA-00410.jpg": {"object_bounding_box": [528, 439, 38, 199], "object_presence": 1}, "P470--cannabis-vape-battery--clutter--RUOEu1br31o8BMaHlxdjAqxGI316PnfGIkfgEcII9AA-00411.jpg": {"object_bounding_box": [528, 438, 38, 199], "object_presence": 1}, "P470--cannabis-vape-battery--clutter--RUOEu1br31o8BMaHlxdjAqxGI316PnfGIkfgEcII9AA-00412.jpg": {"object_bounding_box": [530, 439, 39, 199], "object_presence": 1}, "P470--cannabis-vape-battery--clutter--RUOEu1br31o8BMaHlxdjAqxGI316PnfGIkfgEcII9AA-00413.jpg": {"object_bounding_box": [530, 441, 39, 199], "object_presence": 1}, "P470--cannabis-vape-battery--clutter--RUOEu1br31o8BMaHlxdjAqxGI316PnfGIkfgEcII9AA-00414.jpg": {"object_bounding_box": [526, 444, 40, 196], "object_presence": 1}, "P470--cannabis-vape-battery--clutter--RUOEu1br31o8BMaHlxdjAqxGI316PnfGIkfgEcII9AA-00415.jpg": {"object_bounding_box": [525, 445, 38, 197], "object_presence": 1}, "P470--cannabis-vape-battery--clutter--RUOEu1br31o8BMaHlxdjAqxGI316PnfGIkfgEcII9AA-00416.jpg": {"object_bounding_box": [526, 447, 40, 200], "object_presence": 1}, "P470--cannabis-vape-battery--clutter--RUOEu1br31o8BMaHlxdjAqxGI316PnfGIkfgEcII9AA-00417.jpg": {"object_bounding_box": [525, 449, 41, 200], "object_presence": 1}, "P470--cannabis-vape-battery--clutter--RUOEu1br31o8BMaHlxdjAqxGI316PnfGIkfgEcII9AA-00418.jpg": {"object_bounding_box": [525, 449, 41, 200], "object_presence": 1}, "P470--cannabis-vape-battery--clutter--RUOEu1br31o8BMaHlxdjAqxGI316PnfGIkfgEcII9AA-00419.jpg": {"object_bounding_box": [524, 447, 39, 201], "object_presence": 1}, "P470--cannabis-vape-battery--clutter--RUOEu1br31o8BMaHlxdjAqxGI316PnfGIkfgEcII9AA-00420.jpg": {"object_bounding_box": [521, 447, 37, 201], "object_presence": 1}, "P470--cannabis-vape-battery--clutter--RUOEu1br31o8BMaHlxdjAqxGI316PnfGIkfgEcII9AA-00421.jpg": {"object_bounding_box": [519, 448, 37, 201], "object_presence": 1}, "P470--cannabis-vape-battery--clutter--RUOEu1br31o8BMaHlxdjAqxGI316PnfGIkfgEcII9AA-00422.jpg": {"object_bounding_box": [518, 450, 39, 198], "object_presence": 1}, "P470--cannabis-vape-battery--clutter--RUOEu1br31o8BMaHlxdjAqxGI316PnfGIkfgEcII9AA-00423.jpg": {"object_bounding_box": [517, 450, 36, 198], "object_presence": 1}, "P470--cannabis-vape-battery--clutter--RUOEu1br31o8BMaHlxdjAqxGI316PnfGIkfgEcII9AA-00424.jpg": {"object_bounding_box": [514, 448, 39, 201], "object_presence": 1}, "P470--cannabis-vape-battery--clutter--RUOEu1br31o8BMaHlxdjAqxGI316PnfGIkfgEcII9AA-00425.jpg": {"object_bounding_box": [512, 448, 36, 201], "object_presence": 1}, "P470--cannabis-vape-battery--clutter--RUOEu1br31o8BMaHlxdjAqxGI316PnfGIkfgEcII9AA-00426.jpg": {"object_bounding_box": [511, 448, 38, 201], "object_presence": 1}, "P470--cannabis-vape-battery--clutter--RUOEu1br31o8BMaHlxdjAqxGI316PnfGIkfgEcII9AA-00427.jpg": {"object_bounding_box": [511, 449, 38, 199], "object_presence": 1}, "P470--cannabis-vape-battery--clutter--RUOEu1br31o8BMaHlxdjAqxGI316PnfGIkfgEcII9AA-00428.jpg": {"object_bounding_box": [508, 449, 38, 199], "object_presence": 1}, "P470--cannabis-vape-battery--clutter--RUOEu1br31o8BMaHlxdjAqxGI316PnfGIkfgEcII9AA-00429.jpg": {"object_bounding_box": [503, 449, 38, 201], "object_presence": 1}, "P470--cannabis-vape-battery--clutter--RUOEu1br31o8BMaHlxdjAqxGI316PnfGIkfgEcII9AA-00430.jpg": {"object_bounding_box": [503, 449, 36, 201], "object_presence": 1}, "P470--cannabis-vape-battery--clutter--RUOEu1br31o8BMaHlxdjAqxGI316PnfGIkfgEcII9AA-00431.jpg": {"object_bounding_box": [503, 449, 36, 201], "object_presence": 1}, "P470--cannabis-vape-battery--clutter--RUOEu1br31o8BMaHlxdjAqxGI316PnfGIkfgEcII9AA-00432.jpg": {"object_bounding_box": [503, 450, 36, 199], "object_presence": 1}, "P470--cannabis-vape-battery--clutter--RUOEu1br31o8BMaHlxdjAqxGI316PnfGIkfgEcII9AA-00433.jpg": {"object_bounding_box": [506, 450, 38, 199], "object_presence": 1}, "P470--cannabis-vape-battery--clutter--RUOEu1br31o8BMaHlxdjAqxGI316PnfGIkfgEcII9AA-00434.jpg": {"object_bounding_box": [507, 450, 38, 199], "object_presence": 1}, "P470--cannabis-vape-battery--clutter--RUOEu1br31o8BMaHlxdjAqxGI316PnfGIkfgEcII9AA-00435.jpg": {"object_bounding_box": [509, 448, 38, 198], "object_presence": 1}, "P470--cannabis-vape-battery--clutter--RUOEu1br31o8BMaHlxdjAqxGI316PnfGIkfgEcII9AA-00436.jpg": {"object_bounding_box": [510, 448, 38, 200], "object_presence": 1}, "P470--cannabis-vape-battery--clutter--RUOEu1br31o8BMaHlxdjAqxGI316PnfGIkfgEcII9AA-00437.jpg": {"object_bounding_box": [510, 448, 36, 198], "object_presence": 1}, "P470--cannabis-vape-battery--clutter--RUOEu1br31o8BMaHlxdjAqxGI316PnfGIkfgEcII9AA-00438.jpg": {"object_bounding_box": [510, 448, 36, 198], "object_presence": 1}, "P470--cannabis-vape-battery--clutter--RUOEu1br31o8BMaHlxdjAqxGI316PnfGIkfgEcII9AA-00439.jpg": {"object_bounding_box": [510, 448, 36, 198], "object_presence": 1}, "P470--cannabis-vape-battery--clutter--RUOEu1br31o8BMaHlxdjAqxGI316PnfGIkfgEcII9AA-00440.jpg": {"object_bounding_box": [510, 448, 36, 198], "object_presence": 1}, "P470--cannabis-vape-battery--clutter--RUOEu1br31o8BMaHlxdjAqxGI316PnfGIkfgEcII9AA-00441.jpg": {"object_bounding_box": [510, 448, 36, 198], "object_presence": 1}, "P470--cannabis-vape-battery--clutter--RUOEu1br31o8BMaHlxdjAqxGI316PnfGIkfgEcII9AA-00442.jpg": {"object_bounding_box": [510, 448, 36, 198], "object_presence": 1}, "P470--cannabis-vape-battery--clutter--RUOEu1br31o8BMaHlxdjAqxGI316PnfGIkfgEcII9AA-00443.jpg": {"object_bounding_box": [510, 448, 36, 198], "object_presence": 1}, "P470--cannabis-vape-battery--clutter--RUOEu1br31o8BMaHlxdjAqxGI316PnfGIkfgEcII9AA-00444.jpg": {"object_bounding_box": [511, 448, 36, 200], "object_presence": 1}, "P470--cannabis-vape-battery--clutter--RUOEu1br31o8BMaHlxdjAqxGI316PnfGIkfgEcII9AA-00445.jpg": {"object_bounding_box": [511, 448, 36, 200], "object_presence": 1}, "P470--cannabis-vape-battery--clutter--RUOEu1br31o8BMaHlxdjAqxGI316PnfGIkfgEcII9AA-00446.jpg": {"object_bounding_box": [511, 448, 36, 200], "object_presence": 1}, "P470--cannabis-vape-battery--clutter--RUOEu1br31o8BMaHlxdjAqxGI316PnfGIkfgEcII9AA-00447.jpg": {"object_bounding_box": [510, 451, 36, 200], "object_presence": 1}, "P470--cannabis-vape-battery--clutter--RUOEu1br31o8BMaHlxdjAqxGI316PnfGIkfgEcII9AA-00448.jpg": {"object_bounding_box": [510, 451, 36, 197], "object_presence": 1}, "P470--cannabis-vape-battery--clutter--RUOEu1br31o8BMaHlxdjAqxGI316PnfGIkfgEcII9AA-00449.jpg": {"object_bounding_box": [510, 451, 36, 197], "object_presence": 1}, "P470--cannabis-vape-battery--clutter--RUOEu1br31o8BMaHlxdjAqxGI316PnfGIkfgEcII9AA-00450.jpg": {"object_bounding_box": [508, 450, 36, 197], "object_presence": 1}, "P470--cannabis-vape-battery--clutter--RUOEu1br31o8BMaHlxdjAqxGI316PnfGIkfgEcII9AA-00451.jpg": {"object_bounding_box": [507, 447, 36, 197], "object_presence": 1}, "P470--cannabis-vape-battery--clutter--RUOEu1br31o8BMaHlxdjAqxGI316PnfGIkfgEcII9AA-00452.jpg": {"object_bounding_box": [505, 446, 38, 195], "object_presence": 1}, "P470--cannabis-vape-battery--clutter--RUOEu1br31o8BMaHlxdjAqxGI316PnfGIkfgEcII9AA-00453.jpg": {"object_bounding_box": [505, 446, 38, 195], "object_presence": 1}, "P470--cannabis-vape-battery--clutter--RUOEu1br31o8BMaHlxdjAqxGI316PnfGIkfgEcII9AA-00454.jpg": {"object_bounding_box": [505, 446, 38, 195], "object_presence": 1}, "P470--cannabis-vape-battery--clutter--RUOEu1br31o8BMaHlxdjAqxGI316PnfGIkfgEcII9AA-00455.jpg": {"object_bounding_box": [504, 446, 35, 195], "object_presence": 1}, "P470--cannabis-vape-battery--clutter--RUOEu1br31o8BMaHlxdjAqxGI316PnfGIkfgEcII9AA-00456.jpg": {"object_bounding_box": [503, 446, 34, 195], "object_presence": 1}, "P470--cannabis-vape-battery--clutter--RUOEu1br31o8BMaHlxdjAqxGI316PnfGIkfgEcII9AA-00457.jpg": {"object_bounding_box": [502, 447, 36, 194], "object_presence": 1}, "P470--cannabis-vape-battery--clutter--RUOEu1br31o8BMaHlxdjAqxGI316PnfGIkfgEcII9AA-00458.jpg": {"object_bounding_box": [501, 446, 36, 194], "object_presence": 1}, "P470--cannabis-vape-battery--clutter--RUOEu1br31o8BMaHlxdjAqxGI316PnfGIkfgEcII9AA-00459.jpg": {"object_bounding_box": [500, 446, 37, 194], "object_presence": 1}, "P470--cannabis-vape-battery--clutter--RUOEu1br31o8BMaHlxdjAqxGI316PnfGIkfgEcII9AA-00460.jpg": {"object_bounding_box": [501, 448, 37, 194], "object_presence": 1}, "P470--cannabis-vape-battery--clutter--RUOEu1br31o8BMaHlxdjAqxGI316PnfGIkfgEcII9AA-00461.jpg": {"object_bounding_box": [501, 448, 36, 194], "object_presence": 1}, "P470--cannabis-vape-battery--clutter--RUOEu1br31o8BMaHlxdjAqxGI316PnfGIkfgEcII9AA-00462.jpg": {"object_bounding_box": [501, 448, 36, 194], "object_presence": 1}, "P470--cannabis-vape-battery--clutter--RUOEu1br31o8BMaHlxdjAqxGI316PnfGIkfgEcII9AA-00463.jpg": {"object_bounding_box": [501, 448, 36, 194], "object_presence": 1}, "P470--cannabis-vape-battery--clutter--RUOEu1br31o8BMaHlxdjAqxGI316PnfGIkfgEcII9AA-00464.jpg": {"object_bounding_box": [500, 448, 37, 196], "object_presence": 1}, "P470--cannabis-vape-battery--clutter--RUOEu1br31o8BMaHlxdjAqxGI316PnfGIkfgEcII9AA-00465.jpg": {"object_bounding_box": [500, 448, 37, 196], "object_presence": 1}, "P470--cannabis-vape-battery--clutter--RUOEu1br31o8BMaHlxdjAqxGI316PnfGIkfgEcII9AA-00466.jpg": {"object_bounding_box": [500, 448, 37, 196], "object_presence": 1}, "P470--cannabis-vape-battery--clutter--RUOEu1br31o8BMaHlxdjAqxGI316PnfGIkfgEcII9AA-00467.jpg": {"object_bounding_box": [500, 448, 37, 196], "object_presence": 1}, "P470--cannabis-vape-battery--clutter--RUOEu1br31o8BMaHlxdjAqxGI316PnfGIkfgEcII9AA-00468.jpg": {"object_bounding_box": [500, 448, 37, 196], "object_presence": 1}, "P470--cannabis-vape-battery--clutter--RUOEu1br31o8BMaHlxdjAqxGI316PnfGIkfgEcII9AA-00469.jpg": {"object_bounding_box": [501, 450, 37, 196], "object_presence": 1}, "P470--cannabis-vape-battery--clutter--RUOEu1br31o8BMaHlxdjAqxGI316PnfGIkfgEcII9AA-00470.jpg": {"object_bounding_box": [501, 448, 37, 196], "object_presence": 1}, "P470--cannabis-vape-battery--clutter--RUOEu1br31o8BMaHlxdjAqxGI316PnfGIkfgEcII9AA-00471.jpg": {"object_bounding_box": [478, 445, 40, 196], "object_presence": 1}, "P470--cannabis-vape-battery--clutter--RUOEu1br31o8BMaHlxdjAqxGI316PnfGIkfgEcII9AA-00472.jpg": {"object_bounding_box": [432, 425, 40, 196], "object_presence": 1}, "P470--cannabis-vape-battery--clutter--RUOEu1br31o8BMaHlxdjAqxGI316PnfGIkfgEcII9AA-00473.jpg": {"object_bounding_box": [402, 402, 40, 196], "object_presence": 1}, "P470--cannabis-vape-battery--clutter--RUOEu1br31o8BMaHlxdjAqxGI316PnfGIkfgEcII9AA-00474.jpg": {"object_bounding_box": [434, 425, 40, 196], "object_presence": 1}, "P470--cannabis-vape-battery--clutter--RUOEu1br31o8BMaHlxdjAqxGI316PnfGIkfgEcII9AA-00475.jpg": {"object_bounding_box": [491, 501, 40, 196], "object_presence": 1}, "P470--cannabis-vape-battery--clutter--RUOEu1br31o8BMaHlxdjAqxGI316PnfGIkfgEcII9AA-00476.jpg": {"object_bounding_box": [539, 576, 40, 196], "object_presence": 1}, "P470--cannabis-vape-battery--clutter--RUOEu1br31o8BMaHlxdjAqxGI316PnfGIkfgEcII9AA-00477.jpg": {"object_bounding_box": [573, 645, 40, 196], "object_presence": 1}, "P470--cannabis-vape-battery--clutter--RUOEu1br31o8BMaHlxdjAqxGI316PnfGIkfgEcII9AA-00478.jpg": {"object_bounding_box": [618, 747, 40, 196], "object_presence": 1}, "P470--cannabis-vape-battery--clutter--RUOEu1br31o8BMaHlxdjAqxGI316PnfGIkfgEcII9AA-00479.jpg": {"object_bounding_box": [667, 879, 40, 196], "object_presence": 1}, "P470--cannabis-vape-battery--clutter--RUOEu1br31o8BMaHlxdjAqxGI316PnfGIkfgEcII9AA-00480.jpg": {"object_bounding_box": [733, 982, 40, 196], "object_presence": 1}, "P470--cannabis-vape-battery--clutter--RUOEu1br31o8BMaHlxdjAqxGI316PnfGIkfgEcII9AA-00481.jpg": {"object_bounding_box": [0, 0, 0, 0], "object_presence": 0}, "P470--cannabis-vape-battery--clutter--RUOEu1br31o8BMaHlxdjAqxGI316PnfGIkfgEcII9AA-00482.jpg": {"object_bounding_box": [0, 0, 0, 0], "object_presence": 0}, "P470--cannabis-vape-battery--clutter--RUOEu1br31o8BMaHlxdjAqxGI316PnfGIkfgEcII9AA-00483.jpg": {"object_bounding_box": [0, 0, 0, 0], "object_presence": 0}, "P470--cannabis-vape-battery--clutter--RUOEu1br31o8BMaHlxdjAqxGI316PnfGIkfgEcII9AA-00484.jpg": {"object_bounding_box": [0, 0, 0, 0], "object_presence": 0}, "P470--cannabis-vape-battery--clutter--RUOEu1br31o8BMaHlxdjAqxGI316PnfGIkfgEcII9AA-00485.jpg": {"object_bounding_box": [0, 0, 0, 0], "object_presence": 0}, "P470--cannabis-vape-battery--clutter--RUOEu1br31o8BMaHlxdjAqxGI316PnfGIkfgEcII9AA-00486.jpg": {"object_bounding_box": [0, 0, 0, 0], "object_presence": 0}, "P470--cannabis-vape-battery--clutter--RUOEu1br31o8BMaHlxdjAqxGI316PnfGIkfgEcII9AA-00487.jpg": {"object_bounding_box": [0, 0, 0, 0], "object_presence": 0}, "P470--cannabis-vape-battery--clutter--RUOEu1br31o8BMaHlxdjAqxGI316PnfGIkfgEcII9AA-00488.jpg": {"object_bounding_box": [0, 0, 0, 0], "object_presence": 0}, "P470--cannabis-vape-battery--clutter--RUOEu1br31o8BMaHlxdjAqxGI316PnfGIkfgEcII9AA-00489.jpg": {"object_bounding_box": [0, 0, 0, 0], "object_presence": 0}, "P470--cannabis-vape-battery--clutter--RUOEu1br31o8BMaHlxdjAqxGI316PnfGIkfgEcII9AA-00490.jpg": {"object_bounding_box": [0, 0, 0, 0], "object_presence": 0}, "P470--cannabis-vape-battery--clutter--RUOEu1br31o8BMaHlxdjAqxGI316PnfGIkfgEcII9AA-00491.jpg": {"object_bounding_box": [0, 0, 0, 0], "object_presence": 0}, "P470--cannabis-vape-battery--clutter--RUOEu1br31o8BMaHlxdjAqxGI316PnfGIkfgEcII9AA-00492.jpg": {"object_bounding_box": [0, 0, 0, 0], "object_presence": 0}, "P470--cannabis-vape-battery--clutter--RUOEu1br31o8BMaHlxdjAqxGI316PnfGIkfgEcII9AA-00493.jpg": {"object_bounding_box": [0, 0, 0, 0], "object_presence": 0}, "P470--cannabis-vape-battery--clutter--RUOEu1br31o8BMaHlxdjAqxGI316PnfGIkfgEcII9AA-00494.jpg": {"object_bounding_box": [0, 0, 0, 0], "object_presence": 0}, "P470--cannabis-vape-battery--clutter--RUOEu1br31o8BMaHlxdjAqxGI316PnfGIkfgEcII9AA-00495.jpg": {"object_bounding_box": [0, 0, 0, 0], "object_presence": 0}, "P470--cannabis-vape-battery--clutter--RUOEu1br31o8BMaHlxdjAqxGI316PnfGIkfgEcII9AA-00496.jpg": {"object_bounding_box": [0, 0, 0, 0], "object_presence": 0}, "P470--cannabis-vape-battery--clutter--RUOEu1br31o8BMaHlxdjAqxGI316PnfGIkfgEcII9AA-00497.jpg": {"object_bounding_box": [0, 0, 0, 0], "object_presence": 0}, "P470--cannabis-vape-battery--clutter--RUOEu1br31o8BMaHlxdjAqxGI316PnfGIkfgEcII9AA-00498.jpg": {"object_bounding_box": [0, 0, 0, 0], "object_presence": 0}, "P470--cannabis-vape-battery--clutter--RUOEu1br31o8BMaHlxdjAqxGI316PnfGIkfgEcII9AA-00499.jpg": {"object_bounding_box": [872, 982, 70, 196], "object_presence": 1}, "P470--cannabis-vape-battery--clutter--RUOEu1br31o8BMaHlxdjAqxGI316PnfGIkfgEcII9AA-00500.jpg": {"object_bounding_box": [894, 932, 89, 196], "object_presence": 1}, "P470--cannabis-vape-battery--clutter--RUOEu1br31o8BMaHlxdjAqxGI316PnfGIkfgEcII9AA-00501.jpg": {"object_bounding_box": [894, 861, 82, 182], "object_presence": 1}, "P470--cannabis-vape-battery--clutter--RUOEu1br31o8BMaHlxdjAqxGI316PnfGIkfgEcII9AA-00502.jpg": {"object_bounding_box": [853, 806, 74, 182], "object_presence": 1}, "P470--cannabis-vape-battery--clutter--RUOEu1br31o8BMaHlxdjAqxGI316PnfGIkfgEcII9AA-00503.jpg": {"object_bounding_box": [798, 725, 95, 187], "object_presence": 1}, "P470--cannabis-vape-battery--clutter--RUOEu1br31o8BMaHlxdjAqxGI316PnfGIkfgEcII9AA-00504.jpg": {"object_bounding_box": [823, 678, 93, 196], "object_presence": 1}, "P470--cannabis-vape-battery--clutter--RUOEu1br31o8BMaHlxdjAqxGI316PnfGIkfgEcII9AA-00505.jpg": {"object_bounding_box": [925, 623, 91, 189], "object_presence": 1}, "P470--cannabis-vape-battery--clutter--RUOEu1br31o8BMaHlxdjAqxGI316PnfGIkfgEcII9AA-00506.jpg": {"object_bounding_box": [980, 603, 101, 173], "object_presence": 1}, "P470--cannabis-vape-battery--clutter--RUOEu1br31o8BMaHlxdjAqxGI316PnfGIkfgEcII9AA-00507.jpg": {"object_bounding_box": [997, 600, 104, 152], "object_presence": 1}, "P470--cannabis-vape-battery--clutter--RUOEu1br31o8BMaHlxdjAqxGI316PnfGIkfgEcII9AA-00508.jpg": {"object_bounding_box": [997, 600, 104, 152], "object_presence": 1}, "P470--cannabis-vape-battery--clutter--RUOEu1br31o8BMaHlxdjAqxGI316PnfGIkfgEcII9AA-00509.jpg": {"object_bounding_box": [1010, 612, 104, 152], "object_presence": 1}, "P470--cannabis-vape-battery--clutter--RUOEu1br31o8BMaHlxdjAqxGI316PnfGIkfgEcII9AA-00510.jpg": {"object_bounding_box": [1026, 599, 104, 152], "object_presence": 1}, "P470--cannabis-vape-battery--clutter--RUOEu1br31o8BMaHlxdjAqxGI316PnfGIkfgEcII9AA-00511.jpg": {"object_bounding_box": [1044, 596, 72, 145], "object_presence": 1}, "P470--cannabis-vape-battery--clutter--RUOEu1br31o8BMaHlxdjAqxGI316PnfGIkfgEcII9AA-00512.jpg": {"object_bounding_box": [1057, 624, 46, 80], "object_presence": 1}, "P470--cannabis-vape-battery--clutter--RUOEu1br31o8BMaHlxdjAqxGI316PnfGIkfgEcII9AA-00513.jpg": {"object_bounding_box": [1064, 624, 32, 80], "object_presence": 1}, "P470--cannabis-vape-battery--clutter--RUOEu1br31o8BMaHlxdjAqxGI316PnfGIkfgEcII9AA-00514.jpg": {"object_bounding_box": [1065, 629, 31, 73], "object_presence": 1}, "P470--cannabis-vape-battery--clutter--RUOEu1br31o8BMaHlxdjAqxGI316PnfGIkfgEcII9AA-00515.jpg": {"object_bounding_box": [0, 0, 0, 0], "object_presence": 0}, "P470--cannabis-vape-battery--clutter--RUOEu1br31o8BMaHlxdjAqxGI316PnfGIkfgEcII9AA-00516.jpg": {"object_bounding_box": [0, 0, 0, 0], "object_presence": 0}, "P470--cannabis-vape-battery--clutter--RUOEu1br31o8BMaHlxdjAqxGI316PnfGIkfgEcII9AA-00517.jpg": {"object_bounding_box": [0, 0, 0, 0], "object_presence": 0}, "P470--cannabis-vape-battery--clutter--RUOEu1br31o8BMaHlxdjAqxGI316PnfGIkfgEcII9AA-00518.jpg": {"object_bounding_box": [0, 0, 0, 0], "object_presence": 0}, "P470--cannabis-vape-battery--clutter--RUOEu1br31o8BMaHlxdjAqxGI316PnfGIkfgEcII9AA-00519.jpg": {"object_bounding_box": [0, 0, 0, 0], "object_presence": 0}, "P470--cannabis-vape-battery--clutter--RUOEu1br31o8BMaHlxdjAqxGI316PnfGIkfgEcII9AA-00520.jpg": {"object_bounding_box": [0, 0, 0, 0], "object_presence": 0}, "P470--cannabis-vape-battery--clutter--RUOEu1br31o8BMaHlxdjAqxGI316PnfGIkfgEcII9AA-00521.jpg": {"object_bounding_box": [0, 0, 0, 0], "object_presence": 0}, "P470--cannabis-vape-battery--clutter--RUOEu1br31o8BMaHlxdjAqxGI316PnfGIkfgEcII9AA-00522.jpg": {"object_bounding_box": [0, 0, 0, 0], "object_presence": 0}, "P470--cannabis-vape-battery--clutter--RUOEu1br31o8BMaHlxdjAqxGI316PnfGIkfgEcII9AA-00523.jpg": {"object_bounding_box": [0, 0, 0, 0], "object_presence": 0}, "P470--cannabis-vape-battery--clutter--RUOEu1br31o8BMaHlxdjAqxGI316PnfGIkfgEcII9AA-00524.jpg": {"object_bounding_box": [0, 0, 0, 0], "object_presence": 0}, "P470--cannabis-vape-battery--clutter--RUOEu1br31o8BMaHlxdjAqxGI316PnfGIkfgEcII9AA-00525.jpg": {"object_bounding_box": [0, 0, 0, 0], "object_presence": 0}, "P470--cannabis-vape-battery--clutter--RUOEu1br31o8BMaHlxdjAqxGI316PnfGIkfgEcII9AA-00526.jpg": {"object_bounding_box": [0, 0, 0, 0], "object_presence": 0}, "P470--cannabis-vape-battery--clutter--RUOEu1br31o8BMaHlxdjAqxGI316PnfGIkfgEcII9AA-00527.jpg": {"object_bounding_box": [0, 0, 0, 0], "object_presence": 0}, "P470--cannabis-vape-battery--clutter--RUOEu1br31o8BMaHlxdjAqxGI316PnfGIkfgEcII9AA-00528.jpg": {"object_bounding_box": [0, 0, 0, 0], "object_presence": 0}, "P470--cannabis-vape-battery--clutter--RUOEu1br31o8BMaHlxdjAqxGI316PnfGIkfgEcII9AA-00529.jpg": {"object_bounding_box": [0, 0, 0, 0], "object_presence": 0}, "P470--cannabis-vape-battery--clutter--RUOEu1br31o8BMaHlxdjAqxGI316PnfGIkfgEcII9AA-00530.jpg": {"object_bounding_box": [0, 0, 0, 0], "object_presence": 0}, "P470--cannabis-vape-battery--clutter--RUOEu1br31o8BMaHlxdjAqxGI316PnfGIkfgEcII9AA-00531.jpg": {"object_bounding_box": [0, 0, 0, 0], "object_presence": 0}, "P470--cannabis-vape-battery--clutter--RUOEu1br31o8BMaHlxdjAqxGI316PnfGIkfgEcII9AA-00532.jpg": {"object_bounding_box": [0, 0, 0, 0], "object_presence": 0}, "P470--cannabis-vape-battery--clutter--RUOEu1br31o8BMaHlxdjAqxGI316PnfGIkfgEcII9AA-00533.jpg": {"object_bounding_box": [0, 0, 0, 0], "object_presence": 0}, "P470--cannabis-vape-battery--clutter--RUOEu1br31o8BMaHlxdjAqxGI316PnfGIkfgEcII9AA-00534.jpg": {"object_bounding_box": [0, 0, 0, 0], "object_presence": 0}, "P470--cannabis-vape-battery--clutter--RUOEu1br31o8BMaHlxdjAqxGI316PnfGIkfgEcII9AA-00535.jpg": {"object_bounding_box": [0, 0, 0, 0], "object_presence": 0}, "P470--cannabis-vape-battery--clutter--RUOEu1br31o8BMaHlxdjAqxGI316PnfGIkfgEcII9AA-00536.jpg": {"object_bounding_box": [0, 0, 0, 0], "object_presence": 0}, "P470--cannabis-vape-battery--clutter--RUOEu1br31o8BMaHlxdjAqxGI316PnfGIkfgEcII9AA-00537.jpg": {"object_bounding_box": [0, 0, 0, 0], "object_presence": 0}, "P470--cannabis-vape-battery--clutter--RUOEu1br31o8BMaHlxdjAqxGI316PnfGIkfgEcII9AA-00538.jpg": {"object_bounding_box": [0, 0, 0, 0], "object_presence": 0}, "P470--cannabis-vape-battery--clutter--RUOEu1br31o8BMaHlxdjAqxGI316PnfGIkfgEcII9AA-00539.jpg": {"object_bounding_box": [0, 0, 0, 0], "object_presence": 0}, "P470--cannabis-vape-battery--clutter--RUOEu1br31o8BMaHlxdjAqxGI316PnfGIkfgEcII9AA-00540.jpg": {"object_bounding_box": [1063, 570, 34, 49], "object_presence": 1}, "P470--cannabis-vape-battery--clutter--RUOEu1br31o8BMaHlxdjAqxGI316PnfGIkfgEcII9AA-00541.jpg": {"object_bounding_box": [1059, 538, 42, 59], "object_presence": 1}, "P470--cannabis-vape-battery--clutter--RUOEu1br31o8BMaHlxdjAqxGI316PnfGIkfgEcII9AA-00542.jpg": {"object_bounding_box": [1053, 541, 55, 65], "object_presence": 1}, "P470--cannabis-vape-battery--clutter--RUOEu1br31o8BMaHlxdjAqxGI316PnfGIkfgEcII9AA-00543.jpg": {"object_bounding_box": [1049, 516, 61, 79], "object_presence": 1}, "P470--cannabis-vape-battery--clutter--RUOEu1br31o8BMaHlxdjAqxGI316PnfGIkfgEcII9AA-00544.jpg": {"object_bounding_box": [1048, 509, 63, 92], "object_presence": 1}, "P470--cannabis-vape-battery--clutter--RUOEu1br31o8BMaHlxdjAqxGI316PnfGIkfgEcII9AA-00545.jpg": {"object_bounding_box": [1048, 489, 63, 79], "object_presence": 1}, "P470--cannabis-vape-battery--clutter--RUOEu1br31o8BMaHlxdjAqxGI316PnfGIkfgEcII9AA-00546.jpg": {"object_bounding_box": [1048, 481, 63, 94], "object_presence": 1}, "P470--cannabis-vape-battery--clutter--RUOEu1br31o8BMaHlxdjAqxGI316PnfGIkfgEcII9AA-00547.jpg": {"object_bounding_box": [1048, 481, 63, 94], "object_presence": 1}, "P470--cannabis-vape-battery--clutter--RUOEu1br31o8BMaHlxdjAqxGI316PnfGIkfgEcII9AA-00548.jpg": {"object_bounding_box": [1050, 468, 60, 79], "object_presence": 1}, "P470--cannabis-vape-battery--clutter--RUOEu1br31o8BMaHlxdjAqxGI316PnfGIkfgEcII9AA-00549.jpg": {"object_bounding_box": [1054, 462, 53, 79], "object_presence": 1}, "P470--cannabis-vape-battery--clutter--RUOEu1br31o8BMaHlxdjAqxGI316PnfGIkfgEcII9AA-00550.jpg": {"object_bounding_box": [1053, 462, 54, 79], "object_presence": 1}, "P470--cannabis-vape-battery--clutter--RUOEu1br31o8BMaHlxdjAqxGI316PnfGIkfgEcII9AA-00551.jpg": {"object_bounding_box": [1057, 462, 46, 79], "object_presence": 1}, "P470--cannabis-vape-battery--clutter--RUOEu1br31o8BMaHlxdjAqxGI316PnfGIkfgEcII9AA-00552.jpg": {"object_bounding_box": [1057, 458, 46, 71], "object_presence": 1}, "P470--cannabis-vape-battery--clutter--RUOEu1br31o8BMaHlxdjAqxGI316PnfGIkfgEcII9AA-00553.jpg": {"object_bounding_box": [1062, 452, 36, 59], "object_presence": 1}, "P470--cannabis-vape-battery--clutter--RUOEu1br31o8BMaHlxdjAqxGI316PnfGIkfgEcII9AA-00554.jpg": {"object_bounding_box": [1065, 448, 29, 50], "object_presence": 1}, "P470--cannabis-vape-battery--clutter--RUOEu1br31o8BMaHlxdjAqxGI316PnfGIkfgEcII9AA-00555.jpg": {"object_bounding_box": [1065, 445, 29, 50], "object_presence": 1}, "P470--cannabis-vape-battery--clutter--RUOEu1br31o8BMaHlxdjAqxGI316PnfGIkfgEcII9AA-00556.jpg": {"object_bounding_box": [1070, 442, 21, 43], "object_presence": 1}, "P470--cannabis-vape-battery--clutter--RUOEu1br31o8BMaHlxdjAqxGI316PnfGIkfgEcII9AA-00557.jpg": {"object_bounding_box": [0, 0, 0, 0], "object_presence": 0}, "P470--cannabis-vape-battery--clutter--RUOEu1br31o8BMaHlxdjAqxGI316PnfGIkfgEcII9AA-00558.jpg": {"object_bounding_box": [0, 0, 0, 0], "object_presence": 0}, "P470--cannabis-vape-battery--clutter--RUOEu1br31o8BMaHlxdjAqxGI316PnfGIkfgEcII9AA-00559.jpg": {"object_bounding_box": [0, 0, 0, 0], "object_presence": 0}, "P470--cannabis-vape-battery--clutter--RUOEu1br31o8BMaHlxdjAqxGI316PnfGIkfgEcII9AA-00560.jpg": {"object_bounding_box": [0, 0, 0, 0], "object_presence": 0}, "P470--cannabis-vape-battery--clutter--RUOEu1br31o8BMaHlxdjAqxGI316PnfGIkfgEcII9AA-00561.jpg": {"object_bounding_box": [0, 0, 0, 0], "object_presence": 0}, "P470--cannabis-vape-battery--clutter--RUOEu1br31o8BMaHlxdjAqxGI316PnfGIkfgEcII9AA-00562.jpg": {"object_bounding_box": [0, 0, 0, 0], "object_presence": 0}, "P470--cannabis-vape-battery--clutter--RUOEu1br31o8BMaHlxdjAqxGI316PnfGIkfgEcII9AA-00563.jpg": {"object_bounding_box": [0, 0, 0, 0], "object_presence": 0}, "P470--cannabis-vape-battery--clutter--RUOEu1br31o8BMaHlxdjAqxGI316PnfGIkfgEcII9AA-00564.jpg": {"object_bounding_box": [0, 0, 0, 0], "object_presence": 0}, "P470--cannabis-vape-battery--clutter--RUOEu1br31o8BMaHlxdjAqxGI316PnfGIkfgEcII9AA-00565.jpg": {"object_bounding_box": [0, 0, 0, 0], "object_presence": 0}, "P470--cannabis-vape-battery--clutter--RUOEu1br31o8BMaHlxdjAqxGI316PnfGIkfgEcII9AA-00566.jpg": {"object_bounding_box": [0, 0, 0, 0], "object_presence": 0}, "P470--cannabis-vape-battery--clutter--RUOEu1br31o8BMaHlxdjAqxGI316PnfGIkfgEcII9AA-00567.jpg": {"object_bounding_box": [0, 0, 0, 0], "object_presence": 0}, "P470--cannabis-vape-battery--clutter--RUOEu1br31o8BMaHlxdjAqxGI316PnfGIkfgEcII9AA-00568.jpg": {"object_bounding_box": [0, 0, 0, 0], "object_presence": 0}, "P470--cannabis-vape-battery--clutter--RUOEu1br31o8BMaHlxdjAqxGI316PnfGIkfgEcII9AA-00569.jpg": {"object_bounding_box": [0, 0, 0, 0], "object_presence": 0}, "P470--cannabis-vape-battery--clutter--RUOEu1br31o8BMaHlxdjAqxGI316PnfGIkfgEcII9AA-00570.jpg": {"object_bounding_box": [0, 0, 0, 0], "object_presence": 0}, "P470--cannabis-vape-battery--clutter--RUOEu1br31o8BMaHlxdjAqxGI316PnfGIkfgEcII9AA-00571.jpg": {"object_bounding_box": [0, 0, 0, 0], "object_presence": 0}, "P470--cannabis-vape-battery--clutter--RUOEu1br31o8BMaHlxdjAqxGI316PnfGIkfgEcII9AA-00572.jpg": {"object_bounding_box": [0, 0, 0, 0], "object_presence": 0}, "P470--cannabis-vape-battery--clutter--RUOEu1br31o8BMaHlxdjAqxGI316PnfGIkfgEcII9AA-00573.jpg": {"object_bounding_box": [0, 0, 0, 0], "object_presence": 0}, "P470--cannabis-vape-battery--clutter--RUOEu1br31o8BMaHlxdjAqxGI316PnfGIkfgEcII9AA-00574.jpg": {"object_bounding_box": [0, 0, 0, 0], "object_presence": 0}, "P470--cannabis-vape-battery--clutter--RUOEu1br31o8BMaHlxdjAqxGI316PnfGIkfgEcII9AA-00575.jpg": {"object_bounding_box": [0, 0, 0, 0], "object_presence": 0}, "P470--cannabis-vape-battery--clutter--RUOEu1br31o8BMaHlxdjAqxGI316PnfGIkfgEcII9AA-00576.jpg": {"object_bounding_box": [0, 0, 0, 0], "object_presence": 0}, "P470--cannabis-vape-battery--clutter--RUOEu1br31o8BMaHlxdjAqxGI316PnfGIkfgEcII9AA-00577.jpg": {"object_bounding_box": [0, 0, 0, 0], "object_presence": 0}, "P470--cannabis-vape-battery--clutter--RUOEu1br31o8BMaHlxdjAqxGI316PnfGIkfgEcII9AA-00578.jpg": {"object_bounding_box": [0, 0, 0, 0], "object_presence": 0}, "P470--cannabis-vape-battery--clutter--RUOEu1br31o8BMaHlxdjAqxGI316PnfGIkfgEcII9AA-00579.jpg": {"object_bounding_box": [0, 0, 0, 0], "object_presence": 0}, "P470--cannabis-vape-battery--clutter--RUOEu1br31o8BMaHlxdjAqxGI316PnfGIkfgEcII9AA-00580.jpg": {"object_bounding_box": [0, 0, 0, 0], "object_presence": 0}, "P470--cannabis-vape-battery--clutter--RUOEu1br31o8BMaHlxdjAqxGI316PnfGIkfgEcII9AA-00581.jpg": {"object_bounding_box": [0, 0, 0, 0], "object_presence": 0}, "P470--cannabis-vape-battery--clutter--RUOEu1br31o8BMaHlxdjAqxGI316PnfGIkfgEcII9AA-00582.jpg": {"object_bounding_box": [0, 0, 0, 0], "object_presence": 0}, "P470--cannabis-vape-battery--clutter--RUOEu1br31o8BMaHlxdjAqxGI316PnfGIkfgEcII9AA-00583.jpg": {"object_bounding_box": [0, 0, 0, 0], "object_presence": 0}, "P470--cannabis-vape-battery--clutter--RUOEu1br31o8BMaHlxdjAqxGI316PnfGIkfgEcII9AA-00584.jpg": {"object_bounding_box": [0, 0, 0, 0], "object_presence": 0}, "P470--cannabis-vape-battery--clutter--RUOEu1br31o8BMaHlxdjAqxGI316PnfGIkfgEcII9AA-00585.jpg": {"object_bounding_box": [0, 0, 0, 0], "object_presence": 0}, "P470--cannabis-vape-battery--clutter--RUOEu1br31o8BMaHlxdjAqxGI316PnfGIkfgEcII9AA-00586.jpg": {"object_bounding_box": [0, 0, 0, 0], "object_presence": 0}, "P470--cannabis-vape-battery--clutter--RUOEu1br31o8BMaHlxdjAqxGI316PnfGIkfgEcII9AA-00587.jpg": {"object_bounding_box": [0, 0, 0, 0], "object_presence": 0}, "P470--cannabis-vape-battery--clutter--RUOEu1br31o8BMaHlxdjAqxGI316PnfGIkfgEcII9AA-00588.jpg": {"object_bounding_box": [0, 0, 0, 0], "object_presence": 0}, "P470--cannabis-vape-battery--clutter--RUOEu1br31o8BMaHlxdjAqxGI316PnfGIkfgEcII9AA-00589.jpg": {"object_bounding_box": [0, 0, 0, 0], "object_presence": 0}, "P470--cannabis-vape-battery--clutter--RUOEu1br31o8BMaHlxdjAqxGI316PnfGIkfgEcII9AA-00590.jpg": {"object_bounding_box": [0, 0, 0, 0], "object_presence": 0}, "P470--cannabis-vape-battery--clutter--RUOEu1br31o8BMaHlxdjAqxGI316PnfGIkfgEcII9AA-00591.jpg": {"object_bounding_box": [0, 0, 0, 0], "object_presence": 0}, "P470--cannabis-vape-battery--clutter--RUOEu1br31o8BMaHlxdjAqxGI316PnfGIkfgEcII9AA-00592.jpg": {"object_bounding_box": [0, 0, 0, 0], "object_presence": 0}, "P470--cannabis-vape-battery--clutter--RUOEu1br31o8BMaHlxdjAqxGI316PnfGIkfgEcII9AA-00593.jpg": {"object_bounding_box": [0, 0, 0, 0], "object_presence": 0}, "P470--cannabis-vape-battery--clutter--RUOEu1br31o8BMaHlxdjAqxGI316PnfGIkfgEcII9AA-00594.jpg": {"object_bounding_box": [0, 0, 0, 0], "object_presence": 0}, "P470--cannabis-vape-battery--clutter--RUOEu1br31o8BMaHlxdjAqxGI316PnfGIkfgEcII9AA-00595.jpg": {"object_bounding_box": [0, 0, 0, 0], "object_presence": 0}, "P470--cannabis-vape-battery--clutter--RUOEu1br31o8BMaHlxdjAqxGI316PnfGIkfgEcII9AA-00596.jpg": {"object_bounding_box": [0, 0, 0, 0], "object_presence": 0}}