{"P573--litter-and-dog-waste-bin--clutter--yQxf_YLaouK4E5WW_Ovec0jpwLj4w57-iIv0GDFn764-00001.jpg": {"object_bounding_box": [95, 15, 985, 1065], "object_presence": 1}, "P573--litter-and-dog-waste-bin--clutter--yQxf_YLaouK4E5WW_Ovec0jpwLj4w57-iIv0GDFn764-00002.jpg": {"object_bounding_box": [89, 15, 991, 1065], "object_presence": 1}, "P573--litter-and-dog-waste-bin--clutter--yQxf_YLaouK4E5WW_Ovec0jpwLj4w57-iIv0GDFn764-00003.jpg": {"object_bounding_box": [89, 15, 981, 1065], "object_presence": 1}, "P573--litter-and-dog-waste-bin--clutter--yQxf_YLaouK4E5WW_Ovec0jpwLj4w57-iIv0GDFn764-00004.jpg": {"object_bounding_box": [89, 13, 987, 1067], "object_presence": 1}, "P573--litter-and-dog-waste-bin--clutter--yQxf_YLaouK4E5WW_Ovec0jpwLj4w57-iIv0GDFn764-00005.jpg": {"object_bounding_box": [82, 2, 985, 1078], "object_presence": 1}, "P573--litter-and-dog-waste-bin--clutter--yQxf_YLaouK4E5WW_Ovec0jpwLj4w57-iIv0GDFn764-00006.jpg": {"object_bounding_box": [76, 2, 987, 1078], "object_presence": 1}, "P573--litter-and-dog-waste-bin--clutter--yQxf_YLaouK4E5WW_Ovec0jpwLj4w57-iIv0GDFn764-00007.jpg": {"object_bounding_box": [76, 2, 983, 1078], "object_presence": 1}, "P573--litter-and-dog-waste-bin--clutter--yQxf_YLaouK4E5WW_Ovec0jpwLj4w57-iIv0GDFn764-00008.jpg": {"object_bounding_box": [76, 6, 978, 1074], "object_presence": 1}, "P573--litter-and-dog-waste-bin--clutter--yQxf_YLaouK4E5WW_Ovec0jpwLj4w57-iIv0GDFn764-00009.jpg": {"object_bounding_box": [76, 6, 970, 1074], "object_presence": 1}, "P573--litter-and-dog-waste-bin--clutter--yQxf_YLaouK4E5WW_Ovec0jpwLj4w57-iIv0GDFn764-00010.jpg": {"object_bounding_box": [76, 13, 965, 1067], "object_presence": 1}, "P573--litter-and-dog-waste-bin--clutter--yQxf_YLaouK4E5WW_Ovec0jpwLj4w57-iIv0GDFn764-00011.jpg": {"object_bounding_box": [65, 22, 976, 1058], "object_presence": 1}, "P573--litter-and-dog-waste-bin--clutter--yQxf_YLaouK4E5WW_Ovec0jpwLj4w57-iIv0GDFn764-00012.jpg": {"object_bounding_box": [63, 30, 967, 1050], "object_presence": 1}, "P573--litter-and-dog-waste-bin--clutter--yQxf_YLaouK4E5WW_Ovec0jpwLj4w57-iIv0GDFn764-00013.jpg": {"object_bounding_box": [63, 45, 965, 1035], "object_presence": 1}, "P573--litter-and-dog-waste-bin--clutter--yQxf_YLaouK4E5WW_Ovec0jpwLj4w57-iIv0GDFn764-00014.jpg": {"object_bounding_box": [63, 58, 956, 1022], "object_presence": 1}, "P573--litter-and-dog-waste-bin--clutter--yQxf_YLaouK4E5WW_Ovec0jpwLj4w57-iIv0GDFn764-00015.jpg": {"object_bounding_box": [63, 61, 948, 1019], "object_presence": 1}, "P573--litter-and-dog-waste-bin--clutter--yQxf_YLaouK4E5WW_Ovec0jpwLj4w57-iIv0GDFn764-00016.jpg": {"object_bounding_box": [58, 72, 944, 1008], "object_presence": 1}, "P573--litter-and-dog-waste-bin--clutter--yQxf_YLaouK4E5WW_Ovec0jpwLj4w57-iIv0GDFn764-00017.jpg": {"object_bounding_box": [58, 78, 944, 1002], "object_presence": 1}, "P573--litter-and-dog-waste-bin--clutter--yQxf_YLaouK4E5WW_Ovec0jpwLj4w57-iIv0GDFn764-00018.jpg": {"object_bounding_box": [58, 85, 939, 995], "object_presence": 1}, "P573--litter-and-dog-waste-bin--clutter--yQxf_YLaouK4E5WW_Ovec0jpwLj4w57-iIv0GDFn764-00019.jpg": {"object_bounding_box": [58, 82, 939, 998], "object_presence": 1}, "P573--litter-and-dog-waste-bin--clutter--yQxf_YLaouK4E5WW_Ovec0jpwLj4w57-iIv0GDFn764-00020.jpg": {"object_bounding_box": [58, 82, 933, 998], "object_presence": 1}, "P573--litter-and-dog-waste-bin--clutter--yQxf_YLaouK4E5WW_Ovec0jpwLj4w57-iIv0GDFn764-00021.jpg": {"object_bounding_box": [58, 82, 941, 998], "object_presence": 1}, "P573--litter-and-dog-waste-bin--clutter--yQxf_YLaouK4E5WW_Ovec0jpwLj4w57-iIv0GDFn764-00022.jpg": {"object_bounding_box": [65, 76, 933, 1004], "object_presence": 1}, "P573--litter-and-dog-waste-bin--clutter--yQxf_YLaouK4E5WW_Ovec0jpwLj4w57-iIv0GDFn764-00023.jpg": {"object_bounding_box": [68, 76, 931, 1004], "object_presence": 1}, "P573--litter-and-dog-waste-bin--clutter--yQxf_YLaouK4E5WW_Ovec0jpwLj4w57-iIv0GDFn764-00024.jpg": {"object_bounding_box": [64, 76, 929, 1004], "object_presence": 1}, "P573--litter-and-dog-waste-bin--clutter--yQxf_YLaouK4E5WW_Ovec0jpwLj4w57-iIv0GDFn764-00025.jpg": {"object_bounding_box": [58, 74, 935, 1006], "object_presence": 1}, "P573--litter-and-dog-waste-bin--clutter--yQxf_YLaouK4E5WW_Ovec0jpwLj4w57-iIv0GDFn764-00026.jpg": {"object_bounding_box": [65, 74, 922, 1006], "object_presence": 1}, "P573--litter-and-dog-waste-bin--clutter--yQxf_YLaouK4E5WW_Ovec0jpwLj4w57-iIv0GDFn764-00027.jpg": {"object_bounding_box": [65, 85, 919, 995], "object_presence": 1}, "P573--litter-and-dog-waste-bin--clutter--yQxf_YLaouK4E5WW_Ovec0jpwLj4w57-iIv0GDFn764-00028.jpg": {"object_bounding_box": [65, 85, 919, 995], "object_presence": 1}, "P573--litter-and-dog-waste-bin--clutter--yQxf_YLaouK4E5WW_Ovec0jpwLj4w57-iIv0GDFn764-00029.jpg": {"object_bounding_box": [73, 85, 909, 995], "object_presence": 1}, "P573--litter-and-dog-waste-bin--clutter--yQxf_YLaouK4E5WW_Ovec0jpwLj4w57-iIv0GDFn764-00030.jpg": {"object_bounding_box": [73, 85, 913, 995], "object_presence": 1}, "P573--litter-and-dog-waste-bin--clutter--yQxf_YLaouK4E5WW_Ovec0jpwLj4w57-iIv0GDFn764-00031.jpg": {"object_bounding_box": [76, 84, 909, 996], "object_presence": 1}, "P573--litter-and-dog-waste-bin--clutter--yQxf_YLaouK4E5WW_Ovec0jpwLj4w57-iIv0GDFn764-00032.jpg": {"object_bounding_box": [76, 84, 902, 996], "object_presence": 1}, "P573--litter-and-dog-waste-bin--clutter--yQxf_YLaouK4E5WW_Ovec0jpwLj4w57-iIv0GDFn764-00033.jpg": {"object_bounding_box": [80, 84, 894, 996], "object_presence": 1}, "P573--litter-and-dog-waste-bin--clutter--yQxf_YLaouK4E5WW_Ovec0jpwLj4w57-iIv0GDFn764-00034.jpg": {"object_bounding_box": [80, 82, 894, 998], "object_presence": 1}, "P573--litter-and-dog-waste-bin--clutter--yQxf_YLaouK4E5WW_Ovec0jpwLj4w57-iIv0GDFn764-00035.jpg": {"object_bounding_box": [80, 80, 883, 1000], "object_presence": 1}, "P573--litter-and-dog-waste-bin--clutter--yQxf_YLaouK4E5WW_Ovec0jpwLj4w57-iIv0GDFn764-00036.jpg": {"object_bounding_box": [80, 71, 876, 1009], "object_presence": 1}, "P573--litter-and-dog-waste-bin--clutter--yQxf_YLaouK4E5WW_Ovec0jpwLj4w57-iIv0GDFn764-00037.jpg": {"object_bounding_box": [80, 63, 874, 1017], "object_presence": 1}, "P573--litter-and-dog-waste-bin--clutter--yQxf_YLaouK4E5WW_Ovec0jpwLj4w57-iIv0GDFn764-00038.jpg": {"object_bounding_box": [80, 58, 874, 1022], "object_presence": 1}, "P573--litter-and-dog-waste-bin--clutter--yQxf_YLaouK4E5WW_Ovec0jpwLj4w57-iIv0GDFn764-00039.jpg": {"object_bounding_box": [80, 45, 859, 1035], "object_presence": 1}, "P573--litter-and-dog-waste-bin--clutter--yQxf_YLaouK4E5WW_Ovec0jpwLj4w57-iIv0GDFn764-00040.jpg": {"object_bounding_box": [80, 35, 846, 1045], "object_presence": 1}, "P573--litter-and-dog-waste-bin--clutter--yQxf_YLaouK4E5WW_Ovec0jpwLj4w57-iIv0GDFn764-00041.jpg": {"object_bounding_box": [80, 24, 846, 1056], "object_presence": 1}, "P573--litter-and-dog-waste-bin--clutter--yQxf_YLaouK4E5WW_Ovec0jpwLj4w57-iIv0GDFn764-00042.jpg": {"object_bounding_box": [80, 15, 833, 1065], "object_presence": 1}, "P573--litter-and-dog-waste-bin--clutter--yQxf_YLaouK4E5WW_Ovec0jpwLj4w57-iIv0GDFn764-00043.jpg": {"object_bounding_box": [74, 9, 830, 1071], "object_presence": 1}, "P573--litter-and-dog-waste-bin--clutter--yQxf_YLaouK4E5WW_Ovec0jpwLj4w57-iIv0GDFn764-00044.jpg": {"object_bounding_box": [74, 6, 822, 1074], "object_presence": 1}, "P573--litter-and-dog-waste-bin--clutter--yQxf_YLaouK4E5WW_Ovec0jpwLj4w57-iIv0GDFn764-00045.jpg": {"object_bounding_box": [74, 6, 811, 1074], "object_presence": 1}, "P573--litter-and-dog-waste-bin--clutter--yQxf_YLaouK4E5WW_Ovec0jpwLj4w57-iIv0GDFn764-00046.jpg": {"object_bounding_box": [84, 0, 802, 1080], "object_presence": 1}, "P573--litter-and-dog-waste-bin--clutter--yQxf_YLaouK4E5WW_Ovec0jpwLj4w57-iIv0GDFn764-00047.jpg": {"object_bounding_box": [84, 0, 798, 1080], "object_presence": 1}, "P573--litter-and-dog-waste-bin--clutter--yQxf_YLaouK4E5WW_Ovec0jpwLj4w57-iIv0GDFn764-00048.jpg": {"object_bounding_box": [91, 19, 781, 1061], "object_presence": 1}, "P573--litter-and-dog-waste-bin--clutter--yQxf_YLaouK4E5WW_Ovec0jpwLj4w57-iIv0GDFn764-00049.jpg": {"object_bounding_box": [106, 21, 774, 1059], "object_presence": 1}, "P573--litter-and-dog-waste-bin--clutter--yQxf_YLaouK4E5WW_Ovec0jpwLj4w57-iIv0GDFn764-00050.jpg": {"object_bounding_box": [121, 0, 778, 1080], "object_presence": 1}, "P573--litter-and-dog-waste-bin--clutter--yQxf_YLaouK4E5WW_Ovec0jpwLj4w57-iIv0GDFn764-00051.jpg": {"object_bounding_box": [121, 4, 761, 1076], "object_presence": 1}, "P573--litter-and-dog-waste-bin--clutter--yQxf_YLaouK4E5WW_Ovec0jpwLj4w57-iIv0GDFn764-00052.jpg": {"object_bounding_box": [100, 22, 752, 1058], "object_presence": 1}, "P573--litter-and-dog-waste-bin--clutter--yQxf_YLaouK4E5WW_Ovec0jpwLj4w57-iIv0GDFn764-00053.jpg": {"object_bounding_box": [100, 6, 752, 1074], "object_presence": 1}, "P573--litter-and-dog-waste-bin--clutter--yQxf_YLaouK4E5WW_Ovec0jpwLj4w57-iIv0GDFn764-00054.jpg": {"object_bounding_box": [111, 0, 754, 1080], "object_presence": 1}, "P573--litter-and-dog-waste-bin--clutter--yQxf_YLaouK4E5WW_Ovec0jpwLj4w57-iIv0GDFn764-00055.jpg": {"object_bounding_box": [115, 0, 761, 1080], "object_presence": 1}, "P573--litter-and-dog-waste-bin--clutter--yQxf_YLaouK4E5WW_Ovec0jpwLj4w57-iIv0GDFn764-00056.jpg": {"object_bounding_box": [135, 0, 743, 1080], "object_presence": 1}, "P573--litter-and-dog-waste-bin--clutter--yQxf_YLaouK4E5WW_Ovec0jpwLj4w57-iIv0GDFn764-00057.jpg": {"object_bounding_box": [121, 0, 746, 1080], "object_presence": 1}, "P573--litter-and-dog-waste-bin--clutter--yQxf_YLaouK4E5WW_Ovec0jpwLj4w57-iIv0GDFn764-00058.jpg": {"object_bounding_box": [121, 0, 731, 1080], "object_presence": 1}, "P573--litter-and-dog-waste-bin--clutter--yQxf_YLaouK4E5WW_Ovec0jpwLj4w57-iIv0GDFn764-00059.jpg": {"object_bounding_box": [141, 0, 733, 1080], "object_presence": 1}, "P573--litter-and-dog-waste-bin--clutter--yQxf_YLaouK4E5WW_Ovec0jpwLj4w57-iIv0GDFn764-00060.jpg": {"object_bounding_box": [139, 0, 730, 1080], "object_presence": 1}, "P573--litter-and-dog-waste-bin--clutter--yQxf_YLaouK4E5WW_Ovec0jpwLj4w57-iIv0GDFn764-00061.jpg": {"object_bounding_box": [143, 0, 722, 1080], "object_presence": 1}, "P573--litter-and-dog-waste-bin--clutter--yQxf_YLaouK4E5WW_Ovec0jpwLj4w57-iIv0GDFn764-00062.jpg": {"object_bounding_box": [141, 0, 713, 1080], "object_presence": 1}, "P573--litter-and-dog-waste-bin--clutter--yQxf_YLaouK4E5WW_Ovec0jpwLj4w57-iIv0GDFn764-00063.jpg": {"object_bounding_box": [123, 32, 702, 1048], "object_presence": 1}, "P573--litter-and-dog-waste-bin--clutter--yQxf_YLaouK4E5WW_Ovec0jpwLj4w57-iIv0GDFn764-00064.jpg": {"object_bounding_box": [111, 72, 694, 1008], "object_presence": 1}, "P573--litter-and-dog-waste-bin--clutter--yQxf_YLaouK4E5WW_Ovec0jpwLj4w57-iIv0GDFn764-00065.jpg": {"object_bounding_box": [100, 87, 689, 993], "object_presence": 1}, "P573--litter-and-dog-waste-bin--clutter--yQxf_YLaouK4E5WW_Ovec0jpwLj4w57-iIv0GDFn764-00066.jpg": {"object_bounding_box": [98, 102, 676, 978], "object_presence": 1}, "P573--litter-and-dog-waste-bin--clutter--yQxf_YLaouK4E5WW_Ovec0jpwLj4w57-iIv0GDFn764-00067.jpg": {"object_bounding_box": [102, 121, 669, 959], "object_presence": 1}, "P573--litter-and-dog-waste-bin--clutter--yQxf_YLaouK4E5WW_Ovec0jpwLj4w57-iIv0GDFn764-00068.jpg": {"object_bounding_box": [102, 137, 669, 943], "object_presence": 1}, "P573--litter-and-dog-waste-bin--clutter--yQxf_YLaouK4E5WW_Ovec0jpwLj4w57-iIv0GDFn764-00069.jpg": {"object_bounding_box": [102, 143, 652, 937], "object_presence": 1}, "P573--litter-and-dog-waste-bin--clutter--yQxf_YLaouK4E5WW_Ovec0jpwLj4w57-iIv0GDFn764-00070.jpg": {"object_bounding_box": [102, 152, 646, 928], "object_presence": 1}, "P573--litter-and-dog-waste-bin--clutter--yQxf_YLaouK4E5WW_Ovec0jpwLj4w57-iIv0GDFn764-00071.jpg": {"object_bounding_box": [93, 172, 646, 908], "object_presence": 1}, "P573--litter-and-dog-waste-bin--clutter--yQxf_YLaouK4E5WW_Ovec0jpwLj4w57-iIv0GDFn764-00072.jpg": {"object_bounding_box": [93, 217, 628, 863], "object_presence": 1}, "P573--litter-and-dog-waste-bin--clutter--yQxf_YLaouK4E5WW_Ovec0jpwLj4w57-iIv0GDFn764-00073.jpg": {"object_bounding_box": [102, 209, 628, 871], "object_presence": 1}, "P573--litter-and-dog-waste-bin--clutter--yQxf_YLaouK4E5WW_Ovec0jpwLj4w57-iIv0GDFn764-00074.jpg": {"object_bounding_box": [95, 165, 635, 915], "object_presence": 1}, "P573--litter-and-dog-waste-bin--clutter--yQxf_YLaouK4E5WW_Ovec0jpwLj4w57-iIv0GDFn764-00075.jpg": {"object_bounding_box": [95, 148, 635, 932], "object_presence": 1}, "P573--litter-and-dog-waste-bin--clutter--yQxf_YLaouK4E5WW_Ovec0jpwLj4w57-iIv0GDFn764-00076.jpg": {"object_bounding_box": [110, 163, 620, 917], "object_presence": 1}, "P573--litter-and-dog-waste-bin--clutter--yQxf_YLaouK4E5WW_Ovec0jpwLj4w57-iIv0GDFn764-00077.jpg": {"object_bounding_box": [110, 180, 619, 900], "object_presence": 1}, "P573--litter-and-dog-waste-bin--clutter--yQxf_YLaouK4E5WW_Ovec0jpwLj4w57-iIv0GDFn764-00078.jpg": {"object_bounding_box": [110, 185, 604, 895], "object_presence": 1}, "P573--litter-and-dog-waste-bin--clutter--yQxf_YLaouK4E5WW_Ovec0jpwLj4w57-iIv0GDFn764-00079.jpg": {"object_bounding_box": [87, 211, 604, 869], "object_presence": 1}, "P573--litter-and-dog-waste-bin--clutter--yQxf_YLaouK4E5WW_Ovec0jpwLj4w57-iIv0GDFn764-00080.jpg": {"object_bounding_box": [87, 200, 602, 880], "object_presence": 1}, "P573--litter-and-dog-waste-bin--clutter--yQxf_YLaouK4E5WW_Ovec0jpwLj4w57-iIv0GDFn764-00081.jpg": {"object_bounding_box": [80, 158, 609, 922], "object_presence": 1}, "P573--litter-and-dog-waste-bin--clutter--yQxf_YLaouK4E5WW_Ovec0jpwLj4w57-iIv0GDFn764-00082.jpg": {"object_bounding_box": [67, 134, 607, 946], "object_presence": 1}, "P573--litter-and-dog-waste-bin--clutter--yQxf_YLaouK4E5WW_Ovec0jpwLj4w57-iIv0GDFn764-00083.jpg": {"object_bounding_box": [52, 141, 598, 939], "object_presence": 1}, "P573--litter-and-dog-waste-bin--clutter--yQxf_YLaouK4E5WW_Ovec0jpwLj4w57-iIv0GDFn764-00084.jpg": {"object_bounding_box": [52, 161, 589, 919], "object_presence": 1}, "P573--litter-and-dog-waste-bin--clutter--yQxf_YLaouK4E5WW_Ovec0jpwLj4w57-iIv0GDFn764-00085.jpg": {"object_bounding_box": [43, 154, 591, 926], "object_presence": 1}, "P573--litter-and-dog-waste-bin--clutter--yQxf_YLaouK4E5WW_Ovec0jpwLj4w57-iIv0GDFn764-00086.jpg": {"object_bounding_box": [32, 152, 596, 928], "object_presence": 1}, "P573--litter-and-dog-waste-bin--clutter--yQxf_YLaouK4E5WW_Ovec0jpwLj4w57-iIv0GDFn764-00087.jpg": {"object_bounding_box": [32, 159, 587, 921], "object_presence": 1}, "P573--litter-and-dog-waste-bin--clutter--yQxf_YLaouK4E5WW_Ovec0jpwLj4w57-iIv0GDFn764-00088.jpg": {"object_bounding_box": [32, 163, 587, 917], "object_presence": 1}, "P573--litter-and-dog-waste-bin--clutter--yQxf_YLaouK4E5WW_Ovec0jpwLj4w57-iIv0GDFn764-00089.jpg": {"object_bounding_box": [32, 163, 587, 917], "object_presence": 1}, "P573--litter-and-dog-waste-bin--clutter--yQxf_YLaouK4E5WW_Ovec0jpwLj4w57-iIv0GDFn764-00090.jpg": {"object_bounding_box": [39, 165, 583, 915], "object_presence": 1}, "P573--litter-and-dog-waste-bin--clutter--yQxf_YLaouK4E5WW_Ovec0jpwLj4w57-iIv0GDFn764-00091.jpg": {"object_bounding_box": [32, 176, 583, 904], "object_presence": 1}, "P573--litter-and-dog-waste-bin--clutter--yQxf_YLaouK4E5WW_Ovec0jpwLj4w57-iIv0GDFn764-00092.jpg": {"object_bounding_box": [32, 189, 576, 891], "object_presence": 1}, "P573--litter-and-dog-waste-bin--clutter--yQxf_YLaouK4E5WW_Ovec0jpwLj4w57-iIv0GDFn764-00093.jpg": {"object_bounding_box": [43, 189, 572, 891], "object_presence": 1}, "P573--litter-and-dog-waste-bin--clutter--yQxf_YLaouK4E5WW_Ovec0jpwLj4w57-iIv0GDFn764-00094.jpg": {"object_bounding_box": [52, 189, 572, 891], "object_presence": 1}, "P573--litter-and-dog-waste-bin--clutter--yQxf_YLaouK4E5WW_Ovec0jpwLj4w57-iIv0GDFn764-00095.jpg": {"object_bounding_box": [58, 198, 574, 882], "object_presence": 1}, "P573--litter-and-dog-waste-bin--clutter--yQxf_YLaouK4E5WW_Ovec0jpwLj4w57-iIv0GDFn764-00096.jpg": {"object_bounding_box": [63, 219, 567, 861], "object_presence": 1}, "P573--litter-and-dog-waste-bin--clutter--yQxf_YLaouK4E5WW_Ovec0jpwLj4w57-iIv0GDFn764-00097.jpg": {"object_bounding_box": [76, 230, 561, 850], "object_presence": 1}, "P573--litter-and-dog-waste-bin--clutter--yQxf_YLaouK4E5WW_Ovec0jpwLj4w57-iIv0GDFn764-00098.jpg": {"object_bounding_box": [76, 211, 563, 869], "object_presence": 1}, "P573--litter-and-dog-waste-bin--clutter--yQxf_YLaouK4E5WW_Ovec0jpwLj4w57-iIv0GDFn764-00099.jpg": {"object_bounding_box": [87, 191, 565, 889], "object_presence": 1}, "P573--litter-and-dog-waste-bin--clutter--yQxf_YLaouK4E5WW_Ovec0jpwLj4w57-iIv0GDFn764-00100.jpg": {"object_bounding_box": [93, 176, 559, 904], "object_presence": 1}, "P573--litter-and-dog-waste-bin--clutter--yQxf_YLaouK4E5WW_Ovec0jpwLj4w57-iIv0GDFn764-00101.jpg": {"object_bounding_box": [106, 176, 546, 904], "object_presence": 1}, "P573--litter-and-dog-waste-bin--clutter--yQxf_YLaouK4E5WW_Ovec0jpwLj4w57-iIv0GDFn764-00102.jpg": {"object_bounding_box": [106, 172, 557, 908], "object_presence": 1}, "P573--litter-and-dog-waste-bin--clutter--yQxf_YLaouK4E5WW_Ovec0jpwLj4w57-iIv0GDFn764-00103.jpg": {"object_bounding_box": [115, 156, 552, 924], "object_presence": 1}, "P573--litter-and-dog-waste-bin--clutter--yQxf_YLaouK4E5WW_Ovec0jpwLj4w57-iIv0GDFn764-00104.jpg": {"object_bounding_box": [123, 135, 554, 945], "object_presence": 1}, "P573--litter-and-dog-waste-bin--clutter--yQxf_YLaouK4E5WW_Ovec0jpwLj4w57-iIv0GDFn764-00105.jpg": {"object_bounding_box": [132, 119, 557, 961], "object_presence": 1}, "P573--litter-and-dog-waste-bin--clutter--yQxf_YLaouK4E5WW_Ovec0jpwLj4w57-iIv0GDFn764-00106.jpg": {"object_bounding_box": [137, 113, 552, 967], "object_presence": 1}, "P573--litter-and-dog-waste-bin--clutter--yQxf_YLaouK4E5WW_Ovec0jpwLj4w57-iIv0GDFn764-00107.jpg": {"object_bounding_box": [143, 113, 552, 967], "object_presence": 1}, "P573--litter-and-dog-waste-bin--clutter--yQxf_YLaouK4E5WW_Ovec0jpwLj4w57-iIv0GDFn764-00108.jpg": {"object_bounding_box": [154, 126, 550, 954], "object_presence": 1}, "P573--litter-and-dog-waste-bin--clutter--yQxf_YLaouK4E5WW_Ovec0jpwLj4w57-iIv0GDFn764-00109.jpg": {"object_bounding_box": [154, 119, 544, 961], "object_presence": 1}, "P573--litter-and-dog-waste-bin--clutter--yQxf_YLaouK4E5WW_Ovec0jpwLj4w57-iIv0GDFn764-00110.jpg": {"object_bounding_box": [154, 122, 550, 958], "object_presence": 1}, "P573--litter-and-dog-waste-bin--clutter--yQxf_YLaouK4E5WW_Ovec0jpwLj4w57-iIv0GDFn764-00111.jpg": {"object_bounding_box": [154, 130, 550, 950], "object_presence": 1}, "P573--litter-and-dog-waste-bin--clutter--yQxf_YLaouK4E5WW_Ovec0jpwLj4w57-iIv0GDFn764-00112.jpg": {"object_bounding_box": [154, 128, 548, 952], "object_presence": 1}, "P573--litter-and-dog-waste-bin--clutter--yQxf_YLaouK4E5WW_Ovec0jpwLj4w57-iIv0GDFn764-00113.jpg": {"object_bounding_box": [152, 137, 544, 943], "object_presence": 1}, "P573--litter-and-dog-waste-bin--clutter--yQxf_YLaouK4E5WW_Ovec0jpwLj4w57-iIv0GDFn764-00114.jpg": {"object_bounding_box": [145, 163, 543, 917], "object_presence": 1}, "P573--litter-and-dog-waste-bin--clutter--yQxf_YLaouK4E5WW_Ovec0jpwLj4w57-iIv0GDFn764-00115.jpg": {"object_bounding_box": [145, 189, 533, 891], "object_presence": 1}, "P573--litter-and-dog-waste-bin--clutter--yQxf_YLaouK4E5WW_Ovec0jpwLj4w57-iIv0GDFn764-00116.jpg": {"object_bounding_box": [134, 198, 533, 882], "object_presence": 1}, "P573--litter-and-dog-waste-bin--clutter--yQxf_YLaouK4E5WW_Ovec0jpwLj4w57-iIv0GDFn764-00117.jpg": {"object_bounding_box": [128, 208, 531, 872], "object_presence": 1}, "P573--litter-and-dog-waste-bin--clutter--yQxf_YLaouK4E5WW_Ovec0jpwLj4w57-iIv0GDFn764-00118.jpg": {"object_bounding_box": [128, 228, 531, 852], "object_presence": 1}, "P573--litter-and-dog-waste-bin--clutter--yQxf_YLaouK4E5WW_Ovec0jpwLj4w57-iIv0GDFn764-00119.jpg": {"object_bounding_box": [128, 235, 541, 845], "object_presence": 1}, "P573--litter-and-dog-waste-bin--clutter--yQxf_YLaouK4E5WW_Ovec0jpwLj4w57-iIv0GDFn764-00120.jpg": {"object_bounding_box": [128, 235, 541, 845], "object_presence": 1}, "P573--litter-and-dog-waste-bin--clutter--yQxf_YLaouK4E5WW_Ovec0jpwLj4w57-iIv0GDFn764-00121.jpg": {"object_bounding_box": [135, 235, 539, 845], "object_presence": 1}, "P573--litter-and-dog-waste-bin--clutter--yQxf_YLaouK4E5WW_Ovec0jpwLj4w57-iIv0GDFn764-00122.jpg": {"object_bounding_box": [148, 239, 541, 841], "object_presence": 1}, "P573--litter-and-dog-waste-bin--clutter--yQxf_YLaouK4E5WW_Ovec0jpwLj4w57-iIv0GDFn764-00123.jpg": {"object_bounding_box": [148, 234, 541, 846], "object_presence": 1}, "P573--litter-and-dog-waste-bin--clutter--yQxf_YLaouK4E5WW_Ovec0jpwLj4w57-iIv0GDFn764-00124.jpg": {"object_bounding_box": [148, 210, 546, 870], "object_presence": 1}, "P573--litter-and-dog-waste-bin--clutter--yQxf_YLaouK4E5WW_Ovec0jpwLj4w57-iIv0GDFn764-00125.jpg": {"object_bounding_box": [152, 197, 546, 883], "object_presence": 1}, "P573--litter-and-dog-waste-bin--clutter--yQxf_YLaouK4E5WW_Ovec0jpwLj4w57-iIv0GDFn764-00126.jpg": {"object_bounding_box": [141, 195, 557, 885], "object_presence": 1}, "P573--litter-and-dog-waste-bin--clutter--yQxf_YLaouK4E5WW_Ovec0jpwLj4w57-iIv0GDFn764-00127.jpg": {"object_bounding_box": [139, 178, 556, 902], "object_presence": 1}, "P573--litter-and-dog-waste-bin--clutter--yQxf_YLaouK4E5WW_Ovec0jpwLj4w57-iIv0GDFn764-00128.jpg": {"object_bounding_box": [139, 178, 552, 902], "object_presence": 1}, "P573--litter-and-dog-waste-bin--clutter--yQxf_YLaouK4E5WW_Ovec0jpwLj4w57-iIv0GDFn764-00129.jpg": {"object_bounding_box": [134, 178, 557, 902], "object_presence": 1}, "P573--litter-and-dog-waste-bin--clutter--yQxf_YLaouK4E5WW_Ovec0jpwLj4w57-iIv0GDFn764-00130.jpg": {"object_bounding_box": [126, 178, 548, 902], "object_presence": 1}, "P573--litter-and-dog-waste-bin--clutter--yQxf_YLaouK4E5WW_Ovec0jpwLj4w57-iIv0GDFn764-00131.jpg": {"object_bounding_box": [126, 189, 543, 891], "object_presence": 1}, "P573--litter-and-dog-waste-bin--clutter--yQxf_YLaouK4E5WW_Ovec0jpwLj4w57-iIv0GDFn764-00132.jpg": {"object_bounding_box": [143, 211, 531, 869], "object_presence": 1}, "P573--litter-and-dog-waste-bin--clutter--yQxf_YLaouK4E5WW_Ovec0jpwLj4w57-iIv0GDFn764-00133.jpg": {"object_bounding_box": [150, 219, 526, 861], "object_presence": 1}, "P573--litter-and-dog-waste-bin--clutter--yQxf_YLaouK4E5WW_Ovec0jpwLj4w57-iIv0GDFn764-00134.jpg": {"object_bounding_box": [145, 215, 522, 865], "object_presence": 1}, "P573--litter-and-dog-waste-bin--clutter--yQxf_YLaouK4E5WW_Ovec0jpwLj4w57-iIv0GDFn764-00135.jpg": {"object_bounding_box": [148, 204, 511, 876], "object_presence": 1}, "P573--litter-and-dog-waste-bin--clutter--yQxf_YLaouK4E5WW_Ovec0jpwLj4w57-iIv0GDFn764-00136.jpg": {"object_bounding_box": [160, 202, 509, 878], "object_presence": 1}, "P573--litter-and-dog-waste-bin--clutter--yQxf_YLaouK4E5WW_Ovec0jpwLj4w57-iIv0GDFn764-00137.jpg": {"object_bounding_box": [169, 208, 511, 872], "object_presence": 1}, "P573--litter-and-dog-waste-bin--clutter--yQxf_YLaouK4E5WW_Ovec0jpwLj4w57-iIv0GDFn764-00138.jpg": {"object_bounding_box": [169, 208, 509, 872], "object_presence": 1}, "P573--litter-and-dog-waste-bin--clutter--yQxf_YLaouK4E5WW_Ovec0jpwLj4w57-iIv0GDFn764-00139.jpg": {"object_bounding_box": [173, 222, 500, 858], "object_presence": 1}, "P573--litter-and-dog-waste-bin--clutter--yQxf_YLaouK4E5WW_Ovec0jpwLj4w57-iIv0GDFn764-00140.jpg": {"object_bounding_box": [187, 230, 494, 850], "object_presence": 1}, "P573--litter-and-dog-waste-bin--clutter--yQxf_YLaouK4E5WW_Ovec0jpwLj4w57-iIv0GDFn764-00141.jpg": {"object_bounding_box": [187, 213, 494, 867], "object_presence": 1}, "P573--litter-and-dog-waste-bin--clutter--yQxf_YLaouK4E5WW_Ovec0jpwLj4w57-iIv0GDFn764-00142.jpg": {"object_bounding_box": [200, 208, 493, 872], "object_presence": 1}, "P573--litter-and-dog-waste-bin--clutter--yQxf_YLaouK4E5WW_Ovec0jpwLj4w57-iIv0GDFn764-00143.jpg": {"object_bounding_box": [208, 217, 493, 863], "object_presence": 1}, "P573--litter-and-dog-waste-bin--clutter--yQxf_YLaouK4E5WW_Ovec0jpwLj4w57-iIv0GDFn764-00144.jpg": {"object_bounding_box": [211, 217, 489, 863], "object_presence": 1}, "P573--litter-and-dog-waste-bin--clutter--yQxf_YLaouK4E5WW_Ovec0jpwLj4w57-iIv0GDFn764-00145.jpg": {"object_bounding_box": [223, 217, 478, 863], "object_presence": 1}, "P573--litter-and-dog-waste-bin--clutter--yQxf_YLaouK4E5WW_Ovec0jpwLj4w57-iIv0GDFn764-00146.jpg": {"object_bounding_box": [234, 209, 476, 871], "object_presence": 1}, "P573--litter-and-dog-waste-bin--clutter--yQxf_YLaouK4E5WW_Ovec0jpwLj4w57-iIv0GDFn764-00147.jpg": {"object_bounding_box": [223, 198, 487, 882], "object_presence": 1}, "P573--litter-and-dog-waste-bin--clutter--yQxf_YLaouK4E5WW_Ovec0jpwLj4w57-iIv0GDFn764-00148.jpg": {"object_bounding_box": [232, 211, 485, 869], "object_presence": 1}, "P573--litter-and-dog-waste-bin--clutter--yQxf_YLaouK4E5WW_Ovec0jpwLj4w57-iIv0GDFn764-00149.jpg": {"object_bounding_box": [237, 234, 485, 846], "object_presence": 1}, "P573--litter-and-dog-waste-bin--clutter--yQxf_YLaouK4E5WW_Ovec0jpwLj4w57-iIv0GDFn764-00150.jpg": {"object_bounding_box": [247, 252, 485, 828], "object_presence": 1}, "P573--litter-and-dog-waste-bin--clutter--yQxf_YLaouK4E5WW_Ovec0jpwLj4w57-iIv0GDFn764-00151.jpg": {"object_bounding_box": [256, 267, 487, 813], "object_presence": 1}, "P573--litter-and-dog-waste-bin--clutter--yQxf_YLaouK4E5WW_Ovec0jpwLj4w57-iIv0GDFn764-00152.jpg": {"object_bounding_box": [273, 276, 491, 804], "object_presence": 1}, "P573--litter-and-dog-waste-bin--clutter--yQxf_YLaouK4E5WW_Ovec0jpwLj4w57-iIv0GDFn764-00153.jpg": {"object_bounding_box": [280, 263, 494, 817], "object_presence": 1}, "P573--litter-and-dog-waste-bin--clutter--yQxf_YLaouK4E5WW_Ovec0jpwLj4w57-iIv0GDFn764-00154.jpg": {"object_bounding_box": [295, 269, 487, 811], "object_presence": 1}, "P573--litter-and-dog-waste-bin--clutter--yQxf_YLaouK4E5WW_Ovec0jpwLj4w57-iIv0GDFn764-00155.jpg": {"object_bounding_box": [311, 269, 483, 811], "object_presence": 1}, "P573--litter-and-dog-waste-bin--clutter--yQxf_YLaouK4E5WW_Ovec0jpwLj4w57-iIv0GDFn764-00156.jpg": {"object_bounding_box": [323, 256, 480, 824], "object_presence": 1}, "P573--litter-and-dog-waste-bin--clutter--yQxf_YLaouK4E5WW_Ovec0jpwLj4w57-iIv0GDFn764-00157.jpg": {"object_bounding_box": [328, 237, 481, 843], "object_presence": 1}, "P573--litter-and-dog-waste-bin--clutter--yQxf_YLaouK4E5WW_Ovec0jpwLj4w57-iIv0GDFn764-00158.jpg": {"object_bounding_box": [335, 226, 474, 854], "object_presence": 1}, "P573--litter-and-dog-waste-bin--clutter--yQxf_YLaouK4E5WW_Ovec0jpwLj4w57-iIv0GDFn764-00159.jpg": {"object_bounding_box": [337, 222, 474, 839], "object_presence": 1}, "P573--litter-and-dog-waste-bin--clutter--yQxf_YLaouK4E5WW_Ovec0jpwLj4w57-iIv0GDFn764-00160.jpg": {"object_bounding_box": [337, 221, 470, 841], "object_presence": 1}, "P573--litter-and-dog-waste-bin--clutter--yQxf_YLaouK4E5WW_Ovec0jpwLj4w57-iIv0GDFn764-00161.jpg": {"object_bounding_box": [347, 221, 461, 841], "object_presence": 1}, "P573--litter-and-dog-waste-bin--clutter--yQxf_YLaouK4E5WW_Ovec0jpwLj4w57-iIv0GDFn764-00162.jpg": {"object_bounding_box": [343, 219, 465, 837], "object_presence": 1}, "P573--litter-and-dog-waste-bin--clutter--yQxf_YLaouK4E5WW_Ovec0jpwLj4w57-iIv0GDFn764-00163.jpg": {"object_bounding_box": [345, 217, 465, 834], "object_presence": 1}, "P573--litter-and-dog-waste-bin--clutter--yQxf_YLaouK4E5WW_Ovec0jpwLj4w57-iIv0GDFn764-00164.jpg": {"object_bounding_box": [345, 213, 459, 834], "object_presence": 1}, "P573--litter-and-dog-waste-bin--clutter--yQxf_YLaouK4E5WW_Ovec0jpwLj4w57-iIv0GDFn764-00165.jpg": {"object_bounding_box": [339, 215, 463, 828], "object_presence": 1}, "P573--litter-and-dog-waste-bin--clutter--yQxf_YLaouK4E5WW_Ovec0jpwLj4w57-iIv0GDFn764-00166.jpg": {"object_bounding_box": [341, 217, 456, 826], "object_presence": 1}, "P573--litter-and-dog-waste-bin--clutter--yQxf_YLaouK4E5WW_Ovec0jpwLj4w57-iIv0GDFn764-00167.jpg": {"object_bounding_box": [343, 230, 454, 813], "object_presence": 1}, "P573--litter-and-dog-waste-bin--clutter--yQxf_YLaouK4E5WW_Ovec0jpwLj4w57-iIv0GDFn764-00168.jpg": {"object_bounding_box": [339, 243, 450, 817], "object_presence": 1}, "P573--litter-and-dog-waste-bin--clutter--yQxf_YLaouK4E5WW_Ovec0jpwLj4w57-iIv0GDFn764-00169.jpg": {"object_bounding_box": [339, 250, 448, 815], "object_presence": 1}, "P573--litter-and-dog-waste-bin--clutter--yQxf_YLaouK4E5WW_Ovec0jpwLj4w57-iIv0GDFn764-00170.jpg": {"object_bounding_box": [339, 256, 441, 809], "object_presence": 1}, "P573--litter-and-dog-waste-bin--clutter--yQxf_YLaouK4E5WW_Ovec0jpwLj4w57-iIv0GDFn764-00171.jpg": {"object_bounding_box": [332, 254, 450, 815], "object_presence": 1}, "P573--litter-and-dog-waste-bin--clutter--yQxf_YLaouK4E5WW_Ovec0jpwLj4w57-iIv0GDFn764-00172.jpg": {"object_bounding_box": [336, 250, 435, 808], "object_presence": 1}, "P573--litter-and-dog-waste-bin--clutter--yQxf_YLaouK4E5WW_Ovec0jpwLj4w57-iIv0GDFn764-00173.jpg": {"object_bounding_box": [330, 239, 441, 802], "object_presence": 1}, "P573--litter-and-dog-waste-bin--clutter--yQxf_YLaouK4E5WW_Ovec0jpwLj4w57-iIv0GDFn764-00174.jpg": {"object_bounding_box": [332, 228, 437, 800], "object_presence": 1}, "P573--litter-and-dog-waste-bin--clutter--yQxf_YLaouK4E5WW_Ovec0jpwLj4w57-iIv0GDFn764-00175.jpg": {"object_bounding_box": [330, 228, 431, 795], "object_presence": 1}, "P573--litter-and-dog-waste-bin--clutter--yQxf_YLaouK4E5WW_Ovec0jpwLj4w57-iIv0GDFn764-00176.jpg": {"object_bounding_box": [330, 228, 431, 795], "object_presence": 1}, "P573--litter-and-dog-waste-bin--clutter--yQxf_YLaouK4E5WW_Ovec0jpwLj4w57-iIv0GDFn764-00177.jpg": {"object_bounding_box": [324, 237, 431, 789], "object_presence": 1}, "P573--litter-and-dog-waste-bin--clutter--yQxf_YLaouK4E5WW_Ovec0jpwLj4w57-iIv0GDFn764-00178.jpg": {"object_bounding_box": [328, 261, 431, 785], "object_presence": 1}, "P573--litter-and-dog-waste-bin--clutter--yQxf_YLaouK4E5WW_Ovec0jpwLj4w57-iIv0GDFn764-00179.jpg": {"object_bounding_box": [330, 261, 431, 785], "object_presence": 1}, "P573--litter-and-dog-waste-bin--clutter--yQxf_YLaouK4E5WW_Ovec0jpwLj4w57-iIv0GDFn764-00180.jpg": {"object_bounding_box": [334, 254, 428, 785], "object_presence": 1}, "P573--litter-and-dog-waste-bin--clutter--yQxf_YLaouK4E5WW_Ovec0jpwLj4w57-iIv0GDFn764-00181.jpg": {"object_bounding_box": [332, 265, 428, 776], "object_presence": 1}, "P573--litter-and-dog-waste-bin--clutter--yQxf_YLaouK4E5WW_Ovec0jpwLj4w57-iIv0GDFn764-00182.jpg": {"object_bounding_box": [332, 261, 428, 772], "object_presence": 1}, "P573--litter-and-dog-waste-bin--clutter--yQxf_YLaouK4E5WW_Ovec0jpwLj4w57-iIv0GDFn764-00183.jpg": {"object_bounding_box": [328, 254, 428, 776], "object_presence": 1}, "P573--litter-and-dog-waste-bin--clutter--yQxf_YLaouK4E5WW_Ovec0jpwLj4w57-iIv0GDFn764-00184.jpg": {"object_bounding_box": [328, 263, 428, 767], "object_presence": 1}, "P573--litter-and-dog-waste-bin--clutter--yQxf_YLaouK4E5WW_Ovec0jpwLj4w57-iIv0GDFn764-00185.jpg": {"object_bounding_box": [313, 248, 428, 767], "object_presence": 1}, "P573--litter-and-dog-waste-bin--clutter--yQxf_YLaouK4E5WW_Ovec0jpwLj4w57-iIv0GDFn764-00186.jpg": {"object_bounding_box": [304, 246, 428, 761], "object_presence": 1}, "P573--litter-and-dog-waste-bin--clutter--yQxf_YLaouK4E5WW_Ovec0jpwLj4w57-iIv0GDFn764-00187.jpg": {"object_bounding_box": [311, 246, 417, 761], "object_presence": 1}, "P573--litter-and-dog-waste-bin--clutter--yQxf_YLaouK4E5WW_Ovec0jpwLj4w57-iIv0GDFn764-00188.jpg": {"object_bounding_box": [308, 241, 417, 758], "object_presence": 1}, "P573--litter-and-dog-waste-bin--clutter--yQxf_YLaouK4E5WW_Ovec0jpwLj4w57-iIv0GDFn764-00189.jpg": {"object_bounding_box": [306, 237, 415, 758], "object_presence": 1}, "P573--litter-and-dog-waste-bin--clutter--yQxf_YLaouK4E5WW_Ovec0jpwLj4w57-iIv0GDFn764-00190.jpg": {"object_bounding_box": [304, 235, 415, 758], "object_presence": 1}, "P573--litter-and-dog-waste-bin--clutter--yQxf_YLaouK4E5WW_Ovec0jpwLj4w57-iIv0GDFn764-00191.jpg": {"object_bounding_box": [308, 243, 411, 748], "object_presence": 1}, "P573--litter-and-dog-waste-bin--clutter--yQxf_YLaouK4E5WW_Ovec0jpwLj4w57-iIv0GDFn764-00192.jpg": {"object_bounding_box": [306, 243, 411, 745], "object_presence": 1}, "P573--litter-and-dog-waste-bin--clutter--yQxf_YLaouK4E5WW_Ovec0jpwLj4w57-iIv0GDFn764-00193.jpg": {"object_bounding_box": [306, 243, 409, 745], "object_presence": 1}, "P573--litter-and-dog-waste-bin--clutter--yQxf_YLaouK4E5WW_Ovec0jpwLj4w57-iIv0GDFn764-00194.jpg": {"object_bounding_box": [302, 241, 409, 739], "object_presence": 1}, "P573--litter-and-dog-waste-bin--clutter--yQxf_YLaouK4E5WW_Ovec0jpwLj4w57-iIv0GDFn764-00195.jpg": {"object_bounding_box": [298, 237, 409, 739], "object_presence": 1}, "P573--litter-and-dog-waste-bin--clutter--yQxf_YLaouK4E5WW_Ovec0jpwLj4w57-iIv0GDFn764-00196.jpg": {"object_bounding_box": [298, 239, 409, 731], "object_presence": 1}, "P573--litter-and-dog-waste-bin--clutter--yQxf_YLaouK4E5WW_Ovec0jpwLj4w57-iIv0GDFn764-00197.jpg": {"object_bounding_box": [304, 239, 406, 726], "object_presence": 1}, "P573--litter-and-dog-waste-bin--clutter--yQxf_YLaouK4E5WW_Ovec0jpwLj4w57-iIv0GDFn764-00198.jpg": {"object_bounding_box": [310, 237, 400, 720], "object_presence": 1}, "P573--litter-and-dog-waste-bin--clutter--yQxf_YLaouK4E5WW_Ovec0jpwLj4w57-iIv0GDFn764-00199.jpg": {"object_bounding_box": [310, 232, 400, 713], "object_presence": 1}, "P573--litter-and-dog-waste-bin--clutter--yQxf_YLaouK4E5WW_Ovec0jpwLj4w57-iIv0GDFn764-00200.jpg": {"object_bounding_box": [310, 232, 400, 722], "object_presence": 1}, "P573--litter-and-dog-waste-bin--clutter--yQxf_YLaouK4E5WW_Ovec0jpwLj4w57-iIv0GDFn764-00201.jpg": {"object_bounding_box": [313, 232, 396, 715], "object_presence": 1}, "P573--litter-and-dog-waste-bin--clutter--yQxf_YLaouK4E5WW_Ovec0jpwLj4w57-iIv0GDFn764-00202.jpg": {"object_bounding_box": [324, 232, 394, 706], "object_presence": 1}, "P573--litter-and-dog-waste-bin--clutter--yQxf_YLaouK4E5WW_Ovec0jpwLj4w57-iIv0GDFn764-00203.jpg": {"object_bounding_box": [335, 224, 389, 696], "object_presence": 1}, "P573--litter-and-dog-waste-bin--clutter--yQxf_YLaouK4E5WW_Ovec0jpwLj4w57-iIv0GDFn764-00204.jpg": {"object_bounding_box": [339, 219, 394, 696], "object_presence": 1}, "P573--litter-and-dog-waste-bin--clutter--yQxf_YLaouK4E5WW_Ovec0jpwLj4w57-iIv0GDFn764-00205.jpg": {"object_bounding_box": [360, 219, 382, 683], "object_presence": 1}, "P573--litter-and-dog-waste-bin--clutter--yQxf_YLaouK4E5WW_Ovec0jpwLj4w57-iIv0GDFn764-00206.jpg": {"object_bounding_box": [369, 209, 382, 691], "object_presence": 1}, "P573--litter-and-dog-waste-bin--clutter--yQxf_YLaouK4E5WW_Ovec0jpwLj4w57-iIv0GDFn764-00207.jpg": {"object_bounding_box": [382, 204, 380, 687], "object_presence": 1}, "P573--litter-and-dog-waste-bin--clutter--yQxf_YLaouK4E5WW_Ovec0jpwLj4w57-iIv0GDFn764-00208.jpg": {"object_bounding_box": [384, 195, 380, 682], "object_presence": 1}, "P573--litter-and-dog-waste-bin--clutter--yQxf_YLaouK4E5WW_Ovec0jpwLj4w57-iIv0GDFn764-00209.jpg": {"object_bounding_box": [389, 189, 380, 676], "object_presence": 1}, "P573--litter-and-dog-waste-bin--clutter--yQxf_YLaouK4E5WW_Ovec0jpwLj4w57-iIv0GDFn764-00210.jpg": {"object_bounding_box": [398, 184, 380, 676], "object_presence": 1}, "P573--litter-and-dog-waste-bin--clutter--yQxf_YLaouK4E5WW_Ovec0jpwLj4w57-iIv0GDFn764-00211.jpg": {"object_bounding_box": [398, 185, 380, 676], "object_presence": 1}, "P573--litter-and-dog-waste-bin--clutter--yQxf_YLaouK4E5WW_Ovec0jpwLj4w57-iIv0GDFn764-00212.jpg": {"object_bounding_box": [410, 185, 374, 674], "object_presence": 1}, "P573--litter-and-dog-waste-bin--clutter--yQxf_YLaouK4E5WW_Ovec0jpwLj4w57-iIv0GDFn764-00213.jpg": {"object_bounding_box": [413, 195, 370, 665], "object_presence": 1}, "P573--litter-and-dog-waste-bin--clutter--yQxf_YLaouK4E5WW_Ovec0jpwLj4w57-iIv0GDFn764-00214.jpg": {"object_bounding_box": [413, 208, 370, 657], "object_presence": 1}, "P573--litter-and-dog-waste-bin--clutter--yQxf_YLaouK4E5WW_Ovec0jpwLj4w57-iIv0GDFn764-00215.jpg": {"object_bounding_box": [423, 217, 367, 657], "object_presence": 1}, "P573--litter-and-dog-waste-bin--clutter--yQxf_YLaouK4E5WW_Ovec0jpwLj4w57-iIv0GDFn764-00216.jpg": {"object_bounding_box": [423, 224, 367, 650], "object_presence": 1}, "P573--litter-and-dog-waste-bin--clutter--yQxf_YLaouK4E5WW_Ovec0jpwLj4w57-iIv0GDFn764-00217.jpg": {"object_bounding_box": [423, 224, 363, 650], "object_presence": 1}, "P573--litter-and-dog-waste-bin--clutter--yQxf_YLaouK4E5WW_Ovec0jpwLj4w57-iIv0GDFn764-00218.jpg": {"object_bounding_box": [423, 224, 357, 650], "object_presence": 1}, "P573--litter-and-dog-waste-bin--clutter--yQxf_YLaouK4E5WW_Ovec0jpwLj4w57-iIv0GDFn764-00219.jpg": {"object_bounding_box": [423, 232, 361, 643], "object_presence": 1}, "P573--litter-and-dog-waste-bin--clutter--yQxf_YLaouK4E5WW_Ovec0jpwLj4w57-iIv0GDFn764-00220.jpg": {"object_bounding_box": [423, 229, 359, 646], "object_presence": 1}, "P573--litter-and-dog-waste-bin--clutter--yQxf_YLaouK4E5WW_Ovec0jpwLj4w57-iIv0GDFn764-00221.jpg": {"object_bounding_box": [423, 233, 359, 642], "object_presence": 1}, "P573--litter-and-dog-waste-bin--clutter--yQxf_YLaouK4E5WW_Ovec0jpwLj4w57-iIv0GDFn764-00222.jpg": {"object_bounding_box": [423, 236, 359, 638], "object_presence": 1}, "P573--litter-and-dog-waste-bin--clutter--yQxf_YLaouK4E5WW_Ovec0jpwLj4w57-iIv0GDFn764-00223.jpg": {"object_bounding_box": [423, 236, 355, 638], "object_presence": 1}, "P573--litter-and-dog-waste-bin--clutter--yQxf_YLaouK4E5WW_Ovec0jpwLj4w57-iIv0GDFn764-00224.jpg": {"object_bounding_box": [423, 236, 351, 638], "object_presence": 1}, "P573--litter-and-dog-waste-bin--clutter--yQxf_YLaouK4E5WW_Ovec0jpwLj4w57-iIv0GDFn764-00225.jpg": {"object_bounding_box": [423, 229, 351, 646], "object_presence": 1}, "P573--litter-and-dog-waste-bin--clutter--yQxf_YLaouK4E5WW_Ovec0jpwLj4w57-iIv0GDFn764-00226.jpg": {"object_bounding_box": [433, 221, 342, 635], "object_presence": 1}, "P573--litter-and-dog-waste-bin--clutter--yQxf_YLaouK4E5WW_Ovec0jpwLj4w57-iIv0GDFn764-00227.jpg": {"object_bounding_box": [425, 220, 343, 630], "object_presence": 1}, "P573--litter-and-dog-waste-bin--clutter--yQxf_YLaouK4E5WW_Ovec0jpwLj4w57-iIv0GDFn764-00228.jpg": {"object_bounding_box": [428, 216, 343, 630], "object_presence": 1}, "P573--litter-and-dog-waste-bin--clutter--yQxf_YLaouK4E5WW_Ovec0jpwLj4w57-iIv0GDFn764-00229.jpg": {"object_bounding_box": [425, 207, 348, 624], "object_presence": 1}, "P573--litter-and-dog-waste-bin--clutter--yQxf_YLaouK4E5WW_Ovec0jpwLj4w57-iIv0GDFn764-00230.jpg": {"object_bounding_box": [427, 192, 346, 624], "object_presence": 1}, "P573--litter-and-dog-waste-bin--clutter--yQxf_YLaouK4E5WW_Ovec0jpwLj4w57-iIv0GDFn764-00231.jpg": {"object_bounding_box": [427, 198, 346, 618], "object_presence": 1}, "P573--litter-and-dog-waste-bin--clutter--yQxf_YLaouK4E5WW_Ovec0jpwLj4w57-iIv0GDFn764-00232.jpg": {"object_bounding_box": [432, 203, 340, 612], "object_presence": 1}, "P573--litter-and-dog-waste-bin--clutter--yQxf_YLaouK4E5WW_Ovec0jpwLj4w57-iIv0GDFn764-00233.jpg": {"object_bounding_box": [431, 214, 340, 611], "object_presence": 1}, "P573--litter-and-dog-waste-bin--clutter--yQxf_YLaouK4E5WW_Ovec0jpwLj4w57-iIv0GDFn764-00234.jpg": {"object_bounding_box": [432, 236, 340, 607], "object_presence": 1}, "P573--litter-and-dog-waste-bin--clutter--yQxf_YLaouK4E5WW_Ovec0jpwLj4w57-iIv0GDFn764-00235.jpg": {"object_bounding_box": [441, 248, 339, 604], "object_presence": 1}, "P573--litter-and-dog-waste-bin--clutter--yQxf_YLaouK4E5WW_Ovec0jpwLj4w57-iIv0GDFn764-00236.jpg": {"object_bounding_box": [441, 251, 338, 602], "object_presence": 1}, "P573--litter-and-dog-waste-bin--clutter--yQxf_YLaouK4E5WW_Ovec0jpwLj4w57-iIv0GDFn764-00237.jpg": {"object_bounding_box": [441, 252, 338, 600], "object_presence": 1}, "P573--litter-and-dog-waste-bin--clutter--yQxf_YLaouK4E5WW_Ovec0jpwLj4w57-iIv0GDFn764-00238.jpg": {"object_bounding_box": [433, 262, 338, 595], "object_presence": 1}, "P573--litter-and-dog-waste-bin--clutter--yQxf_YLaouK4E5WW_Ovec0jpwLj4w57-iIv0GDFn764-00239.jpg": {"object_bounding_box": [428, 273, 338, 596], "object_presence": 1}, "P573--litter-and-dog-waste-bin--clutter--yQxf_YLaouK4E5WW_Ovec0jpwLj4w57-iIv0GDFn764-00240.jpg": {"object_bounding_box": [433, 291, 333, 600], "object_presence": 1}, "P573--litter-and-dog-waste-bin--clutter--yQxf_YLaouK4E5WW_Ovec0jpwLj4w57-iIv0GDFn764-00241.jpg": {"object_bounding_box": [440, 301, 326, 593], "object_presence": 1}, "P573--litter-and-dog-waste-bin--clutter--yQxf_YLaouK4E5WW_Ovec0jpwLj4w57-iIv0GDFn764-00242.jpg": {"object_bounding_box": [438, 301, 330, 593], "object_presence": 1}, "P573--litter-and-dog-waste-bin--clutter--yQxf_YLaouK4E5WW_Ovec0jpwLj4w57-iIv0GDFn764-00243.jpg": {"object_bounding_box": [437, 289, 327, 591], "object_presence": 1}, "P573--litter-and-dog-waste-bin--clutter--yQxf_YLaouK4E5WW_Ovec0jpwLj4w57-iIv0GDFn764-00244.jpg": {"object_bounding_box": [437, 289, 321, 591], "object_presence": 1}, "P573--litter-and-dog-waste-bin--clutter--yQxf_YLaouK4E5WW_Ovec0jpwLj4w57-iIv0GDFn764-00245.jpg": {"object_bounding_box": [437, 289, 326, 591], "object_presence": 1}, "P573--litter-and-dog-waste-bin--clutter--yQxf_YLaouK4E5WW_Ovec0jpwLj4w57-iIv0GDFn764-00246.jpg": {"object_bounding_box": [438, 288, 321, 582], "object_presence": 1}, "P573--litter-and-dog-waste-bin--clutter--yQxf_YLaouK4E5WW_Ovec0jpwLj4w57-iIv0GDFn764-00247.jpg": {"object_bounding_box": [434, 284, 321, 582], "object_presence": 1}, "P573--litter-and-dog-waste-bin--clutter--yQxf_YLaouK4E5WW_Ovec0jpwLj4w57-iIv0GDFn764-00248.jpg": {"object_bounding_box": [438, 286, 321, 581], "object_presence": 1}, "P573--litter-and-dog-waste-bin--clutter--yQxf_YLaouK4E5WW_Ovec0jpwLj4w57-iIv0GDFn764-00249.jpg": {"object_bounding_box": [436, 278, 321, 581], "object_presence": 1}, "P573--litter-and-dog-waste-bin--clutter--yQxf_YLaouK4E5WW_Ovec0jpwLj4w57-iIv0GDFn764-00250.jpg": {"object_bounding_box": [433, 274, 324, 578], "object_presence": 1}, "P573--litter-and-dog-waste-bin--clutter--yQxf_YLaouK4E5WW_Ovec0jpwLj4w57-iIv0GDFn764-00251.jpg": {"object_bounding_box": [429, 271, 324, 573], "object_presence": 1}, "P573--litter-and-dog-waste-bin--clutter--yQxf_YLaouK4E5WW_Ovec0jpwLj4w57-iIv0GDFn764-00252.jpg": {"object_bounding_box": [431, 269, 317, 573], "object_presence": 1}, "P573--litter-and-dog-waste-bin--clutter--yQxf_YLaouK4E5WW_Ovec0jpwLj4w57-iIv0GDFn764-00253.jpg": {"object_bounding_box": [431, 269, 317, 573], "object_presence": 1}, "P573--litter-and-dog-waste-bin--clutter--yQxf_YLaouK4E5WW_Ovec0jpwLj4w57-iIv0GDFn764-00254.jpg": {"object_bounding_box": [432, 274, 316, 568], "object_presence": 1}, "P573--litter-and-dog-waste-bin--clutter--yQxf_YLaouK4E5WW_Ovec0jpwLj4w57-iIv0GDFn764-00255.jpg": {"object_bounding_box": [432, 274, 316, 568], "object_presence": 1}, "P573--litter-and-dog-waste-bin--clutter--yQxf_YLaouK4E5WW_Ovec0jpwLj4w57-iIv0GDFn764-00256.jpg": {"object_bounding_box": [436, 275, 312, 567], "object_presence": 1}, "P573--litter-and-dog-waste-bin--clutter--yQxf_YLaouK4E5WW_Ovec0jpwLj4w57-iIv0GDFn764-00257.jpg": {"object_bounding_box": [441, 279, 313, 563], "object_presence": 1}, "P573--litter-and-dog-waste-bin--clutter--yQxf_YLaouK4E5WW_Ovec0jpwLj4w57-iIv0GDFn764-00258.jpg": {"object_bounding_box": [443, 279, 313, 563], "object_presence": 1}, "P573--litter-and-dog-waste-bin--clutter--yQxf_YLaouK4E5WW_Ovec0jpwLj4w57-iIv0GDFn764-00259.jpg": {"object_bounding_box": [450, 284, 313, 556], "object_presence": 1}, "P573--litter-and-dog-waste-bin--clutter--yQxf_YLaouK4E5WW_Ovec0jpwLj4w57-iIv0GDFn764-00260.jpg": {"object_bounding_box": [460, 284, 313, 554], "object_presence": 1}, "P573--litter-and-dog-waste-bin--clutter--yQxf_YLaouK4E5WW_Ovec0jpwLj4w57-iIv0GDFn764-00261.jpg": {"object_bounding_box": [470, 277, 312, 548], "object_presence": 1}, "P573--litter-and-dog-waste-bin--clutter--yQxf_YLaouK4E5WW_Ovec0jpwLj4w57-iIv0GDFn764-00262.jpg": {"object_bounding_box": [476, 268, 312, 548], "object_presence": 1}, "P573--litter-and-dog-waste-bin--clutter--yQxf_YLaouK4E5WW_Ovec0jpwLj4w57-iIv0GDFn764-00263.jpg": {"object_bounding_box": [488, 269, 312, 543], "object_presence": 1}, "P573--litter-and-dog-waste-bin--clutter--yQxf_YLaouK4E5WW_Ovec0jpwLj4w57-iIv0GDFn764-00264.jpg": {"object_bounding_box": [494, 261, 314, 542], "object_presence": 1}, "P573--litter-and-dog-waste-bin--clutter--yQxf_YLaouK4E5WW_Ovec0jpwLj4w57-iIv0GDFn764-00265.jpg": {"object_bounding_box": [501, 257, 314, 542], "object_presence": 1}, "P573--litter-and-dog-waste-bin--clutter--yQxf_YLaouK4E5WW_Ovec0jpwLj4w57-iIv0GDFn764-00266.jpg": {"object_bounding_box": [506, 266, 314, 534], "object_presence": 1}, "P573--litter-and-dog-waste-bin--clutter--yQxf_YLaouK4E5WW_Ovec0jpwLj4w57-iIv0GDFn764-00267.jpg": {"object_bounding_box": [507, 262, 321, 534], "object_presence": 1}, "P573--litter-and-dog-waste-bin--clutter--yQxf_YLaouK4E5WW_Ovec0jpwLj4w57-iIv0GDFn764-00268.jpg": {"object_bounding_box": [515, 251, 312, 534], "object_presence": 1}, "P573--litter-and-dog-waste-bin--clutter--yQxf_YLaouK4E5WW_Ovec0jpwLj4w57-iIv0GDFn764-00269.jpg": {"object_bounding_box": [518, 248, 307, 534], "object_presence": 1}, "P573--litter-and-dog-waste-bin--clutter--yQxf_YLaouK4E5WW_Ovec0jpwLj4w57-iIv0GDFn764-00270.jpg": {"object_bounding_box": [517, 239, 307, 534], "object_presence": 1}, "P573--litter-and-dog-waste-bin--clutter--yQxf_YLaouK4E5WW_Ovec0jpwLj4w57-iIv0GDFn764-00271.jpg": {"object_bounding_box": [518, 232, 303, 534], "object_presence": 1}, "P573--litter-and-dog-waste-bin--clutter--yQxf_YLaouK4E5WW_Ovec0jpwLj4w57-iIv0GDFn764-00272.jpg": {"object_bounding_box": [518, 235, 303, 531], "object_presence": 1}, "P573--litter-and-dog-waste-bin--clutter--yQxf_YLaouK4E5WW_Ovec0jpwLj4w57-iIv0GDFn764-00273.jpg": {"object_bounding_box": [518, 234, 303, 531], "object_presence": 1}, "P573--litter-and-dog-waste-bin--clutter--yQxf_YLaouK4E5WW_Ovec0jpwLj4w57-iIv0GDFn764-00274.jpg": {"object_bounding_box": [514, 232, 303, 527], "object_presence": 1}, "P573--litter-and-dog-waste-bin--clutter--yQxf_YLaouK4E5WW_Ovec0jpwLj4w57-iIv0GDFn764-00275.jpg": {"object_bounding_box": [509, 240, 300, 519], "object_presence": 1}, "P573--litter-and-dog-waste-bin--clutter--yQxf_YLaouK4E5WW_Ovec0jpwLj4w57-iIv0GDFn764-00276.jpg": {"object_bounding_box": [509, 241, 300, 518], "object_presence": 1}, "P573--litter-and-dog-waste-bin--clutter--yQxf_YLaouK4E5WW_Ovec0jpwLj4w57-iIv0GDFn764-00277.jpg": {"object_bounding_box": [509, 243, 293, 516], "object_presence": 1}, "P573--litter-and-dog-waste-bin--clutter--yQxf_YLaouK4E5WW_Ovec0jpwLj4w57-iIv0GDFn764-00278.jpg": {"object_bounding_box": [509, 243, 291, 516], "object_presence": 1}, "P573--litter-and-dog-waste-bin--clutter--yQxf_YLaouK4E5WW_Ovec0jpwLj4w57-iIv0GDFn764-00279.jpg": {"object_bounding_box": [497, 243, 299, 520], "object_presence": 1}, "P573--litter-and-dog-waste-bin--clutter--yQxf_YLaouK4E5WW_Ovec0jpwLj4w57-iIv0GDFn764-00280.jpg": {"object_bounding_box": [499, 241, 289, 515], "object_presence": 1}, "P573--litter-and-dog-waste-bin--clutter--yQxf_YLaouK4E5WW_Ovec0jpwLj4w57-iIv0GDFn764-00281.jpg": {"object_bounding_box": [494, 242, 289, 515], "object_presence": 1}, "P573--litter-and-dog-waste-bin--clutter--yQxf_YLaouK4E5WW_Ovec0jpwLj4w57-iIv0GDFn764-00282.jpg": {"object_bounding_box": [489, 242, 289, 515], "object_presence": 1}, "P573--litter-and-dog-waste-bin--clutter--yQxf_YLaouK4E5WW_Ovec0jpwLj4w57-iIv0GDFn764-00283.jpg": {"object_bounding_box": [477, 237, 289, 515], "object_presence": 1}, "P573--litter-and-dog-waste-bin--clutter--yQxf_YLaouK4E5WW_Ovec0jpwLj4w57-iIv0GDFn764-00284.jpg": {"object_bounding_box": [470, 231, 292, 515], "object_presence": 1}, "P573--litter-and-dog-waste-bin--clutter--yQxf_YLaouK4E5WW_Ovec0jpwLj4w57-iIv0GDFn764-00285.jpg": {"object_bounding_box": [463, 227, 287, 514], "object_presence": 1}, "P573--litter-and-dog-waste-bin--clutter--yQxf_YLaouK4E5WW_Ovec0jpwLj4w57-iIv0GDFn764-00286.jpg": {"object_bounding_box": [455, 222, 287, 509], "object_presence": 1}, "P573--litter-and-dog-waste-bin--clutter--yQxf_YLaouK4E5WW_Ovec0jpwLj4w57-iIv0GDFn764-00287.jpg": {"object_bounding_box": [446, 203, 291, 506], "object_presence": 1}, "P573--litter-and-dog-waste-bin--clutter--yQxf_YLaouK4E5WW_Ovec0jpwLj4w57-iIv0GDFn764-00288.jpg": {"object_bounding_box": [436, 192, 291, 506], "object_presence": 1}, "P573--litter-and-dog-waste-bin--clutter--yQxf_YLaouK4E5WW_Ovec0jpwLj4w57-iIv0GDFn764-00289.jpg": {"object_bounding_box": [433, 185, 288, 506], "object_presence": 1}, "P573--litter-and-dog-waste-bin--clutter--yQxf_YLaouK4E5WW_Ovec0jpwLj4w57-iIv0GDFn764-00290.jpg": {"object_bounding_box": [430, 174, 288, 506], "object_presence": 1}, "P573--litter-and-dog-waste-bin--clutter--yQxf_YLaouK4E5WW_Ovec0jpwLj4w57-iIv0GDFn764-00291.jpg": {"object_bounding_box": [429, 170, 286, 506], "object_presence": 1}, "P573--litter-and-dog-waste-bin--clutter--yQxf_YLaouK4E5WW_Ovec0jpwLj4w57-iIv0GDFn764-00292.jpg": {"object_bounding_box": [431, 171, 286, 506], "object_presence": 1}, "P573--litter-and-dog-waste-bin--clutter--yQxf_YLaouK4E5WW_Ovec0jpwLj4w57-iIv0GDFn764-00293.jpg": {"object_bounding_box": [431, 173, 286, 504], "object_presence": 1}, "P573--litter-and-dog-waste-bin--clutter--yQxf_YLaouK4E5WW_Ovec0jpwLj4w57-iIv0GDFn764-00294.jpg": {"object_bounding_box": [431, 173, 278, 504], "object_presence": 1}, "P573--litter-and-dog-waste-bin--clutter--yQxf_YLaouK4E5WW_Ovec0jpwLj4w57-iIv0GDFn764-00295.jpg": {"object_bounding_box": [431, 177, 278, 501], "object_presence": 1}, "P573--litter-and-dog-waste-bin--clutter--yQxf_YLaouK4E5WW_Ovec0jpwLj4w57-iIv0GDFn764-00296.jpg": {"object_bounding_box": [431, 175, 281, 502], "object_presence": 1}, "P573--litter-and-dog-waste-bin--clutter--yQxf_YLaouK4E5WW_Ovec0jpwLj4w57-iIv0GDFn764-00297.jpg": {"object_bounding_box": [436, 162, 281, 500], "object_presence": 1}, "P573--litter-and-dog-waste-bin--clutter--yQxf_YLaouK4E5WW_Ovec0jpwLj4w57-iIv0GDFn764-00298.jpg": {"object_bounding_box": [442, 141, 281, 500], "object_presence": 1}, "P573--litter-and-dog-waste-bin--clutter--yQxf_YLaouK4E5WW_Ovec0jpwLj4w57-iIv0GDFn764-00299.jpg": {"object_bounding_box": [443, 122, 278, 500], "object_presence": 1}, "P573--litter-and-dog-waste-bin--clutter--yQxf_YLaouK4E5WW_Ovec0jpwLj4w57-iIv0GDFn764-00300.jpg": {"object_bounding_box": [443, 112, 278, 505], "object_presence": 1}, "P573--litter-and-dog-waste-bin--clutter--yQxf_YLaouK4E5WW_Ovec0jpwLj4w57-iIv0GDFn764-00301.jpg": {"object_bounding_box": [443, 105, 278, 504], "object_presence": 1}, "P573--litter-and-dog-waste-bin--clutter--yQxf_YLaouK4E5WW_Ovec0jpwLj4w57-iIv0GDFn764-00302.jpg": {"object_bounding_box": [436, 81, 274, 504], "object_presence": 1}, "P573--litter-and-dog-waste-bin--clutter--yQxf_YLaouK4E5WW_Ovec0jpwLj4w57-iIv0GDFn764-00303.jpg": {"object_bounding_box": [423, 48, 274, 504], "object_presence": 1}, "P573--litter-and-dog-waste-bin--clutter--yQxf_YLaouK4E5WW_Ovec0jpwLj4w57-iIv0GDFn764-00304.jpg": {"object_bounding_box": [421, 21, 274, 504], "object_presence": 1}, "P573--litter-and-dog-waste-bin--clutter--yQxf_YLaouK4E5WW_Ovec0jpwLj4w57-iIv0GDFn764-00305.jpg": {"object_bounding_box": [411, 0, 280, 506], "object_presence": 1}, "P573--litter-and-dog-waste-bin--clutter--yQxf_YLaouK4E5WW_Ovec0jpwLj4w57-iIv0GDFn764-00306.jpg": {"object_bounding_box": [405, 0, 277, 499], "object_presence": 1}, "P573--litter-and-dog-waste-bin--clutter--yQxf_YLaouK4E5WW_Ovec0jpwLj4w57-iIv0GDFn764-00307.jpg": {"object_bounding_box": [411, 0, 275, 499], "object_presence": 1}, "P573--litter-and-dog-waste-bin--clutter--yQxf_YLaouK4E5WW_Ovec0jpwLj4w57-iIv0GDFn764-00308.jpg": {"object_bounding_box": [415, 0, 275, 499], "object_presence": 1}, "P573--litter-and-dog-waste-bin--clutter--yQxf_YLaouK4E5WW_Ovec0jpwLj4w57-iIv0GDFn764-00309.jpg": {"object_bounding_box": [407, 0, 272, 499], "object_presence": 1}, "P573--litter-and-dog-waste-bin--clutter--yQxf_YLaouK4E5WW_Ovec0jpwLj4w57-iIv0GDFn764-00310.jpg": {"object_bounding_box": [403, 0, 280, 467], "object_presence": 1}, "P573--litter-and-dog-waste-bin--clutter--yQxf_YLaouK4E5WW_Ovec0jpwLj4w57-iIv0GDFn764-00311.jpg": {"object_bounding_box": [403, 0, 270, 462], "object_presence": 1}, "P573--litter-and-dog-waste-bin--clutter--yQxf_YLaouK4E5WW_Ovec0jpwLj4w57-iIv0GDFn764-00312.jpg": {"object_bounding_box": [404, 0, 268, 454], "object_presence": 1}, "P573--litter-and-dog-waste-bin--clutter--yQxf_YLaouK4E5WW_Ovec0jpwLj4w57-iIv0GDFn764-00313.jpg": {"object_bounding_box": [400, 0, 268, 444], "object_presence": 1}, "P573--litter-and-dog-waste-bin--clutter--yQxf_YLaouK4E5WW_Ovec0jpwLj4w57-iIv0GDFn764-00314.jpg": {"object_bounding_box": [403, 0, 268, 423], "object_presence": 1}, "P573--litter-and-dog-waste-bin--clutter--yQxf_YLaouK4E5WW_Ovec0jpwLj4w57-iIv0GDFn764-00315.jpg": {"object_bounding_box": [404, 0, 268, 395], "object_presence": 1}, "P573--litter-and-dog-waste-bin--clutter--yQxf_YLaouK4E5WW_Ovec0jpwLj4w57-iIv0GDFn764-00316.jpg": {"object_bounding_box": [399, 0, 273, 382], "object_presence": 1}, "P573--litter-and-dog-waste-bin--clutter--yQxf_YLaouK4E5WW_Ovec0jpwLj4w57-iIv0GDFn764-00317.jpg": {"object_bounding_box": [406, 0, 273, 371], "object_presence": 1}, "P573--litter-and-dog-waste-bin--clutter--yQxf_YLaouK4E5WW_Ovec0jpwLj4w57-iIv0GDFn764-00318.jpg": {"object_bounding_box": [415, 0, 273, 351], "object_presence": 1}, "P573--litter-and-dog-waste-bin--clutter--yQxf_YLaouK4E5WW_Ovec0jpwLj4w57-iIv0GDFn764-00319.jpg": {"object_bounding_box": [411, 0, 274, 329], "object_presence": 1}, "P573--litter-and-dog-waste-bin--clutter--yQxf_YLaouK4E5WW_Ovec0jpwLj4w57-iIv0GDFn764-00320.jpg": {"object_bounding_box": [421, 0, 273, 318], "object_presence": 1}, "P573--litter-and-dog-waste-bin--clutter--yQxf_YLaouK4E5WW_Ovec0jpwLj4w57-iIv0GDFn764-00321.jpg": {"object_bounding_box": [435, 0, 273, 305], "object_presence": 1}, "P573--litter-and-dog-waste-bin--clutter--yQxf_YLaouK4E5WW_Ovec0jpwLj4w57-iIv0GDFn764-00322.jpg": {"object_bounding_box": [437, 0, 276, 284], "object_presence": 1}, "P573--litter-and-dog-waste-bin--clutter--yQxf_YLaouK4E5WW_Ovec0jpwLj4w57-iIv0GDFn764-00323.jpg": {"object_bounding_box": [440, 0, 276, 261], "object_presence": 1}, "P573--litter-and-dog-waste-bin--clutter--yQxf_YLaouK4E5WW_Ovec0jpwLj4w57-iIv0GDFn764-00324.jpg": {"object_bounding_box": [440, 0, 281, 245], "object_presence": 1}, "P573--litter-and-dog-waste-bin--clutter--yQxf_YLaouK4E5WW_Ovec0jpwLj4w57-iIv0GDFn764-00325.jpg": {"object_bounding_box": [450, 0, 280, 239], "object_presence": 1}, "P573--litter-and-dog-waste-bin--clutter--yQxf_YLaouK4E5WW_Ovec0jpwLj4w57-iIv0GDFn764-00326.jpg": {"object_bounding_box": [460, 0, 276, 225], "object_presence": 1}, "P573--litter-and-dog-waste-bin--clutter--yQxf_YLaouK4E5WW_Ovec0jpwLj4w57-iIv0GDFn764-00327.jpg": {"object_bounding_box": [464, 0, 276, 209], "object_presence": 1}, "P573--litter-and-dog-waste-bin--clutter--yQxf_YLaouK4E5WW_Ovec0jpwLj4w57-iIv0GDFn764-00328.jpg": {"object_bounding_box": [464, 0, 275, 197], "object_presence": 1}, "P573--litter-and-dog-waste-bin--clutter--yQxf_YLaouK4E5WW_Ovec0jpwLj4w57-iIv0GDFn764-00329.jpg": {"object_bounding_box": [470, 0, 275, 197], "object_presence": 1}, "P573--litter-and-dog-waste-bin--clutter--yQxf_YLaouK4E5WW_Ovec0jpwLj4w57-iIv0GDFn764-00330.jpg": {"object_bounding_box": [476, 0, 275, 207], "object_presence": 1}, "P573--litter-and-dog-waste-bin--clutter--yQxf_YLaouK4E5WW_Ovec0jpwLj4w57-iIv0GDFn764-00331.jpg": {"object_bounding_box": [474, 0, 277, 207], "object_presence": 1}, "P573--litter-and-dog-waste-bin--clutter--yQxf_YLaouK4E5WW_Ovec0jpwLj4w57-iIv0GDFn764-00332.jpg": {"object_bounding_box": [478, 0, 277, 207], "object_presence": 1}, "P573--litter-and-dog-waste-bin--clutter--yQxf_YLaouK4E5WW_Ovec0jpwLj4w57-iIv0GDFn764-00333.jpg": {"object_bounding_box": [489, 0, 277, 207], "object_presence": 1}, "P573--litter-and-dog-waste-bin--clutter--yQxf_YLaouK4E5WW_Ovec0jpwLj4w57-iIv0GDFn764-00334.jpg": {"object_bounding_box": [501, 0, 277, 200], "object_presence": 1}, "P573--litter-and-dog-waste-bin--clutter--yQxf_YLaouK4E5WW_Ovec0jpwLj4w57-iIv0GDFn764-00335.jpg": {"object_bounding_box": [517, 0, 277, 194], "object_presence": 1}, "P573--litter-and-dog-waste-bin--clutter--yQxf_YLaouK4E5WW_Ovec0jpwLj4w57-iIv0GDFn764-00336.jpg": {"object_bounding_box": [529, 0, 283, 180], "object_presence": 1}, "P573--litter-and-dog-waste-bin--clutter--yQxf_YLaouK4E5WW_Ovec0jpwLj4w57-iIv0GDFn764-00337.jpg": {"object_bounding_box": [544, 0, 283, 162], "object_presence": 1}, "P573--litter-and-dog-waste-bin--clutter--yQxf_YLaouK4E5WW_Ovec0jpwLj4w57-iIv0GDFn764-00338.jpg": {"object_bounding_box": [549, 0, 284, 142], "object_presence": 1}, "P573--litter-and-dog-waste-bin--clutter--yQxf_YLaouK4E5WW_Ovec0jpwLj4w57-iIv0GDFn764-00339.jpg": {"object_bounding_box": [559, 0, 281, 131], "object_presence": 1}, "P573--litter-and-dog-waste-bin--clutter--yQxf_YLaouK4E5WW_Ovec0jpwLj4w57-iIv0GDFn764-00340.jpg": {"object_bounding_box": [575, 0, 286, 124], "object_presence": 1}, "P573--litter-and-dog-waste-bin--clutter--yQxf_YLaouK4E5WW_Ovec0jpwLj4w57-iIv0GDFn764-00341.jpg": {"object_bounding_box": [593, 0, 290, 124], "object_presence": 1}, "P573--litter-and-dog-waste-bin--clutter--yQxf_YLaouK4E5WW_Ovec0jpwLj4w57-iIv0GDFn764-00342.jpg": {"object_bounding_box": [608, 0, 292, 130], "object_presence": 1}, "P573--litter-and-dog-waste-bin--clutter--yQxf_YLaouK4E5WW_Ovec0jpwLj4w57-iIv0GDFn764-00343.jpg": {"object_bounding_box": [630, 0, 292, 130], "object_presence": 1}, "P573--litter-and-dog-waste-bin--clutter--yQxf_YLaouK4E5WW_Ovec0jpwLj4w57-iIv0GDFn764-00344.jpg": {"object_bounding_box": [644, 0, 292, 130], "object_presence": 1}, "P573--litter-and-dog-waste-bin--clutter--yQxf_YLaouK4E5WW_Ovec0jpwLj4w57-iIv0GDFn764-00345.jpg": {"object_bounding_box": [645, 0, 299, 133], "object_presence": 1}, "P573--litter-and-dog-waste-bin--clutter--yQxf_YLaouK4E5WW_Ovec0jpwLj4w57-iIv0GDFn764-00346.jpg": {"object_bounding_box": [657, 0, 299, 141], "object_presence": 1}, "P573--litter-and-dog-waste-bin--clutter--yQxf_YLaouK4E5WW_Ovec0jpwLj4w57-iIv0GDFn764-00347.jpg": {"object_bounding_box": [666, 0, 299, 141], "object_presence": 1}, "P573--litter-and-dog-waste-bin--clutter--yQxf_YLaouK4E5WW_Ovec0jpwLj4w57-iIv0GDFn764-00348.jpg": {"object_bounding_box": [666, 0, 299, 142], "object_presence": 1}, "P573--litter-and-dog-waste-bin--clutter--yQxf_YLaouK4E5WW_Ovec0jpwLj4w57-iIv0GDFn764-00349.jpg": {"object_bounding_box": [660, 0, 302, 142], "object_presence": 1}, "P573--litter-and-dog-waste-bin--clutter--yQxf_YLaouK4E5WW_Ovec0jpwLj4w57-iIv0GDFn764-00350.jpg": {"object_bounding_box": [657, 0, 299, 152], "object_presence": 1}, "P573--litter-and-dog-waste-bin--clutter--yQxf_YLaouK4E5WW_Ovec0jpwLj4w57-iIv0GDFn764-00351.jpg": {"object_bounding_box": [652, 0, 299, 155], "object_presence": 1}, "P573--litter-and-dog-waste-bin--clutter--yQxf_YLaouK4E5WW_Ovec0jpwLj4w57-iIv0GDFn764-00352.jpg": {"object_bounding_box": [646, 0, 303, 167], "object_presence": 1}, "P573--litter-and-dog-waste-bin--clutter--yQxf_YLaouK4E5WW_Ovec0jpwLj4w57-iIv0GDFn764-00353.jpg": {"object_bounding_box": [635, 0, 300, 176], "object_presence": 1}, "P573--litter-and-dog-waste-bin--clutter--yQxf_YLaouK4E5WW_Ovec0jpwLj4w57-iIv0GDFn764-00354.jpg": {"object_bounding_box": [631, 0, 297, 176], "object_presence": 1}, "P573--litter-and-dog-waste-bin--clutter--yQxf_YLaouK4E5WW_Ovec0jpwLj4w57-iIv0GDFn764-00355.jpg": {"object_bounding_box": [627, 0, 297, 178], "object_presence": 1}, "P573--litter-and-dog-waste-bin--clutter--yQxf_YLaouK4E5WW_Ovec0jpwLj4w57-iIv0GDFn764-00356.jpg": {"object_bounding_box": [621, 0, 295, 180], "object_presence": 1}, "P573--litter-and-dog-waste-bin--clutter--yQxf_YLaouK4E5WW_Ovec0jpwLj4w57-iIv0GDFn764-00357.jpg": {"object_bounding_box": [614, 0, 295, 176], "object_presence": 1}, "P573--litter-and-dog-waste-bin--clutter--yQxf_YLaouK4E5WW_Ovec0jpwLj4w57-iIv0GDFn764-00358.jpg": {"object_bounding_box": [608, 0, 294, 172], "object_presence": 1}, "P573--litter-and-dog-waste-bin--clutter--yQxf_YLaouK4E5WW_Ovec0jpwLj4w57-iIv0GDFn764-00359.jpg": {"object_bounding_box": [608, 0, 294, 172], "object_presence": 1}, "P573--litter-and-dog-waste-bin--clutter--yQxf_YLaouK4E5WW_Ovec0jpwLj4w57-iIv0GDFn764-00360.jpg": {"object_bounding_box": [604, 0, 289, 167], "object_presence": 1}, "P573--litter-and-dog-waste-bin--clutter--yQxf_YLaouK4E5WW_Ovec0jpwLj4w57-iIv0GDFn764-00361.jpg": {"object_bounding_box": [601, 0, 291, 162], "object_presence": 1}, "P573--litter-and-dog-waste-bin--clutter--yQxf_YLaouK4E5WW_Ovec0jpwLj4w57-iIv0GDFn764-00362.jpg": {"object_bounding_box": [599, 0, 291, 162], "object_presence": 1}, "P573--litter-and-dog-waste-bin--clutter--yQxf_YLaouK4E5WW_Ovec0jpwLj4w57-iIv0GDFn764-00363.jpg": {"object_bounding_box": [599, 0, 291, 169], "object_presence": 1}, "P573--litter-and-dog-waste-bin--clutter--yQxf_YLaouK4E5WW_Ovec0jpwLj4w57-iIv0GDFn764-00364.jpg": {"object_bounding_box": [601, 0, 291, 169], "object_presence": 1}, "P573--litter-and-dog-waste-bin--clutter--yQxf_YLaouK4E5WW_Ovec0jpwLj4w57-iIv0GDFn764-00365.jpg": {"object_bounding_box": [603, 0, 288, 169], "object_presence": 1}, "P573--litter-and-dog-waste-bin--clutter--yQxf_YLaouK4E5WW_Ovec0jpwLj4w57-iIv0GDFn764-00366.jpg": {"object_bounding_box": [604, 0, 288, 173], "object_presence": 1}, "P573--litter-and-dog-waste-bin--clutter--yQxf_YLaouK4E5WW_Ovec0jpwLj4w57-iIv0GDFn764-00367.jpg": {"object_bounding_box": [602, 0, 293, 173], "object_presence": 1}, "P573--litter-and-dog-waste-bin--clutter--yQxf_YLaouK4E5WW_Ovec0jpwLj4w57-iIv0GDFn764-00368.jpg": {"object_bounding_box": [602, 0, 293, 174], "object_presence": 1}, "P573--litter-and-dog-waste-bin--clutter--yQxf_YLaouK4E5WW_Ovec0jpwLj4w57-iIv0GDFn764-00369.jpg": {"object_bounding_box": [602, 0, 290, 177], "object_presence": 1}, "P573--litter-and-dog-waste-bin--clutter--yQxf_YLaouK4E5WW_Ovec0jpwLj4w57-iIv0GDFn764-00370.jpg": {"object_bounding_box": [599, 0, 290, 179], "object_presence": 1}, "P573--litter-and-dog-waste-bin--clutter--yQxf_YLaouK4E5WW_Ovec0jpwLj4w57-iIv0GDFn764-00371.jpg": {"object_bounding_box": [599, 0, 288, 179], "object_presence": 1}, "P573--litter-and-dog-waste-bin--clutter--yQxf_YLaouK4E5WW_Ovec0jpwLj4w57-iIv0GDFn764-00372.jpg": {"object_bounding_box": [599, 0, 284, 183], "object_presence": 1}, "P573--litter-and-dog-waste-bin--clutter--yQxf_YLaouK4E5WW_Ovec0jpwLj4w57-iIv0GDFn764-00373.jpg": {"object_bounding_box": [594, 0, 289, 183], "object_presence": 1}, "P573--litter-and-dog-waste-bin--clutter--yQxf_YLaouK4E5WW_Ovec0jpwLj4w57-iIv0GDFn764-00374.jpg": {"object_bounding_box": [589, 0, 287, 188], "object_presence": 1}, "P573--litter-and-dog-waste-bin--clutter--yQxf_YLaouK4E5WW_Ovec0jpwLj4w57-iIv0GDFn764-00375.jpg": {"object_bounding_box": [586, 0, 285, 191], "object_presence": 1}, "P573--litter-and-dog-waste-bin--clutter--yQxf_YLaouK4E5WW_Ovec0jpwLj4w57-iIv0GDFn764-00376.jpg": {"object_bounding_box": [588, 0, 282, 191], "object_presence": 1}, "P573--litter-and-dog-waste-bin--clutter--yQxf_YLaouK4E5WW_Ovec0jpwLj4w57-iIv0GDFn764-00377.jpg": {"object_bounding_box": [583, 0, 285, 191], "object_presence": 1}, "P573--litter-and-dog-waste-bin--clutter--yQxf_YLaouK4E5WW_Ovec0jpwLj4w57-iIv0GDFn764-00378.jpg": {"object_bounding_box": [585, 0, 285, 195], "object_presence": 1}, "P573--litter-and-dog-waste-bin--clutter--yQxf_YLaouK4E5WW_Ovec0jpwLj4w57-iIv0GDFn764-00379.jpg": {"object_bounding_box": [586, 0, 285, 206], "object_presence": 1}, "P573--litter-and-dog-waste-bin--clutter--yQxf_YLaouK4E5WW_Ovec0jpwLj4w57-iIv0GDFn764-00380.jpg": {"object_bounding_box": [588, 0, 285, 210], "object_presence": 1}, "P573--litter-and-dog-waste-bin--clutter--yQxf_YLaouK4E5WW_Ovec0jpwLj4w57-iIv0GDFn764-00381.jpg": {"object_bounding_box": [589, 0, 285, 216], "object_presence": 1}, "P573--litter-and-dog-waste-bin--clutter--yQxf_YLaouK4E5WW_Ovec0jpwLj4w57-iIv0GDFn764-00382.jpg": {"object_bounding_box": [591, 0, 285, 216], "object_presence": 1}, "P573--litter-and-dog-waste-bin--clutter--yQxf_YLaouK4E5WW_Ovec0jpwLj4w57-iIv0GDFn764-00383.jpg": {"object_bounding_box": [589, 0, 285, 216], "object_presence": 1}, "P573--litter-and-dog-waste-bin--clutter--yQxf_YLaouK4E5WW_Ovec0jpwLj4w57-iIv0GDFn764-00384.jpg": {"object_bounding_box": [591, 0, 285, 216], "object_presence": 1}, "P573--litter-and-dog-waste-bin--clutter--yQxf_YLaouK4E5WW_Ovec0jpwLj4w57-iIv0GDFn764-00385.jpg": {"object_bounding_box": [589, 0, 285, 216], "object_presence": 1}, "P573--litter-and-dog-waste-bin--clutter--yQxf_YLaouK4E5WW_Ovec0jpwLj4w57-iIv0GDFn764-00386.jpg": {"object_bounding_box": [584, 0, 285, 219], "object_presence": 1}, "P573--litter-and-dog-waste-bin--clutter--yQxf_YLaouK4E5WW_Ovec0jpwLj4w57-iIv0GDFn764-00387.jpg": {"object_bounding_box": [583, 0, 285, 222], "object_presence": 1}, "P573--litter-and-dog-waste-bin--clutter--yQxf_YLaouK4E5WW_Ovec0jpwLj4w57-iIv0GDFn764-00388.jpg": {"object_bounding_box": [599, 0, 285, 241], "object_presence": 1}, "P573--litter-and-dog-waste-bin--clutter--yQxf_YLaouK4E5WW_Ovec0jpwLj4w57-iIv0GDFn764-00389.jpg": {"object_bounding_box": [605, 0, 289, 234], "object_presence": 1}, "P573--litter-and-dog-waste-bin--clutter--yQxf_YLaouK4E5WW_Ovec0jpwLj4w57-iIv0GDFn764-00390.jpg": {"object_bounding_box": [602, 0, 288, 216], "object_presence": 1}, "P573--litter-and-dog-waste-bin--clutter--yQxf_YLaouK4E5WW_Ovec0jpwLj4w57-iIv0GDFn764-00391.jpg": {"object_bounding_box": [602, 0, 287, 216], "object_presence": 1}, "P573--litter-and-dog-waste-bin--clutter--yQxf_YLaouK4E5WW_Ovec0jpwLj4w57-iIv0GDFn764-00392.jpg": {"object_bounding_box": [602, 0, 288, 227], "object_presence": 1}, "P573--litter-and-dog-waste-bin--clutter--yQxf_YLaouK4E5WW_Ovec0jpwLj4w57-iIv0GDFn764-00393.jpg": {"object_bounding_box": [606, 0, 290, 229], "object_presence": 1}, "P573--litter-and-dog-waste-bin--clutter--yQxf_YLaouK4E5WW_Ovec0jpwLj4w57-iIv0GDFn764-00394.jpg": {"object_bounding_box": [611, 0, 288, 225], "object_presence": 1}, "P573--litter-and-dog-waste-bin--clutter--yQxf_YLaouK4E5WW_Ovec0jpwLj4w57-iIv0GDFn764-00395.jpg": {"object_bounding_box": [617, 0, 288, 219], "object_presence": 1}, "P573--litter-and-dog-waste-bin--clutter--yQxf_YLaouK4E5WW_Ovec0jpwLj4w57-iIv0GDFn764-00396.jpg": {"object_bounding_box": [618, 0, 288, 218], "object_presence": 1}, "P573--litter-and-dog-waste-bin--clutter--yQxf_YLaouK4E5WW_Ovec0jpwLj4w57-iIv0GDFn764-00397.jpg": {"object_bounding_box": [612, 0, 288, 219], "object_presence": 1}, "P573--litter-and-dog-waste-bin--clutter--yQxf_YLaouK4E5WW_Ovec0jpwLj4w57-iIv0GDFn764-00398.jpg": {"object_bounding_box": [611, 0, 288, 223], "object_presence": 1}, "P573--litter-and-dog-waste-bin--clutter--yQxf_YLaouK4E5WW_Ovec0jpwLj4w57-iIv0GDFn764-00399.jpg": {"object_bounding_box": [612, 0, 288, 223], "object_presence": 1}, "P573--litter-and-dog-waste-bin--clutter--yQxf_YLaouK4E5WW_Ovec0jpwLj4w57-iIv0GDFn764-00400.jpg": {"object_bounding_box": [614, 0, 288, 223], "object_presence": 1}, "P573--litter-and-dog-waste-bin--clutter--yQxf_YLaouK4E5WW_Ovec0jpwLj4w57-iIv0GDFn764-00401.jpg": {"object_bounding_box": [617, 0, 288, 217], "object_presence": 1}, "P573--litter-and-dog-waste-bin--clutter--yQxf_YLaouK4E5WW_Ovec0jpwLj4w57-iIv0GDFn764-00402.jpg": {"object_bounding_box": [617, 0, 288, 217], "object_presence": 1}, "P573--litter-and-dog-waste-bin--clutter--yQxf_YLaouK4E5WW_Ovec0jpwLj4w57-iIv0GDFn764-00403.jpg": {"object_bounding_box": [617, 0, 288, 219], "object_presence": 1}, "P573--litter-and-dog-waste-bin--clutter--yQxf_YLaouK4E5WW_Ovec0jpwLj4w57-iIv0GDFn764-00404.jpg": {"object_bounding_box": [616, 0, 288, 219], "object_presence": 1}, "P573--litter-and-dog-waste-bin--clutter--yQxf_YLaouK4E5WW_Ovec0jpwLj4w57-iIv0GDFn764-00405.jpg": {"object_bounding_box": [615, 0, 288, 219], "object_presence": 1}, "P573--litter-and-dog-waste-bin--clutter--yQxf_YLaouK4E5WW_Ovec0jpwLj4w57-iIv0GDFn764-00406.jpg": {"object_bounding_box": [617, 0, 288, 208], "object_presence": 1}, "P573--litter-and-dog-waste-bin--clutter--yQxf_YLaouK4E5WW_Ovec0jpwLj4w57-iIv0GDFn764-00407.jpg": {"object_bounding_box": [615, 0, 288, 208], "object_presence": 1}, "P573--litter-and-dog-waste-bin--clutter--yQxf_YLaouK4E5WW_Ovec0jpwLj4w57-iIv0GDFn764-00408.jpg": {"object_bounding_box": [613, 0, 288, 205], "object_presence": 1}, "P573--litter-and-dog-waste-bin--clutter--yQxf_YLaouK4E5WW_Ovec0jpwLj4w57-iIv0GDFn764-00409.jpg": {"object_bounding_box": [611, 0, 288, 205], "object_presence": 1}, "P573--litter-and-dog-waste-bin--clutter--yQxf_YLaouK4E5WW_Ovec0jpwLj4w57-iIv0GDFn764-00410.jpg": {"object_bounding_box": [610, 0, 288, 210], "object_presence": 1}, "P573--litter-and-dog-waste-bin--clutter--yQxf_YLaouK4E5WW_Ovec0jpwLj4w57-iIv0GDFn764-00411.jpg": {"object_bounding_box": [611, 0, 288, 210], "object_presence": 1}, "P573--litter-and-dog-waste-bin--clutter--yQxf_YLaouK4E5WW_Ovec0jpwLj4w57-iIv0GDFn764-00412.jpg": {"object_bounding_box": [610, 0, 288, 207], "object_presence": 1}, "P573--litter-and-dog-waste-bin--clutter--yQxf_YLaouK4E5WW_Ovec0jpwLj4w57-iIv0GDFn764-00413.jpg": {"object_bounding_box": [611, 0, 288, 207], "object_presence": 1}, "P573--litter-and-dog-waste-bin--clutter--yQxf_YLaouK4E5WW_Ovec0jpwLj4w57-iIv0GDFn764-00414.jpg": {"object_bounding_box": [611, 0, 288, 207], "object_presence": 1}, "P573--litter-and-dog-waste-bin--clutter--yQxf_YLaouK4E5WW_Ovec0jpwLj4w57-iIv0GDFn764-00415.jpg": {"object_bounding_box": [610, 0, 288, 207], "object_presence": 1}, "P573--litter-and-dog-waste-bin--clutter--yQxf_YLaouK4E5WW_Ovec0jpwLj4w57-iIv0GDFn764-00416.jpg": {"object_bounding_box": [609, 0, 288, 207], "object_presence": 1}, "P573--litter-and-dog-waste-bin--clutter--yQxf_YLaouK4E5WW_Ovec0jpwLj4w57-iIv0GDFn764-00417.jpg": {"object_bounding_box": [611, 0, 288, 207], "object_presence": 1}, "P573--litter-and-dog-waste-bin--clutter--yQxf_YLaouK4E5WW_Ovec0jpwLj4w57-iIv0GDFn764-00418.jpg": {"object_bounding_box": [610, 0, 288, 206], "object_presence": 1}, "P573--litter-and-dog-waste-bin--clutter--yQxf_YLaouK4E5WW_Ovec0jpwLj4w57-iIv0GDFn764-00419.jpg": {"object_bounding_box": [606, 0, 287, 206], "object_presence": 1}, "P573--litter-and-dog-waste-bin--clutter--yQxf_YLaouK4E5WW_Ovec0jpwLj4w57-iIv0GDFn764-00420.jpg": {"object_bounding_box": [606, 0, 287, 204], "object_presence": 1}, "P573--litter-and-dog-waste-bin--clutter--yQxf_YLaouK4E5WW_Ovec0jpwLj4w57-iIv0GDFn764-00421.jpg": {"object_bounding_box": [606, 0, 287, 204], "object_presence": 1}, "P573--litter-and-dog-waste-bin--clutter--yQxf_YLaouK4E5WW_Ovec0jpwLj4w57-iIv0GDFn764-00422.jpg": {"object_bounding_box": [603, 0, 287, 206], "object_presence": 1}, "P573--litter-and-dog-waste-bin--clutter--yQxf_YLaouK4E5WW_Ovec0jpwLj4w57-iIv0GDFn764-00423.jpg": {"object_bounding_box": [599, 0, 290, 212], "object_presence": 1}, "P573--litter-and-dog-waste-bin--clutter--yQxf_YLaouK4E5WW_Ovec0jpwLj4w57-iIv0GDFn764-00424.jpg": {"object_bounding_box": [597, 0, 290, 212], "object_presence": 1}, "P573--litter-and-dog-waste-bin--clutter--yQxf_YLaouK4E5WW_Ovec0jpwLj4w57-iIv0GDFn764-00425.jpg": {"object_bounding_box": [596, 0, 290, 212], "object_presence": 1}, "P573--litter-and-dog-waste-bin--clutter--yQxf_YLaouK4E5WW_Ovec0jpwLj4w57-iIv0GDFn764-00426.jpg": {"object_bounding_box": [596, 0, 290, 212], "object_presence": 1}, "P573--litter-and-dog-waste-bin--clutter--yQxf_YLaouK4E5WW_Ovec0jpwLj4w57-iIv0GDFn764-00427.jpg": {"object_bounding_box": [594, 0, 290, 204], "object_presence": 1}, "P573--litter-and-dog-waste-bin--clutter--yQxf_YLaouK4E5WW_Ovec0jpwLj4w57-iIv0GDFn764-00428.jpg": {"object_bounding_box": [587, 0, 290, 204], "object_presence": 1}, "P573--litter-and-dog-waste-bin--clutter--yQxf_YLaouK4E5WW_Ovec0jpwLj4w57-iIv0GDFn764-00429.jpg": {"object_bounding_box": [583, 0, 288, 207], "object_presence": 1}, "P573--litter-and-dog-waste-bin--clutter--yQxf_YLaouK4E5WW_Ovec0jpwLj4w57-iIv0GDFn764-00430.jpg": {"object_bounding_box": [576, 0, 291, 213], "object_presence": 1}, "P573--litter-and-dog-waste-bin--clutter--yQxf_YLaouK4E5WW_Ovec0jpwLj4w57-iIv0GDFn764-00431.jpg": {"object_bounding_box": [570, 0, 291, 213], "object_presence": 1}, "P573--litter-and-dog-waste-bin--clutter--yQxf_YLaouK4E5WW_Ovec0jpwLj4w57-iIv0GDFn764-00432.jpg": {"object_bounding_box": [566, 0, 291, 213], "object_presence": 1}, "P573--litter-and-dog-waste-bin--clutter--yQxf_YLaouK4E5WW_Ovec0jpwLj4w57-iIv0GDFn764-00433.jpg": {"object_bounding_box": [565, 0, 291, 213], "object_presence": 1}, "P573--litter-and-dog-waste-bin--clutter--yQxf_YLaouK4E5WW_Ovec0jpwLj4w57-iIv0GDFn764-00434.jpg": {"object_bounding_box": [564, 0, 291, 213], "object_presence": 1}, "P573--litter-and-dog-waste-bin--clutter--yQxf_YLaouK4E5WW_Ovec0jpwLj4w57-iIv0GDFn764-00435.jpg": {"object_bounding_box": [565, 0, 291, 213], "object_presence": 1}, "P573--litter-and-dog-waste-bin--clutter--yQxf_YLaouK4E5WW_Ovec0jpwLj4w57-iIv0GDFn764-00436.jpg": {"object_bounding_box": [558, 0, 291, 231], "object_presence": 1}, "P573--litter-and-dog-waste-bin--clutter--yQxf_YLaouK4E5WW_Ovec0jpwLj4w57-iIv0GDFn764-00437.jpg": {"object_bounding_box": [559, 0, 293, 232], "object_presence": 1}, "P573--litter-and-dog-waste-bin--clutter--yQxf_YLaouK4E5WW_Ovec0jpwLj4w57-iIv0GDFn764-00438.jpg": {"object_bounding_box": [562, 0, 292, 231], "object_presence": 1}, "P573--litter-and-dog-waste-bin--clutter--yQxf_YLaouK4E5WW_Ovec0jpwLj4w57-iIv0GDFn764-00439.jpg": {"object_bounding_box": [564, 0, 292, 231], "object_presence": 1}, "P573--litter-and-dog-waste-bin--clutter--yQxf_YLaouK4E5WW_Ovec0jpwLj4w57-iIv0GDFn764-00440.jpg": {"object_bounding_box": [565, 0, 292, 237], "object_presence": 1}, "P573--litter-and-dog-waste-bin--clutter--yQxf_YLaouK4E5WW_Ovec0jpwLj4w57-iIv0GDFn764-00441.jpg": {"object_bounding_box": [562, 0, 295, 246], "object_presence": 1}, "P573--litter-and-dog-waste-bin--clutter--yQxf_YLaouK4E5WW_Ovec0jpwLj4w57-iIv0GDFn764-00442.jpg": {"object_bounding_box": [561, 0, 295, 251], "object_presence": 1}, "P573--litter-and-dog-waste-bin--clutter--yQxf_YLaouK4E5WW_Ovec0jpwLj4w57-iIv0GDFn764-00443.jpg": {"object_bounding_box": [561, 0, 295, 260], "object_presence": 1}, "P573--litter-and-dog-waste-bin--clutter--yQxf_YLaouK4E5WW_Ovec0jpwLj4w57-iIv0GDFn764-00444.jpg": {"object_bounding_box": [565, 0, 295, 267], "object_presence": 1}, "P573--litter-and-dog-waste-bin--clutter--yQxf_YLaouK4E5WW_Ovec0jpwLj4w57-iIv0GDFn764-00445.jpg": {"object_bounding_box": [565, 0, 295, 268], "object_presence": 1}, "P573--litter-and-dog-waste-bin--clutter--yQxf_YLaouK4E5WW_Ovec0jpwLj4w57-iIv0GDFn764-00446.jpg": {"object_bounding_box": [565, 0, 295, 268], "object_presence": 1}, "P573--litter-and-dog-waste-bin--clutter--yQxf_YLaouK4E5WW_Ovec0jpwLj4w57-iIv0GDFn764-00447.jpg": {"object_bounding_box": [567, 0, 295, 268], "object_presence": 1}, "P573--litter-and-dog-waste-bin--clutter--yQxf_YLaouK4E5WW_Ovec0jpwLj4w57-iIv0GDFn764-00448.jpg": {"object_bounding_box": [565, 0, 295, 268], "object_presence": 1}, "P573--litter-and-dog-waste-bin--clutter--yQxf_YLaouK4E5WW_Ovec0jpwLj4w57-iIv0GDFn764-00449.jpg": {"object_bounding_box": [559, 0, 295, 268], "object_presence": 1}, "P573--litter-and-dog-waste-bin--clutter--yQxf_YLaouK4E5WW_Ovec0jpwLj4w57-iIv0GDFn764-00450.jpg": {"object_bounding_box": [558, 0, 295, 278], "object_presence": 1}, "P573--litter-and-dog-waste-bin--clutter--yQxf_YLaouK4E5WW_Ovec0jpwLj4w57-iIv0GDFn764-00451.jpg": {"object_bounding_box": [554, 0, 295, 284], "object_presence": 1}, "P573--litter-and-dog-waste-bin--clutter--yQxf_YLaouK4E5WW_Ovec0jpwLj4w57-iIv0GDFn764-00452.jpg": {"object_bounding_box": [552, 0, 295, 290], "object_presence": 1}, "P573--litter-and-dog-waste-bin--clutter--yQxf_YLaouK4E5WW_Ovec0jpwLj4w57-iIv0GDFn764-00453.jpg": {"object_bounding_box": [551, 0, 295, 292], "object_presence": 1}, "P573--litter-and-dog-waste-bin--clutter--yQxf_YLaouK4E5WW_Ovec0jpwLj4w57-iIv0GDFn764-00454.jpg": {"object_bounding_box": [549, 0, 295, 295], "object_presence": 1}, "P573--litter-and-dog-waste-bin--clutter--yQxf_YLaouK4E5WW_Ovec0jpwLj4w57-iIv0GDFn764-00455.jpg": {"object_bounding_box": [546, 0, 295, 295], "object_presence": 1}, "P573--litter-and-dog-waste-bin--clutter--yQxf_YLaouK4E5WW_Ovec0jpwLj4w57-iIv0GDFn764-00456.jpg": {"object_bounding_box": [545, 0, 295, 295], "object_presence": 1}, "P573--litter-and-dog-waste-bin--clutter--yQxf_YLaouK4E5WW_Ovec0jpwLj4w57-iIv0GDFn764-00457.jpg": {"object_bounding_box": [543, 0, 295, 295], "object_presence": 1}, "P573--litter-and-dog-waste-bin--clutter--yQxf_YLaouK4E5WW_Ovec0jpwLj4w57-iIv0GDFn764-00458.jpg": {"object_bounding_box": [568, 0, 296, 318], "object_presence": 1}, "P573--litter-and-dog-waste-bin--clutter--yQxf_YLaouK4E5WW_Ovec0jpwLj4w57-iIv0GDFn764-00459.jpg": {"object_bounding_box": [565, 0, 296, 297], "object_presence": 1}, "P573--litter-and-dog-waste-bin--clutter--yQxf_YLaouK4E5WW_Ovec0jpwLj4w57-iIv0GDFn764-00460.jpg": {"object_bounding_box": [555, 0, 293, 289], "object_presence": 1}, "P573--litter-and-dog-waste-bin--clutter--yQxf_YLaouK4E5WW_Ovec0jpwLj4w57-iIv0GDFn764-00461.jpg": {"object_bounding_box": [561, 0, 293, 302], "object_presence": 1}, "P573--litter-and-dog-waste-bin--clutter--yQxf_YLaouK4E5WW_Ovec0jpwLj4w57-iIv0GDFn764-00462.jpg": {"object_bounding_box": [557, 0, 293, 304], "object_presence": 1}, "P573--litter-and-dog-waste-bin--clutter--yQxf_YLaouK4E5WW_Ovec0jpwLj4w57-iIv0GDFn764-00463.jpg": {"object_bounding_box": [563, 0, 294, 325], "object_presence": 1}, "P573--litter-and-dog-waste-bin--clutter--yQxf_YLaouK4E5WW_Ovec0jpwLj4w57-iIv0GDFn764-00464.jpg": {"object_bounding_box": [582, 0, 297, 307], "object_presence": 1}, "P573--litter-and-dog-waste-bin--clutter--yQxf_YLaouK4E5WW_Ovec0jpwLj4w57-iIv0GDFn764-00465.jpg": {"object_bounding_box": [560, 0, 295, 279], "object_presence": 1}, "P573--litter-and-dog-waste-bin--clutter--yQxf_YLaouK4E5WW_Ovec0jpwLj4w57-iIv0GDFn764-00466.jpg": {"object_bounding_box": [569, 0, 295, 292], "object_presence": 1}, "P573--litter-and-dog-waste-bin--clutter--yQxf_YLaouK4E5WW_Ovec0jpwLj4w57-iIv0GDFn764-00467.jpg": {"object_bounding_box": [574, 0, 297, 303], "object_presence": 1}, "P573--litter-and-dog-waste-bin--clutter--yQxf_YLaouK4E5WW_Ovec0jpwLj4w57-iIv0GDFn764-00468.jpg": {"object_bounding_box": [573, 0, 297, 296], "object_presence": 1}, "P573--litter-and-dog-waste-bin--clutter--yQxf_YLaouK4E5WW_Ovec0jpwLj4w57-iIv0GDFn764-00469.jpg": {"object_bounding_box": [578, 0, 297, 289], "object_presence": 1}, "P573--litter-and-dog-waste-bin--clutter--yQxf_YLaouK4E5WW_Ovec0jpwLj4w57-iIv0GDFn764-00470.jpg": {"object_bounding_box": [579, 0, 296, 285], "object_presence": 1}}