{"P587--headphones--clutter--z9Ew_W6p2h44-y84P6RlRbXV2VhULjKyhIV3-ThOCDY-00001.jpg": {"object_bounding_box": [0, 683, 1000, 397], "object_presence": 1}, "P587--headphones--clutter--z9Ew_W6p2h44-y84P6RlRbXV2VhULjKyhIV3-ThOCDY-00002.jpg": {"object_bounding_box": [0, 685, 1005, 395], "object_presence": 1}, "P587--headphones--clutter--z9Ew_W6p2h44-y84P6RlRbXV2VhULjKyhIV3-ThOCDY-00003.jpg": {"object_bounding_box": [0, 693, 1001, 387], "object_presence": 1}, "P587--headphones--clutter--z9Ew_W6p2h44-y84P6RlRbXV2VhULjKyhIV3-ThOCDY-00004.jpg": {"object_bounding_box": [0, 697, 1000, 383], "object_presence": 1}, "P587--headphones--clutter--z9Ew_W6p2h44-y84P6RlRbXV2VhULjKyhIV3-ThOCDY-00005.jpg": {"object_bounding_box": [0, 698, 995, 382], "object_presence": 1}, "P587--headphones--clutter--z9Ew_W6p2h44-y84P6RlRbXV2VhULjKyhIV3-ThOCDY-00006.jpg": {"object_bounding_box": [0, 697, 994, 383], "object_presence": 1}, "P587--headphones--clutter--z9Ew_W6p2h44-y84P6RlRbXV2VhULjKyhIV3-ThOCDY-00007.jpg": {"object_bounding_box": [0, 696, 993, 384], "object_presence": 1}, "P587--headphones--clutter--z9Ew_W6p2h44-y84P6RlRbXV2VhULjKyhIV3-ThOCDY-00008.jpg": {"object_bounding_box": [0, 701, 981, 379], "object_presence": 1}, "P587--headphones--clutter--z9Ew_W6p2h44-y84P6RlRbXV2VhULjKyhIV3-ThOCDY-00009.jpg": {"object_bounding_box": [0, 697, 981, 383], "object_presence": 1}, "P587--headphones--clutter--z9Ew_W6p2h44-y84P6RlRbXV2VhULjKyhIV3-ThOCDY-00010.jpg": {"object_bounding_box": [0, 697, 976, 383], "object_presence": 1}, "P587--headphones--clutter--z9Ew_W6p2h44-y84P6RlRbXV2VhULjKyhIV3-ThOCDY-00011.jpg": {"object_bounding_box": [0, 697, 972, 383], "object_presence": 1}, "P587--headphones--clutter--z9Ew_W6p2h44-y84P6RlRbXV2VhULjKyhIV3-ThOCDY-00012.jpg": {"object_bounding_box": [0, 696, 961, 384], "object_presence": 1}, "P587--headphones--clutter--z9Ew_W6p2h44-y84P6RlRbXV2VhULjKyhIV3-ThOCDY-00013.jpg": {"object_bounding_box": [0, 694, 951, 386], "object_presence": 1}, "P587--headphones--clutter--z9Ew_W6p2h44-y84P6RlRbXV2VhULjKyhIV3-ThOCDY-00014.jpg": {"object_bounding_box": [0, 697, 942, 383], "object_presence": 1}, "P587--headphones--clutter--z9Ew_W6p2h44-y84P6RlRbXV2VhULjKyhIV3-ThOCDY-00015.jpg": {"object_bounding_box": [0, 699, 934, 381], "object_presence": 1}, "P587--headphones--clutter--z9Ew_W6p2h44-y84P6RlRbXV2VhULjKyhIV3-ThOCDY-00016.jpg": {"object_bounding_box": [0, 698, 931, 382], "object_presence": 1}, "P587--headphones--clutter--z9Ew_W6p2h44-y84P6RlRbXV2VhULjKyhIV3-ThOCDY-00017.jpg": {"object_bounding_box": [0, 701, 925, 379], "object_presence": 1}, "P587--headphones--clutter--z9Ew_W6p2h44-y84P6RlRbXV2VhULjKyhIV3-ThOCDY-00018.jpg": {"object_bounding_box": [0, 701, 922, 379], "object_presence": 1}, "P587--headphones--clutter--z9Ew_W6p2h44-y84P6RlRbXV2VhULjKyhIV3-ThOCDY-00019.jpg": {"object_bounding_box": [0, 708, 916, 372], "object_presence": 1}, "P587--headphones--clutter--z9Ew_W6p2h44-y84P6RlRbXV2VhULjKyhIV3-ThOCDY-00020.jpg": {"object_bounding_box": [0, 714, 908, 366], "object_presence": 1}, "P587--headphones--clutter--z9Ew_W6p2h44-y84P6RlRbXV2VhULjKyhIV3-ThOCDY-00021.jpg": {"object_bounding_box": [0, 724, 907, 356], "object_presence": 1}, "P587--headphones--clutter--z9Ew_W6p2h44-y84P6RlRbXV2VhULjKyhIV3-ThOCDY-00022.jpg": {"object_bounding_box": [0, 735, 908, 345], "object_presence": 1}, "P587--headphones--clutter--z9Ew_W6p2h44-y84P6RlRbXV2VhULjKyhIV3-ThOCDY-00023.jpg": {"object_bounding_box": [0, 739, 905, 341], "object_presence": 1}, "P587--headphones--clutter--z9Ew_W6p2h44-y84P6RlRbXV2VhULjKyhIV3-ThOCDY-00024.jpg": {"object_bounding_box": [0, 746, 905, 334], "object_presence": 1}, "P587--headphones--clutter--z9Ew_W6p2h44-y84P6RlRbXV2VhULjKyhIV3-ThOCDY-00025.jpg": {"object_bounding_box": [0, 751, 908, 329], "object_presence": 1}, "P587--headphones--clutter--z9Ew_W6p2h44-y84P6RlRbXV2VhULjKyhIV3-ThOCDY-00026.jpg": {"object_bounding_box": [0, 757, 901, 323], "object_presence": 1}, "P587--headphones--clutter--z9Ew_W6p2h44-y84P6RlRbXV2VhULjKyhIV3-ThOCDY-00027.jpg": {"object_bounding_box": [0, 767, 888, 313], "object_presence": 1}, "P587--headphones--clutter--z9Ew_W6p2h44-y84P6RlRbXV2VhULjKyhIV3-ThOCDY-00028.jpg": {"object_bounding_box": [0, 782, 876, 298], "object_presence": 1}, "P587--headphones--clutter--z9Ew_W6p2h44-y84P6RlRbXV2VhULjKyhIV3-ThOCDY-00029.jpg": {"object_bounding_box": [27, 786, 838, 294], "object_presence": 1}, "P587--headphones--clutter--z9Ew_W6p2h44-y84P6RlRbXV2VhULjKyhIV3-ThOCDY-00030.jpg": {"object_bounding_box": [34, 789, 823, 291], "object_presence": 1}, "P587--headphones--clutter--z9Ew_W6p2h44-y84P6RlRbXV2VhULjKyhIV3-ThOCDY-00031.jpg": {"object_bounding_box": [33, 793, 816, 287], "object_presence": 1}, "P587--headphones--clutter--z9Ew_W6p2h44-y84P6RlRbXV2VhULjKyhIV3-ThOCDY-00032.jpg": {"object_bounding_box": [36, 799, 801, 281], "object_presence": 1}, "P587--headphones--clutter--z9Ew_W6p2h44-y84P6RlRbXV2VhULjKyhIV3-ThOCDY-00033.jpg": {"object_bounding_box": [38, 803, 783, 277], "object_presence": 1}, "P587--headphones--clutter--z9Ew_W6p2h44-y84P6RlRbXV2VhULjKyhIV3-ThOCDY-00034.jpg": {"object_bounding_box": [29, 805, 775, 275], "object_presence": 1}, "P587--headphones--clutter--z9Ew_W6p2h44-y84P6RlRbXV2VhULjKyhIV3-ThOCDY-00035.jpg": {"object_bounding_box": [11, 808, 773, 272], "object_presence": 1}, "P587--headphones--clutter--z9Ew_W6p2h44-y84P6RlRbXV2VhULjKyhIV3-ThOCDY-00036.jpg": {"object_bounding_box": [7, 810, 756, 270], "object_presence": 1}, "P587--headphones--clutter--z9Ew_W6p2h44-y84P6RlRbXV2VhULjKyhIV3-ThOCDY-00037.jpg": {"object_bounding_box": [7, 811, 741, 269], "object_presence": 1}, "P587--headphones--clutter--z9Ew_W6p2h44-y84P6RlRbXV2VhULjKyhIV3-ThOCDY-00038.jpg": {"object_bounding_box": [6, 812, 734, 268], "object_presence": 1}, "P587--headphones--clutter--z9Ew_W6p2h44-y84P6RlRbXV2VhULjKyhIV3-ThOCDY-00039.jpg": {"object_bounding_box": [4, 810, 727, 270], "object_presence": 1}, "P587--headphones--clutter--z9Ew_W6p2h44-y84P6RlRbXV2VhULjKyhIV3-ThOCDY-00040.jpg": {"object_bounding_box": [4, 809, 722, 271], "object_presence": 1}, "P587--headphones--clutter--z9Ew_W6p2h44-y84P6RlRbXV2VhULjKyhIV3-ThOCDY-00041.jpg": {"object_bounding_box": [12, 813, 711, 267], "object_presence": 1}, "P587--headphones--clutter--z9Ew_W6p2h44-y84P6RlRbXV2VhULjKyhIV3-ThOCDY-00042.jpg": {"object_bounding_box": [14, 813, 707, 267], "object_presence": 1}, "P587--headphones--clutter--z9Ew_W6p2h44-y84P6RlRbXV2VhULjKyhIV3-ThOCDY-00043.jpg": {"object_bounding_box": [11, 810, 701, 270], "object_presence": 1}, "P587--headphones--clutter--z9Ew_W6p2h44-y84P6RlRbXV2VhULjKyhIV3-ThOCDY-00044.jpg": {"object_bounding_box": [13, 805, 698, 275], "object_presence": 1}, "P587--headphones--clutter--z9Ew_W6p2h44-y84P6RlRbXV2VhULjKyhIV3-ThOCDY-00045.jpg": {"object_bounding_box": [16, 799, 697, 281], "object_presence": 1}, "P587--headphones--clutter--z9Ew_W6p2h44-y84P6RlRbXV2VhULjKyhIV3-ThOCDY-00046.jpg": {"object_bounding_box": [20, 796, 693, 284], "object_presence": 1}, "P587--headphones--clutter--z9Ew_W6p2h44-y84P6RlRbXV2VhULjKyhIV3-ThOCDY-00047.jpg": {"object_bounding_box": [23, 793, 686, 287], "object_presence": 1}, "P587--headphones--clutter--z9Ew_W6p2h44-y84P6RlRbXV2VhULjKyhIV3-ThOCDY-00048.jpg": {"object_bounding_box": [30, 793, 679, 287], "object_presence": 1}, "P587--headphones--clutter--z9Ew_W6p2h44-y84P6RlRbXV2VhULjKyhIV3-ThOCDY-00049.jpg": {"object_bounding_box": [33, 796, 673, 284], "object_presence": 1}, "P587--headphones--clutter--z9Ew_W6p2h44-y84P6RlRbXV2VhULjKyhIV3-ThOCDY-00050.jpg": {"object_bounding_box": [28, 796, 671, 284], "object_presence": 1}, "P587--headphones--clutter--z9Ew_W6p2h44-y84P6RlRbXV2VhULjKyhIV3-ThOCDY-00051.jpg": {"object_bounding_box": [29, 799, 659, 281], "object_presence": 1}, "P587--headphones--clutter--z9Ew_W6p2h44-y84P6RlRbXV2VhULjKyhIV3-ThOCDY-00052.jpg": {"object_bounding_box": [32, 803, 651, 277], "object_presence": 1}, "P587--headphones--clutter--z9Ew_W6p2h44-y84P6RlRbXV2VhULjKyhIV3-ThOCDY-00053.jpg": {"object_bounding_box": [32, 807, 645, 273], "object_presence": 1}, "P587--headphones--clutter--z9Ew_W6p2h44-y84P6RlRbXV2VhULjKyhIV3-ThOCDY-00054.jpg": {"object_bounding_box": [27, 809, 637, 271], "object_presence": 1}, "P587--headphones--clutter--z9Ew_W6p2h44-y84P6RlRbXV2VhULjKyhIV3-ThOCDY-00055.jpg": {"object_bounding_box": [27, 813, 629, 267], "object_presence": 1}, "P587--headphones--clutter--z9Ew_W6p2h44-y84P6RlRbXV2VhULjKyhIV3-ThOCDY-00056.jpg": {"object_bounding_box": [35, 813, 619, 267], "object_presence": 1}, "P587--headphones--clutter--z9Ew_W6p2h44-y84P6RlRbXV2VhULjKyhIV3-ThOCDY-00057.jpg": {"object_bounding_box": [37, 814, 617, 266], "object_presence": 1}, "P587--headphones--clutter--z9Ew_W6p2h44-y84P6RlRbXV2VhULjKyhIV3-ThOCDY-00058.jpg": {"object_bounding_box": [37, 819, 608, 261], "object_presence": 1}, "P587--headphones--clutter--z9Ew_W6p2h44-y84P6RlRbXV2VhULjKyhIV3-ThOCDY-00059.jpg": {"object_bounding_box": [44, 829, 593, 251], "object_presence": 1}, "P587--headphones--clutter--z9Ew_W6p2h44-y84P6RlRbXV2VhULjKyhIV3-ThOCDY-00060.jpg": {"object_bounding_box": [49, 834, 587, 246], "object_presence": 1}, "P587--headphones--clutter--z9Ew_W6p2h44-y84P6RlRbXV2VhULjKyhIV3-ThOCDY-00061.jpg": {"object_bounding_box": [51, 840, 578, 240], "object_presence": 1}, "P587--headphones--clutter--z9Ew_W6p2h44-y84P6RlRbXV2VhULjKyhIV3-ThOCDY-00062.jpg": {"object_bounding_box": [46, 845, 571, 235], "object_presence": 1}, "P587--headphones--clutter--z9Ew_W6p2h44-y84P6RlRbXV2VhULjKyhIV3-ThOCDY-00063.jpg": {"object_bounding_box": [51, 853, 559, 227], "object_presence": 1}, "P587--headphones--clutter--z9Ew_W6p2h44-y84P6RlRbXV2VhULjKyhIV3-ThOCDY-00064.jpg": {"object_bounding_box": [57, 856, 550, 221], "object_presence": 1}, "P587--headphones--clutter--z9Ew_W6p2h44-y84P6RlRbXV2VhULjKyhIV3-ThOCDY-00065.jpg": {"object_bounding_box": [60, 859, 544, 221], "object_presence": 1}, "P587--headphones--clutter--z9Ew_W6p2h44-y84P6RlRbXV2VhULjKyhIV3-ThOCDY-00066.jpg": {"object_bounding_box": [60, 868, 535, 212], "object_presence": 1}, "P587--headphones--clutter--z9Ew_W6p2h44-y84P6RlRbXV2VhULjKyhIV3-ThOCDY-00067.jpg": {"object_bounding_box": [57, 870, 530, 210], "object_presence": 1}, "P587--headphones--clutter--z9Ew_W6p2h44-y84P6RlRbXV2VhULjKyhIV3-ThOCDY-00068.jpg": {"object_bounding_box": [57, 873, 520, 207], "object_presence": 1}, "P587--headphones--clutter--z9Ew_W6p2h44-y84P6RlRbXV2VhULjKyhIV3-ThOCDY-00069.jpg": {"object_bounding_box": [58, 873, 517, 207], "object_presence": 1}, "P587--headphones--clutter--z9Ew_W6p2h44-y84P6RlRbXV2VhULjKyhIV3-ThOCDY-00070.jpg": {"object_bounding_box": [60, 876, 510, 204], "object_presence": 1}, "P587--headphones--clutter--z9Ew_W6p2h44-y84P6RlRbXV2VhULjKyhIV3-ThOCDY-00071.jpg": {"object_bounding_box": [63, 877, 504, 203], "object_presence": 1}, "P587--headphones--clutter--z9Ew_W6p2h44-y84P6RlRbXV2VhULjKyhIV3-ThOCDY-00072.jpg": {"object_bounding_box": [65, 872, 505, 208], "object_presence": 1}, "P587--headphones--clutter--z9Ew_W6p2h44-y84P6RlRbXV2VhULjKyhIV3-ThOCDY-00073.jpg": {"object_bounding_box": [64, 865, 508, 215], "object_presence": 1}, "P587--headphones--clutter--z9Ew_W6p2h44-y84P6RlRbXV2VhULjKyhIV3-ThOCDY-00074.jpg": {"object_bounding_box": [57, 854, 511, 226], "object_presence": 1}, "P587--headphones--clutter--z9Ew_W6p2h44-y84P6RlRbXV2VhULjKyhIV3-ThOCDY-00075.jpg": {"object_bounding_box": [54, 850, 508, 230], "object_presence": 1}, "P587--headphones--clutter--z9Ew_W6p2h44-y84P6RlRbXV2VhULjKyhIV3-ThOCDY-00076.jpg": {"object_bounding_box": [51, 848, 507, 232], "object_presence": 1}, "P587--headphones--clutter--z9Ew_W6p2h44-y84P6RlRbXV2VhULjKyhIV3-ThOCDY-00077.jpg": {"object_bounding_box": [53, 836, 503, 244], "object_presence": 1}, "P587--headphones--clutter--z9Ew_W6p2h44-y84P6RlRbXV2VhULjKyhIV3-ThOCDY-00078.jpg": {"object_bounding_box": [61, 832, 500, 248], "object_presence": 1}, "P587--headphones--clutter--z9Ew_W6p2h44-y84P6RlRbXV2VhULjKyhIV3-ThOCDY-00079.jpg": {"object_bounding_box": [68, 842, 494, 238], "object_presence": 1}, "P587--headphones--clutter--z9Ew_W6p2h44-y84P6RlRbXV2VhULjKyhIV3-ThOCDY-00080.jpg": {"object_bounding_box": [77, 850, 487, 230], "object_presence": 1}, "P587--headphones--clutter--z9Ew_W6p2h44-y84P6RlRbXV2VhULjKyhIV3-ThOCDY-00081.jpg": {"object_bounding_box": [84, 856, 482, 224], "object_presence": 1}, "P587--headphones--clutter--z9Ew_W6p2h44-y84P6RlRbXV2VhULjKyhIV3-ThOCDY-00082.jpg": {"object_bounding_box": [93, 863, 473, 217], "object_presence": 1}, "P587--headphones--clutter--z9Ew_W6p2h44-y84P6RlRbXV2VhULjKyhIV3-ThOCDY-00083.jpg": {"object_bounding_box": [100, 874, 466, 206], "object_presence": 1}, "P587--headphones--clutter--z9Ew_W6p2h44-y84P6RlRbXV2VhULjKyhIV3-ThOCDY-00084.jpg": {"object_bounding_box": [106, 876, 461, 204], "object_presence": 1}, "P587--headphones--clutter--z9Ew_W6p2h44-y84P6RlRbXV2VhULjKyhIV3-ThOCDY-00085.jpg": {"object_bounding_box": [106, 880, 457, 200], "object_presence": 1}, "P587--headphones--clutter--z9Ew_W6p2h44-y84P6RlRbXV2VhULjKyhIV3-ThOCDY-00086.jpg": {"object_bounding_box": [107, 888, 448, 192], "object_presence": 1}, "P587--headphones--clutter--z9Ew_W6p2h44-y84P6RlRbXV2VhULjKyhIV3-ThOCDY-00087.jpg": {"object_bounding_box": [107, 894, 443, 186], "object_presence": 1}, "P587--headphones--clutter--z9Ew_W6p2h44-y84P6RlRbXV2VhULjKyhIV3-ThOCDY-00088.jpg": {"object_bounding_box": [106, 893, 437, 187], "object_presence": 1}, "P587--headphones--clutter--z9Ew_W6p2h44-y84P6RlRbXV2VhULjKyhIV3-ThOCDY-00089.jpg": {"object_bounding_box": [104, 892, 437, 188], "object_presence": 1}, "P587--headphones--clutter--z9Ew_W6p2h44-y84P6RlRbXV2VhULjKyhIV3-ThOCDY-00090.jpg": {"object_bounding_box": [105, 894, 432, 186], "object_presence": 1}, "P587--headphones--clutter--z9Ew_W6p2h44-y84P6RlRbXV2VhULjKyhIV3-ThOCDY-00091.jpg": {"object_bounding_box": [105, 895, 430, 185], "object_presence": 1}, "P587--headphones--clutter--z9Ew_W6p2h44-y84P6RlRbXV2VhULjKyhIV3-ThOCDY-00092.jpg": {"object_bounding_box": [105, 891, 428, 189], "object_presence": 1}, "P587--headphones--clutter--z9Ew_W6p2h44-y84P6RlRbXV2VhULjKyhIV3-ThOCDY-00093.jpg": {"object_bounding_box": [103, 885, 430, 195], "object_presence": 1}, "P587--headphones--clutter--z9Ew_W6p2h44-y84P6RlRbXV2VhULjKyhIV3-ThOCDY-00094.jpg": {"object_bounding_box": [100, 883, 427, 197], "object_presence": 1}, "P587--headphones--clutter--z9Ew_W6p2h44-y84P6RlRbXV2VhULjKyhIV3-ThOCDY-00095.jpg": {"object_bounding_box": [93, 877, 428, 203], "object_presence": 1}, "P587--headphones--clutter--z9Ew_W6p2h44-y84P6RlRbXV2VhULjKyhIV3-ThOCDY-00096.jpg": {"object_bounding_box": [94, 871, 426, 209], "object_presence": 1}, "P587--headphones--clutter--z9Ew_W6p2h44-y84P6RlRbXV2VhULjKyhIV3-ThOCDY-00097.jpg": {"object_bounding_box": [98, 868, 424, 212], "object_presence": 1}, "P587--headphones--clutter--z9Ew_W6p2h44-y84P6RlRbXV2VhULjKyhIV3-ThOCDY-00098.jpg": {"object_bounding_box": [104, 872, 420, 208], "object_presence": 1}, "P587--headphones--clutter--z9Ew_W6p2h44-y84P6RlRbXV2VhULjKyhIV3-ThOCDY-00099.jpg": {"object_bounding_box": [107, 868, 417, 212], "object_presence": 1}, "P587--headphones--clutter--z9Ew_W6p2h44-y84P6RlRbXV2VhULjKyhIV3-ThOCDY-00100.jpg": {"object_bounding_box": [115, 862, 416, 218], "object_presence": 1}, "P587--headphones--clutter--z9Ew_W6p2h44-y84P6RlRbXV2VhULjKyhIV3-ThOCDY-00101.jpg": {"object_bounding_box": [118, 861, 414, 219], "object_presence": 1}, "P587--headphones--clutter--z9Ew_W6p2h44-y84P6RlRbXV2VhULjKyhIV3-ThOCDY-00102.jpg": {"object_bounding_box": [122, 870, 408, 210], "object_presence": 1}, "P587--headphones--clutter--z9Ew_W6p2h44-y84P6RlRbXV2VhULjKyhIV3-ThOCDY-00103.jpg": {"object_bounding_box": [126, 877, 404, 203], "object_presence": 1}, "P587--headphones--clutter--z9Ew_W6p2h44-y84P6RlRbXV2VhULjKyhIV3-ThOCDY-00104.jpg": {"object_bounding_box": [125, 883, 400, 197], "object_presence": 1}, "P587--headphones--clutter--z9Ew_W6p2h44-y84P6RlRbXV2VhULjKyhIV3-ThOCDY-00105.jpg": {"object_bounding_box": [123, 889, 399, 191], "object_presence": 1}, "P587--headphones--clutter--z9Ew_W6p2h44-y84P6RlRbXV2VhULjKyhIV3-ThOCDY-00106.jpg": {"object_bounding_box": [120, 898, 394, 182], "object_presence": 1}, "P587--headphones--clutter--z9Ew_W6p2h44-y84P6RlRbXV2VhULjKyhIV3-ThOCDY-00107.jpg": {"object_bounding_box": [120, 901, 387, 179], "object_presence": 1}, "P587--headphones--clutter--z9Ew_W6p2h44-y84P6RlRbXV2VhULjKyhIV3-ThOCDY-00108.jpg": {"object_bounding_box": [120, 904, 386, 176], "object_presence": 1}, "P587--headphones--clutter--z9Ew_W6p2h44-y84P6RlRbXV2VhULjKyhIV3-ThOCDY-00109.jpg": {"object_bounding_box": [119, 907, 382, 173], "object_presence": 1}, "P587--headphones--clutter--z9Ew_W6p2h44-y84P6RlRbXV2VhULjKyhIV3-ThOCDY-00110.jpg": {"object_bounding_box": [119, 907, 379, 173], "object_presence": 1}, "P587--headphones--clutter--z9Ew_W6p2h44-y84P6RlRbXV2VhULjKyhIV3-ThOCDY-00111.jpg": {"object_bounding_box": [116, 907, 378, 173], "object_presence": 1}, "P587--headphones--clutter--z9Ew_W6p2h44-y84P6RlRbXV2VhULjKyhIV3-ThOCDY-00112.jpg": {"object_bounding_box": [113, 913, 372, 167], "object_presence": 1}, "P587--headphones--clutter--z9Ew_W6p2h44-y84P6RlRbXV2VhULjKyhIV3-ThOCDY-00113.jpg": {"object_bounding_box": [118, 914, 371, 166], "object_presence": 1}, "P587--headphones--clutter--z9Ew_W6p2h44-y84P6RlRbXV2VhULjKyhIV3-ThOCDY-00114.jpg": {"object_bounding_box": [124, 913, 367, 167], "object_presence": 1}, "P587--headphones--clutter--z9Ew_W6p2h44-y84P6RlRbXV2VhULjKyhIV3-ThOCDY-00115.jpg": {"object_bounding_box": [128, 917, 363, 163], "object_presence": 1}, "P587--headphones--clutter--z9Ew_W6p2h44-y84P6RlRbXV2VhULjKyhIV3-ThOCDY-00116.jpg": {"object_bounding_box": [132, 922, 360, 158], "object_presence": 1}, "P587--headphones--clutter--z9Ew_W6p2h44-y84P6RlRbXV2VhULjKyhIV3-ThOCDY-00117.jpg": {"object_bounding_box": [135, 922, 358, 158], "object_presence": 1}, "P587--headphones--clutter--z9Ew_W6p2h44-y84P6RlRbXV2VhULjKyhIV3-ThOCDY-00118.jpg": {"object_bounding_box": [131, 922, 359, 158], "object_presence": 1}, "P587--headphones--clutter--z9Ew_W6p2h44-y84P6RlRbXV2VhULjKyhIV3-ThOCDY-00119.jpg": {"object_bounding_box": [132, 924, 354, 156], "object_presence": 1}, "P587--headphones--clutter--z9Ew_W6p2h44-y84P6RlRbXV2VhULjKyhIV3-ThOCDY-00120.jpg": {"object_bounding_box": [138, 932, 345, 148], "object_presence": 1}, "P587--headphones--clutter--z9Ew_W6p2h44-y84P6RlRbXV2VhULjKyhIV3-ThOCDY-00121.jpg": {"object_bounding_box": [138, 933, 346, 147], "object_presence": 1}, "P587--headphones--clutter--z9Ew_W6p2h44-y84P6RlRbXV2VhULjKyhIV3-ThOCDY-00122.jpg": {"object_bounding_box": [132, 932, 348, 148], "object_presence": 1}, "P587--headphones--clutter--z9Ew_W6p2h44-y84P6RlRbXV2VhULjKyhIV3-ThOCDY-00123.jpg": {"object_bounding_box": [134, 934, 342, 146], "object_presence": 1}, "P587--headphones--clutter--z9Ew_W6p2h44-y84P6RlRbXV2VhULjKyhIV3-ThOCDY-00124.jpg": {"object_bounding_box": [134, 929, 346, 151], "object_presence": 1}, "P587--headphones--clutter--z9Ew_W6p2h44-y84P6RlRbXV2VhULjKyhIV3-ThOCDY-00125.jpg": {"object_bounding_box": [134, 920, 350, 160], "object_presence": 1}, "P587--headphones--clutter--z9Ew_W6p2h44-y84P6RlRbXV2VhULjKyhIV3-ThOCDY-00126.jpg": {"object_bounding_box": [132, 914, 352, 166], "object_presence": 1}, "P587--headphones--clutter--z9Ew_W6p2h44-y84P6RlRbXV2VhULjKyhIV3-ThOCDY-00127.jpg": {"object_bounding_box": [136, 913, 350, 167], "object_presence": 1}, "P587--headphones--clutter--z9Ew_W6p2h44-y84P6RlRbXV2VhULjKyhIV3-ThOCDY-00128.jpg": {"object_bounding_box": [145, 913, 347, 167], "object_presence": 1}, "P587--headphones--clutter--z9Ew_W6p2h44-y84P6RlRbXV2VhULjKyhIV3-ThOCDY-00129.jpg": {"object_bounding_box": [153, 921, 342, 159], "object_presence": 1}, "P587--headphones--clutter--z9Ew_W6p2h44-y84P6RlRbXV2VhULjKyhIV3-ThOCDY-00130.jpg": {"object_bounding_box": [154, 927, 340, 153], "object_presence": 1}, "P587--headphones--clutter--z9Ew_W6p2h44-y84P6RlRbXV2VhULjKyhIV3-ThOCDY-00131.jpg": {"object_bounding_box": [154, 931, 336, 149], "object_presence": 1}, "P587--headphones--clutter--z9Ew_W6p2h44-y84P6RlRbXV2VhULjKyhIV3-ThOCDY-00132.jpg": {"object_bounding_box": [153, 936, 333, 144], "object_presence": 1}, "P587--headphones--clutter--z9Ew_W6p2h44-y84P6RlRbXV2VhULjKyhIV3-ThOCDY-00133.jpg": {"object_bounding_box": [153, 942, 327, 138], "object_presence": 1}, "P587--headphones--clutter--z9Ew_W6p2h44-y84P6RlRbXV2VhULjKyhIV3-ThOCDY-00134.jpg": {"object_bounding_box": [158, 951, 316, 129], "object_presence": 1}, "P587--headphones--clutter--z9Ew_W6p2h44-y84P6RlRbXV2VhULjKyhIV3-ThOCDY-00135.jpg": {"object_bounding_box": [159, 960, 311, 120], "object_presence": 1}, "P587--headphones--clutter--z9Ew_W6p2h44-y84P6RlRbXV2VhULjKyhIV3-ThOCDY-00136.jpg": {"object_bounding_box": [156, 960, 311, 120], "object_presence": 1}, "P587--headphones--clutter--z9Ew_W6p2h44-y84P6RlRbXV2VhULjKyhIV3-ThOCDY-00137.jpg": {"object_bounding_box": [156, 962, 307, 118], "object_presence": 1}, "P587--headphones--clutter--z9Ew_W6p2h44-y84P6RlRbXV2VhULjKyhIV3-ThOCDY-00138.jpg": {"object_bounding_box": [155, 966, 303, 114], "object_presence": 1}, "P587--headphones--clutter--z9Ew_W6p2h44-y84P6RlRbXV2VhULjKyhIV3-ThOCDY-00139.jpg": {"object_bounding_box": [156, 969, 298, 111], "object_presence": 1}, "P587--headphones--clutter--z9Ew_W6p2h44-y84P6RlRbXV2VhULjKyhIV3-ThOCDY-00140.jpg": {"object_bounding_box": [156, 968, 297, 112], "object_presence": 1}, "P587--headphones--clutter--z9Ew_W6p2h44-y84P6RlRbXV2VhULjKyhIV3-ThOCDY-00141.jpg": {"object_bounding_box": [158, 970, 294, 110], "object_presence": 1}, "P587--headphones--clutter--z9Ew_W6p2h44-y84P6RlRbXV2VhULjKyhIV3-ThOCDY-00142.jpg": {"object_bounding_box": [156, 970, 295, 110], "object_presence": 1}, "P587--headphones--clutter--z9Ew_W6p2h44-y84P6RlRbXV2VhULjKyhIV3-ThOCDY-00143.jpg": {"object_bounding_box": [153, 970, 295, 110], "object_presence": 1}, "P587--headphones--clutter--z9Ew_W6p2h44-y84P6RlRbXV2VhULjKyhIV3-ThOCDY-00144.jpg": {"object_bounding_box": [156, 975, 292, 105], "object_presence": 1}, "P587--headphones--clutter--z9Ew_W6p2h44-y84P6RlRbXV2VhULjKyhIV3-ThOCDY-00145.jpg": {"object_bounding_box": [159, 980, 289, 100], "object_presence": 1}, "P587--headphones--clutter--z9Ew_W6p2h44-y84P6RlRbXV2VhULjKyhIV3-ThOCDY-00146.jpg": {"object_bounding_box": [159, 982, 288, 98], "object_presence": 1}, "P587--headphones--clutter--z9Ew_W6p2h44-y84P6RlRbXV2VhULjKyhIV3-ThOCDY-00147.jpg": {"object_bounding_box": [161, 983, 285, 97], "object_presence": 1}, "P587--headphones--clutter--z9Ew_W6p2h44-y84P6RlRbXV2VhULjKyhIV3-ThOCDY-00148.jpg": {"object_bounding_box": [170, 985, 283, 95], "object_presence": 1}, "P587--headphones--clutter--z9Ew_W6p2h44-y84P6RlRbXV2VhULjKyhIV3-ThOCDY-00149.jpg": {"object_bounding_box": [177, 987, 282, 93], "object_presence": 1}, "P587--headphones--clutter--z9Ew_W6p2h44-y84P6RlRbXV2VhULjKyhIV3-ThOCDY-00150.jpg": {"object_bounding_box": [182, 985, 281, 95], "object_presence": 1}, "P587--headphones--clutter--z9Ew_W6p2h44-y84P6RlRbXV2VhULjKyhIV3-ThOCDY-00151.jpg": {"object_bounding_box": [183, 981, 281, 99], "object_presence": 1}, "P587--headphones--clutter--z9Ew_W6p2h44-y84P6RlRbXV2VhULjKyhIV3-ThOCDY-00152.jpg": {"object_bounding_box": [184, 975, 278, 105], "object_presence": 1}, "P587--headphones--clutter--z9Ew_W6p2h44-y84P6RlRbXV2VhULjKyhIV3-ThOCDY-00153.jpg": {"object_bounding_box": [177, 971, 283, 109], "object_presence": 1}, "P587--headphones--clutter--z9Ew_W6p2h44-y84P6RlRbXV2VhULjKyhIV3-ThOCDY-00154.jpg": {"object_bounding_box": [175, 968, 285, 112], "object_presence": 1}, "P587--headphones--clutter--z9Ew_W6p2h44-y84P6RlRbXV2VhULjKyhIV3-ThOCDY-00155.jpg": {"object_bounding_box": [171, 967, 286, 113], "object_presence": 1}, "P587--headphones--clutter--z9Ew_W6p2h44-y84P6RlRbXV2VhULjKyhIV3-ThOCDY-00156.jpg": {"object_bounding_box": [164, 965, 288, 115], "object_presence": 1}, "P587--headphones--clutter--z9Ew_W6p2h44-y84P6RlRbXV2VhULjKyhIV3-ThOCDY-00157.jpg": {"object_bounding_box": [158, 961, 290, 119], "object_presence": 1}, "P587--headphones--clutter--z9Ew_W6p2h44-y84P6RlRbXV2VhULjKyhIV3-ThOCDY-00158.jpg": {"object_bounding_box": [157, 953, 294, 127], "object_presence": 1}, "P587--headphones--clutter--z9Ew_W6p2h44-y84P6RlRbXV2VhULjKyhIV3-ThOCDY-00159.jpg": {"object_bounding_box": [159, 951, 295, 129], "object_presence": 1}, "P587--headphones--clutter--z9Ew_W6p2h44-y84P6RlRbXV2VhULjKyhIV3-ThOCDY-00160.jpg": {"object_bounding_box": [161, 951, 295, 129], "object_presence": 1}, "P587--headphones--clutter--z9Ew_W6p2h44-y84P6RlRbXV2VhULjKyhIV3-ThOCDY-00161.jpg": {"object_bounding_box": [165, 950, 294, 130], "object_presence": 1}, "P587--headphones--clutter--z9Ew_W6p2h44-y84P6RlRbXV2VhULjKyhIV3-ThOCDY-00162.jpg": {"object_bounding_box": [167, 949, 294, 131], "object_presence": 1}, "P587--headphones--clutter--z9Ew_W6p2h44-y84P6RlRbXV2VhULjKyhIV3-ThOCDY-00163.jpg": {"object_bounding_box": [168, 954, 290, 126], "object_presence": 1}, "P587--headphones--clutter--z9Ew_W6p2h44-y84P6RlRbXV2VhULjKyhIV3-ThOCDY-00164.jpg": {"object_bounding_box": [169, 960, 284, 120], "object_presence": 1}, "P587--headphones--clutter--z9Ew_W6p2h44-y84P6RlRbXV2VhULjKyhIV3-ThOCDY-00165.jpg": {"object_bounding_box": [168, 962, 283, 118], "object_presence": 1}, "P587--headphones--clutter--z9Ew_W6p2h44-y84P6RlRbXV2VhULjKyhIV3-ThOCDY-00166.jpg": {"object_bounding_box": [170, 964, 280, 116], "object_presence": 1}, "P587--headphones--clutter--z9Ew_W6p2h44-y84P6RlRbXV2VhULjKyhIV3-ThOCDY-00167.jpg": {"object_bounding_box": [171, 970, 273, 110], "object_presence": 1}, "P587--headphones--clutter--z9Ew_W6p2h44-y84P6RlRbXV2VhULjKyhIV3-ThOCDY-00168.jpg": {"object_bounding_box": [173, 977, 267, 103], "object_presence": 1}, "P587--headphones--clutter--z9Ew_W6p2h44-y84P6RlRbXV2VhULjKyhIV3-ThOCDY-00169.jpg": {"object_bounding_box": [177, 977, 266, 103], "object_presence": 1}, "P587--headphones--clutter--z9Ew_W6p2h44-y84P6RlRbXV2VhULjKyhIV3-ThOCDY-00170.jpg": {"object_bounding_box": [175, 977, 264, 103], "object_presence": 1}, "P587--headphones--clutter--z9Ew_W6p2h44-y84P6RlRbXV2VhULjKyhIV3-ThOCDY-00171.jpg": {"object_bounding_box": [174, 979, 263, 101], "object_presence": 1}, "P587--headphones--clutter--z9Ew_W6p2h44-y84P6RlRbXV2VhULjKyhIV3-ThOCDY-00172.jpg": {"object_bounding_box": [179, 984, 258, 96], "object_presence": 1}, "P587--headphones--clutter--z9Ew_W6p2h44-y84P6RlRbXV2VhULjKyhIV3-ThOCDY-00173.jpg": {"object_bounding_box": [174, 982, 262, 98], "object_presence": 1}, "P587--headphones--clutter--z9Ew_W6p2h44-y84P6RlRbXV2VhULjKyhIV3-ThOCDY-00174.jpg": {"object_bounding_box": [169, 975, 265, 105], "object_presence": 1}, "P587--headphones--clutter--z9Ew_W6p2h44-y84P6RlRbXV2VhULjKyhIV3-ThOCDY-00175.jpg": {"object_bounding_box": [170, 975, 265, 105], "object_presence": 1}, "P587--headphones--clutter--z9Ew_W6p2h44-y84P6RlRbXV2VhULjKyhIV3-ThOCDY-00176.jpg": {"object_bounding_box": [174, 978, 261, 102], "object_presence": 1}, "P587--headphones--clutter--z9Ew_W6p2h44-y84P6RlRbXV2VhULjKyhIV3-ThOCDY-00177.jpg": {"object_bounding_box": [177, 977, 261, 103], "object_presence": 1}, "P587--headphones--clutter--z9Ew_W6p2h44-y84P6RlRbXV2VhULjKyhIV3-ThOCDY-00178.jpg": {"object_bounding_box": [173, 973, 264, 107], "object_presence": 1}, "P587--headphones--clutter--z9Ew_W6p2h44-y84P6RlRbXV2VhULjKyhIV3-ThOCDY-00179.jpg": {"object_bounding_box": [175, 976, 261, 104], "object_presence": 1}, "P587--headphones--clutter--z9Ew_W6p2h44-y84P6RlRbXV2VhULjKyhIV3-ThOCDY-00180.jpg": {"object_bounding_box": [177, 978, 258, 102], "object_presence": 1}, "P587--headphones--clutter--z9Ew_W6p2h44-y84P6RlRbXV2VhULjKyhIV3-ThOCDY-00181.jpg": {"object_bounding_box": [177, 977, 260, 103], "object_presence": 1}, "P587--headphones--clutter--z9Ew_W6p2h44-y84P6RlRbXV2VhULjKyhIV3-ThOCDY-00182.jpg": {"object_bounding_box": [174, 978, 260, 102], "object_presence": 1}, "P587--headphones--clutter--z9Ew_W6p2h44-y84P6RlRbXV2VhULjKyhIV3-ThOCDY-00183.jpg": {"object_bounding_box": [171, 983, 253, 97], "object_presence": 1}, "P587--headphones--clutter--z9Ew_W6p2h44-y84P6RlRbXV2VhULjKyhIV3-ThOCDY-00184.jpg": {"object_bounding_box": [173, 985, 249, 95], "object_presence": 1}, "P587--headphones--clutter--z9Ew_W6p2h44-y84P6RlRbXV2VhULjKyhIV3-ThOCDY-00185.jpg": {"object_bounding_box": [169, 985, 250, 95], "object_presence": 1}, "P587--headphones--clutter--z9Ew_W6p2h44-y84P6RlRbXV2VhULjKyhIV3-ThOCDY-00186.jpg": {"object_bounding_box": [164, 985, 249, 95], "object_presence": 1}, "P587--headphones--clutter--z9Ew_W6p2h44-y84P6RlRbXV2VhULjKyhIV3-ThOCDY-00187.jpg": {"object_bounding_box": [159, 989, 246, 91], "object_presence": 1}, "P587--headphones--clutter--z9Ew_W6p2h44-y84P6RlRbXV2VhULjKyhIV3-ThOCDY-00188.jpg": {"object_bounding_box": [158, 987, 244, 93], "object_presence": 1}, "P587--headphones--clutter--z9Ew_W6p2h44-y84P6RlRbXV2VhULjKyhIV3-ThOCDY-00189.jpg": {"object_bounding_box": [158, 986, 246, 94], "object_presence": 1}, "P587--headphones--clutter--z9Ew_W6p2h44-y84P6RlRbXV2VhULjKyhIV3-ThOCDY-00190.jpg": {"object_bounding_box": [161, 985, 245, 95], "object_presence": 1}, "P587--headphones--clutter--z9Ew_W6p2h44-y84P6RlRbXV2VhULjKyhIV3-ThOCDY-00191.jpg": {"object_bounding_box": [163, 986, 242, 94], "object_presence": 1}, "P587--headphones--clutter--z9Ew_W6p2h44-y84P6RlRbXV2VhULjKyhIV3-ThOCDY-00192.jpg": {"object_bounding_box": [161, 988, 240, 92], "object_presence": 1}, "P587--headphones--clutter--z9Ew_W6p2h44-y84P6RlRbXV2VhULjKyhIV3-ThOCDY-00193.jpg": {"object_bounding_box": [157, 989, 241, 91], "object_presence": 1}, "P587--headphones--clutter--z9Ew_W6p2h44-y84P6RlRbXV2VhULjKyhIV3-ThOCDY-00194.jpg": {"object_bounding_box": [155, 990, 239, 90], "object_presence": 1}, "P587--headphones--clutter--z9Ew_W6p2h44-y84P6RlRbXV2VhULjKyhIV3-ThOCDY-00195.jpg": {"object_bounding_box": [154, 990, 239, 90], "object_presence": 1}, "P587--headphones--clutter--z9Ew_W6p2h44-y84P6RlRbXV2VhULjKyhIV3-ThOCDY-00196.jpg": {"object_bounding_box": [154, 991, 237, 89], "object_presence": 1}, "P587--headphones--clutter--z9Ew_W6p2h44-y84P6RlRbXV2VhULjKyhIV3-ThOCDY-00197.jpg": {"object_bounding_box": [158, 992, 234, 88], "object_presence": 1}, "P587--headphones--clutter--z9Ew_W6p2h44-y84P6RlRbXV2VhULjKyhIV3-ThOCDY-00198.jpg": {"object_bounding_box": [160, 993, 235, 87], "object_presence": 1}, "P587--headphones--clutter--z9Ew_W6p2h44-y84P6RlRbXV2VhULjKyhIV3-ThOCDY-00199.jpg": {"object_bounding_box": [162, 994, 234, 86], "object_presence": 1}, "P587--headphones--clutter--z9Ew_W6p2h44-y84P6RlRbXV2VhULjKyhIV3-ThOCDY-00200.jpg": {"object_bounding_box": [164, 997, 234, 83], "object_presence": 1}, "P587--headphones--clutter--z9Ew_W6p2h44-y84P6RlRbXV2VhULjKyhIV3-ThOCDY-00201.jpg": {"object_bounding_box": [164, 1006, 231, 74], "object_presence": 1}, "P587--headphones--clutter--z9Ew_W6p2h44-y84P6RlRbXV2VhULjKyhIV3-ThOCDY-00202.jpg": {"object_bounding_box": [170, 1010, 230, 70], "object_presence": 1}, "P587--headphones--clutter--z9Ew_W6p2h44-y84P6RlRbXV2VhULjKyhIV3-ThOCDY-00203.jpg": {"object_bounding_box": [179, 1009, 228, 71], "object_presence": 1}, "P587--headphones--clutter--z9Ew_W6p2h44-y84P6RlRbXV2VhULjKyhIV3-ThOCDY-00204.jpg": {"object_bounding_box": [185, 1010, 227, 70], "object_presence": 1}, "P587--headphones--clutter--z9Ew_W6p2h44-y84P6RlRbXV2VhULjKyhIV3-ThOCDY-00205.jpg": {"object_bounding_box": [190, 1008, 229, 72], "object_presence": 1}, "P587--headphones--clutter--z9Ew_W6p2h44-y84P6RlRbXV2VhULjKyhIV3-ThOCDY-00206.jpg": {"object_bounding_box": [193, 1005, 227, 75], "object_presence": 1}, "P587--headphones--clutter--z9Ew_W6p2h44-y84P6RlRbXV2VhULjKyhIV3-ThOCDY-00207.jpg": {"object_bounding_box": [193, 1005, 226, 75], "object_presence": 1}, "P587--headphones--clutter--z9Ew_W6p2h44-y84P6RlRbXV2VhULjKyhIV3-ThOCDY-00208.jpg": {"object_bounding_box": [194, 1004, 227, 76], "object_presence": 1}, "P587--headphones--clutter--z9Ew_W6p2h44-y84P6RlRbXV2VhULjKyhIV3-ThOCDY-00209.jpg": {"object_bounding_box": [189, 1005, 227, 75], "object_presence": 1}, "P587--headphones--clutter--z9Ew_W6p2h44-y84P6RlRbXV2VhULjKyhIV3-ThOCDY-00210.jpg": {"object_bounding_box": [193, 1001, 224, 79], "object_presence": 1}, "P587--headphones--clutter--z9Ew_W6p2h44-y84P6RlRbXV2VhULjKyhIV3-ThOCDY-00211.jpg": {"object_bounding_box": [196, 997, 225, 83], "object_presence": 1}, "P587--headphones--clutter--z9Ew_W6p2h44-y84P6RlRbXV2VhULjKyhIV3-ThOCDY-00212.jpg": {"object_bounding_box": [199, 996, 224, 84], "object_presence": 1}, "P587--headphones--clutter--z9Ew_W6p2h44-y84P6RlRbXV2VhULjKyhIV3-ThOCDY-00213.jpg": {"object_bounding_box": [206, 996, 222, 84], "object_presence": 1}, "P587--headphones--clutter--z9Ew_W6p2h44-y84P6RlRbXV2VhULjKyhIV3-ThOCDY-00214.jpg": {"object_bounding_box": [207, 998, 221, 82], "object_presence": 1}, "P587--headphones--clutter--z9Ew_W6p2h44-y84P6RlRbXV2VhULjKyhIV3-ThOCDY-00215.jpg": {"object_bounding_box": [210, 999, 220, 81], "object_presence": 1}, "P587--headphones--clutter--z9Ew_W6p2h44-y84P6RlRbXV2VhULjKyhIV3-ThOCDY-00216.jpg": {"object_bounding_box": [209, 1004, 219, 76], "object_presence": 1}, "P587--headphones--clutter--z9Ew_W6p2h44-y84P6RlRbXV2VhULjKyhIV3-ThOCDY-00217.jpg": {"object_bounding_box": [209, 1008, 218, 72], "object_presence": 1}, "P587--headphones--clutter--z9Ew_W6p2h44-y84P6RlRbXV2VhULjKyhIV3-ThOCDY-00218.jpg": {"object_bounding_box": [204, 1011, 219, 69], "object_presence": 1}, "P587--headphones--clutter--z9Ew_W6p2h44-y84P6RlRbXV2VhULjKyhIV3-ThOCDY-00219.jpg": {"object_bounding_box": [197, 1016, 219, 64], "object_presence": 1}, "P587--headphones--clutter--z9Ew_W6p2h44-y84P6RlRbXV2VhULjKyhIV3-ThOCDY-00220.jpg": {"object_bounding_box": [200, 1019, 213, 61], "object_presence": 1}, "P587--headphones--clutter--z9Ew_W6p2h44-y84P6RlRbXV2VhULjKyhIV3-ThOCDY-00221.jpg": {"object_bounding_box": [203, 1023, 211, 57], "object_presence": 1}, "P587--headphones--clutter--z9Ew_W6p2h44-y84P6RlRbXV2VhULjKyhIV3-ThOCDY-00222.jpg": {"object_bounding_box": [202, 1026, 208, 54], "object_presence": 1}, "P587--headphones--clutter--z9Ew_W6p2h44-y84P6RlRbXV2VhULjKyhIV3-ThOCDY-00223.jpg": {"object_bounding_box": [201, 1030, 206, 50], "object_presence": 1}, "P587--headphones--clutter--z9Ew_W6p2h44-y84P6RlRbXV2VhULjKyhIV3-ThOCDY-00224.jpg": {"object_bounding_box": [203, 1036, 200, 44], "object_presence": 1}, "P587--headphones--clutter--z9Ew_W6p2h44-y84P6RlRbXV2VhULjKyhIV3-ThOCDY-00225.jpg": {"object_bounding_box": [206, 1037, 196, 43], "object_presence": 1}, "P587--headphones--clutter--z9Ew_W6p2h44-y84P6RlRbXV2VhULjKyhIV3-ThOCDY-00226.jpg": {"object_bounding_box": [204, 1037, 196, 43], "object_presence": 1}, "P587--headphones--clutter--z9Ew_W6p2h44-y84P6RlRbXV2VhULjKyhIV3-ThOCDY-00227.jpg": {"object_bounding_box": [202, 1038, 194, 42], "object_presence": 1}, "P587--headphones--clutter--z9Ew_W6p2h44-y84P6RlRbXV2VhULjKyhIV3-ThOCDY-00228.jpg": {"object_bounding_box": [206, 1039, 193, 41], "object_presence": 1}, "P587--headphones--clutter--z9Ew_W6p2h44-y84P6RlRbXV2VhULjKyhIV3-ThOCDY-00229.jpg": {"object_bounding_box": [208, 1037, 195, 43], "object_presence": 1}, "P587--headphones--clutter--z9Ew_W6p2h44-y84P6RlRbXV2VhULjKyhIV3-ThOCDY-00230.jpg": {"object_bounding_box": [208, 1034, 200, 46], "object_presence": 1}, "P587--headphones--clutter--z9Ew_W6p2h44-y84P6RlRbXV2VhULjKyhIV3-ThOCDY-00231.jpg": {"object_bounding_box": [208, 1031, 200, 49], "object_presence": 1}, "P587--headphones--clutter--z9Ew_W6p2h44-y84P6RlRbXV2VhULjKyhIV3-ThOCDY-00232.jpg": {"object_bounding_box": [206, 1030, 200, 50], "object_presence": 1}, "P587--headphones--clutter--z9Ew_W6p2h44-y84P6RlRbXV2VhULjKyhIV3-ThOCDY-00233.jpg": {"object_bounding_box": [205, 1033, 198, 47], "object_presence": 1}, "P587--headphones--clutter--z9Ew_W6p2h44-y84P6RlRbXV2VhULjKyhIV3-ThOCDY-00234.jpg": {"object_bounding_box": [205, 1031, 199, 49], "object_presence": 1}, "P587--headphones--clutter--z9Ew_W6p2h44-y84P6RlRbXV2VhULjKyhIV3-ThOCDY-00235.jpg": {"object_bounding_box": [205, 1029, 200, 51], "object_presence": 1}, "P587--headphones--clutter--z9Ew_W6p2h44-y84P6RlRbXV2VhULjKyhIV3-ThOCDY-00236.jpg": {"object_bounding_box": [206, 1030, 199, 50], "object_presence": 1}, "P587--headphones--clutter--z9Ew_W6p2h44-y84P6RlRbXV2VhULjKyhIV3-ThOCDY-00237.jpg": {"object_bounding_box": [210, 1033, 196, 47], "object_presence": 1}, "P587--headphones--clutter--z9Ew_W6p2h44-y84P6RlRbXV2VhULjKyhIV3-ThOCDY-00238.jpg": {"object_bounding_box": [213, 1037, 193, 43], "object_presence": 1}, "P587--headphones--clutter--z9Ew_W6p2h44-y84P6RlRbXV2VhULjKyhIV3-ThOCDY-00239.jpg": {"object_bounding_box": [213, 1037, 192, 43], "object_presence": 1}, "P587--headphones--clutter--z9Ew_W6p2h44-y84P6RlRbXV2VhULjKyhIV3-ThOCDY-00240.jpg": {"object_bounding_box": [213, 1037, 192, 43], "object_presence": 1}, "P587--headphones--clutter--z9Ew_W6p2h44-y84P6RlRbXV2VhULjKyhIV3-ThOCDY-00241.jpg": {"object_bounding_box": [215, 1034, 193, 46], "object_presence": 1}, "P587--headphones--clutter--z9Ew_W6p2h44-y84P6RlRbXV2VhULjKyhIV3-ThOCDY-00242.jpg": {"object_bounding_box": [211, 1030, 197, 50], "object_presence": 1}, "P587--headphones--clutter--z9Ew_W6p2h44-y84P6RlRbXV2VhULjKyhIV3-ThOCDY-00243.jpg": {"object_bounding_box": [208, 1028, 198, 52], "object_presence": 1}, "P587--headphones--clutter--z9Ew_W6p2h44-y84P6RlRbXV2VhULjKyhIV3-ThOCDY-00244.jpg": {"object_bounding_box": [206, 1020, 201, 60], "object_presence": 1}, "P587--headphones--clutter--z9Ew_W6p2h44-y84P6RlRbXV2VhULjKyhIV3-ThOCDY-00245.jpg": {"object_bounding_box": [206, 1017, 201, 63], "object_presence": 1}, "P587--headphones--clutter--z9Ew_W6p2h44-y84P6RlRbXV2VhULjKyhIV3-ThOCDY-00246.jpg": {"object_bounding_box": [205, 1017, 202, 63], "object_presence": 1}, "P587--headphones--clutter--z9Ew_W6p2h44-y84P6RlRbXV2VhULjKyhIV3-ThOCDY-00247.jpg": {"object_bounding_box": [209, 1015, 200, 65], "object_presence": 1}, "P587--headphones--clutter--z9Ew_W6p2h44-y84P6RlRbXV2VhULjKyhIV3-ThOCDY-00248.jpg": {"object_bounding_box": [215, 1014, 201, 66], "object_presence": 1}, "P587--headphones--clutter--z9Ew_W6p2h44-y84P6RlRbXV2VhULjKyhIV3-ThOCDY-00249.jpg": {"object_bounding_box": [220, 1020, 198, 60], "object_presence": 1}, "P587--headphones--clutter--z9Ew_W6p2h44-y84P6RlRbXV2VhULjKyhIV3-ThOCDY-00250.jpg": {"object_bounding_box": [218, 1022, 199, 58], "object_presence": 1}, "P587--headphones--clutter--z9Ew_W6p2h44-y84P6RlRbXV2VhULjKyhIV3-ThOCDY-00251.jpg": {"object_bounding_box": [224, 1021, 198, 59], "object_presence": 1}, "P587--headphones--clutter--z9Ew_W6p2h44-y84P6RlRbXV2VhULjKyhIV3-ThOCDY-00252.jpg": {"object_bounding_box": [230, 1022, 196, 58], "object_presence": 1}, "P587--headphones--clutter--z9Ew_W6p2h44-y84P6RlRbXV2VhULjKyhIV3-ThOCDY-00253.jpg": {"object_bounding_box": [231, 1024, 197, 56], "object_presence": 1}, "P587--headphones--clutter--z9Ew_W6p2h44-y84P6RlRbXV2VhULjKyhIV3-ThOCDY-00254.jpg": {"object_bounding_box": [234, 1024, 195, 56], "object_presence": 1}, "P587--headphones--clutter--z9Ew_W6p2h44-y84P6RlRbXV2VhULjKyhIV3-ThOCDY-00255.jpg": {"object_bounding_box": [234, 1023, 194, 57], "object_presence": 1}, "P587--headphones--clutter--z9Ew_W6p2h44-y84P6RlRbXV2VhULjKyhIV3-ThOCDY-00256.jpg": {"object_bounding_box": [234, 1023, 194, 57], "object_presence": 1}, "P587--headphones--clutter--z9Ew_W6p2h44-y84P6RlRbXV2VhULjKyhIV3-ThOCDY-00257.jpg": {"object_bounding_box": [234, 1021, 193, 59], "object_presence": 1}, "P587--headphones--clutter--z9Ew_W6p2h44-y84P6RlRbXV2VhULjKyhIV3-ThOCDY-00258.jpg": {"object_bounding_box": [233, 1016, 195, 64], "object_presence": 1}, "P587--headphones--clutter--z9Ew_W6p2h44-y84P6RlRbXV2VhULjKyhIV3-ThOCDY-00259.jpg": {"object_bounding_box": [233, 1013, 195, 67], "object_presence": 1}, "P587--headphones--clutter--z9Ew_W6p2h44-y84P6RlRbXV2VhULjKyhIV3-ThOCDY-00260.jpg": {"object_bounding_box": [234, 1006, 194, 74], "object_presence": 1}, "P587--headphones--clutter--z9Ew_W6p2h44-y84P6RlRbXV2VhULjKyhIV3-ThOCDY-00261.jpg": {"object_bounding_box": [231, 998, 201, 82], "object_presence": 1}, "P587--headphones--clutter--z9Ew_W6p2h44-y84P6RlRbXV2VhULjKyhIV3-ThOCDY-00262.jpg": {"object_bounding_box": [227, 998, 200, 82], "object_presence": 1}, "P587--headphones--clutter--z9Ew_W6p2h44-y84P6RlRbXV2VhULjKyhIV3-ThOCDY-00263.jpg": {"object_bounding_box": [225, 994, 200, 86], "object_presence": 1}, "P587--headphones--clutter--z9Ew_W6p2h44-y84P6RlRbXV2VhULjKyhIV3-ThOCDY-00264.jpg": {"object_bounding_box": [220, 992, 204, 88], "object_presence": 1}, "P587--headphones--clutter--z9Ew_W6p2h44-y84P6RlRbXV2VhULjKyhIV3-ThOCDY-00265.jpg": {"object_bounding_box": [216, 992, 206, 88], "object_presence": 1}, "P587--headphones--clutter--z9Ew_W6p2h44-y84P6RlRbXV2VhULjKyhIV3-ThOCDY-00266.jpg": {"object_bounding_box": [210, 997, 202, 83], "object_presence": 1}, "P587--headphones--clutter--z9Ew_W6p2h44-y84P6RlRbXV2VhULjKyhIV3-ThOCDY-00267.jpg": {"object_bounding_box": [204, 998, 198, 82], "object_presence": 1}, "P587--headphones--clutter--z9Ew_W6p2h44-y84P6RlRbXV2VhULjKyhIV3-ThOCDY-00268.jpg": {"object_bounding_box": [206, 996, 197, 84], "object_presence": 1}, "P587--headphones--clutter--z9Ew_W6p2h44-y84P6RlRbXV2VhULjKyhIV3-ThOCDY-00269.jpg": {"object_bounding_box": [208, 1003, 195, 77], "object_presence": 1}, "P587--headphones--clutter--z9Ew_W6p2h44-y84P6RlRbXV2VhULjKyhIV3-ThOCDY-00270.jpg": {"object_bounding_box": [210, 1009, 187, 71], "object_presence": 1}, "P587--headphones--clutter--z9Ew_W6p2h44-y84P6RlRbXV2VhULjKyhIV3-ThOCDY-00271.jpg": {"object_bounding_box": [213, 1009, 188, 71], "object_presence": 1}, "P587--headphones--clutter--z9Ew_W6p2h44-y84P6RlRbXV2VhULjKyhIV3-ThOCDY-00272.jpg": {"object_bounding_box": [217, 1008, 187, 72], "object_presence": 1}, "P587--headphones--clutter--z9Ew_W6p2h44-y84P6RlRbXV2VhULjKyhIV3-ThOCDY-00273.jpg": {"object_bounding_box": [213, 1002, 195, 78], "object_presence": 1}, "P587--headphones--clutter--z9Ew_W6p2h44-y84P6RlRbXV2VhULjKyhIV3-ThOCDY-00274.jpg": {"object_bounding_box": [214, 993, 200, 87], "object_presence": 1}, "P587--headphones--clutter--z9Ew_W6p2h44-y84P6RlRbXV2VhULjKyhIV3-ThOCDY-00275.jpg": {"object_bounding_box": [215, 989, 202, 91], "object_presence": 1}, "P587--headphones--clutter--z9Ew_W6p2h44-y84P6RlRbXV2VhULjKyhIV3-ThOCDY-00276.jpg": {"object_bounding_box": [218, 992, 199, 88], "object_presence": 1}, "P587--headphones--clutter--z9Ew_W6p2h44-y84P6RlRbXV2VhULjKyhIV3-ThOCDY-00277.jpg": {"object_bounding_box": [221, 997, 195, 83], "object_presence": 1}, "P587--headphones--clutter--z9Ew_W6p2h44-y84P6RlRbXV2VhULjKyhIV3-ThOCDY-00278.jpg": {"object_bounding_box": [219, 990, 199, 90], "object_presence": 1}, "P587--headphones--clutter--z9Ew_W6p2h44-y84P6RlRbXV2VhULjKyhIV3-ThOCDY-00279.jpg": {"object_bounding_box": [221, 988, 199, 92], "object_presence": 1}, "P587--headphones--clutter--z9Ew_W6p2h44-y84P6RlRbXV2VhULjKyhIV3-ThOCDY-00280.jpg": {"object_bounding_box": [222, 989, 199, 91], "object_presence": 1}, "P587--headphones--clutter--z9Ew_W6p2h44-y84P6RlRbXV2VhULjKyhIV3-ThOCDY-00281.jpg": {"object_bounding_box": [224, 990, 199, 90], "object_presence": 1}, "P587--headphones--clutter--z9Ew_W6p2h44-y84P6RlRbXV2VhULjKyhIV3-ThOCDY-00282.jpg": {"object_bounding_box": [222, 984, 201, 96], "object_presence": 1}, "P587--headphones--clutter--z9Ew_W6p2h44-y84P6RlRbXV2VhULjKyhIV3-ThOCDY-00283.jpg": {"object_bounding_box": [222, 982, 202, 98], "object_presence": 1}, "P587--headphones--clutter--z9Ew_W6p2h44-y84P6RlRbXV2VhULjKyhIV3-ThOCDY-00284.jpg": {"object_bounding_box": [224, 983, 199, 97], "object_presence": 1}, "P587--headphones--clutter--z9Ew_W6p2h44-y84P6RlRbXV2VhULjKyhIV3-ThOCDY-00285.jpg": {"object_bounding_box": [221, 983, 200, 97], "object_presence": 1}, "P587--headphones--clutter--z9Ew_W6p2h44-y84P6RlRbXV2VhULjKyhIV3-ThOCDY-00286.jpg": {"object_bounding_box": [221, 983, 198, 97], "object_presence": 1}, "P587--headphones--clutter--z9Ew_W6p2h44-y84P6RlRbXV2VhULjKyhIV3-ThOCDY-00287.jpg": {"object_bounding_box": [223, 989, 196, 91], "object_presence": 1}, "P587--headphones--clutter--z9Ew_W6p2h44-y84P6RlRbXV2VhULjKyhIV3-ThOCDY-00288.jpg": {"object_bounding_box": [226, 991, 195, 89], "object_presence": 1}, "P587--headphones--clutter--z9Ew_W6p2h44-y84P6RlRbXV2VhULjKyhIV3-ThOCDY-00289.jpg": {"object_bounding_box": [229, 991, 193, 89], "object_presence": 1}, "P587--headphones--clutter--z9Ew_W6p2h44-y84P6RlRbXV2VhULjKyhIV3-ThOCDY-00290.jpg": {"object_bounding_box": [230, 990, 193, 90], "object_presence": 1}, "P587--headphones--clutter--z9Ew_W6p2h44-y84P6RlRbXV2VhULjKyhIV3-ThOCDY-00291.jpg": {"object_bounding_box": [234, 991, 192, 89], "object_presence": 1}, "P587--headphones--clutter--z9Ew_W6p2h44-y84P6RlRbXV2VhULjKyhIV3-ThOCDY-00292.jpg": {"object_bounding_box": [239, 988, 195, 92], "object_presence": 1}, "P587--headphones--clutter--z9Ew_W6p2h44-y84P6RlRbXV2VhULjKyhIV3-ThOCDY-00293.jpg": {"object_bounding_box": [243, 985, 196, 95], "object_presence": 1}, "P587--headphones--clutter--z9Ew_W6p2h44-y84P6RlRbXV2VhULjKyhIV3-ThOCDY-00294.jpg": {"object_bounding_box": [247, 986, 194, 94], "object_presence": 1}, "P587--headphones--clutter--z9Ew_W6p2h44-y84P6RlRbXV2VhULjKyhIV3-ThOCDY-00295.jpg": {"object_bounding_box": [247, 986, 192, 94], "object_presence": 1}, "P587--headphones--clutter--z9Ew_W6p2h44-y84P6RlRbXV2VhULjKyhIV3-ThOCDY-00296.jpg": {"object_bounding_box": [246, 987, 193, 93], "object_presence": 1}, "P587--headphones--clutter--z9Ew_W6p2h44-y84P6RlRbXV2VhULjKyhIV3-ThOCDY-00297.jpg": {"object_bounding_box": [241, 991, 191, 89], "object_presence": 1}, "P587--headphones--clutter--z9Ew_W6p2h44-y84P6RlRbXV2VhULjKyhIV3-ThOCDY-00298.jpg": {"object_bounding_box": [241, 991, 189, 89], "object_presence": 1}, "P587--headphones--clutter--z9Ew_W6p2h44-y84P6RlRbXV2VhULjKyhIV3-ThOCDY-00299.jpg": {"object_bounding_box": [241, 985, 190, 95], "object_presence": 1}, "P587--headphones--clutter--z9Ew_W6p2h44-y84P6RlRbXV2VhULjKyhIV3-ThOCDY-00300.jpg": {"object_bounding_box": [241, 987, 190, 93], "object_presence": 1}, "P587--headphones--clutter--z9Ew_W6p2h44-y84P6RlRbXV2VhULjKyhIV3-ThOCDY-00301.jpg": {"object_bounding_box": [242, 986, 190, 94], "object_presence": 1}, "P587--headphones--clutter--z9Ew_W6p2h44-y84P6RlRbXV2VhULjKyhIV3-ThOCDY-00302.jpg": {"object_bounding_box": [247, 982, 191, 98], "object_presence": 1}, "P587--headphones--clutter--z9Ew_W6p2h44-y84P6RlRbXV2VhULjKyhIV3-ThOCDY-00303.jpg": {"object_bounding_box": [251, 976, 190, 104], "object_presence": 1}, "P587--headphones--clutter--z9Ew_W6p2h44-y84P6RlRbXV2VhULjKyhIV3-ThOCDY-00304.jpg": {"object_bounding_box": [260, 969, 192, 111], "object_presence": 1}, "P587--headphones--clutter--z9Ew_W6p2h44-y84P6RlRbXV2VhULjKyhIV3-ThOCDY-00305.jpg": {"object_bounding_box": [271, 963, 189, 117], "object_presence": 1}, "P587--headphones--clutter--z9Ew_W6p2h44-y84P6RlRbXV2VhULjKyhIV3-ThOCDY-00306.jpg": {"object_bounding_box": [276, 955, 190, 125], "object_presence": 1}, "P587--headphones--clutter--z9Ew_W6p2h44-y84P6RlRbXV2VhULjKyhIV3-ThOCDY-00307.jpg": {"object_bounding_box": [283, 944, 189, 136], "object_presence": 1}, "P587--headphones--clutter--z9Ew_W6p2h44-y84P6RlRbXV2VhULjKyhIV3-ThOCDY-00308.jpg": {"object_bounding_box": [289, 939, 188, 141], "object_presence": 1}, "P587--headphones--clutter--z9Ew_W6p2h44-y84P6RlRbXV2VhULjKyhIV3-ThOCDY-00309.jpg": {"object_bounding_box": [284, 938, 191, 142], "object_presence": 1}, "P587--headphones--clutter--z9Ew_W6p2h44-y84P6RlRbXV2VhULjKyhIV3-ThOCDY-00310.jpg": {"object_bounding_box": [276, 937, 190, 143], "object_presence": 1}, "P587--headphones--clutter--z9Ew_W6p2h44-y84P6RlRbXV2VhULjKyhIV3-ThOCDY-00311.jpg": {"object_bounding_box": [272, 939, 189, 141], "object_presence": 1}, "P587--headphones--clutter--z9Ew_W6p2h44-y84P6RlRbXV2VhULjKyhIV3-ThOCDY-00312.jpg": {"object_bounding_box": [267, 944, 188, 136], "object_presence": 1}, "P587--headphones--clutter--z9Ew_W6p2h44-y84P6RlRbXV2VhULjKyhIV3-ThOCDY-00313.jpg": {"object_bounding_box": [261, 946, 188, 134], "object_presence": 1}, "P587--headphones--clutter--z9Ew_W6p2h44-y84P6RlRbXV2VhULjKyhIV3-ThOCDY-00314.jpg": {"object_bounding_box": [252, 953, 190, 127], "object_presence": 1}, "P587--headphones--clutter--z9Ew_W6p2h44-y84P6RlRbXV2VhULjKyhIV3-ThOCDY-00315.jpg": {"object_bounding_box": [246, 959, 189, 121], "object_presence": 1}, "P587--headphones--clutter--z9Ew_W6p2h44-y84P6RlRbXV2VhULjKyhIV3-ThOCDY-00316.jpg": {"object_bounding_box": [242, 964, 188, 116], "object_presence": 1}, "P587--headphones--clutter--z9Ew_W6p2h44-y84P6RlRbXV2VhULjKyhIV3-ThOCDY-00317.jpg": {"object_bounding_box": [240, 967, 188, 113], "object_presence": 1}, "P587--headphones--clutter--z9Ew_W6p2h44-y84P6RlRbXV2VhULjKyhIV3-ThOCDY-00318.jpg": {"object_bounding_box": [240, 968, 187, 112], "object_presence": 1}, "P587--headphones--clutter--z9Ew_W6p2h44-y84P6RlRbXV2VhULjKyhIV3-ThOCDY-00319.jpg": {"object_bounding_box": [242, 968, 186, 112], "object_presence": 1}, "P587--headphones--clutter--z9Ew_W6p2h44-y84P6RlRbXV2VhULjKyhIV3-ThOCDY-00320.jpg": {"object_bounding_box": [242, 966, 187, 114], "object_presence": 1}, "P587--headphones--clutter--z9Ew_W6p2h44-y84P6RlRbXV2VhULjKyhIV3-ThOCDY-00321.jpg": {"object_bounding_box": [243, 963, 185, 117], "object_presence": 1}, "P587--headphones--clutter--z9Ew_W6p2h44-y84P6RlRbXV2VhULjKyhIV3-ThOCDY-00322.jpg": {"object_bounding_box": [243, 962, 185, 118], "object_presence": 1}, "P587--headphones--clutter--z9Ew_W6p2h44-y84P6RlRbXV2VhULjKyhIV3-ThOCDY-00323.jpg": {"object_bounding_box": [245, 965, 184, 115], "object_presence": 1}, "P587--headphones--clutter--z9Ew_W6p2h44-y84P6RlRbXV2VhULjKyhIV3-ThOCDY-00324.jpg": {"object_bounding_box": [246, 966, 184, 114], "object_presence": 1}, "P587--headphones--clutter--z9Ew_W6p2h44-y84P6RlRbXV2VhULjKyhIV3-ThOCDY-00325.jpg": {"object_bounding_box": [250, 966, 183, 114], "object_presence": 1}, "P587--headphones--clutter--z9Ew_W6p2h44-y84P6RlRbXV2VhULjKyhIV3-ThOCDY-00326.jpg": {"object_bounding_box": [252, 969, 182, 111], "object_presence": 1}, "P587--headphones--clutter--z9Ew_W6p2h44-y84P6RlRbXV2VhULjKyhIV3-ThOCDY-00327.jpg": {"object_bounding_box": [251, 973, 183, 107], "object_presence": 1}, "P587--headphones--clutter--z9Ew_W6p2h44-y84P6RlRbXV2VhULjKyhIV3-ThOCDY-00328.jpg": {"object_bounding_box": [248, 976, 182, 104], "object_presence": 1}, "P587--headphones--clutter--z9Ew_W6p2h44-y84P6RlRbXV2VhULjKyhIV3-ThOCDY-00329.jpg": {"object_bounding_box": [249, 975, 181, 105], "object_presence": 1}, "P587--headphones--clutter--z9Ew_W6p2h44-y84P6RlRbXV2VhULjKyhIV3-ThOCDY-00330.jpg": {"object_bounding_box": [250, 973, 181, 107], "object_presence": 1}, "P587--headphones--clutter--z9Ew_W6p2h44-y84P6RlRbXV2VhULjKyhIV3-ThOCDY-00331.jpg": {"object_bounding_box": [248, 976, 180, 104], "object_presence": 1}, "P587--headphones--clutter--z9Ew_W6p2h44-y84P6RlRbXV2VhULjKyhIV3-ThOCDY-00332.jpg": {"object_bounding_box": [248, 976, 180, 104], "object_presence": 1}, "P587--headphones--clutter--z9Ew_W6p2h44-y84P6RlRbXV2VhULjKyhIV3-ThOCDY-00333.jpg": {"object_bounding_box": [252, 973, 179, 107], "object_presence": 1}, "P587--headphones--clutter--z9Ew_W6p2h44-y84P6RlRbXV2VhULjKyhIV3-ThOCDY-00334.jpg": {"object_bounding_box": [254, 969, 177, 111], "object_presence": 1}, "P587--headphones--clutter--z9Ew_W6p2h44-y84P6RlRbXV2VhULjKyhIV3-ThOCDY-00335.jpg": {"object_bounding_box": [254, 969, 178, 111], "object_presence": 1}, "P587--headphones--clutter--z9Ew_W6p2h44-y84P6RlRbXV2VhULjKyhIV3-ThOCDY-00336.jpg": {"object_bounding_box": [259, 964, 177, 116], "object_presence": 1}, "P587--headphones--clutter--z9Ew_W6p2h44-y84P6RlRbXV2VhULjKyhIV3-ThOCDY-00337.jpg": {"object_bounding_box": [266, 958, 178, 122], "object_presence": 1}, "P587--headphones--clutter--z9Ew_W6p2h44-y84P6RlRbXV2VhULjKyhIV3-ThOCDY-00338.jpg": {"object_bounding_box": [273, 953, 176, 127], "object_presence": 1}, "P587--headphones--clutter--z9Ew_W6p2h44-y84P6RlRbXV2VhULjKyhIV3-ThOCDY-00339.jpg": {"object_bounding_box": [282, 942, 178, 138], "object_presence": 1}, "P587--headphones--clutter--z9Ew_W6p2h44-y84P6RlRbXV2VhULjKyhIV3-ThOCDY-00340.jpg": {"object_bounding_box": [290, 940, 176, 140], "object_presence": 1}, "P587--headphones--clutter--z9Ew_W6p2h44-y84P6RlRbXV2VhULjKyhIV3-ThOCDY-00341.jpg": {"object_bounding_box": [297, 939, 174, 141], "object_presence": 1}, "P587--headphones--clutter--z9Ew_W6p2h44-y84P6RlRbXV2VhULjKyhIV3-ThOCDY-00342.jpg": {"object_bounding_box": [301, 936, 172, 143], "object_presence": 1}, "P587--headphones--clutter--z9Ew_W6p2h44-y84P6RlRbXV2VhULjKyhIV3-ThOCDY-00343.jpg": {"object_bounding_box": [304, 933, 172, 143], "object_presence": 1}, "P587--headphones--clutter--z9Ew_W6p2h44-y84P6RlRbXV2VhULjKyhIV3-ThOCDY-00344.jpg": {"object_bounding_box": [306, 934, 172, 142], "object_presence": 1}, "P587--headphones--clutter--z9Ew_W6p2h44-y84P6RlRbXV2VhULjKyhIV3-ThOCDY-00345.jpg": {"object_bounding_box": [306, 937, 172, 143], "object_presence": 1}, "P587--headphones--clutter--z9Ew_W6p2h44-y84P6RlRbXV2VhULjKyhIV3-ThOCDY-00346.jpg": {"object_bounding_box": [307, 939, 171, 141], "object_presence": 1}, "P587--headphones--clutter--z9Ew_W6p2h44-y84P6RlRbXV2VhULjKyhIV3-ThOCDY-00347.jpg": {"object_bounding_box": [313, 940, 171, 140], "object_presence": 1}, "P587--headphones--clutter--z9Ew_W6p2h44-y84P6RlRbXV2VhULjKyhIV3-ThOCDY-00348.jpg": {"object_bounding_box": [312, 939, 172, 141], "object_presence": 1}, "P587--headphones--clutter--z9Ew_W6p2h44-y84P6RlRbXV2VhULjKyhIV3-ThOCDY-00349.jpg": {"object_bounding_box": [310, 943, 171, 137], "object_presence": 1}, "P587--headphones--clutter--z9Ew_W6p2h44-y84P6RlRbXV2VhULjKyhIV3-ThOCDY-00350.jpg": {"object_bounding_box": [313, 945, 169, 135], "object_presence": 1}, "P587--headphones--clutter--z9Ew_W6p2h44-y84P6RlRbXV2VhULjKyhIV3-ThOCDY-00351.jpg": {"object_bounding_box": [314, 942, 170, 138], "object_presence": 1}, "P587--headphones--clutter--z9Ew_W6p2h44-y84P6RlRbXV2VhULjKyhIV3-ThOCDY-00352.jpg": {"object_bounding_box": [315, 942, 169, 138], "object_presence": 1}, "P587--headphones--clutter--z9Ew_W6p2h44-y84P6RlRbXV2VhULjKyhIV3-ThOCDY-00353.jpg": {"object_bounding_box": [315, 944, 169, 136], "object_presence": 1}, "P587--headphones--clutter--z9Ew_W6p2h44-y84P6RlRbXV2VhULjKyhIV3-ThOCDY-00354.jpg": {"object_bounding_box": [315, 943, 169, 137], "object_presence": 1}, "P587--headphones--clutter--z9Ew_W6p2h44-y84P6RlRbXV2VhULjKyhIV3-ThOCDY-00355.jpg": {"object_bounding_box": [321, 937, 171, 141], "object_presence": 1}, "P587--headphones--clutter--z9Ew_W6p2h44-y84P6RlRbXV2VhULjKyhIV3-ThOCDY-00356.jpg": {"object_bounding_box": [328, 934, 168, 139], "object_presence": 1}, "P587--headphones--clutter--z9Ew_W6p2h44-y84P6RlRbXV2VhULjKyhIV3-ThOCDY-00357.jpg": {"object_bounding_box": [333, 934, 168, 139], "object_presence": 1}, "P587--headphones--clutter--z9Ew_W6p2h44-y84P6RlRbXV2VhULjKyhIV3-ThOCDY-00358.jpg": {"object_bounding_box": [339, 933, 168, 139], "object_presence": 1}, "P587--headphones--clutter--z9Ew_W6p2h44-y84P6RlRbXV2VhULjKyhIV3-ThOCDY-00359.jpg": {"object_bounding_box": [343, 928, 167, 138], "object_presence": 1}, "P587--headphones--clutter--z9Ew_W6p2h44-y84P6RlRbXV2VhULjKyhIV3-ThOCDY-00360.jpg": {"object_bounding_box": [345, 925, 165, 137], "object_presence": 1}, "P587--headphones--clutter--z9Ew_W6p2h44-y84P6RlRbXV2VhULjKyhIV3-ThOCDY-00361.jpg": {"object_bounding_box": [344, 926, 165, 138], "object_presence": 1}, "P587--headphones--clutter--z9Ew_W6p2h44-y84P6RlRbXV2VhULjKyhIV3-ThOCDY-00362.jpg": {"object_bounding_box": [341, 926, 164, 137], "object_presence": 1}, "P587--headphones--clutter--z9Ew_W6p2h44-y84P6RlRbXV2VhULjKyhIV3-ThOCDY-00363.jpg": {"object_bounding_box": [343, 922, 162, 137], "object_presence": 1}, "P587--headphones--clutter--z9Ew_W6p2h44-y84P6RlRbXV2VhULjKyhIV3-ThOCDY-00364.jpg": {"object_bounding_box": [344, 923, 164, 137], "object_presence": 1}, "P587--headphones--clutter--z9Ew_W6p2h44-y84P6RlRbXV2VhULjKyhIV3-ThOCDY-00365.jpg": {"object_bounding_box": [339, 925, 163, 135], "object_presence": 1}, "P587--headphones--clutter--z9Ew_W6p2h44-y84P6RlRbXV2VhULjKyhIV3-ThOCDY-00366.jpg": {"object_bounding_box": [339, 921, 163, 135], "object_presence": 1}, "P587--headphones--clutter--z9Ew_W6p2h44-y84P6RlRbXV2VhULjKyhIV3-ThOCDY-00367.jpg": {"object_bounding_box": [343, 920, 163, 134], "object_presence": 1}, "P587--headphones--clutter--z9Ew_W6p2h44-y84P6RlRbXV2VhULjKyhIV3-ThOCDY-00368.jpg": {"object_bounding_box": [343, 919, 163, 135], "object_presence": 1}, "P587--headphones--clutter--z9Ew_W6p2h44-y84P6RlRbXV2VhULjKyhIV3-ThOCDY-00369.jpg": {"object_bounding_box": [346, 915, 163, 135], "object_presence": 1}, "P587--headphones--clutter--z9Ew_W6p2h44-y84P6RlRbXV2VhULjKyhIV3-ThOCDY-00370.jpg": {"object_bounding_box": [346, 915, 163, 134], "object_presence": 1}, "P587--headphones--clutter--z9Ew_W6p2h44-y84P6RlRbXV2VhULjKyhIV3-ThOCDY-00371.jpg": {"object_bounding_box": [347, 914, 162, 135], "object_presence": 1}, "P587--headphones--clutter--z9Ew_W6p2h44-y84P6RlRbXV2VhULjKyhIV3-ThOCDY-00372.jpg": {"object_bounding_box": [350, 913, 162, 134], "object_presence": 1}, "P587--headphones--clutter--z9Ew_W6p2h44-y84P6RlRbXV2VhULjKyhIV3-ThOCDY-00373.jpg": {"object_bounding_box": [351, 914, 163, 134], "object_presence": 1}, "P587--headphones--clutter--z9Ew_W6p2h44-y84P6RlRbXV2VhULjKyhIV3-ThOCDY-00374.jpg": {"object_bounding_box": [351, 915, 162, 135], "object_presence": 1}, "P587--headphones--clutter--z9Ew_W6p2h44-y84P6RlRbXV2VhULjKyhIV3-ThOCDY-00375.jpg": {"object_bounding_box": [349, 915, 163, 134], "object_presence": 1}, "P587--headphones--clutter--z9Ew_W6p2h44-y84P6RlRbXV2VhULjKyhIV3-ThOCDY-00376.jpg": {"object_bounding_box": [349, 914, 163, 134], "object_presence": 1}, "P587--headphones--clutter--z9Ew_W6p2h44-y84P6RlRbXV2VhULjKyhIV3-ThOCDY-00377.jpg": {"object_bounding_box": [350, 912, 162, 134], "object_presence": 1}, "P587--headphones--clutter--z9Ew_W6p2h44-y84P6RlRbXV2VhULjKyhIV3-ThOCDY-00378.jpg": {"object_bounding_box": [355, 909, 162, 134], "object_presence": 1}, "P587--headphones--clutter--z9Ew_W6p2h44-y84P6RlRbXV2VhULjKyhIV3-ThOCDY-00379.jpg": {"object_bounding_box": [359, 907, 162, 134], "object_presence": 1}, "P587--headphones--clutter--z9Ew_W6p2h44-y84P6RlRbXV2VhULjKyhIV3-ThOCDY-00380.jpg": {"object_bounding_box": [364, 906, 166, 134], "object_presence": 1}, "P587--headphones--clutter--z9Ew_W6p2h44-y84P6RlRbXV2VhULjKyhIV3-ThOCDY-00381.jpg": {"object_bounding_box": [372, 902, 166, 134], "object_presence": 1}, "P587--headphones--clutter--z9Ew_W6p2h44-y84P6RlRbXV2VhULjKyhIV3-ThOCDY-00382.jpg": {"object_bounding_box": [383, 900, 167, 134], "object_presence": 1}, "P587--headphones--clutter--z9Ew_W6p2h44-y84P6RlRbXV2VhULjKyhIV3-ThOCDY-00383.jpg": {"object_bounding_box": [396, 901, 164, 134], "object_presence": 1}, "P587--headphones--clutter--z9Ew_W6p2h44-y84P6RlRbXV2VhULjKyhIV3-ThOCDY-00384.jpg": {"object_bounding_box": [403, 900, 163, 133], "object_presence": 1}, "P587--headphones--clutter--z9Ew_W6p2h44-y84P6RlRbXV2VhULjKyhIV3-ThOCDY-00385.jpg": {"object_bounding_box": [407, 896, 163, 133], "object_presence": 1}, "P587--headphones--clutter--z9Ew_W6p2h44-y84P6RlRbXV2VhULjKyhIV3-ThOCDY-00386.jpg": {"object_bounding_box": [416, 895, 163, 135], "object_presence": 1}, "P587--headphones--clutter--z9Ew_W6p2h44-y84P6RlRbXV2VhULjKyhIV3-ThOCDY-00387.jpg": {"object_bounding_box": [420, 898, 162, 133], "object_presence": 1}, "P587--headphones--clutter--z9Ew_W6p2h44-y84P6RlRbXV2VhULjKyhIV3-ThOCDY-00388.jpg": {"object_bounding_box": [422, 900, 162, 133], "object_presence": 1}, "P587--headphones--clutter--z9Ew_W6p2h44-y84P6RlRbXV2VhULjKyhIV3-ThOCDY-00389.jpg": {"object_bounding_box": [422, 899, 163, 133], "object_presence": 1}, "P587--headphones--clutter--z9Ew_W6p2h44-y84P6RlRbXV2VhULjKyhIV3-ThOCDY-00390.jpg": {"object_bounding_box": [426, 898, 162, 133], "object_presence": 1}, "P587--headphones--clutter--z9Ew_W6p2h44-y84P6RlRbXV2VhULjKyhIV3-ThOCDY-00391.jpg": {"object_bounding_box": [427, 896, 162, 133], "object_presence": 1}, "P587--headphones--clutter--z9Ew_W6p2h44-y84P6RlRbXV2VhULjKyhIV3-ThOCDY-00392.jpg": {"object_bounding_box": [433, 892, 161, 134], "object_presence": 1}, "P587--headphones--clutter--z9Ew_W6p2h44-y84P6RlRbXV2VhULjKyhIV3-ThOCDY-00393.jpg": {"object_bounding_box": [436, 887, 162, 135], "object_presence": 1}, "P587--headphones--clutter--z9Ew_W6p2h44-y84P6RlRbXV2VhULjKyhIV3-ThOCDY-00394.jpg": {"object_bounding_box": [439, 885, 162, 134], "object_presence": 1}, "P587--headphones--clutter--z9Ew_W6p2h44-y84P6RlRbXV2VhULjKyhIV3-ThOCDY-00395.jpg": {"object_bounding_box": [442, 883, 163, 134], "object_presence": 1}, "P587--headphones--clutter--z9Ew_W6p2h44-y84P6RlRbXV2VhULjKyhIV3-ThOCDY-00396.jpg": {"object_bounding_box": [446, 889, 162, 135], "object_presence": 1}, "P587--headphones--clutter--z9Ew_W6p2h44-y84P6RlRbXV2VhULjKyhIV3-ThOCDY-00397.jpg": {"object_bounding_box": [448, 898, 161, 136], "object_presence": 1}, "P587--headphones--clutter--z9Ew_W6p2h44-y84P6RlRbXV2VhULjKyhIV3-ThOCDY-00398.jpg": {"object_bounding_box": [448, 908, 165, 135], "object_presence": 1}, "P587--headphones--clutter--z9Ew_W6p2h44-y84P6RlRbXV2VhULjKyhIV3-ThOCDY-00399.jpg": {"object_bounding_box": [452, 910, 162, 135], "object_presence": 1}, "P587--headphones--clutter--z9Ew_W6p2h44-y84P6RlRbXV2VhULjKyhIV3-ThOCDY-00400.jpg": {"object_bounding_box": [450, 903, 162, 134], "object_presence": 1}, "P587--headphones--clutter--z9Ew_W6p2h44-y84P6RlRbXV2VhULjKyhIV3-ThOCDY-00401.jpg": {"object_bounding_box": [447, 898, 163, 134], "object_presence": 1}, "P587--headphones--clutter--z9Ew_W6p2h44-y84P6RlRbXV2VhULjKyhIV3-ThOCDY-00402.jpg": {"object_bounding_box": [446, 893, 161, 135], "object_presence": 1}, "P587--headphones--clutter--z9Ew_W6p2h44-y84P6RlRbXV2VhULjKyhIV3-ThOCDY-00403.jpg": {"object_bounding_box": [443, 893, 162, 134], "object_presence": 1}, "P587--headphones--clutter--z9Ew_W6p2h44-y84P6RlRbXV2VhULjKyhIV3-ThOCDY-00404.jpg": {"object_bounding_box": [446, 899, 162, 134], "object_presence": 1}, "P587--headphones--clutter--z9Ew_W6p2h44-y84P6RlRbXV2VhULjKyhIV3-ThOCDY-00405.jpg": {"object_bounding_box": [447, 900, 162, 133], "object_presence": 1}, "P587--headphones--clutter--z9Ew_W6p2h44-y84P6RlRbXV2VhULjKyhIV3-ThOCDY-00406.jpg": {"object_bounding_box": [440, 898, 162, 133], "object_presence": 1}, "P587--headphones--clutter--z9Ew_W6p2h44-y84P6RlRbXV2VhULjKyhIV3-ThOCDY-00407.jpg": {"object_bounding_box": [431, 884, 166, 138], "object_presence": 1}, "P587--headphones--clutter--z9Ew_W6p2h44-y84P6RlRbXV2VhULjKyhIV3-ThOCDY-00408.jpg": {"object_bounding_box": [424, 877, 166, 134], "object_presence": 1}, "P587--headphones--clutter--z9Ew_W6p2h44-y84P6RlRbXV2VhULjKyhIV3-ThOCDY-00409.jpg": {"object_bounding_box": [424, 877, 165, 134], "object_presence": 1}, "P587--headphones--clutter--z9Ew_W6p2h44-y84P6RlRbXV2VhULjKyhIV3-ThOCDY-00410.jpg": {"object_bounding_box": [426, 878, 163, 132], "object_presence": 1}}