{"P613--sunglasses--clutter--YsBOhs4sAXAFmiSMWpSPa1ZdNdCOd_qfgS5geEx0_vc-00001.jpg": {"object_bounding_box": [447, 183, 629, 320], "object_presence": 1}, "P613--sunglasses--clutter--YsBOhs4sAXAFmiSMWpSPa1ZdNdCOd_qfgS5geEx0_vc-00002.jpg": {"object_bounding_box": [445, 183, 635, 320], "object_presence": 1}, "P613--sunglasses--clutter--YsBOhs4sAXAFmiSMWpSPa1ZdNdCOd_qfgS5geEx0_vc-00003.jpg": {"object_bounding_box": [441, 192, 638, 318], "object_presence": 1}, "P613--sunglasses--clutter--YsBOhs4sAXAFmiSMWpSPa1ZdNdCOd_qfgS5geEx0_vc-00004.jpg": {"object_bounding_box": [439, 195, 641, 317], "object_presence": 1}, "P613--sunglasses--clutter--YsBOhs4sAXAFmiSMWpSPa1ZdNdCOd_qfgS5geEx0_vc-00005.jpg": {"object_bounding_box": [436, 194, 637, 319], "object_presence": 1}, "P613--sunglasses--clutter--YsBOhs4sAXAFmiSMWpSPa1ZdNdCOd_qfgS5geEx0_vc-00006.jpg": {"object_bounding_box": [433, 195, 635, 317], "object_presence": 1}, "P613--sunglasses--clutter--YsBOhs4sAXAFmiSMWpSPa1ZdNdCOd_qfgS5geEx0_vc-00007.jpg": {"object_bounding_box": [433, 194, 636, 317], "object_presence": 1}, "P613--sunglasses--clutter--YsBOhs4sAXAFmiSMWpSPa1ZdNdCOd_qfgS5geEx0_vc-00008.jpg": {"object_bounding_box": [429, 192, 638, 317], "object_presence": 1}, "P613--sunglasses--clutter--YsBOhs4sAXAFmiSMWpSPa1ZdNdCOd_qfgS5geEx0_vc-00009.jpg": {"object_bounding_box": [430, 189, 635, 317], "object_presence": 1}, "P613--sunglasses--clutter--YsBOhs4sAXAFmiSMWpSPa1ZdNdCOd_qfgS5geEx0_vc-00010.jpg": {"object_bounding_box": [429, 186, 635, 316], "object_presence": 1}, "P613--sunglasses--clutter--YsBOhs4sAXAFmiSMWpSPa1ZdNdCOd_qfgS5geEx0_vc-00011.jpg": {"object_bounding_box": [431, 183, 635, 316], "object_presence": 1}, "P613--sunglasses--clutter--YsBOhs4sAXAFmiSMWpSPa1ZdNdCOd_qfgS5geEx0_vc-00012.jpg": {"object_bounding_box": [432, 182, 634, 316], "object_presence": 1}, "P613--sunglasses--clutter--YsBOhs4sAXAFmiSMWpSPa1ZdNdCOd_qfgS5geEx0_vc-00013.jpg": {"object_bounding_box": [433, 181, 632, 314], "object_presence": 1}, "P613--sunglasses--clutter--YsBOhs4sAXAFmiSMWpSPa1ZdNdCOd_qfgS5geEx0_vc-00014.jpg": {"object_bounding_box": [432, 179, 633, 315], "object_presence": 1}, "P613--sunglasses--clutter--YsBOhs4sAXAFmiSMWpSPa1ZdNdCOd_qfgS5geEx0_vc-00015.jpg": {"object_bounding_box": [433, 177, 629, 315], "object_presence": 1}, "P613--sunglasses--clutter--YsBOhs4sAXAFmiSMWpSPa1ZdNdCOd_qfgS5geEx0_vc-00016.jpg": {"object_bounding_box": [435, 176, 632, 314], "object_presence": 1}, "P613--sunglasses--clutter--YsBOhs4sAXAFmiSMWpSPa1ZdNdCOd_qfgS5geEx0_vc-00017.jpg": {"object_bounding_box": [442, 174, 630, 314], "object_presence": 1}, "P613--sunglasses--clutter--YsBOhs4sAXAFmiSMWpSPa1ZdNdCOd_qfgS5geEx0_vc-00018.jpg": {"object_bounding_box": [449, 174, 629, 312], "object_presence": 1}, "P613--sunglasses--clutter--YsBOhs4sAXAFmiSMWpSPa1ZdNdCOd_qfgS5geEx0_vc-00019.jpg": {"object_bounding_box": [460, 175, 616, 310], "object_presence": 1}, "P613--sunglasses--clutter--YsBOhs4sAXAFmiSMWpSPa1ZdNdCOd_qfgS5geEx0_vc-00020.jpg": {"object_bounding_box": [465, 173, 615, 309], "object_presence": 1}, "P613--sunglasses--clutter--YsBOhs4sAXAFmiSMWpSPa1ZdNdCOd_qfgS5geEx0_vc-00021.jpg": {"object_bounding_box": [468, 172, 608, 307], "object_presence": 1}, "P613--sunglasses--clutter--YsBOhs4sAXAFmiSMWpSPa1ZdNdCOd_qfgS5geEx0_vc-00022.jpg": {"object_bounding_box": [466, 170, 614, 306], "object_presence": 1}, "P613--sunglasses--clutter--YsBOhs4sAXAFmiSMWpSPa1ZdNdCOd_qfgS5geEx0_vc-00023.jpg": {"object_bounding_box": [468, 167, 612, 306], "object_presence": 1}, "P613--sunglasses--clutter--YsBOhs4sAXAFmiSMWpSPa1ZdNdCOd_qfgS5geEx0_vc-00024.jpg": {"object_bounding_box": [469, 165, 611, 304], "object_presence": 1}, "P613--sunglasses--clutter--YsBOhs4sAXAFmiSMWpSPa1ZdNdCOd_qfgS5geEx0_vc-00025.jpg": {"object_bounding_box": [472, 163, 607, 303], "object_presence": 1}, "P613--sunglasses--clutter--YsBOhs4sAXAFmiSMWpSPa1ZdNdCOd_qfgS5geEx0_vc-00026.jpg": {"object_bounding_box": [473, 167, 602, 301], "object_presence": 1}, "P613--sunglasses--clutter--YsBOhs4sAXAFmiSMWpSPa1ZdNdCOd_qfgS5geEx0_vc-00027.jpg": {"object_bounding_box": [475, 167, 599, 298], "object_presence": 1}, "P613--sunglasses--clutter--YsBOhs4sAXAFmiSMWpSPa1ZdNdCOd_qfgS5geEx0_vc-00028.jpg": {"object_bounding_box": [480, 163, 597, 295], "object_presence": 1}, "P613--sunglasses--clutter--YsBOhs4sAXAFmiSMWpSPa1ZdNdCOd_qfgS5geEx0_vc-00029.jpg": {"object_bounding_box": [485, 162, 592, 295], "object_presence": 1}, "P613--sunglasses--clutter--YsBOhs4sAXAFmiSMWpSPa1ZdNdCOd_qfgS5geEx0_vc-00030.jpg": {"object_bounding_box": [485, 165, 587, 291], "object_presence": 1}, "P613--sunglasses--clutter--YsBOhs4sAXAFmiSMWpSPa1ZdNdCOd_qfgS5geEx0_vc-00031.jpg": {"object_bounding_box": [491, 163, 584, 289], "object_presence": 1}, "P613--sunglasses--clutter--YsBOhs4sAXAFmiSMWpSPa1ZdNdCOd_qfgS5geEx0_vc-00032.jpg": {"object_bounding_box": [492, 158, 582, 286], "object_presence": 1}, "P613--sunglasses--clutter--YsBOhs4sAXAFmiSMWpSPa1ZdNdCOd_qfgS5geEx0_vc-00033.jpg": {"object_bounding_box": [493, 160, 574, 284], "object_presence": 1}, "P613--sunglasses--clutter--YsBOhs4sAXAFmiSMWpSPa1ZdNdCOd_qfgS5geEx0_vc-00034.jpg": {"object_bounding_box": [494, 163, 570, 284], "object_presence": 1}, "P613--sunglasses--clutter--YsBOhs4sAXAFmiSMWpSPa1ZdNdCOd_qfgS5geEx0_vc-00035.jpg": {"object_bounding_box": [495, 167, 566, 280], "object_presence": 1}, "P613--sunglasses--clutter--YsBOhs4sAXAFmiSMWpSPa1ZdNdCOd_qfgS5geEx0_vc-00036.jpg": {"object_bounding_box": [499, 170, 561, 277], "object_presence": 1}, "P613--sunglasses--clutter--YsBOhs4sAXAFmiSMWpSPa1ZdNdCOd_qfgS5geEx0_vc-00037.jpg": {"object_bounding_box": [501, 168, 558, 275], "object_presence": 1}, "P613--sunglasses--clutter--YsBOhs4sAXAFmiSMWpSPa1ZdNdCOd_qfgS5geEx0_vc-00038.jpg": {"object_bounding_box": [501, 171, 553, 272], "object_presence": 1}, "P613--sunglasses--clutter--YsBOhs4sAXAFmiSMWpSPa1ZdNdCOd_qfgS5geEx0_vc-00039.jpg": {"object_bounding_box": [500, 176, 546, 270], "object_presence": 1}, "P613--sunglasses--clutter--YsBOhs4sAXAFmiSMWpSPa1ZdNdCOd_qfgS5geEx0_vc-00040.jpg": {"object_bounding_box": [493, 176, 543, 266], "object_presence": 1}, "P613--sunglasses--clutter--YsBOhs4sAXAFmiSMWpSPa1ZdNdCOd_qfgS5geEx0_vc-00041.jpg": {"object_bounding_box": [493, 181, 539, 264], "object_presence": 1}, "P613--sunglasses--clutter--YsBOhs4sAXAFmiSMWpSPa1ZdNdCOd_qfgS5geEx0_vc-00042.jpg": {"object_bounding_box": [488, 186, 534, 261], "object_presence": 1}, "P613--sunglasses--clutter--YsBOhs4sAXAFmiSMWpSPa1ZdNdCOd_qfgS5geEx0_vc-00043.jpg": {"object_bounding_box": [483, 186, 531, 260], "object_presence": 1}, "P613--sunglasses--clutter--YsBOhs4sAXAFmiSMWpSPa1ZdNdCOd_qfgS5geEx0_vc-00044.jpg": {"object_bounding_box": [485, 190, 529, 259], "object_presence": 1}, "P613--sunglasses--clutter--YsBOhs4sAXAFmiSMWpSPa1ZdNdCOd_qfgS5geEx0_vc-00045.jpg": {"object_bounding_box": [483, 191, 524, 257], "object_presence": 1}, "P613--sunglasses--clutter--YsBOhs4sAXAFmiSMWpSPa1ZdNdCOd_qfgS5geEx0_vc-00046.jpg": {"object_bounding_box": [479, 190, 521, 255], "object_presence": 1}, "P613--sunglasses--clutter--YsBOhs4sAXAFmiSMWpSPa1ZdNdCOd_qfgS5geEx0_vc-00047.jpg": {"object_bounding_box": [479, 191, 518, 253], "object_presence": 1}, "P613--sunglasses--clutter--YsBOhs4sAXAFmiSMWpSPa1ZdNdCOd_qfgS5geEx0_vc-00048.jpg": {"object_bounding_box": [482, 192, 514, 252], "object_presence": 1}, "P613--sunglasses--clutter--YsBOhs4sAXAFmiSMWpSPa1ZdNdCOd_qfgS5geEx0_vc-00049.jpg": {"object_bounding_box": [483, 191, 512, 249], "object_presence": 1}, "P613--sunglasses--clutter--YsBOhs4sAXAFmiSMWpSPa1ZdNdCOd_qfgS5geEx0_vc-00050.jpg": {"object_bounding_box": [484, 188, 511, 249], "object_presence": 1}, "P613--sunglasses--clutter--YsBOhs4sAXAFmiSMWpSPa1ZdNdCOd_qfgS5geEx0_vc-00051.jpg": {"object_bounding_box": [483, 185, 505, 247], "object_presence": 1}, "P613--sunglasses--clutter--YsBOhs4sAXAFmiSMWpSPa1ZdNdCOd_qfgS5geEx0_vc-00052.jpg": {"object_bounding_box": [478, 184, 500, 247], "object_presence": 1}, "P613--sunglasses--clutter--YsBOhs4sAXAFmiSMWpSPa1ZdNdCOd_qfgS5geEx0_vc-00053.jpg": {"object_bounding_box": [475, 185, 497, 245], "object_presence": 1}, "P613--sunglasses--clutter--YsBOhs4sAXAFmiSMWpSPa1ZdNdCOd_qfgS5geEx0_vc-00054.jpg": {"object_bounding_box": [476, 186, 494, 243], "object_presence": 1}, "P613--sunglasses--clutter--YsBOhs4sAXAFmiSMWpSPa1ZdNdCOd_qfgS5geEx0_vc-00055.jpg": {"object_bounding_box": [476, 185, 493, 243], "object_presence": 1}, "P613--sunglasses--clutter--YsBOhs4sAXAFmiSMWpSPa1ZdNdCOd_qfgS5geEx0_vc-00056.jpg": {"object_bounding_box": [478, 183, 491, 241], "object_presence": 1}, "P613--sunglasses--clutter--YsBOhs4sAXAFmiSMWpSPa1ZdNdCOd_qfgS5geEx0_vc-00057.jpg": {"object_bounding_box": [480, 185, 486, 239], "object_presence": 1}, "P613--sunglasses--clutter--YsBOhs4sAXAFmiSMWpSPa1ZdNdCOd_qfgS5geEx0_vc-00058.jpg": {"object_bounding_box": [485, 190, 484, 238], "object_presence": 1}, "P613--sunglasses--clutter--YsBOhs4sAXAFmiSMWpSPa1ZdNdCOd_qfgS5geEx0_vc-00059.jpg": {"object_bounding_box": [488, 198, 482, 233], "object_presence": 1}, "P613--sunglasses--clutter--YsBOhs4sAXAFmiSMWpSPa1ZdNdCOd_qfgS5geEx0_vc-00060.jpg": {"object_bounding_box": [488, 196, 480, 233], "object_presence": 1}, "P613--sunglasses--clutter--YsBOhs4sAXAFmiSMWpSPa1ZdNdCOd_qfgS5geEx0_vc-00061.jpg": {"object_bounding_box": [486, 192, 478, 232], "object_presence": 1}, "P613--sunglasses--clutter--YsBOhs4sAXAFmiSMWpSPa1ZdNdCOd_qfgS5geEx0_vc-00062.jpg": {"object_bounding_box": [484, 187, 478, 232], "object_presence": 1}, "P613--sunglasses--clutter--YsBOhs4sAXAFmiSMWpSPa1ZdNdCOd_qfgS5geEx0_vc-00063.jpg": {"object_bounding_box": [479, 180, 477, 231], "object_presence": 1}, "P613--sunglasses--clutter--YsBOhs4sAXAFmiSMWpSPa1ZdNdCOd_qfgS5geEx0_vc-00064.jpg": {"object_bounding_box": [476, 178, 474, 231], "object_presence": 1}, "P613--sunglasses--clutter--YsBOhs4sAXAFmiSMWpSPa1ZdNdCOd_qfgS5geEx0_vc-00065.jpg": {"object_bounding_box": [476, 184, 472, 228], "object_presence": 1}, "P613--sunglasses--clutter--YsBOhs4sAXAFmiSMWpSPa1ZdNdCOd_qfgS5geEx0_vc-00066.jpg": {"object_bounding_box": [474, 186, 467, 225], "object_presence": 1}, "P613--sunglasses--clutter--YsBOhs4sAXAFmiSMWpSPa1ZdNdCOd_qfgS5geEx0_vc-00067.jpg": {"object_bounding_box": [472, 181, 465, 226], "object_presence": 1}, "P613--sunglasses--clutter--YsBOhs4sAXAFmiSMWpSPa1ZdNdCOd_qfgS5geEx0_vc-00068.jpg": {"object_bounding_box": [471, 174, 466, 226], "object_presence": 1}, "P613--sunglasses--clutter--YsBOhs4sAXAFmiSMWpSPa1ZdNdCOd_qfgS5geEx0_vc-00069.jpg": {"object_bounding_box": [468, 172, 461, 224], "object_presence": 1}, "P613--sunglasses--clutter--YsBOhs4sAXAFmiSMWpSPa1ZdNdCOd_qfgS5geEx0_vc-00070.jpg": {"object_bounding_box": [465, 177, 461, 221], "object_presence": 1}, "P613--sunglasses--clutter--YsBOhs4sAXAFmiSMWpSPa1ZdNdCOd_qfgS5geEx0_vc-00071.jpg": {"object_bounding_box": [460, 178, 458, 221], "object_presence": 1}, "P613--sunglasses--clutter--YsBOhs4sAXAFmiSMWpSPa1ZdNdCOd_qfgS5geEx0_vc-00072.jpg": {"object_bounding_box": [457, 175, 457, 220], "object_presence": 1}, "P613--sunglasses--clutter--YsBOhs4sAXAFmiSMWpSPa1ZdNdCOd_qfgS5geEx0_vc-00073.jpg": {"object_bounding_box": [461, 180, 453, 216], "object_presence": 1}, "P613--sunglasses--clutter--YsBOhs4sAXAFmiSMWpSPa1ZdNdCOd_qfgS5geEx0_vc-00074.jpg": {"object_bounding_box": [461, 191, 450, 216], "object_presence": 1}, "P613--sunglasses--clutter--YsBOhs4sAXAFmiSMWpSPa1ZdNdCOd_qfgS5geEx0_vc-00075.jpg": {"object_bounding_box": [461, 195, 448, 215], "object_presence": 1}, "P613--sunglasses--clutter--YsBOhs4sAXAFmiSMWpSPa1ZdNdCOd_qfgS5geEx0_vc-00076.jpg": {"object_bounding_box": [462, 196, 446, 214], "object_presence": 1}, "P613--sunglasses--clutter--YsBOhs4sAXAFmiSMWpSPa1ZdNdCOd_qfgS5geEx0_vc-00077.jpg": {"object_bounding_box": [465, 201, 442, 211], "object_presence": 1}, "P613--sunglasses--clutter--YsBOhs4sAXAFmiSMWpSPa1ZdNdCOd_qfgS5geEx0_vc-00078.jpg": {"object_bounding_box": [465, 209, 439, 210], "object_presence": 1}, "P613--sunglasses--clutter--YsBOhs4sAXAFmiSMWpSPa1ZdNdCOd_qfgS5geEx0_vc-00079.jpg": {"object_bounding_box": [464, 212, 438, 209], "object_presence": 1}, "P613--sunglasses--clutter--YsBOhs4sAXAFmiSMWpSPa1ZdNdCOd_qfgS5geEx0_vc-00080.jpg": {"object_bounding_box": [464, 213, 435, 208], "object_presence": 1}, "P613--sunglasses--clutter--YsBOhs4sAXAFmiSMWpSPa1ZdNdCOd_qfgS5geEx0_vc-00081.jpg": {"object_bounding_box": [467, 217, 432, 206], "object_presence": 1}, "P613--sunglasses--clutter--YsBOhs4sAXAFmiSMWpSPa1ZdNdCOd_qfgS5geEx0_vc-00082.jpg": {"object_bounding_box": [468, 220, 430, 205], "object_presence": 1}, "P613--sunglasses--clutter--YsBOhs4sAXAFmiSMWpSPa1ZdNdCOd_qfgS5geEx0_vc-00083.jpg": {"object_bounding_box": [466, 221, 429, 204], "object_presence": 1}, "P613--sunglasses--clutter--YsBOhs4sAXAFmiSMWpSPa1ZdNdCOd_qfgS5geEx0_vc-00084.jpg": {"object_bounding_box": [466, 218, 428, 204], "object_presence": 1}, "P613--sunglasses--clutter--YsBOhs4sAXAFmiSMWpSPa1ZdNdCOd_qfgS5geEx0_vc-00085.jpg": {"object_bounding_box": [466, 216, 426, 203], "object_presence": 1}, "P613--sunglasses--clutter--YsBOhs4sAXAFmiSMWpSPa1ZdNdCOd_qfgS5geEx0_vc-00086.jpg": {"object_bounding_box": [464, 218, 423, 201], "object_presence": 1}, "P613--sunglasses--clutter--YsBOhs4sAXAFmiSMWpSPa1ZdNdCOd_qfgS5geEx0_vc-00087.jpg": {"object_bounding_box": [464, 221, 419, 200], "object_presence": 1}, "P613--sunglasses--clutter--YsBOhs4sAXAFmiSMWpSPa1ZdNdCOd_qfgS5geEx0_vc-00088.jpg": {"object_bounding_box": [466, 226, 417, 197], "object_presence": 1}, "P613--sunglasses--clutter--YsBOhs4sAXAFmiSMWpSPa1ZdNdCOd_qfgS5geEx0_vc-00089.jpg": {"object_bounding_box": [467, 231, 415, 197], "object_presence": 1}, "P613--sunglasses--clutter--YsBOhs4sAXAFmiSMWpSPa1ZdNdCOd_qfgS5geEx0_vc-00090.jpg": {"object_bounding_box": [469, 236, 412, 196], "object_presence": 1}, "P613--sunglasses--clutter--YsBOhs4sAXAFmiSMWpSPa1ZdNdCOd_qfgS5geEx0_vc-00091.jpg": {"object_bounding_box": [469, 240, 412, 195], "object_presence": 1}, "P613--sunglasses--clutter--YsBOhs4sAXAFmiSMWpSPa1ZdNdCOd_qfgS5geEx0_vc-00092.jpg": {"object_bounding_box": [471, 242, 409, 194], "object_presence": 1}, "P613--sunglasses--clutter--YsBOhs4sAXAFmiSMWpSPa1ZdNdCOd_qfgS5geEx0_vc-00093.jpg": {"object_bounding_box": [468, 250, 405, 192], "object_presence": 1}, "P613--sunglasses--clutter--YsBOhs4sAXAFmiSMWpSPa1ZdNdCOd_qfgS5geEx0_vc-00094.jpg": {"object_bounding_box": [465, 258, 403, 191], "object_presence": 1}, "P613--sunglasses--clutter--YsBOhs4sAXAFmiSMWpSPa1ZdNdCOd_qfgS5geEx0_vc-00095.jpg": {"object_bounding_box": [470, 262, 398, 190], "object_presence": 1}, "P613--sunglasses--clutter--YsBOhs4sAXAFmiSMWpSPa1ZdNdCOd_qfgS5geEx0_vc-00096.jpg": {"object_bounding_box": [471, 262, 401, 189], "object_presence": 1}, "P613--sunglasses--clutter--YsBOhs4sAXAFmiSMWpSPa1ZdNdCOd_qfgS5geEx0_vc-00097.jpg": {"object_bounding_box": [470, 263, 397, 188], "object_presence": 1}, "P613--sunglasses--clutter--YsBOhs4sAXAFmiSMWpSPa1ZdNdCOd_qfgS5geEx0_vc-00098.jpg": {"object_bounding_box": [468, 267, 393, 187], "object_presence": 1}, "P613--sunglasses--clutter--YsBOhs4sAXAFmiSMWpSPa1ZdNdCOd_qfgS5geEx0_vc-00099.jpg": {"object_bounding_box": [471, 269, 392, 187], "object_presence": 1}, "P613--sunglasses--clutter--YsBOhs4sAXAFmiSMWpSPa1ZdNdCOd_qfgS5geEx0_vc-00100.jpg": {"object_bounding_box": [471, 268, 392, 186], "object_presence": 1}, "P613--sunglasses--clutter--YsBOhs4sAXAFmiSMWpSPa1ZdNdCOd_qfgS5geEx0_vc-00101.jpg": {"object_bounding_box": [472, 269, 389, 184], "object_presence": 1}, "P613--sunglasses--clutter--YsBOhs4sAXAFmiSMWpSPa1ZdNdCOd_qfgS5geEx0_vc-00102.jpg": {"object_bounding_box": [472, 271, 389, 183], "object_presence": 1}, "P613--sunglasses--clutter--YsBOhs4sAXAFmiSMWpSPa1ZdNdCOd_qfgS5geEx0_vc-00103.jpg": {"object_bounding_box": [474, 273, 387, 183], "object_presence": 1}, "P613--sunglasses--clutter--YsBOhs4sAXAFmiSMWpSPa1ZdNdCOd_qfgS5geEx0_vc-00104.jpg": {"object_bounding_box": [475, 274, 387, 181], "object_presence": 1}, "P613--sunglasses--clutter--YsBOhs4sAXAFmiSMWpSPa1ZdNdCOd_qfgS5geEx0_vc-00105.jpg": {"object_bounding_box": [476, 277, 386, 181], "object_presence": 1}, "P613--sunglasses--clutter--YsBOhs4sAXAFmiSMWpSPa1ZdNdCOd_qfgS5geEx0_vc-00106.jpg": {"object_bounding_box": [477, 282, 385, 180], "object_presence": 1}, "P613--sunglasses--clutter--YsBOhs4sAXAFmiSMWpSPa1ZdNdCOd_qfgS5geEx0_vc-00107.jpg": {"object_bounding_box": [478, 284, 385, 179], "object_presence": 1}, "P613--sunglasses--clutter--YsBOhs4sAXAFmiSMWpSPa1ZdNdCOd_qfgS5geEx0_vc-00108.jpg": {"object_bounding_box": [476, 281, 382, 179], "object_presence": 1}, "P613--sunglasses--clutter--YsBOhs4sAXAFmiSMWpSPa1ZdNdCOd_qfgS5geEx0_vc-00109.jpg": {"object_bounding_box": [474, 277, 383, 178], "object_presence": 1}, "P613--sunglasses--clutter--YsBOhs4sAXAFmiSMWpSPa1ZdNdCOd_qfgS5geEx0_vc-00110.jpg": {"object_bounding_box": [474, 273, 382, 178], "object_presence": 1}, "P613--sunglasses--clutter--YsBOhs4sAXAFmiSMWpSPa1ZdNdCOd_qfgS5geEx0_vc-00111.jpg": {"object_bounding_box": [475, 272, 379, 178], "object_presence": 1}, "P613--sunglasses--clutter--YsBOhs4sAXAFmiSMWpSPa1ZdNdCOd_qfgS5geEx0_vc-00112.jpg": {"object_bounding_box": [477, 272, 377, 176], "object_presence": 1}, "P613--sunglasses--clutter--YsBOhs4sAXAFmiSMWpSPa1ZdNdCOd_qfgS5geEx0_vc-00113.jpg": {"object_bounding_box": [479, 268, 376, 176], "object_presence": 1}, "P613--sunglasses--clutter--YsBOhs4sAXAFmiSMWpSPa1ZdNdCOd_qfgS5geEx0_vc-00114.jpg": {"object_bounding_box": [479, 264, 375, 177], "object_presence": 1}, "P613--sunglasses--clutter--YsBOhs4sAXAFmiSMWpSPa1ZdNdCOd_qfgS5geEx0_vc-00115.jpg": {"object_bounding_box": [478, 257, 378, 176], "object_presence": 1}, "P613--sunglasses--clutter--YsBOhs4sAXAFmiSMWpSPa1ZdNdCOd_qfgS5geEx0_vc-00116.jpg": {"object_bounding_box": [482, 252, 376, 177], "object_presence": 1}, "P613--sunglasses--clutter--YsBOhs4sAXAFmiSMWpSPa1ZdNdCOd_qfgS5geEx0_vc-00117.jpg": {"object_bounding_box": [486, 257, 373, 175], "object_presence": 1}, "P613--sunglasses--clutter--YsBOhs4sAXAFmiSMWpSPa1ZdNdCOd_qfgS5geEx0_vc-00118.jpg": {"object_bounding_box": [484, 265, 372, 173], "object_presence": 1}, "P613--sunglasses--clutter--YsBOhs4sAXAFmiSMWpSPa1ZdNdCOd_qfgS5geEx0_vc-00119.jpg": {"object_bounding_box": [488, 268, 366, 174], "object_presence": 1}, "P613--sunglasses--clutter--YsBOhs4sAXAFmiSMWpSPa1ZdNdCOd_qfgS5geEx0_vc-00120.jpg": {"object_bounding_box": [491, 269, 366, 172], "object_presence": 1}, "P613--sunglasses--clutter--YsBOhs4sAXAFmiSMWpSPa1ZdNdCOd_qfgS5geEx0_vc-00121.jpg": {"object_bounding_box": [491, 271, 367, 172], "object_presence": 1}, "P613--sunglasses--clutter--YsBOhs4sAXAFmiSMWpSPa1ZdNdCOd_qfgS5geEx0_vc-00122.jpg": {"object_bounding_box": [490, 273, 362, 172], "object_presence": 1}, "P613--sunglasses--clutter--YsBOhs4sAXAFmiSMWpSPa1ZdNdCOd_qfgS5geEx0_vc-00123.jpg": {"object_bounding_box": [492, 270, 364, 171], "object_presence": 1}, "P613--sunglasses--clutter--YsBOhs4sAXAFmiSMWpSPa1ZdNdCOd_qfgS5geEx0_vc-00124.jpg": {"object_bounding_box": [492, 261, 363, 171], "object_presence": 1}, "P613--sunglasses--clutter--YsBOhs4sAXAFmiSMWpSPa1ZdNdCOd_qfgS5geEx0_vc-00125.jpg": {"object_bounding_box": [491, 255, 362, 171], "object_presence": 1}, "P613--sunglasses--clutter--YsBOhs4sAXAFmiSMWpSPa1ZdNdCOd_qfgS5geEx0_vc-00126.jpg": {"object_bounding_box": [490, 257, 361, 170], "object_presence": 1}, "P613--sunglasses--clutter--YsBOhs4sAXAFmiSMWpSPa1ZdNdCOd_qfgS5geEx0_vc-00127.jpg": {"object_bounding_box": [492, 258, 359, 170], "object_presence": 1}, "P613--sunglasses--clutter--YsBOhs4sAXAFmiSMWpSPa1ZdNdCOd_qfgS5geEx0_vc-00128.jpg": {"object_bounding_box": [492, 259, 359, 170], "object_presence": 1}, "P613--sunglasses--clutter--YsBOhs4sAXAFmiSMWpSPa1ZdNdCOd_qfgS5geEx0_vc-00129.jpg": {"object_bounding_box": [490, 265, 357, 168], "object_presence": 1}, "P613--sunglasses--clutter--YsBOhs4sAXAFmiSMWpSPa1ZdNdCOd_qfgS5geEx0_vc-00130.jpg": {"object_bounding_box": [490, 270, 356, 168], "object_presence": 1}, "P613--sunglasses--clutter--YsBOhs4sAXAFmiSMWpSPa1ZdNdCOd_qfgS5geEx0_vc-00131.jpg": {"object_bounding_box": [493, 271, 357, 167], "object_presence": 1}, "P613--sunglasses--clutter--YsBOhs4sAXAFmiSMWpSPa1ZdNdCOd_qfgS5geEx0_vc-00132.jpg": {"object_bounding_box": [494, 269, 359, 168], "object_presence": 1}, "P613--sunglasses--clutter--YsBOhs4sAXAFmiSMWpSPa1ZdNdCOd_qfgS5geEx0_vc-00133.jpg": {"object_bounding_box": [495, 272, 359, 166], "object_presence": 1}, "P613--sunglasses--clutter--YsBOhs4sAXAFmiSMWpSPa1ZdNdCOd_qfgS5geEx0_vc-00134.jpg": {"object_bounding_box": [495, 278, 356, 167], "object_presence": 1}, "P613--sunglasses--clutter--YsBOhs4sAXAFmiSMWpSPa1ZdNdCOd_qfgS5geEx0_vc-00135.jpg": {"object_bounding_box": [495, 284, 357, 165], "object_presence": 1}, "P613--sunglasses--clutter--YsBOhs4sAXAFmiSMWpSPa1ZdNdCOd_qfgS5geEx0_vc-00136.jpg": {"object_bounding_box": [494, 289, 355, 165], "object_presence": 1}, "P613--sunglasses--clutter--YsBOhs4sAXAFmiSMWpSPa1ZdNdCOd_qfgS5geEx0_vc-00137.jpg": {"object_bounding_box": [495, 293, 353, 165], "object_presence": 1}, "P613--sunglasses--clutter--YsBOhs4sAXAFmiSMWpSPa1ZdNdCOd_qfgS5geEx0_vc-00138.jpg": {"object_bounding_box": [495, 297, 353, 164], "object_presence": 1}, "P613--sunglasses--clutter--YsBOhs4sAXAFmiSMWpSPa1ZdNdCOd_qfgS5geEx0_vc-00139.jpg": {"object_bounding_box": [497, 304, 351, 162], "object_presence": 1}, "P613--sunglasses--clutter--YsBOhs4sAXAFmiSMWpSPa1ZdNdCOd_qfgS5geEx0_vc-00140.jpg": {"object_bounding_box": [498, 308, 352, 162], "object_presence": 1}, "P613--sunglasses--clutter--YsBOhs4sAXAFmiSMWpSPa1ZdNdCOd_qfgS5geEx0_vc-00141.jpg": {"object_bounding_box": [497, 310, 351, 162], "object_presence": 1}, "P613--sunglasses--clutter--YsBOhs4sAXAFmiSMWpSPa1ZdNdCOd_qfgS5geEx0_vc-00142.jpg": {"object_bounding_box": [496, 311, 351, 160], "object_presence": 1}, "P613--sunglasses--clutter--YsBOhs4sAXAFmiSMWpSPa1ZdNdCOd_qfgS5geEx0_vc-00143.jpg": {"object_bounding_box": [495, 311, 350, 160], "object_presence": 1}, "P613--sunglasses--clutter--YsBOhs4sAXAFmiSMWpSPa1ZdNdCOd_qfgS5geEx0_vc-00144.jpg": {"object_bounding_box": [496, 313, 350, 160], "object_presence": 1}, "P613--sunglasses--clutter--YsBOhs4sAXAFmiSMWpSPa1ZdNdCOd_qfgS5geEx0_vc-00145.jpg": {"object_bounding_box": [500, 317, 347, 159], "object_presence": 1}, "P613--sunglasses--clutter--YsBOhs4sAXAFmiSMWpSPa1ZdNdCOd_qfgS5geEx0_vc-00146.jpg": {"object_bounding_box": [498, 320, 350, 159], "object_presence": 1}, "P613--sunglasses--clutter--YsBOhs4sAXAFmiSMWpSPa1ZdNdCOd_qfgS5geEx0_vc-00147.jpg": {"object_bounding_box": [497, 323, 348, 158], "object_presence": 1}, "P613--sunglasses--clutter--YsBOhs4sAXAFmiSMWpSPa1ZdNdCOd_qfgS5geEx0_vc-00148.jpg": {"object_bounding_box": [498, 325, 347, 158], "object_presence": 1}, "P613--sunglasses--clutter--YsBOhs4sAXAFmiSMWpSPa1ZdNdCOd_qfgS5geEx0_vc-00149.jpg": {"object_bounding_box": [498, 327, 347, 158], "object_presence": 1}, "P613--sunglasses--clutter--YsBOhs4sAXAFmiSMWpSPa1ZdNdCOd_qfgS5geEx0_vc-00150.jpg": {"object_bounding_box": [498, 328, 346, 158], "object_presence": 1}, "P613--sunglasses--clutter--YsBOhs4sAXAFmiSMWpSPa1ZdNdCOd_qfgS5geEx0_vc-00151.jpg": {"object_bounding_box": [495, 328, 346, 158], "object_presence": 1}, "P613--sunglasses--clutter--YsBOhs4sAXAFmiSMWpSPa1ZdNdCOd_qfgS5geEx0_vc-00152.jpg": {"object_bounding_box": [495, 329, 344, 157], "object_presence": 1}, "P613--sunglasses--clutter--YsBOhs4sAXAFmiSMWpSPa1ZdNdCOd_qfgS5geEx0_vc-00153.jpg": {"object_bounding_box": [497, 328, 345, 158], "object_presence": 1}, "P613--sunglasses--clutter--YsBOhs4sAXAFmiSMWpSPa1ZdNdCOd_qfgS5geEx0_vc-00154.jpg": {"object_bounding_box": [499, 325, 346, 157], "object_presence": 1}, "P613--sunglasses--clutter--YsBOhs4sAXAFmiSMWpSPa1ZdNdCOd_qfgS5geEx0_vc-00155.jpg": {"object_bounding_box": [500, 322, 343, 158], "object_presence": 1}, "P613--sunglasses--clutter--YsBOhs4sAXAFmiSMWpSPa1ZdNdCOd_qfgS5geEx0_vc-00156.jpg": {"object_bounding_box": [499, 323, 342, 158], "object_presence": 1}, "P613--sunglasses--clutter--YsBOhs4sAXAFmiSMWpSPa1ZdNdCOd_qfgS5geEx0_vc-00157.jpg": {"object_bounding_box": [499, 326, 343, 157], "object_presence": 1}, "P613--sunglasses--clutter--YsBOhs4sAXAFmiSMWpSPa1ZdNdCOd_qfgS5geEx0_vc-00158.jpg": {"object_bounding_box": [500, 329, 342, 156], "object_presence": 1}, "P613--sunglasses--clutter--YsBOhs4sAXAFmiSMWpSPa1ZdNdCOd_qfgS5geEx0_vc-00159.jpg": {"object_bounding_box": [501, 334, 341, 157], "object_presence": 1}, "P613--sunglasses--clutter--YsBOhs4sAXAFmiSMWpSPa1ZdNdCOd_qfgS5geEx0_vc-00160.jpg": {"object_bounding_box": [500, 338, 340, 156], "object_presence": 1}, "P613--sunglasses--clutter--YsBOhs4sAXAFmiSMWpSPa1ZdNdCOd_qfgS5geEx0_vc-00161.jpg": {"object_bounding_box": [500, 339, 340, 156], "object_presence": 1}, "P613--sunglasses--clutter--YsBOhs4sAXAFmiSMWpSPa1ZdNdCOd_qfgS5geEx0_vc-00162.jpg": {"object_bounding_box": [498, 343, 338, 154], "object_presence": 1}, "P613--sunglasses--clutter--YsBOhs4sAXAFmiSMWpSPa1ZdNdCOd_qfgS5geEx0_vc-00163.jpg": {"object_bounding_box": [498, 346, 338, 155], "object_presence": 1}, "P613--sunglasses--clutter--YsBOhs4sAXAFmiSMWpSPa1ZdNdCOd_qfgS5geEx0_vc-00164.jpg": {"object_bounding_box": [497, 351, 338, 155], "object_presence": 1}, "P613--sunglasses--clutter--YsBOhs4sAXAFmiSMWpSPa1ZdNdCOd_qfgS5geEx0_vc-00165.jpg": {"object_bounding_box": [494, 357, 340, 155], "object_presence": 1}, "P613--sunglasses--clutter--YsBOhs4sAXAFmiSMWpSPa1ZdNdCOd_qfgS5geEx0_vc-00166.jpg": {"object_bounding_box": [491, 363, 336, 154], "object_presence": 1}, "P613--sunglasses--clutter--YsBOhs4sAXAFmiSMWpSPa1ZdNdCOd_qfgS5geEx0_vc-00167.jpg": {"object_bounding_box": [487, 371, 339, 151], "object_presence": 1}, "P613--sunglasses--clutter--YsBOhs4sAXAFmiSMWpSPa1ZdNdCOd_qfgS5geEx0_vc-00168.jpg": {"object_bounding_box": [477, 382, 336, 152], "object_presence": 1}, "P613--sunglasses--clutter--YsBOhs4sAXAFmiSMWpSPa1ZdNdCOd_qfgS5geEx0_vc-00169.jpg": {"object_bounding_box": [465, 386, 335, 155], "object_presence": 1}, "P613--sunglasses--clutter--YsBOhs4sAXAFmiSMWpSPa1ZdNdCOd_qfgS5geEx0_vc-00170.jpg": {"object_bounding_box": [455, 391, 332, 154], "object_presence": 1}, "P613--sunglasses--clutter--YsBOhs4sAXAFmiSMWpSPa1ZdNdCOd_qfgS5geEx0_vc-00171.jpg": {"object_bounding_box": [450, 403, 331, 154], "object_presence": 1}, "P613--sunglasses--clutter--YsBOhs4sAXAFmiSMWpSPa1ZdNdCOd_qfgS5geEx0_vc-00172.jpg": {"object_bounding_box": [449, 407, 333, 153], "object_presence": 1}, "P613--sunglasses--clutter--YsBOhs4sAXAFmiSMWpSPa1ZdNdCOd_qfgS5geEx0_vc-00173.jpg": {"object_bounding_box": [451, 405, 332, 154], "object_presence": 1}, "P613--sunglasses--clutter--YsBOhs4sAXAFmiSMWpSPa1ZdNdCOd_qfgS5geEx0_vc-00174.jpg": {"object_bounding_box": [457, 411, 333, 154], "object_presence": 1}, "P613--sunglasses--clutter--YsBOhs4sAXAFmiSMWpSPa1ZdNdCOd_qfgS5geEx0_vc-00175.jpg": {"object_bounding_box": [467, 419, 336, 155], "object_presence": 1}, "P613--sunglasses--clutter--YsBOhs4sAXAFmiSMWpSPa1ZdNdCOd_qfgS5geEx0_vc-00176.jpg": {"object_bounding_box": [473, 425, 338, 154], "object_presence": 1}, "P613--sunglasses--clutter--YsBOhs4sAXAFmiSMWpSPa1ZdNdCOd_qfgS5geEx0_vc-00177.jpg": {"object_bounding_box": [478, 427, 336, 156], "object_presence": 1}, "P613--sunglasses--clutter--YsBOhs4sAXAFmiSMWpSPa1ZdNdCOd_qfgS5geEx0_vc-00178.jpg": {"object_bounding_box": [479, 431, 335, 156], "object_presence": 1}, "P613--sunglasses--clutter--YsBOhs4sAXAFmiSMWpSPa1ZdNdCOd_qfgS5geEx0_vc-00179.jpg": {"object_bounding_box": [478, 438, 336, 154], "object_presence": 1}, "P613--sunglasses--clutter--YsBOhs4sAXAFmiSMWpSPa1ZdNdCOd_qfgS5geEx0_vc-00180.jpg": {"object_bounding_box": [480, 444, 336, 156], "object_presence": 1}, "P613--sunglasses--clutter--YsBOhs4sAXAFmiSMWpSPa1ZdNdCOd_qfgS5geEx0_vc-00181.jpg": {"object_bounding_box": [488, 448, 334, 155], "object_presence": 1}, "P613--sunglasses--clutter--YsBOhs4sAXAFmiSMWpSPa1ZdNdCOd_qfgS5geEx0_vc-00182.jpg": {"object_bounding_box": [500, 449, 334, 156], "object_presence": 1}, "P613--sunglasses--clutter--YsBOhs4sAXAFmiSMWpSPa1ZdNdCOd_qfgS5geEx0_vc-00183.jpg": {"object_bounding_box": [511, 454, 336, 155], "object_presence": 1}, "P613--sunglasses--clutter--YsBOhs4sAXAFmiSMWpSPa1ZdNdCOd_qfgS5geEx0_vc-00184.jpg": {"object_bounding_box": [510, 471, 339, 153], "object_presence": 1}}