{"P613--phone-charger--clutter--bxNiZRJO3u_prsZK_CbwbQLRATwmYa7TohruymgQDZw-00001.jpg": {"object_bounding_box": [988, 376, 92, 382], "object_presence": 1}, "P613--phone-charger--clutter--bxNiZRJO3u_prsZK_CbwbQLRATwmYa7TohruymgQDZw-00002.jpg": {"object_bounding_box": [977, 371, 103, 390], "object_presence": 1}, "P613--phone-charger--clutter--bxNiZRJO3u_prsZK_CbwbQLRATwmYa7TohruymgQDZw-00003.jpg": {"object_bounding_box": [969, 358, 111, 404], "object_presence": 1}, "P613--phone-charger--clutter--bxNiZRJO3u_prsZK_CbwbQLRATwmYa7TohruymgQDZw-00004.jpg": {"object_bounding_box": [966, 350, 114, 412], "object_presence": 1}, "P613--phone-charger--clutter--bxNiZRJO3u_prsZK_CbwbQLRATwmYa7TohruymgQDZw-00005.jpg": {"object_bounding_box": [956, 339, 124, 428], "object_presence": 1}, "P613--phone-charger--clutter--bxNiZRJO3u_prsZK_CbwbQLRATwmYa7TohruymgQDZw-00006.jpg": {"object_bounding_box": [946, 328, 134, 440], "object_presence": 1}, "P613--phone-charger--clutter--bxNiZRJO3u_prsZK_CbwbQLRATwmYa7TohruymgQDZw-00007.jpg": {"object_bounding_box": [944, 315, 136, 451], "object_presence": 1}, "P613--phone-charger--clutter--bxNiZRJO3u_prsZK_CbwbQLRATwmYa7TohruymgQDZw-00008.jpg": {"object_bounding_box": [942, 315, 138, 451], "object_presence": 1}, "P613--phone-charger--clutter--bxNiZRJO3u_prsZK_CbwbQLRATwmYa7TohruymgQDZw-00009.jpg": {"object_bounding_box": [934, 316, 146, 445], "object_presence": 1}, "P613--phone-charger--clutter--bxNiZRJO3u_prsZK_CbwbQLRATwmYa7TohruymgQDZw-00010.jpg": {"object_bounding_box": [928, 306, 152, 452], "object_presence": 1}, "P613--phone-charger--clutter--bxNiZRJO3u_prsZK_CbwbQLRATwmYa7TohruymgQDZw-00011.jpg": {"object_bounding_box": [922, 292, 158, 458], "object_presence": 1}, "P613--phone-charger--clutter--bxNiZRJO3u_prsZK_CbwbQLRATwmYa7TohruymgQDZw-00012.jpg": {"object_bounding_box": [919, 280, 161, 463], "object_presence": 1}, "P613--phone-charger--clutter--bxNiZRJO3u_prsZK_CbwbQLRATwmYa7TohruymgQDZw-00013.jpg": {"object_bounding_box": [914, 279, 166, 453], "object_presence": 1}, "P613--phone-charger--clutter--bxNiZRJO3u_prsZK_CbwbQLRATwmYa7TohruymgQDZw-00014.jpg": {"object_bounding_box": [912, 275, 168, 449], "object_presence": 1}, "P613--phone-charger--clutter--bxNiZRJO3u_prsZK_CbwbQLRATwmYa7TohruymgQDZw-00015.jpg": {"object_bounding_box": [912, 271, 168, 445], "object_presence": 1}, "P613--phone-charger--clutter--bxNiZRJO3u_prsZK_CbwbQLRATwmYa7TohruymgQDZw-00016.jpg": {"object_bounding_box": [912, 265, 168, 441], "object_presence": 1}, "P613--phone-charger--clutter--bxNiZRJO3u_prsZK_CbwbQLRATwmYa7TohruymgQDZw-00017.jpg": {"object_bounding_box": [906, 257, 174, 441], "object_presence": 1}, "P613--phone-charger--clutter--bxNiZRJO3u_prsZK_CbwbQLRATwmYa7TohruymgQDZw-00018.jpg": {"object_bounding_box": [900, 253, 180, 639], "object_presence": 1}, "P613--phone-charger--clutter--bxNiZRJO3u_prsZK_CbwbQLRATwmYa7TohruymgQDZw-00019.jpg": {"object_bounding_box": [899, 254, 181, 644], "object_presence": 1}, "P613--phone-charger--clutter--bxNiZRJO3u_prsZK_CbwbQLRATwmYa7TohruymgQDZw-00020.jpg": {"object_bounding_box": [892, 248, 188, 663], "object_presence": 1}, "P613--phone-charger--clutter--bxNiZRJO3u_prsZK_CbwbQLRATwmYa7TohruymgQDZw-00021.jpg": {"object_bounding_box": [888, 239, 192, 791], "object_presence": 1}, "P613--phone-charger--clutter--bxNiZRJO3u_prsZK_CbwbQLRATwmYa7TohruymgQDZw-00022.jpg": {"object_bounding_box": [888, 241, 192, 839], "object_presence": 1}, "P613--phone-charger--clutter--bxNiZRJO3u_prsZK_CbwbQLRATwmYa7TohruymgQDZw-00023.jpg": {"object_bounding_box": [888, 244, 192, 836], "object_presence": 1}, "P613--phone-charger--clutter--bxNiZRJO3u_prsZK_CbwbQLRATwmYa7TohruymgQDZw-00024.jpg": {"object_bounding_box": [878, 236, 202, 844], "object_presence": 1}, "P613--phone-charger--clutter--bxNiZRJO3u_prsZK_CbwbQLRATwmYa7TohruymgQDZw-00025.jpg": {"object_bounding_box": [871, 237, 209, 843], "object_presence": 1}, "P613--phone-charger--clutter--bxNiZRJO3u_prsZK_CbwbQLRATwmYa7TohruymgQDZw-00026.jpg": {"object_bounding_box": [871, 230, 209, 850], "object_presence": 1}, "P613--phone-charger--clutter--bxNiZRJO3u_prsZK_CbwbQLRATwmYa7TohruymgQDZw-00027.jpg": {"object_bounding_box": [871, 229, 209, 851], "object_presence": 1}, "P613--phone-charger--clutter--bxNiZRJO3u_prsZK_CbwbQLRATwmYa7TohruymgQDZw-00028.jpg": {"object_bounding_box": [864, 230, 216, 850], "object_presence": 1}, "P613--phone-charger--clutter--bxNiZRJO3u_prsZK_CbwbQLRATwmYa7TohruymgQDZw-00029.jpg": {"object_bounding_box": [864, 225, 216, 855], "object_presence": 1}, "P613--phone-charger--clutter--bxNiZRJO3u_prsZK_CbwbQLRATwmYa7TohruymgQDZw-00030.jpg": {"object_bounding_box": [864, 224, 216, 856], "object_presence": 1}, "P613--phone-charger--clutter--bxNiZRJO3u_prsZK_CbwbQLRATwmYa7TohruymgQDZw-00031.jpg": {"object_bounding_box": [860, 222, 220, 858], "object_presence": 1}, "P613--phone-charger--clutter--bxNiZRJO3u_prsZK_CbwbQLRATwmYa7TohruymgQDZw-00032.jpg": {"object_bounding_box": [853, 222, 227, 858], "object_presence": 1}, "P613--phone-charger--clutter--bxNiZRJO3u_prsZK_CbwbQLRATwmYa7TohruymgQDZw-00033.jpg": {"object_bounding_box": [848, 225, 232, 855], "object_presence": 1}, "P613--phone-charger--clutter--bxNiZRJO3u_prsZK_CbwbQLRATwmYa7TohruymgQDZw-00034.jpg": {"object_bounding_box": [844, 231, 236, 849], "object_presence": 1}, "P613--phone-charger--clutter--bxNiZRJO3u_prsZK_CbwbQLRATwmYa7TohruymgQDZw-00035.jpg": {"object_bounding_box": [842, 231, 238, 849], "object_presence": 1}, "P613--phone-charger--clutter--bxNiZRJO3u_prsZK_CbwbQLRATwmYa7TohruymgQDZw-00036.jpg": {"object_bounding_box": [842, 235, 238, 845], "object_presence": 1}, "P613--phone-charger--clutter--bxNiZRJO3u_prsZK_CbwbQLRATwmYa7TohruymgQDZw-00037.jpg": {"object_bounding_box": [841, 244, 239, 836], "object_presence": 1}, "P613--phone-charger--clutter--bxNiZRJO3u_prsZK_CbwbQLRATwmYa7TohruymgQDZw-00038.jpg": {"object_bounding_box": [837, 246, 243, 834], "object_presence": 1}, "P613--phone-charger--clutter--bxNiZRJO3u_prsZK_CbwbQLRATwmYa7TohruymgQDZw-00039.jpg": {"object_bounding_box": [835, 257, 245, 823], "object_presence": 1}, "P613--phone-charger--clutter--bxNiZRJO3u_prsZK_CbwbQLRATwmYa7TohruymgQDZw-00040.jpg": {"object_bounding_box": [838, 264, 242, 816], "object_presence": 1}, "P613--phone-charger--clutter--bxNiZRJO3u_prsZK_CbwbQLRATwmYa7TohruymgQDZw-00041.jpg": {"object_bounding_box": [838, 271, 242, 809], "object_presence": 1}, "P613--phone-charger--clutter--bxNiZRJO3u_prsZK_CbwbQLRATwmYa7TohruymgQDZw-00042.jpg": {"object_bounding_box": [832, 269, 248, 811], "object_presence": 1}, "P613--phone-charger--clutter--bxNiZRJO3u_prsZK_CbwbQLRATwmYa7TohruymgQDZw-00043.jpg": {"object_bounding_box": [824, 262, 256, 818], "object_presence": 1}, "P613--phone-charger--clutter--bxNiZRJO3u_prsZK_CbwbQLRATwmYa7TohruymgQDZw-00044.jpg": {"object_bounding_box": [821, 268, 259, 812], "object_presence": 1}, "P613--phone-charger--clutter--bxNiZRJO3u_prsZK_CbwbQLRATwmYa7TohruymgQDZw-00045.jpg": {"object_bounding_box": [817, 270, 263, 810], "object_presence": 1}, "P613--phone-charger--clutter--bxNiZRJO3u_prsZK_CbwbQLRATwmYa7TohruymgQDZw-00046.jpg": {"object_bounding_box": [811, 264, 269, 816], "object_presence": 1}, "P613--phone-charger--clutter--bxNiZRJO3u_prsZK_CbwbQLRATwmYa7TohruymgQDZw-00047.jpg": {"object_bounding_box": [813, 268, 267, 812], "object_presence": 1}, "P613--phone-charger--clutter--bxNiZRJO3u_prsZK_CbwbQLRATwmYa7TohruymgQDZw-00048.jpg": {"object_bounding_box": [813, 270, 267, 810], "object_presence": 1}, "P613--phone-charger--clutter--bxNiZRJO3u_prsZK_CbwbQLRATwmYa7TohruymgQDZw-00049.jpg": {"object_bounding_box": [809, 276, 271, 804], "object_presence": 1}, "P613--phone-charger--clutter--bxNiZRJO3u_prsZK_CbwbQLRATwmYa7TohruymgQDZw-00050.jpg": {"object_bounding_box": [809, 276, 271, 804], "object_presence": 1}, "P613--phone-charger--clutter--bxNiZRJO3u_prsZK_CbwbQLRATwmYa7TohruymgQDZw-00051.jpg": {"object_bounding_box": [813, 278, 267, 802], "object_presence": 1}, "P613--phone-charger--clutter--bxNiZRJO3u_prsZK_CbwbQLRATwmYa7TohruymgQDZw-00052.jpg": {"object_bounding_box": [813, 278, 267, 802], "object_presence": 1}, "P613--phone-charger--clutter--bxNiZRJO3u_prsZK_CbwbQLRATwmYa7TohruymgQDZw-00053.jpg": {"object_bounding_box": [813, 278, 267, 802], "object_presence": 1}, "P613--phone-charger--clutter--bxNiZRJO3u_prsZK_CbwbQLRATwmYa7TohruymgQDZw-00054.jpg": {"object_bounding_box": [818, 277, 262, 803], "object_presence": 1}, "P613--phone-charger--clutter--bxNiZRJO3u_prsZK_CbwbQLRATwmYa7TohruymgQDZw-00055.jpg": {"object_bounding_box": [822, 276, 258, 804], "object_presence": 1}, "P613--phone-charger--clutter--bxNiZRJO3u_prsZK_CbwbQLRATwmYa7TohruymgQDZw-00056.jpg": {"object_bounding_box": [822, 276, 258, 804], "object_presence": 1}, "P613--phone-charger--clutter--bxNiZRJO3u_prsZK_CbwbQLRATwmYa7TohruymgQDZw-00057.jpg": {"object_bounding_box": [820, 275, 260, 805], "object_presence": 1}, "P613--phone-charger--clutter--bxNiZRJO3u_prsZK_CbwbQLRATwmYa7TohruymgQDZw-00058.jpg": {"object_bounding_box": [827, 272, 253, 808], "object_presence": 1}, "P613--phone-charger--clutter--bxNiZRJO3u_prsZK_CbwbQLRATwmYa7TohruymgQDZw-00059.jpg": {"object_bounding_box": [830, 270, 250, 810], "object_presence": 1}, "P613--phone-charger--clutter--bxNiZRJO3u_prsZK_CbwbQLRATwmYa7TohruymgQDZw-00060.jpg": {"object_bounding_box": [825, 276, 255, 804], "object_presence": 1}, "P613--phone-charger--clutter--bxNiZRJO3u_prsZK_CbwbQLRATwmYa7TohruymgQDZw-00061.jpg": {"object_bounding_box": [821, 273, 259, 807], "object_presence": 1}, "P613--phone-charger--clutter--bxNiZRJO3u_prsZK_CbwbQLRATwmYa7TohruymgQDZw-00062.jpg": {"object_bounding_box": [821, 273, 259, 807], "object_presence": 1}, "P613--phone-charger--clutter--bxNiZRJO3u_prsZK_CbwbQLRATwmYa7TohruymgQDZw-00063.jpg": {"object_bounding_box": [818, 276, 262, 804], "object_presence": 1}, "P613--phone-charger--clutter--bxNiZRJO3u_prsZK_CbwbQLRATwmYa7TohruymgQDZw-00064.jpg": {"object_bounding_box": [813, 275, 267, 805], "object_presence": 1}, "P613--phone-charger--clutter--bxNiZRJO3u_prsZK_CbwbQLRATwmYa7TohruymgQDZw-00065.jpg": {"object_bounding_box": [811, 273, 269, 807], "object_presence": 1}, "P613--phone-charger--clutter--bxNiZRJO3u_prsZK_CbwbQLRATwmYa7TohruymgQDZw-00066.jpg": {"object_bounding_box": [811, 273, 269, 807], "object_presence": 1}, "P613--phone-charger--clutter--bxNiZRJO3u_prsZK_CbwbQLRATwmYa7TohruymgQDZw-00067.jpg": {"object_bounding_box": [810, 279, 270, 801], "object_presence": 1}, "P613--phone-charger--clutter--bxNiZRJO3u_prsZK_CbwbQLRATwmYa7TohruymgQDZw-00068.jpg": {"object_bounding_box": [809, 281, 271, 799], "object_presence": 1}, "P613--phone-charger--clutter--bxNiZRJO3u_prsZK_CbwbQLRATwmYa7TohruymgQDZw-00069.jpg": {"object_bounding_box": [809, 283, 271, 797], "object_presence": 1}, "P613--phone-charger--clutter--bxNiZRJO3u_prsZK_CbwbQLRATwmYa7TohruymgQDZw-00070.jpg": {"object_bounding_box": [809, 284, 271, 796], "object_presence": 1}, "P613--phone-charger--clutter--bxNiZRJO3u_prsZK_CbwbQLRATwmYa7TohruymgQDZw-00071.jpg": {"object_bounding_box": [809, 284, 271, 796], "object_presence": 1}, "P613--phone-charger--clutter--bxNiZRJO3u_prsZK_CbwbQLRATwmYa7TohruymgQDZw-00072.jpg": {"object_bounding_box": [809, 290, 271, 790], "object_presence": 1}, "P613--phone-charger--clutter--bxNiZRJO3u_prsZK_CbwbQLRATwmYa7TohruymgQDZw-00073.jpg": {"object_bounding_box": [804, 294, 276, 786], "object_presence": 1}, "P613--phone-charger--clutter--bxNiZRJO3u_prsZK_CbwbQLRATwmYa7TohruymgQDZw-00074.jpg": {"object_bounding_box": [799, 300, 281, 780], "object_presence": 1}, "P613--phone-charger--clutter--bxNiZRJO3u_prsZK_CbwbQLRATwmYa7TohruymgQDZw-00075.jpg": {"object_bounding_box": [796, 302, 280, 778], "object_presence": 1}, "P613--phone-charger--clutter--bxNiZRJO3u_prsZK_CbwbQLRATwmYa7TohruymgQDZw-00076.jpg": {"object_bounding_box": [796, 303, 278, 777], "object_presence": 1}, "P613--phone-charger--clutter--bxNiZRJO3u_prsZK_CbwbQLRATwmYa7TohruymgQDZw-00077.jpg": {"object_bounding_box": [796, 305, 274, 775], "object_presence": 1}, "P613--phone-charger--clutter--bxNiZRJO3u_prsZK_CbwbQLRATwmYa7TohruymgQDZw-00078.jpg": {"object_bounding_box": [793, 310, 273, 770], "object_presence": 1}, "P613--phone-charger--clutter--bxNiZRJO3u_prsZK_CbwbQLRATwmYa7TohruymgQDZw-00079.jpg": {"object_bounding_box": [791, 315, 269, 765], "object_presence": 1}, "P613--phone-charger--clutter--bxNiZRJO3u_prsZK_CbwbQLRATwmYa7TohruymgQDZw-00080.jpg": {"object_bounding_box": [785, 320, 265, 760], "object_presence": 1}, "P613--phone-charger--clutter--bxNiZRJO3u_prsZK_CbwbQLRATwmYa7TohruymgQDZw-00081.jpg": {"object_bounding_box": [784, 324, 264, 756], "object_presence": 1}, "P613--phone-charger--clutter--bxNiZRJO3u_prsZK_CbwbQLRATwmYa7TohruymgQDZw-00082.jpg": {"object_bounding_box": [782, 326, 261, 754], "object_presence": 1}, "P613--phone-charger--clutter--bxNiZRJO3u_prsZK_CbwbQLRATwmYa7TohruymgQDZw-00083.jpg": {"object_bounding_box": [782, 331, 258, 749], "object_presence": 1}, "P613--phone-charger--clutter--bxNiZRJO3u_prsZK_CbwbQLRATwmYa7TohruymgQDZw-00084.jpg": {"object_bounding_box": [782, 334, 257, 746], "object_presence": 1}, "P613--phone-charger--clutter--bxNiZRJO3u_prsZK_CbwbQLRATwmYa7TohruymgQDZw-00085.jpg": {"object_bounding_box": [785, 334, 255, 746], "object_presence": 1}, "P613--phone-charger--clutter--bxNiZRJO3u_prsZK_CbwbQLRATwmYa7TohruymgQDZw-00086.jpg": {"object_bounding_box": [788, 336, 251, 744], "object_presence": 1}, "P613--phone-charger--clutter--bxNiZRJO3u_prsZK_CbwbQLRATwmYa7TohruymgQDZw-00087.jpg": {"object_bounding_box": [785, 336, 251, 744], "object_presence": 1}, "P613--phone-charger--clutter--bxNiZRJO3u_prsZK_CbwbQLRATwmYa7TohruymgQDZw-00088.jpg": {"object_bounding_box": [782, 338, 248, 742], "object_presence": 1}, "P613--phone-charger--clutter--bxNiZRJO3u_prsZK_CbwbQLRATwmYa7TohruymgQDZw-00089.jpg": {"object_bounding_box": [782, 342, 248, 738], "object_presence": 1}, "P613--phone-charger--clutter--bxNiZRJO3u_prsZK_CbwbQLRATwmYa7TohruymgQDZw-00090.jpg": {"object_bounding_box": [783, 342, 247, 738], "object_presence": 1}, "P613--phone-charger--clutter--bxNiZRJO3u_prsZK_CbwbQLRATwmYa7TohruymgQDZw-00091.jpg": {"object_bounding_box": [778, 340, 251, 740], "object_presence": 1}, "P613--phone-charger--clutter--bxNiZRJO3u_prsZK_CbwbQLRATwmYa7TohruymgQDZw-00092.jpg": {"object_bounding_box": [774, 340, 256, 740], "object_presence": 1}, "P613--phone-charger--clutter--bxNiZRJO3u_prsZK_CbwbQLRATwmYa7TohruymgQDZw-00093.jpg": {"object_bounding_box": [769, 338, 258, 742], "object_presence": 1}, "P613--phone-charger--clutter--bxNiZRJO3u_prsZK_CbwbQLRATwmYa7TohruymgQDZw-00094.jpg": {"object_bounding_box": [765, 339, 260, 741], "object_presence": 1}, "P613--phone-charger--clutter--bxNiZRJO3u_prsZK_CbwbQLRATwmYa7TohruymgQDZw-00095.jpg": {"object_bounding_box": [765, 341, 257, 739], "object_presence": 1}, "P613--phone-charger--clutter--bxNiZRJO3u_prsZK_CbwbQLRATwmYa7TohruymgQDZw-00096.jpg": {"object_bounding_box": [763, 341, 256, 739], "object_presence": 1}, "P613--phone-charger--clutter--bxNiZRJO3u_prsZK_CbwbQLRATwmYa7TohruymgQDZw-00097.jpg": {"object_bounding_box": [747, 338, 262, 742], "object_presence": 1}, "P613--phone-charger--clutter--bxNiZRJO3u_prsZK_CbwbQLRATwmYa7TohruymgQDZw-00098.jpg": {"object_bounding_box": [742, 336, 260, 744], "object_presence": 1}, "P613--phone-charger--clutter--bxNiZRJO3u_prsZK_CbwbQLRATwmYa7TohruymgQDZw-00099.jpg": {"object_bounding_box": [738, 334, 266, 746], "object_presence": 1}, "P613--phone-charger--clutter--bxNiZRJO3u_prsZK_CbwbQLRATwmYa7TohruymgQDZw-00100.jpg": {"object_bounding_box": [737, 333, 270, 747], "object_presence": 1}, "P613--phone-charger--clutter--bxNiZRJO3u_prsZK_CbwbQLRATwmYa7TohruymgQDZw-00101.jpg": {"object_bounding_box": [737, 333, 270, 747], "object_presence": 1}, "P613--phone-charger--clutter--bxNiZRJO3u_prsZK_CbwbQLRATwmYa7TohruymgQDZw-00102.jpg": {"object_bounding_box": [741, 336, 268, 744], "object_presence": 1}, "P613--phone-charger--clutter--bxNiZRJO3u_prsZK_CbwbQLRATwmYa7TohruymgQDZw-00103.jpg": {"object_bounding_box": [745, 336, 268, 744], "object_presence": 1}, "P613--phone-charger--clutter--bxNiZRJO3u_prsZK_CbwbQLRATwmYa7TohruymgQDZw-00104.jpg": {"object_bounding_box": [747, 342, 265, 738], "object_presence": 1}, "P613--phone-charger--clutter--bxNiZRJO3u_prsZK_CbwbQLRATwmYa7TohruymgQDZw-00105.jpg": {"object_bounding_box": [747, 348, 263, 732], "object_presence": 1}, "P613--phone-charger--clutter--bxNiZRJO3u_prsZK_CbwbQLRATwmYa7TohruymgQDZw-00106.jpg": {"object_bounding_box": [747, 354, 261, 726], "object_presence": 1}, "P613--phone-charger--clutter--bxNiZRJO3u_prsZK_CbwbQLRATwmYa7TohruymgQDZw-00107.jpg": {"object_bounding_box": [746, 354, 261, 726], "object_presence": 1}, "P613--phone-charger--clutter--bxNiZRJO3u_prsZK_CbwbQLRATwmYa7TohruymgQDZw-00108.jpg": {"object_bounding_box": [745, 354, 257, 726], "object_presence": 1}, "P613--phone-charger--clutter--bxNiZRJO3u_prsZK_CbwbQLRATwmYa7TohruymgQDZw-00109.jpg": {"object_bounding_box": [743, 360, 252, 720], "object_presence": 1}, "P613--phone-charger--clutter--bxNiZRJO3u_prsZK_CbwbQLRATwmYa7TohruymgQDZw-00110.jpg": {"object_bounding_box": [741, 361, 251, 719], "object_presence": 1}, "P613--phone-charger--clutter--bxNiZRJO3u_prsZK_CbwbQLRATwmYa7TohruymgQDZw-00111.jpg": {"object_bounding_box": [739, 364, 248, 716], "object_presence": 1}, "P613--phone-charger--clutter--bxNiZRJO3u_prsZK_CbwbQLRATwmYa7TohruymgQDZw-00112.jpg": {"object_bounding_box": [727, 366, 247, 714], "object_presence": 1}, "P613--phone-charger--clutter--bxNiZRJO3u_prsZK_CbwbQLRATwmYa7TohruymgQDZw-00113.jpg": {"object_bounding_box": [720, 370, 243, 710], "object_presence": 1}, "P613--phone-charger--clutter--bxNiZRJO3u_prsZK_CbwbQLRATwmYa7TohruymgQDZw-00114.jpg": {"object_bounding_box": [718, 376, 237, 704], "object_presence": 1}, "P613--phone-charger--clutter--bxNiZRJO3u_prsZK_CbwbQLRATwmYa7TohruymgQDZw-00115.jpg": {"object_bounding_box": [713, 380, 236, 700], "object_presence": 1}, "P613--phone-charger--clutter--bxNiZRJO3u_prsZK_CbwbQLRATwmYa7TohruymgQDZw-00116.jpg": {"object_bounding_box": [709, 384, 236, 696], "object_presence": 1}, "P613--phone-charger--clutter--bxNiZRJO3u_prsZK_CbwbQLRATwmYa7TohruymgQDZw-00117.jpg": {"object_bounding_box": [703, 389, 236, 691], "object_presence": 1}, "P613--phone-charger--clutter--bxNiZRJO3u_prsZK_CbwbQLRATwmYa7TohruymgQDZw-00118.jpg": {"object_bounding_box": [704, 391, 232, 689], "object_presence": 1}, "P613--phone-charger--clutter--bxNiZRJO3u_prsZK_CbwbQLRATwmYa7TohruymgQDZw-00119.jpg": {"object_bounding_box": [699, 393, 232, 687], "object_presence": 1}, "P613--phone-charger--clutter--bxNiZRJO3u_prsZK_CbwbQLRATwmYa7TohruymgQDZw-00120.jpg": {"object_bounding_box": [699, 398, 230, 682], "object_presence": 1}, "P613--phone-charger--clutter--bxNiZRJO3u_prsZK_CbwbQLRATwmYa7TohruymgQDZw-00121.jpg": {"object_bounding_box": [699, 400, 229, 680], "object_presence": 1}, "P613--phone-charger--clutter--bxNiZRJO3u_prsZK_CbwbQLRATwmYa7TohruymgQDZw-00122.jpg": {"object_bounding_box": [692, 398, 229, 682], "object_presence": 1}, "P613--phone-charger--clutter--bxNiZRJO3u_prsZK_CbwbQLRATwmYa7TohruymgQDZw-00123.jpg": {"object_bounding_box": [681, 394, 231, 686], "object_presence": 1}, "P613--phone-charger--clutter--bxNiZRJO3u_prsZK_CbwbQLRATwmYa7TohruymgQDZw-00124.jpg": {"object_bounding_box": [675, 394, 231, 686], "object_presence": 1}, "P613--phone-charger--clutter--bxNiZRJO3u_prsZK_CbwbQLRATwmYa7TohruymgQDZw-00125.jpg": {"object_bounding_box": [673, 392, 231, 688], "object_presence": 1}, "P613--phone-charger--clutter--bxNiZRJO3u_prsZK_CbwbQLRATwmYa7TohruymgQDZw-00126.jpg": {"object_bounding_box": [669, 392, 231, 688], "object_presence": 1}, "P613--phone-charger--clutter--bxNiZRJO3u_prsZK_CbwbQLRATwmYa7TohruymgQDZw-00127.jpg": {"object_bounding_box": [667, 393, 231, 687], "object_presence": 1}, "P613--phone-charger--clutter--bxNiZRJO3u_prsZK_CbwbQLRATwmYa7TohruymgQDZw-00128.jpg": {"object_bounding_box": [668, 397, 231, 683], "object_presence": 1}, "P613--phone-charger--clutter--bxNiZRJO3u_prsZK_CbwbQLRATwmYa7TohruymgQDZw-00129.jpg": {"object_bounding_box": [670, 400, 231, 680], "object_presence": 1}, "P613--phone-charger--clutter--bxNiZRJO3u_prsZK_CbwbQLRATwmYa7TohruymgQDZw-00130.jpg": {"object_bounding_box": [668, 404, 227, 676], "object_presence": 1}, "P613--phone-charger--clutter--bxNiZRJO3u_prsZK_CbwbQLRATwmYa7TohruymgQDZw-00131.jpg": {"object_bounding_box": [660, 411, 220, 669], "object_presence": 1}, "P613--phone-charger--clutter--bxNiZRJO3u_prsZK_CbwbQLRATwmYa7TohruymgQDZw-00132.jpg": {"object_bounding_box": [656, 417, 214, 663], "object_presence": 1}, "P613--phone-charger--clutter--bxNiZRJO3u_prsZK_CbwbQLRATwmYa7TohruymgQDZw-00133.jpg": {"object_bounding_box": [657, 423, 214, 657], "object_presence": 1}, "P613--phone-charger--clutter--bxNiZRJO3u_prsZK_CbwbQLRATwmYa7TohruymgQDZw-00134.jpg": {"object_bounding_box": [659, 423, 214, 657], "object_presence": 1}, "P613--phone-charger--clutter--bxNiZRJO3u_prsZK_CbwbQLRATwmYa7TohruymgQDZw-00135.jpg": {"object_bounding_box": [657, 426, 212, 654], "object_presence": 1}, "P613--phone-charger--clutter--bxNiZRJO3u_prsZK_CbwbQLRATwmYa7TohruymgQDZw-00136.jpg": {"object_bounding_box": [655, 429, 212, 651], "object_presence": 1}, "P613--phone-charger--clutter--bxNiZRJO3u_prsZK_CbwbQLRATwmYa7TohruymgQDZw-00137.jpg": {"object_bounding_box": [656, 431, 208, 649], "object_presence": 1}, "P613--phone-charger--clutter--bxNiZRJO3u_prsZK_CbwbQLRATwmYa7TohruymgQDZw-00138.jpg": {"object_bounding_box": [656, 426, 211, 654], "object_presence": 1}, "P613--phone-charger--clutter--bxNiZRJO3u_prsZK_CbwbQLRATwmYa7TohruymgQDZw-00139.jpg": {"object_bounding_box": [657, 426, 211, 654], "object_presence": 1}, "P613--phone-charger--clutter--bxNiZRJO3u_prsZK_CbwbQLRATwmYa7TohruymgQDZw-00140.jpg": {"object_bounding_box": [657, 428, 209, 652], "object_presence": 1}, "P613--phone-charger--clutter--bxNiZRJO3u_prsZK_CbwbQLRATwmYa7TohruymgQDZw-00141.jpg": {"object_bounding_box": [655, 426, 209, 654], "object_presence": 1}, "P613--phone-charger--clutter--bxNiZRJO3u_prsZK_CbwbQLRATwmYa7TohruymgQDZw-00142.jpg": {"object_bounding_box": [647, 426, 218, 654], "object_presence": 1}, "P613--phone-charger--clutter--bxNiZRJO3u_prsZK_CbwbQLRATwmYa7TohruymgQDZw-00143.jpg": {"object_bounding_box": [658, 431, 207, 649], "object_presence": 1}, "P613--phone-charger--clutter--bxNiZRJO3u_prsZK_CbwbQLRATwmYa7TohruymgQDZw-00144.jpg": {"object_bounding_box": [658, 433, 205, 647], "object_presence": 1}, "P613--phone-charger--clutter--bxNiZRJO3u_prsZK_CbwbQLRATwmYa7TohruymgQDZw-00145.jpg": {"object_bounding_box": [651, 431, 204, 649], "object_presence": 1}, "P613--phone-charger--clutter--bxNiZRJO3u_prsZK_CbwbQLRATwmYa7TohruymgQDZw-00146.jpg": {"object_bounding_box": [641, 428, 204, 652], "object_presence": 1}, "P613--phone-charger--clutter--bxNiZRJO3u_prsZK_CbwbQLRATwmYa7TohruymgQDZw-00147.jpg": {"object_bounding_box": [637, 431, 200, 649], "object_presence": 1}, "P613--phone-charger--clutter--bxNiZRJO3u_prsZK_CbwbQLRATwmYa7TohruymgQDZw-00148.jpg": {"object_bounding_box": [626, 433, 197, 647], "object_presence": 1}, "P613--phone-charger--clutter--bxNiZRJO3u_prsZK_CbwbQLRATwmYa7TohruymgQDZw-00149.jpg": {"object_bounding_box": [620, 431, 195, 649], "object_presence": 1}, "P613--phone-charger--clutter--bxNiZRJO3u_prsZK_CbwbQLRATwmYa7TohruymgQDZw-00150.jpg": {"object_bounding_box": [620, 427, 197, 653], "object_presence": 1}, "P613--phone-charger--clutter--bxNiZRJO3u_prsZK_CbwbQLRATwmYa7TohruymgQDZw-00151.jpg": {"object_bounding_box": [620, 427, 197, 653], "object_presence": 1}, "P613--phone-charger--clutter--bxNiZRJO3u_prsZK_CbwbQLRATwmYa7TohruymgQDZw-00152.jpg": {"object_bounding_box": [618, 429, 196, 651], "object_presence": 1}, "P613--phone-charger--clutter--bxNiZRJO3u_prsZK_CbwbQLRATwmYa7TohruymgQDZw-00153.jpg": {"object_bounding_box": [619, 430, 196, 650], "object_presence": 1}, "P613--phone-charger--clutter--bxNiZRJO3u_prsZK_CbwbQLRATwmYa7TohruymgQDZw-00154.jpg": {"object_bounding_box": [620, 433, 196, 647], "object_presence": 1}, "P613--phone-charger--clutter--bxNiZRJO3u_prsZK_CbwbQLRATwmYa7TohruymgQDZw-00155.jpg": {"object_bounding_box": [621, 434, 194, 646], "object_presence": 1}, "P613--phone-charger--clutter--bxNiZRJO3u_prsZK_CbwbQLRATwmYa7TohruymgQDZw-00156.jpg": {"object_bounding_box": [621, 434, 194, 646], "object_presence": 1}, "P613--phone-charger--clutter--bxNiZRJO3u_prsZK_CbwbQLRATwmYa7TohruymgQDZw-00157.jpg": {"object_bounding_box": [625, 435, 194, 645], "object_presence": 1}, "P613--phone-charger--clutter--bxNiZRJO3u_prsZK_CbwbQLRATwmYa7TohruymgQDZw-00158.jpg": {"object_bounding_box": [627, 436, 194, 644], "object_presence": 1}, "P613--phone-charger--clutter--bxNiZRJO3u_prsZK_CbwbQLRATwmYa7TohruymgQDZw-00159.jpg": {"object_bounding_box": [627, 437, 195, 643], "object_presence": 1}, "P613--phone-charger--clutter--bxNiZRJO3u_prsZK_CbwbQLRATwmYa7TohruymgQDZw-00160.jpg": {"object_bounding_box": [627, 439, 197, 641], "object_presence": 1}, "P613--phone-charger--clutter--bxNiZRJO3u_prsZK_CbwbQLRATwmYa7TohruymgQDZw-00161.jpg": {"object_bounding_box": [628, 440, 196, 640], "object_presence": 1}, "P613--phone-charger--clutter--bxNiZRJO3u_prsZK_CbwbQLRATwmYa7TohruymgQDZw-00162.jpg": {"object_bounding_box": [628, 440, 196, 640], "object_presence": 1}, "P613--phone-charger--clutter--bxNiZRJO3u_prsZK_CbwbQLRATwmYa7TohruymgQDZw-00163.jpg": {"object_bounding_box": [628, 442, 202, 638], "object_presence": 1}, "P613--phone-charger--clutter--bxNiZRJO3u_prsZK_CbwbQLRATwmYa7TohruymgQDZw-00164.jpg": {"object_bounding_box": [648, 450, 190, 630], "object_presence": 1}, "P613--phone-charger--clutter--bxNiZRJO3u_prsZK_CbwbQLRATwmYa7TohruymgQDZw-00165.jpg": {"object_bounding_box": [651, 452, 190, 628], "object_presence": 1}, "P613--phone-charger--clutter--bxNiZRJO3u_prsZK_CbwbQLRATwmYa7TohruymgQDZw-00166.jpg": {"object_bounding_box": [653, 450, 190, 630], "object_presence": 1}, "P613--phone-charger--clutter--bxNiZRJO3u_prsZK_CbwbQLRATwmYa7TohruymgQDZw-00167.jpg": {"object_bounding_box": [656, 451, 191, 629], "object_presence": 1}, "P613--phone-charger--clutter--bxNiZRJO3u_prsZK_CbwbQLRATwmYa7TohruymgQDZw-00168.jpg": {"object_bounding_box": [656, 454, 191, 626], "object_presence": 1}}