{"P613--fish-food--clutter--l8WRyWFXERXiEKVXq6jeUX5L98uWX4KKrukkk4B7B3s-00001.jpg": {"object_bounding_box": [920, 457, 235, 332], "object_presence": 1}, "P613--fish-food--clutter--l8WRyWFXERXiEKVXq6jeUX5L98uWX4KKrukkk4B7B3s-00002.jpg": {"object_bounding_box": [912, 456, 236, 333], "object_presence": 1}, "P613--fish-food--clutter--l8WRyWFXERXiEKVXq6jeUX5L98uWX4KKrukkk4B7B3s-00003.jpg": {"object_bounding_box": [909, 454, 232, 332], "object_presence": 1}, "P613--fish-food--clutter--l8WRyWFXERXiEKVXq6jeUX5L98uWX4KKrukkk4B7B3s-00004.jpg": {"object_bounding_box": [909, 454, 232, 333], "object_presence": 1}, "P613--fish-food--clutter--l8WRyWFXERXiEKVXq6jeUX5L98uWX4KKrukkk4B7B3s-00005.jpg": {"object_bounding_box": [904, 454, 237, 333], "object_presence": 1}, "P613--fish-food--clutter--l8WRyWFXERXiEKVXq6jeUX5L98uWX4KKrukkk4B7B3s-00006.jpg": {"object_bounding_box": [904, 456, 237, 337], "object_presence": 1}, "P613--fish-food--clutter--l8WRyWFXERXiEKVXq6jeUX5L98uWX4KKrukkk4B7B3s-00007.jpg": {"object_bounding_box": [903, 459, 234, 334], "object_presence": 1}, "P613--fish-food--clutter--l8WRyWFXERXiEKVXq6jeUX5L98uWX4KKrukkk4B7B3s-00008.jpg": {"object_bounding_box": [904, 460, 231, 336], "object_presence": 1}, "P613--fish-food--clutter--l8WRyWFXERXiEKVXq6jeUX5L98uWX4KKrukkk4B7B3s-00009.jpg": {"object_bounding_box": [905, 460, 234, 336], "object_presence": 1}, "P613--fish-food--clutter--l8WRyWFXERXiEKVXq6jeUX5L98uWX4KKrukkk4B7B3s-00010.jpg": {"object_bounding_box": [905, 462, 234, 333], "object_presence": 1}, "P613--fish-food--clutter--l8WRyWFXERXiEKVXq6jeUX5L98uWX4KKrukkk4B7B3s-00011.jpg": {"object_bounding_box": [905, 460, 234, 336], "object_presence": 1}, "P613--fish-food--clutter--l8WRyWFXERXiEKVXq6jeUX5L98uWX4KKrukkk4B7B3s-00012.jpg": {"object_bounding_box": [904, 463, 231, 331], "object_presence": 1}, "P613--fish-food--clutter--l8WRyWFXERXiEKVXq6jeUX5L98uWX4KKrukkk4B7B3s-00013.jpg": {"object_bounding_box": [903, 463, 229, 332], "object_presence": 1}, "P613--fish-food--clutter--l8WRyWFXERXiEKVXq6jeUX5L98uWX4KKrukkk4B7B3s-00014.jpg": {"object_bounding_box": [902, 463, 231, 331], "object_presence": 1}, "P613--fish-food--clutter--l8WRyWFXERXiEKVXq6jeUX5L98uWX4KKrukkk4B7B3s-00015.jpg": {"object_bounding_box": [901, 460, 225, 336], "object_presence": 1}, "P613--fish-food--clutter--l8WRyWFXERXiEKVXq6jeUX5L98uWX4KKrukkk4B7B3s-00016.jpg": {"object_bounding_box": [901, 457, 228, 330], "object_presence": 1}, "P613--fish-food--clutter--l8WRyWFXERXiEKVXq6jeUX5L98uWX4KKrukkk4B7B3s-00017.jpg": {"object_bounding_box": [904, 457, 227, 330], "object_presence": 1}, "P613--fish-food--clutter--l8WRyWFXERXiEKVXq6jeUX5L98uWX4KKrukkk4B7B3s-00018.jpg": {"object_bounding_box": [906, 457, 224, 330], "object_presence": 1}, "P613--fish-food--clutter--l8WRyWFXERXiEKVXq6jeUX5L98uWX4KKrukkk4B7B3s-00019.jpg": {"object_bounding_box": [904, 457, 227, 330], "object_presence": 1}, "P613--fish-food--clutter--l8WRyWFXERXiEKVXq6jeUX5L98uWX4KKrukkk4B7B3s-00020.jpg": {"object_bounding_box": [904, 457, 227, 330], "object_presence": 1}, "P613--fish-food--clutter--l8WRyWFXERXiEKVXq6jeUX5L98uWX4KKrukkk4B7B3s-00021.jpg": {"object_bounding_box": [903, 457, 224, 330], "object_presence": 1}, "P613--fish-food--clutter--l8WRyWFXERXiEKVXq6jeUX5L98uWX4KKrukkk4B7B3s-00022.jpg": {"object_bounding_box": [899, 462, 224, 320], "object_presence": 1}, "P613--fish-food--clutter--l8WRyWFXERXiEKVXq6jeUX5L98uWX4KKrukkk4B7B3s-00023.jpg": {"object_bounding_box": [894, 462, 225, 320], "object_presence": 1}, "P613--fish-food--clutter--l8WRyWFXERXiEKVXq6jeUX5L98uWX4KKrukkk4B7B3s-00024.jpg": {"object_bounding_box": [889, 462, 223, 320], "object_presence": 1}, "P613--fish-food--clutter--l8WRyWFXERXiEKVXq6jeUX5L98uWX4KKrukkk4B7B3s-00025.jpg": {"object_bounding_box": [887, 462, 223, 322], "object_presence": 1}, "P613--fish-food--clutter--l8WRyWFXERXiEKVXq6jeUX5L98uWX4KKrukkk4B7B3s-00026.jpg": {"object_bounding_box": [883, 463, 221, 325], "object_presence": 1}, "P613--fish-food--clutter--l8WRyWFXERXiEKVXq6jeUX5L98uWX4KKrukkk4B7B3s-00027.jpg": {"object_bounding_box": [880, 462, 219, 322], "object_presence": 1}, "P613--fish-food--clutter--l8WRyWFXERXiEKVXq6jeUX5L98uWX4KKrukkk4B7B3s-00028.jpg": {"object_bounding_box": [878, 465, 222, 321], "object_presence": 1}, "P613--fish-food--clutter--l8WRyWFXERXiEKVXq6jeUX5L98uWX4KKrukkk4B7B3s-00029.jpg": {"object_bounding_box": [879, 463, 221, 320], "object_presence": 1}, "P613--fish-food--clutter--l8WRyWFXERXiEKVXq6jeUX5L98uWX4KKrukkk4B7B3s-00030.jpg": {"object_bounding_box": [880, 463, 219, 320], "object_presence": 1}, "P613--fish-food--clutter--l8WRyWFXERXiEKVXq6jeUX5L98uWX4KKrukkk4B7B3s-00031.jpg": {"object_bounding_box": [877, 463, 220, 314], "object_presence": 1}, "P613--fish-food--clutter--l8WRyWFXERXiEKVXq6jeUX5L98uWX4KKrukkk4B7B3s-00032.jpg": {"object_bounding_box": [877, 462, 218, 318], "object_presence": 1}, "P613--fish-food--clutter--l8WRyWFXERXiEKVXq6jeUX5L98uWX4KKrukkk4B7B3s-00033.jpg": {"object_bounding_box": [875, 464, 219, 314], "object_presence": 1}, "P613--fish-food--clutter--l8WRyWFXERXiEKVXq6jeUX5L98uWX4KKrukkk4B7B3s-00034.jpg": {"object_bounding_box": [872, 466, 216, 304], "object_presence": 1}, "P613--fish-food--clutter--l8WRyWFXERXiEKVXq6jeUX5L98uWX4KKrukkk4B7B3s-00035.jpg": {"object_bounding_box": [870, 464, 212, 308], "object_presence": 1}, "P613--fish-food--clutter--l8WRyWFXERXiEKVXq6jeUX5L98uWX4KKrukkk4B7B3s-00036.jpg": {"object_bounding_box": [870, 463, 213, 313], "object_presence": 1}, "P613--fish-food--clutter--l8WRyWFXERXiEKVXq6jeUX5L98uWX4KKrukkk4B7B3s-00037.jpg": {"object_bounding_box": [867, 462, 211, 310], "object_presence": 1}, "P613--fish-food--clutter--l8WRyWFXERXiEKVXq6jeUX5L98uWX4KKrukkk4B7B3s-00038.jpg": {"object_bounding_box": [866, 462, 210, 299], "object_presence": 1}, "P613--fish-food--clutter--l8WRyWFXERXiEKVXq6jeUX5L98uWX4KKrukkk4B7B3s-00039.jpg": {"object_bounding_box": [862, 458, 210, 306], "object_presence": 1}, "P613--fish-food--clutter--l8WRyWFXERXiEKVXq6jeUX5L98uWX4KKrukkk4B7B3s-00040.jpg": {"object_bounding_box": [860, 457, 206, 301], "object_presence": 1}, "P613--fish-food--clutter--l8WRyWFXERXiEKVXq6jeUX5L98uWX4KKrukkk4B7B3s-00041.jpg": {"object_bounding_box": [860, 458, 206, 304], "object_presence": 1}, "P613--fish-food--clutter--l8WRyWFXERXiEKVXq6jeUX5L98uWX4KKrukkk4B7B3s-00042.jpg": {"object_bounding_box": [858, 457, 208, 305], "object_presence": 1}, "P613--fish-food--clutter--l8WRyWFXERXiEKVXq6jeUX5L98uWX4KKrukkk4B7B3s-00043.jpg": {"object_bounding_box": [859, 457, 205, 302], "object_presence": 1}, "P613--fish-food--clutter--l8WRyWFXERXiEKVXq6jeUX5L98uWX4KKrukkk4B7B3s-00044.jpg": {"object_bounding_box": [859, 457, 205, 302], "object_presence": 1}, "P613--fish-food--clutter--l8WRyWFXERXiEKVXq6jeUX5L98uWX4KKrukkk4B7B3s-00045.jpg": {"object_bounding_box": [861, 456, 202, 299], "object_presence": 1}, "P613--fish-food--clutter--l8WRyWFXERXiEKVXq6jeUX5L98uWX4KKrukkk4B7B3s-00046.jpg": {"object_bounding_box": [860, 455, 203, 298], "object_presence": 1}, "P613--fish-food--clutter--l8WRyWFXERXiEKVXq6jeUX5L98uWX4KKrukkk4B7B3s-00047.jpg": {"object_bounding_box": [857, 451, 203, 296], "object_presence": 1}, "P613--fish-food--clutter--l8WRyWFXERXiEKVXq6jeUX5L98uWX4KKrukkk4B7B3s-00048.jpg": {"object_bounding_box": [857, 451, 202, 295], "object_presence": 1}, "P613--fish-food--clutter--l8WRyWFXERXiEKVXq6jeUX5L98uWX4KKrukkk4B7B3s-00049.jpg": {"object_bounding_box": [858, 449, 201, 291], "object_presence": 1}, "P613--fish-food--clutter--l8WRyWFXERXiEKVXq6jeUX5L98uWX4KKrukkk4B7B3s-00050.jpg": {"object_bounding_box": [857, 450, 203, 292], "object_presence": 1}, "P613--fish-food--clutter--l8WRyWFXERXiEKVXq6jeUX5L98uWX4KKrukkk4B7B3s-00051.jpg": {"object_bounding_box": [859, 450, 198, 293], "object_presence": 1}, "P613--fish-food--clutter--l8WRyWFXERXiEKVXq6jeUX5L98uWX4KKrukkk4B7B3s-00052.jpg": {"object_bounding_box": [857, 453, 196, 285], "object_presence": 1}, "P613--fish-food--clutter--l8WRyWFXERXiEKVXq6jeUX5L98uWX4KKrukkk4B7B3s-00053.jpg": {"object_bounding_box": [857, 454, 194, 284], "object_presence": 1}, "P613--fish-food--clutter--l8WRyWFXERXiEKVXq6jeUX5L98uWX4KKrukkk4B7B3s-00054.jpg": {"object_bounding_box": [857, 451, 196, 290], "object_presence": 1}, "P613--fish-food--clutter--l8WRyWFXERXiEKVXq6jeUX5L98uWX4KKrukkk4B7B3s-00055.jpg": {"object_bounding_box": [854, 454, 193, 282], "object_presence": 1}, "P613--fish-food--clutter--l8WRyWFXERXiEKVXq6jeUX5L98uWX4KKrukkk4B7B3s-00056.jpg": {"object_bounding_box": [851, 453, 192, 282], "object_presence": 1}, "P613--fish-food--clutter--l8WRyWFXERXiEKVXq6jeUX5L98uWX4KKrukkk4B7B3s-00057.jpg": {"object_bounding_box": [851, 453, 192, 281], "object_presence": 1}, "P613--fish-food--clutter--l8WRyWFXERXiEKVXq6jeUX5L98uWX4KKrukkk4B7B3s-00058.jpg": {"object_bounding_box": [848, 452, 189, 284], "object_presence": 1}, "P613--fish-food--clutter--l8WRyWFXERXiEKVXq6jeUX5L98uWX4KKrukkk4B7B3s-00059.jpg": {"object_bounding_box": [844, 452, 191, 279], "object_presence": 1}, "P613--fish-food--clutter--l8WRyWFXERXiEKVXq6jeUX5L98uWX4KKrukkk4B7B3s-00060.jpg": {"object_bounding_box": [838, 453, 191, 280], "object_presence": 1}, "P613--fish-food--clutter--l8WRyWFXERXiEKVXq6jeUX5L98uWX4KKrukkk4B7B3s-00061.jpg": {"object_bounding_box": [833, 454, 187, 278], "object_presence": 1}, "P613--fish-food--clutter--l8WRyWFXERXiEKVXq6jeUX5L98uWX4KKrukkk4B7B3s-00062.jpg": {"object_bounding_box": [829, 452, 182, 274], "object_presence": 1}, "P613--fish-food--clutter--l8WRyWFXERXiEKVXq6jeUX5L98uWX4KKrukkk4B7B3s-00063.jpg": {"object_bounding_box": [828, 453, 179, 273], "object_presence": 1}, "P613--fish-food--clutter--l8WRyWFXERXiEKVXq6jeUX5L98uWX4KKrukkk4B7B3s-00064.jpg": {"object_bounding_box": [825, 452, 183, 272], "object_presence": 1}, "P613--fish-food--clutter--l8WRyWFXERXiEKVXq6jeUX5L98uWX4KKrukkk4B7B3s-00065.jpg": {"object_bounding_box": [822, 451, 181, 270], "object_presence": 1}, "P613--fish-food--clutter--l8WRyWFXERXiEKVXq6jeUX5L98uWX4KKrukkk4B7B3s-00066.jpg": {"object_bounding_box": [822, 452, 181, 272], "object_presence": 1}, "P613--fish-food--clutter--l8WRyWFXERXiEKVXq6jeUX5L98uWX4KKrukkk4B7B3s-00067.jpg": {"object_bounding_box": [822, 452, 182, 266], "object_presence": 1}, "P613--fish-food--clutter--l8WRyWFXERXiEKVXq6jeUX5L98uWX4KKrukkk4B7B3s-00068.jpg": {"object_bounding_box": [821, 454, 182, 269], "object_presence": 1}, "P613--fish-food--clutter--l8WRyWFXERXiEKVXq6jeUX5L98uWX4KKrukkk4B7B3s-00069.jpg": {"object_bounding_box": [820, 453, 177, 267], "object_presence": 1}, "P613--fish-food--clutter--l8WRyWFXERXiEKVXq6jeUX5L98uWX4KKrukkk4B7B3s-00070.jpg": {"object_bounding_box": [822, 454, 176, 264], "object_presence": 1}, "P613--fish-food--clutter--l8WRyWFXERXiEKVXq6jeUX5L98uWX4KKrukkk4B7B3s-00071.jpg": {"object_bounding_box": [821, 454, 177, 262], "object_presence": 1}, "P613--fish-food--clutter--l8WRyWFXERXiEKVXq6jeUX5L98uWX4KKrukkk4B7B3s-00072.jpg": {"object_bounding_box": [825, 454, 174, 259], "object_presence": 1}, "P613--fish-food--clutter--l8WRyWFXERXiEKVXq6jeUX5L98uWX4KKrukkk4B7B3s-00073.jpg": {"object_bounding_box": [825, 454, 175, 259], "object_presence": 1}, "P613--fish-food--clutter--l8WRyWFXERXiEKVXq6jeUX5L98uWX4KKrukkk4B7B3s-00074.jpg": {"object_bounding_box": [824, 453, 176, 262], "object_presence": 1}, "P613--fish-food--clutter--l8WRyWFXERXiEKVXq6jeUX5L98uWX4KKrukkk4B7B3s-00075.jpg": {"object_bounding_box": [828, 452, 169, 259], "object_presence": 1}, "P613--fish-food--clutter--l8WRyWFXERXiEKVXq6jeUX5L98uWX4KKrukkk4B7B3s-00076.jpg": {"object_bounding_box": [828, 452, 169, 259], "object_presence": 1}, "P613--fish-food--clutter--l8WRyWFXERXiEKVXq6jeUX5L98uWX4KKrukkk4B7B3s-00077.jpg": {"object_bounding_box": [830, 451, 172, 255], "object_presence": 1}, "P613--fish-food--clutter--l8WRyWFXERXiEKVXq6jeUX5L98uWX4KKrukkk4B7B3s-00078.jpg": {"object_bounding_box": [833, 451, 171, 249], "object_presence": 1}, "P613--fish-food--clutter--l8WRyWFXERXiEKVXq6jeUX5L98uWX4KKrukkk4B7B3s-00079.jpg": {"object_bounding_box": [833, 449, 171, 253], "object_presence": 1}, "P613--fish-food--clutter--l8WRyWFXERXiEKVXq6jeUX5L98uWX4KKrukkk4B7B3s-00080.jpg": {"object_bounding_box": [833, 449, 171, 253], "object_presence": 1}, "P613--fish-food--clutter--l8WRyWFXERXiEKVXq6jeUX5L98uWX4KKrukkk4B7B3s-00081.jpg": {"object_bounding_box": [833, 449, 171, 253], "object_presence": 1}, "P613--fish-food--clutter--l8WRyWFXERXiEKVXq6jeUX5L98uWX4KKrukkk4B7B3s-00082.jpg": {"object_bounding_box": [833, 447, 171, 249], "object_presence": 1}, "P613--fish-food--clutter--l8WRyWFXERXiEKVXq6jeUX5L98uWX4KKrukkk4B7B3s-00083.jpg": {"object_bounding_box": [836, 447, 164, 249], "object_presence": 1}, "P613--fish-food--clutter--l8WRyWFXERXiEKVXq6jeUX5L98uWX4KKrukkk4B7B3s-00084.jpg": {"object_bounding_box": [837, 450, 167, 255], "object_presence": 1}, "P613--fish-food--clutter--l8WRyWFXERXiEKVXq6jeUX5L98uWX4KKrukkk4B7B3s-00085.jpg": {"object_bounding_box": [835, 450, 166, 255], "object_presence": 1}, "P613--fish-food--clutter--l8WRyWFXERXiEKVXq6jeUX5L98uWX4KKrukkk4B7B3s-00086.jpg": {"object_bounding_box": [831, 450, 166, 255], "object_presence": 1}, "P613--fish-food--clutter--l8WRyWFXERXiEKVXq6jeUX5L98uWX4KKrukkk4B7B3s-00087.jpg": {"object_bounding_box": [832, 453, 163, 259], "object_presence": 1}, "P613--fish-food--clutter--l8WRyWFXERXiEKVXq6jeUX5L98uWX4KKrukkk4B7B3s-00088.jpg": {"object_bounding_box": [827, 456, 164, 259], "object_presence": 1}, "P613--fish-food--clutter--l8WRyWFXERXiEKVXq6jeUX5L98uWX4KKrukkk4B7B3s-00089.jpg": {"object_bounding_box": [825, 456, 160, 259], "object_presence": 1}, "P613--fish-food--clutter--l8WRyWFXERXiEKVXq6jeUX5L98uWX4KKrukkk4B7B3s-00090.jpg": {"object_bounding_box": [819, 449, 167, 242], "object_presence": 1}, "P613--fish-food--clutter--l8WRyWFXERXiEKVXq6jeUX5L98uWX4KKrukkk4B7B3s-00091.jpg": {"object_bounding_box": [816, 453, 164, 242], "object_presence": 1}, "P613--fish-food--clutter--l8WRyWFXERXiEKVXq6jeUX5L98uWX4KKrukkk4B7B3s-00092.jpg": {"object_bounding_box": [818, 452, 160, 233], "object_presence": 1}, "P613--fish-food--clutter--l8WRyWFXERXiEKVXq6jeUX5L98uWX4KKrukkk4B7B3s-00093.jpg": {"object_bounding_box": [817, 453, 158, 230], "object_presence": 1}, "P613--fish-food--clutter--l8WRyWFXERXiEKVXq6jeUX5L98uWX4KKrukkk4B7B3s-00094.jpg": {"object_bounding_box": [817, 453, 158, 230], "object_presence": 1}, "P613--fish-food--clutter--l8WRyWFXERXiEKVXq6jeUX5L98uWX4KKrukkk4B7B3s-00095.jpg": {"object_bounding_box": [815, 457, 158, 230], "object_presence": 1}, "P613--fish-food--clutter--l8WRyWFXERXiEKVXq6jeUX5L98uWX4KKrukkk4B7B3s-00096.jpg": {"object_bounding_box": [814, 459, 158, 230], "object_presence": 1}, "P613--fish-food--clutter--l8WRyWFXERXiEKVXq6jeUX5L98uWX4KKrukkk4B7B3s-00097.jpg": {"object_bounding_box": [812, 464, 158, 230], "object_presence": 1}, "P613--fish-food--clutter--l8WRyWFXERXiEKVXq6jeUX5L98uWX4KKrukkk4B7B3s-00098.jpg": {"object_bounding_box": [811, 467, 155, 230], "object_presence": 1}, "P613--fish-food--clutter--l8WRyWFXERXiEKVXq6jeUX5L98uWX4KKrukkk4B7B3s-00099.jpg": {"object_bounding_box": [810, 471, 153, 230], "object_presence": 1}, "P613--fish-food--clutter--l8WRyWFXERXiEKVXq6jeUX5L98uWX4KKrukkk4B7B3s-00100.jpg": {"object_bounding_box": [809, 471, 155, 223], "object_presence": 1}, "P613--fish-food--clutter--l8WRyWFXERXiEKVXq6jeUX5L98uWX4KKrukkk4B7B3s-00101.jpg": {"object_bounding_box": [809, 471, 155, 223], "object_presence": 1}, "P613--fish-food--clutter--l8WRyWFXERXiEKVXq6jeUX5L98uWX4KKrukkk4B7B3s-00102.jpg": {"object_bounding_box": [807, 473, 152, 223], "object_presence": 1}, "P613--fish-food--clutter--l8WRyWFXERXiEKVXq6jeUX5L98uWX4KKrukkk4B7B3s-00103.jpg": {"object_bounding_box": [805, 475, 150, 223], "object_presence": 1}, "P613--fish-food--clutter--l8WRyWFXERXiEKVXq6jeUX5L98uWX4KKrukkk4B7B3s-00104.jpg": {"object_bounding_box": [804, 480, 150, 221], "object_presence": 1}, "P613--fish-food--clutter--l8WRyWFXERXiEKVXq6jeUX5L98uWX4KKrukkk4B7B3s-00105.jpg": {"object_bounding_box": [803, 485, 148, 221], "object_presence": 1}, "P613--fish-food--clutter--l8WRyWFXERXiEKVXq6jeUX5L98uWX4KKrukkk4B7B3s-00106.jpg": {"object_bounding_box": [801, 486, 150, 219], "object_presence": 1}, "P613--fish-food--clutter--l8WRyWFXERXiEKVXq6jeUX5L98uWX4KKrukkk4B7B3s-00107.jpg": {"object_bounding_box": [801, 488, 149, 221], "object_presence": 1}, "P613--fish-food--clutter--l8WRyWFXERXiEKVXq6jeUX5L98uWX4KKrukkk4B7B3s-00108.jpg": {"object_bounding_box": [799, 487, 149, 216], "object_presence": 1}, "P613--fish-food--clutter--l8WRyWFXERXiEKVXq6jeUX5L98uWX4KKrukkk4B7B3s-00109.jpg": {"object_bounding_box": [797, 491, 148, 218], "object_presence": 1}, "P613--fish-food--clutter--l8WRyWFXERXiEKVXq6jeUX5L98uWX4KKrukkk4B7B3s-00110.jpg": {"object_bounding_box": [797, 489, 147, 221], "object_presence": 1}, "P613--fish-food--clutter--l8WRyWFXERXiEKVXq6jeUX5L98uWX4KKrukkk4B7B3s-00111.jpg": {"object_bounding_box": [796, 494, 147, 221], "object_presence": 1}, "P613--fish-food--clutter--l8WRyWFXERXiEKVXq6jeUX5L98uWX4KKrukkk4B7B3s-00112.jpg": {"object_bounding_box": [796, 494, 147, 221], "object_presence": 1}, "P613--fish-food--clutter--l8WRyWFXERXiEKVXq6jeUX5L98uWX4KKrukkk4B7B3s-00113.jpg": {"object_bounding_box": [794, 494, 147, 221], "object_presence": 1}, "P613--fish-food--clutter--l8WRyWFXERXiEKVXq6jeUX5L98uWX4KKrukkk4B7B3s-00114.jpg": {"object_bounding_box": [794, 494, 147, 221], "object_presence": 1}, "P613--fish-food--clutter--l8WRyWFXERXiEKVXq6jeUX5L98uWX4KKrukkk4B7B3s-00115.jpg": {"object_bounding_box": [796, 494, 144, 221], "object_presence": 1}, "P613--fish-food--clutter--l8WRyWFXERXiEKVXq6jeUX5L98uWX4KKrukkk4B7B3s-00116.jpg": {"object_bounding_box": [796, 494, 144, 221], "object_presence": 1}, "P613--fish-food--clutter--l8WRyWFXERXiEKVXq6jeUX5L98uWX4KKrukkk4B7B3s-00117.jpg": {"object_bounding_box": [796, 494, 144, 221], "object_presence": 1}, "P613--fish-food--clutter--l8WRyWFXERXiEKVXq6jeUX5L98uWX4KKrukkk4B7B3s-00118.jpg": {"object_bounding_box": [796, 494, 144, 221], "object_presence": 1}, "P613--fish-food--clutter--l8WRyWFXERXiEKVXq6jeUX5L98uWX4KKrukkk4B7B3s-00119.jpg": {"object_bounding_box": [796, 494, 144, 221], "object_presence": 1}, "P613--fish-food--clutter--l8WRyWFXERXiEKVXq6jeUX5L98uWX4KKrukkk4B7B3s-00120.jpg": {"object_bounding_box": [797, 494, 143, 221], "object_presence": 1}, "P613--fish-food--clutter--l8WRyWFXERXiEKVXq6jeUX5L98uWX4KKrukkk4B7B3s-00121.jpg": {"object_bounding_box": [798, 494, 140, 221], "object_presence": 1}, "P613--fish-food--clutter--l8WRyWFXERXiEKVXq6jeUX5L98uWX4KKrukkk4B7B3s-00122.jpg": {"object_bounding_box": [798, 494, 140, 221], "object_presence": 1}, "P613--fish-food--clutter--l8WRyWFXERXiEKVXq6jeUX5L98uWX4KKrukkk4B7B3s-00123.jpg": {"object_bounding_box": [798, 494, 140, 221], "object_presence": 1}, "P613--fish-food--clutter--l8WRyWFXERXiEKVXq6jeUX5L98uWX4KKrukkk4B7B3s-00124.jpg": {"object_bounding_box": [798, 494, 140, 221], "object_presence": 1}, "P613--fish-food--clutter--l8WRyWFXERXiEKVXq6jeUX5L98uWX4KKrukkk4B7B3s-00125.jpg": {"object_bounding_box": [798, 494, 140, 221], "object_presence": 1}, "P613--fish-food--clutter--l8WRyWFXERXiEKVXq6jeUX5L98uWX4KKrukkk4B7B3s-00126.jpg": {"object_bounding_box": [797, 494, 137, 221], "object_presence": 1}, "P613--fish-food--clutter--l8WRyWFXERXiEKVXq6jeUX5L98uWX4KKrukkk4B7B3s-00127.jpg": {"object_bounding_box": [797, 494, 137, 221], "object_presence": 1}, "P613--fish-food--clutter--l8WRyWFXERXiEKVXq6jeUX5L98uWX4KKrukkk4B7B3s-00128.jpg": {"object_bounding_box": [797, 494, 137, 221], "object_presence": 1}, "P613--fish-food--clutter--l8WRyWFXERXiEKVXq6jeUX5L98uWX4KKrukkk4B7B3s-00129.jpg": {"object_bounding_box": [796, 496, 137, 221], "object_presence": 1}, "P613--fish-food--clutter--l8WRyWFXERXiEKVXq6jeUX5L98uWX4KKrukkk4B7B3s-00130.jpg": {"object_bounding_box": [796, 500, 134, 221], "object_presence": 1}, "P613--fish-food--clutter--l8WRyWFXERXiEKVXq6jeUX5L98uWX4KKrukkk4B7B3s-00131.jpg": {"object_bounding_box": [796, 504, 132, 221], "object_presence": 1}, "P613--fish-food--clutter--l8WRyWFXERXiEKVXq6jeUX5L98uWX4KKrukkk4B7B3s-00132.jpg": {"object_bounding_box": [796, 503, 131, 221], "object_presence": 1}, "P613--fish-food--clutter--l8WRyWFXERXiEKVXq6jeUX5L98uWX4KKrukkk4B7B3s-00133.jpg": {"object_bounding_box": [796, 502, 130, 221], "object_presence": 1}, "P613--fish-food--clutter--l8WRyWFXERXiEKVXq6jeUX5L98uWX4KKrukkk4B7B3s-00134.jpg": {"object_bounding_box": [795, 502, 129, 221], "object_presence": 1}, "P613--fish-food--clutter--l8WRyWFXERXiEKVXq6jeUX5L98uWX4KKrukkk4B7B3s-00135.jpg": {"object_bounding_box": [795, 501, 127, 221], "object_presence": 1}, "P613--fish-food--clutter--l8WRyWFXERXiEKVXq6jeUX5L98uWX4KKrukkk4B7B3s-00136.jpg": {"object_bounding_box": [794, 497, 128, 214], "object_presence": 1}, "P613--fish-food--clutter--l8WRyWFXERXiEKVXq6jeUX5L98uWX4KKrukkk4B7B3s-00137.jpg": {"object_bounding_box": [792, 494, 129, 207], "object_presence": 1}, "P613--fish-food--clutter--l8WRyWFXERXiEKVXq6jeUX5L98uWX4KKrukkk4B7B3s-00138.jpg": {"object_bounding_box": [792, 495, 129, 207], "object_presence": 1}, "P613--fish-food--clutter--l8WRyWFXERXiEKVXq6jeUX5L98uWX4KKrukkk4B7B3s-00139.jpg": {"object_bounding_box": [792, 496, 129, 207], "object_presence": 1}, "P613--fish-food--clutter--l8WRyWFXERXiEKVXq6jeUX5L98uWX4KKrukkk4B7B3s-00140.jpg": {"object_bounding_box": [792, 497, 129, 207], "object_presence": 1}, "P613--fish-food--clutter--l8WRyWFXERXiEKVXq6jeUX5L98uWX4KKrukkk4B7B3s-00141.jpg": {"object_bounding_box": [792, 497, 129, 207], "object_presence": 1}, "P613--fish-food--clutter--l8WRyWFXERXiEKVXq6jeUX5L98uWX4KKrukkk4B7B3s-00142.jpg": {"object_bounding_box": [791, 497, 132, 207], "object_presence": 1}, "P613--fish-food--clutter--l8WRyWFXERXiEKVXq6jeUX5L98uWX4KKrukkk4B7B3s-00143.jpg": {"object_bounding_box": [792, 500, 129, 207], "object_presence": 1}, "P613--fish-food--clutter--l8WRyWFXERXiEKVXq6jeUX5L98uWX4KKrukkk4B7B3s-00144.jpg": {"object_bounding_box": [792, 500, 129, 207], "object_presence": 1}, "P613--fish-food--clutter--l8WRyWFXERXiEKVXq6jeUX5L98uWX4KKrukkk4B7B3s-00145.jpg": {"object_bounding_box": [792, 500, 129, 207], "object_presence": 1}, "P613--fish-food--clutter--l8WRyWFXERXiEKVXq6jeUX5L98uWX4KKrukkk4B7B3s-00146.jpg": {"object_bounding_box": [790, 496, 129, 198], "object_presence": 1}, "P613--fish-food--clutter--l8WRyWFXERXiEKVXq6jeUX5L98uWX4KKrukkk4B7B3s-00147.jpg": {"object_bounding_box": [789, 496, 129, 195], "object_presence": 1}, "P613--fish-food--clutter--l8WRyWFXERXiEKVXq6jeUX5L98uWX4KKrukkk4B7B3s-00148.jpg": {"object_bounding_box": [788, 496, 129, 195], "object_presence": 1}, "P613--fish-food--clutter--l8WRyWFXERXiEKVXq6jeUX5L98uWX4KKrukkk4B7B3s-00149.jpg": {"object_bounding_box": [788, 496, 129, 195], "object_presence": 1}, "P613--fish-food--clutter--l8WRyWFXERXiEKVXq6jeUX5L98uWX4KKrukkk4B7B3s-00150.jpg": {"object_bounding_box": [789, 497, 129, 195], "object_presence": 1}, "P613--fish-food--clutter--l8WRyWFXERXiEKVXq6jeUX5L98uWX4KKrukkk4B7B3s-00151.jpg": {"object_bounding_box": [789, 497, 129, 195], "object_presence": 1}, "P613--fish-food--clutter--l8WRyWFXERXiEKVXq6jeUX5L98uWX4KKrukkk4B7B3s-00152.jpg": {"object_bounding_box": [789, 497, 129, 195], "object_presence": 1}, "P613--fish-food--clutter--l8WRyWFXERXiEKVXq6jeUX5L98uWX4KKrukkk4B7B3s-00153.jpg": {"object_bounding_box": [792, 498, 127, 195], "object_presence": 1}, "P613--fish-food--clutter--l8WRyWFXERXiEKVXq6jeUX5L98uWX4KKrukkk4B7B3s-00154.jpg": {"object_bounding_box": [792, 500, 127, 195], "object_presence": 1}, "P613--fish-food--clutter--l8WRyWFXERXiEKVXq6jeUX5L98uWX4KKrukkk4B7B3s-00155.jpg": {"object_bounding_box": [794, 501, 127, 195], "object_presence": 1}, "P613--fish-food--clutter--l8WRyWFXERXiEKVXq6jeUX5L98uWX4KKrukkk4B7B3s-00156.jpg": {"object_bounding_box": [793, 501, 127, 195], "object_presence": 1}, "P613--fish-food--clutter--l8WRyWFXERXiEKVXq6jeUX5L98uWX4KKrukkk4B7B3s-00157.jpg": {"object_bounding_box": [793, 501, 125, 195], "object_presence": 1}, "P613--fish-food--clutter--l8WRyWFXERXiEKVXq6jeUX5L98uWX4KKrukkk4B7B3s-00158.jpg": {"object_bounding_box": [794, 499, 125, 187], "object_presence": 1}, "P613--fish-food--clutter--l8WRyWFXERXiEKVXq6jeUX5L98uWX4KKrukkk4B7B3s-00159.jpg": {"object_bounding_box": [794, 499, 125, 187], "object_presence": 1}, "P613--fish-food--clutter--l8WRyWFXERXiEKVXq6jeUX5L98uWX4KKrukkk4B7B3s-00160.jpg": {"object_bounding_box": [793, 499, 123, 187], "object_presence": 1}, "P613--fish-food--clutter--l8WRyWFXERXiEKVXq6jeUX5L98uWX4KKrukkk4B7B3s-00161.jpg": {"object_bounding_box": [793, 503, 123, 187], "object_presence": 1}, "P613--fish-food--clutter--l8WRyWFXERXiEKVXq6jeUX5L98uWX4KKrukkk4B7B3s-00162.jpg": {"object_bounding_box": [792, 505, 123, 187], "object_presence": 1}, "P613--fish-food--clutter--l8WRyWFXERXiEKVXq6jeUX5L98uWX4KKrukkk4B7B3s-00163.jpg": {"object_bounding_box": [791, 507, 123, 187], "object_presence": 1}, "P613--fish-food--clutter--l8WRyWFXERXiEKVXq6jeUX5L98uWX4KKrukkk4B7B3s-00164.jpg": {"object_bounding_box": [789, 507, 123, 187], "object_presence": 1}, "P613--fish-food--clutter--l8WRyWFXERXiEKVXq6jeUX5L98uWX4KKrukkk4B7B3s-00165.jpg": {"object_bounding_box": [788, 509, 123, 187], "object_presence": 1}, "P613--fish-food--clutter--l8WRyWFXERXiEKVXq6jeUX5L98uWX4KKrukkk4B7B3s-00166.jpg": {"object_bounding_box": [788, 509, 123, 187], "object_presence": 1}, "P613--fish-food--clutter--l8WRyWFXERXiEKVXq6jeUX5L98uWX4KKrukkk4B7B3s-00167.jpg": {"object_bounding_box": [787, 511, 123, 187], "object_presence": 1}, "P613--fish-food--clutter--l8WRyWFXERXiEKVXq6jeUX5L98uWX4KKrukkk4B7B3s-00168.jpg": {"object_bounding_box": [786, 512, 123, 187], "object_presence": 1}, "P613--fish-food--clutter--l8WRyWFXERXiEKVXq6jeUX5L98uWX4KKrukkk4B7B3s-00169.jpg": {"object_bounding_box": [784, 510, 123, 187], "object_presence": 1}, "P613--fish-food--clutter--l8WRyWFXERXiEKVXq6jeUX5L98uWX4KKrukkk4B7B3s-00170.jpg": {"object_bounding_box": [782, 509, 121, 182], "object_presence": 1}, "P613--fish-food--clutter--l8WRyWFXERXiEKVXq6jeUX5L98uWX4KKrukkk4B7B3s-00171.jpg": {"object_bounding_box": [781, 511, 119, 185], "object_presence": 1}, "P613--fish-food--clutter--l8WRyWFXERXiEKVXq6jeUX5L98uWX4KKrukkk4B7B3s-00172.jpg": {"object_bounding_box": [780, 511, 117, 185], "object_presence": 1}, "P613--fish-food--clutter--l8WRyWFXERXiEKVXq6jeUX5L98uWX4KKrukkk4B7B3s-00173.jpg": {"object_bounding_box": [777, 510, 119, 185], "object_presence": 1}, "P613--fish-food--clutter--l8WRyWFXERXiEKVXq6jeUX5L98uWX4KKrukkk4B7B3s-00174.jpg": {"object_bounding_box": [777, 512, 119, 185], "object_presence": 1}, "P613--fish-food--clutter--l8WRyWFXERXiEKVXq6jeUX5L98uWX4KKrukkk4B7B3s-00175.jpg": {"object_bounding_box": [775, 515, 119, 185], "object_presence": 1}, "P613--fish-food--clutter--l8WRyWFXERXiEKVXq6jeUX5L98uWX4KKrukkk4B7B3s-00176.jpg": {"object_bounding_box": [773, 516, 119, 185], "object_presence": 1}, "P613--fish-food--clutter--l8WRyWFXERXiEKVXq6jeUX5L98uWX4KKrukkk4B7B3s-00177.jpg": {"object_bounding_box": [771, 511, 119, 177], "object_presence": 1}, "P613--fish-food--clutter--l8WRyWFXERXiEKVXq6jeUX5L98uWX4KKrukkk4B7B3s-00178.jpg": {"object_bounding_box": [771, 511, 119, 177], "object_presence": 1}, "P613--fish-food--clutter--l8WRyWFXERXiEKVXq6jeUX5L98uWX4KKrukkk4B7B3s-00179.jpg": {"object_bounding_box": [769, 512, 119, 177], "object_presence": 1}, "P613--fish-food--clutter--l8WRyWFXERXiEKVXq6jeUX5L98uWX4KKrukkk4B7B3s-00180.jpg": {"object_bounding_box": [768, 512, 119, 177], "object_presence": 1}, "P613--fish-food--clutter--l8WRyWFXERXiEKVXq6jeUX5L98uWX4KKrukkk4B7B3s-00181.jpg": {"object_bounding_box": [768, 512, 119, 177], "object_presence": 1}, "P613--fish-food--clutter--l8WRyWFXERXiEKVXq6jeUX5L98uWX4KKrukkk4B7B3s-00182.jpg": {"object_bounding_box": [768, 512, 119, 177], "object_presence": 1}, "P613--fish-food--clutter--l8WRyWFXERXiEKVXq6jeUX5L98uWX4KKrukkk4B7B3s-00183.jpg": {"object_bounding_box": [767, 510, 119, 177], "object_presence": 1}, "P613--fish-food--clutter--l8WRyWFXERXiEKVXq6jeUX5L98uWX4KKrukkk4B7B3s-00184.jpg": {"object_bounding_box": [765, 509, 118, 177], "object_presence": 1}, "P613--fish-food--clutter--l8WRyWFXERXiEKVXq6jeUX5L98uWX4KKrukkk4B7B3s-00185.jpg": {"object_bounding_box": [763, 510, 118, 177], "object_presence": 1}, "P613--fish-food--clutter--l8WRyWFXERXiEKVXq6jeUX5L98uWX4KKrukkk4B7B3s-00186.jpg": {"object_bounding_box": [763, 510, 116, 177], "object_presence": 1}, "P613--fish-food--clutter--l8WRyWFXERXiEKVXq6jeUX5L98uWX4KKrukkk4B7B3s-00187.jpg": {"object_bounding_box": [763, 510, 116, 177], "object_presence": 1}, "P613--fish-food--clutter--l8WRyWFXERXiEKVXq6jeUX5L98uWX4KKrukkk4B7B3s-00188.jpg": {"object_bounding_box": [761, 510, 112, 177], "object_presence": 1}, "P613--fish-food--clutter--l8WRyWFXERXiEKVXq6jeUX5L98uWX4KKrukkk4B7B3s-00189.jpg": {"object_bounding_box": [757, 510, 112, 177], "object_presence": 1}, "P613--fish-food--clutter--l8WRyWFXERXiEKVXq6jeUX5L98uWX4KKrukkk4B7B3s-00190.jpg": {"object_bounding_box": [757, 510, 112, 177], "object_presence": 1}, "P613--fish-food--clutter--l8WRyWFXERXiEKVXq6jeUX5L98uWX4KKrukkk4B7B3s-00191.jpg": {"object_bounding_box": [756, 510, 112, 177], "object_presence": 1}, "P613--fish-food--clutter--l8WRyWFXERXiEKVXq6jeUX5L98uWX4KKrukkk4B7B3s-00192.jpg": {"object_bounding_box": [754, 510, 112, 177], "object_presence": 1}, "P613--fish-food--clutter--l8WRyWFXERXiEKVXq6jeUX5L98uWX4KKrukkk4B7B3s-00193.jpg": {"object_bounding_box": [753, 511, 112, 177], "object_presence": 1}, "P613--fish-food--clutter--l8WRyWFXERXiEKVXq6jeUX5L98uWX4KKrukkk4B7B3s-00194.jpg": {"object_bounding_box": [754, 510, 112, 177], "object_presence": 1}, "P613--fish-food--clutter--l8WRyWFXERXiEKVXq6jeUX5L98uWX4KKrukkk4B7B3s-00195.jpg": {"object_bounding_box": [750, 511, 112, 177], "object_presence": 1}, "P613--fish-food--clutter--l8WRyWFXERXiEKVXq6jeUX5L98uWX4KKrukkk4B7B3s-00196.jpg": {"object_bounding_box": [750, 511, 112, 177], "object_presence": 1}, "P613--fish-food--clutter--l8WRyWFXERXiEKVXq6jeUX5L98uWX4KKrukkk4B7B3s-00197.jpg": {"object_bounding_box": [750, 511, 112, 177], "object_presence": 1}, "P613--fish-food--clutter--l8WRyWFXERXiEKVXq6jeUX5L98uWX4KKrukkk4B7B3s-00198.jpg": {"object_bounding_box": [747, 514, 112, 177], "object_presence": 1}, "P613--fish-food--clutter--l8WRyWFXERXiEKVXq6jeUX5L98uWX4KKrukkk4B7B3s-00199.jpg": {"object_bounding_box": [746, 517, 112, 177], "object_presence": 1}, "P613--fish-food--clutter--l8WRyWFXERXiEKVXq6jeUX5L98uWX4KKrukkk4B7B3s-00200.jpg": {"object_bounding_box": [746, 518, 112, 177], "object_presence": 1}, "P613--fish-food--clutter--l8WRyWFXERXiEKVXq6jeUX5L98uWX4KKrukkk4B7B3s-00201.jpg": {"object_bounding_box": [746, 521, 112, 177], "object_presence": 1}, "P613--fish-food--clutter--l8WRyWFXERXiEKVXq6jeUX5L98uWX4KKrukkk4B7B3s-00202.jpg": {"object_bounding_box": [746, 521, 112, 177], "object_presence": 1}, "P613--fish-food--clutter--l8WRyWFXERXiEKVXq6jeUX5L98uWX4KKrukkk4B7B3s-00203.jpg": {"object_bounding_box": [745, 521, 112, 177], "object_presence": 1}, "P613--fish-food--clutter--l8WRyWFXERXiEKVXq6jeUX5L98uWX4KKrukkk4B7B3s-00204.jpg": {"object_bounding_box": [745, 521, 112, 177], "object_presence": 1}, "P613--fish-food--clutter--l8WRyWFXERXiEKVXq6jeUX5L98uWX4KKrukkk4B7B3s-00205.jpg": {"object_bounding_box": [745, 521, 112, 177], "object_presence": 1}, "P613--fish-food--clutter--l8WRyWFXERXiEKVXq6jeUX5L98uWX4KKrukkk4B7B3s-00206.jpg": {"object_bounding_box": [745, 521, 112, 177], "object_presence": 1}, "P613--fish-food--clutter--l8WRyWFXERXiEKVXq6jeUX5L98uWX4KKrukkk4B7B3s-00207.jpg": {"object_bounding_box": [745, 521, 112, 177], "object_presence": 1}, "P613--fish-food--clutter--l8WRyWFXERXiEKVXq6jeUX5L98uWX4KKrukkk4B7B3s-00208.jpg": {"object_bounding_box": [743, 520, 112, 177], "object_presence": 1}, "P613--fish-food--clutter--l8WRyWFXERXiEKVXq6jeUX5L98uWX4KKrukkk4B7B3s-00209.jpg": {"object_bounding_box": [742, 522, 112, 177], "object_presence": 1}, "P613--fish-food--clutter--l8WRyWFXERXiEKVXq6jeUX5L98uWX4KKrukkk4B7B3s-00210.jpg": {"object_bounding_box": [742, 522, 112, 177], "object_presence": 1}, "P613--fish-food--clutter--l8WRyWFXERXiEKVXq6jeUX5L98uWX4KKrukkk4B7B3s-00211.jpg": {"object_bounding_box": [742, 524, 112, 177], "object_presence": 1}, "P613--fish-food--clutter--l8WRyWFXERXiEKVXq6jeUX5L98uWX4KKrukkk4B7B3s-00212.jpg": {"object_bounding_box": [741, 525, 112, 177], "object_presence": 1}, "P613--fish-food--clutter--l8WRyWFXERXiEKVXq6jeUX5L98uWX4KKrukkk4B7B3s-00213.jpg": {"object_bounding_box": [740, 527, 112, 177], "object_presence": 1}, "P613--fish-food--clutter--l8WRyWFXERXiEKVXq6jeUX5L98uWX4KKrukkk4B7B3s-00214.jpg": {"object_bounding_box": [740, 527, 112, 177], "object_presence": 1}, "P613--fish-food--clutter--l8WRyWFXERXiEKVXq6jeUX5L98uWX4KKrukkk4B7B3s-00215.jpg": {"object_bounding_box": [740, 527, 112, 177], "object_presence": 1}, "P613--fish-food--clutter--l8WRyWFXERXiEKVXq6jeUX5L98uWX4KKrukkk4B7B3s-00216.jpg": {"object_bounding_box": [739, 527, 112, 177], "object_presence": 1}, "P613--fish-food--clutter--l8WRyWFXERXiEKVXq6jeUX5L98uWX4KKrukkk4B7B3s-00217.jpg": {"object_bounding_box": [739, 528, 112, 177], "object_presence": 1}, "P613--fish-food--clutter--l8WRyWFXERXiEKVXq6jeUX5L98uWX4KKrukkk4B7B3s-00218.jpg": {"object_bounding_box": [739, 528, 112, 177], "object_presence": 1}, "P613--fish-food--clutter--l8WRyWFXERXiEKVXq6jeUX5L98uWX4KKrukkk4B7B3s-00219.jpg": {"object_bounding_box": [739, 528, 112, 177], "object_presence": 1}, "P613--fish-food--clutter--l8WRyWFXERXiEKVXq6jeUX5L98uWX4KKrukkk4B7B3s-00220.jpg": {"object_bounding_box": [740, 525, 112, 177], "object_presence": 1}, "P613--fish-food--clutter--l8WRyWFXERXiEKVXq6jeUX5L98uWX4KKrukkk4B7B3s-00221.jpg": {"object_bounding_box": [746, 523, 112, 177], "object_presence": 1}, "P613--fish-food--clutter--l8WRyWFXERXiEKVXq6jeUX5L98uWX4KKrukkk4B7B3s-00222.jpg": {"object_bounding_box": [743, 525, 112, 177], "object_presence": 1}, "P613--fish-food--clutter--l8WRyWFXERXiEKVXq6jeUX5L98uWX4KKrukkk4B7B3s-00223.jpg": {"object_bounding_box": [743, 525, 112, 177], "object_presence": 1}}