{"P638--usb-stick--clutter--BYrX8DJu-P3RCI9ij_KOpaVokYlc7M_M0nEv-GwWxdw-00001.jpg": {"object_bounding_box": [150, 887, 702, 193], "object_presence": 1}, "P638--usb-stick--clutter--BYrX8DJu-P3RCI9ij_KOpaVokYlc7M_M0nEv-GwWxdw-00002.jpg": {"object_bounding_box": [81, 863, 777, 217], "object_presence": 1}, "P638--usb-stick--clutter--BYrX8DJu-P3RCI9ij_KOpaVokYlc7M_M0nEv-GwWxdw-00003.jpg": {"object_bounding_box": [27, 839, 832, 241], "object_presence": 1}, "P638--usb-stick--clutter--BYrX8DJu-P3RCI9ij_KOpaVokYlc7M_M0nEv-GwWxdw-00004.jpg": {"object_bounding_box": [23, 820, 845, 260], "object_presence": 1}, "P638--usb-stick--clutter--BYrX8DJu-P3RCI9ij_KOpaVokYlc7M_M0nEv-GwWxdw-00005.jpg": {"object_bounding_box": [31, 804, 840, 276], "object_presence": 1}, "P638--usb-stick--clutter--BYrX8DJu-P3RCI9ij_KOpaVokYlc7M_M0nEv-GwWxdw-00006.jpg": {"object_bounding_box": [36, 791, 837, 289], "object_presence": 1}, "P638--usb-stick--clutter--BYrX8DJu-P3RCI9ij_KOpaVokYlc7M_M0nEv-GwWxdw-00007.jpg": {"object_bounding_box": [20, 776, 856, 304], "object_presence": 1}, "P638--usb-stick--clutter--BYrX8DJu-P3RCI9ij_KOpaVokYlc7M_M0nEv-GwWxdw-00008.jpg": {"object_bounding_box": [23, 765, 850, 315], "object_presence": 1}, "P638--usb-stick--clutter--BYrX8DJu-P3RCI9ij_KOpaVokYlc7M_M0nEv-GwWxdw-00009.jpg": {"object_bounding_box": [22, 765, 851, 315], "object_presence": 1}, "P638--usb-stick--clutter--BYrX8DJu-P3RCI9ij_KOpaVokYlc7M_M0nEv-GwWxdw-00010.jpg": {"object_bounding_box": [31, 749, 831, 331], "object_presence": 1}, "P638--usb-stick--clutter--BYrX8DJu-P3RCI9ij_KOpaVokYlc7M_M0nEv-GwWxdw-00011.jpg": {"object_bounding_box": [40, 743, 814, 337], "object_presence": 1}, "P638--usb-stick--clutter--BYrX8DJu-P3RCI9ij_KOpaVokYlc7M_M0nEv-GwWxdw-00012.jpg": {"object_bounding_box": [44, 739, 801, 341], "object_presence": 1}, "P638--usb-stick--clutter--BYrX8DJu-P3RCI9ij_KOpaVokYlc7M_M0nEv-GwWxdw-00013.jpg": {"object_bounding_box": [46, 738, 786, 342], "object_presence": 1}, "P638--usb-stick--clutter--BYrX8DJu-P3RCI9ij_KOpaVokYlc7M_M0nEv-GwWxdw-00014.jpg": {"object_bounding_box": [47, 730, 771, 350], "object_presence": 1}, "P638--usb-stick--clutter--BYrX8DJu-P3RCI9ij_KOpaVokYlc7M_M0nEv-GwWxdw-00015.jpg": {"object_bounding_box": [52, 722, 755, 358], "object_presence": 1}, "P638--usb-stick--clutter--BYrX8DJu-P3RCI9ij_KOpaVokYlc7M_M0nEv-GwWxdw-00016.jpg": {"object_bounding_box": [58, 718, 738, 362], "object_presence": 1}, "P638--usb-stick--clutter--BYrX8DJu-P3RCI9ij_KOpaVokYlc7M_M0nEv-GwWxdw-00017.jpg": {"object_bounding_box": [67, 713, 723, 367], "object_presence": 1}, "P638--usb-stick--clutter--BYrX8DJu-P3RCI9ij_KOpaVokYlc7M_M0nEv-GwWxdw-00018.jpg": {"object_bounding_box": [77, 709, 708, 371], "object_presence": 1}, "P638--usb-stick--clutter--BYrX8DJu-P3RCI9ij_KOpaVokYlc7M_M0nEv-GwWxdw-00019.jpg": {"object_bounding_box": [82, 703, 695, 368], "object_presence": 1}, "P638--usb-stick--clutter--BYrX8DJu-P3RCI9ij_KOpaVokYlc7M_M0nEv-GwWxdw-00020.jpg": {"object_bounding_box": [88, 697, 682, 359], "object_presence": 1}, "P638--usb-stick--clutter--BYrX8DJu-P3RCI9ij_KOpaVokYlc7M_M0nEv-GwWxdw-00021.jpg": {"object_bounding_box": [90, 690, 669, 353], "object_presence": 1}, "P638--usb-stick--clutter--BYrX8DJu-P3RCI9ij_KOpaVokYlc7M_M0nEv-GwWxdw-00022.jpg": {"object_bounding_box": [89, 681, 656, 346], "object_presence": 1}, "P638--usb-stick--clutter--BYrX8DJu-P3RCI9ij_KOpaVokYlc7M_M0nEv-GwWxdw-00023.jpg": {"object_bounding_box": [96, 672, 638, 340], "object_presence": 1}, "P638--usb-stick--clutter--BYrX8DJu-P3RCI9ij_KOpaVokYlc7M_M0nEv-GwWxdw-00024.jpg": {"object_bounding_box": [96, 667, 628, 332], "object_presence": 1}, "P638--usb-stick--clutter--BYrX8DJu-P3RCI9ij_KOpaVokYlc7M_M0nEv-GwWxdw-00025.jpg": {"object_bounding_box": [101, 660, 613, 326], "object_presence": 1}, "P638--usb-stick--clutter--BYrX8DJu-P3RCI9ij_KOpaVokYlc7M_M0nEv-GwWxdw-00026.jpg": {"object_bounding_box": [105, 652, 601, 319], "object_presence": 1}, "P638--usb-stick--clutter--BYrX8DJu-P3RCI9ij_KOpaVokYlc7M_M0nEv-GwWxdw-00027.jpg": {"object_bounding_box": [99, 641, 596, 312], "object_presence": 1}, "P638--usb-stick--clutter--BYrX8DJu-P3RCI9ij_KOpaVokYlc7M_M0nEv-GwWxdw-00028.jpg": {"object_bounding_box": [89, 635, 587, 308], "object_presence": 1}, "P638--usb-stick--clutter--BYrX8DJu-P3RCI9ij_KOpaVokYlc7M_M0nEv-GwWxdw-00029.jpg": {"object_bounding_box": [89, 628, 574, 302], "object_presence": 1}, "P638--usb-stick--clutter--BYrX8DJu-P3RCI9ij_KOpaVokYlc7M_M0nEv-GwWxdw-00030.jpg": {"object_bounding_box": [93, 623, 564, 298], "object_presence": 1}, "P638--usb-stick--clutter--BYrX8DJu-P3RCI9ij_KOpaVokYlc7M_M0nEv-GwWxdw-00031.jpg": {"object_bounding_box": [95, 616, 557, 290], "object_presence": 1}, "P638--usb-stick--clutter--BYrX8DJu-P3RCI9ij_KOpaVokYlc7M_M0nEv-GwWxdw-00032.jpg": {"object_bounding_box": [95, 604, 553, 282], "object_presence": 1}, "P638--usb-stick--clutter--BYrX8DJu-P3RCI9ij_KOpaVokYlc7M_M0nEv-GwWxdw-00033.jpg": {"object_bounding_box": [90, 596, 548, 278], "object_presence": 1}, "P638--usb-stick--clutter--BYrX8DJu-P3RCI9ij_KOpaVokYlc7M_M0nEv-GwWxdw-00034.jpg": {"object_bounding_box": [87, 588, 540, 270], "object_presence": 1}, "P638--usb-stick--clutter--BYrX8DJu-P3RCI9ij_KOpaVokYlc7M_M0nEv-GwWxdw-00035.jpg": {"object_bounding_box": [95, 573, 532, 267], "object_presence": 1}, "P638--usb-stick--clutter--BYrX8DJu-P3RCI9ij_KOpaVokYlc7M_M0nEv-GwWxdw-00036.jpg": {"object_bounding_box": [96, 570, 523, 265], "object_presence": 1}, "P638--usb-stick--clutter--BYrX8DJu-P3RCI9ij_KOpaVokYlc7M_M0nEv-GwWxdw-00037.jpg": {"object_bounding_box": [96, 569, 514, 262], "object_presence": 1}, "P638--usb-stick--clutter--BYrX8DJu-P3RCI9ij_KOpaVokYlc7M_M0nEv-GwWxdw-00038.jpg": {"object_bounding_box": [97, 566, 507, 257], "object_presence": 1}, "P638--usb-stick--clutter--BYrX8DJu-P3RCI9ij_KOpaVokYlc7M_M0nEv-GwWxdw-00039.jpg": {"object_bounding_box": [102, 564, 498, 256], "object_presence": 1}, "P638--usb-stick--clutter--BYrX8DJu-P3RCI9ij_KOpaVokYlc7M_M0nEv-GwWxdw-00040.jpg": {"object_bounding_box": [115, 563, 487, 253], "object_presence": 1}, "P638--usb-stick--clutter--BYrX8DJu-P3RCI9ij_KOpaVokYlc7M_M0nEv-GwWxdw-00041.jpg": {"object_bounding_box": [127, 561, 478, 248], "object_presence": 1}, "P638--usb-stick--clutter--BYrX8DJu-P3RCI9ij_KOpaVokYlc7M_M0nEv-GwWxdw-00042.jpg": {"object_bounding_box": [138, 559, 470, 243], "object_presence": 1}, "P638--usb-stick--clutter--BYrX8DJu-P3RCI9ij_KOpaVokYlc7M_M0nEv-GwWxdw-00043.jpg": {"object_bounding_box": [151, 559, 462, 236], "object_presence": 1}, "P638--usb-stick--clutter--BYrX8DJu-P3RCI9ij_KOpaVokYlc7M_M0nEv-GwWxdw-00044.jpg": {"object_bounding_box": [153, 555, 458, 230], "object_presence": 1}, "P638--usb-stick--clutter--BYrX8DJu-P3RCI9ij_KOpaVokYlc7M_M0nEv-GwWxdw-00045.jpg": {"object_bounding_box": [155, 546, 455, 226], "object_presence": 1}, "P638--usb-stick--clutter--BYrX8DJu-P3RCI9ij_KOpaVokYlc7M_M0nEv-GwWxdw-00046.jpg": {"object_bounding_box": [160, 538, 449, 221], "object_presence": 1}, "P638--usb-stick--clutter--BYrX8DJu-P3RCI9ij_KOpaVokYlc7M_M0nEv-GwWxdw-00047.jpg": {"object_bounding_box": [167, 536, 442, 220], "object_presence": 1}, "P638--usb-stick--clutter--BYrX8DJu-P3RCI9ij_KOpaVokYlc7M_M0nEv-GwWxdw-00048.jpg": {"object_bounding_box": [176, 539, 433, 216], "object_presence": 1}, "P638--usb-stick--clutter--BYrX8DJu-P3RCI9ij_KOpaVokYlc7M_M0nEv-GwWxdw-00049.jpg": {"object_bounding_box": [181, 543, 423, 211], "object_presence": 1}, "P638--usb-stick--clutter--BYrX8DJu-P3RCI9ij_KOpaVokYlc7M_M0nEv-GwWxdw-00050.jpg": {"object_bounding_box": [187, 536, 418, 209], "object_presence": 1}, "P638--usb-stick--clutter--BYrX8DJu-P3RCI9ij_KOpaVokYlc7M_M0nEv-GwWxdw-00051.jpg": {"object_bounding_box": [187, 536, 411, 208], "object_presence": 1}, "P638--usb-stick--clutter--BYrX8DJu-P3RCI9ij_KOpaVokYlc7M_M0nEv-GwWxdw-00052.jpg": {"object_bounding_box": [181, 538, 405, 207], "object_presence": 1}, "P638--usb-stick--clutter--BYrX8DJu-P3RCI9ij_KOpaVokYlc7M_M0nEv-GwWxdw-00053.jpg": {"object_bounding_box": [175, 541, 401, 205], "object_presence": 1}, "P638--usb-stick--clutter--BYrX8DJu-P3RCI9ij_KOpaVokYlc7M_M0nEv-GwWxdw-00054.jpg": {"object_bounding_box": [170, 551, 391, 204], "object_presence": 1}, "P638--usb-stick--clutter--BYrX8DJu-P3RCI9ij_KOpaVokYlc7M_M0nEv-GwWxdw-00055.jpg": {"object_bounding_box": [171, 549, 387, 202], "object_presence": 1}, "P638--usb-stick--clutter--BYrX8DJu-P3RCI9ij_KOpaVokYlc7M_M0nEv-GwWxdw-00056.jpg": {"object_bounding_box": [176, 547, 382, 200], "object_presence": 1}, "P638--usb-stick--clutter--BYrX8DJu-P3RCI9ij_KOpaVokYlc7M_M0nEv-GwWxdw-00057.jpg": {"object_bounding_box": [171, 546, 379, 196], "object_presence": 1}, "P638--usb-stick--clutter--BYrX8DJu-P3RCI9ij_KOpaVokYlc7M_M0nEv-GwWxdw-00058.jpg": {"object_bounding_box": [176, 539, 374, 194], "object_presence": 1}, "P638--usb-stick--clutter--BYrX8DJu-P3RCI9ij_KOpaVokYlc7M_M0nEv-GwWxdw-00059.jpg": {"object_bounding_box": [186, 533, 370, 192], "object_presence": 1}, "P638--usb-stick--clutter--BYrX8DJu-P3RCI9ij_KOpaVokYlc7M_M0nEv-GwWxdw-00060.jpg": {"object_bounding_box": [196, 532, 365, 189], "object_presence": 1}, "P638--usb-stick--clutter--BYrX8DJu-P3RCI9ij_KOpaVokYlc7M_M0nEv-GwWxdw-00061.jpg": {"object_bounding_box": [206, 532, 360, 185], "object_presence": 1}, "P638--usb-stick--clutter--BYrX8DJu-P3RCI9ij_KOpaVokYlc7M_M0nEv-GwWxdw-00062.jpg": {"object_bounding_box": [211, 525, 356, 184], "object_presence": 1}, "P638--usb-stick--clutter--BYrX8DJu-P3RCI9ij_KOpaVokYlc7M_M0nEv-GwWxdw-00063.jpg": {"object_bounding_box": [224, 518, 350, 183], "object_presence": 1}, "P638--usb-stick--clutter--BYrX8DJu-P3RCI9ij_KOpaVokYlc7M_M0nEv-GwWxdw-00064.jpg": {"object_bounding_box": [232, 518, 348, 180], "object_presence": 1}, "P638--usb-stick--clutter--BYrX8DJu-P3RCI9ij_KOpaVokYlc7M_M0nEv-GwWxdw-00065.jpg": {"object_bounding_box": [231, 523, 343, 179], "object_presence": 1}, "P638--usb-stick--clutter--BYrX8DJu-P3RCI9ij_KOpaVokYlc7M_M0nEv-GwWxdw-00066.jpg": {"object_bounding_box": [238, 522, 339, 178], "object_presence": 1}, "P638--usb-stick--clutter--BYrX8DJu-P3RCI9ij_KOpaVokYlc7M_M0nEv-GwWxdw-00067.jpg": {"object_bounding_box": [239, 516, 337, 177], "object_presence": 1}, "P638--usb-stick--clutter--BYrX8DJu-P3RCI9ij_KOpaVokYlc7M_M0nEv-GwWxdw-00068.jpg": {"object_bounding_box": [242, 511, 332, 175], "object_presence": 1}, "P638--usb-stick--clutter--BYrX8DJu-P3RCI9ij_KOpaVokYlc7M_M0nEv-GwWxdw-00069.jpg": {"object_bounding_box": [251, 512, 329, 173], "object_presence": 1}, "P638--usb-stick--clutter--BYrX8DJu-P3RCI9ij_KOpaVokYlc7M_M0nEv-GwWxdw-00070.jpg": {"object_bounding_box": [268, 516, 323, 170], "object_presence": 1}, "P638--usb-stick--clutter--BYrX8DJu-P3RCI9ij_KOpaVokYlc7M_M0nEv-GwWxdw-00071.jpg": {"object_bounding_box": [277, 515, 323, 168], "object_presence": 1}, "P638--usb-stick--clutter--BYrX8DJu-P3RCI9ij_KOpaVokYlc7M_M0nEv-GwWxdw-00072.jpg": {"object_bounding_box": [282, 514, 320, 167], "object_presence": 1}, "P638--usb-stick--clutter--BYrX8DJu-P3RCI9ij_KOpaVokYlc7M_M0nEv-GwWxdw-00073.jpg": {"object_bounding_box": [283, 513, 317, 165], "object_presence": 1}, "P638--usb-stick--clutter--BYrX8DJu-P3RCI9ij_KOpaVokYlc7M_M0nEv-GwWxdw-00074.jpg": {"object_bounding_box": [280, 510, 313, 163], "object_presence": 1}, "P638--usb-stick--clutter--BYrX8DJu-P3RCI9ij_KOpaVokYlc7M_M0nEv-GwWxdw-00075.jpg": {"object_bounding_box": [281, 507, 312, 162], "object_presence": 1}, "P638--usb-stick--clutter--BYrX8DJu-P3RCI9ij_KOpaVokYlc7M_M0nEv-GwWxdw-00076.jpg": {"object_bounding_box": [283, 513, 308, 160], "object_presence": 1}, "P638--usb-stick--clutter--BYrX8DJu-P3RCI9ij_KOpaVokYlc7M_M0nEv-GwWxdw-00077.jpg": {"object_bounding_box": [290, 519, 305, 158], "object_presence": 1}, "P638--usb-stick--clutter--BYrX8DJu-P3RCI9ij_KOpaVokYlc7M_M0nEv-GwWxdw-00078.jpg": {"object_bounding_box": [299, 517, 301, 155], "object_presence": 1}, "P638--usb-stick--clutter--BYrX8DJu-P3RCI9ij_KOpaVokYlc7M_M0nEv-GwWxdw-00079.jpg": {"object_bounding_box": [305, 517, 298, 154], "object_presence": 1}, "P638--usb-stick--clutter--BYrX8DJu-P3RCI9ij_KOpaVokYlc7M_M0nEv-GwWxdw-00080.jpg": {"object_bounding_box": [307, 517, 294, 152], "object_presence": 1}, "P638--usb-stick--clutter--BYrX8DJu-P3RCI9ij_KOpaVokYlc7M_M0nEv-GwWxdw-00081.jpg": {"object_bounding_box": [317, 522, 289, 150], "object_presence": 1}, "P638--usb-stick--clutter--BYrX8DJu-P3RCI9ij_KOpaVokYlc7M_M0nEv-GwWxdw-00082.jpg": {"object_bounding_box": [321, 527, 286, 149], "object_presence": 1}, "P638--usb-stick--clutter--BYrX8DJu-P3RCI9ij_KOpaVokYlc7M_M0nEv-GwWxdw-00083.jpg": {"object_bounding_box": [321, 529, 282, 147], "object_presence": 1}, "P638--usb-stick--clutter--BYrX8DJu-P3RCI9ij_KOpaVokYlc7M_M0nEv-GwWxdw-00084.jpg": {"object_bounding_box": [328, 527, 279, 146], "object_presence": 1}, "P638--usb-stick--clutter--BYrX8DJu-P3RCI9ij_KOpaVokYlc7M_M0nEv-GwWxdw-00085.jpg": {"object_bounding_box": [324, 531, 276, 144], "object_presence": 1}, "P638--usb-stick--clutter--BYrX8DJu-P3RCI9ij_KOpaVokYlc7M_M0nEv-GwWxdw-00086.jpg": {"object_bounding_box": [323, 542, 273, 141], "object_presence": 1}, "P638--usb-stick--clutter--BYrX8DJu-P3RCI9ij_KOpaVokYlc7M_M0nEv-GwWxdw-00087.jpg": {"object_bounding_box": [327, 545, 271, 140], "object_presence": 1}, "P638--usb-stick--clutter--BYrX8DJu-P3RCI9ij_KOpaVokYlc7M_M0nEv-GwWxdw-00088.jpg": {"object_bounding_box": [333, 547, 266, 137], "object_presence": 1}, "P638--usb-stick--clutter--BYrX8DJu-P3RCI9ij_KOpaVokYlc7M_M0nEv-GwWxdw-00089.jpg": {"object_bounding_box": [339, 546, 264, 135], "object_presence": 1}, "P638--usb-stick--clutter--BYrX8DJu-P3RCI9ij_KOpaVokYlc7M_M0nEv-GwWxdw-00090.jpg": {"object_bounding_box": [340, 538, 263, 134], "object_presence": 1}, "P638--usb-stick--clutter--BYrX8DJu-P3RCI9ij_KOpaVokYlc7M_M0nEv-GwWxdw-00091.jpg": {"object_bounding_box": [341, 531, 261, 132], "object_presence": 1}, "P638--usb-stick--clutter--BYrX8DJu-P3RCI9ij_KOpaVokYlc7M_M0nEv-GwWxdw-00092.jpg": {"object_bounding_box": [341, 523, 259, 131], "object_presence": 1}, "P638--usb-stick--clutter--BYrX8DJu-P3RCI9ij_KOpaVokYlc7M_M0nEv-GwWxdw-00093.jpg": {"object_bounding_box": [342, 512, 257, 129], "object_presence": 1}, "P638--usb-stick--clutter--BYrX8DJu-P3RCI9ij_KOpaVokYlc7M_M0nEv-GwWxdw-00094.jpg": {"object_bounding_box": [344, 502, 255, 129], "object_presence": 1}, "P638--usb-stick--clutter--BYrX8DJu-P3RCI9ij_KOpaVokYlc7M_M0nEv-GwWxdw-00095.jpg": {"object_bounding_box": [342, 502, 254, 129], "object_presence": 1}, "P638--usb-stick--clutter--BYrX8DJu-P3RCI9ij_KOpaVokYlc7M_M0nEv-GwWxdw-00096.jpg": {"object_bounding_box": [338, 503, 252, 128], "object_presence": 1}, "P638--usb-stick--clutter--BYrX8DJu-P3RCI9ij_KOpaVokYlc7M_M0nEv-GwWxdw-00097.jpg": {"object_bounding_box": [333, 502, 251, 127], "object_presence": 1}, "P638--usb-stick--clutter--BYrX8DJu-P3RCI9ij_KOpaVokYlc7M_M0nEv-GwWxdw-00098.jpg": {"object_bounding_box": [330, 490, 250, 128], "object_presence": 1}, "P638--usb-stick--clutter--BYrX8DJu-P3RCI9ij_KOpaVokYlc7M_M0nEv-GwWxdw-00099.jpg": {"object_bounding_box": [333, 480, 247, 127], "object_presence": 1}, "P638--usb-stick--clutter--BYrX8DJu-P3RCI9ij_KOpaVokYlc7M_M0nEv-GwWxdw-00100.jpg": {"object_bounding_box": [334, 472, 247, 125], "object_presence": 1}, "P638--usb-stick--clutter--BYrX8DJu-P3RCI9ij_KOpaVokYlc7M_M0nEv-GwWxdw-00101.jpg": {"object_bounding_box": [330, 465, 245, 124], "object_presence": 1}, "P638--usb-stick--clutter--BYrX8DJu-P3RCI9ij_KOpaVokYlc7M_M0nEv-GwWxdw-00102.jpg": {"object_bounding_box": [327, 463, 243, 124], "object_presence": 1}, "P638--usb-stick--clutter--BYrX8DJu-P3RCI9ij_KOpaVokYlc7M_M0nEv-GwWxdw-00103.jpg": {"object_bounding_box": [326, 465, 241, 122], "object_presence": 1}, "P638--usb-stick--clutter--BYrX8DJu-P3RCI9ij_KOpaVokYlc7M_M0nEv-GwWxdw-00104.jpg": {"object_bounding_box": [336, 458, 239, 119], "object_presence": 1}, "P638--usb-stick--clutter--BYrX8DJu-P3RCI9ij_KOpaVokYlc7M_M0nEv-GwWxdw-00105.jpg": {"object_bounding_box": [343, 447, 237, 120], "object_presence": 1}, "P638--usb-stick--clutter--BYrX8DJu-P3RCI9ij_KOpaVokYlc7M_M0nEv-GwWxdw-00106.jpg": {"object_bounding_box": [348, 444, 235, 119], "object_presence": 1}, "P638--usb-stick--clutter--BYrX8DJu-P3RCI9ij_KOpaVokYlc7M_M0nEv-GwWxdw-00107.jpg": {"object_bounding_box": [358, 437, 234, 118], "object_presence": 1}, "P638--usb-stick--clutter--BYrX8DJu-P3RCI9ij_KOpaVokYlc7M_M0nEv-GwWxdw-00108.jpg": {"object_bounding_box": [358, 433, 233, 117], "object_presence": 1}, "P638--usb-stick--clutter--BYrX8DJu-P3RCI9ij_KOpaVokYlc7M_M0nEv-GwWxdw-00109.jpg": {"object_bounding_box": [361, 435, 232, 117], "object_presence": 1}, "P638--usb-stick--clutter--BYrX8DJu-P3RCI9ij_KOpaVokYlc7M_M0nEv-GwWxdw-00110.jpg": {"object_bounding_box": [361, 437, 230, 116], "object_presence": 1}, "P638--usb-stick--clutter--BYrX8DJu-P3RCI9ij_KOpaVokYlc7M_M0nEv-GwWxdw-00111.jpg": {"object_bounding_box": [359, 437, 228, 115], "object_presence": 1}, "P638--usb-stick--clutter--BYrX8DJu-P3RCI9ij_KOpaVokYlc7M_M0nEv-GwWxdw-00112.jpg": {"object_bounding_box": [356, 440, 228, 114], "object_presence": 1}, "P638--usb-stick--clutter--BYrX8DJu-P3RCI9ij_KOpaVokYlc7M_M0nEv-GwWxdw-00113.jpg": {"object_bounding_box": [353, 438, 227, 113], "object_presence": 1}, "P638--usb-stick--clutter--BYrX8DJu-P3RCI9ij_KOpaVokYlc7M_M0nEv-GwWxdw-00114.jpg": {"object_bounding_box": [348, 441, 225, 112], "object_presence": 1}, "P638--usb-stick--clutter--BYrX8DJu-P3RCI9ij_KOpaVokYlc7M_M0nEv-GwWxdw-00115.jpg": {"object_bounding_box": [346, 440, 223, 110], "object_presence": 1}, "P638--usb-stick--clutter--BYrX8DJu-P3RCI9ij_KOpaVokYlc7M_M0nEv-GwWxdw-00116.jpg": {"object_bounding_box": [350, 433, 223, 110], "object_presence": 1}, "P638--usb-stick--clutter--BYrX8DJu-P3RCI9ij_KOpaVokYlc7M_M0nEv-GwWxdw-00117.jpg": {"object_bounding_box": [343, 434, 221, 108], "object_presence": 1}, "P638--usb-stick--clutter--BYrX8DJu-P3RCI9ij_KOpaVokYlc7M_M0nEv-GwWxdw-00118.jpg": {"object_bounding_box": [346, 428, 220, 108], "object_presence": 1}, "P638--usb-stick--clutter--BYrX8DJu-P3RCI9ij_KOpaVokYlc7M_M0nEv-GwWxdw-00119.jpg": {"object_bounding_box": [346, 419, 219, 108], "object_presence": 1}, "P638--usb-stick--clutter--BYrX8DJu-P3RCI9ij_KOpaVokYlc7M_M0nEv-GwWxdw-00120.jpg": {"object_bounding_box": [349, 409, 218, 107], "object_presence": 1}, "P638--usb-stick--clutter--BYrX8DJu-P3RCI9ij_KOpaVokYlc7M_M0nEv-GwWxdw-00121.jpg": {"object_bounding_box": [350, 407, 215, 107], "object_presence": 1}, "P638--usb-stick--clutter--BYrX8DJu-P3RCI9ij_KOpaVokYlc7M_M0nEv-GwWxdw-00122.jpg": {"object_bounding_box": [351, 407, 213, 106], "object_presence": 1}, "P638--usb-stick--clutter--BYrX8DJu-P3RCI9ij_KOpaVokYlc7M_M0nEv-GwWxdw-00123.jpg": {"object_bounding_box": [354, 415, 212, 104], "object_presence": 1}, "P638--usb-stick--clutter--BYrX8DJu-P3RCI9ij_KOpaVokYlc7M_M0nEv-GwWxdw-00124.jpg": {"object_bounding_box": [355, 420, 211, 104], "object_presence": 1}, "P638--usb-stick--clutter--BYrX8DJu-P3RCI9ij_KOpaVokYlc7M_M0nEv-GwWxdw-00125.jpg": {"object_bounding_box": [362, 418, 210, 104], "object_presence": 1}, "P638--usb-stick--clutter--BYrX8DJu-P3RCI9ij_KOpaVokYlc7M_M0nEv-GwWxdw-00126.jpg": {"object_bounding_box": [362, 423, 209, 103], "object_presence": 1}, "P638--usb-stick--clutter--BYrX8DJu-P3RCI9ij_KOpaVokYlc7M_M0nEv-GwWxdw-00127.jpg": {"object_bounding_box": [362, 421, 207, 102], "object_presence": 1}, "P638--usb-stick--clutter--BYrX8DJu-P3RCI9ij_KOpaVokYlc7M_M0nEv-GwWxdw-00128.jpg": {"object_bounding_box": [363, 420, 206, 101], "object_presence": 1}, "P638--usb-stick--clutter--BYrX8DJu-P3RCI9ij_KOpaVokYlc7M_M0nEv-GwWxdw-00129.jpg": {"object_bounding_box": [361, 406, 204, 95], "object_presence": 1}, "P638--usb-stick--clutter--BYrX8DJu-P3RCI9ij_KOpaVokYlc7M_M0nEv-GwWxdw-00130.jpg": {"object_bounding_box": [358, 380, 209, 101], "object_presence": 1}, "P638--usb-stick--clutter--BYrX8DJu-P3RCI9ij_KOpaVokYlc7M_M0nEv-GwWxdw-00131.jpg": {"object_bounding_box": [358, 386, 209, 99], "object_presence": 1}, "P638--usb-stick--clutter--BYrX8DJu-P3RCI9ij_KOpaVokYlc7M_M0nEv-GwWxdw-00132.jpg": {"object_bounding_box": [367, 393, 204, 98], "object_presence": 1}, "P638--usb-stick--clutter--BYrX8DJu-P3RCI9ij_KOpaVokYlc7M_M0nEv-GwWxdw-00133.jpg": {"object_bounding_box": [369, 396, 202, 98], "object_presence": 1}, "P638--usb-stick--clutter--BYrX8DJu-P3RCI9ij_KOpaVokYlc7M_M0nEv-GwWxdw-00134.jpg": {"object_bounding_box": [365, 404, 201, 98], "object_presence": 1}, "P638--usb-stick--clutter--BYrX8DJu-P3RCI9ij_KOpaVokYlc7M_M0nEv-GwWxdw-00135.jpg": {"object_bounding_box": [366, 418, 199, 98], "object_presence": 1}, "P638--usb-stick--clutter--BYrX8DJu-P3RCI9ij_KOpaVokYlc7M_M0nEv-GwWxdw-00136.jpg": {"object_bounding_box": [371, 435, 197, 96], "object_presence": 1}, "P638--usb-stick--clutter--BYrX8DJu-P3RCI9ij_KOpaVokYlc7M_M0nEv-GwWxdw-00137.jpg": {"object_bounding_box": [381, 442, 192, 96], "object_presence": 1}, "P638--usb-stick--clutter--BYrX8DJu-P3RCI9ij_KOpaVokYlc7M_M0nEv-GwWxdw-00138.jpg": {"object_bounding_box": [388, 444, 194, 95], "object_presence": 1}, "P638--usb-stick--clutter--BYrX8DJu-P3RCI9ij_KOpaVokYlc7M_M0nEv-GwWxdw-00139.jpg": {"object_bounding_box": [390, 452, 193, 95], "object_presence": 1}, "P638--usb-stick--clutter--BYrX8DJu-P3RCI9ij_KOpaVokYlc7M_M0nEv-GwWxdw-00140.jpg": {"object_bounding_box": [396, 463, 193, 92], "object_presence": 1}, "P638--usb-stick--clutter--BYrX8DJu-P3RCI9ij_KOpaVokYlc7M_M0nEv-GwWxdw-00141.jpg": {"object_bounding_box": [410, 464, 191, 92], "object_presence": 1}, "P638--usb-stick--clutter--BYrX8DJu-P3RCI9ij_KOpaVokYlc7M_M0nEv-GwWxdw-00142.jpg": {"object_bounding_box": [410, 463, 191, 92], "object_presence": 1}, "P638--usb-stick--clutter--BYrX8DJu-P3RCI9ij_KOpaVokYlc7M_M0nEv-GwWxdw-00143.jpg": {"object_bounding_box": [422, 466, 190, 91], "object_presence": 1}, "P638--usb-stick--clutter--BYrX8DJu-P3RCI9ij_KOpaVokYlc7M_M0nEv-GwWxdw-00144.jpg": {"object_bounding_box": [425, 463, 191, 91], "object_presence": 1}, "P638--usb-stick--clutter--BYrX8DJu-P3RCI9ij_KOpaVokYlc7M_M0nEv-GwWxdw-00145.jpg": {"object_bounding_box": [423, 463, 190, 91], "object_presence": 1}, "P638--usb-stick--clutter--BYrX8DJu-P3RCI9ij_KOpaVokYlc7M_M0nEv-GwWxdw-00146.jpg": {"object_bounding_box": [427, 460, 188, 90], "object_presence": 1}, "P638--usb-stick--clutter--BYrX8DJu-P3RCI9ij_KOpaVokYlc7M_M0nEv-GwWxdw-00147.jpg": {"object_bounding_box": [429, 454, 189, 91], "object_presence": 1}, "P638--usb-stick--clutter--BYrX8DJu-P3RCI9ij_KOpaVokYlc7M_M0nEv-GwWxdw-00148.jpg": {"object_bounding_box": [434, 447, 187, 91], "object_presence": 1}, "P638--usb-stick--clutter--BYrX8DJu-P3RCI9ij_KOpaVokYlc7M_M0nEv-GwWxdw-00149.jpg": {"object_bounding_box": [440, 445, 186, 91], "object_presence": 1}, "P638--usb-stick--clutter--BYrX8DJu-P3RCI9ij_KOpaVokYlc7M_M0nEv-GwWxdw-00150.jpg": {"object_bounding_box": [448, 449, 184, 90], "object_presence": 1}, "P638--usb-stick--clutter--BYrX8DJu-P3RCI9ij_KOpaVokYlc7M_M0nEv-GwWxdw-00151.jpg": {"object_bounding_box": [453, 452, 183, 89], "object_presence": 1}, "P638--usb-stick--clutter--BYrX8DJu-P3RCI9ij_KOpaVokYlc7M_M0nEv-GwWxdw-00152.jpg": {"object_bounding_box": [455, 450, 181, 89], "object_presence": 1}, "P638--usb-stick--clutter--BYrX8DJu-P3RCI9ij_KOpaVokYlc7M_M0nEv-GwWxdw-00153.jpg": {"object_bounding_box": [463, 447, 180, 85], "object_presence": 1}, "P638--usb-stick--clutter--BYrX8DJu-P3RCI9ij_KOpaVokYlc7M_M0nEv-GwWxdw-00154.jpg": {"object_bounding_box": [470, 435, 178, 87], "object_presence": 1}, "P638--usb-stick--clutter--BYrX8DJu-P3RCI9ij_KOpaVokYlc7M_M0nEv-GwWxdw-00155.jpg": {"object_bounding_box": [472, 438, 179, 85], "object_presence": 1}, "P638--usb-stick--clutter--BYrX8DJu-P3RCI9ij_KOpaVokYlc7M_M0nEv-GwWxdw-00156.jpg": {"object_bounding_box": [483, 449, 177, 84], "object_presence": 1}, "P638--usb-stick--clutter--BYrX8DJu-P3RCI9ij_KOpaVokYlc7M_M0nEv-GwWxdw-00157.jpg": {"object_bounding_box": [493, 454, 177, 85], "object_presence": 1}, "P638--usb-stick--clutter--BYrX8DJu-P3RCI9ij_KOpaVokYlc7M_M0nEv-GwWxdw-00158.jpg": {"object_bounding_box": [498, 460, 176, 83], "object_presence": 1}, "P638--usb-stick--clutter--BYrX8DJu-P3RCI9ij_KOpaVokYlc7M_M0nEv-GwWxdw-00159.jpg": {"object_bounding_box": [505, 463, 175, 82], "object_presence": 1}, "P638--usb-stick--clutter--BYrX8DJu-P3RCI9ij_KOpaVokYlc7M_M0nEv-GwWxdw-00160.jpg": {"object_bounding_box": [506, 467, 173, 82], "object_presence": 1}, "P638--usb-stick--clutter--BYrX8DJu-P3RCI9ij_KOpaVokYlc7M_M0nEv-GwWxdw-00161.jpg": {"object_bounding_box": [502, 471, 172, 82], "object_presence": 1}, "P638--usb-stick--clutter--BYrX8DJu-P3RCI9ij_KOpaVokYlc7M_M0nEv-GwWxdw-00162.jpg": {"object_bounding_box": [502, 464, 172, 81], "object_presence": 1}, "P638--usb-stick--clutter--BYrX8DJu-P3RCI9ij_KOpaVokYlc7M_M0nEv-GwWxdw-00163.jpg": {"object_bounding_box": [492, 460, 172, 81], "object_presence": 1}, "P638--usb-stick--clutter--BYrX8DJu-P3RCI9ij_KOpaVokYlc7M_M0nEv-GwWxdw-00164.jpg": {"object_bounding_box": [496, 457, 169, 81], "object_presence": 1}, "P638--usb-stick--clutter--BYrX8DJu-P3RCI9ij_KOpaVokYlc7M_M0nEv-GwWxdw-00165.jpg": {"object_bounding_box": [497, 453, 170, 80], "object_presence": 1}, "P638--usb-stick--clutter--BYrX8DJu-P3RCI9ij_KOpaVokYlc7M_M0nEv-GwWxdw-00166.jpg": {"object_bounding_box": [490, 452, 168, 81], "object_presence": 1}, "P638--usb-stick--clutter--BYrX8DJu-P3RCI9ij_KOpaVokYlc7M_M0nEv-GwWxdw-00167.jpg": {"object_bounding_box": [491, 443, 169, 79], "object_presence": 1}, "P638--usb-stick--clutter--BYrX8DJu-P3RCI9ij_KOpaVokYlc7M_M0nEv-GwWxdw-00168.jpg": {"object_bounding_box": [487, 430, 169, 80], "object_presence": 1}, "P638--usb-stick--clutter--BYrX8DJu-P3RCI9ij_KOpaVokYlc7M_M0nEv-GwWxdw-00169.jpg": {"object_bounding_box": [488, 428, 168, 80], "object_presence": 1}, "P638--usb-stick--clutter--BYrX8DJu-P3RCI9ij_KOpaVokYlc7M_M0nEv-GwWxdw-00170.jpg": {"object_bounding_box": [494, 428, 166, 79], "object_presence": 1}, "P638--usb-stick--clutter--BYrX8DJu-P3RCI9ij_KOpaVokYlc7M_M0nEv-GwWxdw-00171.jpg": {"object_bounding_box": [499, 422, 167, 79], "object_presence": 1}, "P638--usb-stick--clutter--BYrX8DJu-P3RCI9ij_KOpaVokYlc7M_M0nEv-GwWxdw-00172.jpg": {"object_bounding_box": [501, 421, 166, 78], "object_presence": 1}, "P638--usb-stick--clutter--BYrX8DJu-P3RCI9ij_KOpaVokYlc7M_M0nEv-GwWxdw-00173.jpg": {"object_bounding_box": [507, 421, 164, 78], "object_presence": 1}, "P638--usb-stick--clutter--BYrX8DJu-P3RCI9ij_KOpaVokYlc7M_M0nEv-GwWxdw-00174.jpg": {"object_bounding_box": [508, 418, 164, 76], "object_presence": 1}, "P638--usb-stick--clutter--BYrX8DJu-P3RCI9ij_KOpaVokYlc7M_M0nEv-GwWxdw-00175.jpg": {"object_bounding_box": [501, 410, 163, 75], "object_presence": 1}, "P638--usb-stick--clutter--BYrX8DJu-P3RCI9ij_KOpaVokYlc7M_M0nEv-GwWxdw-00176.jpg": {"object_bounding_box": [491, 400, 162, 76], "object_presence": 1}, "P638--usb-stick--clutter--BYrX8DJu-P3RCI9ij_KOpaVokYlc7M_M0nEv-GwWxdw-00177.jpg": {"object_bounding_box": [484, 403, 161, 77], "object_presence": 1}, "P638--usb-stick--clutter--BYrX8DJu-P3RCI9ij_KOpaVokYlc7M_M0nEv-GwWxdw-00178.jpg": {"object_bounding_box": [488, 402, 159, 76], "object_presence": 1}, "P638--usb-stick--clutter--BYrX8DJu-P3RCI9ij_KOpaVokYlc7M_M0nEv-GwWxdw-00179.jpg": {"object_bounding_box": [482, 401, 162, 75], "object_presence": 1}, "P638--usb-stick--clutter--BYrX8DJu-P3RCI9ij_KOpaVokYlc7M_M0nEv-GwWxdw-00180.jpg": {"object_bounding_box": [483, 403, 160, 75], "object_presence": 1}, "P638--usb-stick--clutter--BYrX8DJu-P3RCI9ij_KOpaVokYlc7M_M0nEv-GwWxdw-00181.jpg": {"object_bounding_box": [486, 409, 160, 73], "object_presence": 1}, "P638--usb-stick--clutter--BYrX8DJu-P3RCI9ij_KOpaVokYlc7M_M0nEv-GwWxdw-00182.jpg": {"object_bounding_box": [494, 416, 157, 74], "object_presence": 1}, "P638--usb-stick--clutter--BYrX8DJu-P3RCI9ij_KOpaVokYlc7M_M0nEv-GwWxdw-00183.jpg": {"object_bounding_box": [495, 415, 158, 73], "object_presence": 1}, "P638--usb-stick--clutter--BYrX8DJu-P3RCI9ij_KOpaVokYlc7M_M0nEv-GwWxdw-00184.jpg": {"object_bounding_box": [495, 419, 157, 72], "object_presence": 1}, "P638--usb-stick--clutter--BYrX8DJu-P3RCI9ij_KOpaVokYlc7M_M0nEv-GwWxdw-00185.jpg": {"object_bounding_box": [500, 421, 155, 72], "object_presence": 1}, "P638--usb-stick--clutter--BYrX8DJu-P3RCI9ij_KOpaVokYlc7M_M0nEv-GwWxdw-00186.jpg": {"object_bounding_box": [500, 422, 155, 71], "object_presence": 1}, "P638--usb-stick--clutter--BYrX8DJu-P3RCI9ij_KOpaVokYlc7M_M0nEv-GwWxdw-00187.jpg": {"object_bounding_box": [503, 423, 154, 71], "object_presence": 1}, "P638--usb-stick--clutter--BYrX8DJu-P3RCI9ij_KOpaVokYlc7M_M0nEv-GwWxdw-00188.jpg": {"object_bounding_box": [504, 426, 155, 71], "object_presence": 1}, "P638--usb-stick--clutter--BYrX8DJu-P3RCI9ij_KOpaVokYlc7M_M0nEv-GwWxdw-00189.jpg": {"object_bounding_box": [511, 429, 153, 70], "object_presence": 1}, "P638--usb-stick--clutter--BYrX8DJu-P3RCI9ij_KOpaVokYlc7M_M0nEv-GwWxdw-00190.jpg": {"object_bounding_box": [517, 432, 152, 70], "object_presence": 1}, "P638--usb-stick--clutter--BYrX8DJu-P3RCI9ij_KOpaVokYlc7M_M0nEv-GwWxdw-00191.jpg": {"object_bounding_box": [520, 435, 152, 69], "object_presence": 1}, "P638--usb-stick--clutter--BYrX8DJu-P3RCI9ij_KOpaVokYlc7M_M0nEv-GwWxdw-00192.jpg": {"object_bounding_box": [525, 441, 154, 69], "object_presence": 1}, "P638--usb-stick--clutter--BYrX8DJu-P3RCI9ij_KOpaVokYlc7M_M0nEv-GwWxdw-00193.jpg": {"object_bounding_box": [530, 444, 150, 68], "object_presence": 1}, "P638--usb-stick--clutter--BYrX8DJu-P3RCI9ij_KOpaVokYlc7M_M0nEv-GwWxdw-00194.jpg": {"object_bounding_box": [525, 435, 148, 68], "object_presence": 1}, "P638--usb-stick--clutter--BYrX8DJu-P3RCI9ij_KOpaVokYlc7M_M0nEv-GwWxdw-00195.jpg": {"object_bounding_box": [503, 426, 150, 67], "object_presence": 1}, "P638--usb-stick--clutter--BYrX8DJu-P3RCI9ij_KOpaVokYlc7M_M0nEv-GwWxdw-00196.jpg": {"object_bounding_box": [497, 419, 151, 68], "object_presence": 1}, "P638--usb-stick--clutter--BYrX8DJu-P3RCI9ij_KOpaVokYlc7M_M0nEv-GwWxdw-00197.jpg": {"object_bounding_box": [488, 411, 150, 69], "object_presence": 1}, "P638--usb-stick--clutter--BYrX8DJu-P3RCI9ij_KOpaVokYlc7M_M0nEv-GwWxdw-00198.jpg": {"object_bounding_box": [484, 416, 147, 68], "object_presence": 1}, "P638--usb-stick--clutter--BYrX8DJu-P3RCI9ij_KOpaVokYlc7M_M0nEv-GwWxdw-00199.jpg": {"object_bounding_box": [493, 418, 147, 67], "object_presence": 1}, "P638--usb-stick--clutter--BYrX8DJu-P3RCI9ij_KOpaVokYlc7M_M0nEv-GwWxdw-00200.jpg": {"object_bounding_box": [490, 415, 144, 67], "object_presence": 1}, "P638--usb-stick--clutter--BYrX8DJu-P3RCI9ij_KOpaVokYlc7M_M0nEv-GwWxdw-00201.jpg": {"object_bounding_box": [492, 421, 145, 66], "object_presence": 1}, "P638--usb-stick--clutter--BYrX8DJu-P3RCI9ij_KOpaVokYlc7M_M0nEv-GwWxdw-00202.jpg": {"object_bounding_box": [499, 424, 145, 65], "object_presence": 1}, "P638--usb-stick--clutter--BYrX8DJu-P3RCI9ij_KOpaVokYlc7M_M0nEv-GwWxdw-00203.jpg": {"object_bounding_box": [498, 420, 145, 63], "object_presence": 1}, "P638--usb-stick--clutter--BYrX8DJu-P3RCI9ij_KOpaVokYlc7M_M0nEv-GwWxdw-00204.jpg": {"object_bounding_box": [500, 415, 144, 64], "object_presence": 1}, "P638--usb-stick--clutter--BYrX8DJu-P3RCI9ij_KOpaVokYlc7M_M0nEv-GwWxdw-00205.jpg": {"object_bounding_box": [504, 417, 145, 63], "object_presence": 1}, "P638--usb-stick--clutter--BYrX8DJu-P3RCI9ij_KOpaVokYlc7M_M0nEv-GwWxdw-00206.jpg": {"object_bounding_box": [513, 423, 143, 62], "object_presence": 1}, "P638--usb-stick--clutter--BYrX8DJu-P3RCI9ij_KOpaVokYlc7M_M0nEv-GwWxdw-00207.jpg": {"object_bounding_box": [513, 422, 141, 61], "object_presence": 1}, "P638--usb-stick--clutter--BYrX8DJu-P3RCI9ij_KOpaVokYlc7M_M0nEv-GwWxdw-00208.jpg": {"object_bounding_box": [518, 420, 141, 61], "object_presence": 1}, "P638--usb-stick--clutter--BYrX8DJu-P3RCI9ij_KOpaVokYlc7M_M0nEv-GwWxdw-00209.jpg": {"object_bounding_box": [521, 420, 142, 60], "object_presence": 1}, "P638--usb-stick--clutter--BYrX8DJu-P3RCI9ij_KOpaVokYlc7M_M0nEv-GwWxdw-00210.jpg": {"object_bounding_box": [518, 418, 140, 61], "object_presence": 1}, "P638--usb-stick--clutter--BYrX8DJu-P3RCI9ij_KOpaVokYlc7M_M0nEv-GwWxdw-00211.jpg": {"object_bounding_box": [524, 424, 139, 62], "object_presence": 1}, "P638--usb-stick--clutter--BYrX8DJu-P3RCI9ij_KOpaVokYlc7M_M0nEv-GwWxdw-00212.jpg": {"object_bounding_box": [528, 424, 141, 60], "object_presence": 1}, "P638--usb-stick--clutter--BYrX8DJu-P3RCI9ij_KOpaVokYlc7M_M0nEv-GwWxdw-00213.jpg": {"object_bounding_box": [527, 413, 141, 60], "object_presence": 1}, "P638--usb-stick--clutter--BYrX8DJu-P3RCI9ij_KOpaVokYlc7M_M0nEv-GwWxdw-00214.jpg": {"object_bounding_box": [530, 414, 139, 59], "object_presence": 1}, "P638--usb-stick--clutter--BYrX8DJu-P3RCI9ij_KOpaVokYlc7M_M0nEv-GwWxdw-00215.jpg": {"object_bounding_box": [537, 413, 138, 58], "object_presence": 1}, "P638--usb-stick--clutter--BYrX8DJu-P3RCI9ij_KOpaVokYlc7M_M0nEv-GwWxdw-00216.jpg": {"object_bounding_box": [537, 412, 139, 58], "object_presence": 1}, "P638--usb-stick--clutter--BYrX8DJu-P3RCI9ij_KOpaVokYlc7M_M0nEv-GwWxdw-00217.jpg": {"object_bounding_box": [538, 413, 138, 57], "object_presence": 1}, "P638--usb-stick--clutter--BYrX8DJu-P3RCI9ij_KOpaVokYlc7M_M0nEv-GwWxdw-00218.jpg": {"object_bounding_box": [540, 412, 136, 59], "object_presence": 1}, "P638--usb-stick--clutter--BYrX8DJu-P3RCI9ij_KOpaVokYlc7M_M0nEv-GwWxdw-00219.jpg": {"object_bounding_box": [544, 415, 138, 57], "object_presence": 1}, "P638--usb-stick--clutter--BYrX8DJu-P3RCI9ij_KOpaVokYlc7M_M0nEv-GwWxdw-00220.jpg": {"object_bounding_box": [544, 411, 137, 57], "object_presence": 1}, "P638--usb-stick--clutter--BYrX8DJu-P3RCI9ij_KOpaVokYlc7M_M0nEv-GwWxdw-00221.jpg": {"object_bounding_box": [546, 417, 137, 56], "object_presence": 1}, "P638--usb-stick--clutter--BYrX8DJu-P3RCI9ij_KOpaVokYlc7M_M0nEv-GwWxdw-00222.jpg": {"object_bounding_box": [555, 422, 135, 57], "object_presence": 1}, "P638--usb-stick--clutter--BYrX8DJu-P3RCI9ij_KOpaVokYlc7M_M0nEv-GwWxdw-00223.jpg": {"object_bounding_box": [554, 427, 135, 56], "object_presence": 1}, "P638--usb-stick--clutter--BYrX8DJu-P3RCI9ij_KOpaVokYlc7M_M0nEv-GwWxdw-00224.jpg": {"object_bounding_box": [562, 436, 134, 56], "object_presence": 1}, "P638--usb-stick--clutter--BYrX8DJu-P3RCI9ij_KOpaVokYlc7M_M0nEv-GwWxdw-00225.jpg": {"object_bounding_box": [564, 438, 133, 56], "object_presence": 1}, "P638--usb-stick--clutter--BYrX8DJu-P3RCI9ij_KOpaVokYlc7M_M0nEv-GwWxdw-00226.jpg": {"object_bounding_box": [566, 434, 133, 55], "object_presence": 1}, "P638--usb-stick--clutter--BYrX8DJu-P3RCI9ij_KOpaVokYlc7M_M0nEv-GwWxdw-00227.jpg": {"object_bounding_box": [572, 429, 134, 55], "object_presence": 1}, "P638--usb-stick--clutter--BYrX8DJu-P3RCI9ij_KOpaVokYlc7M_M0nEv-GwWxdw-00228.jpg": {"object_bounding_box": [576, 427, 134, 55], "object_presence": 1}, "P638--usb-stick--clutter--BYrX8DJu-P3RCI9ij_KOpaVokYlc7M_M0nEv-GwWxdw-00229.jpg": {"object_bounding_box": [578, 427, 134, 55], "object_presence": 1}, "P638--usb-stick--clutter--BYrX8DJu-P3RCI9ij_KOpaVokYlc7M_M0nEv-GwWxdw-00230.jpg": {"object_bounding_box": [581, 423, 134, 56], "object_presence": 1}, "P638--usb-stick--clutter--BYrX8DJu-P3RCI9ij_KOpaVokYlc7M_M0nEv-GwWxdw-00231.jpg": {"object_bounding_box": [577, 426, 134, 55], "object_presence": 1}, "P638--usb-stick--clutter--BYrX8DJu-P3RCI9ij_KOpaVokYlc7M_M0nEv-GwWxdw-00232.jpg": {"object_bounding_box": [574, 430, 133, 55], "object_presence": 1}, "P638--usb-stick--clutter--BYrX8DJu-P3RCI9ij_KOpaVokYlc7M_M0nEv-GwWxdw-00233.jpg": {"object_bounding_box": [574, 431, 133, 55], "object_presence": 1}, "P638--usb-stick--clutter--BYrX8DJu-P3RCI9ij_KOpaVokYlc7M_M0nEv-GwWxdw-00234.jpg": {"object_bounding_box": [578, 435, 130, 55], "object_presence": 1}, "P638--usb-stick--clutter--BYrX8DJu-P3RCI9ij_KOpaVokYlc7M_M0nEv-GwWxdw-00235.jpg": {"object_bounding_box": [581, 439, 131, 55], "object_presence": 1}, "P638--usb-stick--clutter--BYrX8DJu-P3RCI9ij_KOpaVokYlc7M_M0nEv-GwWxdw-00236.jpg": {"object_bounding_box": [584, 442, 129, 54], "object_presence": 1}, "P638--usb-stick--clutter--BYrX8DJu-P3RCI9ij_KOpaVokYlc7M_M0nEv-GwWxdw-00237.jpg": {"object_bounding_box": [585, 442, 131, 55], "object_presence": 1}, "P638--usb-stick--clutter--BYrX8DJu-P3RCI9ij_KOpaVokYlc7M_M0nEv-GwWxdw-00238.jpg": {"object_bounding_box": [588, 437, 131, 54], "object_presence": 1}, "P638--usb-stick--clutter--BYrX8DJu-P3RCI9ij_KOpaVokYlc7M_M0nEv-GwWxdw-00239.jpg": {"object_bounding_box": [587, 432, 130, 53], "object_presence": 1}, "P638--usb-stick--clutter--BYrX8DJu-P3RCI9ij_KOpaVokYlc7M_M0nEv-GwWxdw-00240.jpg": {"object_bounding_box": [586, 434, 131, 54], "object_presence": 1}, "P638--usb-stick--clutter--BYrX8DJu-P3RCI9ij_KOpaVokYlc7M_M0nEv-GwWxdw-00241.jpg": {"object_bounding_box": [587, 430, 133, 55], "object_presence": 1}, "P638--usb-stick--clutter--BYrX8DJu-P3RCI9ij_KOpaVokYlc7M_M0nEv-GwWxdw-00242.jpg": {"object_bounding_box": [584, 427, 132, 54], "object_presence": 1}, "P638--usb-stick--clutter--BYrX8DJu-P3RCI9ij_KOpaVokYlc7M_M0nEv-GwWxdw-00243.jpg": {"object_bounding_box": [583, 429, 130, 56], "object_presence": 1}, "P638--usb-stick--clutter--BYrX8DJu-P3RCI9ij_KOpaVokYlc7M_M0nEv-GwWxdw-00244.jpg": {"object_bounding_box": [581, 428, 131, 55], "object_presence": 1}, "P638--usb-stick--clutter--BYrX8DJu-P3RCI9ij_KOpaVokYlc7M_M0nEv-GwWxdw-00245.jpg": {"object_bounding_box": [579, 433, 131, 55], "object_presence": 1}, "P638--usb-stick--clutter--BYrX8DJu-P3RCI9ij_KOpaVokYlc7M_M0nEv-GwWxdw-00246.jpg": {"object_bounding_box": [578, 435, 130, 56], "object_presence": 1}, "P638--usb-stick--clutter--BYrX8DJu-P3RCI9ij_KOpaVokYlc7M_M0nEv-GwWxdw-00247.jpg": {"object_bounding_box": [578, 447, 132, 54], "object_presence": 1}, "P638--usb-stick--clutter--BYrX8DJu-P3RCI9ij_KOpaVokYlc7M_M0nEv-GwWxdw-00248.jpg": {"object_bounding_box": [581, 451, 130, 53], "object_presence": 1}, "P638--usb-stick--clutter--BYrX8DJu-P3RCI9ij_KOpaVokYlc7M_M0nEv-GwWxdw-00249.jpg": {"object_bounding_box": [581, 452, 132, 53], "object_presence": 1}, "P638--usb-stick--clutter--BYrX8DJu-P3RCI9ij_KOpaVokYlc7M_M0nEv-GwWxdw-00250.jpg": {"object_bounding_box": [581, 452, 129, 54], "object_presence": 1}, "P638--usb-stick--clutter--BYrX8DJu-P3RCI9ij_KOpaVokYlc7M_M0nEv-GwWxdw-00251.jpg": {"object_bounding_box": [577, 447, 130, 54], "object_presence": 1}, "P638--usb-stick--clutter--BYrX8DJu-P3RCI9ij_KOpaVokYlc7M_M0nEv-GwWxdw-00252.jpg": {"object_bounding_box": [575, 450, 131, 54], "object_presence": 1}, "P638--usb-stick--clutter--BYrX8DJu-P3RCI9ij_KOpaVokYlc7M_M0nEv-GwWxdw-00253.jpg": {"object_bounding_box": [575, 454, 129, 54], "object_presence": 1}, "P638--usb-stick--clutter--BYrX8DJu-P3RCI9ij_KOpaVokYlc7M_M0nEv-GwWxdw-00254.jpg": {"object_bounding_box": [575, 449, 130, 54], "object_presence": 1}, "P638--usb-stick--clutter--BYrX8DJu-P3RCI9ij_KOpaVokYlc7M_M0nEv-GwWxdw-00255.jpg": {"object_bounding_box": [575, 450, 129, 53], "object_presence": 1}, "P638--usb-stick--clutter--BYrX8DJu-P3RCI9ij_KOpaVokYlc7M_M0nEv-GwWxdw-00256.jpg": {"object_bounding_box": [578, 454, 129, 53], "object_presence": 1}, "P638--usb-stick--clutter--BYrX8DJu-P3RCI9ij_KOpaVokYlc7M_M0nEv-GwWxdw-00257.jpg": {"object_bounding_box": [576, 454, 128, 54], "object_presence": 1}, "P638--usb-stick--clutter--BYrX8DJu-P3RCI9ij_KOpaVokYlc7M_M0nEv-GwWxdw-00258.jpg": {"object_bounding_box": [579, 451, 129, 53], "object_presence": 1}, "P638--usb-stick--clutter--BYrX8DJu-P3RCI9ij_KOpaVokYlc7M_M0nEv-GwWxdw-00259.jpg": {"object_bounding_box": [578, 449, 130, 53], "object_presence": 1}, "P638--usb-stick--clutter--BYrX8DJu-P3RCI9ij_KOpaVokYlc7M_M0nEv-GwWxdw-00260.jpg": {"object_bounding_box": [577, 447, 129, 53], "object_presence": 1}, "P638--usb-stick--clutter--BYrX8DJu-P3RCI9ij_KOpaVokYlc7M_M0nEv-GwWxdw-00261.jpg": {"object_bounding_box": [574, 444, 130, 53], "object_presence": 1}, "P638--usb-stick--clutter--BYrX8DJu-P3RCI9ij_KOpaVokYlc7M_M0nEv-GwWxdw-00262.jpg": {"object_bounding_box": [574, 448, 130, 54], "object_presence": 1}, "P638--usb-stick--clutter--BYrX8DJu-P3RCI9ij_KOpaVokYlc7M_M0nEv-GwWxdw-00263.jpg": {"object_bounding_box": [573, 450, 130, 54], "object_presence": 1}, "P638--usb-stick--clutter--BYrX8DJu-P3RCI9ij_KOpaVokYlc7M_M0nEv-GwWxdw-00264.jpg": {"object_bounding_box": [573, 447, 129, 54], "object_presence": 1}, "P638--usb-stick--clutter--BYrX8DJu-P3RCI9ij_KOpaVokYlc7M_M0nEv-GwWxdw-00265.jpg": {"object_bounding_box": [572, 444, 129, 54], "object_presence": 1}, "P638--usb-stick--clutter--BYrX8DJu-P3RCI9ij_KOpaVokYlc7M_M0nEv-GwWxdw-00266.jpg": {"object_bounding_box": [571, 446, 129, 54], "object_presence": 1}, "P638--usb-stick--clutter--BYrX8DJu-P3RCI9ij_KOpaVokYlc7M_M0nEv-GwWxdw-00267.jpg": {"object_bounding_box": [576, 444, 129, 55], "object_presence": 1}, "P638--usb-stick--clutter--BYrX8DJu-P3RCI9ij_KOpaVokYlc7M_M0nEv-GwWxdw-00268.jpg": {"object_bounding_box": [575, 444, 129, 55], "object_presence": 1}, "P638--usb-stick--clutter--BYrX8DJu-P3RCI9ij_KOpaVokYlc7M_M0nEv-GwWxdw-00269.jpg": {"object_bounding_box": [575, 450, 130, 54], "object_presence": 1}, "P638--usb-stick--clutter--BYrX8DJu-P3RCI9ij_KOpaVokYlc7M_M0nEv-GwWxdw-00270.jpg": {"object_bounding_box": [574, 449, 131, 55], "object_presence": 1}, "P638--usb-stick--clutter--BYrX8DJu-P3RCI9ij_KOpaVokYlc7M_M0nEv-GwWxdw-00271.jpg": {"object_bounding_box": [575, 448, 129, 54], "object_presence": 1}, "P638--usb-stick--clutter--BYrX8DJu-P3RCI9ij_KOpaVokYlc7M_M0nEv-GwWxdw-00272.jpg": {"object_bounding_box": [578, 448, 127, 54], "object_presence": 1}, "P638--usb-stick--clutter--BYrX8DJu-P3RCI9ij_KOpaVokYlc7M_M0nEv-GwWxdw-00273.jpg": {"object_bounding_box": [579, 446, 130, 53], "object_presence": 1}, "P638--usb-stick--clutter--BYrX8DJu-P3RCI9ij_KOpaVokYlc7M_M0nEv-GwWxdw-00274.jpg": {"object_bounding_box": [581, 445, 129, 53], "object_presence": 1}, "P638--usb-stick--clutter--BYrX8DJu-P3RCI9ij_KOpaVokYlc7M_M0nEv-GwWxdw-00275.jpg": {"object_bounding_box": [580, 444, 129, 53], "object_presence": 1}, "P638--usb-stick--clutter--BYrX8DJu-P3RCI9ij_KOpaVokYlc7M_M0nEv-GwWxdw-00276.jpg": {"object_bounding_box": [578, 446, 129, 53], "object_presence": 1}, "P638--usb-stick--clutter--BYrX8DJu-P3RCI9ij_KOpaVokYlc7M_M0nEv-GwWxdw-00277.jpg": {"object_bounding_box": [579, 445, 128, 54], "object_presence": 1}, "P638--usb-stick--clutter--BYrX8DJu-P3RCI9ij_KOpaVokYlc7M_M0nEv-GwWxdw-00278.jpg": {"object_bounding_box": [579, 442, 129, 53], "object_presence": 1}, "P638--usb-stick--clutter--BYrX8DJu-P3RCI9ij_KOpaVokYlc7M_M0nEv-GwWxdw-00279.jpg": {"object_bounding_box": [579, 448, 129, 53], "object_presence": 1}, "P638--usb-stick--clutter--BYrX8DJu-P3RCI9ij_KOpaVokYlc7M_M0nEv-GwWxdw-00280.jpg": {"object_bounding_box": [580, 448, 129, 54], "object_presence": 1}, "P638--usb-stick--clutter--BYrX8DJu-P3RCI9ij_KOpaVokYlc7M_M0nEv-GwWxdw-00281.jpg": {"object_bounding_box": [580, 447, 129, 53], "object_presence": 1}, "P638--usb-stick--clutter--BYrX8DJu-P3RCI9ij_KOpaVokYlc7M_M0nEv-GwWxdw-00282.jpg": {"object_bounding_box": [582, 448, 128, 54], "object_presence": 1}, "P638--usb-stick--clutter--BYrX8DJu-P3RCI9ij_KOpaVokYlc7M_M0nEv-GwWxdw-00283.jpg": {"object_bounding_box": [585, 446, 128, 54], "object_presence": 1}, "P638--usb-stick--clutter--BYrX8DJu-P3RCI9ij_KOpaVokYlc7M_M0nEv-GwWxdw-00284.jpg": {"object_bounding_box": [585, 446, 131, 53], "object_presence": 1}, "P638--usb-stick--clutter--BYrX8DJu-P3RCI9ij_KOpaVokYlc7M_M0nEv-GwWxdw-00285.jpg": {"object_bounding_box": [581, 445, 131, 54], "object_presence": 1}, "P638--usb-stick--clutter--BYrX8DJu-P3RCI9ij_KOpaVokYlc7M_M0nEv-GwWxdw-00286.jpg": {"object_bounding_box": [582, 446, 128, 54], "object_presence": 1}, "P638--usb-stick--clutter--BYrX8DJu-P3RCI9ij_KOpaVokYlc7M_M0nEv-GwWxdw-00287.jpg": {"object_bounding_box": [583, 450, 129, 53], "object_presence": 1}, "P638--usb-stick--clutter--BYrX8DJu-P3RCI9ij_KOpaVokYlc7M_M0nEv-GwWxdw-00288.jpg": {"object_bounding_box": [587, 452, 129, 53], "object_presence": 1}, "P638--usb-stick--clutter--BYrX8DJu-P3RCI9ij_KOpaVokYlc7M_M0nEv-GwWxdw-00289.jpg": {"object_bounding_box": [590, 453, 129, 54], "object_presence": 1}, "P638--usb-stick--clutter--BYrX8DJu-P3RCI9ij_KOpaVokYlc7M_M0nEv-GwWxdw-00290.jpg": {"object_bounding_box": [589, 452, 129, 53], "object_presence": 1}, "P638--usb-stick--clutter--BYrX8DJu-P3RCI9ij_KOpaVokYlc7M_M0nEv-GwWxdw-00291.jpg": {"object_bounding_box": [587, 451, 129, 53], "object_presence": 1}, "P638--usb-stick--clutter--BYrX8DJu-P3RCI9ij_KOpaVokYlc7M_M0nEv-GwWxdw-00292.jpg": {"object_bounding_box": [587, 448, 128, 54], "object_presence": 1}, "P638--usb-stick--clutter--BYrX8DJu-P3RCI9ij_KOpaVokYlc7M_M0nEv-GwWxdw-00293.jpg": {"object_bounding_box": [583, 447, 128, 54], "object_presence": 1}, "P638--usb-stick--clutter--BYrX8DJu-P3RCI9ij_KOpaVokYlc7M_M0nEv-GwWxdw-00294.jpg": {"object_bounding_box": [581, 451, 128, 54], "object_presence": 1}, "P638--usb-stick--clutter--BYrX8DJu-P3RCI9ij_KOpaVokYlc7M_M0nEv-GwWxdw-00295.jpg": {"object_bounding_box": [576, 453, 129, 55], "object_presence": 1}, "P638--usb-stick--clutter--BYrX8DJu-P3RCI9ij_KOpaVokYlc7M_M0nEv-GwWxdw-00296.jpg": {"object_bounding_box": [576, 455, 128, 55], "object_presence": 1}, "P638--usb-stick--clutter--BYrX8DJu-P3RCI9ij_KOpaVokYlc7M_M0nEv-GwWxdw-00297.jpg": {"object_bounding_box": [578, 459, 128, 55], "object_presence": 1}, "P638--usb-stick--clutter--BYrX8DJu-P3RCI9ij_KOpaVokYlc7M_M0nEv-GwWxdw-00298.jpg": {"object_bounding_box": [581, 458, 129, 55], "object_presence": 1}, "P638--usb-stick--clutter--BYrX8DJu-P3RCI9ij_KOpaVokYlc7M_M0nEv-GwWxdw-00299.jpg": {"object_bounding_box": [583, 459, 128, 55], "object_presence": 1}, "P638--usb-stick--clutter--BYrX8DJu-P3RCI9ij_KOpaVokYlc7M_M0nEv-GwWxdw-00300.jpg": {"object_bounding_box": [586, 461, 129, 54], "object_presence": 1}, "P638--usb-stick--clutter--BYrX8DJu-P3RCI9ij_KOpaVokYlc7M_M0nEv-GwWxdw-00301.jpg": {"object_bounding_box": [587, 459, 129, 55], "object_presence": 1}, "P638--usb-stick--clutter--BYrX8DJu-P3RCI9ij_KOpaVokYlc7M_M0nEv-GwWxdw-00302.jpg": {"object_bounding_box": [589, 461, 128, 54], "object_presence": 1}, "P638--usb-stick--clutter--BYrX8DJu-P3RCI9ij_KOpaVokYlc7M_M0nEv-GwWxdw-00303.jpg": {"object_bounding_box": [590, 468, 129, 56], "object_presence": 1}, "P638--usb-stick--clutter--BYrX8DJu-P3RCI9ij_KOpaVokYlc7M_M0nEv-GwWxdw-00304.jpg": {"object_bounding_box": [592, 471, 128, 55], "object_presence": 1}, "P638--usb-stick--clutter--BYrX8DJu-P3RCI9ij_KOpaVokYlc7M_M0nEv-GwWxdw-00305.jpg": {"object_bounding_box": [593, 476, 127, 56], "object_presence": 1}, "P638--usb-stick--clutter--BYrX8DJu-P3RCI9ij_KOpaVokYlc7M_M0nEv-GwWxdw-00306.jpg": {"object_bounding_box": [595, 481, 128, 55], "object_presence": 1}, "P638--usb-stick--clutter--BYrX8DJu-P3RCI9ij_KOpaVokYlc7M_M0nEv-GwWxdw-00307.jpg": {"object_bounding_box": [598, 482, 128, 54], "object_presence": 1}, "P638--usb-stick--clutter--BYrX8DJu-P3RCI9ij_KOpaVokYlc7M_M0nEv-GwWxdw-00308.jpg": {"object_bounding_box": [596, 479, 127, 54], "object_presence": 1}, "P638--usb-stick--clutter--BYrX8DJu-P3RCI9ij_KOpaVokYlc7M_M0nEv-GwWxdw-00309.jpg": {"object_bounding_box": [598, 480, 128, 54], "object_presence": 1}, "P638--usb-stick--clutter--BYrX8DJu-P3RCI9ij_KOpaVokYlc7M_M0nEv-GwWxdw-00310.jpg": {"object_bounding_box": [600, 486, 126, 54], "object_presence": 1}, "P638--usb-stick--clutter--BYrX8DJu-P3RCI9ij_KOpaVokYlc7M_M0nEv-GwWxdw-00311.jpg": {"object_bounding_box": [602, 490, 126, 53], "object_presence": 1}, "P638--usb-stick--clutter--BYrX8DJu-P3RCI9ij_KOpaVokYlc7M_M0nEv-GwWxdw-00312.jpg": {"object_bounding_box": [600, 489, 127, 54], "object_presence": 1}, "P638--usb-stick--clutter--BYrX8DJu-P3RCI9ij_KOpaVokYlc7M_M0nEv-GwWxdw-00313.jpg": {"object_bounding_box": [600, 487, 127, 54], "object_presence": 1}, "P638--usb-stick--clutter--BYrX8DJu-P3RCI9ij_KOpaVokYlc7M_M0nEv-GwWxdw-00314.jpg": {"object_bounding_box": [600, 490, 126, 54], "object_presence": 1}, "P638--usb-stick--clutter--BYrX8DJu-P3RCI9ij_KOpaVokYlc7M_M0nEv-GwWxdw-00315.jpg": {"object_bounding_box": [604, 490, 125, 54], "object_presence": 1}, "P638--usb-stick--clutter--BYrX8DJu-P3RCI9ij_KOpaVokYlc7M_M0nEv-GwWxdw-00316.jpg": {"object_bounding_box": [601, 492, 125, 54], "object_presence": 1}, "P638--usb-stick--clutter--BYrX8DJu-P3RCI9ij_KOpaVokYlc7M_M0nEv-GwWxdw-00317.jpg": {"object_bounding_box": [601, 491, 125, 53], "object_presence": 1}, "P638--usb-stick--clutter--BYrX8DJu-P3RCI9ij_KOpaVokYlc7M_M0nEv-GwWxdw-00318.jpg": {"object_bounding_box": [600, 486, 126, 54], "object_presence": 1}, "P638--usb-stick--clutter--BYrX8DJu-P3RCI9ij_KOpaVokYlc7M_M0nEv-GwWxdw-00319.jpg": {"object_bounding_box": [596, 482, 126, 54], "object_presence": 1}, "P638--usb-stick--clutter--BYrX8DJu-P3RCI9ij_KOpaVokYlc7M_M0nEv-GwWxdw-00320.jpg": {"object_bounding_box": [596, 480, 125, 55], "object_presence": 1}, "P638--usb-stick--clutter--BYrX8DJu-P3RCI9ij_KOpaVokYlc7M_M0nEv-GwWxdw-00321.jpg": {"object_bounding_box": [596, 474, 124, 54], "object_presence": 1}, "P638--usb-stick--clutter--BYrX8DJu-P3RCI9ij_KOpaVokYlc7M_M0nEv-GwWxdw-00322.jpg": {"object_bounding_box": [596, 473, 125, 55], "object_presence": 1}, "P638--usb-stick--clutter--BYrX8DJu-P3RCI9ij_KOpaVokYlc7M_M0nEv-GwWxdw-00323.jpg": {"object_bounding_box": [593, 479, 127, 55], "object_presence": 1}, "P638--usb-stick--clutter--BYrX8DJu-P3RCI9ij_KOpaVokYlc7M_M0nEv-GwWxdw-00324.jpg": {"object_bounding_box": [592, 478, 125, 55], "object_presence": 1}, "P638--usb-stick--clutter--BYrX8DJu-P3RCI9ij_KOpaVokYlc7M_M0nEv-GwWxdw-00325.jpg": {"object_bounding_box": [592, 476, 125, 54], "object_presence": 1}, "P638--usb-stick--clutter--BYrX8DJu-P3RCI9ij_KOpaVokYlc7M_M0nEv-GwWxdw-00326.jpg": {"object_bounding_box": [595, 475, 125, 56], "object_presence": 1}, "P638--usb-stick--clutter--BYrX8DJu-P3RCI9ij_KOpaVokYlc7M_M0nEv-GwWxdw-00327.jpg": {"object_bounding_box": [598, 476, 124, 55], "object_presence": 1}, "P638--usb-stick--clutter--BYrX8DJu-P3RCI9ij_KOpaVokYlc7M_M0nEv-GwWxdw-00328.jpg": {"object_bounding_box": [599, 474, 125, 54], "object_presence": 1}, "P638--usb-stick--clutter--BYrX8DJu-P3RCI9ij_KOpaVokYlc7M_M0nEv-GwWxdw-00329.jpg": {"object_bounding_box": [600, 470, 127, 54], "object_presence": 1}, "P638--usb-stick--clutter--BYrX8DJu-P3RCI9ij_KOpaVokYlc7M_M0nEv-GwWxdw-00330.jpg": {"object_bounding_box": [601, 475, 126, 54], "object_presence": 1}, "P638--usb-stick--clutter--BYrX8DJu-P3RCI9ij_KOpaVokYlc7M_M0nEv-GwWxdw-00331.jpg": {"object_bounding_box": [602, 480, 127, 53], "object_presence": 1}, "P638--usb-stick--clutter--BYrX8DJu-P3RCI9ij_KOpaVokYlc7M_M0nEv-GwWxdw-00332.jpg": {"object_bounding_box": [603, 482, 126, 55], "object_presence": 1}, "P638--usb-stick--clutter--BYrX8DJu-P3RCI9ij_KOpaVokYlc7M_M0nEv-GwWxdw-00333.jpg": {"object_bounding_box": [603, 484, 126, 56], "object_presence": 1}, "P638--usb-stick--clutter--BYrX8DJu-P3RCI9ij_KOpaVokYlc7M_M0nEv-GwWxdw-00334.jpg": {"object_bounding_box": [602, 482, 127, 55], "object_presence": 1}, "P638--usb-stick--clutter--BYrX8DJu-P3RCI9ij_KOpaVokYlc7M_M0nEv-GwWxdw-00335.jpg": {"object_bounding_box": [601, 485, 126, 56], "object_presence": 1}, "P638--usb-stick--clutter--BYrX8DJu-P3RCI9ij_KOpaVokYlc7M_M0nEv-GwWxdw-00336.jpg": {"object_bounding_box": [602, 486, 126, 55], "object_presence": 1}, "P638--usb-stick--clutter--BYrX8DJu-P3RCI9ij_KOpaVokYlc7M_M0nEv-GwWxdw-00337.jpg": {"object_bounding_box": [602, 485, 126, 56], "object_presence": 1}, "P638--usb-stick--clutter--BYrX8DJu-P3RCI9ij_KOpaVokYlc7M_M0nEv-GwWxdw-00338.jpg": {"object_bounding_box": [603, 490, 126, 55], "object_presence": 1}, "P638--usb-stick--clutter--BYrX8DJu-P3RCI9ij_KOpaVokYlc7M_M0nEv-GwWxdw-00339.jpg": {"object_bounding_box": [600, 491, 127, 57], "object_presence": 1}, "P638--usb-stick--clutter--BYrX8DJu-P3RCI9ij_KOpaVokYlc7M_M0nEv-GwWxdw-00340.jpg": {"object_bounding_box": [600, 492, 127, 56], "object_presence": 1}, "P638--usb-stick--clutter--BYrX8DJu-P3RCI9ij_KOpaVokYlc7M_M0nEv-GwWxdw-00341.jpg": {"object_bounding_box": [601, 494, 126, 56], "object_presence": 1}, "P638--usb-stick--clutter--BYrX8DJu-P3RCI9ij_KOpaVokYlc7M_M0nEv-GwWxdw-00342.jpg": {"object_bounding_box": [598, 494, 126, 56], "object_presence": 1}, "P638--usb-stick--clutter--BYrX8DJu-P3RCI9ij_KOpaVokYlc7M_M0nEv-GwWxdw-00343.jpg": {"object_bounding_box": [593, 492, 126, 56], "object_presence": 1}, "P638--usb-stick--clutter--BYrX8DJu-P3RCI9ij_KOpaVokYlc7M_M0nEv-GwWxdw-00344.jpg": {"object_bounding_box": [592, 494, 126, 56], "object_presence": 1}, "P638--usb-stick--clutter--BYrX8DJu-P3RCI9ij_KOpaVokYlc7M_M0nEv-GwWxdw-00345.jpg": {"object_bounding_box": [596, 501, 126, 56], "object_presence": 1}, "P638--usb-stick--clutter--BYrX8DJu-P3RCI9ij_KOpaVokYlc7M_M0nEv-GwWxdw-00346.jpg": {"object_bounding_box": [600, 506, 127, 56], "object_presence": 1}, "P638--usb-stick--clutter--BYrX8DJu-P3RCI9ij_KOpaVokYlc7M_M0nEv-GwWxdw-00347.jpg": {"object_bounding_box": [599, 500, 126, 55], "object_presence": 1}, "P638--usb-stick--clutter--BYrX8DJu-P3RCI9ij_KOpaVokYlc7M_M0nEv-GwWxdw-00348.jpg": {"object_bounding_box": [595, 495, 127, 55], "object_presence": 1}, "P638--usb-stick--clutter--BYrX8DJu-P3RCI9ij_KOpaVokYlc7M_M0nEv-GwWxdw-00349.jpg": {"object_bounding_box": [589, 495, 129, 55], "object_presence": 1}, "P638--usb-stick--clutter--BYrX8DJu-P3RCI9ij_KOpaVokYlc7M_M0nEv-GwWxdw-00350.jpg": {"object_bounding_box": [586, 495, 130, 55], "object_presence": 1}, "P638--usb-stick--clutter--BYrX8DJu-P3RCI9ij_KOpaVokYlc7M_M0nEv-GwWxdw-00351.jpg": {"object_bounding_box": [586, 492, 130, 56], "object_presence": 1}, "P638--usb-stick--clutter--BYrX8DJu-P3RCI9ij_KOpaVokYlc7M_M0nEv-GwWxdw-00352.jpg": {"object_bounding_box": [586, 495, 128, 55], "object_presence": 1}, "P638--usb-stick--clutter--BYrX8DJu-P3RCI9ij_KOpaVokYlc7M_M0nEv-GwWxdw-00353.jpg": {"object_bounding_box": [589, 495, 128, 55], "object_presence": 1}, "P638--usb-stick--clutter--BYrX8DJu-P3RCI9ij_KOpaVokYlc7M_M0nEv-GwWxdw-00354.jpg": {"object_bounding_box": [588, 491, 127, 55], "object_presence": 1}, "P638--usb-stick--clutter--BYrX8DJu-P3RCI9ij_KOpaVokYlc7M_M0nEv-GwWxdw-00355.jpg": {"object_bounding_box": [590, 490, 126, 54], "object_presence": 1}, "P638--usb-stick--clutter--BYrX8DJu-P3RCI9ij_KOpaVokYlc7M_M0nEv-GwWxdw-00356.jpg": {"object_bounding_box": [589, 488, 127, 54], "object_presence": 1}, "P638--usb-stick--clutter--BYrX8DJu-P3RCI9ij_KOpaVokYlc7M_M0nEv-GwWxdw-00357.jpg": {"object_bounding_box": [589, 484, 126, 55], "object_presence": 1}, "P638--usb-stick--clutter--BYrX8DJu-P3RCI9ij_KOpaVokYlc7M_M0nEv-GwWxdw-00358.jpg": {"object_bounding_box": [588, 480, 126, 55], "object_presence": 1}, "P638--usb-stick--clutter--BYrX8DJu-P3RCI9ij_KOpaVokYlc7M_M0nEv-GwWxdw-00359.jpg": {"object_bounding_box": [585, 480, 126, 54], "object_presence": 1}, "P638--usb-stick--clutter--BYrX8DJu-P3RCI9ij_KOpaVokYlc7M_M0nEv-GwWxdw-00360.jpg": {"object_bounding_box": [583, 481, 126, 55], "object_presence": 1}, "P638--usb-stick--clutter--BYrX8DJu-P3RCI9ij_KOpaVokYlc7M_M0nEv-GwWxdw-00361.jpg": {"object_bounding_box": [585, 487, 126, 54], "object_presence": 1}, "P638--usb-stick--clutter--BYrX8DJu-P3RCI9ij_KOpaVokYlc7M_M0nEv-GwWxdw-00362.jpg": {"object_bounding_box": [591, 496, 128, 56], "object_presence": 1}, "P638--usb-stick--clutter--BYrX8DJu-P3RCI9ij_KOpaVokYlc7M_M0nEv-GwWxdw-00363.jpg": {"object_bounding_box": [597, 505, 125, 56], "object_presence": 1}, "P638--usb-stick--clutter--BYrX8DJu-P3RCI9ij_KOpaVokYlc7M_M0nEv-GwWxdw-00364.jpg": {"object_bounding_box": [597, 502, 126, 55], "object_presence": 1}, "P638--usb-stick--clutter--BYrX8DJu-P3RCI9ij_KOpaVokYlc7M_M0nEv-GwWxdw-00365.jpg": {"object_bounding_box": [595, 496, 126, 56], "object_presence": 1}, "P638--usb-stick--clutter--BYrX8DJu-P3RCI9ij_KOpaVokYlc7M_M0nEv-GwWxdw-00366.jpg": {"object_bounding_box": [593, 490, 127, 54], "object_presence": 1}, "P638--usb-stick--clutter--BYrX8DJu-P3RCI9ij_KOpaVokYlc7M_M0nEv-GwWxdw-00367.jpg": {"object_bounding_box": [598, 490, 129, 55], "object_presence": 1}, "P638--usb-stick--clutter--BYrX8DJu-P3RCI9ij_KOpaVokYlc7M_M0nEv-GwWxdw-00368.jpg": {"object_bounding_box": [605, 505, 129, 56], "object_presence": 1}, "P638--usb-stick--clutter--BYrX8DJu-P3RCI9ij_KOpaVokYlc7M_M0nEv-GwWxdw-00369.jpg": {"object_bounding_box": [606, 507, 130, 56], "object_presence": 1}, "P638--usb-stick--clutter--BYrX8DJu-P3RCI9ij_KOpaVokYlc7M_M0nEv-GwWxdw-00370.jpg": {"object_bounding_box": [611, 499, 129, 55], "object_presence": 1}, "P638--usb-stick--clutter--BYrX8DJu-P3RCI9ij_KOpaVokYlc7M_M0nEv-GwWxdw-00371.jpg": {"object_bounding_box": [610, 497, 129, 56], "object_presence": 1}, "P638--usb-stick--clutter--BYrX8DJu-P3RCI9ij_KOpaVokYlc7M_M0nEv-GwWxdw-00372.jpg": {"object_bounding_box": [604, 495, 129, 55], "object_presence": 1}, "P638--usb-stick--clutter--BYrX8DJu-P3RCI9ij_KOpaVokYlc7M_M0nEv-GwWxdw-00373.jpg": {"object_bounding_box": [602, 489, 128, 56], "object_presence": 1}}