{"P653--money-clip--clutter--_IL-8oSOpA6Qnw8PoU-iKmh5rn-FUjtGgbeT-V1_RCM-00001.jpg": {"object_bounding_box": [491, 977, 376, 207], "object_presence": 1}, "P653--money-clip--clutter--_IL-8oSOpA6Qnw8PoU-iKmh5rn-FUjtGgbeT-V1_RCM-00002.jpg": {"object_bounding_box": [500, 978, 376, 203], "object_presence": 1}, "P653--money-clip--clutter--_IL-8oSOpA6Qnw8PoU-iKmh5rn-FUjtGgbeT-V1_RCM-00003.jpg": {"object_bounding_box": [535, 985, 369, 191], "object_presence": 1}, "P653--money-clip--clutter--_IL-8oSOpA6Qnw8PoU-iKmh5rn-FUjtGgbeT-V1_RCM-00004.jpg": {"object_bounding_box": [561, 987, 368, 187], "object_presence": 1}, "P653--money-clip--clutter--_IL-8oSOpA6Qnw8PoU-iKmh5rn-FUjtGgbeT-V1_RCM-00005.jpg": {"object_bounding_box": [570, 992, 340, 175], "object_presence": 1}, "P653--money-clip--clutter--_IL-8oSOpA6Qnw8PoU-iKmh5rn-FUjtGgbeT-V1_RCM-00006.jpg": {"object_bounding_box": [573, 999, 323, 163], "object_presence": 1}, "P653--money-clip--clutter--_IL-8oSOpA6Qnw8PoU-iKmh5rn-FUjtGgbeT-V1_RCM-00007.jpg": {"object_bounding_box": [576, 999, 319, 162], "object_presence": 1}, "P653--money-clip--clutter--_IL-8oSOpA6Qnw8PoU-iKmh5rn-FUjtGgbeT-V1_RCM-00008.jpg": {"object_bounding_box": [578, 998, 322, 165], "object_presence": 1}, "P653--money-clip--clutter--_IL-8oSOpA6Qnw8PoU-iKmh5rn-FUjtGgbeT-V1_RCM-00009.jpg": {"object_bounding_box": [580, 991, 334, 178], "object_presence": 1}, "P653--money-clip--clutter--_IL-8oSOpA6Qnw8PoU-iKmh5rn-FUjtGgbeT-V1_RCM-00010.jpg": {"object_bounding_box": [538, 978, 372, 203], "object_presence": 1}, "P653--money-clip--clutter--_IL-8oSOpA6Qnw8PoU-iKmh5rn-FUjtGgbeT-V1_RCM-00011.jpg": {"object_bounding_box": [519, 975, 366, 209], "object_presence": 1}, "P653--money-clip--clutter--_IL-8oSOpA6Qnw8PoU-iKmh5rn-FUjtGgbeT-V1_RCM-00012.jpg": {"object_bounding_box": [509, 978, 360, 203], "object_presence": 1}, "P653--money-clip--clutter--_IL-8oSOpA6Qnw8PoU-iKmh5rn-FUjtGgbeT-V1_RCM-00013.jpg": {"object_bounding_box": [475, 979, 355, 202], "object_presence": 1}, "P653--money-clip--clutter--_IL-8oSOpA6Qnw8PoU-iKmh5rn-FUjtGgbeT-V1_RCM-00014.jpg": {"object_bounding_box": [429, 988, 330, 184], "object_presence": 1}, "P653--money-clip--clutter--_IL-8oSOpA6Qnw8PoU-iKmh5rn-FUjtGgbeT-V1_RCM-00015.jpg": {"object_bounding_box": [418, 998, 335, 164], "object_presence": 1}, "P653--money-clip--clutter--_IL-8oSOpA6Qnw8PoU-iKmh5rn-FUjtGgbeT-V1_RCM-00016.jpg": {"object_bounding_box": [396, 995, 332, 170], "object_presence": 1}, "P653--money-clip--clutter--_IL-8oSOpA6Qnw8PoU-iKmh5rn-FUjtGgbeT-V1_RCM-00017.jpg": {"object_bounding_box": [384, 991, 335, 178], "object_presence": 1}, "P653--money-clip--clutter--_IL-8oSOpA6Qnw8PoU-iKmh5rn-FUjtGgbeT-V1_RCM-00018.jpg": {"object_bounding_box": [375, 988, 343, 183], "object_presence": 1}, "P653--money-clip--clutter--_IL-8oSOpA6Qnw8PoU-iKmh5rn-FUjtGgbeT-V1_RCM-00019.jpg": {"object_bounding_box": [377, 988, 324, 185], "object_presence": 1}, "P653--money-clip--clutter--_IL-8oSOpA6Qnw8PoU-iKmh5rn-FUjtGgbeT-V1_RCM-00020.jpg": {"object_bounding_box": [384, 992, 321, 176], "object_presence": 1}, "P653--money-clip--clutter--_IL-8oSOpA6Qnw8PoU-iKmh5rn-FUjtGgbeT-V1_RCM-00021.jpg": {"object_bounding_box": [403, 998, 317, 165], "object_presence": 1}, "P653--money-clip--clutter--_IL-8oSOpA6Qnw8PoU-iKmh5rn-FUjtGgbeT-V1_RCM-00022.jpg": {"object_bounding_box": [400, 1005, 292, 150], "object_presence": 1}, "P653--money-clip--clutter--_IL-8oSOpA6Qnw8PoU-iKmh5rn-FUjtGgbeT-V1_RCM-00023.jpg": {"object_bounding_box": [407, 1011, 274, 137], "object_presence": 1}, "P653--money-clip--clutter--_IL-8oSOpA6Qnw8PoU-iKmh5rn-FUjtGgbeT-V1_RCM-00024.jpg": {"object_bounding_box": [411, 1021, 227, 117], "object_presence": 1}, "P653--money-clip--clutter--_IL-8oSOpA6Qnw8PoU-iKmh5rn-FUjtGgbeT-V1_RCM-00025.jpg": {"object_bounding_box": [417, 1033, 197, 95], "object_presence": 1}, "P653--money-clip--clutter--_IL-8oSOpA6Qnw8PoU-iKmh5rn-FUjtGgbeT-V1_RCM-00026.jpg": {"object_bounding_box": [425, 1041, 153, 79], "object_presence": 1}, "P653--money-clip--clutter--_IL-8oSOpA6Qnw8PoU-iKmh5rn-FUjtGgbeT-V1_RCM-00027.jpg": {"object_bounding_box": [429, 1047, 133, 65], "object_presence": 1}, "P653--money-clip--clutter--_IL-8oSOpA6Qnw8PoU-iKmh5rn-FUjtGgbeT-V1_RCM-00028.jpg": {"object_bounding_box": [427, 1051, 118, 57], "object_presence": 1}, "P653--money-clip--clutter--_IL-8oSOpA6Qnw8PoU-iKmh5rn-FUjtGgbeT-V1_RCM-00029.jpg": {"object_bounding_box": [425, 1051, 115, 57], "object_presence": 1}, "P653--money-clip--clutter--_IL-8oSOpA6Qnw8PoU-iKmh5rn-FUjtGgbeT-V1_RCM-00030.jpg": {"object_bounding_box": [428, 1051, 117, 57], "object_presence": 1}, "P653--money-clip--clutter--_IL-8oSOpA6Qnw8PoU-iKmh5rn-FUjtGgbeT-V1_RCM-00031.jpg": {"object_bounding_box": [429, 1049, 125, 62], "object_presence": 1}, "P653--money-clip--clutter--_IL-8oSOpA6Qnw8PoU-iKmh5rn-FUjtGgbeT-V1_RCM-00032.jpg": {"object_bounding_box": [428, 1045, 130, 70], "object_presence": 1}, "P653--money-clip--clutter--_IL-8oSOpA6Qnw8PoU-iKmh5rn-FUjtGgbeT-V1_RCM-00033.jpg": {"object_bounding_box": [440, 1038, 161, 84], "object_presence": 1}, "P653--money-clip--clutter--_IL-8oSOpA6Qnw8PoU-iKmh5rn-FUjtGgbeT-V1_RCM-00034.jpg": {"object_bounding_box": [447, 1031, 198, 99], "object_presence": 1}, "P653--money-clip--clutter--_IL-8oSOpA6Qnw8PoU-iKmh5rn-FUjtGgbeT-V1_RCM-00035.jpg": {"object_bounding_box": [445, 1022, 237, 117], "object_presence": 1}, "P653--money-clip--clutter--_IL-8oSOpA6Qnw8PoU-iKmh5rn-FUjtGgbeT-V1_RCM-00036.jpg": {"object_bounding_box": [449, 1017, 250, 127], "object_presence": 1}, "P653--money-clip--clutter--_IL-8oSOpA6Qnw8PoU-iKmh5rn-FUjtGgbeT-V1_RCM-00037.jpg": {"object_bounding_box": [446, 1009, 256, 142], "object_presence": 1}, "P653--money-clip--clutter--_IL-8oSOpA6Qnw8PoU-iKmh5rn-FUjtGgbeT-V1_RCM-00038.jpg": {"object_bounding_box": [447, 1002, 253, 157], "object_presence": 1}, "P653--money-clip--clutter--_IL-8oSOpA6Qnw8PoU-iKmh5rn-FUjtGgbeT-V1_RCM-00039.jpg": {"object_bounding_box": [459, 996, 268, 167], "object_presence": 1}, "P653--money-clip--clutter--_IL-8oSOpA6Qnw8PoU-iKmh5rn-FUjtGgbeT-V1_RCM-00040.jpg": {"object_bounding_box": [462, 991, 267, 177], "object_presence": 1}, "P653--money-clip--clutter--_IL-8oSOpA6Qnw8PoU-iKmh5rn-FUjtGgbeT-V1_RCM-00041.jpg": {"object_bounding_box": [467, 990, 267, 179], "object_presence": 1}, "P653--money-clip--clutter--_IL-8oSOpA6Qnw8PoU-iKmh5rn-FUjtGgbeT-V1_RCM-00042.jpg": {"object_bounding_box": [475, 993, 267, 175], "object_presence": 1}, "P653--money-clip--clutter--_IL-8oSOpA6Qnw8PoU-iKmh5rn-FUjtGgbeT-V1_RCM-00043.jpg": {"object_bounding_box": [492, 995, 261, 171], "object_presence": 1}, "P653--money-clip--clutter--_IL-8oSOpA6Qnw8PoU-iKmh5rn-FUjtGgbeT-V1_RCM-00044.jpg": {"object_bounding_box": [501, 997, 257, 166], "object_presence": 1}, "P653--money-clip--clutter--_IL-8oSOpA6Qnw8PoU-iKmh5rn-FUjtGgbeT-V1_RCM-00045.jpg": {"object_bounding_box": [511, 1004, 243, 153], "object_presence": 1}, "P653--money-clip--clutter--_IL-8oSOpA6Qnw8PoU-iKmh5rn-FUjtGgbeT-V1_RCM-00046.jpg": {"object_bounding_box": [524, 1010, 239, 139], "object_presence": 1}, "P653--money-clip--clutter--_IL-8oSOpA6Qnw8PoU-iKmh5rn-FUjtGgbeT-V1_RCM-00047.jpg": {"object_bounding_box": [538, 1014, 228, 133], "object_presence": 1}, "P653--money-clip--clutter--_IL-8oSOpA6Qnw8PoU-iKmh5rn-FUjtGgbeT-V1_RCM-00048.jpg": {"object_bounding_box": [546, 1019, 224, 123], "object_presence": 1}, "P653--money-clip--clutter--_IL-8oSOpA6Qnw8PoU-iKmh5rn-FUjtGgbeT-V1_RCM-00049.jpg": {"object_bounding_box": [549, 1023, 216, 114], "object_presence": 1}, "P653--money-clip--clutter--_IL-8oSOpA6Qnw8PoU-iKmh5rn-FUjtGgbeT-V1_RCM-00050.jpg": {"object_bounding_box": [553, 1027, 208, 107], "object_presence": 1}, "P653--money-clip--clutter--_IL-8oSOpA6Qnw8PoU-iKmh5rn-FUjtGgbeT-V1_RCM-00051.jpg": {"object_bounding_box": [552, 1029, 205, 102], "object_presence": 1}, "P653--money-clip--clutter--_IL-8oSOpA6Qnw8PoU-iKmh5rn-FUjtGgbeT-V1_RCM-00052.jpg": {"object_bounding_box": [548, 1031, 198, 98], "object_presence": 1}, "P653--money-clip--clutter--_IL-8oSOpA6Qnw8PoU-iKmh5rn-FUjtGgbeT-V1_RCM-00053.jpg": {"object_bounding_box": [543, 1032, 196, 96], "object_presence": 1}, "P653--money-clip--clutter--_IL-8oSOpA6Qnw8PoU-iKmh5rn-FUjtGgbeT-V1_RCM-00054.jpg": {"object_bounding_box": [534, 1031, 197, 97], "object_presence": 1}, "P653--money-clip--clutter--_IL-8oSOpA6Qnw8PoU-iKmh5rn-FUjtGgbeT-V1_RCM-00055.jpg": {"object_bounding_box": [527, 1030, 200, 100], "object_presence": 1}, "P653--money-clip--clutter--_IL-8oSOpA6Qnw8PoU-iKmh5rn-FUjtGgbeT-V1_RCM-00056.jpg": {"object_bounding_box": [517, 1029, 194, 102], "object_presence": 1}, "P653--money-clip--clutter--_IL-8oSOpA6Qnw8PoU-iKmh5rn-FUjtGgbeT-V1_RCM-00057.jpg": {"object_bounding_box": [517, 1027, 198, 105], "object_presence": 1}, "P653--money-clip--clutter--_IL-8oSOpA6Qnw8PoU-iKmh5rn-FUjtGgbeT-V1_RCM-00058.jpg": {"object_bounding_box": [520, 1026, 197, 107], "object_presence": 1}, "P653--money-clip--clutter--_IL-8oSOpA6Qnw8PoU-iKmh5rn-FUjtGgbeT-V1_RCM-00059.jpg": {"object_bounding_box": [509, 1026, 194, 108], "object_presence": 1}, "P653--money-clip--clutter--_IL-8oSOpA6Qnw8PoU-iKmh5rn-FUjtGgbeT-V1_RCM-00060.jpg": {"object_bounding_box": [506, 1024, 195, 112], "object_presence": 1}, "P653--money-clip--clutter--_IL-8oSOpA6Qnw8PoU-iKmh5rn-FUjtGgbeT-V1_RCM-00061.jpg": {"object_bounding_box": [510, 1022, 194, 115], "object_presence": 1}, "P653--money-clip--clutter--_IL-8oSOpA6Qnw8PoU-iKmh5rn-FUjtGgbeT-V1_RCM-00062.jpg": {"object_bounding_box": [512, 1020, 198, 121], "object_presence": 1}, "P653--money-clip--clutter--_IL-8oSOpA6Qnw8PoU-iKmh5rn-FUjtGgbeT-V1_RCM-00063.jpg": {"object_bounding_box": [506, 1020, 195, 121], "object_presence": 1}, "P653--money-clip--clutter--_IL-8oSOpA6Qnw8PoU-iKmh5rn-FUjtGgbeT-V1_RCM-00064.jpg": {"object_bounding_box": [506, 1022, 193, 117], "object_presence": 1}, "P653--money-clip--clutter--_IL-8oSOpA6Qnw8PoU-iKmh5rn-FUjtGgbeT-V1_RCM-00065.jpg": {"object_bounding_box": [515, 1021, 196, 117], "object_presence": 1}, "P653--money-clip--clutter--_IL-8oSOpA6Qnw8PoU-iKmh5rn-FUjtGgbeT-V1_RCM-00066.jpg": {"object_bounding_box": [514, 1024, 185, 112], "object_presence": 1}, "P653--money-clip--clutter--_IL-8oSOpA6Qnw8PoU-iKmh5rn-FUjtGgbeT-V1_RCM-00067.jpg": {"object_bounding_box": [520, 1025, 183, 111], "object_presence": 1}, "P653--money-clip--clutter--_IL-8oSOpA6Qnw8PoU-iKmh5rn-FUjtGgbeT-V1_RCM-00068.jpg": {"object_bounding_box": [515, 1024, 181, 111], "object_presence": 1}, "P653--money-clip--clutter--_IL-8oSOpA6Qnw8PoU-iKmh5rn-FUjtGgbeT-V1_RCM-00069.jpg": {"object_bounding_box": [517, 1024, 181, 113], "object_presence": 1}, "P653--money-clip--clutter--_IL-8oSOpA6Qnw8PoU-iKmh5rn-FUjtGgbeT-V1_RCM-00070.jpg": {"object_bounding_box": [518, 1021, 183, 117], "object_presence": 1}, "P653--money-clip--clutter--_IL-8oSOpA6Qnw8PoU-iKmh5rn-FUjtGgbeT-V1_RCM-00071.jpg": {"object_bounding_box": [517, 1020, 185, 120], "object_presence": 1}, "P653--money-clip--clutter--_IL-8oSOpA6Qnw8PoU-iKmh5rn-FUjtGgbeT-V1_RCM-00072.jpg": {"object_bounding_box": [517, 1020, 183, 120], "object_presence": 1}, "P653--money-clip--clutter--_IL-8oSOpA6Qnw8PoU-iKmh5rn-FUjtGgbeT-V1_RCM-00073.jpg": {"object_bounding_box": [515, 1017, 187, 126], "object_presence": 1}, "P653--money-clip--clutter--_IL-8oSOpA6Qnw8PoU-iKmh5rn-FUjtGgbeT-V1_RCM-00074.jpg": {"object_bounding_box": [518, 1015, 190, 129], "object_presence": 1}, "P653--money-clip--clutter--_IL-8oSOpA6Qnw8PoU-iKmh5rn-FUjtGgbeT-V1_RCM-00075.jpg": {"object_bounding_box": [519, 1017, 188, 126], "object_presence": 1}, "P653--money-clip--clutter--_IL-8oSOpA6Qnw8PoU-iKmh5rn-FUjtGgbeT-V1_RCM-00076.jpg": {"object_bounding_box": [517, 1017, 183, 126], "object_presence": 1}, "P653--money-clip--clutter--_IL-8oSOpA6Qnw8PoU-iKmh5rn-FUjtGgbeT-V1_RCM-00077.jpg": {"object_bounding_box": [520, 1018, 184, 124], "object_presence": 1}, "P653--money-clip--clutter--_IL-8oSOpA6Qnw8PoU-iKmh5rn-FUjtGgbeT-V1_RCM-00078.jpg": {"object_bounding_box": [519, 1019, 181, 122], "object_presence": 1}, "P653--money-clip--clutter--_IL-8oSOpA6Qnw8PoU-iKmh5rn-FUjtGgbeT-V1_RCM-00079.jpg": {"object_bounding_box": [516, 1018, 181, 123], "object_presence": 1}, "P653--money-clip--clutter--_IL-8oSOpA6Qnw8PoU-iKmh5rn-FUjtGgbeT-V1_RCM-00080.jpg": {"object_bounding_box": [512, 1021, 177, 118], "object_presence": 1}, "P653--money-clip--clutter--_IL-8oSOpA6Qnw8PoU-iKmh5rn-FUjtGgbeT-V1_RCM-00081.jpg": {"object_bounding_box": [511, 1022, 174, 117], "object_presence": 1}, "P653--money-clip--clutter--_IL-8oSOpA6Qnw8PoU-iKmh5rn-FUjtGgbeT-V1_RCM-00082.jpg": {"object_bounding_box": [508, 1021, 176, 118], "object_presence": 1}, "P653--money-clip--clutter--_IL-8oSOpA6Qnw8PoU-iKmh5rn-FUjtGgbeT-V1_RCM-00083.jpg": {"object_bounding_box": [500, 1023, 172, 115], "object_presence": 1}, "P653--money-clip--clutter--_IL-8oSOpA6Qnw8PoU-iKmh5rn-FUjtGgbeT-V1_RCM-00084.jpg": {"object_bounding_box": [497, 1022, 173, 116], "object_presence": 1}, "P653--money-clip--clutter--_IL-8oSOpA6Qnw8PoU-iKmh5rn-FUjtGgbeT-V1_RCM-00085.jpg": {"object_bounding_box": [495, 1021, 173, 119], "object_presence": 1}, "P653--money-clip--clutter--_IL-8oSOpA6Qnw8PoU-iKmh5rn-FUjtGgbeT-V1_RCM-00086.jpg": {"object_bounding_box": [489, 1022, 173, 117], "object_presence": 1}, "P653--money-clip--clutter--_IL-8oSOpA6Qnw8PoU-iKmh5rn-FUjtGgbeT-V1_RCM-00087.jpg": {"object_bounding_box": [487, 1020, 174, 120], "object_presence": 1}, "P653--money-clip--clutter--_IL-8oSOpA6Qnw8PoU-iKmh5rn-FUjtGgbeT-V1_RCM-00088.jpg": {"object_bounding_box": [494, 1017, 178, 125], "object_presence": 1}, "P653--money-clip--clutter--_IL-8oSOpA6Qnw8PoU-iKmh5rn-FUjtGgbeT-V1_RCM-00089.jpg": {"object_bounding_box": [494, 1016, 177, 128], "object_presence": 1}, "P653--money-clip--clutter--_IL-8oSOpA6Qnw8PoU-iKmh5rn-FUjtGgbeT-V1_RCM-00090.jpg": {"object_bounding_box": [493, 1015, 177, 130], "object_presence": 1}, "P653--money-clip--clutter--_IL-8oSOpA6Qnw8PoU-iKmh5rn-FUjtGgbeT-V1_RCM-00091.jpg": {"object_bounding_box": [497, 1014, 179, 133], "object_presence": 1}, "P653--money-clip--clutter--_IL-8oSOpA6Qnw8PoU-iKmh5rn-FUjtGgbeT-V1_RCM-00092.jpg": {"object_bounding_box": [502, 1013, 178, 133], "object_presence": 1}, "P653--money-clip--clutter--_IL-8oSOpA6Qnw8PoU-iKmh5rn-FUjtGgbeT-V1_RCM-00093.jpg": {"object_bounding_box": [503, 1013, 179, 135], "object_presence": 1}, "P653--money-clip--clutter--_IL-8oSOpA6Qnw8PoU-iKmh5rn-FUjtGgbeT-V1_RCM-00094.jpg": {"object_bounding_box": [505, 1013, 178, 134], "object_presence": 1}, "P653--money-clip--clutter--_IL-8oSOpA6Qnw8PoU-iKmh5rn-FUjtGgbeT-V1_RCM-00095.jpg": {"object_bounding_box": [505, 1015, 178, 131], "object_presence": 1}, "P653--money-clip--clutter--_IL-8oSOpA6Qnw8PoU-iKmh5rn-FUjtGgbeT-V1_RCM-00096.jpg": {"object_bounding_box": [504, 1018, 174, 125], "object_presence": 1}, "P653--money-clip--clutter--_IL-8oSOpA6Qnw8PoU-iKmh5rn-FUjtGgbeT-V1_RCM-00097.jpg": {"object_bounding_box": [500, 1019, 171, 122], "object_presence": 1}, "P653--money-clip--clutter--_IL-8oSOpA6Qnw8PoU-iKmh5rn-FUjtGgbeT-V1_RCM-00098.jpg": {"object_bounding_box": [495, 1020, 170, 119], "object_presence": 1}, "P653--money-clip--clutter--_IL-8oSOpA6Qnw8PoU-iKmh5rn-FUjtGgbeT-V1_RCM-00099.jpg": {"object_bounding_box": [488, 1023, 163, 115], "object_presence": 1}, "P653--money-clip--clutter--_IL-8oSOpA6Qnw8PoU-iKmh5rn-FUjtGgbeT-V1_RCM-00100.jpg": {"object_bounding_box": [483, 1024, 159, 113], "object_presence": 1}, "P653--money-clip--clutter--_IL-8oSOpA6Qnw8PoU-iKmh5rn-FUjtGgbeT-V1_RCM-00101.jpg": {"object_bounding_box": [482, 1025, 157, 110], "object_presence": 1}, "P653--money-clip--clutter--_IL-8oSOpA6Qnw8PoU-iKmh5rn-FUjtGgbeT-V1_RCM-00102.jpg": {"object_bounding_box": [477, 1025, 157, 110], "object_presence": 1}, "P653--money-clip--clutter--_IL-8oSOpA6Qnw8PoU-iKmh5rn-FUjtGgbeT-V1_RCM-00103.jpg": {"object_bounding_box": [472, 1025, 155, 110], "object_presence": 1}, "P653--money-clip--clutter--_IL-8oSOpA6Qnw8PoU-iKmh5rn-FUjtGgbeT-V1_RCM-00104.jpg": {"object_bounding_box": [466, 1023, 159, 113], "object_presence": 1}, "P653--money-clip--clutter--_IL-8oSOpA6Qnw8PoU-iKmh5rn-FUjtGgbeT-V1_RCM-00105.jpg": {"object_bounding_box": [461, 1022, 158, 117], "object_presence": 1}, "P653--money-clip--clutter--_IL-8oSOpA6Qnw8PoU-iKmh5rn-FUjtGgbeT-V1_RCM-00106.jpg": {"object_bounding_box": [459, 1020, 160, 121], "object_presence": 1}, "P653--money-clip--clutter--_IL-8oSOpA6Qnw8PoU-iKmh5rn-FUjtGgbeT-V1_RCM-00107.jpg": {"object_bounding_box": [463, 1017, 162, 126], "object_presence": 1}, "P653--money-clip--clutter--_IL-8oSOpA6Qnw8PoU-iKmh5rn-FUjtGgbeT-V1_RCM-00108.jpg": {"object_bounding_box": [467, 1017, 164, 126], "object_presence": 1}, "P653--money-clip--clutter--_IL-8oSOpA6Qnw8PoU-iKmh5rn-FUjtGgbeT-V1_RCM-00109.jpg": {"object_bounding_box": [465, 1018, 162, 125], "object_presence": 1}, "P653--money-clip--clutter--_IL-8oSOpA6Qnw8PoU-iKmh5rn-FUjtGgbeT-V1_RCM-00110.jpg": {"object_bounding_box": [463, 1020, 160, 120], "object_presence": 1}, "P653--money-clip--clutter--_IL-8oSOpA6Qnw8PoU-iKmh5rn-FUjtGgbeT-V1_RCM-00111.jpg": {"object_bounding_box": [467, 1020, 160, 120], "object_presence": 1}, "P653--money-clip--clutter--_IL-8oSOpA6Qnw8PoU-iKmh5rn-FUjtGgbeT-V1_RCM-00112.jpg": {"object_bounding_box": [467, 1019, 158, 122], "object_presence": 1}, "P653--money-clip--clutter--_IL-8oSOpA6Qnw8PoU-iKmh5rn-FUjtGgbeT-V1_RCM-00113.jpg": {"object_bounding_box": [465, 1020, 157, 120], "object_presence": 1}, "P653--money-clip--clutter--_IL-8oSOpA6Qnw8PoU-iKmh5rn-FUjtGgbeT-V1_RCM-00114.jpg": {"object_bounding_box": [461, 1020, 155, 120], "object_presence": 1}, "P653--money-clip--clutter--_IL-8oSOpA6Qnw8PoU-iKmh5rn-FUjtGgbeT-V1_RCM-00115.jpg": {"object_bounding_box": [462, 1020, 156, 121], "object_presence": 1}, "P653--money-clip--clutter--_IL-8oSOpA6Qnw8PoU-iKmh5rn-FUjtGgbeT-V1_RCM-00116.jpg": {"object_bounding_box": [469, 1018, 157, 124], "object_presence": 1}, "P653--money-clip--clutter--_IL-8oSOpA6Qnw8PoU-iKmh5rn-FUjtGgbeT-V1_RCM-00117.jpg": {"object_bounding_box": [478, 1016, 157, 128], "object_presence": 1}, "P653--money-clip--clutter--_IL-8oSOpA6Qnw8PoU-iKmh5rn-FUjtGgbeT-V1_RCM-00118.jpg": {"object_bounding_box": [483, 1016, 155, 129], "object_presence": 1}, "P653--money-clip--clutter--_IL-8oSOpA6Qnw8PoU-iKmh5rn-FUjtGgbeT-V1_RCM-00119.jpg": {"object_bounding_box": [485, 1015, 157, 130], "object_presence": 1}, "P653--money-clip--clutter--_IL-8oSOpA6Qnw8PoU-iKmh5rn-FUjtGgbeT-V1_RCM-00120.jpg": {"object_bounding_box": [478, 1015, 162, 131], "object_presence": 1}, "P653--money-clip--clutter--_IL-8oSOpA6Qnw8PoU-iKmh5rn-FUjtGgbeT-V1_RCM-00121.jpg": {"object_bounding_box": [472, 1014, 158, 131], "object_presence": 1}, "P653--money-clip--clutter--_IL-8oSOpA6Qnw8PoU-iKmh5rn-FUjtGgbeT-V1_RCM-00122.jpg": {"object_bounding_box": [476, 1014, 159, 131], "object_presence": 1}, "P653--money-clip--clutter--_IL-8oSOpA6Qnw8PoU-iKmh5rn-FUjtGgbeT-V1_RCM-00123.jpg": {"object_bounding_box": [468, 1017, 154, 126], "object_presence": 1}, "P653--money-clip--clutter--_IL-8oSOpA6Qnw8PoU-iKmh5rn-FUjtGgbeT-V1_RCM-00124.jpg": {"object_bounding_box": [464, 1019, 147, 121], "object_presence": 1}, "P653--money-clip--clutter--_IL-8oSOpA6Qnw8PoU-iKmh5rn-FUjtGgbeT-V1_RCM-00125.jpg": {"object_bounding_box": [467, 1020, 149, 121], "object_presence": 1}, "P653--money-clip--clutter--_IL-8oSOpA6Qnw8PoU-iKmh5rn-FUjtGgbeT-V1_RCM-00126.jpg": {"object_bounding_box": [467, 1020, 149, 120], "object_presence": 1}, "P653--money-clip--clutter--_IL-8oSOpA6Qnw8PoU-iKmh5rn-FUjtGgbeT-V1_RCM-00127.jpg": {"object_bounding_box": [471, 1021, 151, 119], "object_presence": 1}, "P653--money-clip--clutter--_IL-8oSOpA6Qnw8PoU-iKmh5rn-FUjtGgbeT-V1_RCM-00128.jpg": {"object_bounding_box": [477, 1020, 149, 120], "object_presence": 1}, "P653--money-clip--clutter--_IL-8oSOpA6Qnw8PoU-iKmh5rn-FUjtGgbeT-V1_RCM-00129.jpg": {"object_bounding_box": [479, 1021, 148, 118], "object_presence": 1}, "P653--money-clip--clutter--_IL-8oSOpA6Qnw8PoU-iKmh5rn-FUjtGgbeT-V1_RCM-00130.jpg": {"object_bounding_box": [483, 1020, 150, 120], "object_presence": 1}, "P653--money-clip--clutter--_IL-8oSOpA6Qnw8PoU-iKmh5rn-FUjtGgbeT-V1_RCM-00131.jpg": {"object_bounding_box": [483, 1019, 150, 122], "object_presence": 1}, "P653--money-clip--clutter--_IL-8oSOpA6Qnw8PoU-iKmh5rn-FUjtGgbeT-V1_RCM-00132.jpg": {"object_bounding_box": [486, 1018, 147, 125], "object_presence": 1}, "P653--money-clip--clutter--_IL-8oSOpA6Qnw8PoU-iKmh5rn-FUjtGgbeT-V1_RCM-00133.jpg": {"object_bounding_box": [488, 1018, 152, 125], "object_presence": 1}, "P653--money-clip--clutter--_IL-8oSOpA6Qnw8PoU-iKmh5rn-FUjtGgbeT-V1_RCM-00134.jpg": {"object_bounding_box": [496, 1016, 154, 129], "object_presence": 1}, "P653--money-clip--clutter--_IL-8oSOpA6Qnw8PoU-iKmh5rn-FUjtGgbeT-V1_RCM-00135.jpg": {"object_bounding_box": [495, 1016, 151, 129], "object_presence": 1}, "P653--money-clip--clutter--_IL-8oSOpA6Qnw8PoU-iKmh5rn-FUjtGgbeT-V1_RCM-00136.jpg": {"object_bounding_box": [492, 1015, 153, 130], "object_presence": 1}, "P653--money-clip--clutter--_IL-8oSOpA6Qnw8PoU-iKmh5rn-FUjtGgbeT-V1_RCM-00137.jpg": {"object_bounding_box": [498, 1013, 155, 133], "object_presence": 1}, "P653--money-clip--clutter--_IL-8oSOpA6Qnw8PoU-iKmh5rn-FUjtGgbeT-V1_RCM-00138.jpg": {"object_bounding_box": [497, 1014, 156, 132], "object_presence": 1}, "P653--money-clip--clutter--_IL-8oSOpA6Qnw8PoU-iKmh5rn-FUjtGgbeT-V1_RCM-00139.jpg": {"object_bounding_box": [496, 1016, 152, 128], "object_presence": 1}, "P653--money-clip--clutter--_IL-8oSOpA6Qnw8PoU-iKmh5rn-FUjtGgbeT-V1_RCM-00140.jpg": {"object_bounding_box": [497, 1017, 146, 126], "object_presence": 1}, "P653--money-clip--clutter--_IL-8oSOpA6Qnw8PoU-iKmh5rn-FUjtGgbeT-V1_RCM-00141.jpg": {"object_bounding_box": [491, 1019, 145, 121], "object_presence": 1}, "P653--money-clip--clutter--_IL-8oSOpA6Qnw8PoU-iKmh5rn-FUjtGgbeT-V1_RCM-00142.jpg": {"object_bounding_box": [488, 1021, 141, 118], "object_presence": 1}, "P653--money-clip--clutter--_IL-8oSOpA6Qnw8PoU-iKmh5rn-FUjtGgbeT-V1_RCM-00143.jpg": {"object_bounding_box": [489, 1022, 140, 117], "object_presence": 1}, "P653--money-clip--clutter--_IL-8oSOpA6Qnw8PoU-iKmh5rn-FUjtGgbeT-V1_RCM-00144.jpg": {"object_bounding_box": [491, 1024, 138, 113], "object_presence": 1}, "P653--money-clip--clutter--_IL-8oSOpA6Qnw8PoU-iKmh5rn-FUjtGgbeT-V1_RCM-00145.jpg": {"object_bounding_box": [490, 1025, 135, 110], "object_presence": 1}, "P653--money-clip--clutter--_IL-8oSOpA6Qnw8PoU-iKmh5rn-FUjtGgbeT-V1_RCM-00146.jpg": {"object_bounding_box": [495, 1026, 134, 107], "object_presence": 1}, "P653--money-clip--clutter--_IL-8oSOpA6Qnw8PoU-iKmh5rn-FUjtGgbeT-V1_RCM-00147.jpg": {"object_bounding_box": [500, 1028, 132, 105], "object_presence": 1}, "P653--money-clip--clutter--_IL-8oSOpA6Qnw8PoU-iKmh5rn-FUjtGgbeT-V1_RCM-00148.jpg": {"object_bounding_box": [499, 1029, 129, 102], "object_presence": 1}, "P653--money-clip--clutter--_IL-8oSOpA6Qnw8PoU-iKmh5rn-FUjtGgbeT-V1_RCM-00149.jpg": {"object_bounding_box": [506, 1029, 130, 103], "object_presence": 1}, "P653--money-clip--clutter--_IL-8oSOpA6Qnw8PoU-iKmh5rn-FUjtGgbeT-V1_RCM-00150.jpg": {"object_bounding_box": [508, 1028, 131, 104], "object_presence": 1}, "P653--money-clip--clutter--_IL-8oSOpA6Qnw8PoU-iKmh5rn-FUjtGgbeT-V1_RCM-00151.jpg": {"object_bounding_box": [513, 1026, 132, 108], "object_presence": 1}, "P653--money-clip--clutter--_IL-8oSOpA6Qnw8PoU-iKmh5rn-FUjtGgbeT-V1_RCM-00152.jpg": {"object_bounding_box": [520, 1024, 131, 111], "object_presence": 1}, "P653--money-clip--clutter--_IL-8oSOpA6Qnw8PoU-iKmh5rn-FUjtGgbeT-V1_RCM-00153.jpg": {"object_bounding_box": [524, 1023, 136, 114], "object_presence": 1}, "P653--money-clip--clutter--_IL-8oSOpA6Qnw8PoU-iKmh5rn-FUjtGgbeT-V1_RCM-00154.jpg": {"object_bounding_box": [523, 1021, 135, 118], "object_presence": 1}, "P653--money-clip--clutter--_IL-8oSOpA6Qnw8PoU-iKmh5rn-FUjtGgbeT-V1_RCM-00155.jpg": {"object_bounding_box": [525, 1021, 139, 118], "object_presence": 1}, "P653--money-clip--clutter--_IL-8oSOpA6Qnw8PoU-iKmh5rn-FUjtGgbeT-V1_RCM-00156.jpg": {"object_bounding_box": [527, 1019, 138, 121], "object_presence": 1}, "P653--money-clip--clutter--_IL-8oSOpA6Qnw8PoU-iKmh5rn-FUjtGgbeT-V1_RCM-00157.jpg": {"object_bounding_box": [528, 1018, 141, 124], "object_presence": 1}, "P653--money-clip--clutter--_IL-8oSOpA6Qnw8PoU-iKmh5rn-FUjtGgbeT-V1_RCM-00158.jpg": {"object_bounding_box": [526, 1018, 144, 124], "object_presence": 1}, "P653--money-clip--clutter--_IL-8oSOpA6Qnw8PoU-iKmh5rn-FUjtGgbeT-V1_RCM-00159.jpg": {"object_bounding_box": [526, 1016, 147, 129], "object_presence": 1}, "P653--money-clip--clutter--_IL-8oSOpA6Qnw8PoU-iKmh5rn-FUjtGgbeT-V1_RCM-00160.jpg": {"object_bounding_box": [529, 1013, 150, 134], "object_presence": 1}, "P653--money-clip--clutter--_IL-8oSOpA6Qnw8PoU-iKmh5rn-FUjtGgbeT-V1_RCM-00161.jpg": {"object_bounding_box": [526, 1012, 148, 135], "object_presence": 1}, "P653--money-clip--clutter--_IL-8oSOpA6Qnw8PoU-iKmh5rn-FUjtGgbeT-V1_RCM-00162.jpg": {"object_bounding_box": [525, 1012, 147, 136], "object_presence": 1}, "P653--money-clip--clutter--_IL-8oSOpA6Qnw8PoU-iKmh5rn-FUjtGgbeT-V1_RCM-00163.jpg": {"object_bounding_box": [528, 1010, 146, 136], "object_presence": 1}, "P653--money-clip--clutter--_IL-8oSOpA6Qnw8PoU-iKmh5rn-FUjtGgbeT-V1_RCM-00164.jpg": {"object_bounding_box": [529, 1012, 144, 136], "object_presence": 1}, "P653--money-clip--clutter--_IL-8oSOpA6Qnw8PoU-iKmh5rn-FUjtGgbeT-V1_RCM-00165.jpg": {"object_bounding_box": [531, 1014, 143, 132], "object_presence": 1}, "P653--money-clip--clutter--_IL-8oSOpA6Qnw8PoU-iKmh5rn-FUjtGgbeT-V1_RCM-00166.jpg": {"object_bounding_box": [533, 1016, 143, 128], "object_presence": 1}, "P653--money-clip--clutter--_IL-8oSOpA6Qnw8PoU-iKmh5rn-FUjtGgbeT-V1_RCM-00167.jpg": {"object_bounding_box": [535, 1018, 143, 125], "object_presence": 1}, "P653--money-clip--clutter--_IL-8oSOpA6Qnw8PoU-iKmh5rn-FUjtGgbeT-V1_RCM-00168.jpg": {"object_bounding_box": [533, 1019, 140, 122], "object_presence": 1}, "P653--money-clip--clutter--_IL-8oSOpA6Qnw8PoU-iKmh5rn-FUjtGgbeT-V1_RCM-00169.jpg": {"object_bounding_box": [528, 1021, 134, 118], "object_presence": 1}, "P653--money-clip--clutter--_IL-8oSOpA6Qnw8PoU-iKmh5rn-FUjtGgbeT-V1_RCM-00170.jpg": {"object_bounding_box": [527, 1024, 133, 112], "object_presence": 1}, "P653--money-clip--clutter--_IL-8oSOpA6Qnw8PoU-iKmh5rn-FUjtGgbeT-V1_RCM-00171.jpg": {"object_bounding_box": [529, 1025, 131, 110], "object_presence": 1}, "P653--money-clip--clutter--_IL-8oSOpA6Qnw8PoU-iKmh5rn-FUjtGgbeT-V1_RCM-00172.jpg": {"object_bounding_box": [527, 1026, 128, 108], "object_presence": 1}, "P653--money-clip--clutter--_IL-8oSOpA6Qnw8PoU-iKmh5rn-FUjtGgbeT-V1_RCM-00173.jpg": {"object_bounding_box": [519, 1029, 125, 102], "object_presence": 1}, "P653--money-clip--clutter--_IL-8oSOpA6Qnw8PoU-iKmh5rn-FUjtGgbeT-V1_RCM-00174.jpg": {"object_bounding_box": [515, 1030, 122, 101], "object_presence": 1}, "P653--money-clip--clutter--_IL-8oSOpA6Qnw8PoU-iKmh5rn-FUjtGgbeT-V1_RCM-00175.jpg": {"object_bounding_box": [515, 1030, 122, 101], "object_presence": 1}, "P653--money-clip--clutter--_IL-8oSOpA6Qnw8PoU-iKmh5rn-FUjtGgbeT-V1_RCM-00176.jpg": {"object_bounding_box": [515, 1031, 120, 99], "object_presence": 1}, "P653--money-clip--clutter--_IL-8oSOpA6Qnw8PoU-iKmh5rn-FUjtGgbeT-V1_RCM-00177.jpg": {"object_bounding_box": [520, 1029, 122, 102], "object_presence": 1}, "P653--money-clip--clutter--_IL-8oSOpA6Qnw8PoU-iKmh5rn-FUjtGgbeT-V1_RCM-00178.jpg": {"object_bounding_box": [530, 1027, 127, 106], "object_presence": 1}, "P653--money-clip--clutter--_IL-8oSOpA6Qnw8PoU-iKmh5rn-FUjtGgbeT-V1_RCM-00179.jpg": {"object_bounding_box": [539, 1024, 129, 112], "object_presence": 1}, "P653--money-clip--clutter--_IL-8oSOpA6Qnw8PoU-iKmh5rn-FUjtGgbeT-V1_RCM-00180.jpg": {"object_bounding_box": [553, 1020, 132, 121], "object_presence": 1}, "P653--money-clip--clutter--_IL-8oSOpA6Qnw8PoU-iKmh5rn-FUjtGgbeT-V1_RCM-00181.jpg": {"object_bounding_box": [560, 1019, 134, 121], "object_presence": 1}, "P653--money-clip--clutter--_IL-8oSOpA6Qnw8PoU-iKmh5rn-FUjtGgbeT-V1_RCM-00182.jpg": {"object_bounding_box": [559, 1021, 136, 117], "object_presence": 1}, "P653--money-clip--clutter--_IL-8oSOpA6Qnw8PoU-iKmh5rn-FUjtGgbeT-V1_RCM-00183.jpg": {"object_bounding_box": [551, 1022, 136, 116], "object_presence": 1}, "P653--money-clip--clutter--_IL-8oSOpA6Qnw8PoU-iKmh5rn-FUjtGgbeT-V1_RCM-00184.jpg": {"object_bounding_box": [550, 1021, 135, 119], "object_presence": 1}, "P653--money-clip--clutter--_IL-8oSOpA6Qnw8PoU-iKmh5rn-FUjtGgbeT-V1_RCM-00185.jpg": {"object_bounding_box": [549, 1021, 133, 119], "object_presence": 1}, "P653--money-clip--clutter--_IL-8oSOpA6Qnw8PoU-iKmh5rn-FUjtGgbeT-V1_RCM-00186.jpg": {"object_bounding_box": [555, 1019, 133, 123], "object_presence": 1}, "P653--money-clip--clutter--_IL-8oSOpA6Qnw8PoU-iKmh5rn-FUjtGgbeT-V1_RCM-00187.jpg": {"object_bounding_box": [556, 1017, 131, 126], "object_presence": 1}, "P653--money-clip--clutter--_IL-8oSOpA6Qnw8PoU-iKmh5rn-FUjtGgbeT-V1_RCM-00188.jpg": {"object_bounding_box": [563, 1014, 132, 132], "object_presence": 1}, "P653--money-clip--clutter--_IL-8oSOpA6Qnw8PoU-iKmh5rn-FUjtGgbeT-V1_RCM-00189.jpg": {"object_bounding_box": [558, 1014, 130, 132], "object_presence": 1}, "P653--money-clip--clutter--_IL-8oSOpA6Qnw8PoU-iKmh5rn-FUjtGgbeT-V1_RCM-00190.jpg": {"object_bounding_box": [555, 1014, 131, 132], "object_presence": 1}, "P653--money-clip--clutter--_IL-8oSOpA6Qnw8PoU-iKmh5rn-FUjtGgbeT-V1_RCM-00191.jpg": {"object_bounding_box": [553, 1014, 129, 132], "object_presence": 1}, "P653--money-clip--clutter--_IL-8oSOpA6Qnw8PoU-iKmh5rn-FUjtGgbeT-V1_RCM-00192.jpg": {"object_bounding_box": [547, 1015, 129, 129], "object_presence": 1}, "P653--money-clip--clutter--_IL-8oSOpA6Qnw8PoU-iKmh5rn-FUjtGgbeT-V1_RCM-00193.jpg": {"object_bounding_box": [537, 1019, 128, 122], "object_presence": 1}, "P653--money-clip--clutter--_IL-8oSOpA6Qnw8PoU-iKmh5rn-FUjtGgbeT-V1_RCM-00194.jpg": {"object_bounding_box": [536, 1020, 126, 120], "object_presence": 1}, "P653--money-clip--clutter--_IL-8oSOpA6Qnw8PoU-iKmh5rn-FUjtGgbeT-V1_RCM-00195.jpg": {"object_bounding_box": [533, 1022, 127, 116], "object_presence": 1}, "P653--money-clip--clutter--_IL-8oSOpA6Qnw8PoU-iKmh5rn-FUjtGgbeT-V1_RCM-00196.jpg": {"object_bounding_box": [534, 1025, 125, 111], "object_presence": 1}, "P653--money-clip--clutter--_IL-8oSOpA6Qnw8PoU-iKmh5rn-FUjtGgbeT-V1_RCM-00197.jpg": {"object_bounding_box": [531, 1027, 126, 106], "object_presence": 1}, "P653--money-clip--clutter--_IL-8oSOpA6Qnw8PoU-iKmh5rn-FUjtGgbeT-V1_RCM-00198.jpg": {"object_bounding_box": [530, 1028, 122, 103], "object_presence": 1}, "P653--money-clip--clutter--_IL-8oSOpA6Qnw8PoU-iKmh5rn-FUjtGgbeT-V1_RCM-00199.jpg": {"object_bounding_box": [531, 1029, 121, 102], "object_presence": 1}, "P653--money-clip--clutter--_IL-8oSOpA6Qnw8PoU-iKmh5rn-FUjtGgbeT-V1_RCM-00200.jpg": {"object_bounding_box": [529, 1029, 122, 103], "object_presence": 1}, "P653--money-clip--clutter--_IL-8oSOpA6Qnw8PoU-iKmh5rn-FUjtGgbeT-V1_RCM-00201.jpg": {"object_bounding_box": [526, 1029, 121, 102], "object_presence": 1}, "P653--money-clip--clutter--_IL-8oSOpA6Qnw8PoU-iKmh5rn-FUjtGgbeT-V1_RCM-00202.jpg": {"object_bounding_box": [521, 1030, 122, 99], "object_presence": 1}, "P653--money-clip--clutter--_IL-8oSOpA6Qnw8PoU-iKmh5rn-FUjtGgbeT-V1_RCM-00203.jpg": {"object_bounding_box": [520, 1028, 123, 103], "object_presence": 1}, "P653--money-clip--clutter--_IL-8oSOpA6Qnw8PoU-iKmh5rn-FUjtGgbeT-V1_RCM-00204.jpg": {"object_bounding_box": [525, 1026, 121, 108], "object_presence": 1}, "P653--money-clip--clutter--_IL-8oSOpA6Qnw8PoU-iKmh5rn-FUjtGgbeT-V1_RCM-00205.jpg": {"object_bounding_box": [529, 1024, 120, 113], "object_presence": 1}, "P653--money-clip--clutter--_IL-8oSOpA6Qnw8PoU-iKmh5rn-FUjtGgbeT-V1_RCM-00206.jpg": {"object_bounding_box": [530, 1022, 119, 117], "object_presence": 1}, "P653--money-clip--clutter--_IL-8oSOpA6Qnw8PoU-iKmh5rn-FUjtGgbeT-V1_RCM-00207.jpg": {"object_bounding_box": [533, 1021, 118, 119], "object_presence": 1}, "P653--money-clip--clutter--_IL-8oSOpA6Qnw8PoU-iKmh5rn-FUjtGgbeT-V1_RCM-00208.jpg": {"object_bounding_box": [537, 1019, 119, 123], "object_presence": 1}, "P653--money-clip--clutter--_IL-8oSOpA6Qnw8PoU-iKmh5rn-FUjtGgbeT-V1_RCM-00209.jpg": {"object_bounding_box": [538, 1017, 118, 125], "object_presence": 1}, "P653--money-clip--clutter--_IL-8oSOpA6Qnw8PoU-iKmh5rn-FUjtGgbeT-V1_RCM-00210.jpg": {"object_bounding_box": [536, 1016, 119, 129], "object_presence": 1}, "P653--money-clip--clutter--_IL-8oSOpA6Qnw8PoU-iKmh5rn-FUjtGgbeT-V1_RCM-00211.jpg": {"object_bounding_box": [538, 1015, 118, 130], "object_presence": 1}, "P653--money-clip--clutter--_IL-8oSOpA6Qnw8PoU-iKmh5rn-FUjtGgbeT-V1_RCM-00212.jpg": {"object_bounding_box": [535, 1013, 117, 131], "object_presence": 1}, "P653--money-clip--clutter--_IL-8oSOpA6Qnw8PoU-iKmh5rn-FUjtGgbeT-V1_RCM-00213.jpg": {"object_bounding_box": [535, 1009, 117, 132], "object_presence": 1}, "P653--money-clip--clutter--_IL-8oSOpA6Qnw8PoU-iKmh5rn-FUjtGgbeT-V1_RCM-00214.jpg": {"object_bounding_box": [536, 1006, 114, 131], "object_presence": 1}, "P653--money-clip--clutter--_IL-8oSOpA6Qnw8PoU-iKmh5rn-FUjtGgbeT-V1_RCM-00215.jpg": {"object_bounding_box": [535, 1004, 114, 130], "object_presence": 1}, "P653--money-clip--clutter--_IL-8oSOpA6Qnw8PoU-iKmh5rn-FUjtGgbeT-V1_RCM-00216.jpg": {"object_bounding_box": [535, 1000, 114, 129], "object_presence": 1}, "P653--money-clip--clutter--_IL-8oSOpA6Qnw8PoU-iKmh5rn-FUjtGgbeT-V1_RCM-00217.jpg": {"object_bounding_box": [532, 998, 113, 129], "object_presence": 1}, "P653--money-clip--clutter--_IL-8oSOpA6Qnw8PoU-iKmh5rn-FUjtGgbeT-V1_RCM-00218.jpg": {"object_bounding_box": [531, 996, 111, 128], "object_presence": 1}, "P653--money-clip--clutter--_IL-8oSOpA6Qnw8PoU-iKmh5rn-FUjtGgbeT-V1_RCM-00219.jpg": {"object_bounding_box": [533, 993, 111, 128], "object_presence": 1}, "P653--money-clip--clutter--_IL-8oSOpA6Qnw8PoU-iKmh5rn-FUjtGgbeT-V1_RCM-00220.jpg": {"object_bounding_box": [529, 991, 112, 128], "object_presence": 1}, "P653--money-clip--clutter--_IL-8oSOpA6Qnw8PoU-iKmh5rn-FUjtGgbeT-V1_RCM-00221.jpg": {"object_bounding_box": [526, 991, 111, 126], "object_presence": 1}, "P653--money-clip--clutter--_IL-8oSOpA6Qnw8PoU-iKmh5rn-FUjtGgbeT-V1_RCM-00222.jpg": {"object_bounding_box": [529, 988, 109, 127], "object_presence": 1}, "P653--money-clip--clutter--_IL-8oSOpA6Qnw8PoU-iKmh5rn-FUjtGgbeT-V1_RCM-00223.jpg": {"object_bounding_box": [529, 981, 109, 127], "object_presence": 1}, "P653--money-clip--clutter--_IL-8oSOpA6Qnw8PoU-iKmh5rn-FUjtGgbeT-V1_RCM-00224.jpg": {"object_bounding_box": [529, 978, 108, 123], "object_presence": 1}, "P653--money-clip--clutter--_IL-8oSOpA6Qnw8PoU-iKmh5rn-FUjtGgbeT-V1_RCM-00225.jpg": {"object_bounding_box": [528, 979, 109, 123], "object_presence": 1}, "P653--money-clip--clutter--_IL-8oSOpA6Qnw8PoU-iKmh5rn-FUjtGgbeT-V1_RCM-00226.jpg": {"object_bounding_box": [531, 977, 107, 123], "object_presence": 1}, "P653--money-clip--clutter--_IL-8oSOpA6Qnw8PoU-iKmh5rn-FUjtGgbeT-V1_RCM-00227.jpg": {"object_bounding_box": [538, 976, 107, 121], "object_presence": 1}, "P653--money-clip--clutter--_IL-8oSOpA6Qnw8PoU-iKmh5rn-FUjtGgbeT-V1_RCM-00228.jpg": {"object_bounding_box": [541, 977, 107, 120], "object_presence": 1}, "P653--money-clip--clutter--_IL-8oSOpA6Qnw8PoU-iKmh5rn-FUjtGgbeT-V1_RCM-00229.jpg": {"object_bounding_box": [543, 976, 105, 120], "object_presence": 1}, "P653--money-clip--clutter--_IL-8oSOpA6Qnw8PoU-iKmh5rn-FUjtGgbeT-V1_RCM-00230.jpg": {"object_bounding_box": [543, 978, 105, 120], "object_presence": 1}, "P653--money-clip--clutter--_IL-8oSOpA6Qnw8PoU-iKmh5rn-FUjtGgbeT-V1_RCM-00231.jpg": {"object_bounding_box": [543, 979, 104, 120], "object_presence": 1}, "P653--money-clip--clutter--_IL-8oSOpA6Qnw8PoU-iKmh5rn-FUjtGgbeT-V1_RCM-00232.jpg": {"object_bounding_box": [542, 982, 106, 119], "object_presence": 1}, "P653--money-clip--clutter--_IL-8oSOpA6Qnw8PoU-iKmh5rn-FUjtGgbeT-V1_RCM-00233.jpg": {"object_bounding_box": [543, 989, 106, 122], "object_presence": 1}, "P653--money-clip--clutter--_IL-8oSOpA6Qnw8PoU-iKmh5rn-FUjtGgbeT-V1_RCM-00234.jpg": {"object_bounding_box": [543, 996, 106, 121], "object_presence": 1}, "P653--money-clip--clutter--_IL-8oSOpA6Qnw8PoU-iKmh5rn-FUjtGgbeT-V1_RCM-00235.jpg": {"object_bounding_box": [545, 1001, 105, 120], "object_presence": 1}, "P653--money-clip--clutter--_IL-8oSOpA6Qnw8PoU-iKmh5rn-FUjtGgbeT-V1_RCM-00236.jpg": {"object_bounding_box": [550, 1005, 103, 117], "object_presence": 1}, "P653--money-clip--clutter--_IL-8oSOpA6Qnw8PoU-iKmh5rn-FUjtGgbeT-V1_RCM-00237.jpg": {"object_bounding_box": [554, 1007, 102, 117], "object_presence": 1}, "P653--money-clip--clutter--_IL-8oSOpA6Qnw8PoU-iKmh5rn-FUjtGgbeT-V1_RCM-00238.jpg": {"object_bounding_box": [559, 1008, 103, 117], "object_presence": 1}, "P653--money-clip--clutter--_IL-8oSOpA6Qnw8PoU-iKmh5rn-FUjtGgbeT-V1_RCM-00239.jpg": {"object_bounding_box": [559, 1011, 103, 117], "object_presence": 1}, "P653--money-clip--clutter--_IL-8oSOpA6Qnw8PoU-iKmh5rn-FUjtGgbeT-V1_RCM-00240.jpg": {"object_bounding_box": [562, 1008, 101, 117], "object_presence": 1}, "P653--money-clip--clutter--_IL-8oSOpA6Qnw8PoU-iKmh5rn-FUjtGgbeT-V1_RCM-00241.jpg": {"object_bounding_box": [564, 1011, 102, 116], "object_presence": 1}, "P653--money-clip--clutter--_IL-8oSOpA6Qnw8PoU-iKmh5rn-FUjtGgbeT-V1_RCM-00242.jpg": {"object_bounding_box": [563, 1012, 100, 117], "object_presence": 1}, "P653--money-clip--clutter--_IL-8oSOpA6Qnw8PoU-iKmh5rn-FUjtGgbeT-V1_RCM-00243.jpg": {"object_bounding_box": [561, 1010, 100, 116], "object_presence": 1}, "P653--money-clip--clutter--_IL-8oSOpA6Qnw8PoU-iKmh5rn-FUjtGgbeT-V1_RCM-00244.jpg": {"object_bounding_box": [558, 1008, 99, 115], "object_presence": 1}, "P653--money-clip--clutter--_IL-8oSOpA6Qnw8PoU-iKmh5rn-FUjtGgbeT-V1_RCM-00245.jpg": {"object_bounding_box": [559, 1007, 98, 117], "object_presence": 1}, "P653--money-clip--clutter--_IL-8oSOpA6Qnw8PoU-iKmh5rn-FUjtGgbeT-V1_RCM-00246.jpg": {"object_bounding_box": [560, 1002, 99, 117], "object_presence": 1}, "P653--money-clip--clutter--_IL-8oSOpA6Qnw8PoU-iKmh5rn-FUjtGgbeT-V1_RCM-00247.jpg": {"object_bounding_box": [562, 994, 98, 115], "object_presence": 1}, "P653--money-clip--clutter--_IL-8oSOpA6Qnw8PoU-iKmh5rn-FUjtGgbeT-V1_RCM-00248.jpg": {"object_bounding_box": [559, 992, 99, 115], "object_presence": 1}, "P653--money-clip--clutter--_IL-8oSOpA6Qnw8PoU-iKmh5rn-FUjtGgbeT-V1_RCM-00249.jpg": {"object_bounding_box": [550, 996, 98, 112], "object_presence": 1}, "P653--money-clip--clutter--_IL-8oSOpA6Qnw8PoU-iKmh5rn-FUjtGgbeT-V1_RCM-00250.jpg": {"object_bounding_box": [549, 996, 97, 112], "object_presence": 1}, "P653--money-clip--clutter--_IL-8oSOpA6Qnw8PoU-iKmh5rn-FUjtGgbeT-V1_RCM-00251.jpg": {"object_bounding_box": [547, 995, 97, 111], "object_presence": 1}, "P653--money-clip--clutter--_IL-8oSOpA6Qnw8PoU-iKmh5rn-FUjtGgbeT-V1_RCM-00252.jpg": {"object_bounding_box": [546, 994, 96, 112], "object_presence": 1}, "P653--money-clip--clutter--_IL-8oSOpA6Qnw8PoU-iKmh5rn-FUjtGgbeT-V1_RCM-00253.jpg": {"object_bounding_box": [543, 992, 97, 111], "object_presence": 1}, "P653--money-clip--clutter--_IL-8oSOpA6Qnw8PoU-iKmh5rn-FUjtGgbeT-V1_RCM-00254.jpg": {"object_bounding_box": [537, 991, 96, 110], "object_presence": 1}, "P653--money-clip--clutter--_IL-8oSOpA6Qnw8PoU-iKmh5rn-FUjtGgbeT-V1_RCM-00255.jpg": {"object_bounding_box": [533, 990, 95, 111], "object_presence": 1}, "P653--money-clip--clutter--_IL-8oSOpA6Qnw8PoU-iKmh5rn-FUjtGgbeT-V1_RCM-00256.jpg": {"object_bounding_box": [533, 985, 95, 109], "object_presence": 1}, "P653--money-clip--clutter--_IL-8oSOpA6Qnw8PoU-iKmh5rn-FUjtGgbeT-V1_RCM-00257.jpg": {"object_bounding_box": [533, 982, 95, 112], "object_presence": 1}, "P653--money-clip--clutter--_IL-8oSOpA6Qnw8PoU-iKmh5rn-FUjtGgbeT-V1_RCM-00258.jpg": {"object_bounding_box": [539, 977, 96, 110], "object_presence": 1}, "P653--money-clip--clutter--_IL-8oSOpA6Qnw8PoU-iKmh5rn-FUjtGgbeT-V1_RCM-00259.jpg": {"object_bounding_box": [541, 975, 94, 109], "object_presence": 1}, "P653--money-clip--clutter--_IL-8oSOpA6Qnw8PoU-iKmh5rn-FUjtGgbeT-V1_RCM-00260.jpg": {"object_bounding_box": [544, 971, 94, 109], "object_presence": 1}, "P653--money-clip--clutter--_IL-8oSOpA6Qnw8PoU-iKmh5rn-FUjtGgbeT-V1_RCM-00261.jpg": {"object_bounding_box": [543, 971, 94, 108], "object_presence": 1}, "P653--money-clip--clutter--_IL-8oSOpA6Qnw8PoU-iKmh5rn-FUjtGgbeT-V1_RCM-00262.jpg": {"object_bounding_box": [541, 971, 92, 108], "object_presence": 1}, "P653--money-clip--clutter--_IL-8oSOpA6Qnw8PoU-iKmh5rn-FUjtGgbeT-V1_RCM-00263.jpg": {"object_bounding_box": [543, 972, 93, 106], "object_presence": 1}, "P653--money-clip--clutter--_IL-8oSOpA6Qnw8PoU-iKmh5rn-FUjtGgbeT-V1_RCM-00264.jpg": {"object_bounding_box": [544, 971, 92, 108], "object_presence": 1}, "P653--money-clip--clutter--_IL-8oSOpA6Qnw8PoU-iKmh5rn-FUjtGgbeT-V1_RCM-00265.jpg": {"object_bounding_box": [538, 974, 93, 108], "object_presence": 1}, "P653--money-clip--clutter--_IL-8oSOpA6Qnw8PoU-iKmh5rn-FUjtGgbeT-V1_RCM-00266.jpg": {"object_bounding_box": [533, 976, 92, 107], "object_presence": 1}, "P653--money-clip--clutter--_IL-8oSOpA6Qnw8PoU-iKmh5rn-FUjtGgbeT-V1_RCM-00267.jpg": {"object_bounding_box": [530, 976, 92, 106], "object_presence": 1}, "P653--money-clip--clutter--_IL-8oSOpA6Qnw8PoU-iKmh5rn-FUjtGgbeT-V1_RCM-00268.jpg": {"object_bounding_box": [529, 977, 91, 106], "object_presence": 1}, "P653--money-clip--clutter--_IL-8oSOpA6Qnw8PoU-iKmh5rn-FUjtGgbeT-V1_RCM-00269.jpg": {"object_bounding_box": [527, 977, 90, 106], "object_presence": 1}, "P653--money-clip--clutter--_IL-8oSOpA6Qnw8PoU-iKmh5rn-FUjtGgbeT-V1_RCM-00270.jpg": {"object_bounding_box": [524, 978, 89, 106], "object_presence": 1}, "P653--money-clip--clutter--_IL-8oSOpA6Qnw8PoU-iKmh5rn-FUjtGgbeT-V1_RCM-00271.jpg": {"object_bounding_box": [523, 982, 89, 106], "object_presence": 1}, "P653--money-clip--clutter--_IL-8oSOpA6Qnw8PoU-iKmh5rn-FUjtGgbeT-V1_RCM-00272.jpg": {"object_bounding_box": [521, 979, 88, 106], "object_presence": 1}, "P653--money-clip--clutter--_IL-8oSOpA6Qnw8PoU-iKmh5rn-FUjtGgbeT-V1_RCM-00273.jpg": {"object_bounding_box": [517, 980, 88, 106], "object_presence": 1}, "P653--money-clip--clutter--_IL-8oSOpA6Qnw8PoU-iKmh5rn-FUjtGgbeT-V1_RCM-00274.jpg": {"object_bounding_box": [513, 981, 88, 105], "object_presence": 1}, "P653--money-clip--clutter--_IL-8oSOpA6Qnw8PoU-iKmh5rn-FUjtGgbeT-V1_RCM-00275.jpg": {"object_bounding_box": [516, 982, 88, 104], "object_presence": 1}, "P653--money-clip--clutter--_IL-8oSOpA6Qnw8PoU-iKmh5rn-FUjtGgbeT-V1_RCM-00276.jpg": {"object_bounding_box": [515, 981, 88, 103], "object_presence": 1}, "P653--money-clip--clutter--_IL-8oSOpA6Qnw8PoU-iKmh5rn-FUjtGgbeT-V1_RCM-00277.jpg": {"object_bounding_box": [515, 980, 88, 104], "object_presence": 1}, "P653--money-clip--clutter--_IL-8oSOpA6Qnw8PoU-iKmh5rn-FUjtGgbeT-V1_RCM-00278.jpg": {"object_bounding_box": [514, 977, 89, 104], "object_presence": 1}, "P653--money-clip--clutter--_IL-8oSOpA6Qnw8PoU-iKmh5rn-FUjtGgbeT-V1_RCM-00279.jpg": {"object_bounding_box": [515, 974, 89, 105], "object_presence": 1}, "P653--money-clip--clutter--_IL-8oSOpA6Qnw8PoU-iKmh5rn-FUjtGgbeT-V1_RCM-00280.jpg": {"object_bounding_box": [516, 971, 88, 103], "object_presence": 1}, "P653--money-clip--clutter--_IL-8oSOpA6Qnw8PoU-iKmh5rn-FUjtGgbeT-V1_RCM-00281.jpg": {"object_bounding_box": [517, 970, 88, 102], "object_presence": 1}, "P653--money-clip--clutter--_IL-8oSOpA6Qnw8PoU-iKmh5rn-FUjtGgbeT-V1_RCM-00282.jpg": {"object_bounding_box": [512, 970, 90, 102], "object_presence": 1}, "P653--money-clip--clutter--_IL-8oSOpA6Qnw8PoU-iKmh5rn-FUjtGgbeT-V1_RCM-00283.jpg": {"object_bounding_box": [507, 974, 88, 101], "object_presence": 1}, "P653--money-clip--clutter--_IL-8oSOpA6Qnw8PoU-iKmh5rn-FUjtGgbeT-V1_RCM-00284.jpg": {"object_bounding_box": [503, 975, 87, 102], "object_presence": 1}, "P653--money-clip--clutter--_IL-8oSOpA6Qnw8PoU-iKmh5rn-FUjtGgbeT-V1_RCM-00285.jpg": {"object_bounding_box": [502, 971, 86, 104], "object_presence": 1}, "P653--money-clip--clutter--_IL-8oSOpA6Qnw8PoU-iKmh5rn-FUjtGgbeT-V1_RCM-00286.jpg": {"object_bounding_box": [506, 960, 84, 104], "object_presence": 1}, "P653--money-clip--clutter--_IL-8oSOpA6Qnw8PoU-iKmh5rn-FUjtGgbeT-V1_RCM-00287.jpg": {"object_bounding_box": [507, 947, 86, 103], "object_presence": 1}, "P653--money-clip--clutter--_IL-8oSOpA6Qnw8PoU-iKmh5rn-FUjtGgbeT-V1_RCM-00288.jpg": {"object_bounding_box": [501, 939, 89, 101], "object_presence": 1}, "P653--money-clip--clutter--_IL-8oSOpA6Qnw8PoU-iKmh5rn-FUjtGgbeT-V1_RCM-00289.jpg": {"object_bounding_box": [487, 933, 91, 102], "object_presence": 1}, "P653--money-clip--clutter--_IL-8oSOpA6Qnw8PoU-iKmh5rn-FUjtGgbeT-V1_RCM-00290.jpg": {"object_bounding_box": [473, 925, 89, 102], "object_presence": 1}, "P653--money-clip--clutter--_IL-8oSOpA6Qnw8PoU-iKmh5rn-FUjtGgbeT-V1_RCM-00291.jpg": {"object_bounding_box": [471, 915, 83, 101], "object_presence": 1}, "P653--money-clip--clutter--_IL-8oSOpA6Qnw8PoU-iKmh5rn-FUjtGgbeT-V1_RCM-00292.jpg": {"object_bounding_box": [483, 900, 85, 100], "object_presence": 1}, "P653--money-clip--clutter--_IL-8oSOpA6Qnw8PoU-iKmh5rn-FUjtGgbeT-V1_RCM-00293.jpg": {"object_bounding_box": [473, 888, 86, 96], "object_presence": 1}, "P653--money-clip--clutter--_IL-8oSOpA6Qnw8PoU-iKmh5rn-FUjtGgbeT-V1_RCM-00294.jpg": {"object_bounding_box": [454, 891, 84, 98], "object_presence": 1}, "P653--money-clip--clutter--_IL-8oSOpA6Qnw8PoU-iKmh5rn-FUjtGgbeT-V1_RCM-00295.jpg": {"object_bounding_box": [444, 889, 80, 98], "object_presence": 1}, "P653--money-clip--clutter--_IL-8oSOpA6Qnw8PoU-iKmh5rn-FUjtGgbeT-V1_RCM-00296.jpg": {"object_bounding_box": [446, 871, 77, 100], "object_presence": 1}, "P653--money-clip--clutter--_IL-8oSOpA6Qnw8PoU-iKmh5rn-FUjtGgbeT-V1_RCM-00297.jpg": {"object_bounding_box": [445, 855, 79, 101], "object_presence": 1}, "P653--money-clip--clutter--_IL-8oSOpA6Qnw8PoU-iKmh5rn-FUjtGgbeT-V1_RCM-00298.jpg": {"object_bounding_box": [440, 839, 81, 93], "object_presence": 1}, "P653--money-clip--clutter--_IL-8oSOpA6Qnw8PoU-iKmh5rn-FUjtGgbeT-V1_RCM-00299.jpg": {"object_bounding_box": [438, 843, 81, 94], "object_presence": 1}, "P653--money-clip--clutter--_IL-8oSOpA6Qnw8PoU-iKmh5rn-FUjtGgbeT-V1_RCM-00300.jpg": {"object_bounding_box": [442, 842, 85, 97], "object_presence": 1}, "P653--money-clip--clutter--_IL-8oSOpA6Qnw8PoU-iKmh5rn-FUjtGgbeT-V1_RCM-00301.jpg": {"object_bounding_box": [446, 830, 82, 101], "object_presence": 1}, "P653--money-clip--clutter--_IL-8oSOpA6Qnw8PoU-iKmh5rn-FUjtGgbeT-V1_RCM-00302.jpg": {"object_bounding_box": [440, 818, 83, 97], "object_presence": 1}, "P653--money-clip--clutter--_IL-8oSOpA6Qnw8PoU-iKmh5rn-FUjtGgbeT-V1_RCM-00303.jpg": {"object_bounding_box": [434, 810, 80, 97], "object_presence": 1}, "P653--money-clip--clutter--_IL-8oSOpA6Qnw8PoU-iKmh5rn-FUjtGgbeT-V1_RCM-00304.jpg": {"object_bounding_box": [443, 804, 79, 93], "object_presence": 1}, "P653--money-clip--clutter--_IL-8oSOpA6Qnw8PoU-iKmh5rn-FUjtGgbeT-V1_RCM-00305.jpg": {"object_bounding_box": [447, 798, 83, 94], "object_presence": 1}, "P653--money-clip--clutter--_IL-8oSOpA6Qnw8PoU-iKmh5rn-FUjtGgbeT-V1_RCM-00306.jpg": {"object_bounding_box": [439, 798, 83, 93], "object_presence": 1}, "P653--money-clip--clutter--_IL-8oSOpA6Qnw8PoU-iKmh5rn-FUjtGgbeT-V1_RCM-00307.jpg": {"object_bounding_box": [433, 798, 85, 95], "object_presence": 1}, "P653--money-clip--clutter--_IL-8oSOpA6Qnw8PoU-iKmh5rn-FUjtGgbeT-V1_RCM-00308.jpg": {"object_bounding_box": [423, 791, 81, 92], "object_presence": 1}, "P653--money-clip--clutter--_IL-8oSOpA6Qnw8PoU-iKmh5rn-FUjtGgbeT-V1_RCM-00309.jpg": {"object_bounding_box": [422, 791, 82, 92], "object_presence": 1}, "P653--money-clip--clutter--_IL-8oSOpA6Qnw8PoU-iKmh5rn-FUjtGgbeT-V1_RCM-00310.jpg": {"object_bounding_box": [430, 798, 86, 93], "object_presence": 1}, "P653--money-clip--clutter--_IL-8oSOpA6Qnw8PoU-iKmh5rn-FUjtGgbeT-V1_RCM-00311.jpg": {"object_bounding_box": [436, 798, 81, 90], "object_presence": 1}, "P653--money-clip--clutter--_IL-8oSOpA6Qnw8PoU-iKmh5rn-FUjtGgbeT-V1_RCM-00312.jpg": {"object_bounding_box": [443, 796, 83, 90], "object_presence": 1}, "P653--money-clip--clutter--_IL-8oSOpA6Qnw8PoU-iKmh5rn-FUjtGgbeT-V1_RCM-00313.jpg": {"object_bounding_box": [455, 792, 82, 91], "object_presence": 1}, "P653--money-clip--clutter--_IL-8oSOpA6Qnw8PoU-iKmh5rn-FUjtGgbeT-V1_RCM-00314.jpg": {"object_bounding_box": [468, 785, 84, 91], "object_presence": 1}, "P653--money-clip--clutter--_IL-8oSOpA6Qnw8PoU-iKmh5rn-FUjtGgbeT-V1_RCM-00315.jpg": {"object_bounding_box": [465, 786, 85, 89], "object_presence": 1}, "P653--money-clip--clutter--_IL-8oSOpA6Qnw8PoU-iKmh5rn-FUjtGgbeT-V1_RCM-00316.jpg": {"object_bounding_box": [460, 799, 83, 95], "object_presence": 1}, "P653--money-clip--clutter--_IL-8oSOpA6Qnw8PoU-iKmh5rn-FUjtGgbeT-V1_RCM-00317.jpg": {"object_bounding_box": [464, 809, 82, 92], "object_presence": 1}, "P653--money-clip--clutter--_IL-8oSOpA6Qnw8PoU-iKmh5rn-FUjtGgbeT-V1_RCM-00318.jpg": {"object_bounding_box": [468, 814, 82, 92], "object_presence": 1}, "P653--money-clip--clutter--_IL-8oSOpA6Qnw8PoU-iKmh5rn-FUjtGgbeT-V1_RCM-00319.jpg": {"object_bounding_box": [477, 821, 80, 94], "object_presence": 1}, "P653--money-clip--clutter--_IL-8oSOpA6Qnw8PoU-iKmh5rn-FUjtGgbeT-V1_RCM-00320.jpg": {"object_bounding_box": [479, 830, 80, 93], "object_presence": 1}, "P653--money-clip--clutter--_IL-8oSOpA6Qnw8PoU-iKmh5rn-FUjtGgbeT-V1_RCM-00321.jpg": {"object_bounding_box": [485, 839, 81, 94], "object_presence": 1}, "P653--money-clip--clutter--_IL-8oSOpA6Qnw8PoU-iKmh5rn-FUjtGgbeT-V1_RCM-00322.jpg": {"object_bounding_box": [490, 841, 80, 91], "object_presence": 1}, "P653--money-clip--clutter--_IL-8oSOpA6Qnw8PoU-iKmh5rn-FUjtGgbeT-V1_RCM-00323.jpg": {"object_bounding_box": [492, 844, 80, 90], "object_presence": 1}, "P653--money-clip--clutter--_IL-8oSOpA6Qnw8PoU-iKmh5rn-FUjtGgbeT-V1_RCM-00324.jpg": {"object_bounding_box": [497, 849, 79, 91], "object_presence": 1}, "P653--money-clip--clutter--_IL-8oSOpA6Qnw8PoU-iKmh5rn-FUjtGgbeT-V1_RCM-00325.jpg": {"object_bounding_box": [494, 856, 78, 90], "object_presence": 1}, "P653--money-clip--clutter--_IL-8oSOpA6Qnw8PoU-iKmh5rn-FUjtGgbeT-V1_RCM-00326.jpg": {"object_bounding_box": [490, 865, 77, 90], "object_presence": 1}, "P653--money-clip--clutter--_IL-8oSOpA6Qnw8PoU-iKmh5rn-FUjtGgbeT-V1_RCM-00327.jpg": {"object_bounding_box": [491, 868, 79, 90], "object_presence": 1}, "P653--money-clip--clutter--_IL-8oSOpA6Qnw8PoU-iKmh5rn-FUjtGgbeT-V1_RCM-00328.jpg": {"object_bounding_box": [488, 867, 79, 92], "object_presence": 1}, "P653--money-clip--clutter--_IL-8oSOpA6Qnw8PoU-iKmh5rn-FUjtGgbeT-V1_RCM-00329.jpg": {"object_bounding_box": [485, 866, 80, 91], "object_presence": 1}, "P653--money-clip--clutter--_IL-8oSOpA6Qnw8PoU-iKmh5rn-FUjtGgbeT-V1_RCM-00330.jpg": {"object_bounding_box": [483, 866, 79, 89], "object_presence": 1}, "P653--money-clip--clutter--_IL-8oSOpA6Qnw8PoU-iKmh5rn-FUjtGgbeT-V1_RCM-00331.jpg": {"object_bounding_box": [480, 867, 79, 90], "object_presence": 1}, "P653--money-clip--clutter--_IL-8oSOpA6Qnw8PoU-iKmh5rn-FUjtGgbeT-V1_RCM-00332.jpg": {"object_bounding_box": [476, 866, 78, 90], "object_presence": 1}, "P653--money-clip--clutter--_IL-8oSOpA6Qnw8PoU-iKmh5rn-FUjtGgbeT-V1_RCM-00333.jpg": {"object_bounding_box": [474, 865, 77, 90], "object_presence": 1}, "P653--money-clip--clutter--_IL-8oSOpA6Qnw8PoU-iKmh5rn-FUjtGgbeT-V1_RCM-00334.jpg": {"object_bounding_box": [469, 864, 79, 91], "object_presence": 1}, "P653--money-clip--clutter--_IL-8oSOpA6Qnw8PoU-iKmh5rn-FUjtGgbeT-V1_RCM-00335.jpg": {"object_bounding_box": [469, 861, 78, 90], "object_presence": 1}, "P653--money-clip--clutter--_IL-8oSOpA6Qnw8PoU-iKmh5rn-FUjtGgbeT-V1_RCM-00336.jpg": {"object_bounding_box": [472, 856, 78, 89], "object_presence": 1}, "P653--money-clip--clutter--_IL-8oSOpA6Qnw8PoU-iKmh5rn-FUjtGgbeT-V1_RCM-00337.jpg": {"object_bounding_box": [472, 853, 76, 88], "object_presence": 1}, "P653--money-clip--clutter--_IL-8oSOpA6Qnw8PoU-iKmh5rn-FUjtGgbeT-V1_RCM-00338.jpg": {"object_bounding_box": [473, 848, 78, 89], "object_presence": 1}, "P653--money-clip--clutter--_IL-8oSOpA6Qnw8PoU-iKmh5rn-FUjtGgbeT-V1_RCM-00339.jpg": {"object_bounding_box": [477, 839, 75, 90], "object_presence": 1}, "P653--money-clip--clutter--_IL-8oSOpA6Qnw8PoU-iKmh5rn-FUjtGgbeT-V1_RCM-00340.jpg": {"object_bounding_box": [479, 833, 78, 88], "object_presence": 1}, "P653--money-clip--clutter--_IL-8oSOpA6Qnw8PoU-iKmh5rn-FUjtGgbeT-V1_RCM-00341.jpg": {"object_bounding_box": [479, 834, 77, 86], "object_presence": 1}, "P653--money-clip--clutter--_IL-8oSOpA6Qnw8PoU-iKmh5rn-FUjtGgbeT-V1_RCM-00342.jpg": {"object_bounding_box": [472, 835, 79, 87], "object_presence": 1}, "P653--money-clip--clutter--_IL-8oSOpA6Qnw8PoU-iKmh5rn-FUjtGgbeT-V1_RCM-00343.jpg": {"object_bounding_box": [464, 835, 77, 88], "object_presence": 1}, "P653--money-clip--clutter--_IL-8oSOpA6Qnw8PoU-iKmh5rn-FUjtGgbeT-V1_RCM-00344.jpg": {"object_bounding_box": [462, 832, 77, 87], "object_presence": 1}, "P653--money-clip--clutter--_IL-8oSOpA6Qnw8PoU-iKmh5rn-FUjtGgbeT-V1_RCM-00345.jpg": {"object_bounding_box": [467, 826, 74, 87], "object_presence": 1}, "P653--money-clip--clutter--_IL-8oSOpA6Qnw8PoU-iKmh5rn-FUjtGgbeT-V1_RCM-00346.jpg": {"object_bounding_box": [467, 819, 76, 86], "object_presence": 1}, "P653--money-clip--clutter--_IL-8oSOpA6Qnw8PoU-iKmh5rn-FUjtGgbeT-V1_RCM-00347.jpg": {"object_bounding_box": [465, 812, 74, 85], "object_presence": 1}, "P653--money-clip--clutter--_IL-8oSOpA6Qnw8PoU-iKmh5rn-FUjtGgbeT-V1_RCM-00348.jpg": {"object_bounding_box": [463, 810, 75, 85], "object_presence": 1}, "P653--money-clip--clutter--_IL-8oSOpA6Qnw8PoU-iKmh5rn-FUjtGgbeT-V1_RCM-00349.jpg": {"object_bounding_box": [457, 803, 76, 85], "object_presence": 1}, "P653--money-clip--clutter--_IL-8oSOpA6Qnw8PoU-iKmh5rn-FUjtGgbeT-V1_RCM-00350.jpg": {"object_bounding_box": [450, 798, 78, 84], "object_presence": 1}, "P653--money-clip--clutter--_IL-8oSOpA6Qnw8PoU-iKmh5rn-FUjtGgbeT-V1_RCM-00351.jpg": {"object_bounding_box": [437, 802, 76, 86], "object_presence": 1}, "P653--money-clip--clutter--_IL-8oSOpA6Qnw8PoU-iKmh5rn-FUjtGgbeT-V1_RCM-00352.jpg": {"object_bounding_box": [424, 807, 73, 83], "object_presence": 1}, "P653--money-clip--clutter--_IL-8oSOpA6Qnw8PoU-iKmh5rn-FUjtGgbeT-V1_RCM-00353.jpg": {"object_bounding_box": [418, 807, 73, 84], "object_presence": 1}, "P653--money-clip--clutter--_IL-8oSOpA6Qnw8PoU-iKmh5rn-FUjtGgbeT-V1_RCM-00354.jpg": {"object_bounding_box": [415, 807, 74, 84], "object_presence": 1}, "P653--money-clip--clutter--_IL-8oSOpA6Qnw8PoU-iKmh5rn-FUjtGgbeT-V1_RCM-00355.jpg": {"object_bounding_box": [407, 808, 75, 85], "object_presence": 1}, "P653--money-clip--clutter--_IL-8oSOpA6Qnw8PoU-iKmh5rn-FUjtGgbeT-V1_RCM-00356.jpg": {"object_bounding_box": [402, 813, 73, 84], "object_presence": 1}, "P653--money-clip--clutter--_IL-8oSOpA6Qnw8PoU-iKmh5rn-FUjtGgbeT-V1_RCM-00357.jpg": {"object_bounding_box": [398, 817, 74, 84], "object_presence": 1}, "P653--money-clip--clutter--_IL-8oSOpA6Qnw8PoU-iKmh5rn-FUjtGgbeT-V1_RCM-00358.jpg": {"object_bounding_box": [399, 820, 74, 86], "object_presence": 1}, "P653--money-clip--clutter--_IL-8oSOpA6Qnw8PoU-iKmh5rn-FUjtGgbeT-V1_RCM-00359.jpg": {"object_bounding_box": [400, 824, 73, 85], "object_presence": 1}, "P653--money-clip--clutter--_IL-8oSOpA6Qnw8PoU-iKmh5rn-FUjtGgbeT-V1_RCM-00360.jpg": {"object_bounding_box": [403, 825, 72, 84], "object_presence": 1}, "P653--money-clip--clutter--_IL-8oSOpA6Qnw8PoU-iKmh5rn-FUjtGgbeT-V1_RCM-00361.jpg": {"object_bounding_box": [406, 824, 72, 84], "object_presence": 1}, "P653--money-clip--clutter--_IL-8oSOpA6Qnw8PoU-iKmh5rn-FUjtGgbeT-V1_RCM-00362.jpg": {"object_bounding_box": [411, 826, 74, 86], "object_presence": 1}, "P653--money-clip--clutter--_IL-8oSOpA6Qnw8PoU-iKmh5rn-FUjtGgbeT-V1_RCM-00363.jpg": {"object_bounding_box": [410, 832, 74, 85], "object_presence": 1}, "P653--money-clip--clutter--_IL-8oSOpA6Qnw8PoU-iKmh5rn-FUjtGgbeT-V1_RCM-00364.jpg": {"object_bounding_box": [406, 831, 74, 85], "object_presence": 1}, "P653--money-clip--clutter--_IL-8oSOpA6Qnw8PoU-iKmh5rn-FUjtGgbeT-V1_RCM-00365.jpg": {"object_bounding_box": [409, 826, 73, 85], "object_presence": 1}, "P653--money-clip--clutter--_IL-8oSOpA6Qnw8PoU-iKmh5rn-FUjtGgbeT-V1_RCM-00366.jpg": {"object_bounding_box": [416, 819, 72, 84], "object_presence": 1}, "P653--money-clip--clutter--_IL-8oSOpA6Qnw8PoU-iKmh5rn-FUjtGgbeT-V1_RCM-00367.jpg": {"object_bounding_box": [424, 812, 74, 85], "object_presence": 1}, "P653--money-clip--clutter--_IL-8oSOpA6Qnw8PoU-iKmh5rn-FUjtGgbeT-V1_RCM-00368.jpg": {"object_bounding_box": [424, 811, 71, 84], "object_presence": 1}, "P653--money-clip--clutter--_IL-8oSOpA6Qnw8PoU-iKmh5rn-FUjtGgbeT-V1_RCM-00369.jpg": {"object_bounding_box": [420, 813, 73, 83], "object_presence": 1}, "P653--money-clip--clutter--_IL-8oSOpA6Qnw8PoU-iKmh5rn-FUjtGgbeT-V1_RCM-00370.jpg": {"object_bounding_box": [415, 810, 73, 85], "object_presence": 1}, "P653--money-clip--clutter--_IL-8oSOpA6Qnw8PoU-iKmh5rn-FUjtGgbeT-V1_RCM-00371.jpg": {"object_bounding_box": [411, 806, 72, 83], "object_presence": 1}, "P653--money-clip--clutter--_IL-8oSOpA6Qnw8PoU-iKmh5rn-FUjtGgbeT-V1_RCM-00372.jpg": {"object_bounding_box": [410, 807, 73, 84], "object_presence": 1}, "P653--money-clip--clutter--_IL-8oSOpA6Qnw8PoU-iKmh5rn-FUjtGgbeT-V1_RCM-00373.jpg": {"object_bounding_box": [404, 807, 71, 83], "object_presence": 1}, "P653--money-clip--clutter--_IL-8oSOpA6Qnw8PoU-iKmh5rn-FUjtGgbeT-V1_RCM-00374.jpg": {"object_bounding_box": [400, 809, 72, 82], "object_presence": 1}, "P653--money-clip--clutter--_IL-8oSOpA6Qnw8PoU-iKmh5rn-FUjtGgbeT-V1_RCM-00375.jpg": {"object_bounding_box": [396, 813, 72, 83], "object_presence": 1}, "P653--money-clip--clutter--_IL-8oSOpA6Qnw8PoU-iKmh5rn-FUjtGgbeT-V1_RCM-00376.jpg": {"object_bounding_box": [396, 818, 70, 82], "object_presence": 1}, "P653--money-clip--clutter--_IL-8oSOpA6Qnw8PoU-iKmh5rn-FUjtGgbeT-V1_RCM-00377.jpg": {"object_bounding_box": [399, 817, 71, 81], "object_presence": 1}, "P653--money-clip--clutter--_IL-8oSOpA6Qnw8PoU-iKmh5rn-FUjtGgbeT-V1_RCM-00378.jpg": {"object_bounding_box": [407, 813, 70, 82], "object_presence": 1}, "P653--money-clip--clutter--_IL-8oSOpA6Qnw8PoU-iKmh5rn-FUjtGgbeT-V1_RCM-00379.jpg": {"object_bounding_box": [416, 809, 69, 81], "object_presence": 1}, "P653--money-clip--clutter--_IL-8oSOpA6Qnw8PoU-iKmh5rn-FUjtGgbeT-V1_RCM-00380.jpg": {"object_bounding_box": [422, 808, 70, 80], "object_presence": 1}, "P653--money-clip--clutter--_IL-8oSOpA6Qnw8PoU-iKmh5rn-FUjtGgbeT-V1_RCM-00381.jpg": {"object_bounding_box": [423, 809, 68, 81], "object_presence": 1}, "P653--money-clip--clutter--_IL-8oSOpA6Qnw8PoU-iKmh5rn-FUjtGgbeT-V1_RCM-00382.jpg": {"object_bounding_box": [426, 812, 69, 81], "object_presence": 1}, "P653--money-clip--clutter--_IL-8oSOpA6Qnw8PoU-iKmh5rn-FUjtGgbeT-V1_RCM-00383.jpg": {"object_bounding_box": [424, 810, 71, 82], "object_presence": 1}, "P653--money-clip--clutter--_IL-8oSOpA6Qnw8PoU-iKmh5rn-FUjtGgbeT-V1_RCM-00384.jpg": {"object_bounding_box": [424, 806, 71, 80], "object_presence": 1}, "P653--money-clip--clutter--_IL-8oSOpA6Qnw8PoU-iKmh5rn-FUjtGgbeT-V1_RCM-00385.jpg": {"object_bounding_box": [430, 804, 70, 80], "object_presence": 1}, "P653--money-clip--clutter--_IL-8oSOpA6Qnw8PoU-iKmh5rn-FUjtGgbeT-V1_RCM-00386.jpg": {"object_bounding_box": [429, 805, 68, 80], "object_presence": 1}, "P653--money-clip--clutter--_IL-8oSOpA6Qnw8PoU-iKmh5rn-FUjtGgbeT-V1_RCM-00387.jpg": {"object_bounding_box": [419, 808, 66, 79], "object_presence": 1}, "P653--money-clip--clutter--_IL-8oSOpA6Qnw8PoU-iKmh5rn-FUjtGgbeT-V1_RCM-00388.jpg": {"object_bounding_box": [416, 811, 68, 79], "object_presence": 1}, "P653--money-clip--clutter--_IL-8oSOpA6Qnw8PoU-iKmh5rn-FUjtGgbeT-V1_RCM-00389.jpg": {"object_bounding_box": [417, 813, 67, 79], "object_presence": 1}, "P653--money-clip--clutter--_IL-8oSOpA6Qnw8PoU-iKmh5rn-FUjtGgbeT-V1_RCM-00390.jpg": {"object_bounding_box": [410, 815, 71, 79], "object_presence": 1}, "P653--money-clip--clutter--_IL-8oSOpA6Qnw8PoU-iKmh5rn-FUjtGgbeT-V1_RCM-00391.jpg": {"object_bounding_box": [400, 820, 70, 78], "object_presence": 1}, "P653--money-clip--clutter--_IL-8oSOpA6Qnw8PoU-iKmh5rn-FUjtGgbeT-V1_RCM-00392.jpg": {"object_bounding_box": [398, 823, 68, 80], "object_presence": 1}, "P653--money-clip--clutter--_IL-8oSOpA6Qnw8PoU-iKmh5rn-FUjtGgbeT-V1_RCM-00393.jpg": {"object_bounding_box": [397, 822, 68, 80], "object_presence": 1}, "P653--money-clip--clutter--_IL-8oSOpA6Qnw8PoU-iKmh5rn-FUjtGgbeT-V1_RCM-00394.jpg": {"object_bounding_box": [392, 823, 69, 79], "object_presence": 1}, "P653--money-clip--clutter--_IL-8oSOpA6Qnw8PoU-iKmh5rn-FUjtGgbeT-V1_RCM-00395.jpg": {"object_bounding_box": [385, 826, 67, 80], "object_presence": 1}, "P653--money-clip--clutter--_IL-8oSOpA6Qnw8PoU-iKmh5rn-FUjtGgbeT-V1_RCM-00396.jpg": {"object_bounding_box": [380, 829, 67, 80], "object_presence": 1}, "P653--money-clip--clutter--_IL-8oSOpA6Qnw8PoU-iKmh5rn-FUjtGgbeT-V1_RCM-00397.jpg": {"object_bounding_box": [380, 831, 68, 80], "object_presence": 1}, "P653--money-clip--clutter--_IL-8oSOpA6Qnw8PoU-iKmh5rn-FUjtGgbeT-V1_RCM-00398.jpg": {"object_bounding_box": [380, 832, 68, 80], "object_presence": 1}, "P653--money-clip--clutter--_IL-8oSOpA6Qnw8PoU-iKmh5rn-FUjtGgbeT-V1_RCM-00399.jpg": {"object_bounding_box": [381, 835, 68, 80], "object_presence": 1}, "P653--money-clip--clutter--_IL-8oSOpA6Qnw8PoU-iKmh5rn-FUjtGgbeT-V1_RCM-00400.jpg": {"object_bounding_box": [382, 842, 70, 81], "object_presence": 1}, "P653--money-clip--clutter--_IL-8oSOpA6Qnw8PoU-iKmh5rn-FUjtGgbeT-V1_RCM-00401.jpg": {"object_bounding_box": [380, 846, 69, 80], "object_presence": 1}, "P653--money-clip--clutter--_IL-8oSOpA6Qnw8PoU-iKmh5rn-FUjtGgbeT-V1_RCM-00402.jpg": {"object_bounding_box": [380, 846, 69, 80], "object_presence": 1}, "P653--money-clip--clutter--_IL-8oSOpA6Qnw8PoU-iKmh5rn-FUjtGgbeT-V1_RCM-00403.jpg": {"object_bounding_box": [380, 843, 69, 79], "object_presence": 1}, "P653--money-clip--clutter--_IL-8oSOpA6Qnw8PoU-iKmh5rn-FUjtGgbeT-V1_RCM-00404.jpg": {"object_bounding_box": [381, 842, 69, 79], "object_presence": 1}, "P653--money-clip--clutter--_IL-8oSOpA6Qnw8PoU-iKmh5rn-FUjtGgbeT-V1_RCM-00405.jpg": {"object_bounding_box": [379, 841, 68, 79], "object_presence": 1}, "P653--money-clip--clutter--_IL-8oSOpA6Qnw8PoU-iKmh5rn-FUjtGgbeT-V1_RCM-00406.jpg": {"object_bounding_box": [377, 835, 68, 80], "object_presence": 1}, "P653--money-clip--clutter--_IL-8oSOpA6Qnw8PoU-iKmh5rn-FUjtGgbeT-V1_RCM-00407.jpg": {"object_bounding_box": [374, 830, 68, 79], "object_presence": 1}, "P653--money-clip--clutter--_IL-8oSOpA6Qnw8PoU-iKmh5rn-FUjtGgbeT-V1_RCM-00408.jpg": {"object_bounding_box": [371, 832, 67, 79], "object_presence": 1}, "P653--money-clip--clutter--_IL-8oSOpA6Qnw8PoU-iKmh5rn-FUjtGgbeT-V1_RCM-00409.jpg": {"object_bounding_box": [364, 836, 69, 77], "object_presence": 1}, "P653--money-clip--clutter--_IL-8oSOpA6Qnw8PoU-iKmh5rn-FUjtGgbeT-V1_RCM-00410.jpg": {"object_bounding_box": [359, 838, 68, 79], "object_presence": 1}, "P653--money-clip--clutter--_IL-8oSOpA6Qnw8PoU-iKmh5rn-FUjtGgbeT-V1_RCM-00411.jpg": {"object_bounding_box": [359, 835, 68, 77], "object_presence": 1}, "P653--money-clip--clutter--_IL-8oSOpA6Qnw8PoU-iKmh5rn-FUjtGgbeT-V1_RCM-00412.jpg": {"object_bounding_box": [363, 833, 68, 78], "object_presence": 1}, "P653--money-clip--clutter--_IL-8oSOpA6Qnw8PoU-iKmh5rn-FUjtGgbeT-V1_RCM-00413.jpg": {"object_bounding_box": [365, 830, 68, 79], "object_presence": 1}, "P653--money-clip--clutter--_IL-8oSOpA6Qnw8PoU-iKmh5rn-FUjtGgbeT-V1_RCM-00414.jpg": {"object_bounding_box": [365, 829, 68, 77], "object_presence": 1}, "P653--money-clip--clutter--_IL-8oSOpA6Qnw8PoU-iKmh5rn-FUjtGgbeT-V1_RCM-00415.jpg": {"object_bounding_box": [364, 827, 68, 77], "object_presence": 1}, "P653--money-clip--clutter--_IL-8oSOpA6Qnw8PoU-iKmh5rn-FUjtGgbeT-V1_RCM-00416.jpg": {"object_bounding_box": [366, 823, 66, 77], "object_presence": 1}, "P653--money-clip--clutter--_IL-8oSOpA6Qnw8PoU-iKmh5rn-FUjtGgbeT-V1_RCM-00417.jpg": {"object_bounding_box": [369, 814, 67, 77], "object_presence": 1}, "P653--money-clip--clutter--_IL-8oSOpA6Qnw8PoU-iKmh5rn-FUjtGgbeT-V1_RCM-00418.jpg": {"object_bounding_box": [377, 809, 67, 77], "object_presence": 1}, "P653--money-clip--clutter--_IL-8oSOpA6Qnw8PoU-iKmh5rn-FUjtGgbeT-V1_RCM-00419.jpg": {"object_bounding_box": [379, 807, 68, 76], "object_presence": 1}, "P653--money-clip--clutter--_IL-8oSOpA6Qnw8PoU-iKmh5rn-FUjtGgbeT-V1_RCM-00420.jpg": {"object_bounding_box": [376, 804, 66, 77], "object_presence": 1}, "P653--money-clip--clutter--_IL-8oSOpA6Qnw8PoU-iKmh5rn-FUjtGgbeT-V1_RCM-00421.jpg": {"object_bounding_box": [375, 800, 67, 77], "object_presence": 1}, "P653--money-clip--clutter--_IL-8oSOpA6Qnw8PoU-iKmh5rn-FUjtGgbeT-V1_RCM-00422.jpg": {"object_bounding_box": [379, 793, 68, 78], "object_presence": 1}, "P653--money-clip--clutter--_IL-8oSOpA6Qnw8PoU-iKmh5rn-FUjtGgbeT-V1_RCM-00423.jpg": {"object_bounding_box": [378, 788, 67, 79], "object_presence": 1}, "P653--money-clip--clutter--_IL-8oSOpA6Qnw8PoU-iKmh5rn-FUjtGgbeT-V1_RCM-00424.jpg": {"object_bounding_box": [373, 788, 67, 78], "object_presence": 1}, "P653--money-clip--clutter--_IL-8oSOpA6Qnw8PoU-iKmh5rn-FUjtGgbeT-V1_RCM-00425.jpg": {"object_bounding_box": [367, 789, 68, 77], "object_presence": 1}, "P653--money-clip--clutter--_IL-8oSOpA6Qnw8PoU-iKmh5rn-FUjtGgbeT-V1_RCM-00426.jpg": {"object_bounding_box": [367, 770, 67, 85], "object_presence": 1}, "P653--money-clip--clutter--_IL-8oSOpA6Qnw8PoU-iKmh5rn-FUjtGgbeT-V1_RCM-00427.jpg": {"object_bounding_box": [381, 747, 68, 87], "object_presence": 1}, "P653--money-clip--clutter--_IL-8oSOpA6Qnw8PoU-iKmh5rn-FUjtGgbeT-V1_RCM-00428.jpg": {"object_bounding_box": [391, 732, 62, 75], "object_presence": 1}, "P653--money-clip--clutter--_IL-8oSOpA6Qnw8PoU-iKmh5rn-FUjtGgbeT-V1_RCM-00429.jpg": {"object_bounding_box": [384, 728, 65, 73], "object_presence": 1}, "P653--money-clip--clutter--_IL-8oSOpA6Qnw8PoU-iKmh5rn-FUjtGgbeT-V1_RCM-00430.jpg": {"object_bounding_box": [370, 739, 64, 76], "object_presence": 1}, "P653--money-clip--clutter--_IL-8oSOpA6Qnw8PoU-iKmh5rn-FUjtGgbeT-V1_RCM-00431.jpg": {"object_bounding_box": [358, 748, 66, 74], "object_presence": 1}, "P653--money-clip--clutter--_IL-8oSOpA6Qnw8PoU-iKmh5rn-FUjtGgbeT-V1_RCM-00432.jpg": {"object_bounding_box": [355, 752, 66, 75], "object_presence": 1}, "P653--money-clip--clutter--_IL-8oSOpA6Qnw8PoU-iKmh5rn-FUjtGgbeT-V1_RCM-00433.jpg": {"object_bounding_box": [349, 753, 65, 75], "object_presence": 1}, "P653--money-clip--clutter--_IL-8oSOpA6Qnw8PoU-iKmh5rn-FUjtGgbeT-V1_RCM-00434.jpg": {"object_bounding_box": [347, 755, 65, 76], "object_presence": 1}, "P653--money-clip--clutter--_IL-8oSOpA6Qnw8PoU-iKmh5rn-FUjtGgbeT-V1_RCM-00435.jpg": {"object_bounding_box": [346, 755, 65, 77], "object_presence": 1}, "P653--money-clip--clutter--_IL-8oSOpA6Qnw8PoU-iKmh5rn-FUjtGgbeT-V1_RCM-00436.jpg": {"object_bounding_box": [348, 745, 65, 75], "object_presence": 1}, "P653--money-clip--clutter--_IL-8oSOpA6Qnw8PoU-iKmh5rn-FUjtGgbeT-V1_RCM-00437.jpg": {"object_bounding_box": [356, 741, 67, 75], "object_presence": 1}, "P653--money-clip--clutter--_IL-8oSOpA6Qnw8PoU-iKmh5rn-FUjtGgbeT-V1_RCM-00438.jpg": {"object_bounding_box": [359, 742, 66, 75], "object_presence": 1}, "P653--money-clip--clutter--_IL-8oSOpA6Qnw8PoU-iKmh5rn-FUjtGgbeT-V1_RCM-00439.jpg": {"object_bounding_box": [357, 745, 65, 75], "object_presence": 1}, "P653--money-clip--clutter--_IL-8oSOpA6Qnw8PoU-iKmh5rn-FUjtGgbeT-V1_RCM-00440.jpg": {"object_bounding_box": [358, 743, 65, 74], "object_presence": 1}, "P653--money-clip--clutter--_IL-8oSOpA6Qnw8PoU-iKmh5rn-FUjtGgbeT-V1_RCM-00441.jpg": {"object_bounding_box": [365, 731, 63, 79], "object_presence": 1}, "P653--money-clip--clutter--_IL-8oSOpA6Qnw8PoU-iKmh5rn-FUjtGgbeT-V1_RCM-00442.jpg": {"object_bounding_box": [381, 720, 63, 76], "object_presence": 1}, "P653--money-clip--clutter--_IL-8oSOpA6Qnw8PoU-iKmh5rn-FUjtGgbeT-V1_RCM-00443.jpg": {"object_bounding_box": [387, 714, 63, 74], "object_presence": 1}, "P653--money-clip--clutter--_IL-8oSOpA6Qnw8PoU-iKmh5rn-FUjtGgbeT-V1_RCM-00444.jpg": {"object_bounding_box": [391, 711, 65, 73], "object_presence": 1}, "P653--money-clip--clutter--_IL-8oSOpA6Qnw8PoU-iKmh5rn-FUjtGgbeT-V1_RCM-00445.jpg": {"object_bounding_box": [396, 703, 63, 72], "object_presence": 1}, "P653--money-clip--clutter--_IL-8oSOpA6Qnw8PoU-iKmh5rn-FUjtGgbeT-V1_RCM-00446.jpg": {"object_bounding_box": [404, 701, 63, 72], "object_presence": 1}, "P653--money-clip--clutter--_IL-8oSOpA6Qnw8PoU-iKmh5rn-FUjtGgbeT-V1_RCM-00447.jpg": {"object_bounding_box": [407, 705, 62, 73], "object_presence": 1}, "P653--money-clip--clutter--_IL-8oSOpA6Qnw8PoU-iKmh5rn-FUjtGgbeT-V1_RCM-00448.jpg": {"object_bounding_box": [406, 709, 60, 72], "object_presence": 1}, "P653--money-clip--clutter--_IL-8oSOpA6Qnw8PoU-iKmh5rn-FUjtGgbeT-V1_RCM-00449.jpg": {"object_bounding_box": [407, 709, 60, 73], "object_presence": 1}, "P653--money-clip--clutter--_IL-8oSOpA6Qnw8PoU-iKmh5rn-FUjtGgbeT-V1_RCM-00450.jpg": {"object_bounding_box": [407, 706, 60, 73], "object_presence": 1}, "P653--money-clip--clutter--_IL-8oSOpA6Qnw8PoU-iKmh5rn-FUjtGgbeT-V1_RCM-00451.jpg": {"object_bounding_box": [409, 703, 61, 73], "object_presence": 1}, "P653--money-clip--clutter--_IL-8oSOpA6Qnw8PoU-iKmh5rn-FUjtGgbeT-V1_RCM-00452.jpg": {"object_bounding_box": [407, 703, 62, 73], "object_presence": 1}, "P653--money-clip--clutter--_IL-8oSOpA6Qnw8PoU-iKmh5rn-FUjtGgbeT-V1_RCM-00453.jpg": {"object_bounding_box": [405, 699, 62, 73], "object_presence": 1}, "P653--money-clip--clutter--_IL-8oSOpA6Qnw8PoU-iKmh5rn-FUjtGgbeT-V1_RCM-00454.jpg": {"object_bounding_box": [401, 692, 63, 74], "object_presence": 1}, "P653--money-clip--clutter--_IL-8oSOpA6Qnw8PoU-iKmh5rn-FUjtGgbeT-V1_RCM-00455.jpg": {"object_bounding_box": [403, 687, 63, 73], "object_presence": 1}, "P653--money-clip--clutter--_IL-8oSOpA6Qnw8PoU-iKmh5rn-FUjtGgbeT-V1_RCM-00456.jpg": {"object_bounding_box": [398, 690, 65, 72], "object_presence": 1}, "P653--money-clip--clutter--_IL-8oSOpA6Qnw8PoU-iKmh5rn-FUjtGgbeT-V1_RCM-00457.jpg": {"object_bounding_box": [382, 696, 63, 73], "object_presence": 1}, "P653--money-clip--clutter--_IL-8oSOpA6Qnw8PoU-iKmh5rn-FUjtGgbeT-V1_RCM-00458.jpg": {"object_bounding_box": [378, 690, 63, 75], "object_presence": 1}, "P653--money-clip--clutter--_IL-8oSOpA6Qnw8PoU-iKmh5rn-FUjtGgbeT-V1_RCM-00459.jpg": {"object_bounding_box": [385, 679, 63, 76], "object_presence": 1}, "P653--money-clip--clutter--_IL-8oSOpA6Qnw8PoU-iKmh5rn-FUjtGgbeT-V1_RCM-00460.jpg": {"object_bounding_box": [390, 670, 62, 69], "object_presence": 1}, "P653--money-clip--clutter--_IL-8oSOpA6Qnw8PoU-iKmh5rn-FUjtGgbeT-V1_RCM-00461.jpg": {"object_bounding_box": [384, 671, 61, 69], "object_presence": 1}, "P653--money-clip--clutter--_IL-8oSOpA6Qnw8PoU-iKmh5rn-FUjtGgbeT-V1_RCM-00462.jpg": {"object_bounding_box": [375, 675, 60, 72], "object_presence": 1}, "P653--money-clip--clutter--_IL-8oSOpA6Qnw8PoU-iKmh5rn-FUjtGgbeT-V1_RCM-00463.jpg": {"object_bounding_box": [376, 673, 60, 71], "object_presence": 1}, "P653--money-clip--clutter--_IL-8oSOpA6Qnw8PoU-iKmh5rn-FUjtGgbeT-V1_RCM-00464.jpg": {"object_bounding_box": [369, 674, 59, 70], "object_presence": 1}, "P653--money-clip--clutter--_IL-8oSOpA6Qnw8PoU-iKmh5rn-FUjtGgbeT-V1_RCM-00465.jpg": {"object_bounding_box": [361, 677, 59, 71], "object_presence": 1}, "P653--money-clip--clutter--_IL-8oSOpA6Qnw8PoU-iKmh5rn-FUjtGgbeT-V1_RCM-00466.jpg": {"object_bounding_box": [360, 670, 59, 72], "object_presence": 1}, "P653--money-clip--clutter--_IL-8oSOpA6Qnw8PoU-iKmh5rn-FUjtGgbeT-V1_RCM-00467.jpg": {"object_bounding_box": [366, 661, 61, 71], "object_presence": 1}, "P653--money-clip--clutter--_IL-8oSOpA6Qnw8PoU-iKmh5rn-FUjtGgbeT-V1_RCM-00468.jpg": {"object_bounding_box": [376, 654, 60, 70], "object_presence": 1}, "P653--money-clip--clutter--_IL-8oSOpA6Qnw8PoU-iKmh5rn-FUjtGgbeT-V1_RCM-00469.jpg": {"object_bounding_box": [377, 653, 61, 70], "object_presence": 1}, "P653--money-clip--clutter--_IL-8oSOpA6Qnw8PoU-iKmh5rn-FUjtGgbeT-V1_RCM-00470.jpg": {"object_bounding_box": [374, 654, 61, 71], "object_presence": 1}, "P653--money-clip--clutter--_IL-8oSOpA6Qnw8PoU-iKmh5rn-FUjtGgbeT-V1_RCM-00471.jpg": {"object_bounding_box": [373, 659, 59, 71], "object_presence": 1}, "P653--money-clip--clutter--_IL-8oSOpA6Qnw8PoU-iKmh5rn-FUjtGgbeT-V1_RCM-00472.jpg": {"object_bounding_box": [371, 662, 59, 72], "object_presence": 1}, "P653--money-clip--clutter--_IL-8oSOpA6Qnw8PoU-iKmh5rn-FUjtGgbeT-V1_RCM-00473.jpg": {"object_bounding_box": [368, 663, 60, 71], "object_presence": 1}, "P653--money-clip--clutter--_IL-8oSOpA6Qnw8PoU-iKmh5rn-FUjtGgbeT-V1_RCM-00474.jpg": {"object_bounding_box": [369, 665, 60, 71], "object_presence": 1}, "P653--money-clip--clutter--_IL-8oSOpA6Qnw8PoU-iKmh5rn-FUjtGgbeT-V1_RCM-00475.jpg": {"object_bounding_box": [370, 665, 61, 70], "object_presence": 1}, "P653--money-clip--clutter--_IL-8oSOpA6Qnw8PoU-iKmh5rn-FUjtGgbeT-V1_RCM-00476.jpg": {"object_bounding_box": [370, 663, 60, 71], "object_presence": 1}, "P653--money-clip--clutter--_IL-8oSOpA6Qnw8PoU-iKmh5rn-FUjtGgbeT-V1_RCM-00477.jpg": {"object_bounding_box": [375, 658, 59, 71], "object_presence": 1}, "P653--money-clip--clutter--_IL-8oSOpA6Qnw8PoU-iKmh5rn-FUjtGgbeT-V1_RCM-00478.jpg": {"object_bounding_box": [379, 650, 59, 72], "object_presence": 1}, "P653--money-clip--clutter--_IL-8oSOpA6Qnw8PoU-iKmh5rn-FUjtGgbeT-V1_RCM-00479.jpg": {"object_bounding_box": [383, 644, 60, 72], "object_presence": 1}, "P653--money-clip--clutter--_IL-8oSOpA6Qnw8PoU-iKmh5rn-FUjtGgbeT-V1_RCM-00480.jpg": {"object_bounding_box": [386, 644, 61, 72], "object_presence": 1}, "P653--money-clip--clutter--_IL-8oSOpA6Qnw8PoU-iKmh5rn-FUjtGgbeT-V1_RCM-00481.jpg": {"object_bounding_box": [382, 649, 60, 72], "object_presence": 1}, "P653--money-clip--clutter--_IL-8oSOpA6Qnw8PoU-iKmh5rn-FUjtGgbeT-V1_RCM-00482.jpg": {"object_bounding_box": [376, 657, 61, 70], "object_presence": 1}, "P653--money-clip--clutter--_IL-8oSOpA6Qnw8PoU-iKmh5rn-FUjtGgbeT-V1_RCM-00483.jpg": {"object_bounding_box": [371, 661, 59, 69], "object_presence": 1}, "P653--money-clip--clutter--_IL-8oSOpA6Qnw8PoU-iKmh5rn-FUjtGgbeT-V1_RCM-00484.jpg": {"object_bounding_box": [372, 658, 59, 70], "object_presence": 1}, "P653--money-clip--clutter--_IL-8oSOpA6Qnw8PoU-iKmh5rn-FUjtGgbeT-V1_RCM-00485.jpg": {"object_bounding_box": [376, 654, 59, 70], "object_presence": 1}, "P653--money-clip--clutter--_IL-8oSOpA6Qnw8PoU-iKmh5rn-FUjtGgbeT-V1_RCM-00486.jpg": {"object_bounding_box": [381, 652, 59, 69], "object_presence": 1}, "P653--money-clip--clutter--_IL-8oSOpA6Qnw8PoU-iKmh5rn-FUjtGgbeT-V1_RCM-00487.jpg": {"object_bounding_box": [381, 655, 58, 69], "object_presence": 1}, "P653--money-clip--clutter--_IL-8oSOpA6Qnw8PoU-iKmh5rn-FUjtGgbeT-V1_RCM-00488.jpg": {"object_bounding_box": [381, 662, 59, 69], "object_presence": 1}, "P653--money-clip--clutter--_IL-8oSOpA6Qnw8PoU-iKmh5rn-FUjtGgbeT-V1_RCM-00489.jpg": {"object_bounding_box": [377, 671, 59, 70], "object_presence": 1}, "P653--money-clip--clutter--_IL-8oSOpA6Qnw8PoU-iKmh5rn-FUjtGgbeT-V1_RCM-00490.jpg": {"object_bounding_box": [375, 677, 59, 69], "object_presence": 1}, "P653--money-clip--clutter--_IL-8oSOpA6Qnw8PoU-iKmh5rn-FUjtGgbeT-V1_RCM-00491.jpg": {"object_bounding_box": [371, 683, 59, 70], "object_presence": 1}, "P653--money-clip--clutter--_IL-8oSOpA6Qnw8PoU-iKmh5rn-FUjtGgbeT-V1_RCM-00492.jpg": {"object_bounding_box": [372, 688, 59, 70], "object_presence": 1}, "P653--money-clip--clutter--_IL-8oSOpA6Qnw8PoU-iKmh5rn-FUjtGgbeT-V1_RCM-00493.jpg": {"object_bounding_box": [372, 690, 59, 68], "object_presence": 1}, "P653--money-clip--clutter--_IL-8oSOpA6Qnw8PoU-iKmh5rn-FUjtGgbeT-V1_RCM-00494.jpg": {"object_bounding_box": [378, 689, 60, 70], "object_presence": 1}, "P653--money-clip--clutter--_IL-8oSOpA6Qnw8PoU-iKmh5rn-FUjtGgbeT-V1_RCM-00495.jpg": {"object_bounding_box": [388, 688, 56, 68], "object_presence": 1}, "P653--money-clip--clutter--_IL-8oSOpA6Qnw8PoU-iKmh5rn-FUjtGgbeT-V1_RCM-00496.jpg": {"object_bounding_box": [393, 690, 55, 69], "object_presence": 1}, "P653--money-clip--clutter--_IL-8oSOpA6Qnw8PoU-iKmh5rn-FUjtGgbeT-V1_RCM-00497.jpg": {"object_bounding_box": [392, 699, 54, 69], "object_presence": 1}, "P653--money-clip--clutter--_IL-8oSOpA6Qnw8PoU-iKmh5rn-FUjtGgbeT-V1_RCM-00498.jpg": {"object_bounding_box": [388, 708, 55, 67], "object_presence": 1}, "P653--money-clip--clutter--_IL-8oSOpA6Qnw8PoU-iKmh5rn-FUjtGgbeT-V1_RCM-00499.jpg": {"object_bounding_box": [388, 709, 56, 68], "object_presence": 1}, "P653--money-clip--clutter--_IL-8oSOpA6Qnw8PoU-iKmh5rn-FUjtGgbeT-V1_RCM-00500.jpg": {"object_bounding_box": [392, 704, 56, 68], "object_presence": 1}, "P653--money-clip--clutter--_IL-8oSOpA6Qnw8PoU-iKmh5rn-FUjtGgbeT-V1_RCM-00501.jpg": {"object_bounding_box": [402, 696, 57, 68], "object_presence": 1}, "P653--money-clip--clutter--_IL-8oSOpA6Qnw8PoU-iKmh5rn-FUjtGgbeT-V1_RCM-00502.jpg": {"object_bounding_box": [409, 691, 55, 66], "object_presence": 1}, "P653--money-clip--clutter--_IL-8oSOpA6Qnw8PoU-iKmh5rn-FUjtGgbeT-V1_RCM-00503.jpg": {"object_bounding_box": [408, 694, 57, 66], "object_presence": 1}, "P653--money-clip--clutter--_IL-8oSOpA6Qnw8PoU-iKmh5rn-FUjtGgbeT-V1_RCM-00504.jpg": {"object_bounding_box": [400, 698, 56, 66], "object_presence": 1}, "P653--money-clip--clutter--_IL-8oSOpA6Qnw8PoU-iKmh5rn-FUjtGgbeT-V1_RCM-00505.jpg": {"object_bounding_box": [396, 697, 54, 68], "object_presence": 1}, "P653--money-clip--clutter--_IL-8oSOpA6Qnw8PoU-iKmh5rn-FUjtGgbeT-V1_RCM-00506.jpg": {"object_bounding_box": [399, 690, 56, 70], "object_presence": 1}, "P653--money-clip--clutter--_IL-8oSOpA6Qnw8PoU-iKmh5rn-FUjtGgbeT-V1_RCM-00507.jpg": {"object_bounding_box": [405, 682, 56, 68], "object_presence": 1}, "P653--money-clip--clutter--_IL-8oSOpA6Qnw8PoU-iKmh5rn-FUjtGgbeT-V1_RCM-00508.jpg": {"object_bounding_box": [407, 680, 56, 67], "object_presence": 1}, "P653--money-clip--clutter--_IL-8oSOpA6Qnw8PoU-iKmh5rn-FUjtGgbeT-V1_RCM-00509.jpg": {"object_bounding_box": [402, 685, 55, 66], "object_presence": 1}, "P653--money-clip--clutter--_IL-8oSOpA6Qnw8PoU-iKmh5rn-FUjtGgbeT-V1_RCM-00510.jpg": {"object_bounding_box": [397, 683, 54, 67], "object_presence": 1}, "P653--money-clip--clutter--_IL-8oSOpA6Qnw8PoU-iKmh5rn-FUjtGgbeT-V1_RCM-00511.jpg": {"object_bounding_box": [397, 673, 54, 68], "object_presence": 1}, "P653--money-clip--clutter--_IL-8oSOpA6Qnw8PoU-iKmh5rn-FUjtGgbeT-V1_RCM-00512.jpg": {"object_bounding_box": [402, 662, 53, 66], "object_presence": 1}, "P653--money-clip--clutter--_IL-8oSOpA6Qnw8PoU-iKmh5rn-FUjtGgbeT-V1_RCM-00513.jpg": {"object_bounding_box": [406, 653, 52, 67], "object_presence": 1}, "P653--money-clip--clutter--_IL-8oSOpA6Qnw8PoU-iKmh5rn-FUjtGgbeT-V1_RCM-00514.jpg": {"object_bounding_box": [405, 644, 52, 65], "object_presence": 1}, "P653--money-clip--clutter--_IL-8oSOpA6Qnw8PoU-iKmh5rn-FUjtGgbeT-V1_RCM-00515.jpg": {"object_bounding_box": [405, 642, 52, 65], "object_presence": 1}, "P653--money-clip--clutter--_IL-8oSOpA6Qnw8PoU-iKmh5rn-FUjtGgbeT-V1_RCM-00516.jpg": {"object_bounding_box": [399, 644, 54, 64], "object_presence": 1}, "P653--money-clip--clutter--_IL-8oSOpA6Qnw8PoU-iKmh5rn-FUjtGgbeT-V1_RCM-00517.jpg": {"object_bounding_box": [386, 646, 53, 64], "object_presence": 1}, "P653--money-clip--clutter--_IL-8oSOpA6Qnw8PoU-iKmh5rn-FUjtGgbeT-V1_RCM-00518.jpg": {"object_bounding_box": [385, 645, 53, 65], "object_presence": 1}, "P653--money-clip--clutter--_IL-8oSOpA6Qnw8PoU-iKmh5rn-FUjtGgbeT-V1_RCM-00519.jpg": {"object_bounding_box": [381, 643, 54, 64], "object_presence": 1}, "P653--money-clip--clutter--_IL-8oSOpA6Qnw8PoU-iKmh5rn-FUjtGgbeT-V1_RCM-00520.jpg": {"object_bounding_box": [372, 645, 54, 65], "object_presence": 1}, "P653--money-clip--clutter--_IL-8oSOpA6Qnw8PoU-iKmh5rn-FUjtGgbeT-V1_RCM-00521.jpg": {"object_bounding_box": [367, 648, 55, 67], "object_presence": 1}, "P653--money-clip--clutter--_IL-8oSOpA6Qnw8PoU-iKmh5rn-FUjtGgbeT-V1_RCM-00522.jpg": {"object_bounding_box": [360, 651, 53, 67], "object_presence": 1}, "P653--money-clip--clutter--_IL-8oSOpA6Qnw8PoU-iKmh5rn-FUjtGgbeT-V1_RCM-00523.jpg": {"object_bounding_box": [358, 651, 55, 67], "object_presence": 1}, "P653--money-clip--clutter--_IL-8oSOpA6Qnw8PoU-iKmh5rn-FUjtGgbeT-V1_RCM-00524.jpg": {"object_bounding_box": [354, 650, 55, 65], "object_presence": 1}, "P653--money-clip--clutter--_IL-8oSOpA6Qnw8PoU-iKmh5rn-FUjtGgbeT-V1_RCM-00525.jpg": {"object_bounding_box": [349, 651, 54, 68], "object_presence": 1}, "P653--money-clip--clutter--_IL-8oSOpA6Qnw8PoU-iKmh5rn-FUjtGgbeT-V1_RCM-00526.jpg": {"object_bounding_box": [349, 647, 54, 67], "object_presence": 1}, "P653--money-clip--clutter--_IL-8oSOpA6Qnw8PoU-iKmh5rn-FUjtGgbeT-V1_RCM-00527.jpg": {"object_bounding_box": [350, 646, 55, 67], "object_presence": 1}, "P653--money-clip--clutter--_IL-8oSOpA6Qnw8PoU-iKmh5rn-FUjtGgbeT-V1_RCM-00528.jpg": {"object_bounding_box": [353, 646, 54, 67], "object_presence": 1}, "P653--money-clip--clutter--_IL-8oSOpA6Qnw8PoU-iKmh5rn-FUjtGgbeT-V1_RCM-00529.jpg": {"object_bounding_box": [352, 643, 54, 68], "object_presence": 1}, "P653--money-clip--clutter--_IL-8oSOpA6Qnw8PoU-iKmh5rn-FUjtGgbeT-V1_RCM-00530.jpg": {"object_bounding_box": [356, 641, 53, 68], "object_presence": 1}, "P653--money-clip--clutter--_IL-8oSOpA6Qnw8PoU-iKmh5rn-FUjtGgbeT-V1_RCM-00531.jpg": {"object_bounding_box": [363, 636, 54, 70], "object_presence": 1}, "P653--money-clip--clutter--_IL-8oSOpA6Qnw8PoU-iKmh5rn-FUjtGgbeT-V1_RCM-00532.jpg": {"object_bounding_box": [370, 628, 54, 71], "object_presence": 1}, "P653--money-clip--clutter--_IL-8oSOpA6Qnw8PoU-iKmh5rn-FUjtGgbeT-V1_RCM-00533.jpg": {"object_bounding_box": [375, 622, 52, 68], "object_presence": 1}, "P653--money-clip--clutter--_IL-8oSOpA6Qnw8PoU-iKmh5rn-FUjtGgbeT-V1_RCM-00534.jpg": {"object_bounding_box": [376, 616, 52, 66], "object_presence": 1}, "P653--money-clip--clutter--_IL-8oSOpA6Qnw8PoU-iKmh5rn-FUjtGgbeT-V1_RCM-00535.jpg": {"object_bounding_box": [374, 616, 53, 66], "object_presence": 1}, "P653--money-clip--clutter--_IL-8oSOpA6Qnw8PoU-iKmh5rn-FUjtGgbeT-V1_RCM-00536.jpg": {"object_bounding_box": [367, 618, 53, 65], "object_presence": 1}, "P653--money-clip--clutter--_IL-8oSOpA6Qnw8PoU-iKmh5rn-FUjtGgbeT-V1_RCM-00537.jpg": {"object_bounding_box": [368, 619, 53, 66], "object_presence": 1}, "P653--money-clip--clutter--_IL-8oSOpA6Qnw8PoU-iKmh5rn-FUjtGgbeT-V1_RCM-00538.jpg": {"object_bounding_box": [380, 613, 58, 68], "object_presence": 1}, "P653--money-clip--clutter--_IL-8oSOpA6Qnw8PoU-iKmh5rn-FUjtGgbeT-V1_RCM-00539.jpg": {"object_bounding_box": [391, 608, 52, 66], "object_presence": 1}, "P653--money-clip--clutter--_IL-8oSOpA6Qnw8PoU-iKmh5rn-FUjtGgbeT-V1_RCM-00540.jpg": {"object_bounding_box": [400, 609, 53, 67], "object_presence": 1}, "P653--money-clip--clutter--_IL-8oSOpA6Qnw8PoU-iKmh5rn-FUjtGgbeT-V1_RCM-00541.jpg": {"object_bounding_box": [399, 618, 51, 66], "object_presence": 1}, "P653--money-clip--clutter--_IL-8oSOpA6Qnw8PoU-iKmh5rn-FUjtGgbeT-V1_RCM-00542.jpg": {"object_bounding_box": [401, 621, 51, 65], "object_presence": 1}, "P653--money-clip--clutter--_IL-8oSOpA6Qnw8PoU-iKmh5rn-FUjtGgbeT-V1_RCM-00543.jpg": {"object_bounding_box": [417, 618, 55, 71], "object_presence": 1}, "P653--money-clip--clutter--_IL-8oSOpA6Qnw8PoU-iKmh5rn-FUjtGgbeT-V1_RCM-00544.jpg": {"object_bounding_box": [430, 609, 54, 67], "object_presence": 1}, "P653--money-clip--clutter--_IL-8oSOpA6Qnw8PoU-iKmh5rn-FUjtGgbeT-V1_RCM-00545.jpg": {"object_bounding_box": [435, 608, 50, 68], "object_presence": 1}, "P653--money-clip--clutter--_IL-8oSOpA6Qnw8PoU-iKmh5rn-FUjtGgbeT-V1_RCM-00546.jpg": {"object_bounding_box": [433, 614, 51, 67], "object_presence": 1}, "P653--money-clip--clutter--_IL-8oSOpA6Qnw8PoU-iKmh5rn-FUjtGgbeT-V1_RCM-00547.jpg": {"object_bounding_box": [427, 613, 50, 68], "object_presence": 1}, "P653--money-clip--clutter--_IL-8oSOpA6Qnw8PoU-iKmh5rn-FUjtGgbeT-V1_RCM-00548.jpg": {"object_bounding_box": [425, 610, 49, 67], "object_presence": 1}, "P653--money-clip--clutter--_IL-8oSOpA6Qnw8PoU-iKmh5rn-FUjtGgbeT-V1_RCM-00549.jpg": {"object_bounding_box": [419, 610, 50, 67], "object_presence": 1}, "P653--money-clip--clutter--_IL-8oSOpA6Qnw8PoU-iKmh5rn-FUjtGgbeT-V1_RCM-00550.jpg": {"object_bounding_box": [417, 613, 49, 66], "object_presence": 1}, "P653--money-clip--clutter--_IL-8oSOpA6Qnw8PoU-iKmh5rn-FUjtGgbeT-V1_RCM-00551.jpg": {"object_bounding_box": [423, 607, 49, 65], "object_presence": 1}, "P653--money-clip--clutter--_IL-8oSOpA6Qnw8PoU-iKmh5rn-FUjtGgbeT-V1_RCM-00552.jpg": {"object_bounding_box": [431, 592, 47, 65], "object_presence": 1}, "P653--money-clip--clutter--_IL-8oSOpA6Qnw8PoU-iKmh5rn-FUjtGgbeT-V1_RCM-00553.jpg": {"object_bounding_box": [435, 588, 46, 63], "object_presence": 1}, "P653--money-clip--clutter--_IL-8oSOpA6Qnw8PoU-iKmh5rn-FUjtGgbeT-V1_RCM-00554.jpg": {"object_bounding_box": [438, 595, 49, 65], "object_presence": 1}, "P653--money-clip--clutter--_IL-8oSOpA6Qnw8PoU-iKmh5rn-FUjtGgbeT-V1_RCM-00555.jpg": {"object_bounding_box": [443, 594, 54, 64], "object_presence": 1}, "P653--money-clip--clutter--_IL-8oSOpA6Qnw8PoU-iKmh5rn-FUjtGgbeT-V1_RCM-00556.jpg": {"object_bounding_box": [453, 588, 52, 65], "object_presence": 1}, "P653--money-clip--clutter--_IL-8oSOpA6Qnw8PoU-iKmh5rn-FUjtGgbeT-V1_RCM-00557.jpg": {"object_bounding_box": [447, 587, 50, 65], "object_presence": 1}, "P653--money-clip--clutter--_IL-8oSOpA6Qnw8PoU-iKmh5rn-FUjtGgbeT-V1_RCM-00558.jpg": {"object_bounding_box": [444, 593, 51, 67], "object_presence": 1}, "P653--money-clip--clutter--_IL-8oSOpA6Qnw8PoU-iKmh5rn-FUjtGgbeT-V1_RCM-00559.jpg": {"object_bounding_box": [445, 599, 50, 66], "object_presence": 1}, "P653--money-clip--clutter--_IL-8oSOpA6Qnw8PoU-iKmh5rn-FUjtGgbeT-V1_RCM-00560.jpg": {"object_bounding_box": [454, 593, 52, 67], "object_presence": 1}, "P653--money-clip--clutter--_IL-8oSOpA6Qnw8PoU-iKmh5rn-FUjtGgbeT-V1_RCM-00561.jpg": {"object_bounding_box": [476, 585, 54, 66], "object_presence": 1}, "P653--money-clip--clutter--_IL-8oSOpA6Qnw8PoU-iKmh5rn-FUjtGgbeT-V1_RCM-00562.jpg": {"object_bounding_box": [499, 576, 54, 62], "object_presence": 1}, "P653--money-clip--clutter--_IL-8oSOpA6Qnw8PoU-iKmh5rn-FUjtGgbeT-V1_RCM-00563.jpg": {"object_bounding_box": [513, 578, 55, 68], "object_presence": 1}, "P653--money-clip--clutter--_IL-8oSOpA6Qnw8PoU-iKmh5rn-FUjtGgbeT-V1_RCM-00564.jpg": {"object_bounding_box": [517, 594, 49, 67], "object_presence": 1}, "P653--money-clip--clutter--_IL-8oSOpA6Qnw8PoU-iKmh5rn-FUjtGgbeT-V1_RCM-00565.jpg": {"object_bounding_box": [513, 591, 56, 71], "object_presence": 1}, "P653--money-clip--clutter--_IL-8oSOpA6Qnw8PoU-iKmh5rn-FUjtGgbeT-V1_RCM-00566.jpg": {"object_bounding_box": [539, 573, 53, 67], "object_presence": 1}, "P653--money-clip--clutter--_IL-8oSOpA6Qnw8PoU-iKmh5rn-FUjtGgbeT-V1_RCM-00567.jpg": {"object_bounding_box": [542, 575, 57, 71], "object_presence": 1}, "P653--money-clip--clutter--_IL-8oSOpA6Qnw8PoU-iKmh5rn-FUjtGgbeT-V1_RCM-00568.jpg": {"object_bounding_box": [543, 589, 56, 70], "object_presence": 1}, "P653--money-clip--clutter--_IL-8oSOpA6Qnw8PoU-iKmh5rn-FUjtGgbeT-V1_RCM-00569.jpg": {"object_bounding_box": [560, 605, 57, 70], "object_presence": 1}, "P653--money-clip--clutter--_IL-8oSOpA6Qnw8PoU-iKmh5rn-FUjtGgbeT-V1_RCM-00570.jpg": {"object_bounding_box": [569, 620, 55, 69], "object_presence": 1}, "P653--money-clip--clutter--_IL-8oSOpA6Qnw8PoU-iKmh5rn-FUjtGgbeT-V1_RCM-00571.jpg": {"object_bounding_box": [563, 627, 50, 64], "object_presence": 1}, "P653--money-clip--clutter--_IL-8oSOpA6Qnw8PoU-iKmh5rn-FUjtGgbeT-V1_RCM-00572.jpg": {"object_bounding_box": [574, 630, 55, 61], "object_presence": 1}, "P653--money-clip--clutter--_IL-8oSOpA6Qnw8PoU-iKmh5rn-FUjtGgbeT-V1_RCM-00573.jpg": {"object_bounding_box": [586, 632, 58, 67], "object_presence": 1}, "P653--money-clip--clutter--_IL-8oSOpA6Qnw8PoU-iKmh5rn-FUjtGgbeT-V1_RCM-00574.jpg": {"object_bounding_box": [585, 621, 54, 65], "object_presence": 1}, "P653--money-clip--clutter--_IL-8oSOpA6Qnw8PoU-iKmh5rn-FUjtGgbeT-V1_RCM-00575.jpg": {"object_bounding_box": [585, 626, 53, 66], "object_presence": 1}, "P653--money-clip--clutter--_IL-8oSOpA6Qnw8PoU-iKmh5rn-FUjtGgbeT-V1_RCM-00576.jpg": {"object_bounding_box": [578, 627, 52, 66], "object_presence": 1}, "P653--money-clip--clutter--_IL-8oSOpA6Qnw8PoU-iKmh5rn-FUjtGgbeT-V1_RCM-00577.jpg": {"object_bounding_box": [573, 617, 53, 66], "object_presence": 1}, "P653--money-clip--clutter--_IL-8oSOpA6Qnw8PoU-iKmh5rn-FUjtGgbeT-V1_RCM-00578.jpg": {"object_bounding_box": [567, 617, 53, 65], "object_presence": 1}, "P653--money-clip--clutter--_IL-8oSOpA6Qnw8PoU-iKmh5rn-FUjtGgbeT-V1_RCM-00579.jpg": {"object_bounding_box": [559, 613, 53, 64], "object_presence": 1}, "P653--money-clip--clutter--_IL-8oSOpA6Qnw8PoU-iKmh5rn-FUjtGgbeT-V1_RCM-00580.jpg": {"object_bounding_box": [553, 606, 51, 64], "object_presence": 1}, "P653--money-clip--clutter--_IL-8oSOpA6Qnw8PoU-iKmh5rn-FUjtGgbeT-V1_RCM-00581.jpg": {"object_bounding_box": [541, 600, 52, 64], "object_presence": 1}, "P653--money-clip--clutter--_IL-8oSOpA6Qnw8PoU-iKmh5rn-FUjtGgbeT-V1_RCM-00582.jpg": {"object_bounding_box": [538, 595, 50, 64], "object_presence": 1}, "P653--money-clip--clutter--_IL-8oSOpA6Qnw8PoU-iKmh5rn-FUjtGgbeT-V1_RCM-00583.jpg": {"object_bounding_box": [536, 592, 51, 62], "object_presence": 1}, "P653--money-clip--clutter--_IL-8oSOpA6Qnw8PoU-iKmh5rn-FUjtGgbeT-V1_RCM-00584.jpg": {"object_bounding_box": [534, 599, 51, 65], "object_presence": 1}, "P653--money-clip--clutter--_IL-8oSOpA6Qnw8PoU-iKmh5rn-FUjtGgbeT-V1_RCM-00585.jpg": {"object_bounding_box": [533, 600, 51, 63], "object_presence": 1}, "P653--money-clip--clutter--_IL-8oSOpA6Qnw8PoU-iKmh5rn-FUjtGgbeT-V1_RCM-00586.jpg": {"object_bounding_box": [539, 598, 51, 64], "object_presence": 1}, "P653--money-clip--clutter--_IL-8oSOpA6Qnw8PoU-iKmh5rn-FUjtGgbeT-V1_RCM-00587.jpg": {"object_bounding_box": [542, 605, 51, 65], "object_presence": 1}, "P653--money-clip--clutter--_IL-8oSOpA6Qnw8PoU-iKmh5rn-FUjtGgbeT-V1_RCM-00588.jpg": {"object_bounding_box": [550, 605, 54, 62], "object_presence": 1}, "P653--money-clip--clutter--_IL-8oSOpA6Qnw8PoU-iKmh5rn-FUjtGgbeT-V1_RCM-00589.jpg": {"object_bounding_box": [556, 601, 49, 65], "object_presence": 1}, "P653--money-clip--clutter--_IL-8oSOpA6Qnw8PoU-iKmh5rn-FUjtGgbeT-V1_RCM-00590.jpg": {"object_bounding_box": [556, 605, 52, 66], "object_presence": 1}, "P653--money-clip--clutter--_IL-8oSOpA6Qnw8PoU-iKmh5rn-FUjtGgbeT-V1_RCM-00591.jpg": {"object_bounding_box": [561, 612, 49, 64], "object_presence": 1}, "P653--money-clip--clutter--_IL-8oSOpA6Qnw8PoU-iKmh5rn-FUjtGgbeT-V1_RCM-00592.jpg": {"object_bounding_box": [590, 609, 55, 65], "object_presence": 1}, "P653--money-clip--clutter--_IL-8oSOpA6Qnw8PoU-iKmh5rn-FUjtGgbeT-V1_RCM-00593.jpg": {"object_bounding_box": [579, 601, 56, 67], "object_presence": 1}, "P653--money-clip--clutter--_IL-8oSOpA6Qnw8PoU-iKmh5rn-FUjtGgbeT-V1_RCM-00594.jpg": {"object_bounding_box": [571, 598, 54, 65], "object_presence": 1}, "P653--money-clip--clutter--_IL-8oSOpA6Qnw8PoU-iKmh5rn-FUjtGgbeT-V1_RCM-00595.jpg": {"object_bounding_box": [578, 595, 52, 63], "object_presence": 1}, "P653--money-clip--clutter--_IL-8oSOpA6Qnw8PoU-iKmh5rn-FUjtGgbeT-V1_RCM-00596.jpg": {"object_bounding_box": [581, 601, 51, 64], "object_presence": 1}, "P653--money-clip--clutter--_IL-8oSOpA6Qnw8PoU-iKmh5rn-FUjtGgbeT-V1_RCM-00597.jpg": {"object_bounding_box": [583, 610, 53, 62], "object_presence": 1}, "P653--money-clip--clutter--_IL-8oSOpA6Qnw8PoU-iKmh5rn-FUjtGgbeT-V1_RCM-00598.jpg": {"object_bounding_box": [573, 604, 54, 66], "object_presence": 1}, "P653--money-clip--clutter--_IL-8oSOpA6Qnw8PoU-iKmh5rn-FUjtGgbeT-V1_RCM-00599.jpg": {"object_bounding_box": [565, 604, 56, 65], "object_presence": 1}, "P653--money-clip--clutter--_IL-8oSOpA6Qnw8PoU-iKmh5rn-FUjtGgbeT-V1_RCM-00600.jpg": {"object_bounding_box": [558, 610, 58, 64], "object_presence": 1}, "P653--money-clip--clutter--_IL-8oSOpA6Qnw8PoU-iKmh5rn-FUjtGgbeT-V1_RCM-00601.jpg": {"object_bounding_box": [548, 599, 60, 71], "object_presence": 1}, "P653--money-clip--clutter--_IL-8oSOpA6Qnw8PoU-iKmh5rn-FUjtGgbeT-V1_RCM-00602.jpg": {"object_bounding_box": [534, 594, 55, 66], "object_presence": 1}, "P653--money-clip--clutter--_IL-8oSOpA6Qnw8PoU-iKmh5rn-FUjtGgbeT-V1_RCM-00603.jpg": {"object_bounding_box": [532, 594, 55, 67], "object_presence": 1}}