{"P653--embroidery-thread-cone--clutter--m6tR6Nl29VOQp4DPmzDDnAI4XM5qtwrTDFibY0vLjA0-00001.jpg": {"object_bounding_box": [111, 185, 592, 895], "object_presence": 1}, "P653--embroidery-thread-cone--clutter--m6tR6Nl29VOQp4DPmzDDnAI4XM5qtwrTDFibY0vLjA0-00002.jpg": {"object_bounding_box": [108, 179, 598, 901], "object_presence": 1}, "P653--embroidery-thread-cone--clutter--m6tR6Nl29VOQp4DPmzDDnAI4XM5qtwrTDFibY0vLjA0-00003.jpg": {"object_bounding_box": [106, 174, 595, 906], "object_presence": 1}, "P653--embroidery-thread-cone--clutter--m6tR6Nl29VOQp4DPmzDDnAI4XM5qtwrTDFibY0vLjA0-00004.jpg": {"object_bounding_box": [97, 171, 599, 909], "object_presence": 1}, "P653--embroidery-thread-cone--clutter--m6tR6Nl29VOQp4DPmzDDnAI4XM5qtwrTDFibY0vLjA0-00005.jpg": {"object_bounding_box": [89, 168, 600, 912], "object_presence": 1}, "P653--embroidery-thread-cone--clutter--m6tR6Nl29VOQp4DPmzDDnAI4XM5qtwrTDFibY0vLjA0-00006.jpg": {"object_bounding_box": [79, 165, 594, 915], "object_presence": 1}, "P653--embroidery-thread-cone--clutter--m6tR6Nl29VOQp4DPmzDDnAI4XM5qtwrTDFibY0vLjA0-00007.jpg": {"object_bounding_box": [73, 164, 598, 916], "object_presence": 1}, "P653--embroidery-thread-cone--clutter--m6tR6Nl29VOQp4DPmzDDnAI4XM5qtwrTDFibY0vLjA0-00008.jpg": {"object_bounding_box": [67, 162, 587, 918], "object_presence": 1}, "P653--embroidery-thread-cone--clutter--m6tR6Nl29VOQp4DPmzDDnAI4XM5qtwrTDFibY0vLjA0-00009.jpg": {"object_bounding_box": [63, 160, 581, 920], "object_presence": 1}, "P653--embroidery-thread-cone--clutter--m6tR6Nl29VOQp4DPmzDDnAI4XM5qtwrTDFibY0vLjA0-00010.jpg": {"object_bounding_box": [73, 160, 573, 920], "object_presence": 1}, "P653--embroidery-thread-cone--clutter--m6tR6Nl29VOQp4DPmzDDnAI4XM5qtwrTDFibY0vLjA0-00011.jpg": {"object_bounding_box": [80, 158, 577, 922], "object_presence": 1}, "P653--embroidery-thread-cone--clutter--m6tR6Nl29VOQp4DPmzDDnAI4XM5qtwrTDFibY0vLjA0-00012.jpg": {"object_bounding_box": [82, 152, 582, 928], "object_presence": 1}, "P653--embroidery-thread-cone--clutter--m6tR6Nl29VOQp4DPmzDDnAI4XM5qtwrTDFibY0vLjA0-00013.jpg": {"object_bounding_box": [89, 150, 580, 930], "object_presence": 1}, "P653--embroidery-thread-cone--clutter--m6tR6Nl29VOQp4DPmzDDnAI4XM5qtwrTDFibY0vLjA0-00014.jpg": {"object_bounding_box": [89, 144, 585, 936], "object_presence": 1}, "P653--embroidery-thread-cone--clutter--m6tR6Nl29VOQp4DPmzDDnAI4XM5qtwrTDFibY0vLjA0-00015.jpg": {"object_bounding_box": [96, 142, 583, 938], "object_presence": 1}, "P653--embroidery-thread-cone--clutter--m6tR6Nl29VOQp4DPmzDDnAI4XM5qtwrTDFibY0vLjA0-00016.jpg": {"object_bounding_box": [107, 137, 578, 943], "object_presence": 1}, "P653--embroidery-thread-cone--clutter--m6tR6Nl29VOQp4DPmzDDnAI4XM5qtwrTDFibY0vLjA0-00017.jpg": {"object_bounding_box": [115, 137, 577, 943], "object_presence": 1}, "P653--embroidery-thread-cone--clutter--m6tR6Nl29VOQp4DPmzDDnAI4XM5qtwrTDFibY0vLjA0-00018.jpg": {"object_bounding_box": [119, 143, 573, 937], "object_presence": 1}, "P653--embroidery-thread-cone--clutter--m6tR6Nl29VOQp4DPmzDDnAI4XM5qtwrTDFibY0vLjA0-00019.jpg": {"object_bounding_box": [134, 147, 564, 933], "object_presence": 1}, "P653--embroidery-thread-cone--clutter--m6tR6Nl29VOQp4DPmzDDnAI4XM5qtwrTDFibY0vLjA0-00020.jpg": {"object_bounding_box": [149, 143, 562, 937], "object_presence": 1}, "P653--embroidery-thread-cone--clutter--m6tR6Nl29VOQp4DPmzDDnAI4XM5qtwrTDFibY0vLjA0-00021.jpg": {"object_bounding_box": [156, 141, 565, 939], "object_presence": 1}, "P653--embroidery-thread-cone--clutter--m6tR6Nl29VOQp4DPmzDDnAI4XM5qtwrTDFibY0vLjA0-00022.jpg": {"object_bounding_box": [171, 126, 556, 954], "object_presence": 1}, "P653--embroidery-thread-cone--clutter--m6tR6Nl29VOQp4DPmzDDnAI4XM5qtwrTDFibY0vLjA0-00023.jpg": {"object_bounding_box": [173, 120, 559, 960], "object_presence": 1}, "P653--embroidery-thread-cone--clutter--m6tR6Nl29VOQp4DPmzDDnAI4XM5qtwrTDFibY0vLjA0-00024.jpg": {"object_bounding_box": [170, 115, 566, 965], "object_presence": 1}, "P653--embroidery-thread-cone--clutter--m6tR6Nl29VOQp4DPmzDDnAI4XM5qtwrTDFibY0vLjA0-00025.jpg": {"object_bounding_box": [175, 109, 560, 971], "object_presence": 1}, "P653--embroidery-thread-cone--clutter--m6tR6Nl29VOQp4DPmzDDnAI4XM5qtwrTDFibY0vLjA0-00026.jpg": {"object_bounding_box": [174, 109, 562, 971], "object_presence": 1}, "P653--embroidery-thread-cone--clutter--m6tR6Nl29VOQp4DPmzDDnAI4XM5qtwrTDFibY0vLjA0-00027.jpg": {"object_bounding_box": [173, 109, 559, 971], "object_presence": 1}, "P653--embroidery-thread-cone--clutter--m6tR6Nl29VOQp4DPmzDDnAI4XM5qtwrTDFibY0vLjA0-00028.jpg": {"object_bounding_box": [175, 111, 556, 969], "object_presence": 1}, "P653--embroidery-thread-cone--clutter--m6tR6Nl29VOQp4DPmzDDnAI4XM5qtwrTDFibY0vLjA0-00029.jpg": {"object_bounding_box": [178, 114, 552, 966], "object_presence": 1}, "P653--embroidery-thread-cone--clutter--m6tR6Nl29VOQp4DPmzDDnAI4XM5qtwrTDFibY0vLjA0-00030.jpg": {"object_bounding_box": [178, 114, 551, 966], "object_presence": 1}, "P653--embroidery-thread-cone--clutter--m6tR6Nl29VOQp4DPmzDDnAI4XM5qtwrTDFibY0vLjA0-00031.jpg": {"object_bounding_box": [181, 114, 547, 966], "object_presence": 1}, "P653--embroidery-thread-cone--clutter--m6tR6Nl29VOQp4DPmzDDnAI4XM5qtwrTDFibY0vLjA0-00032.jpg": {"object_bounding_box": [178, 115, 549, 965], "object_presence": 1}, "P653--embroidery-thread-cone--clutter--m6tR6Nl29VOQp4DPmzDDnAI4XM5qtwrTDFibY0vLjA0-00033.jpg": {"object_bounding_box": [174, 109, 549, 971], "object_presence": 1}, "P653--embroidery-thread-cone--clutter--m6tR6Nl29VOQp4DPmzDDnAI4XM5qtwrTDFibY0vLjA0-00034.jpg": {"object_bounding_box": [174, 105, 548, 975], "object_presence": 1}, "P653--embroidery-thread-cone--clutter--m6tR6Nl29VOQp4DPmzDDnAI4XM5qtwrTDFibY0vLjA0-00035.jpg": {"object_bounding_box": [174, 104, 546, 976], "object_presence": 1}, "P653--embroidery-thread-cone--clutter--m6tR6Nl29VOQp4DPmzDDnAI4XM5qtwrTDFibY0vLjA0-00036.jpg": {"object_bounding_box": [171, 102, 546, 978], "object_presence": 1}, "P653--embroidery-thread-cone--clutter--m6tR6Nl29VOQp4DPmzDDnAI4XM5qtwrTDFibY0vLjA0-00037.jpg": {"object_bounding_box": [177, 97, 540, 983], "object_presence": 1}, "P653--embroidery-thread-cone--clutter--m6tR6Nl29VOQp4DPmzDDnAI4XM5qtwrTDFibY0vLjA0-00038.jpg": {"object_bounding_box": [175, 99, 542, 981], "object_presence": 1}, "P653--embroidery-thread-cone--clutter--m6tR6Nl29VOQp4DPmzDDnAI4XM5qtwrTDFibY0vLjA0-00039.jpg": {"object_bounding_box": [177, 92, 540, 988], "object_presence": 1}, "P653--embroidery-thread-cone--clutter--m6tR6Nl29VOQp4DPmzDDnAI4XM5qtwrTDFibY0vLjA0-00040.jpg": {"object_bounding_box": [175, 86, 542, 994], "object_presence": 1}, "P653--embroidery-thread-cone--clutter--m6tR6Nl29VOQp4DPmzDDnAI4XM5qtwrTDFibY0vLjA0-00041.jpg": {"object_bounding_box": [175, 75, 542, 1005], "object_presence": 1}, "P653--embroidery-thread-cone--clutter--m6tR6Nl29VOQp4DPmzDDnAI4XM5qtwrTDFibY0vLjA0-00042.jpg": {"object_bounding_box": [177, 69, 540, 1011], "object_presence": 1}, "P653--embroidery-thread-cone--clutter--m6tR6Nl29VOQp4DPmzDDnAI4XM5qtwrTDFibY0vLjA0-00043.jpg": {"object_bounding_box": [177, 57, 540, 1023], "object_presence": 1}, "P653--embroidery-thread-cone--clutter--m6tR6Nl29VOQp4DPmzDDnAI4XM5qtwrTDFibY0vLjA0-00044.jpg": {"object_bounding_box": [185, 51, 532, 1029], "object_presence": 1}, "P653--embroidery-thread-cone--clutter--m6tR6Nl29VOQp4DPmzDDnAI4XM5qtwrTDFibY0vLjA0-00045.jpg": {"object_bounding_box": [186, 55, 531, 1025], "object_presence": 1}, "P653--embroidery-thread-cone--clutter--m6tR6Nl29VOQp4DPmzDDnAI4XM5qtwrTDFibY0vLjA0-00046.jpg": {"object_bounding_box": [192, 60, 525, 1020], "object_presence": 1}, "P653--embroidery-thread-cone--clutter--m6tR6Nl29VOQp4DPmzDDnAI4XM5qtwrTDFibY0vLjA0-00047.jpg": {"object_bounding_box": [193, 74, 524, 1006], "object_presence": 1}, "P653--embroidery-thread-cone--clutter--m6tR6Nl29VOQp4DPmzDDnAI4XM5qtwrTDFibY0vLjA0-00048.jpg": {"object_bounding_box": [193, 88, 514, 992], "object_presence": 1}, "P653--embroidery-thread-cone--clutter--m6tR6Nl29VOQp4DPmzDDnAI4XM5qtwrTDFibY0vLjA0-00049.jpg": {"object_bounding_box": [204, 100, 503, 980], "object_presence": 1}, "P653--embroidery-thread-cone--clutter--m6tR6Nl29VOQp4DPmzDDnAI4XM5qtwrTDFibY0vLjA0-00050.jpg": {"object_bounding_box": [211, 107, 500, 973], "object_presence": 1}, "P653--embroidery-thread-cone--clutter--m6tR6Nl29VOQp4DPmzDDnAI4XM5qtwrTDFibY0vLjA0-00051.jpg": {"object_bounding_box": [211, 114, 502, 966], "object_presence": 1}, "P653--embroidery-thread-cone--clutter--m6tR6Nl29VOQp4DPmzDDnAI4XM5qtwrTDFibY0vLjA0-00052.jpg": {"object_bounding_box": [219, 112, 493, 967], "object_presence": 1}, "P653--embroidery-thread-cone--clutter--m6tR6Nl29VOQp4DPmzDDnAI4XM5qtwrTDFibY0vLjA0-00053.jpg": {"object_bounding_box": [205, 112, 497, 968], "object_presence": 1}, "P653--embroidery-thread-cone--clutter--m6tR6Nl29VOQp4DPmzDDnAI4XM5qtwrTDFibY0vLjA0-00054.jpg": {"object_bounding_box": [212, 113, 480, 967], "object_presence": 1}, "P653--embroidery-thread-cone--clutter--m6tR6Nl29VOQp4DPmzDDnAI4XM5qtwrTDFibY0vLjA0-00055.jpg": {"object_bounding_box": [197, 116, 492, 964], "object_presence": 1}, "P653--embroidery-thread-cone--clutter--m6tR6Nl29VOQp4DPmzDDnAI4XM5qtwrTDFibY0vLjA0-00056.jpg": {"object_bounding_box": [193, 116, 494, 964], "object_presence": 1}, "P653--embroidery-thread-cone--clutter--m6tR6Nl29VOQp4DPmzDDnAI4XM5qtwrTDFibY0vLjA0-00057.jpg": {"object_bounding_box": [205, 123, 483, 957], "object_presence": 1}, "P653--embroidery-thread-cone--clutter--m6tR6Nl29VOQp4DPmzDDnAI4XM5qtwrTDFibY0vLjA0-00058.jpg": {"object_bounding_box": [208, 127, 484, 953], "object_presence": 1}, "P653--embroidery-thread-cone--clutter--m6tR6Nl29VOQp4DPmzDDnAI4XM5qtwrTDFibY0vLjA0-00059.jpg": {"object_bounding_box": [210, 130, 488, 950], "object_presence": 1}, "P653--embroidery-thread-cone--clutter--m6tR6Nl29VOQp4DPmzDDnAI4XM5qtwrTDFibY0vLjA0-00060.jpg": {"object_bounding_box": [216, 132, 482, 948], "object_presence": 1}, "P653--embroidery-thread-cone--clutter--m6tR6Nl29VOQp4DPmzDDnAI4XM5qtwrTDFibY0vLjA0-00061.jpg": {"object_bounding_box": [214, 134, 485, 946], "object_presence": 1}, "P653--embroidery-thread-cone--clutter--m6tR6Nl29VOQp4DPmzDDnAI4XM5qtwrTDFibY0vLjA0-00062.jpg": {"object_bounding_box": [211, 131, 485, 949], "object_presence": 1}, "P653--embroidery-thread-cone--clutter--m6tR6Nl29VOQp4DPmzDDnAI4XM5qtwrTDFibY0vLjA0-00063.jpg": {"object_bounding_box": [215, 131, 481, 949], "object_presence": 1}, "P653--embroidery-thread-cone--clutter--m6tR6Nl29VOQp4DPmzDDnAI4XM5qtwrTDFibY0vLjA0-00064.jpg": {"object_bounding_box": [214, 132, 480, 948], "object_presence": 1}, "P653--embroidery-thread-cone--clutter--m6tR6Nl29VOQp4DPmzDDnAI4XM5qtwrTDFibY0vLjA0-00065.jpg": {"object_bounding_box": [215, 132, 478, 948], "object_presence": 1}, "P653--embroidery-thread-cone--clutter--m6tR6Nl29VOQp4DPmzDDnAI4XM5qtwrTDFibY0vLjA0-00066.jpg": {"object_bounding_box": [215, 135, 479, 945], "object_presence": 1}, "P653--embroidery-thread-cone--clutter--m6tR6Nl29VOQp4DPmzDDnAI4XM5qtwrTDFibY0vLjA0-00067.jpg": {"object_bounding_box": [210, 139, 479, 941], "object_presence": 1}, "P653--embroidery-thread-cone--clutter--m6tR6Nl29VOQp4DPmzDDnAI4XM5qtwrTDFibY0vLjA0-00068.jpg": {"object_bounding_box": [204, 137, 478, 943], "object_presence": 1}, "P653--embroidery-thread-cone--clutter--m6tR6Nl29VOQp4DPmzDDnAI4XM5qtwrTDFibY0vLjA0-00069.jpg": {"object_bounding_box": [205, 142, 471, 938], "object_presence": 1}, "P653--embroidery-thread-cone--clutter--m6tR6Nl29VOQp4DPmzDDnAI4XM5qtwrTDFibY0vLjA0-00070.jpg": {"object_bounding_box": [200, 147, 473, 933], "object_presence": 1}, "P653--embroidery-thread-cone--clutter--m6tR6Nl29VOQp4DPmzDDnAI4XM5qtwrTDFibY0vLjA0-00071.jpg": {"object_bounding_box": [200, 147, 469, 933], "object_presence": 1}, "P653--embroidery-thread-cone--clutter--m6tR6Nl29VOQp4DPmzDDnAI4XM5qtwrTDFibY0vLjA0-00072.jpg": {"object_bounding_box": [200, 155, 469, 925], "object_presence": 1}, "P653--embroidery-thread-cone--clutter--m6tR6Nl29VOQp4DPmzDDnAI4XM5qtwrTDFibY0vLjA0-00073.jpg": {"object_bounding_box": [208, 163, 457, 917], "object_presence": 1}, "P653--embroidery-thread-cone--clutter--m6tR6Nl29VOQp4DPmzDDnAI4XM5qtwrTDFibY0vLjA0-00074.jpg": {"object_bounding_box": [206, 173, 457, 907], "object_presence": 1}, "P653--embroidery-thread-cone--clutter--m6tR6Nl29VOQp4DPmzDDnAI4XM5qtwrTDFibY0vLjA0-00075.jpg": {"object_bounding_box": [207, 182, 452, 898], "object_presence": 1}, "P653--embroidery-thread-cone--clutter--m6tR6Nl29VOQp4DPmzDDnAI4XM5qtwrTDFibY0vLjA0-00076.jpg": {"object_bounding_box": [208, 186, 450, 894], "object_presence": 1}, "P653--embroidery-thread-cone--clutter--m6tR6Nl29VOQp4DPmzDDnAI4XM5qtwrTDFibY0vLjA0-00077.jpg": {"object_bounding_box": [210, 190, 448, 890], "object_presence": 1}, "P653--embroidery-thread-cone--clutter--m6tR6Nl29VOQp4DPmzDDnAI4XM5qtwrTDFibY0vLjA0-00078.jpg": {"object_bounding_box": [215, 197, 443, 883], "object_presence": 1}, "P653--embroidery-thread-cone--clutter--m6tR6Nl29VOQp4DPmzDDnAI4XM5qtwrTDFibY0vLjA0-00079.jpg": {"object_bounding_box": [220, 196, 438, 884], "object_presence": 1}, "P653--embroidery-thread-cone--clutter--m6tR6Nl29VOQp4DPmzDDnAI4XM5qtwrTDFibY0vLjA0-00080.jpg": {"object_bounding_box": [221, 191, 435, 889], "object_presence": 1}, "P653--embroidery-thread-cone--clutter--m6tR6Nl29VOQp4DPmzDDnAI4XM5qtwrTDFibY0vLjA0-00081.jpg": {"object_bounding_box": [222, 188, 436, 892], "object_presence": 1}, "P653--embroidery-thread-cone--clutter--m6tR6Nl29VOQp4DPmzDDnAI4XM5qtwrTDFibY0vLjA0-00082.jpg": {"object_bounding_box": [234, 177, 428, 903], "object_presence": 1}, "P653--embroidery-thread-cone--clutter--m6tR6Nl29VOQp4DPmzDDnAI4XM5qtwrTDFibY0vLjA0-00083.jpg": {"object_bounding_box": [249, 169, 430, 911], "object_presence": 1}, "P653--embroidery-thread-cone--clutter--m6tR6Nl29VOQp4DPmzDDnAI4XM5qtwrTDFibY0vLjA0-00084.jpg": {"object_bounding_box": [258, 176, 431, 904], "object_presence": 1}, "P653--embroidery-thread-cone--clutter--m6tR6Nl29VOQp4DPmzDDnAI4XM5qtwrTDFibY0vLjA0-00085.jpg": {"object_bounding_box": [262, 176, 429, 904], "object_presence": 1}, "P653--embroidery-thread-cone--clutter--m6tR6Nl29VOQp4DPmzDDnAI4XM5qtwrTDFibY0vLjA0-00086.jpg": {"object_bounding_box": [262, 176, 432, 904], "object_presence": 1}, "P653--embroidery-thread-cone--clutter--m6tR6Nl29VOQp4DPmzDDnAI4XM5qtwrTDFibY0vLjA0-00087.jpg": {"object_bounding_box": [270, 178, 425, 902], "object_presence": 1}, "P653--embroidery-thread-cone--clutter--m6tR6Nl29VOQp4DPmzDDnAI4XM5qtwrTDFibY0vLjA0-00088.jpg": {"object_bounding_box": [276, 182, 421, 898], "object_presence": 1}, "P653--embroidery-thread-cone--clutter--m6tR6Nl29VOQp4DPmzDDnAI4XM5qtwrTDFibY0vLjA0-00089.jpg": {"object_bounding_box": [278, 182, 418, 898], "object_presence": 1}, "P653--embroidery-thread-cone--clutter--m6tR6Nl29VOQp4DPmzDDnAI4XM5qtwrTDFibY0vLjA0-00090.jpg": {"object_bounding_box": [277, 180, 413, 900], "object_presence": 1}, "P653--embroidery-thread-cone--clutter--m6tR6Nl29VOQp4DPmzDDnAI4XM5qtwrTDFibY0vLjA0-00091.jpg": {"object_bounding_box": [277, 183, 408, 897], "object_presence": 1}, "P653--embroidery-thread-cone--clutter--m6tR6Nl29VOQp4DPmzDDnAI4XM5qtwrTDFibY0vLjA0-00092.jpg": {"object_bounding_box": [275, 183, 406, 897], "object_presence": 1}, "P653--embroidery-thread-cone--clutter--m6tR6Nl29VOQp4DPmzDDnAI4XM5qtwrTDFibY0vLjA0-00093.jpg": {"object_bounding_box": [275, 191, 406, 889], "object_presence": 1}, "P653--embroidery-thread-cone--clutter--m6tR6Nl29VOQp4DPmzDDnAI4XM5qtwrTDFibY0vLjA0-00094.jpg": {"object_bounding_box": [281, 201, 401, 879], "object_presence": 1}, "P653--embroidery-thread-cone--clutter--m6tR6Nl29VOQp4DPmzDDnAI4XM5qtwrTDFibY0vLjA0-00095.jpg": {"object_bounding_box": [288, 206, 397, 874], "object_presence": 1}, "P653--embroidery-thread-cone--clutter--m6tR6Nl29VOQp4DPmzDDnAI4XM5qtwrTDFibY0vLjA0-00096.jpg": {"object_bounding_box": [287, 209, 399, 871], "object_presence": 1}, "P653--embroidery-thread-cone--clutter--m6tR6Nl29VOQp4DPmzDDnAI4XM5qtwrTDFibY0vLjA0-00097.jpg": {"object_bounding_box": [288, 212, 399, 868], "object_presence": 1}, "P653--embroidery-thread-cone--clutter--m6tR6Nl29VOQp4DPmzDDnAI4XM5qtwrTDFibY0vLjA0-00098.jpg": {"object_bounding_box": [292, 210, 395, 870], "object_presence": 1}, "P653--embroidery-thread-cone--clutter--m6tR6Nl29VOQp4DPmzDDnAI4XM5qtwrTDFibY0vLjA0-00099.jpg": {"object_bounding_box": [292, 212, 397, 868], "object_presence": 1}, "P653--embroidery-thread-cone--clutter--m6tR6Nl29VOQp4DPmzDDnAI4XM5qtwrTDFibY0vLjA0-00100.jpg": {"object_bounding_box": [295, 214, 391, 866], "object_presence": 1}, "P653--embroidery-thread-cone--clutter--m6tR6Nl29VOQp4DPmzDDnAI4XM5qtwrTDFibY0vLjA0-00101.jpg": {"object_bounding_box": [292, 213, 391, 867], "object_presence": 1}, "P653--embroidery-thread-cone--clutter--m6tR6Nl29VOQp4DPmzDDnAI4XM5qtwrTDFibY0vLjA0-00102.jpg": {"object_bounding_box": [286, 212, 397, 868], "object_presence": 1}, "P653--embroidery-thread-cone--clutter--m6tR6Nl29VOQp4DPmzDDnAI4XM5qtwrTDFibY0vLjA0-00103.jpg": {"object_bounding_box": [288, 212, 391, 868], "object_presence": 1}, "P653--embroidery-thread-cone--clutter--m6tR6Nl29VOQp4DPmzDDnAI4XM5qtwrTDFibY0vLjA0-00104.jpg": {"object_bounding_box": [288, 206, 391, 874], "object_presence": 1}, "P653--embroidery-thread-cone--clutter--m6tR6Nl29VOQp4DPmzDDnAI4XM5qtwrTDFibY0vLjA0-00105.jpg": {"object_bounding_box": [296, 201, 383, 879], "object_presence": 1}, "P653--embroidery-thread-cone--clutter--m6tR6Nl29VOQp4DPmzDDnAI4XM5qtwrTDFibY0vLjA0-00106.jpg": {"object_bounding_box": [300, 196, 381, 884], "object_presence": 1}, "P653--embroidery-thread-cone--clutter--m6tR6Nl29VOQp4DPmzDDnAI4XM5qtwrTDFibY0vLjA0-00107.jpg": {"object_bounding_box": [300, 189, 384, 891], "object_presence": 1}, "P653--embroidery-thread-cone--clutter--m6tR6Nl29VOQp4DPmzDDnAI4XM5qtwrTDFibY0vLjA0-00108.jpg": {"object_bounding_box": [307, 184, 381, 896], "object_presence": 1}, "P653--embroidery-thread-cone--clutter--m6tR6Nl29VOQp4DPmzDDnAI4XM5qtwrTDFibY0vLjA0-00109.jpg": {"object_bounding_box": [312, 183, 378, 897], "object_presence": 1}, "P653--embroidery-thread-cone--clutter--m6tR6Nl29VOQp4DPmzDDnAI4XM5qtwrTDFibY0vLjA0-00110.jpg": {"object_bounding_box": [312, 178, 384, 902], "object_presence": 1}, "P653--embroidery-thread-cone--clutter--m6tR6Nl29VOQp4DPmzDDnAI4XM5qtwrTDFibY0vLjA0-00111.jpg": {"object_bounding_box": [326, 181, 376, 899], "object_presence": 1}, "P653--embroidery-thread-cone--clutter--m6tR6Nl29VOQp4DPmzDDnAI4XM5qtwrTDFibY0vLjA0-00112.jpg": {"object_bounding_box": [330, 184, 375, 896], "object_presence": 1}, "P653--embroidery-thread-cone--clutter--m6tR6Nl29VOQp4DPmzDDnAI4XM5qtwrTDFibY0vLjA0-00113.jpg": {"object_bounding_box": [330, 186, 375, 894], "object_presence": 1}, "P653--embroidery-thread-cone--clutter--m6tR6Nl29VOQp4DPmzDDnAI4XM5qtwrTDFibY0vLjA0-00114.jpg": {"object_bounding_box": [333, 186, 372, 894], "object_presence": 1}, "P653--embroidery-thread-cone--clutter--m6tR6Nl29VOQp4DPmzDDnAI4XM5qtwrTDFibY0vLjA0-00115.jpg": {"object_bounding_box": [331, 184, 375, 896], "object_presence": 1}, "P653--embroidery-thread-cone--clutter--m6tR6Nl29VOQp4DPmzDDnAI4XM5qtwrTDFibY0vLjA0-00116.jpg": {"object_bounding_box": [331, 187, 373, 893], "object_presence": 1}, "P653--embroidery-thread-cone--clutter--m6tR6Nl29VOQp4DPmzDDnAI4XM5qtwrTDFibY0vLjA0-00117.jpg": {"object_bounding_box": [325, 190, 375, 890], "object_presence": 1}, "P653--embroidery-thread-cone--clutter--m6tR6Nl29VOQp4DPmzDDnAI4XM5qtwrTDFibY0vLjA0-00118.jpg": {"object_bounding_box": [327, 187, 376, 893], "object_presence": 1}, "P653--embroidery-thread-cone--clutter--m6tR6Nl29VOQp4DPmzDDnAI4XM5qtwrTDFibY0vLjA0-00119.jpg": {"object_bounding_box": [327, 193, 375, 887], "object_presence": 1}, "P653--embroidery-thread-cone--clutter--m6tR6Nl29VOQp4DPmzDDnAI4XM5qtwrTDFibY0vLjA0-00120.jpg": {"object_bounding_box": [330, 196, 372, 884], "object_presence": 1}, "P653--embroidery-thread-cone--clutter--m6tR6Nl29VOQp4DPmzDDnAI4XM5qtwrTDFibY0vLjA0-00121.jpg": {"object_bounding_box": [330, 196, 370, 884], "object_presence": 1}, "P653--embroidery-thread-cone--clutter--m6tR6Nl29VOQp4DPmzDDnAI4XM5qtwrTDFibY0vLjA0-00122.jpg": {"object_bounding_box": [330, 192, 368, 888], "object_presence": 1}, "P653--embroidery-thread-cone--clutter--m6tR6Nl29VOQp4DPmzDDnAI4XM5qtwrTDFibY0vLjA0-00123.jpg": {"object_bounding_box": [330, 194, 368, 886], "object_presence": 1}, "P653--embroidery-thread-cone--clutter--m6tR6Nl29VOQp4DPmzDDnAI4XM5qtwrTDFibY0vLjA0-00124.jpg": {"object_bounding_box": [330, 198, 372, 882], "object_presence": 1}, "P653--embroidery-thread-cone--clutter--m6tR6Nl29VOQp4DPmzDDnAI4XM5qtwrTDFibY0vLjA0-00125.jpg": {"object_bounding_box": [330, 199, 372, 881], "object_presence": 1}, "P653--embroidery-thread-cone--clutter--m6tR6Nl29VOQp4DPmzDDnAI4XM5qtwrTDFibY0vLjA0-00126.jpg": {"object_bounding_box": [334, 199, 367, 881], "object_presence": 1}, "P653--embroidery-thread-cone--clutter--m6tR6Nl29VOQp4DPmzDDnAI4XM5qtwrTDFibY0vLjA0-00127.jpg": {"object_bounding_box": [344, 199, 364, 881], "object_presence": 1}, "P653--embroidery-thread-cone--clutter--m6tR6Nl29VOQp4DPmzDDnAI4XM5qtwrTDFibY0vLjA0-00128.jpg": {"object_bounding_box": [344, 199, 369, 881], "object_presence": 1}, "P653--embroidery-thread-cone--clutter--m6tR6Nl29VOQp4DPmzDDnAI4XM5qtwrTDFibY0vLjA0-00129.jpg": {"object_bounding_box": [349, 199, 363, 881], "object_presence": 1}, "P653--embroidery-thread-cone--clutter--m6tR6Nl29VOQp4DPmzDDnAI4XM5qtwrTDFibY0vLjA0-00130.jpg": {"object_bounding_box": [350, 199, 362, 881], "object_presence": 1}, "P653--embroidery-thread-cone--clutter--m6tR6Nl29VOQp4DPmzDDnAI4XM5qtwrTDFibY0vLjA0-00131.jpg": {"object_bounding_box": [351, 200, 362, 880], "object_presence": 1}, "P653--embroidery-thread-cone--clutter--m6tR6Nl29VOQp4DPmzDDnAI4XM5qtwrTDFibY0vLjA0-00132.jpg": {"object_bounding_box": [352, 200, 362, 880], "object_presence": 1}, "P653--embroidery-thread-cone--clutter--m6tR6Nl29VOQp4DPmzDDnAI4XM5qtwrTDFibY0vLjA0-00133.jpg": {"object_bounding_box": [353, 200, 362, 880], "object_presence": 1}, "P653--embroidery-thread-cone--clutter--m6tR6Nl29VOQp4DPmzDDnAI4XM5qtwrTDFibY0vLjA0-00134.jpg": {"object_bounding_box": [366, 200, 359, 880], "object_presence": 1}, "P653--embroidery-thread-cone--clutter--m6tR6Nl29VOQp4DPmzDDnAI4XM5qtwrTDFibY0vLjA0-00135.jpg": {"object_bounding_box": [377, 200, 358, 880], "object_presence": 1}, "P653--embroidery-thread-cone--clutter--m6tR6Nl29VOQp4DPmzDDnAI4XM5qtwrTDFibY0vLjA0-00136.jpg": {"object_bounding_box": [389, 201, 353, 879], "object_presence": 1}, "P653--embroidery-thread-cone--clutter--m6tR6Nl29VOQp4DPmzDDnAI4XM5qtwrTDFibY0vLjA0-00137.jpg": {"object_bounding_box": [397, 203, 351, 877], "object_presence": 1}, "P653--embroidery-thread-cone--clutter--m6tR6Nl29VOQp4DPmzDDnAI4XM5qtwrTDFibY0vLjA0-00138.jpg": {"object_bounding_box": [397, 211, 351, 869], "object_presence": 1}, "P653--embroidery-thread-cone--clutter--m6tR6Nl29VOQp4DPmzDDnAI4XM5qtwrTDFibY0vLjA0-00139.jpg": {"object_bounding_box": [397, 215, 349, 865], "object_presence": 1}, "P653--embroidery-thread-cone--clutter--m6tR6Nl29VOQp4DPmzDDnAI4XM5qtwrTDFibY0vLjA0-00140.jpg": {"object_bounding_box": [393, 218, 347, 862], "object_presence": 1}, "P653--embroidery-thread-cone--clutter--m6tR6Nl29VOQp4DPmzDDnAI4XM5qtwrTDFibY0vLjA0-00141.jpg": {"object_bounding_box": [390, 223, 344, 857], "object_presence": 1}, "P653--embroidery-thread-cone--clutter--m6tR6Nl29VOQp4DPmzDDnAI4XM5qtwrTDFibY0vLjA0-00142.jpg": {"object_bounding_box": [390, 231, 344, 849], "object_presence": 1}, "P653--embroidery-thread-cone--clutter--m6tR6Nl29VOQp4DPmzDDnAI4XM5qtwrTDFibY0vLjA0-00143.jpg": {"object_bounding_box": [390, 236, 342, 844], "object_presence": 1}, "P653--embroidery-thread-cone--clutter--m6tR6Nl29VOQp4DPmzDDnAI4XM5qtwrTDFibY0vLjA0-00144.jpg": {"object_bounding_box": [390, 241, 341, 839], "object_presence": 1}, "P653--embroidery-thread-cone--clutter--m6tR6Nl29VOQp4DPmzDDnAI4XM5qtwrTDFibY0vLjA0-00145.jpg": {"object_bounding_box": [390, 247, 338, 833], "object_presence": 1}, "P653--embroidery-thread-cone--clutter--m6tR6Nl29VOQp4DPmzDDnAI4XM5qtwrTDFibY0vLjA0-00146.jpg": {"object_bounding_box": [390, 250, 334, 830], "object_presence": 1}, "P653--embroidery-thread-cone--clutter--m6tR6Nl29VOQp4DPmzDDnAI4XM5qtwrTDFibY0vLjA0-00147.jpg": {"object_bounding_box": [382, 257, 338, 823], "object_presence": 1}, "P653--embroidery-thread-cone--clutter--m6tR6Nl29VOQp4DPmzDDnAI4XM5qtwrTDFibY0vLjA0-00148.jpg": {"object_bounding_box": [382, 260, 333, 820], "object_presence": 1}, "P653--embroidery-thread-cone--clutter--m6tR6Nl29VOQp4DPmzDDnAI4XM5qtwrTDFibY0vLjA0-00149.jpg": {"object_bounding_box": [375, 264, 334, 816], "object_presence": 1}, "P653--embroidery-thread-cone--clutter--m6tR6Nl29VOQp4DPmzDDnAI4XM5qtwrTDFibY0vLjA0-00150.jpg": {"object_bounding_box": [375, 264, 329, 816], "object_presence": 1}, "P653--embroidery-thread-cone--clutter--m6tR6Nl29VOQp4DPmzDDnAI4XM5qtwrTDFibY0vLjA0-00151.jpg": {"object_bounding_box": [375, 264, 326, 816], "object_presence": 1}, "P653--embroidery-thread-cone--clutter--m6tR6Nl29VOQp4DPmzDDnAI4XM5qtwrTDFibY0vLjA0-00152.jpg": {"object_bounding_box": [375, 273, 326, 807], "object_presence": 1}, "P653--embroidery-thread-cone--clutter--m6tR6Nl29VOQp4DPmzDDnAI4XM5qtwrTDFibY0vLjA0-00153.jpg": {"object_bounding_box": [375, 273, 325, 807], "object_presence": 1}, "P653--embroidery-thread-cone--clutter--m6tR6Nl29VOQp4DPmzDDnAI4XM5qtwrTDFibY0vLjA0-00154.jpg": {"object_bounding_box": [375, 273, 324, 807], "object_presence": 1}, "P653--embroidery-thread-cone--clutter--m6tR6Nl29VOQp4DPmzDDnAI4XM5qtwrTDFibY0vLjA0-00155.jpg": {"object_bounding_box": [375, 273, 321, 807], "object_presence": 1}, "P653--embroidery-thread-cone--clutter--m6tR6Nl29VOQp4DPmzDDnAI4XM5qtwrTDFibY0vLjA0-00156.jpg": {"object_bounding_box": [375, 272, 320, 808], "object_presence": 1}, "P653--embroidery-thread-cone--clutter--m6tR6Nl29VOQp4DPmzDDnAI4XM5qtwrTDFibY0vLjA0-00157.jpg": {"object_bounding_box": [375, 270, 320, 810], "object_presence": 1}, "P653--embroidery-thread-cone--clutter--m6tR6Nl29VOQp4DPmzDDnAI4XM5qtwrTDFibY0vLjA0-00158.jpg": {"object_bounding_box": [375, 268, 321, 812], "object_presence": 1}, "P653--embroidery-thread-cone--clutter--m6tR6Nl29VOQp4DPmzDDnAI4XM5qtwrTDFibY0vLjA0-00159.jpg": {"object_bounding_box": [382, 268, 317, 812], "object_presence": 1}, "P653--embroidery-thread-cone--clutter--m6tR6Nl29VOQp4DPmzDDnAI4XM5qtwrTDFibY0vLjA0-00160.jpg": {"object_bounding_box": [382, 268, 317, 812], "object_presence": 1}, "P653--embroidery-thread-cone--clutter--m6tR6Nl29VOQp4DPmzDDnAI4XM5qtwrTDFibY0vLjA0-00161.jpg": {"object_bounding_box": [382, 271, 320, 809], "object_presence": 1}, "P653--embroidery-thread-cone--clutter--m6tR6Nl29VOQp4DPmzDDnAI4XM5qtwrTDFibY0vLjA0-00162.jpg": {"object_bounding_box": [382, 274, 319, 806], "object_presence": 1}, "P653--embroidery-thread-cone--clutter--m6tR6Nl29VOQp4DPmzDDnAI4XM5qtwrTDFibY0vLjA0-00163.jpg": {"object_bounding_box": [394, 281, 313, 799], "object_presence": 1}, "P653--embroidery-thread-cone--clutter--m6tR6Nl29VOQp4DPmzDDnAI4XM5qtwrTDFibY0vLjA0-00164.jpg": {"object_bounding_box": [401, 288, 313, 792], "object_presence": 1}, "P653--embroidery-thread-cone--clutter--m6tR6Nl29VOQp4DPmzDDnAI4XM5qtwrTDFibY0vLjA0-00165.jpg": {"object_bounding_box": [404, 288, 314, 792], "object_presence": 1}, "P653--embroidery-thread-cone--clutter--m6tR6Nl29VOQp4DPmzDDnAI4XM5qtwrTDFibY0vLjA0-00166.jpg": {"object_bounding_box": [408, 295, 313, 785], "object_presence": 1}, "P653--embroidery-thread-cone--clutter--m6tR6Nl29VOQp4DPmzDDnAI4XM5qtwrTDFibY0vLjA0-00167.jpg": {"object_bounding_box": [410, 297, 313, 783], "object_presence": 1}, "P653--embroidery-thread-cone--clutter--m6tR6Nl29VOQp4DPmzDDnAI4XM5qtwrTDFibY0vLjA0-00168.jpg": {"object_bounding_box": [412, 299, 310, 781], "object_presence": 1}, "P653--embroidery-thread-cone--clutter--m6tR6Nl29VOQp4DPmzDDnAI4XM5qtwrTDFibY0vLjA0-00169.jpg": {"object_bounding_box": [412, 301, 310, 779], "object_presence": 1}, "P653--embroidery-thread-cone--clutter--m6tR6Nl29VOQp4DPmzDDnAI4XM5qtwrTDFibY0vLjA0-00170.jpg": {"object_bounding_box": [411, 303, 310, 777], "object_presence": 1}, "P653--embroidery-thread-cone--clutter--m6tR6Nl29VOQp4DPmzDDnAI4XM5qtwrTDFibY0vLjA0-00171.jpg": {"object_bounding_box": [415, 306, 306, 774], "object_presence": 1}, "P653--embroidery-thread-cone--clutter--m6tR6Nl29VOQp4DPmzDDnAI4XM5qtwrTDFibY0vLjA0-00172.jpg": {"object_bounding_box": [418, 307, 303, 773], "object_presence": 1}, "P653--embroidery-thread-cone--clutter--m6tR6Nl29VOQp4DPmzDDnAI4XM5qtwrTDFibY0vLjA0-00173.jpg": {"object_bounding_box": [421, 308, 300, 772], "object_presence": 1}, "P653--embroidery-thread-cone--clutter--m6tR6Nl29VOQp4DPmzDDnAI4XM5qtwrTDFibY0vLjA0-00174.jpg": {"object_bounding_box": [421, 311, 299, 769], "object_presence": 1}, "P653--embroidery-thread-cone--clutter--m6tR6Nl29VOQp4DPmzDDnAI4XM5qtwrTDFibY0vLjA0-00175.jpg": {"object_bounding_box": [421, 314, 299, 766], "object_presence": 1}, "P653--embroidery-thread-cone--clutter--m6tR6Nl29VOQp4DPmzDDnAI4XM5qtwrTDFibY0vLjA0-00176.jpg": {"object_bounding_box": [421, 317, 298, 763], "object_presence": 1}, "P653--embroidery-thread-cone--clutter--m6tR6Nl29VOQp4DPmzDDnAI4XM5qtwrTDFibY0vLjA0-00177.jpg": {"object_bounding_box": [421, 319, 297, 761], "object_presence": 1}, "P653--embroidery-thread-cone--clutter--m6tR6Nl29VOQp4DPmzDDnAI4XM5qtwrTDFibY0vLjA0-00178.jpg": {"object_bounding_box": [421, 321, 297, 759], "object_presence": 1}, "P653--embroidery-thread-cone--clutter--m6tR6Nl29VOQp4DPmzDDnAI4XM5qtwrTDFibY0vLjA0-00179.jpg": {"object_bounding_box": [421, 323, 296, 757], "object_presence": 1}, "P653--embroidery-thread-cone--clutter--m6tR6Nl29VOQp4DPmzDDnAI4XM5qtwrTDFibY0vLjA0-00180.jpg": {"object_bounding_box": [421, 325, 295, 755], "object_presence": 1}, "P653--embroidery-thread-cone--clutter--m6tR6Nl29VOQp4DPmzDDnAI4XM5qtwrTDFibY0vLjA0-00181.jpg": {"object_bounding_box": [421, 327, 295, 753], "object_presence": 1}, "P653--embroidery-thread-cone--clutter--m6tR6Nl29VOQp4DPmzDDnAI4XM5qtwrTDFibY0vLjA0-00182.jpg": {"object_bounding_box": [421, 329, 295, 751], "object_presence": 1}, "P653--embroidery-thread-cone--clutter--m6tR6Nl29VOQp4DPmzDDnAI4XM5qtwrTDFibY0vLjA0-00183.jpg": {"object_bounding_box": [421, 331, 295, 749], "object_presence": 1}, "P653--embroidery-thread-cone--clutter--m6tR6Nl29VOQp4DPmzDDnAI4XM5qtwrTDFibY0vLjA0-00184.jpg": {"object_bounding_box": [421, 331, 297, 749], "object_presence": 1}, "P653--embroidery-thread-cone--clutter--m6tR6Nl29VOQp4DPmzDDnAI4XM5qtwrTDFibY0vLjA0-00185.jpg": {"object_bounding_box": [421, 333, 301, 747], "object_presence": 1}, "P653--embroidery-thread-cone--clutter--m6tR6Nl29VOQp4DPmzDDnAI4XM5qtwrTDFibY0vLjA0-00186.jpg": {"object_bounding_box": [425, 333, 300, 747], "object_presence": 1}, "P653--embroidery-thread-cone--clutter--m6tR6Nl29VOQp4DPmzDDnAI4XM5qtwrTDFibY0vLjA0-00187.jpg": {"object_bounding_box": [430, 333, 298, 747], "object_presence": 1}, "P653--embroidery-thread-cone--clutter--m6tR6Nl29VOQp4DPmzDDnAI4XM5qtwrTDFibY0vLjA0-00188.jpg": {"object_bounding_box": [437, 336, 297, 744], "object_presence": 1}, "P653--embroidery-thread-cone--clutter--m6tR6Nl29VOQp4DPmzDDnAI4XM5qtwrTDFibY0vLjA0-00189.jpg": {"object_bounding_box": [438, 336, 298, 744], "object_presence": 1}, "P653--embroidery-thread-cone--clutter--m6tR6Nl29VOQp4DPmzDDnAI4XM5qtwrTDFibY0vLjA0-00190.jpg": {"object_bounding_box": [438, 333, 298, 747], "object_presence": 1}, "P653--embroidery-thread-cone--clutter--m6tR6Nl29VOQp4DPmzDDnAI4XM5qtwrTDFibY0vLjA0-00191.jpg": {"object_bounding_box": [448, 333, 292, 747], "object_presence": 1}, "P653--embroidery-thread-cone--clutter--m6tR6Nl29VOQp4DPmzDDnAI4XM5qtwrTDFibY0vLjA0-00192.jpg": {"object_bounding_box": [451, 333, 293, 747], "object_presence": 1}, "P653--embroidery-thread-cone--clutter--m6tR6Nl29VOQp4DPmzDDnAI4XM5qtwrTDFibY0vLjA0-00193.jpg": {"object_bounding_box": [453, 330, 292, 750], "object_presence": 1}, "P653--embroidery-thread-cone--clutter--m6tR6Nl29VOQp4DPmzDDnAI4XM5qtwrTDFibY0vLjA0-00194.jpg": {"object_bounding_box": [453, 327, 299, 753], "object_presence": 1}, "P653--embroidery-thread-cone--clutter--m6tR6Nl29VOQp4DPmzDDnAI4XM5qtwrTDFibY0vLjA0-00195.jpg": {"object_bounding_box": [463, 324, 290, 756], "object_presence": 1}, "P653--embroidery-thread-cone--clutter--m6tR6Nl29VOQp4DPmzDDnAI4XM5qtwrTDFibY0vLjA0-00196.jpg": {"object_bounding_box": [462, 321, 297, 759], "object_presence": 1}, "P653--embroidery-thread-cone--clutter--m6tR6Nl29VOQp4DPmzDDnAI4XM5qtwrTDFibY0vLjA0-00197.jpg": {"object_bounding_box": [460, 321, 302, 759], "object_presence": 1}, "P653--embroidery-thread-cone--clutter--m6tR6Nl29VOQp4DPmzDDnAI4XM5qtwrTDFibY0vLjA0-00198.jpg": {"object_bounding_box": [460, 320, 306, 760], "object_presence": 1}, "P653--embroidery-thread-cone--clutter--m6tR6Nl29VOQp4DPmzDDnAI4XM5qtwrTDFibY0vLjA0-00199.jpg": {"object_bounding_box": [455, 322, 309, 758], "object_presence": 1}, "P653--embroidery-thread-cone--clutter--m6tR6Nl29VOQp4DPmzDDnAI4XM5qtwrTDFibY0vLjA0-00200.jpg": {"object_bounding_box": [458, 327, 307, 753], "object_presence": 1}, "P653--embroidery-thread-cone--clutter--m6tR6Nl29VOQp4DPmzDDnAI4XM5qtwrTDFibY0vLjA0-00201.jpg": {"object_bounding_box": [449, 327, 308, 753], "object_presence": 1}, "P653--embroidery-thread-cone--clutter--m6tR6Nl29VOQp4DPmzDDnAI4XM5qtwrTDFibY0vLjA0-00202.jpg": {"object_bounding_box": [436, 324, 315, 753], "object_presence": 1}, "P653--embroidery-thread-cone--clutter--m6tR6Nl29VOQp4DPmzDDnAI4XM5qtwrTDFibY0vLjA0-00203.jpg": {"object_bounding_box": [422, 324, 321, 753], "object_presence": 1}, "P653--embroidery-thread-cone--clutter--m6tR6Nl29VOQp4DPmzDDnAI4XM5qtwrTDFibY0vLjA0-00204.jpg": {"object_bounding_box": [427, 324, 309, 756], "object_presence": 1}, "P653--embroidery-thread-cone--clutter--m6tR6Nl29VOQp4DPmzDDnAI4XM5qtwrTDFibY0vLjA0-00205.jpg": {"object_bounding_box": [411, 321, 323, 759], "object_presence": 1}, "P653--embroidery-thread-cone--clutter--m6tR6Nl29VOQp4DPmzDDnAI4XM5qtwrTDFibY0vLjA0-00206.jpg": {"object_bounding_box": [414, 321, 317, 759], "object_presence": 1}, "P653--embroidery-thread-cone--clutter--m6tR6Nl29VOQp4DPmzDDnAI4XM5qtwrTDFibY0vLjA0-00207.jpg": {"object_bounding_box": [415, 322, 311, 758], "object_presence": 1}, "P653--embroidery-thread-cone--clutter--m6tR6Nl29VOQp4DPmzDDnAI4XM5qtwrTDFibY0vLjA0-00208.jpg": {"object_bounding_box": [410, 325, 314, 755], "object_presence": 1}, "P653--embroidery-thread-cone--clutter--m6tR6Nl29VOQp4DPmzDDnAI4XM5qtwrTDFibY0vLjA0-00209.jpg": {"object_bounding_box": [408, 330, 311, 750], "object_presence": 1}, "P653--embroidery-thread-cone--clutter--m6tR6Nl29VOQp4DPmzDDnAI4XM5qtwrTDFibY0vLjA0-00210.jpg": {"object_bounding_box": [410, 341, 310, 739], "object_presence": 1}, "P653--embroidery-thread-cone--clutter--m6tR6Nl29VOQp4DPmzDDnAI4XM5qtwrTDFibY0vLjA0-00211.jpg": {"object_bounding_box": [408, 342, 312, 738], "object_presence": 1}, "P653--embroidery-thread-cone--clutter--m6tR6Nl29VOQp4DPmzDDnAI4XM5qtwrTDFibY0vLjA0-00212.jpg": {"object_bounding_box": [410, 342, 315, 738], "object_presence": 1}, "P653--embroidery-thread-cone--clutter--m6tR6Nl29VOQp4DPmzDDnAI4XM5qtwrTDFibY0vLjA0-00213.jpg": {"object_bounding_box": [414, 339, 314, 741], "object_presence": 1}, "P653--embroidery-thread-cone--clutter--m6tR6Nl29VOQp4DPmzDDnAI4XM5qtwrTDFibY0vLjA0-00214.jpg": {"object_bounding_box": [416, 339, 312, 741], "object_presence": 1}, "P653--embroidery-thread-cone--clutter--m6tR6Nl29VOQp4DPmzDDnAI4XM5qtwrTDFibY0vLjA0-00215.jpg": {"object_bounding_box": [421, 339, 310, 741], "object_presence": 1}, "P653--embroidery-thread-cone--clutter--m6tR6Nl29VOQp4DPmzDDnAI4XM5qtwrTDFibY0vLjA0-00216.jpg": {"object_bounding_box": [422, 340, 308, 740], "object_presence": 1}, "P653--embroidery-thread-cone--clutter--m6tR6Nl29VOQp4DPmzDDnAI4XM5qtwrTDFibY0vLjA0-00217.jpg": {"object_bounding_box": [423, 341, 307, 736], "object_presence": 1}, "P653--embroidery-thread-cone--clutter--m6tR6Nl29VOQp4DPmzDDnAI4XM5qtwrTDFibY0vLjA0-00218.jpg": {"object_bounding_box": [436, 345, 299, 735], "object_presence": 1}, "P653--embroidery-thread-cone--clutter--m6tR6Nl29VOQp4DPmzDDnAI4XM5qtwrTDFibY0vLjA0-00219.jpg": {"object_bounding_box": [436, 348, 303, 732], "object_presence": 1}, "P653--embroidery-thread-cone--clutter--m6tR6Nl29VOQp4DPmzDDnAI4XM5qtwrTDFibY0vLjA0-00220.jpg": {"object_bounding_box": [437, 351, 308, 729], "object_presence": 1}, "P653--embroidery-thread-cone--clutter--m6tR6Nl29VOQp4DPmzDDnAI4XM5qtwrTDFibY0vLjA0-00221.jpg": {"object_bounding_box": [444, 351, 304, 729], "object_presence": 1}, "P653--embroidery-thread-cone--clutter--m6tR6Nl29VOQp4DPmzDDnAI4XM5qtwrTDFibY0vLjA0-00222.jpg": {"object_bounding_box": [455, 353, 298, 727], "object_presence": 1}, "P653--embroidery-thread-cone--clutter--m6tR6Nl29VOQp4DPmzDDnAI4XM5qtwrTDFibY0vLjA0-00223.jpg": {"object_bounding_box": [456, 356, 298, 724], "object_presence": 1}, "P653--embroidery-thread-cone--clutter--m6tR6Nl29VOQp4DPmzDDnAI4XM5qtwrTDFibY0vLjA0-00224.jpg": {"object_bounding_box": [460, 356, 297, 724], "object_presence": 1}, "P653--embroidery-thread-cone--clutter--m6tR6Nl29VOQp4DPmzDDnAI4XM5qtwrTDFibY0vLjA0-00225.jpg": {"object_bounding_box": [459, 357, 297, 723], "object_presence": 1}, "P653--embroidery-thread-cone--clutter--m6tR6Nl29VOQp4DPmzDDnAI4XM5qtwrTDFibY0vLjA0-00226.jpg": {"object_bounding_box": [466, 355, 289, 725], "object_presence": 1}, "P653--embroidery-thread-cone--clutter--m6tR6Nl29VOQp4DPmzDDnAI4XM5qtwrTDFibY0vLjA0-00227.jpg": {"object_bounding_box": [471, 355, 288, 725], "object_presence": 1}, "P653--embroidery-thread-cone--clutter--m6tR6Nl29VOQp4DPmzDDnAI4XM5qtwrTDFibY0vLjA0-00228.jpg": {"object_bounding_box": [466, 354, 292, 726], "object_presence": 1}, "P653--embroidery-thread-cone--clutter--m6tR6Nl29VOQp4DPmzDDnAI4XM5qtwrTDFibY0vLjA0-00229.jpg": {"object_bounding_box": [473, 350, 286, 730], "object_presence": 1}, "P653--embroidery-thread-cone--clutter--m6tR6Nl29VOQp4DPmzDDnAI4XM5qtwrTDFibY0vLjA0-00230.jpg": {"object_bounding_box": [475, 348, 285, 732], "object_presence": 1}, "P653--embroidery-thread-cone--clutter--m6tR6Nl29VOQp4DPmzDDnAI4XM5qtwrTDFibY0vLjA0-00231.jpg": {"object_bounding_box": [477, 351, 285, 729], "object_presence": 1}, "P653--embroidery-thread-cone--clutter--m6tR6Nl29VOQp4DPmzDDnAI4XM5qtwrTDFibY0vLjA0-00232.jpg": {"object_bounding_box": [484, 354, 282, 726], "object_presence": 1}, "P653--embroidery-thread-cone--clutter--m6tR6Nl29VOQp4DPmzDDnAI4XM5qtwrTDFibY0vLjA0-00233.jpg": {"object_bounding_box": [481, 355, 283, 725], "object_presence": 1}, "P653--embroidery-thread-cone--clutter--m6tR6Nl29VOQp4DPmzDDnAI4XM5qtwrTDFibY0vLjA0-00234.jpg": {"object_bounding_box": [485, 357, 278, 723], "object_presence": 1}, "P653--embroidery-thread-cone--clutter--m6tR6Nl29VOQp4DPmzDDnAI4XM5qtwrTDFibY0vLjA0-00235.jpg": {"object_bounding_box": [482, 359, 281, 721], "object_presence": 1}, "P653--embroidery-thread-cone--clutter--m6tR6Nl29VOQp4DPmzDDnAI4XM5qtwrTDFibY0vLjA0-00236.jpg": {"object_bounding_box": [486, 362, 281, 718], "object_presence": 1}, "P653--embroidery-thread-cone--clutter--m6tR6Nl29VOQp4DPmzDDnAI4XM5qtwrTDFibY0vLjA0-00237.jpg": {"object_bounding_box": [489, 367, 280, 713], "object_presence": 1}, "P653--embroidery-thread-cone--clutter--m6tR6Nl29VOQp4DPmzDDnAI4XM5qtwrTDFibY0vLjA0-00238.jpg": {"object_bounding_box": [484, 369, 283, 711], "object_presence": 1}, "P653--embroidery-thread-cone--clutter--m6tR6Nl29VOQp4DPmzDDnAI4XM5qtwrTDFibY0vLjA0-00239.jpg": {"object_bounding_box": [488, 369, 277, 711], "object_presence": 1}, "P653--embroidery-thread-cone--clutter--m6tR6Nl29VOQp4DPmzDDnAI4XM5qtwrTDFibY0vLjA0-00240.jpg": {"object_bounding_box": [492, 370, 276, 710], "object_presence": 1}, "P653--embroidery-thread-cone--clutter--m6tR6Nl29VOQp4DPmzDDnAI4XM5qtwrTDFibY0vLjA0-00241.jpg": {"object_bounding_box": [492, 372, 278, 708], "object_presence": 1}, "P653--embroidery-thread-cone--clutter--m6tR6Nl29VOQp4DPmzDDnAI4XM5qtwrTDFibY0vLjA0-00242.jpg": {"object_bounding_box": [495, 370, 275, 710], "object_presence": 1}, "P653--embroidery-thread-cone--clutter--m6tR6Nl29VOQp4DPmzDDnAI4XM5qtwrTDFibY0vLjA0-00243.jpg": {"object_bounding_box": [499, 368, 271, 712], "object_presence": 1}, "P653--embroidery-thread-cone--clutter--m6tR6Nl29VOQp4DPmzDDnAI4XM5qtwrTDFibY0vLjA0-00244.jpg": {"object_bounding_box": [500, 364, 271, 716], "object_presence": 1}, "P653--embroidery-thread-cone--clutter--m6tR6Nl29VOQp4DPmzDDnAI4XM5qtwrTDFibY0vLjA0-00245.jpg": {"object_bounding_box": [500, 361, 278, 717], "object_presence": 1}, "P653--embroidery-thread-cone--clutter--m6tR6Nl29VOQp4DPmzDDnAI4XM5qtwrTDFibY0vLjA0-00246.jpg": {"object_bounding_box": [504, 359, 275, 714], "object_presence": 1}, "P653--embroidery-thread-cone--clutter--m6tR6Nl29VOQp4DPmzDDnAI4XM5qtwrTDFibY0vLjA0-00247.jpg": {"object_bounding_box": [509, 360, 273, 713], "object_presence": 1}, "P653--embroidery-thread-cone--clutter--m6tR6Nl29VOQp4DPmzDDnAI4XM5qtwrTDFibY0vLjA0-00248.jpg": {"object_bounding_box": [510, 360, 277, 711], "object_presence": 1}, "P653--embroidery-thread-cone--clutter--m6tR6Nl29VOQp4DPmzDDnAI4XM5qtwrTDFibY0vLjA0-00249.jpg": {"object_bounding_box": [516, 359, 273, 712], "object_presence": 1}, "P653--embroidery-thread-cone--clutter--m6tR6Nl29VOQp4DPmzDDnAI4XM5qtwrTDFibY0vLjA0-00250.jpg": {"object_bounding_box": [515, 356, 273, 710], "object_presence": 1}, "P653--embroidery-thread-cone--clutter--m6tR6Nl29VOQp4DPmzDDnAI4XM5qtwrTDFibY0vLjA0-00251.jpg": {"object_bounding_box": [515, 352, 271, 708], "object_presence": 1}, "P653--embroidery-thread-cone--clutter--m6tR6Nl29VOQp4DPmzDDnAI4XM5qtwrTDFibY0vLjA0-00252.jpg": {"object_bounding_box": [517, 350, 271, 708], "object_presence": 1}, "P653--embroidery-thread-cone--clutter--m6tR6Nl29VOQp4DPmzDDnAI4XM5qtwrTDFibY0vLjA0-00253.jpg": {"object_bounding_box": [521, 349, 270, 707], "object_presence": 1}, "P653--embroidery-thread-cone--clutter--m6tR6Nl29VOQp4DPmzDDnAI4XM5qtwrTDFibY0vLjA0-00254.jpg": {"object_bounding_box": [521, 353, 274, 701], "object_presence": 1}, "P653--embroidery-thread-cone--clutter--m6tR6Nl29VOQp4DPmzDDnAI4XM5qtwrTDFibY0vLjA0-00255.jpg": {"object_bounding_box": [529, 356, 268, 701], "object_presence": 1}, "P653--embroidery-thread-cone--clutter--m6tR6Nl29VOQp4DPmzDDnAI4XM5qtwrTDFibY0vLjA0-00256.jpg": {"object_bounding_box": [530, 358, 270, 699], "object_presence": 1}, "P653--embroidery-thread-cone--clutter--m6tR6Nl29VOQp4DPmzDDnAI4XM5qtwrTDFibY0vLjA0-00257.jpg": {"object_bounding_box": [530, 360, 271, 697], "object_presence": 1}, "P653--embroidery-thread-cone--clutter--m6tR6Nl29VOQp4DPmzDDnAI4XM5qtwrTDFibY0vLjA0-00258.jpg": {"object_bounding_box": [533, 364, 273, 695], "object_presence": 1}, "P653--embroidery-thread-cone--clutter--m6tR6Nl29VOQp4DPmzDDnAI4XM5qtwrTDFibY0vLjA0-00259.jpg": {"object_bounding_box": [532, 365, 268, 692], "object_presence": 1}, "P653--embroidery-thread-cone--clutter--m6tR6Nl29VOQp4DPmzDDnAI4XM5qtwrTDFibY0vLjA0-00260.jpg": {"object_bounding_box": [537, 366, 263, 691], "object_presence": 1}, "P653--embroidery-thread-cone--clutter--m6tR6Nl29VOQp4DPmzDDnAI4XM5qtwrTDFibY0vLjA0-00261.jpg": {"object_bounding_box": [538, 369, 263, 687], "object_presence": 1}, "P653--embroidery-thread-cone--clutter--m6tR6Nl29VOQp4DPmzDDnAI4XM5qtwrTDFibY0vLjA0-00262.jpg": {"object_bounding_box": [538, 369, 263, 685], "object_presence": 1}, "P653--embroidery-thread-cone--clutter--m6tR6Nl29VOQp4DPmzDDnAI4XM5qtwrTDFibY0vLjA0-00263.jpg": {"object_bounding_box": [542, 370, 264, 682], "object_presence": 1}, "P653--embroidery-thread-cone--clutter--m6tR6Nl29VOQp4DPmzDDnAI4XM5qtwrTDFibY0vLjA0-00264.jpg": {"object_bounding_box": [545, 371, 264, 679], "object_presence": 1}, "P653--embroidery-thread-cone--clutter--m6tR6Nl29VOQp4DPmzDDnAI4XM5qtwrTDFibY0vLjA0-00265.jpg": {"object_bounding_box": [552, 371, 259, 677], "object_presence": 1}, "P653--embroidery-thread-cone--clutter--m6tR6Nl29VOQp4DPmzDDnAI4XM5qtwrTDFibY0vLjA0-00266.jpg": {"object_bounding_box": [555, 372, 260, 677], "object_presence": 1}, "P653--embroidery-thread-cone--clutter--m6tR6Nl29VOQp4DPmzDDnAI4XM5qtwrTDFibY0vLjA0-00267.jpg": {"object_bounding_box": [556, 374, 256, 677], "object_presence": 1}, "P653--embroidery-thread-cone--clutter--m6tR6Nl29VOQp4DPmzDDnAI4XM5qtwrTDFibY0vLjA0-00268.jpg": {"object_bounding_box": [560, 373, 254, 677], "object_presence": 1}, "P653--embroidery-thread-cone--clutter--m6tR6Nl29VOQp4DPmzDDnAI4XM5qtwrTDFibY0vLjA0-00269.jpg": {"object_bounding_box": [556, 371, 252, 674], "object_presence": 1}, "P653--embroidery-thread-cone--clutter--m6tR6Nl29VOQp4DPmzDDnAI4XM5qtwrTDFibY0vLjA0-00270.jpg": {"object_bounding_box": [554, 371, 251, 671], "object_presence": 1}, "P653--embroidery-thread-cone--clutter--m6tR6Nl29VOQp4DPmzDDnAI4XM5qtwrTDFibY0vLjA0-00271.jpg": {"object_bounding_box": [555, 375, 250, 665], "object_presence": 1}, "P653--embroidery-thread-cone--clutter--m6tR6Nl29VOQp4DPmzDDnAI4XM5qtwrTDFibY0vLjA0-00272.jpg": {"object_bounding_box": [554, 374, 248, 665], "object_presence": 1}, "P653--embroidery-thread-cone--clutter--m6tR6Nl29VOQp4DPmzDDnAI4XM5qtwrTDFibY0vLjA0-00273.jpg": {"object_bounding_box": [554, 377, 250, 662], "object_presence": 1}, "P653--embroidery-thread-cone--clutter--m6tR6Nl29VOQp4DPmzDDnAI4XM5qtwrTDFibY0vLjA0-00274.jpg": {"object_bounding_box": [554, 381, 251, 658], "object_presence": 1}, "P653--embroidery-thread-cone--clutter--m6tR6Nl29VOQp4DPmzDDnAI4XM5qtwrTDFibY0vLjA0-00275.jpg": {"object_bounding_box": [554, 384, 253, 655], "object_presence": 1}, "P653--embroidery-thread-cone--clutter--m6tR6Nl29VOQp4DPmzDDnAI4XM5qtwrTDFibY0vLjA0-00276.jpg": {"object_bounding_box": [565, 387, 248, 655], "object_presence": 1}, "P653--embroidery-thread-cone--clutter--m6tR6Nl29VOQp4DPmzDDnAI4XM5qtwrTDFibY0vLjA0-00277.jpg": {"object_bounding_box": [564, 389, 252, 658], "object_presence": 1}, "P653--embroidery-thread-cone--clutter--m6tR6Nl29VOQp4DPmzDDnAI4XM5qtwrTDFibY0vLjA0-00278.jpg": {"object_bounding_box": [566, 392, 252, 655], "object_presence": 1}, "P653--embroidery-thread-cone--clutter--m6tR6Nl29VOQp4DPmzDDnAI4XM5qtwrTDFibY0vLjA0-00279.jpg": {"object_bounding_box": [571, 395, 253, 654], "object_presence": 1}, "P653--embroidery-thread-cone--clutter--m6tR6Nl29VOQp4DPmzDDnAI4XM5qtwrTDFibY0vLjA0-00280.jpg": {"object_bounding_box": [571, 396, 253, 654], "object_presence": 1}, "P653--embroidery-thread-cone--clutter--m6tR6Nl29VOQp4DPmzDDnAI4XM5qtwrTDFibY0vLjA0-00281.jpg": {"object_bounding_box": [577, 397, 251, 650], "object_presence": 1}, "P653--embroidery-thread-cone--clutter--m6tR6Nl29VOQp4DPmzDDnAI4XM5qtwrTDFibY0vLjA0-00282.jpg": {"object_bounding_box": [584, 396, 249, 651], "object_presence": 1}, "P653--embroidery-thread-cone--clutter--m6tR6Nl29VOQp4DPmzDDnAI4XM5qtwrTDFibY0vLjA0-00283.jpg": {"object_bounding_box": [584, 395, 251, 652], "object_presence": 1}, "P653--embroidery-thread-cone--clutter--m6tR6Nl29VOQp4DPmzDDnAI4XM5qtwrTDFibY0vLjA0-00284.jpg": {"object_bounding_box": [587, 390, 250, 652], "object_presence": 1}, "P653--embroidery-thread-cone--clutter--m6tR6Nl29VOQp4DPmzDDnAI4XM5qtwrTDFibY0vLjA0-00285.jpg": {"object_bounding_box": [591, 386, 248, 648], "object_presence": 1}, "P653--embroidery-thread-cone--clutter--m6tR6Nl29VOQp4DPmzDDnAI4XM5qtwrTDFibY0vLjA0-00286.jpg": {"object_bounding_box": [592, 383, 250, 646], "object_presence": 1}, "P653--embroidery-thread-cone--clutter--m6tR6Nl29VOQp4DPmzDDnAI4XM5qtwrTDFibY0vLjA0-00287.jpg": {"object_bounding_box": [591, 376, 250, 644], "object_presence": 1}, "P653--embroidery-thread-cone--clutter--m6tR6Nl29VOQp4DPmzDDnAI4XM5qtwrTDFibY0vLjA0-00288.jpg": {"object_bounding_box": [591, 375, 243, 645], "object_presence": 1}, "P653--embroidery-thread-cone--clutter--m6tR6Nl29VOQp4DPmzDDnAI4XM5qtwrTDFibY0vLjA0-00289.jpg": {"object_bounding_box": [588, 381, 242, 639], "object_presence": 1}, "P653--embroidery-thread-cone--clutter--m6tR6Nl29VOQp4DPmzDDnAI4XM5qtwrTDFibY0vLjA0-00290.jpg": {"object_bounding_box": [590, 388, 247, 637], "object_presence": 1}, "P653--embroidery-thread-cone--clutter--m6tR6Nl29VOQp4DPmzDDnAI4XM5qtwrTDFibY0vLjA0-00291.jpg": {"object_bounding_box": [590, 390, 245, 641], "object_presence": 1}, "P653--embroidery-thread-cone--clutter--m6tR6Nl29VOQp4DPmzDDnAI4XM5qtwrTDFibY0vLjA0-00292.jpg": {"object_bounding_box": [586, 390, 239, 636], "object_presence": 1}, "P653--embroidery-thread-cone--clutter--m6tR6Nl29VOQp4DPmzDDnAI4XM5qtwrTDFibY0vLjA0-00293.jpg": {"object_bounding_box": [575, 387, 247, 636], "object_presence": 1}, "P653--embroidery-thread-cone--clutter--m6tR6Nl29VOQp4DPmzDDnAI4XM5qtwrTDFibY0vLjA0-00294.jpg": {"object_bounding_box": [572, 388, 245, 635], "object_presence": 1}, "P653--embroidery-thread-cone--clutter--m6tR6Nl29VOQp4DPmzDDnAI4XM5qtwrTDFibY0vLjA0-00295.jpg": {"object_bounding_box": [565, 387, 247, 631], "object_presence": 1}, "P653--embroidery-thread-cone--clutter--m6tR6Nl29VOQp4DPmzDDnAI4XM5qtwrTDFibY0vLjA0-00296.jpg": {"object_bounding_box": [562, 383, 241, 628], "object_presence": 1}, "P653--embroidery-thread-cone--clutter--m6tR6Nl29VOQp4DPmzDDnAI4XM5qtwrTDFibY0vLjA0-00297.jpg": {"object_bounding_box": [553, 374, 247, 629], "object_presence": 1}, "P653--embroidery-thread-cone--clutter--m6tR6Nl29VOQp4DPmzDDnAI4XM5qtwrTDFibY0vLjA0-00298.jpg": {"object_bounding_box": [553, 370, 241, 625], "object_presence": 1}, "P653--embroidery-thread-cone--clutter--m6tR6Nl29VOQp4DPmzDDnAI4XM5qtwrTDFibY0vLjA0-00299.jpg": {"object_bounding_box": [550, 368, 237, 621], "object_presence": 1}, "P653--embroidery-thread-cone--clutter--m6tR6Nl29VOQp4DPmzDDnAI4XM5qtwrTDFibY0vLjA0-00300.jpg": {"object_bounding_box": [540, 366, 242, 618], "object_presence": 1}, "P653--embroidery-thread-cone--clutter--m6tR6Nl29VOQp4DPmzDDnAI4XM5qtwrTDFibY0vLjA0-00301.jpg": {"object_bounding_box": [534, 365, 238, 615], "object_presence": 1}, "P653--embroidery-thread-cone--clutter--m6tR6Nl29VOQp4DPmzDDnAI4XM5qtwrTDFibY0vLjA0-00302.jpg": {"object_bounding_box": [530, 367, 237, 613], "object_presence": 1}, "P653--embroidery-thread-cone--clutter--m6tR6Nl29VOQp4DPmzDDnAI4XM5qtwrTDFibY0vLjA0-00303.jpg": {"object_bounding_box": [530, 372, 237, 610], "object_presence": 1}, "P653--embroidery-thread-cone--clutter--m6tR6Nl29VOQp4DPmzDDnAI4XM5qtwrTDFibY0vLjA0-00304.jpg": {"object_bounding_box": [531, 373, 237, 610], "object_presence": 1}, "P653--embroidery-thread-cone--clutter--m6tR6Nl29VOQp4DPmzDDnAI4XM5qtwrTDFibY0vLjA0-00305.jpg": {"object_bounding_box": [532, 377, 238, 608], "object_presence": 1}, "P653--embroidery-thread-cone--clutter--m6tR6Nl29VOQp4DPmzDDnAI4XM5qtwrTDFibY0vLjA0-00306.jpg": {"object_bounding_box": [535, 377, 233, 609], "object_presence": 1}, "P653--embroidery-thread-cone--clutter--m6tR6Nl29VOQp4DPmzDDnAI4XM5qtwrTDFibY0vLjA0-00307.jpg": {"object_bounding_box": [533, 373, 235, 607], "object_presence": 1}, "P653--embroidery-thread-cone--clutter--m6tR6Nl29VOQp4DPmzDDnAI4XM5qtwrTDFibY0vLjA0-00308.jpg": {"object_bounding_box": [533, 373, 237, 605], "object_presence": 1}, "P653--embroidery-thread-cone--clutter--m6tR6Nl29VOQp4DPmzDDnAI4XM5qtwrTDFibY0vLjA0-00309.jpg": {"object_bounding_box": [539, 374, 236, 604], "object_presence": 1}, "P653--embroidery-thread-cone--clutter--m6tR6Nl29VOQp4DPmzDDnAI4XM5qtwrTDFibY0vLjA0-00310.jpg": {"object_bounding_box": [546, 378, 232, 601], "object_presence": 1}, "P653--embroidery-thread-cone--clutter--m6tR6Nl29VOQp4DPmzDDnAI4XM5qtwrTDFibY0vLjA0-00311.jpg": {"object_bounding_box": [553, 382, 230, 600], "object_presence": 1}, "P653--embroidery-thread-cone--clutter--m6tR6Nl29VOQp4DPmzDDnAI4XM5qtwrTDFibY0vLjA0-00312.jpg": {"object_bounding_box": [560, 385, 227, 597], "object_presence": 1}, "P653--embroidery-thread-cone--clutter--m6tR6Nl29VOQp4DPmzDDnAI4XM5qtwrTDFibY0vLjA0-00313.jpg": {"object_bounding_box": [560, 383, 230, 597], "object_presence": 1}, "P653--embroidery-thread-cone--clutter--m6tR6Nl29VOQp4DPmzDDnAI4XM5qtwrTDFibY0vLjA0-00314.jpg": {"object_bounding_box": [565, 388, 232, 593], "object_presence": 1}, "P653--embroidery-thread-cone--clutter--m6tR6Nl29VOQp4DPmzDDnAI4XM5qtwrTDFibY0vLjA0-00315.jpg": {"object_bounding_box": [577, 392, 229, 593], "object_presence": 1}, "P653--embroidery-thread-cone--clutter--m6tR6Nl29VOQp4DPmzDDnAI4XM5qtwrTDFibY0vLjA0-00316.jpg": {"object_bounding_box": [581, 395, 230, 593], "object_presence": 1}, "P653--embroidery-thread-cone--clutter--m6tR6Nl29VOQp4DPmzDDnAI4XM5qtwrTDFibY0vLjA0-00317.jpg": {"object_bounding_box": [587, 396, 229, 591], "object_presence": 1}, "P653--embroidery-thread-cone--clutter--m6tR6Nl29VOQp4DPmzDDnAI4XM5qtwrTDFibY0vLjA0-00318.jpg": {"object_bounding_box": [589, 395, 226, 588], "object_presence": 1}, "P653--embroidery-thread-cone--clutter--m6tR6Nl29VOQp4DPmzDDnAI4XM5qtwrTDFibY0vLjA0-00319.jpg": {"object_bounding_box": [589, 394, 229, 588], "object_presence": 1}, "P653--embroidery-thread-cone--clutter--m6tR6Nl29VOQp4DPmzDDnAI4XM5qtwrTDFibY0vLjA0-00320.jpg": {"object_bounding_box": [597, 392, 227, 588], "object_presence": 1}, "P653--embroidery-thread-cone--clutter--m6tR6Nl29VOQp4DPmzDDnAI4XM5qtwrTDFibY0vLjA0-00321.jpg": {"object_bounding_box": [603, 388, 229, 586], "object_presence": 1}, "P653--embroidery-thread-cone--clutter--m6tR6Nl29VOQp4DPmzDDnAI4XM5qtwrTDFibY0vLjA0-00322.jpg": {"object_bounding_box": [613, 387, 223, 586], "object_presence": 1}, "P653--embroidery-thread-cone--clutter--m6tR6Nl29VOQp4DPmzDDnAI4XM5qtwrTDFibY0vLjA0-00323.jpg": {"object_bounding_box": [614, 387, 229, 585], "object_presence": 1}, "P653--embroidery-thread-cone--clutter--m6tR6Nl29VOQp4DPmzDDnAI4XM5qtwrTDFibY0vLjA0-00324.jpg": {"object_bounding_box": [615, 390, 227, 584], "object_presence": 1}, "P653--embroidery-thread-cone--clutter--m6tR6Nl29VOQp4DPmzDDnAI4XM5qtwrTDFibY0vLjA0-00325.jpg": {"object_bounding_box": [614, 389, 227, 583], "object_presence": 1}, "P653--embroidery-thread-cone--clutter--m6tR6Nl29VOQp4DPmzDDnAI4XM5qtwrTDFibY0vLjA0-00326.jpg": {"object_bounding_box": [612, 390, 226, 579], "object_presence": 1}, "P653--embroidery-thread-cone--clutter--m6tR6Nl29VOQp4DPmzDDnAI4XM5qtwrTDFibY0vLjA0-00327.jpg": {"object_bounding_box": [609, 390, 226, 579], "object_presence": 1}, "P653--embroidery-thread-cone--clutter--m6tR6Nl29VOQp4DPmzDDnAI4XM5qtwrTDFibY0vLjA0-00328.jpg": {"object_bounding_box": [614, 392, 218, 577], "object_presence": 1}, "P653--embroidery-thread-cone--clutter--m6tR6Nl29VOQp4DPmzDDnAI4XM5qtwrTDFibY0vLjA0-00329.jpg": {"object_bounding_box": [610, 393, 223, 576], "object_presence": 1}, "P653--embroidery-thread-cone--clutter--m6tR6Nl29VOQp4DPmzDDnAI4XM5qtwrTDFibY0vLjA0-00330.jpg": {"object_bounding_box": [610, 395, 227, 575], "object_presence": 1}, "P653--embroidery-thread-cone--clutter--m6tR6Nl29VOQp4DPmzDDnAI4XM5qtwrTDFibY0vLjA0-00331.jpg": {"object_bounding_box": [611, 397, 229, 575], "object_presence": 1}, "P653--embroidery-thread-cone--clutter--m6tR6Nl29VOQp4DPmzDDnAI4XM5qtwrTDFibY0vLjA0-00332.jpg": {"object_bounding_box": [611, 402, 229, 573], "object_presence": 1}, "P653--embroidery-thread-cone--clutter--m6tR6Nl29VOQp4DPmzDDnAI4XM5qtwrTDFibY0vLjA0-00333.jpg": {"object_bounding_box": [614, 409, 224, 570], "object_presence": 1}, "P653--embroidery-thread-cone--clutter--m6tR6Nl29VOQp4DPmzDDnAI4XM5qtwrTDFibY0vLjA0-00334.jpg": {"object_bounding_box": [614, 412, 224, 568], "object_presence": 1}, "P653--embroidery-thread-cone--clutter--m6tR6Nl29VOQp4DPmzDDnAI4XM5qtwrTDFibY0vLjA0-00335.jpg": {"object_bounding_box": [614, 414, 224, 568], "object_presence": 1}, "P653--embroidery-thread-cone--clutter--m6tR6Nl29VOQp4DPmzDDnAI4XM5qtwrTDFibY0vLjA0-00336.jpg": {"object_bounding_box": [614, 419, 224, 567], "object_presence": 1}, "P653--embroidery-thread-cone--clutter--m6tR6Nl29VOQp4DPmzDDnAI4XM5qtwrTDFibY0vLjA0-00337.jpg": {"object_bounding_box": [614, 424, 224, 566], "object_presence": 1}, "P653--embroidery-thread-cone--clutter--m6tR6Nl29VOQp4DPmzDDnAI4XM5qtwrTDFibY0vLjA0-00338.jpg": {"object_bounding_box": [614, 426, 224, 564], "object_presence": 1}, "P653--embroidery-thread-cone--clutter--m6tR6Nl29VOQp4DPmzDDnAI4XM5qtwrTDFibY0vLjA0-00339.jpg": {"object_bounding_box": [614, 424, 224, 566], "object_presence": 1}, "P653--embroidery-thread-cone--clutter--m6tR6Nl29VOQp4DPmzDDnAI4XM5qtwrTDFibY0vLjA0-00340.jpg": {"object_bounding_box": [612, 421, 225, 569], "object_presence": 1}, "P653--embroidery-thread-cone--clutter--m6tR6Nl29VOQp4DPmzDDnAI4XM5qtwrTDFibY0vLjA0-00341.jpg": {"object_bounding_box": [610, 417, 225, 568], "object_presence": 1}, "P653--embroidery-thread-cone--clutter--m6tR6Nl29VOQp4DPmzDDnAI4XM5qtwrTDFibY0vLjA0-00342.jpg": {"object_bounding_box": [609, 415, 221, 566], "object_presence": 1}, "P653--embroidery-thread-cone--clutter--m6tR6Nl29VOQp4DPmzDDnAI4XM5qtwrTDFibY0vLjA0-00343.jpg": {"object_bounding_box": [604, 417, 223, 563], "object_presence": 1}, "P653--embroidery-thread-cone--clutter--m6tR6Nl29VOQp4DPmzDDnAI4XM5qtwrTDFibY0vLjA0-00344.jpg": {"object_bounding_box": [602, 415, 216, 562], "object_presence": 1}, "P653--embroidery-thread-cone--clutter--m6tR6Nl29VOQp4DPmzDDnAI4XM5qtwrTDFibY0vLjA0-00345.jpg": {"object_bounding_box": [595, 412, 217, 559], "object_presence": 1}, "P653--embroidery-thread-cone--clutter--m6tR6Nl29VOQp4DPmzDDnAI4XM5qtwrTDFibY0vLjA0-00346.jpg": {"object_bounding_box": [594, 414, 215, 558], "object_presence": 1}, "P653--embroidery-thread-cone--clutter--m6tR6Nl29VOQp4DPmzDDnAI4XM5qtwrTDFibY0vLjA0-00347.jpg": {"object_bounding_box": [592, 418, 216, 556], "object_presence": 1}, "P653--embroidery-thread-cone--clutter--m6tR6Nl29VOQp4DPmzDDnAI4XM5qtwrTDFibY0vLjA0-00348.jpg": {"object_bounding_box": [593, 422, 215, 557], "object_presence": 1}, "P653--embroidery-thread-cone--clutter--m6tR6Nl29VOQp4DPmzDDnAI4XM5qtwrTDFibY0vLjA0-00349.jpg": {"object_bounding_box": [593, 429, 215, 555], "object_presence": 1}, "P653--embroidery-thread-cone--clutter--m6tR6Nl29VOQp4DPmzDDnAI4XM5qtwrTDFibY0vLjA0-00350.jpg": {"object_bounding_box": [595, 435, 215, 554], "object_presence": 1}, "P653--embroidery-thread-cone--clutter--m6tR6Nl29VOQp4DPmzDDnAI4XM5qtwrTDFibY0vLjA0-00351.jpg": {"object_bounding_box": [600, 440, 213, 551], "object_presence": 1}, "P653--embroidery-thread-cone--clutter--m6tR6Nl29VOQp4DPmzDDnAI4XM5qtwrTDFibY0vLjA0-00352.jpg": {"object_bounding_box": [600, 447, 213, 552], "object_presence": 1}, "P653--embroidery-thread-cone--clutter--m6tR6Nl29VOQp4DPmzDDnAI4XM5qtwrTDFibY0vLjA0-00353.jpg": {"object_bounding_box": [599, 450, 214, 551], "object_presence": 1}, "P653--embroidery-thread-cone--clutter--m6tR6Nl29VOQp4DPmzDDnAI4XM5qtwrTDFibY0vLjA0-00354.jpg": {"object_bounding_box": [599, 454, 214, 550], "object_presence": 1}, "P653--embroidery-thread-cone--clutter--m6tR6Nl29VOQp4DPmzDDnAI4XM5qtwrTDFibY0vLjA0-00355.jpg": {"object_bounding_box": [599, 456, 214, 548], "object_presence": 1}, "P653--embroidery-thread-cone--clutter--m6tR6Nl29VOQp4DPmzDDnAI4XM5qtwrTDFibY0vLjA0-00356.jpg": {"object_bounding_box": [599, 458, 217, 547], "object_presence": 1}, "P653--embroidery-thread-cone--clutter--m6tR6Nl29VOQp4DPmzDDnAI4XM5qtwrTDFibY0vLjA0-00357.jpg": {"object_bounding_box": [600, 459, 215, 548], "object_presence": 1}, "P653--embroidery-thread-cone--clutter--m6tR6Nl29VOQp4DPmzDDnAI4XM5qtwrTDFibY0vLjA0-00358.jpg": {"object_bounding_box": [598, 460, 213, 548], "object_presence": 1}, "P653--embroidery-thread-cone--clutter--m6tR6Nl29VOQp4DPmzDDnAI4XM5qtwrTDFibY0vLjA0-00359.jpg": {"object_bounding_box": [598, 461, 211, 547], "object_presence": 1}, "P653--embroidery-thread-cone--clutter--m6tR6Nl29VOQp4DPmzDDnAI4XM5qtwrTDFibY0vLjA0-00360.jpg": {"object_bounding_box": [597, 463, 211, 543], "object_presence": 1}, "P653--embroidery-thread-cone--clutter--m6tR6Nl29VOQp4DPmzDDnAI4XM5qtwrTDFibY0vLjA0-00361.jpg": {"object_bounding_box": [593, 460, 212, 546], "object_presence": 1}, "P653--embroidery-thread-cone--clutter--m6tR6Nl29VOQp4DPmzDDnAI4XM5qtwrTDFibY0vLjA0-00362.jpg": {"object_bounding_box": [595, 457, 203, 542], "object_presence": 1}, "P653--embroidery-thread-cone--clutter--m6tR6Nl29VOQp4DPmzDDnAI4XM5qtwrTDFibY0vLjA0-00363.jpg": {"object_bounding_box": [586, 448, 210, 542], "object_presence": 1}, "P653--embroidery-thread-cone--clutter--m6tR6Nl29VOQp4DPmzDDnAI4XM5qtwrTDFibY0vLjA0-00364.jpg": {"object_bounding_box": [581, 441, 214, 539], "object_presence": 1}, "P653--embroidery-thread-cone--clutter--m6tR6Nl29VOQp4DPmzDDnAI4XM5qtwrTDFibY0vLjA0-00365.jpg": {"object_bounding_box": [586, 438, 201, 537], "object_presence": 1}, "P653--embroidery-thread-cone--clutter--m6tR6Nl29VOQp4DPmzDDnAI4XM5qtwrTDFibY0vLjA0-00366.jpg": {"object_bounding_box": [577, 430, 206, 536], "object_presence": 1}, "P653--embroidery-thread-cone--clutter--m6tR6Nl29VOQp4DPmzDDnAI4XM5qtwrTDFibY0vLjA0-00367.jpg": {"object_bounding_box": [583, 427, 201, 535], "object_presence": 1}, "P653--embroidery-thread-cone--clutter--m6tR6Nl29VOQp4DPmzDDnAI4XM5qtwrTDFibY0vLjA0-00368.jpg": {"object_bounding_box": [579, 429, 206, 534], "object_presence": 1}, "P653--embroidery-thread-cone--clutter--m6tR6Nl29VOQp4DPmzDDnAI4XM5qtwrTDFibY0vLjA0-00369.jpg": {"object_bounding_box": [582, 428, 207, 533], "object_presence": 1}, "P653--embroidery-thread-cone--clutter--m6tR6Nl29VOQp4DPmzDDnAI4XM5qtwrTDFibY0vLjA0-00370.jpg": {"object_bounding_box": [581, 427, 210, 532], "object_presence": 1}, "P653--embroidery-thread-cone--clutter--m6tR6Nl29VOQp4DPmzDDnAI4XM5qtwrTDFibY0vLjA0-00371.jpg": {"object_bounding_box": [583, 429, 207, 531], "object_presence": 1}, "P653--embroidery-thread-cone--clutter--m6tR6Nl29VOQp4DPmzDDnAI4XM5qtwrTDFibY0vLjA0-00372.jpg": {"object_bounding_box": [585, 433, 202, 529], "object_presence": 1}, "P653--embroidery-thread-cone--clutter--m6tR6Nl29VOQp4DPmzDDnAI4XM5qtwrTDFibY0vLjA0-00373.jpg": {"object_bounding_box": [585, 435, 202, 529], "object_presence": 1}, "P653--embroidery-thread-cone--clutter--m6tR6Nl29VOQp4DPmzDDnAI4XM5qtwrTDFibY0vLjA0-00374.jpg": {"object_bounding_box": [581, 434, 206, 529], "object_presence": 1}, "P653--embroidery-thread-cone--clutter--m6tR6Nl29VOQp4DPmzDDnAI4XM5qtwrTDFibY0vLjA0-00375.jpg": {"object_bounding_box": [582, 431, 208, 527], "object_presence": 1}, "P653--embroidery-thread-cone--clutter--m6tR6Nl29VOQp4DPmzDDnAI4XM5qtwrTDFibY0vLjA0-00376.jpg": {"object_bounding_box": [581, 431, 204, 524], "object_presence": 1}, "P653--embroidery-thread-cone--clutter--m6tR6Nl29VOQp4DPmzDDnAI4XM5qtwrTDFibY0vLjA0-00377.jpg": {"object_bounding_box": [580, 428, 206, 524], "object_presence": 1}, "P653--embroidery-thread-cone--clutter--m6tR6Nl29VOQp4DPmzDDnAI4XM5qtwrTDFibY0vLjA0-00378.jpg": {"object_bounding_box": [581, 425, 203, 522], "object_presence": 1}, "P653--embroidery-thread-cone--clutter--m6tR6Nl29VOQp4DPmzDDnAI4XM5qtwrTDFibY0vLjA0-00379.jpg": {"object_bounding_box": [581, 425, 203, 520], "object_presence": 1}, "P653--embroidery-thread-cone--clutter--m6tR6Nl29VOQp4DPmzDDnAI4XM5qtwrTDFibY0vLjA0-00380.jpg": {"object_bounding_box": [583, 426, 200, 520], "object_presence": 1}, "P653--embroidery-thread-cone--clutter--m6tR6Nl29VOQp4DPmzDDnAI4XM5qtwrTDFibY0vLjA0-00381.jpg": {"object_bounding_box": [585, 425, 201, 520], "object_presence": 1}, "P653--embroidery-thread-cone--clutter--m6tR6Nl29VOQp4DPmzDDnAI4XM5qtwrTDFibY0vLjA0-00382.jpg": {"object_bounding_box": [587, 422, 203, 519], "object_presence": 1}, "P653--embroidery-thread-cone--clutter--m6tR6Nl29VOQp4DPmzDDnAI4XM5qtwrTDFibY0vLjA0-00383.jpg": {"object_bounding_box": [587, 423, 207, 520], "object_presence": 1}, "P653--embroidery-thread-cone--clutter--m6tR6Nl29VOQp4DPmzDDnAI4XM5qtwrTDFibY0vLjA0-00384.jpg": {"object_bounding_box": [594, 423, 202, 520], "object_presence": 1}, "P653--embroidery-thread-cone--clutter--m6tR6Nl29VOQp4DPmzDDnAI4XM5qtwrTDFibY0vLjA0-00385.jpg": {"object_bounding_box": [598, 424, 202, 519], "object_presence": 1}, "P653--embroidery-thread-cone--clutter--m6tR6Nl29VOQp4DPmzDDnAI4XM5qtwrTDFibY0vLjA0-00386.jpg": {"object_bounding_box": [596, 420, 208, 519], "object_presence": 1}, "P653--embroidery-thread-cone--clutter--m6tR6Nl29VOQp4DPmzDDnAI4XM5qtwrTDFibY0vLjA0-00387.jpg": {"object_bounding_box": [599, 419, 201, 516], "object_presence": 1}, "P653--embroidery-thread-cone--clutter--m6tR6Nl29VOQp4DPmzDDnAI4XM5qtwrTDFibY0vLjA0-00388.jpg": {"object_bounding_box": [600, 422, 201, 513], "object_presence": 1}, "P653--embroidery-thread-cone--clutter--m6tR6Nl29VOQp4DPmzDDnAI4XM5qtwrTDFibY0vLjA0-00389.jpg": {"object_bounding_box": [602, 421, 201, 515], "object_presence": 1}, "P653--embroidery-thread-cone--clutter--m6tR6Nl29VOQp4DPmzDDnAI4XM5qtwrTDFibY0vLjA0-00390.jpg": {"object_bounding_box": [600, 423, 200, 514], "object_presence": 1}, "P653--embroidery-thread-cone--clutter--m6tR6Nl29VOQp4DPmzDDnAI4XM5qtwrTDFibY0vLjA0-00391.jpg": {"object_bounding_box": [600, 425, 200, 511], "object_presence": 1}, "P653--embroidery-thread-cone--clutter--m6tR6Nl29VOQp4DPmzDDnAI4XM5qtwrTDFibY0vLjA0-00392.jpg": {"object_bounding_box": [602, 424, 199, 511], "object_presence": 1}, "P653--embroidery-thread-cone--clutter--m6tR6Nl29VOQp4DPmzDDnAI4XM5qtwrTDFibY0vLjA0-00393.jpg": {"object_bounding_box": [603, 424, 199, 513], "object_presence": 1}, "P653--embroidery-thread-cone--clutter--m6tR6Nl29VOQp4DPmzDDnAI4XM5qtwrTDFibY0vLjA0-00394.jpg": {"object_bounding_box": [602, 422, 198, 512], "object_presence": 1}, "P653--embroidery-thread-cone--clutter--m6tR6Nl29VOQp4DPmzDDnAI4XM5qtwrTDFibY0vLjA0-00395.jpg": {"object_bounding_box": [600, 421, 198, 510], "object_presence": 1}, "P653--embroidery-thread-cone--clutter--m6tR6Nl29VOQp4DPmzDDnAI4XM5qtwrTDFibY0vLjA0-00396.jpg": {"object_bounding_box": [593, 417, 202, 511], "object_presence": 1}, "P653--embroidery-thread-cone--clutter--m6tR6Nl29VOQp4DPmzDDnAI4XM5qtwrTDFibY0vLjA0-00397.jpg": {"object_bounding_box": [597, 417, 196, 509], "object_presence": 1}, "P653--embroidery-thread-cone--clutter--m6tR6Nl29VOQp4DPmzDDnAI4XM5qtwrTDFibY0vLjA0-00398.jpg": {"object_bounding_box": [594, 420, 200, 508], "object_presence": 1}, "P653--embroidery-thread-cone--clutter--m6tR6Nl29VOQp4DPmzDDnAI4XM5qtwrTDFibY0vLjA0-00399.jpg": {"object_bounding_box": [592, 420, 198, 509], "object_presence": 1}, "P653--embroidery-thread-cone--clutter--m6tR6Nl29VOQp4DPmzDDnAI4XM5qtwrTDFibY0vLjA0-00400.jpg": {"object_bounding_box": [587, 420, 204, 508], "object_presence": 1}, "P653--embroidery-thread-cone--clutter--m6tR6Nl29VOQp4DPmzDDnAI4XM5qtwrTDFibY0vLjA0-00401.jpg": {"object_bounding_box": [588, 422, 200, 507], "object_presence": 1}, "P653--embroidery-thread-cone--clutter--m6tR6Nl29VOQp4DPmzDDnAI4XM5qtwrTDFibY0vLjA0-00402.jpg": {"object_bounding_box": [595, 428, 201, 507], "object_presence": 1}, "P653--embroidery-thread-cone--clutter--m6tR6Nl29VOQp4DPmzDDnAI4XM5qtwrTDFibY0vLjA0-00403.jpg": {"object_bounding_box": [635, 444, 214, 515], "object_presence": 1}, "P653--embroidery-thread-cone--clutter--m6tR6Nl29VOQp4DPmzDDnAI4XM5qtwrTDFibY0vLjA0-00404.jpg": {"object_bounding_box": [632, 448, 207, 518], "object_presence": 1}, "P653--embroidery-thread-cone--clutter--m6tR6Nl29VOQp4DPmzDDnAI4XM5qtwrTDFibY0vLjA0-00405.jpg": {"object_bounding_box": [629, 443, 203, 514], "object_presence": 1}, "P653--embroidery-thread-cone--clutter--m6tR6Nl29VOQp4DPmzDDnAI4XM5qtwrTDFibY0vLjA0-00406.jpg": {"object_bounding_box": [631, 441, 201, 513], "object_presence": 1}, "P653--embroidery-thread-cone--clutter--m6tR6Nl29VOQp4DPmzDDnAI4XM5qtwrTDFibY0vLjA0-00407.jpg": {"object_bounding_box": [636, 455, 202, 510], "object_presence": 1}, "P653--embroidery-thread-cone--clutter--m6tR6Nl29VOQp4DPmzDDnAI4XM5qtwrTDFibY0vLjA0-00408.jpg": {"object_bounding_box": [661, 474, 200, 515], "object_presence": 1}, "P653--embroidery-thread-cone--clutter--m6tR6Nl29VOQp4DPmzDDnAI4XM5qtwrTDFibY0vLjA0-00409.jpg": {"object_bounding_box": [660, 473, 205, 516], "object_presence": 1}, "P653--embroidery-thread-cone--clutter--m6tR6Nl29VOQp4DPmzDDnAI4XM5qtwrTDFibY0vLjA0-00410.jpg": {"object_bounding_box": [646, 457, 203, 521], "object_presence": 1}, "P653--embroidery-thread-cone--clutter--m6tR6Nl29VOQp4DPmzDDnAI4XM5qtwrTDFibY0vLjA0-00411.jpg": {"object_bounding_box": [622, 446, 210, 520], "object_presence": 1}, "P653--embroidery-thread-cone--clutter--m6tR6Nl29VOQp4DPmzDDnAI4XM5qtwrTDFibY0vLjA0-00412.jpg": {"object_bounding_box": [612, 441, 201, 514], "object_presence": 1}, "P653--embroidery-thread-cone--clutter--m6tR6Nl29VOQp4DPmzDDnAI4XM5qtwrTDFibY0vLjA0-00413.jpg": {"object_bounding_box": [599, 441, 199, 512], "object_presence": 1}, "P653--embroidery-thread-cone--clutter--m6tR6Nl29VOQp4DPmzDDnAI4XM5qtwrTDFibY0vLjA0-00414.jpg": {"object_bounding_box": [589, 439, 201, 512], "object_presence": 1}}