{"P653--money-clip--clutter--_IL-8oSOpA6Qnw8PoU-iKmh5rn-FUjtGgbeT-V1_RCM-00001.jpg": {"object_bounding_box": [303, 873, 376, 207], "object_presence": 1}, "P653--money-clip--clutter--_IL-8oSOpA6Qnw8PoU-iKmh5rn-FUjtGgbeT-V1_RCM-00002.jpg": {"object_bounding_box": [312, 877, 376, 203], "object_presence": 1}, "P653--money-clip--clutter--_IL-8oSOpA6Qnw8PoU-iKmh5rn-FUjtGgbeT-V1_RCM-00003.jpg": {"object_bounding_box": [350, 889, 369, 191], "object_presence": 1}, "P653--money-clip--clutter--_IL-8oSOpA6Qnw8PoU-iKmh5rn-FUjtGgbeT-V1_RCM-00004.jpg": {"object_bounding_box": [377, 893, 368, 187], "object_presence": 1}, "P653--money-clip--clutter--_IL-8oSOpA6Qnw8PoU-iKmh5rn-FUjtGgbeT-V1_RCM-00005.jpg": {"object_bounding_box": [400, 905, 340, 175], "object_presence": 1}, "P653--money-clip--clutter--_IL-8oSOpA6Qnw8PoU-iKmh5rn-FUjtGgbeT-V1_RCM-00006.jpg": {"object_bounding_box": [411, 917, 323, 163], "object_presence": 1}, "P653--money-clip--clutter--_IL-8oSOpA6Qnw8PoU-iKmh5rn-FUjtGgbeT-V1_RCM-00007.jpg": {"object_bounding_box": [417, 918, 319, 162], "object_presence": 1}, "P653--money-clip--clutter--_IL-8oSOpA6Qnw8PoU-iKmh5rn-FUjtGgbeT-V1_RCM-00008.jpg": {"object_bounding_box": [417, 915, 322, 165], "object_presence": 1}, "P653--money-clip--clutter--_IL-8oSOpA6Qnw8PoU-iKmh5rn-FUjtGgbeT-V1_RCM-00009.jpg": {"object_bounding_box": [413, 902, 334, 178], "object_presence": 1}, "P653--money-clip--clutter--_IL-8oSOpA6Qnw8PoU-iKmh5rn-FUjtGgbeT-V1_RCM-00010.jpg": {"object_bounding_box": [352, 877, 372, 203], "object_presence": 1}, "P653--money-clip--clutter--_IL-8oSOpA6Qnw8PoU-iKmh5rn-FUjtGgbeT-V1_RCM-00011.jpg": {"object_bounding_box": [336, 871, 366, 209], "object_presence": 1}, "P653--money-clip--clutter--_IL-8oSOpA6Qnw8PoU-iKmh5rn-FUjtGgbeT-V1_RCM-00012.jpg": {"object_bounding_box": [329, 877, 360, 203], "object_presence": 1}, "P653--money-clip--clutter--_IL-8oSOpA6Qnw8PoU-iKmh5rn-FUjtGgbeT-V1_RCM-00013.jpg": {"object_bounding_box": [298, 878, 355, 202], "object_presence": 1}, "P653--money-clip--clutter--_IL-8oSOpA6Qnw8PoU-iKmh5rn-FUjtGgbeT-V1_RCM-00014.jpg": {"object_bounding_box": [264, 896, 330, 184], "object_presence": 1}, "P653--money-clip--clutter--_IL-8oSOpA6Qnw8PoU-iKmh5rn-FUjtGgbeT-V1_RCM-00015.jpg": {"object_bounding_box": [250, 916, 335, 164], "object_presence": 1}, "P653--money-clip--clutter--_IL-8oSOpA6Qnw8PoU-iKmh5rn-FUjtGgbeT-V1_RCM-00016.jpg": {"object_bounding_box": [230, 910, 332, 170], "object_presence": 1}, "P653--money-clip--clutter--_IL-8oSOpA6Qnw8PoU-iKmh5rn-FUjtGgbeT-V1_RCM-00017.jpg": {"object_bounding_box": [216, 902, 335, 178], "object_presence": 1}, "P653--money-clip--clutter--_IL-8oSOpA6Qnw8PoU-iKmh5rn-FUjtGgbeT-V1_RCM-00018.jpg": {"object_bounding_box": [203, 897, 343, 183], "object_presence": 1}, "P653--money-clip--clutter--_IL-8oSOpA6Qnw8PoU-iKmh5rn-FUjtGgbeT-V1_RCM-00019.jpg": {"object_bounding_box": [215, 895, 324, 185], "object_presence": 1}, "P653--money-clip--clutter--_IL-8oSOpA6Qnw8PoU-iKmh5rn-FUjtGgbeT-V1_RCM-00020.jpg": {"object_bounding_box": [223, 904, 321, 176], "object_presence": 1}, "P653--money-clip--clutter--_IL-8oSOpA6Qnw8PoU-iKmh5rn-FUjtGgbeT-V1_RCM-00021.jpg": {"object_bounding_box": [244, 915, 317, 165], "object_presence": 1}, "P653--money-clip--clutter--_IL-8oSOpA6Qnw8PoU-iKmh5rn-FUjtGgbeT-V1_RCM-00022.jpg": {"object_bounding_box": [254, 930, 292, 150], "object_presence": 1}, "P653--money-clip--clutter--_IL-8oSOpA6Qnw8PoU-iKmh5rn-FUjtGgbeT-V1_RCM-00023.jpg": {"object_bounding_box": [270, 943, 274, 137], "object_presence": 1}, "P653--money-clip--clutter--_IL-8oSOpA6Qnw8PoU-iKmh5rn-FUjtGgbeT-V1_RCM-00024.jpg": {"object_bounding_box": [298, 963, 227, 117], "object_presence": 1}, "P653--money-clip--clutter--_IL-8oSOpA6Qnw8PoU-iKmh5rn-FUjtGgbeT-V1_RCM-00025.jpg": {"object_bounding_box": [318, 985, 197, 95], "object_presence": 1}, "P653--money-clip--clutter--_IL-8oSOpA6Qnw8PoU-iKmh5rn-FUjtGgbeT-V1_RCM-00026.jpg": {"object_bounding_box": [349, 1001, 153, 79], "object_presence": 1}, "P653--money-clip--clutter--_IL-8oSOpA6Qnw8PoU-iKmh5rn-FUjtGgbeT-V1_RCM-00027.jpg": {"object_bounding_box": [363, 1015, 133, 65], "object_presence": 1}, "P653--money-clip--clutter--_IL-8oSOpA6Qnw8PoU-iKmh5rn-FUjtGgbeT-V1_RCM-00028.jpg": {"object_bounding_box": [367, 1023, 118, 57], "object_presence": 1}, "P653--money-clip--clutter--_IL-8oSOpA6Qnw8PoU-iKmh5rn-FUjtGgbeT-V1_RCM-00029.jpg": {"object_bounding_box": [368, 1023, 115, 57], "object_presence": 1}, "P653--money-clip--clutter--_IL-8oSOpA6Qnw8PoU-iKmh5rn-FUjtGgbeT-V1_RCM-00030.jpg": {"object_bounding_box": [369, 1023, 117, 57], "object_presence": 1}, "P653--money-clip--clutter--_IL-8oSOpA6Qnw8PoU-iKmh5rn-FUjtGgbeT-V1_RCM-00031.jpg": {"object_bounding_box": [367, 1018, 125, 62], "object_presence": 1}, "P653--money-clip--clutter--_IL-8oSOpA6Qnw8PoU-iKmh5rn-FUjtGgbeT-V1_RCM-00032.jpg": {"object_bounding_box": [363, 1010, 130, 70], "object_presence": 1}, "P653--money-clip--clutter--_IL-8oSOpA6Qnw8PoU-iKmh5rn-FUjtGgbeT-V1_RCM-00033.jpg": {"object_bounding_box": [359, 996, 161, 84], "object_presence": 1}, "P653--money-clip--clutter--_IL-8oSOpA6Qnw8PoU-iKmh5rn-FUjtGgbeT-V1_RCM-00034.jpg": {"object_bounding_box": [348, 981, 198, 99], "object_presence": 1}, "P653--money-clip--clutter--_IL-8oSOpA6Qnw8PoU-iKmh5rn-FUjtGgbeT-V1_RCM-00035.jpg": {"object_bounding_box": [327, 963, 237, 117], "object_presence": 1}, "P653--money-clip--clutter--_IL-8oSOpA6Qnw8PoU-iKmh5rn-FUjtGgbeT-V1_RCM-00036.jpg": {"object_bounding_box": [324, 953, 250, 127], "object_presence": 1}, "P653--money-clip--clutter--_IL-8oSOpA6Qnw8PoU-iKmh5rn-FUjtGgbeT-V1_RCM-00037.jpg": {"object_bounding_box": [318, 938, 256, 142], "object_presence": 1}, "P653--money-clip--clutter--_IL-8oSOpA6Qnw8PoU-iKmh5rn-FUjtGgbeT-V1_RCM-00038.jpg": {"object_bounding_box": [320, 923, 253, 157], "object_presence": 1}, "P653--money-clip--clutter--_IL-8oSOpA6Qnw8PoU-iKmh5rn-FUjtGgbeT-V1_RCM-00039.jpg": {"object_bounding_box": [325, 913, 268, 167], "object_presence": 1}, "P653--money-clip--clutter--_IL-8oSOpA6Qnw8PoU-iKmh5rn-FUjtGgbeT-V1_RCM-00040.jpg": {"object_bounding_box": [328, 903, 267, 177], "object_presence": 1}, "P653--money-clip--clutter--_IL-8oSOpA6Qnw8PoU-iKmh5rn-FUjtGgbeT-V1_RCM-00041.jpg": {"object_bounding_box": [334, 901, 267, 179], "object_presence": 1}, "P653--money-clip--clutter--_IL-8oSOpA6Qnw8PoU-iKmh5rn-FUjtGgbeT-V1_RCM-00042.jpg": {"object_bounding_box": [342, 905, 267, 175], "object_presence": 1}, "P653--money-clip--clutter--_IL-8oSOpA6Qnw8PoU-iKmh5rn-FUjtGgbeT-V1_RCM-00043.jpg": {"object_bounding_box": [361, 909, 261, 171], "object_presence": 1}, "P653--money-clip--clutter--_IL-8oSOpA6Qnw8PoU-iKmh5rn-FUjtGgbeT-V1_RCM-00044.jpg": {"object_bounding_box": [373, 914, 257, 166], "object_presence": 1}, "P653--money-clip--clutter--_IL-8oSOpA6Qnw8PoU-iKmh5rn-FUjtGgbeT-V1_RCM-00045.jpg": {"object_bounding_box": [389, 927, 243, 153], "object_presence": 1}, "P653--money-clip--clutter--_IL-8oSOpA6Qnw8PoU-iKmh5rn-FUjtGgbeT-V1_RCM-00046.jpg": {"object_bounding_box": [405, 941, 239, 139], "object_presence": 1}, "P653--money-clip--clutter--_IL-8oSOpA6Qnw8PoU-iKmh5rn-FUjtGgbeT-V1_RCM-00047.jpg": {"object_bounding_box": [424, 947, 228, 133], "object_presence": 1}, "P653--money-clip--clutter--_IL-8oSOpA6Qnw8PoU-iKmh5rn-FUjtGgbeT-V1_RCM-00048.jpg": {"object_bounding_box": [434, 957, 224, 123], "object_presence": 1}, "P653--money-clip--clutter--_IL-8oSOpA6Qnw8PoU-iKmh5rn-FUjtGgbeT-V1_RCM-00049.jpg": {"object_bounding_box": [441, 966, 216, 114], "object_presence": 1}, "P653--money-clip--clutter--_IL-8oSOpA6Qnw8PoU-iKmh5rn-FUjtGgbeT-V1_RCM-00050.jpg": {"object_bounding_box": [449, 973, 208, 107], "object_presence": 1}, "P653--money-clip--clutter--_IL-8oSOpA6Qnw8PoU-iKmh5rn-FUjtGgbeT-V1_RCM-00051.jpg": {"object_bounding_box": [449, 978, 205, 102], "object_presence": 1}, "P653--money-clip--clutter--_IL-8oSOpA6Qnw8PoU-iKmh5rn-FUjtGgbeT-V1_RCM-00052.jpg": {"object_bounding_box": [449, 982, 198, 98], "object_presence": 1}, "P653--money-clip--clutter--_IL-8oSOpA6Qnw8PoU-iKmh5rn-FUjtGgbeT-V1_RCM-00053.jpg": {"object_bounding_box": [445, 984, 196, 96], "object_presence": 1}, "P653--money-clip--clutter--_IL-8oSOpA6Qnw8PoU-iKmh5rn-FUjtGgbeT-V1_RCM-00054.jpg": {"object_bounding_box": [435, 983, 197, 97], "object_presence": 1}, "P653--money-clip--clutter--_IL-8oSOpA6Qnw8PoU-iKmh5rn-FUjtGgbeT-V1_RCM-00055.jpg": {"object_bounding_box": [427, 980, 200, 100], "object_presence": 1}, "P653--money-clip--clutter--_IL-8oSOpA6Qnw8PoU-iKmh5rn-FUjtGgbeT-V1_RCM-00056.jpg": {"object_bounding_box": [420, 978, 194, 102], "object_presence": 1}, "P653--money-clip--clutter--_IL-8oSOpA6Qnw8PoU-iKmh5rn-FUjtGgbeT-V1_RCM-00057.jpg": {"object_bounding_box": [418, 975, 198, 105], "object_presence": 1}, "P653--money-clip--clutter--_IL-8oSOpA6Qnw8PoU-iKmh5rn-FUjtGgbeT-V1_RCM-00058.jpg": {"object_bounding_box": [421, 973, 197, 107], "object_presence": 1}, "P653--money-clip--clutter--_IL-8oSOpA6Qnw8PoU-iKmh5rn-FUjtGgbeT-V1_RCM-00059.jpg": {"object_bounding_box": [412, 972, 194, 108], "object_presence": 1}, "P653--money-clip--clutter--_IL-8oSOpA6Qnw8PoU-iKmh5rn-FUjtGgbeT-V1_RCM-00060.jpg": {"object_bounding_box": [409, 968, 195, 112], "object_presence": 1}, "P653--money-clip--clutter--_IL-8oSOpA6Qnw8PoU-iKmh5rn-FUjtGgbeT-V1_RCM-00061.jpg": {"object_bounding_box": [413, 965, 194, 115], "object_presence": 1}, "P653--money-clip--clutter--_IL-8oSOpA6Qnw8PoU-iKmh5rn-FUjtGgbeT-V1_RCM-00062.jpg": {"object_bounding_box": [413, 959, 198, 121], "object_presence": 1}, "P653--money-clip--clutter--_IL-8oSOpA6Qnw8PoU-iKmh5rn-FUjtGgbeT-V1_RCM-00063.jpg": {"object_bounding_box": [409, 959, 195, 121], "object_presence": 1}, "P653--money-clip--clutter--_IL-8oSOpA6Qnw8PoU-iKmh5rn-FUjtGgbeT-V1_RCM-00064.jpg": {"object_bounding_box": [409, 963, 193, 117], "object_presence": 1}, "P653--money-clip--clutter--_IL-8oSOpA6Qnw8PoU-iKmh5rn-FUjtGgbeT-V1_RCM-00065.jpg": {"object_bounding_box": [417, 963, 196, 117], "object_presence": 1}, "P653--money-clip--clutter--_IL-8oSOpA6Qnw8PoU-iKmh5rn-FUjtGgbeT-V1_RCM-00066.jpg": {"object_bounding_box": [421, 968, 185, 112], "object_presence": 1}, "P653--money-clip--clutter--_IL-8oSOpA6Qnw8PoU-iKmh5rn-FUjtGgbeT-V1_RCM-00067.jpg": {"object_bounding_box": [429, 969, 183, 111], "object_presence": 1}, "P653--money-clip--clutter--_IL-8oSOpA6Qnw8PoU-iKmh5rn-FUjtGgbeT-V1_RCM-00068.jpg": {"object_bounding_box": [425, 969, 181, 111], "object_presence": 1}, "P653--money-clip--clutter--_IL-8oSOpA6Qnw8PoU-iKmh5rn-FUjtGgbeT-V1_RCM-00069.jpg": {"object_bounding_box": [426, 967, 181, 113], "object_presence": 1}, "P653--money-clip--clutter--_IL-8oSOpA6Qnw8PoU-iKmh5rn-FUjtGgbeT-V1_RCM-00070.jpg": {"object_bounding_box": [426, 963, 183, 117], "object_presence": 1}, "P653--money-clip--clutter--_IL-8oSOpA6Qnw8PoU-iKmh5rn-FUjtGgbeT-V1_RCM-00071.jpg": {"object_bounding_box": [424, 960, 185, 120], "object_presence": 1}, "P653--money-clip--clutter--_IL-8oSOpA6Qnw8PoU-iKmh5rn-FUjtGgbeT-V1_RCM-00072.jpg": {"object_bounding_box": [425, 960, 183, 120], "object_presence": 1}, "P653--money-clip--clutter--_IL-8oSOpA6Qnw8PoU-iKmh5rn-FUjtGgbeT-V1_RCM-00073.jpg": {"object_bounding_box": [421, 954, 187, 126], "object_presence": 1}, "P653--money-clip--clutter--_IL-8oSOpA6Qnw8PoU-iKmh5rn-FUjtGgbeT-V1_RCM-00074.jpg": {"object_bounding_box": [423, 951, 190, 129], "object_presence": 1}, "P653--money-clip--clutter--_IL-8oSOpA6Qnw8PoU-iKmh5rn-FUjtGgbeT-V1_RCM-00075.jpg": {"object_bounding_box": [425, 954, 188, 126], "object_presence": 1}, "P653--money-clip--clutter--_IL-8oSOpA6Qnw8PoU-iKmh5rn-FUjtGgbeT-V1_RCM-00076.jpg": {"object_bounding_box": [425, 954, 183, 126], "object_presence": 1}, "P653--money-clip--clutter--_IL-8oSOpA6Qnw8PoU-iKmh5rn-FUjtGgbeT-V1_RCM-00077.jpg": {"object_bounding_box": [428, 956, 184, 124], "object_presence": 1}, "P653--money-clip--clutter--_IL-8oSOpA6Qnw8PoU-iKmh5rn-FUjtGgbeT-V1_RCM-00078.jpg": {"object_bounding_box": [429, 958, 181, 122], "object_presence": 1}, "P653--money-clip--clutter--_IL-8oSOpA6Qnw8PoU-iKmh5rn-FUjtGgbeT-V1_RCM-00079.jpg": {"object_bounding_box": [425, 957, 181, 123], "object_presence": 1}, "P653--money-clip--clutter--_IL-8oSOpA6Qnw8PoU-iKmh5rn-FUjtGgbeT-V1_RCM-00080.jpg": {"object_bounding_box": [424, 962, 177, 118], "object_presence": 1}, "P653--money-clip--clutter--_IL-8oSOpA6Qnw8PoU-iKmh5rn-FUjtGgbeT-V1_RCM-00081.jpg": {"object_bounding_box": [424, 963, 174, 117], "object_presence": 1}, "P653--money-clip--clutter--_IL-8oSOpA6Qnw8PoU-iKmh5rn-FUjtGgbeT-V1_RCM-00082.jpg": {"object_bounding_box": [420, 962, 176, 118], "object_presence": 1}, "P653--money-clip--clutter--_IL-8oSOpA6Qnw8PoU-iKmh5rn-FUjtGgbeT-V1_RCM-00083.jpg": {"object_bounding_box": [413, 965, 172, 115], "object_presence": 1}, "P653--money-clip--clutter--_IL-8oSOpA6Qnw8PoU-iKmh5rn-FUjtGgbeT-V1_RCM-00084.jpg": {"object_bounding_box": [411, 964, 173, 116], "object_presence": 1}, "P653--money-clip--clutter--_IL-8oSOpA6Qnw8PoU-iKmh5rn-FUjtGgbeT-V1_RCM-00085.jpg": {"object_bounding_box": [409, 961, 173, 119], "object_presence": 1}, "P653--money-clip--clutter--_IL-8oSOpA6Qnw8PoU-iKmh5rn-FUjtGgbeT-V1_RCM-00086.jpg": {"object_bounding_box": [402, 963, 173, 117], "object_presence": 1}, "P653--money-clip--clutter--_IL-8oSOpA6Qnw8PoU-iKmh5rn-FUjtGgbeT-V1_RCM-00087.jpg": {"object_bounding_box": [400, 960, 174, 120], "object_presence": 1}, "P653--money-clip--clutter--_IL-8oSOpA6Qnw8PoU-iKmh5rn-FUjtGgbeT-V1_RCM-00088.jpg": {"object_bounding_box": [405, 955, 178, 125], "object_presence": 1}, "P653--money-clip--clutter--_IL-8oSOpA6Qnw8PoU-iKmh5rn-FUjtGgbeT-V1_RCM-00089.jpg": {"object_bounding_box": [405, 952, 177, 128], "object_presence": 1}, "P653--money-clip--clutter--_IL-8oSOpA6Qnw8PoU-iKmh5rn-FUjtGgbeT-V1_RCM-00090.jpg": {"object_bounding_box": [404, 950, 177, 130], "object_presence": 1}, "P653--money-clip--clutter--_IL-8oSOpA6Qnw8PoU-iKmh5rn-FUjtGgbeT-V1_RCM-00091.jpg": {"object_bounding_box": [408, 947, 179, 133], "object_presence": 1}, "P653--money-clip--clutter--_IL-8oSOpA6Qnw8PoU-iKmh5rn-FUjtGgbeT-V1_RCM-00092.jpg": {"object_bounding_box": [412, 947, 178, 133], "object_presence": 1}, "P653--money-clip--clutter--_IL-8oSOpA6Qnw8PoU-iKmh5rn-FUjtGgbeT-V1_RCM-00093.jpg": {"object_bounding_box": [413, 945, 179, 135], "object_presence": 1}, "P653--money-clip--clutter--_IL-8oSOpA6Qnw8PoU-iKmh5rn-FUjtGgbeT-V1_RCM-00094.jpg": {"object_bounding_box": [416, 946, 178, 134], "object_presence": 1}, "P653--money-clip--clutter--_IL-8oSOpA6Qnw8PoU-iKmh5rn-FUjtGgbeT-V1_RCM-00095.jpg": {"object_bounding_box": [416, 949, 178, 131], "object_presence": 1}, "P653--money-clip--clutter--_IL-8oSOpA6Qnw8PoU-iKmh5rn-FUjtGgbeT-V1_RCM-00096.jpg": {"object_bounding_box": [417, 955, 174, 125], "object_presence": 1}, "P653--money-clip--clutter--_IL-8oSOpA6Qnw8PoU-iKmh5rn-FUjtGgbeT-V1_RCM-00097.jpg": {"object_bounding_box": [414, 958, 171, 122], "object_presence": 1}, "P653--money-clip--clutter--_IL-8oSOpA6Qnw8PoU-iKmh5rn-FUjtGgbeT-V1_RCM-00098.jpg": {"object_bounding_box": [410, 961, 170, 119], "object_presence": 1}, "P653--money-clip--clutter--_IL-8oSOpA6Qnw8PoU-iKmh5rn-FUjtGgbeT-V1_RCM-00099.jpg": {"object_bounding_box": [406, 965, 163, 115], "object_presence": 1}, "P653--money-clip--clutter--_IL-8oSOpA6Qnw8PoU-iKmh5rn-FUjtGgbeT-V1_RCM-00100.jpg": {"object_bounding_box": [403, 967, 159, 113], "object_presence": 1}, "P653--money-clip--clutter--_IL-8oSOpA6Qnw8PoU-iKmh5rn-FUjtGgbeT-V1_RCM-00101.jpg": {"object_bounding_box": [403, 970, 157, 110], "object_presence": 1}, "P653--money-clip--clutter--_IL-8oSOpA6Qnw8PoU-iKmh5rn-FUjtGgbeT-V1_RCM-00102.jpg": {"object_bounding_box": [399, 970, 157, 110], "object_presence": 1}, "P653--money-clip--clutter--_IL-8oSOpA6Qnw8PoU-iKmh5rn-FUjtGgbeT-V1_RCM-00103.jpg": {"object_bounding_box": [394, 970, 155, 110], "object_presence": 1}, "P653--money-clip--clutter--_IL-8oSOpA6Qnw8PoU-iKmh5rn-FUjtGgbeT-V1_RCM-00104.jpg": {"object_bounding_box": [387, 967, 159, 113], "object_presence": 1}, "P653--money-clip--clutter--_IL-8oSOpA6Qnw8PoU-iKmh5rn-FUjtGgbeT-V1_RCM-00105.jpg": {"object_bounding_box": [382, 963, 158, 117], "object_presence": 1}, "P653--money-clip--clutter--_IL-8oSOpA6Qnw8PoU-iKmh5rn-FUjtGgbeT-V1_RCM-00106.jpg": {"object_bounding_box": [379, 959, 160, 121], "object_presence": 1}, "P653--money-clip--clutter--_IL-8oSOpA6Qnw8PoU-iKmh5rn-FUjtGgbeT-V1_RCM-00107.jpg": {"object_bounding_box": [382, 954, 162, 126], "object_presence": 1}, "P653--money-clip--clutter--_IL-8oSOpA6Qnw8PoU-iKmh5rn-FUjtGgbeT-V1_RCM-00108.jpg": {"object_bounding_box": [385, 954, 164, 126], "object_presence": 1}, "P653--money-clip--clutter--_IL-8oSOpA6Qnw8PoU-iKmh5rn-FUjtGgbeT-V1_RCM-00109.jpg": {"object_bounding_box": [384, 955, 162, 125], "object_presence": 1}, "P653--money-clip--clutter--_IL-8oSOpA6Qnw8PoU-iKmh5rn-FUjtGgbeT-V1_RCM-00110.jpg": {"object_bounding_box": [384, 960, 160, 120], "object_presence": 1}, "P653--money-clip--clutter--_IL-8oSOpA6Qnw8PoU-iKmh5rn-FUjtGgbeT-V1_RCM-00111.jpg": {"object_bounding_box": [387, 960, 160, 120], "object_presence": 1}, "P653--money-clip--clutter--_IL-8oSOpA6Qnw8PoU-iKmh5rn-FUjtGgbeT-V1_RCM-00112.jpg": {"object_bounding_box": [388, 958, 158, 122], "object_presence": 1}, "P653--money-clip--clutter--_IL-8oSOpA6Qnw8PoU-iKmh5rn-FUjtGgbeT-V1_RCM-00113.jpg": {"object_bounding_box": [386, 960, 157, 120], "object_presence": 1}, "P653--money-clip--clutter--_IL-8oSOpA6Qnw8PoU-iKmh5rn-FUjtGgbeT-V1_RCM-00114.jpg": {"object_bounding_box": [384, 960, 155, 120], "object_presence": 1}, "P653--money-clip--clutter--_IL-8oSOpA6Qnw8PoU-iKmh5rn-FUjtGgbeT-V1_RCM-00115.jpg": {"object_bounding_box": [384, 959, 156, 121], "object_presence": 1}, "P653--money-clip--clutter--_IL-8oSOpA6Qnw8PoU-iKmh5rn-FUjtGgbeT-V1_RCM-00116.jpg": {"object_bounding_box": [390, 956, 157, 124], "object_presence": 1}, "P653--money-clip--clutter--_IL-8oSOpA6Qnw8PoU-iKmh5rn-FUjtGgbeT-V1_RCM-00117.jpg": {"object_bounding_box": [400, 952, 157, 128], "object_presence": 1}, "P653--money-clip--clutter--_IL-8oSOpA6Qnw8PoU-iKmh5rn-FUjtGgbeT-V1_RCM-00118.jpg": {"object_bounding_box": [406, 951, 155, 129], "object_presence": 1}, "P653--money-clip--clutter--_IL-8oSOpA6Qnw8PoU-iKmh5rn-FUjtGgbeT-V1_RCM-00119.jpg": {"object_bounding_box": [406, 950, 157, 130], "object_presence": 1}, "P653--money-clip--clutter--_IL-8oSOpA6Qnw8PoU-iKmh5rn-FUjtGgbeT-V1_RCM-00120.jpg": {"object_bounding_box": [397, 949, 162, 131], "object_presence": 1}, "P653--money-clip--clutter--_IL-8oSOpA6Qnw8PoU-iKmh5rn-FUjtGgbeT-V1_RCM-00121.jpg": {"object_bounding_box": [393, 949, 158, 131], "object_presence": 1}, "P653--money-clip--clutter--_IL-8oSOpA6Qnw8PoU-iKmh5rn-FUjtGgbeT-V1_RCM-00122.jpg": {"object_bounding_box": [396, 949, 159, 131], "object_presence": 1}, "P653--money-clip--clutter--_IL-8oSOpA6Qnw8PoU-iKmh5rn-FUjtGgbeT-V1_RCM-00123.jpg": {"object_bounding_box": [391, 954, 154, 126], "object_presence": 1}, "P653--money-clip--clutter--_IL-8oSOpA6Qnw8PoU-iKmh5rn-FUjtGgbeT-V1_RCM-00124.jpg": {"object_bounding_box": [391, 959, 147, 121], "object_presence": 1}, "P653--money-clip--clutter--_IL-8oSOpA6Qnw8PoU-iKmh5rn-FUjtGgbeT-V1_RCM-00125.jpg": {"object_bounding_box": [392, 959, 149, 121], "object_presence": 1}, "P653--money-clip--clutter--_IL-8oSOpA6Qnw8PoU-iKmh5rn-FUjtGgbeT-V1_RCM-00126.jpg": {"object_bounding_box": [392, 960, 149, 120], "object_presence": 1}, "P653--money-clip--clutter--_IL-8oSOpA6Qnw8PoU-iKmh5rn-FUjtGgbeT-V1_RCM-00127.jpg": {"object_bounding_box": [395, 961, 151, 119], "object_presence": 1}, "P653--money-clip--clutter--_IL-8oSOpA6Qnw8PoU-iKmh5rn-FUjtGgbeT-V1_RCM-00128.jpg": {"object_bounding_box": [402, 960, 149, 120], "object_presence": 1}, "P653--money-clip--clutter--_IL-8oSOpA6Qnw8PoU-iKmh5rn-FUjtGgbeT-V1_RCM-00129.jpg": {"object_bounding_box": [405, 962, 148, 118], "object_presence": 1}, "P653--money-clip--clutter--_IL-8oSOpA6Qnw8PoU-iKmh5rn-FUjtGgbeT-V1_RCM-00130.jpg": {"object_bounding_box": [408, 960, 150, 120], "object_presence": 1}, "P653--money-clip--clutter--_IL-8oSOpA6Qnw8PoU-iKmh5rn-FUjtGgbeT-V1_RCM-00131.jpg": {"object_bounding_box": [407, 958, 150, 122], "object_presence": 1}, "P653--money-clip--clutter--_IL-8oSOpA6Qnw8PoU-iKmh5rn-FUjtGgbeT-V1_RCM-00132.jpg": {"object_bounding_box": [412, 955, 147, 125], "object_presence": 1}, "P653--money-clip--clutter--_IL-8oSOpA6Qnw8PoU-iKmh5rn-FUjtGgbeT-V1_RCM-00133.jpg": {"object_bounding_box": [412, 955, 152, 125], "object_presence": 1}, "P653--money-clip--clutter--_IL-8oSOpA6Qnw8PoU-iKmh5rn-FUjtGgbeT-V1_RCM-00134.jpg": {"object_bounding_box": [419, 951, 154, 129], "object_presence": 1}, "P653--money-clip--clutter--_IL-8oSOpA6Qnw8PoU-iKmh5rn-FUjtGgbeT-V1_RCM-00135.jpg": {"object_bounding_box": [419, 951, 151, 129], "object_presence": 1}, "P653--money-clip--clutter--_IL-8oSOpA6Qnw8PoU-iKmh5rn-FUjtGgbeT-V1_RCM-00136.jpg": {"object_bounding_box": [416, 950, 153, 130], "object_presence": 1}, "P653--money-clip--clutter--_IL-8oSOpA6Qnw8PoU-iKmh5rn-FUjtGgbeT-V1_RCM-00137.jpg": {"object_bounding_box": [420, 947, 155, 133], "object_presence": 1}, "P653--money-clip--clutter--_IL-8oSOpA6Qnw8PoU-iKmh5rn-FUjtGgbeT-V1_RCM-00138.jpg": {"object_bounding_box": [419, 948, 156, 132], "object_presence": 1}, "P653--money-clip--clutter--_IL-8oSOpA6Qnw8PoU-iKmh5rn-FUjtGgbeT-V1_RCM-00139.jpg": {"object_bounding_box": [420, 952, 152, 128], "object_presence": 1}, "P653--money-clip--clutter--_IL-8oSOpA6Qnw8PoU-iKmh5rn-FUjtGgbeT-V1_RCM-00140.jpg": {"object_bounding_box": [424, 954, 146, 126], "object_presence": 1}, "P653--money-clip--clutter--_IL-8oSOpA6Qnw8PoU-iKmh5rn-FUjtGgbeT-V1_RCM-00141.jpg": {"object_bounding_box": [418, 959, 145, 121], "object_presence": 1}, "P653--money-clip--clutter--_IL-8oSOpA6Qnw8PoU-iKmh5rn-FUjtGgbeT-V1_RCM-00142.jpg": {"object_bounding_box": [417, 962, 141, 118], "object_presence": 1}, "P653--money-clip--clutter--_IL-8oSOpA6Qnw8PoU-iKmh5rn-FUjtGgbeT-V1_RCM-00143.jpg": {"object_bounding_box": [419, 963, 140, 117], "object_presence": 1}, "P653--money-clip--clutter--_IL-8oSOpA6Qnw8PoU-iKmh5rn-FUjtGgbeT-V1_RCM-00144.jpg": {"object_bounding_box": [422, 967, 138, 113], "object_presence": 1}, "P653--money-clip--clutter--_IL-8oSOpA6Qnw8PoU-iKmh5rn-FUjtGgbeT-V1_RCM-00145.jpg": {"object_bounding_box": [423, 970, 135, 110], "object_presence": 1}, "P653--money-clip--clutter--_IL-8oSOpA6Qnw8PoU-iKmh5rn-FUjtGgbeT-V1_RCM-00146.jpg": {"object_bounding_box": [428, 973, 134, 107], "object_presence": 1}, "P653--money-clip--clutter--_IL-8oSOpA6Qnw8PoU-iKmh5rn-FUjtGgbeT-V1_RCM-00147.jpg": {"object_bounding_box": [434, 975, 132, 105], "object_presence": 1}, "P653--money-clip--clutter--_IL-8oSOpA6Qnw8PoU-iKmh5rn-FUjtGgbeT-V1_RCM-00148.jpg": {"object_bounding_box": [435, 978, 129, 102], "object_presence": 1}, "P653--money-clip--clutter--_IL-8oSOpA6Qnw8PoU-iKmh5rn-FUjtGgbeT-V1_RCM-00149.jpg": {"object_bounding_box": [441, 977, 130, 103], "object_presence": 1}, "P653--money-clip--clutter--_IL-8oSOpA6Qnw8PoU-iKmh5rn-FUjtGgbeT-V1_RCM-00150.jpg": {"object_bounding_box": [443, 976, 131, 104], "object_presence": 1}, "P653--money-clip--clutter--_IL-8oSOpA6Qnw8PoU-iKmh5rn-FUjtGgbeT-V1_RCM-00151.jpg": {"object_bounding_box": [447, 972, 132, 108], "object_presence": 1}, "P653--money-clip--clutter--_IL-8oSOpA6Qnw8PoU-iKmh5rn-FUjtGgbeT-V1_RCM-00152.jpg": {"object_bounding_box": [454, 969, 131, 111], "object_presence": 1}, "P653--money-clip--clutter--_IL-8oSOpA6Qnw8PoU-iKmh5rn-FUjtGgbeT-V1_RCM-00153.jpg": {"object_bounding_box": [456, 966, 136, 114], "object_presence": 1}, "P653--money-clip--clutter--_IL-8oSOpA6Qnw8PoU-iKmh5rn-FUjtGgbeT-V1_RCM-00154.jpg": {"object_bounding_box": [456, 962, 135, 118], "object_presence": 1}, "P653--money-clip--clutter--_IL-8oSOpA6Qnw8PoU-iKmh5rn-FUjtGgbeT-V1_RCM-00155.jpg": {"object_bounding_box": [456, 962, 139, 118], "object_presence": 1}, "P653--money-clip--clutter--_IL-8oSOpA6Qnw8PoU-iKmh5rn-FUjtGgbeT-V1_RCM-00156.jpg": {"object_bounding_box": [458, 959, 138, 121], "object_presence": 1}, "P653--money-clip--clutter--_IL-8oSOpA6Qnw8PoU-iKmh5rn-FUjtGgbeT-V1_RCM-00157.jpg": {"object_bounding_box": [458, 956, 141, 124], "object_presence": 1}, "P653--money-clip--clutter--_IL-8oSOpA6Qnw8PoU-iKmh5rn-FUjtGgbeT-V1_RCM-00158.jpg": {"object_bounding_box": [454, 956, 144, 124], "object_presence": 1}, "P653--money-clip--clutter--_IL-8oSOpA6Qnw8PoU-iKmh5rn-FUjtGgbeT-V1_RCM-00159.jpg": {"object_bounding_box": [453, 951, 147, 129], "object_presence": 1}, "P653--money-clip--clutter--_IL-8oSOpA6Qnw8PoU-iKmh5rn-FUjtGgbeT-V1_RCM-00160.jpg": {"object_bounding_box": [455, 946, 150, 134], "object_presence": 1}, "P653--money-clip--clutter--_IL-8oSOpA6Qnw8PoU-iKmh5rn-FUjtGgbeT-V1_RCM-00161.jpg": {"object_bounding_box": [452, 945, 148, 135], "object_presence": 1}, "P653--money-clip--clutter--_IL-8oSOpA6Qnw8PoU-iKmh5rn-FUjtGgbeT-V1_RCM-00162.jpg": {"object_bounding_box": [452, 944, 147, 136], "object_presence": 1}, "P653--money-clip--clutter--_IL-8oSOpA6Qnw8PoU-iKmh5rn-FUjtGgbeT-V1_RCM-00163.jpg": {"object_bounding_box": [455, 942, 146, 136], "object_presence": 1}, "P653--money-clip--clutter--_IL-8oSOpA6Qnw8PoU-iKmh5rn-FUjtGgbeT-V1_RCM-00164.jpg": {"object_bounding_box": [457, 944, 144, 136], "object_presence": 1}, "P653--money-clip--clutter--_IL-8oSOpA6Qnw8PoU-iKmh5rn-FUjtGgbeT-V1_RCM-00165.jpg": {"object_bounding_box": [460, 948, 143, 132], "object_presence": 1}, "P653--money-clip--clutter--_IL-8oSOpA6Qnw8PoU-iKmh5rn-FUjtGgbeT-V1_RCM-00166.jpg": {"object_bounding_box": [461, 952, 143, 128], "object_presence": 1}, "P653--money-clip--clutter--_IL-8oSOpA6Qnw8PoU-iKmh5rn-FUjtGgbeT-V1_RCM-00167.jpg": {"object_bounding_box": [464, 955, 143, 125], "object_presence": 1}, "P653--money-clip--clutter--_IL-8oSOpA6Qnw8PoU-iKmh5rn-FUjtGgbeT-V1_RCM-00168.jpg": {"object_bounding_box": [463, 958, 140, 122], "object_presence": 1}, "P653--money-clip--clutter--_IL-8oSOpA6Qnw8PoU-iKmh5rn-FUjtGgbeT-V1_RCM-00169.jpg": {"object_bounding_box": [461, 962, 134, 118], "object_presence": 1}, "P653--money-clip--clutter--_IL-8oSOpA6Qnw8PoU-iKmh5rn-FUjtGgbeT-V1_RCM-00170.jpg": {"object_bounding_box": [460, 968, 133, 112], "object_presence": 1}, "P653--money-clip--clutter--_IL-8oSOpA6Qnw8PoU-iKmh5rn-FUjtGgbeT-V1_RCM-00171.jpg": {"object_bounding_box": [463, 970, 131, 110], "object_presence": 1}, "P653--money-clip--clutter--_IL-8oSOpA6Qnw8PoU-iKmh5rn-FUjtGgbeT-V1_RCM-00172.jpg": {"object_bounding_box": [463, 972, 128, 108], "object_presence": 1}, "P653--money-clip--clutter--_IL-8oSOpA6Qnw8PoU-iKmh5rn-FUjtGgbeT-V1_RCM-00173.jpg": {"object_bounding_box": [457, 978, 125, 102], "object_presence": 1}, "P653--money-clip--clutter--_IL-8oSOpA6Qnw8PoU-iKmh5rn-FUjtGgbeT-V1_RCM-00174.jpg": {"object_bounding_box": [454, 979, 122, 101], "object_presence": 1}, "P653--money-clip--clutter--_IL-8oSOpA6Qnw8PoU-iKmh5rn-FUjtGgbeT-V1_RCM-00175.jpg": {"object_bounding_box": [454, 979, 122, 101], "object_presence": 1}, "P653--money-clip--clutter--_IL-8oSOpA6Qnw8PoU-iKmh5rn-FUjtGgbeT-V1_RCM-00176.jpg": {"object_bounding_box": [455, 981, 120, 99], "object_presence": 1}, "P653--money-clip--clutter--_IL-8oSOpA6Qnw8PoU-iKmh5rn-FUjtGgbeT-V1_RCM-00177.jpg": {"object_bounding_box": [459, 978, 122, 102], "object_presence": 1}, "P653--money-clip--clutter--_IL-8oSOpA6Qnw8PoU-iKmh5rn-FUjtGgbeT-V1_RCM-00178.jpg": {"object_bounding_box": [466, 974, 127, 106], "object_presence": 1}, "P653--money-clip--clutter--_IL-8oSOpA6Qnw8PoU-iKmh5rn-FUjtGgbeT-V1_RCM-00179.jpg": {"object_bounding_box": [474, 968, 129, 112], "object_presence": 1}, "P653--money-clip--clutter--_IL-8oSOpA6Qnw8PoU-iKmh5rn-FUjtGgbeT-V1_RCM-00180.jpg": {"object_bounding_box": [487, 959, 132, 121], "object_presence": 1}, "P653--money-clip--clutter--_IL-8oSOpA6Qnw8PoU-iKmh5rn-FUjtGgbeT-V1_RCM-00181.jpg": {"object_bounding_box": [493, 959, 134, 121], "object_presence": 1}, "P653--money-clip--clutter--_IL-8oSOpA6Qnw8PoU-iKmh5rn-FUjtGgbeT-V1_RCM-00182.jpg": {"object_bounding_box": [491, 963, 136, 117], "object_presence": 1}, "P653--money-clip--clutter--_IL-8oSOpA6Qnw8PoU-iKmh5rn-FUjtGgbeT-V1_RCM-00183.jpg": {"object_bounding_box": [483, 964, 136, 116], "object_presence": 1}, "P653--money-clip--clutter--_IL-8oSOpA6Qnw8PoU-iKmh5rn-FUjtGgbeT-V1_RCM-00184.jpg": {"object_bounding_box": [483, 961, 135, 119], "object_presence": 1}, "P653--money-clip--clutter--_IL-8oSOpA6Qnw8PoU-iKmh5rn-FUjtGgbeT-V1_RCM-00185.jpg": {"object_bounding_box": [483, 961, 133, 119], "object_presence": 1}, "P653--money-clip--clutter--_IL-8oSOpA6Qnw8PoU-iKmh5rn-FUjtGgbeT-V1_RCM-00186.jpg": {"object_bounding_box": [489, 957, 133, 123], "object_presence": 1}, "P653--money-clip--clutter--_IL-8oSOpA6Qnw8PoU-iKmh5rn-FUjtGgbeT-V1_RCM-00187.jpg": {"object_bounding_box": [491, 954, 131, 126], "object_presence": 1}, "P653--money-clip--clutter--_IL-8oSOpA6Qnw8PoU-iKmh5rn-FUjtGgbeT-V1_RCM-00188.jpg": {"object_bounding_box": [497, 948, 132, 132], "object_presence": 1}, "P653--money-clip--clutter--_IL-8oSOpA6Qnw8PoU-iKmh5rn-FUjtGgbeT-V1_RCM-00189.jpg": {"object_bounding_box": [493, 948, 130, 132], "object_presence": 1}, "P653--money-clip--clutter--_IL-8oSOpA6Qnw8PoU-iKmh5rn-FUjtGgbeT-V1_RCM-00190.jpg": {"object_bounding_box": [490, 948, 131, 132], "object_presence": 1}, "P653--money-clip--clutter--_IL-8oSOpA6Qnw8PoU-iKmh5rn-FUjtGgbeT-V1_RCM-00191.jpg": {"object_bounding_box": [489, 948, 129, 132], "object_presence": 1}, "P653--money-clip--clutter--_IL-8oSOpA6Qnw8PoU-iKmh5rn-FUjtGgbeT-V1_RCM-00192.jpg": {"object_bounding_box": [483, 951, 129, 129], "object_presence": 1}, "P653--money-clip--clutter--_IL-8oSOpA6Qnw8PoU-iKmh5rn-FUjtGgbeT-V1_RCM-00193.jpg": {"object_bounding_box": [473, 958, 128, 122], "object_presence": 1}, "P653--money-clip--clutter--_IL-8oSOpA6Qnw8PoU-iKmh5rn-FUjtGgbeT-V1_RCM-00194.jpg": {"object_bounding_box": [473, 960, 126, 120], "object_presence": 1}, "P653--money-clip--clutter--_IL-8oSOpA6Qnw8PoU-iKmh5rn-FUjtGgbeT-V1_RCM-00195.jpg": {"object_bounding_box": [469, 964, 127, 116], "object_presence": 1}, "P653--money-clip--clutter--_IL-8oSOpA6Qnw8PoU-iKmh5rn-FUjtGgbeT-V1_RCM-00196.jpg": {"object_bounding_box": [472, 969, 125, 111], "object_presence": 1}, "P653--money-clip--clutter--_IL-8oSOpA6Qnw8PoU-iKmh5rn-FUjtGgbeT-V1_RCM-00197.jpg": {"object_bounding_box": [468, 974, 126, 106], "object_presence": 1}, "P653--money-clip--clutter--_IL-8oSOpA6Qnw8PoU-iKmh5rn-FUjtGgbeT-V1_RCM-00198.jpg": {"object_bounding_box": [469, 977, 122, 103], "object_presence": 1}, "P653--money-clip--clutter--_IL-8oSOpA6Qnw8PoU-iKmh5rn-FUjtGgbeT-V1_RCM-00199.jpg": {"object_bounding_box": [471, 978, 121, 102], "object_presence": 1}, "P653--money-clip--clutter--_IL-8oSOpA6Qnw8PoU-iKmh5rn-FUjtGgbeT-V1_RCM-00200.jpg": {"object_bounding_box": [468, 977, 122, 103], "object_presence": 1}, "P653--money-clip--clutter--_IL-8oSOpA6Qnw8PoU-iKmh5rn-FUjtGgbeT-V1_RCM-00201.jpg": {"object_bounding_box": [466, 978, 121, 102], "object_presence": 1}, "P653--money-clip--clutter--_IL-8oSOpA6Qnw8PoU-iKmh5rn-FUjtGgbeT-V1_RCM-00202.jpg": {"object_bounding_box": [460, 981, 122, 99], "object_presence": 1}, "P653--money-clip--clutter--_IL-8oSOpA6Qnw8PoU-iKmh5rn-FUjtGgbeT-V1_RCM-00203.jpg": {"object_bounding_box": [458, 977, 123, 103], "object_presence": 1}, "P653--money-clip--clutter--_IL-8oSOpA6Qnw8PoU-iKmh5rn-FUjtGgbeT-V1_RCM-00204.jpg": {"object_bounding_box": [464, 972, 121, 108], "object_presence": 1}, "P653--money-clip--clutter--_IL-8oSOpA6Qnw8PoU-iKmh5rn-FUjtGgbeT-V1_RCM-00205.jpg": {"object_bounding_box": [469, 967, 120, 113], "object_presence": 1}, "P653--money-clip--clutter--_IL-8oSOpA6Qnw8PoU-iKmh5rn-FUjtGgbeT-V1_RCM-00206.jpg": {"object_bounding_box": [471, 963, 119, 117], "object_presence": 1}, "P653--money-clip--clutter--_IL-8oSOpA6Qnw8PoU-iKmh5rn-FUjtGgbeT-V1_RCM-00207.jpg": {"object_bounding_box": [474, 961, 118, 119], "object_presence": 1}, "P653--money-clip--clutter--_IL-8oSOpA6Qnw8PoU-iKmh5rn-FUjtGgbeT-V1_RCM-00208.jpg": {"object_bounding_box": [478, 957, 119, 123], "object_presence": 1}, "P653--money-clip--clutter--_IL-8oSOpA6Qnw8PoU-iKmh5rn-FUjtGgbeT-V1_RCM-00209.jpg": {"object_bounding_box": [479, 955, 118, 125], "object_presence": 1}, "P653--money-clip--clutter--_IL-8oSOpA6Qnw8PoU-iKmh5rn-FUjtGgbeT-V1_RCM-00210.jpg": {"object_bounding_box": [477, 951, 119, 129], "object_presence": 1}, "P653--money-clip--clutter--_IL-8oSOpA6Qnw8PoU-iKmh5rn-FUjtGgbeT-V1_RCM-00211.jpg": {"object_bounding_box": [479, 950, 118, 130], "object_presence": 1}, "P653--money-clip--clutter--_IL-8oSOpA6Qnw8PoU-iKmh5rn-FUjtGgbeT-V1_RCM-00212.jpg": {"object_bounding_box": [477, 948, 117, 131], "object_presence": 1}, "P653--money-clip--clutter--_IL-8oSOpA6Qnw8PoU-iKmh5rn-FUjtGgbeT-V1_RCM-00213.jpg": {"object_bounding_box": [477, 943, 117, 132], "object_presence": 1}, "P653--money-clip--clutter--_IL-8oSOpA6Qnw8PoU-iKmh5rn-FUjtGgbeT-V1_RCM-00214.jpg": {"object_bounding_box": [479, 941, 114, 131], "object_presence": 1}, "P653--money-clip--clutter--_IL-8oSOpA6Qnw8PoU-iKmh5rn-FUjtGgbeT-V1_RCM-00215.jpg": {"object_bounding_box": [478, 939, 114, 130], "object_presence": 1}, "P653--money-clip--clutter--_IL-8oSOpA6Qnw8PoU-iKmh5rn-FUjtGgbeT-V1_RCM-00216.jpg": {"object_bounding_box": [478, 936, 114, 129], "object_presence": 1}, "P653--money-clip--clutter--_IL-8oSOpA6Qnw8PoU-iKmh5rn-FUjtGgbeT-V1_RCM-00217.jpg": {"object_bounding_box": [475, 934, 113, 129], "object_presence": 1}, "P653--money-clip--clutter--_IL-8oSOpA6Qnw8PoU-iKmh5rn-FUjtGgbeT-V1_RCM-00218.jpg": {"object_bounding_box": [475, 931, 111, 128], "object_presence": 1}, "P653--money-clip--clutter--_IL-8oSOpA6Qnw8PoU-iKmh5rn-FUjtGgbeT-V1_RCM-00219.jpg": {"object_bounding_box": [477, 929, 111, 128], "object_presence": 1}, "P653--money-clip--clutter--_IL-8oSOpA6Qnw8PoU-iKmh5rn-FUjtGgbeT-V1_RCM-00220.jpg": {"object_bounding_box": [473, 927, 112, 128], "object_presence": 1}, "P653--money-clip--clutter--_IL-8oSOpA6Qnw8PoU-iKmh5rn-FUjtGgbeT-V1_RCM-00221.jpg": {"object_bounding_box": [471, 928, 111, 126], "object_presence": 1}, "P653--money-clip--clutter--_IL-8oSOpA6Qnw8PoU-iKmh5rn-FUjtGgbeT-V1_RCM-00222.jpg": {"object_bounding_box": [474, 924, 109, 127], "object_presence": 1}, "P653--money-clip--clutter--_IL-8oSOpA6Qnw8PoU-iKmh5rn-FUjtGgbeT-V1_RCM-00223.jpg": {"object_bounding_box": [475, 917, 109, 127], "object_presence": 1}, "P653--money-clip--clutter--_IL-8oSOpA6Qnw8PoU-iKmh5rn-FUjtGgbeT-V1_RCM-00224.jpg": {"object_bounding_box": [475, 917, 108, 123], "object_presence": 1}, "P653--money-clip--clutter--_IL-8oSOpA6Qnw8PoU-iKmh5rn-FUjtGgbeT-V1_RCM-00225.jpg": {"object_bounding_box": [474, 917, 109, 123], "object_presence": 1}, "P653--money-clip--clutter--_IL-8oSOpA6Qnw8PoU-iKmh5rn-FUjtGgbeT-V1_RCM-00226.jpg": {"object_bounding_box": [478, 915, 107, 123], "object_presence": 1}, "P653--money-clip--clutter--_IL-8oSOpA6Qnw8PoU-iKmh5rn-FUjtGgbeT-V1_RCM-00227.jpg": {"object_bounding_box": [484, 916, 107, 121], "object_presence": 1}, "P653--money-clip--clutter--_IL-8oSOpA6Qnw8PoU-iKmh5rn-FUjtGgbeT-V1_RCM-00228.jpg": {"object_bounding_box": [488, 916, 107, 120], "object_presence": 1}, "P653--money-clip--clutter--_IL-8oSOpA6Qnw8PoU-iKmh5rn-FUjtGgbeT-V1_RCM-00229.jpg": {"object_bounding_box": [490, 916, 105, 120], "object_presence": 1}, "P653--money-clip--clutter--_IL-8oSOpA6Qnw8PoU-iKmh5rn-FUjtGgbeT-V1_RCM-00230.jpg": {"object_bounding_box": [490, 918, 105, 120], "object_presence": 1}, "P653--money-clip--clutter--_IL-8oSOpA6Qnw8PoU-iKmh5rn-FUjtGgbeT-V1_RCM-00231.jpg": {"object_bounding_box": [491, 919, 104, 120], "object_presence": 1}, "P653--money-clip--clutter--_IL-8oSOpA6Qnw8PoU-iKmh5rn-FUjtGgbeT-V1_RCM-00232.jpg": {"object_bounding_box": [489, 923, 106, 119], "object_presence": 1}, "P653--money-clip--clutter--_IL-8oSOpA6Qnw8PoU-iKmh5rn-FUjtGgbeT-V1_RCM-00233.jpg": {"object_bounding_box": [490, 928, 106, 122], "object_presence": 1}, "P653--money-clip--clutter--_IL-8oSOpA6Qnw8PoU-iKmh5rn-FUjtGgbeT-V1_RCM-00234.jpg": {"object_bounding_box": [490, 935, 106, 121], "object_presence": 1}, "P653--money-clip--clutter--_IL-8oSOpA6Qnw8PoU-iKmh5rn-FUjtGgbeT-V1_RCM-00235.jpg": {"object_bounding_box": [493, 941, 105, 120], "object_presence": 1}, "P653--money-clip--clutter--_IL-8oSOpA6Qnw8PoU-iKmh5rn-FUjtGgbeT-V1_RCM-00236.jpg": {"object_bounding_box": [499, 946, 103, 117], "object_presence": 1}, "P653--money-clip--clutter--_IL-8oSOpA6Qnw8PoU-iKmh5rn-FUjtGgbeT-V1_RCM-00237.jpg": {"object_bounding_box": [503, 949, 102, 117], "object_presence": 1}, "P653--money-clip--clutter--_IL-8oSOpA6Qnw8PoU-iKmh5rn-FUjtGgbeT-V1_RCM-00238.jpg": {"object_bounding_box": [507, 949, 103, 117], "object_presence": 1}, "P653--money-clip--clutter--_IL-8oSOpA6Qnw8PoU-iKmh5rn-FUjtGgbeT-V1_RCM-00239.jpg": {"object_bounding_box": [507, 952, 103, 117], "object_presence": 1}, "P653--money-clip--clutter--_IL-8oSOpA6Qnw8PoU-iKmh5rn-FUjtGgbeT-V1_RCM-00240.jpg": {"object_bounding_box": [511, 950, 101, 117], "object_presence": 1}, "P653--money-clip--clutter--_IL-8oSOpA6Qnw8PoU-iKmh5rn-FUjtGgbeT-V1_RCM-00241.jpg": {"object_bounding_box": [512, 953, 102, 116], "object_presence": 1}, "P653--money-clip--clutter--_IL-8oSOpA6Qnw8PoU-iKmh5rn-FUjtGgbeT-V1_RCM-00242.jpg": {"object_bounding_box": [513, 954, 100, 117], "object_presence": 1}, "P653--money-clip--clutter--_IL-8oSOpA6Qnw8PoU-iKmh5rn-FUjtGgbeT-V1_RCM-00243.jpg": {"object_bounding_box": [512, 952, 100, 116], "object_presence": 1}, "P653--money-clip--clutter--_IL-8oSOpA6Qnw8PoU-iKmh5rn-FUjtGgbeT-V1_RCM-00244.jpg": {"object_bounding_box": [509, 951, 99, 115], "object_presence": 1}, "P653--money-clip--clutter--_IL-8oSOpA6Qnw8PoU-iKmh5rn-FUjtGgbeT-V1_RCM-00245.jpg": {"object_bounding_box": [510, 949, 98, 117], "object_presence": 1}, "P653--money-clip--clutter--_IL-8oSOpA6Qnw8PoU-iKmh5rn-FUjtGgbeT-V1_RCM-00246.jpg": {"object_bounding_box": [511, 944, 99, 117], "object_presence": 1}, "P653--money-clip--clutter--_IL-8oSOpA6Qnw8PoU-iKmh5rn-FUjtGgbeT-V1_RCM-00247.jpg": {"object_bounding_box": [513, 937, 98, 115], "object_presence": 1}, "P653--money-clip--clutter--_IL-8oSOpA6Qnw8PoU-iKmh5rn-FUjtGgbeT-V1_RCM-00248.jpg": {"object_bounding_box": [509, 934, 99, 115], "object_presence": 1}, "P653--money-clip--clutter--_IL-8oSOpA6Qnw8PoU-iKmh5rn-FUjtGgbeT-V1_RCM-00249.jpg": {"object_bounding_box": [501, 940, 98, 112], "object_presence": 1}, "P653--money-clip--clutter--_IL-8oSOpA6Qnw8PoU-iKmh5rn-FUjtGgbeT-V1_RCM-00250.jpg": {"object_bounding_box": [500, 940, 97, 112], "object_presence": 1}, "P653--money-clip--clutter--_IL-8oSOpA6Qnw8PoU-iKmh5rn-FUjtGgbeT-V1_RCM-00251.jpg": {"object_bounding_box": [499, 939, 97, 111], "object_presence": 1}, "P653--money-clip--clutter--_IL-8oSOpA6Qnw8PoU-iKmh5rn-FUjtGgbeT-V1_RCM-00252.jpg": {"object_bounding_box": [498, 938, 96, 112], "object_presence": 1}, "P653--money-clip--clutter--_IL-8oSOpA6Qnw8PoU-iKmh5rn-FUjtGgbeT-V1_RCM-00253.jpg": {"object_bounding_box": [494, 936, 97, 111], "object_presence": 1}, "P653--money-clip--clutter--_IL-8oSOpA6Qnw8PoU-iKmh5rn-FUjtGgbeT-V1_RCM-00254.jpg": {"object_bounding_box": [489, 936, 96, 110], "object_presence": 1}, "P653--money-clip--clutter--_IL-8oSOpA6Qnw8PoU-iKmh5rn-FUjtGgbeT-V1_RCM-00255.jpg": {"object_bounding_box": [486, 935, 95, 111], "object_presence": 1}, "P653--money-clip--clutter--_IL-8oSOpA6Qnw8PoU-iKmh5rn-FUjtGgbeT-V1_RCM-00256.jpg": {"object_bounding_box": [485, 931, 95, 109], "object_presence": 1}, "P653--money-clip--clutter--_IL-8oSOpA6Qnw8PoU-iKmh5rn-FUjtGgbeT-V1_RCM-00257.jpg": {"object_bounding_box": [485, 925, 95, 112], "object_presence": 1}, "P653--money-clip--clutter--_IL-8oSOpA6Qnw8PoU-iKmh5rn-FUjtGgbeT-V1_RCM-00258.jpg": {"object_bounding_box": [492, 922, 96, 110], "object_presence": 1}, "P653--money-clip--clutter--_IL-8oSOpA6Qnw8PoU-iKmh5rn-FUjtGgbeT-V1_RCM-00259.jpg": {"object_bounding_box": [494, 921, 94, 109], "object_presence": 1}, "P653--money-clip--clutter--_IL-8oSOpA6Qnw8PoU-iKmh5rn-FUjtGgbeT-V1_RCM-00260.jpg": {"object_bounding_box": [497, 917, 94, 109], "object_presence": 1}, "P653--money-clip--clutter--_IL-8oSOpA6Qnw8PoU-iKmh5rn-FUjtGgbeT-V1_RCM-00261.jpg": {"object_bounding_box": [496, 917, 94, 108], "object_presence": 1}, "P653--money-clip--clutter--_IL-8oSOpA6Qnw8PoU-iKmh5rn-FUjtGgbeT-V1_RCM-00262.jpg": {"object_bounding_box": [495, 917, 92, 108], "object_presence": 1}, "P653--money-clip--clutter--_IL-8oSOpA6Qnw8PoU-iKmh5rn-FUjtGgbeT-V1_RCM-00263.jpg": {"object_bounding_box": [497, 919, 93, 106], "object_presence": 1}, "P653--money-clip--clutter--_IL-8oSOpA6Qnw8PoU-iKmh5rn-FUjtGgbeT-V1_RCM-00264.jpg": {"object_bounding_box": [498, 917, 92, 108], "object_presence": 1}, "P653--money-clip--clutter--_IL-8oSOpA6Qnw8PoU-iKmh5rn-FUjtGgbeT-V1_RCM-00265.jpg": {"object_bounding_box": [491, 920, 93, 108], "object_presence": 1}, "P653--money-clip--clutter--_IL-8oSOpA6Qnw8PoU-iKmh5rn-FUjtGgbeT-V1_RCM-00266.jpg": {"object_bounding_box": [487, 922, 92, 107], "object_presence": 1}, "P653--money-clip--clutter--_IL-8oSOpA6Qnw8PoU-iKmh5rn-FUjtGgbeT-V1_RCM-00267.jpg": {"object_bounding_box": [484, 923, 92, 106], "object_presence": 1}, "P653--money-clip--clutter--_IL-8oSOpA6Qnw8PoU-iKmh5rn-FUjtGgbeT-V1_RCM-00268.jpg": {"object_bounding_box": [484, 923, 91, 106], "object_presence": 1}, "P653--money-clip--clutter--_IL-8oSOpA6Qnw8PoU-iKmh5rn-FUjtGgbeT-V1_RCM-00269.jpg": {"object_bounding_box": [482, 924, 90, 106], "object_presence": 1}, "P653--money-clip--clutter--_IL-8oSOpA6Qnw8PoU-iKmh5rn-FUjtGgbeT-V1_RCM-00270.jpg": {"object_bounding_box": [480, 925, 89, 106], "object_presence": 1}, "P653--money-clip--clutter--_IL-8oSOpA6Qnw8PoU-iKmh5rn-FUjtGgbeT-V1_RCM-00271.jpg": {"object_bounding_box": [478, 929, 89, 106], "object_presence": 1}, "P653--money-clip--clutter--_IL-8oSOpA6Qnw8PoU-iKmh5rn-FUjtGgbeT-V1_RCM-00272.jpg": {"object_bounding_box": [477, 926, 88, 106], "object_presence": 1}, "P653--money-clip--clutter--_IL-8oSOpA6Qnw8PoU-iKmh5rn-FUjtGgbeT-V1_RCM-00273.jpg": {"object_bounding_box": [473, 927, 88, 106], "object_presence": 1}, "P653--money-clip--clutter--_IL-8oSOpA6Qnw8PoU-iKmh5rn-FUjtGgbeT-V1_RCM-00274.jpg": {"object_bounding_box": [469, 929, 88, 105], "object_presence": 1}, "P653--money-clip--clutter--_IL-8oSOpA6Qnw8PoU-iKmh5rn-FUjtGgbeT-V1_RCM-00275.jpg": {"object_bounding_box": [472, 930, 88, 104], "object_presence": 1}, "P653--money-clip--clutter--_IL-8oSOpA6Qnw8PoU-iKmh5rn-FUjtGgbeT-V1_RCM-00276.jpg": {"object_bounding_box": [471, 929, 88, 103], "object_presence": 1}, "P653--money-clip--clutter--_IL-8oSOpA6Qnw8PoU-iKmh5rn-FUjtGgbeT-V1_RCM-00277.jpg": {"object_bounding_box": [471, 928, 88, 104], "object_presence": 1}, "P653--money-clip--clutter--_IL-8oSOpA6Qnw8PoU-iKmh5rn-FUjtGgbeT-V1_RCM-00278.jpg": {"object_bounding_box": [469, 925, 89, 104], "object_presence": 1}, "P653--money-clip--clutter--_IL-8oSOpA6Qnw8PoU-iKmh5rn-FUjtGgbeT-V1_RCM-00279.jpg": {"object_bounding_box": [470, 922, 89, 105], "object_presence": 1}, "P653--money-clip--clutter--_IL-8oSOpA6Qnw8PoU-iKmh5rn-FUjtGgbeT-V1_RCM-00280.jpg": {"object_bounding_box": [472, 919, 88, 103], "object_presence": 1}, "P653--money-clip--clutter--_IL-8oSOpA6Qnw8PoU-iKmh5rn-FUjtGgbeT-V1_RCM-00281.jpg": {"object_bounding_box": [473, 918, 88, 102], "object_presence": 1}, "P653--money-clip--clutter--_IL-8oSOpA6Qnw8PoU-iKmh5rn-FUjtGgbeT-V1_RCM-00282.jpg": {"object_bounding_box": [468, 919, 90, 102], "object_presence": 1}, "P653--money-clip--clutter--_IL-8oSOpA6Qnw8PoU-iKmh5rn-FUjtGgbeT-V1_RCM-00283.jpg": {"object_bounding_box": [463, 923, 88, 101], "object_presence": 1}, "P653--money-clip--clutter--_IL-8oSOpA6Qnw8PoU-iKmh5rn-FUjtGgbeT-V1_RCM-00284.jpg": {"object_bounding_box": [460, 924, 87, 102], "object_presence": 1}, "P653--money-clip--clutter--_IL-8oSOpA6Qnw8PoU-iKmh5rn-FUjtGgbeT-V1_RCM-00285.jpg": {"object_bounding_box": [459, 919, 86, 104], "object_presence": 1}, "P653--money-clip--clutter--_IL-8oSOpA6Qnw8PoU-iKmh5rn-FUjtGgbeT-V1_RCM-00286.jpg": {"object_bounding_box": [464, 908, 84, 104], "object_presence": 1}, "P653--money-clip--clutter--_IL-8oSOpA6Qnw8PoU-iKmh5rn-FUjtGgbeT-V1_RCM-00287.jpg": {"object_bounding_box": [464, 895, 86, 103], "object_presence": 1}, "P653--money-clip--clutter--_IL-8oSOpA6Qnw8PoU-iKmh5rn-FUjtGgbeT-V1_RCM-00288.jpg": {"object_bounding_box": [457, 889, 89, 101], "object_presence": 1}, "P653--money-clip--clutter--_IL-8oSOpA6Qnw8PoU-iKmh5rn-FUjtGgbeT-V1_RCM-00289.jpg": {"object_bounding_box": [441, 882, 91, 102], "object_presence": 1}, "P653--money-clip--clutter--_IL-8oSOpA6Qnw8PoU-iKmh5rn-FUjtGgbeT-V1_RCM-00290.jpg": {"object_bounding_box": [428, 874, 89, 102], "object_presence": 1}, "P653--money-clip--clutter--_IL-8oSOpA6Qnw8PoU-iKmh5rn-FUjtGgbeT-V1_RCM-00291.jpg": {"object_bounding_box": [430, 865, 83, 101], "object_presence": 1}, "P653--money-clip--clutter--_IL-8oSOpA6Qnw8PoU-iKmh5rn-FUjtGgbeT-V1_RCM-00292.jpg": {"object_bounding_box": [441, 850, 85, 100], "object_presence": 1}, "P653--money-clip--clutter--_IL-8oSOpA6Qnw8PoU-iKmh5rn-FUjtGgbeT-V1_RCM-00293.jpg": {"object_bounding_box": [430, 840, 86, 96], "object_presence": 1}, "P653--money-clip--clutter--_IL-8oSOpA6Qnw8PoU-iKmh5rn-FUjtGgbeT-V1_RCM-00294.jpg": {"object_bounding_box": [412, 841, 84, 98], "object_presence": 1}, "P653--money-clip--clutter--_IL-8oSOpA6Qnw8PoU-iKmh5rn-FUjtGgbeT-V1_RCM-00295.jpg": {"object_bounding_box": [404, 840, 80, 98], "object_presence": 1}, "P653--money-clip--clutter--_IL-8oSOpA6Qnw8PoU-iKmh5rn-FUjtGgbeT-V1_RCM-00296.jpg": {"object_bounding_box": [407, 821, 77, 100], "object_presence": 1}, "P653--money-clip--clutter--_IL-8oSOpA6Qnw8PoU-iKmh5rn-FUjtGgbeT-V1_RCM-00297.jpg": {"object_bounding_box": [405, 805, 79, 101], "object_presence": 1}, "P653--money-clip--clutter--_IL-8oSOpA6Qnw8PoU-iKmh5rn-FUjtGgbeT-V1_RCM-00298.jpg": {"object_bounding_box": [400, 793, 81, 93], "object_presence": 1}, "P653--money-clip--clutter--_IL-8oSOpA6Qnw8PoU-iKmh5rn-FUjtGgbeT-V1_RCM-00299.jpg": {"object_bounding_box": [398, 796, 81, 94], "object_presence": 1}, "P653--money-clip--clutter--_IL-8oSOpA6Qnw8PoU-iKmh5rn-FUjtGgbeT-V1_RCM-00300.jpg": {"object_bounding_box": [399, 793, 85, 97], "object_presence": 1}, "P653--money-clip--clutter--_IL-8oSOpA6Qnw8PoU-iKmh5rn-FUjtGgbeT-V1_RCM-00301.jpg": {"object_bounding_box": [406, 779, 82, 101], "object_presence": 1}, "P653--money-clip--clutter--_IL-8oSOpA6Qnw8PoU-iKmh5rn-FUjtGgbeT-V1_RCM-00302.jpg": {"object_bounding_box": [398, 769, 83, 97], "object_presence": 1}, "P653--money-clip--clutter--_IL-8oSOpA6Qnw8PoU-iKmh5rn-FUjtGgbeT-V1_RCM-00303.jpg": {"object_bounding_box": [394, 761, 80, 97], "object_presence": 1}, "P653--money-clip--clutter--_IL-8oSOpA6Qnw8PoU-iKmh5rn-FUjtGgbeT-V1_RCM-00304.jpg": {"object_bounding_box": [404, 757, 79, 93], "object_presence": 1}, "P653--money-clip--clutter--_IL-8oSOpA6Qnw8PoU-iKmh5rn-FUjtGgbeT-V1_RCM-00305.jpg": {"object_bounding_box": [406, 751, 83, 94], "object_presence": 1}, "P653--money-clip--clutter--_IL-8oSOpA6Qnw8PoU-iKmh5rn-FUjtGgbeT-V1_RCM-00306.jpg": {"object_bounding_box": [397, 751, 83, 93], "object_presence": 1}, "P653--money-clip--clutter--_IL-8oSOpA6Qnw8PoU-iKmh5rn-FUjtGgbeT-V1_RCM-00307.jpg": {"object_bounding_box": [390, 750, 85, 95], "object_presence": 1}, "P653--money-clip--clutter--_IL-8oSOpA6Qnw8PoU-iKmh5rn-FUjtGgbeT-V1_RCM-00308.jpg": {"object_bounding_box": [382, 745, 81, 92], "object_presence": 1}, "P653--money-clip--clutter--_IL-8oSOpA6Qnw8PoU-iKmh5rn-FUjtGgbeT-V1_RCM-00309.jpg": {"object_bounding_box": [381, 745, 82, 92], "object_presence": 1}, "P653--money-clip--clutter--_IL-8oSOpA6Qnw8PoU-iKmh5rn-FUjtGgbeT-V1_RCM-00310.jpg": {"object_bounding_box": [387, 751, 86, 93], "object_presence": 1}, "P653--money-clip--clutter--_IL-8oSOpA6Qnw8PoU-iKmh5rn-FUjtGgbeT-V1_RCM-00311.jpg": {"object_bounding_box": [395, 753, 81, 90], "object_presence": 1}, "P653--money-clip--clutter--_IL-8oSOpA6Qnw8PoU-iKmh5rn-FUjtGgbeT-V1_RCM-00312.jpg": {"object_bounding_box": [401, 751, 83, 90], "object_presence": 1}, "P653--money-clip--clutter--_IL-8oSOpA6Qnw8PoU-iKmh5rn-FUjtGgbeT-V1_RCM-00313.jpg": {"object_bounding_box": [414, 747, 82, 91], "object_presence": 1}, "P653--money-clip--clutter--_IL-8oSOpA6Qnw8PoU-iKmh5rn-FUjtGgbeT-V1_RCM-00314.jpg": {"object_bounding_box": [426, 740, 84, 91], "object_presence": 1}, "P653--money-clip--clutter--_IL-8oSOpA6Qnw8PoU-iKmh5rn-FUjtGgbeT-V1_RCM-00315.jpg": {"object_bounding_box": [423, 742, 85, 89], "object_presence": 1}, "P653--money-clip--clutter--_IL-8oSOpA6Qnw8PoU-iKmh5rn-FUjtGgbeT-V1_RCM-00316.jpg": {"object_bounding_box": [419, 752, 83, 95], "object_presence": 1}, "P653--money-clip--clutter--_IL-8oSOpA6Qnw8PoU-iKmh5rn-FUjtGgbeT-V1_RCM-00317.jpg": {"object_bounding_box": [423, 763, 82, 92], "object_presence": 1}, "P653--money-clip--clutter--_IL-8oSOpA6Qnw8PoU-iKmh5rn-FUjtGgbeT-V1_RCM-00318.jpg": {"object_bounding_box": [427, 768, 82, 92], "object_presence": 1}, "P653--money-clip--clutter--_IL-8oSOpA6Qnw8PoU-iKmh5rn-FUjtGgbeT-V1_RCM-00319.jpg": {"object_bounding_box": [437, 774, 80, 94], "object_presence": 1}, "P653--money-clip--clutter--_IL-8oSOpA6Qnw8PoU-iKmh5rn-FUjtGgbeT-V1_RCM-00320.jpg": {"object_bounding_box": [439, 784, 80, 93], "object_presence": 1}, "P653--money-clip--clutter--_IL-8oSOpA6Qnw8PoU-iKmh5rn-FUjtGgbeT-V1_RCM-00321.jpg": {"object_bounding_box": [444, 792, 81, 94], "object_presence": 1}, "P653--money-clip--clutter--_IL-8oSOpA6Qnw8PoU-iKmh5rn-FUjtGgbeT-V1_RCM-00322.jpg": {"object_bounding_box": [450, 795, 80, 91], "object_presence": 1}, "P653--money-clip--clutter--_IL-8oSOpA6Qnw8PoU-iKmh5rn-FUjtGgbeT-V1_RCM-00323.jpg": {"object_bounding_box": [452, 800, 80, 90], "object_presence": 1}, "P653--money-clip--clutter--_IL-8oSOpA6Qnw8PoU-iKmh5rn-FUjtGgbeT-V1_RCM-00324.jpg": {"object_bounding_box": [457, 804, 79, 91], "object_presence": 1}, "P653--money-clip--clutter--_IL-8oSOpA6Qnw8PoU-iKmh5rn-FUjtGgbeT-V1_RCM-00325.jpg": {"object_bounding_box": [455, 811, 78, 90], "object_presence": 1}, "P653--money-clip--clutter--_IL-8oSOpA6Qnw8PoU-iKmh5rn-FUjtGgbeT-V1_RCM-00326.jpg": {"object_bounding_box": [451, 820, 77, 90], "object_presence": 1}, "P653--money-clip--clutter--_IL-8oSOpA6Qnw8PoU-iKmh5rn-FUjtGgbeT-V1_RCM-00327.jpg": {"object_bounding_box": [452, 824, 79, 90], "object_presence": 1}, "P653--money-clip--clutter--_IL-8oSOpA6Qnw8PoU-iKmh5rn-FUjtGgbeT-V1_RCM-00328.jpg": {"object_bounding_box": [449, 821, 79, 92], "object_presence": 1}, "P653--money-clip--clutter--_IL-8oSOpA6Qnw8PoU-iKmh5rn-FUjtGgbeT-V1_RCM-00329.jpg": {"object_bounding_box": [445, 820, 80, 91], "object_presence": 1}, "P653--money-clip--clutter--_IL-8oSOpA6Qnw8PoU-iKmh5rn-FUjtGgbeT-V1_RCM-00330.jpg": {"object_bounding_box": [444, 821, 79, 89], "object_presence": 1}, "P653--money-clip--clutter--_IL-8oSOpA6Qnw8PoU-iKmh5rn-FUjtGgbeT-V1_RCM-00331.jpg": {"object_bounding_box": [440, 822, 79, 90], "object_presence": 1}, "P653--money-clip--clutter--_IL-8oSOpA6Qnw8PoU-iKmh5rn-FUjtGgbeT-V1_RCM-00332.jpg": {"object_bounding_box": [437, 821, 78, 90], "object_presence": 1}, "P653--money-clip--clutter--_IL-8oSOpA6Qnw8PoU-iKmh5rn-FUjtGgbeT-V1_RCM-00333.jpg": {"object_bounding_box": [435, 820, 77, 90], "object_presence": 1}, "P653--money-clip--clutter--_IL-8oSOpA6Qnw8PoU-iKmh5rn-FUjtGgbeT-V1_RCM-00334.jpg": {"object_bounding_box": [429, 819, 79, 91], "object_presence": 1}, "P653--money-clip--clutter--_IL-8oSOpA6Qnw8PoU-iKmh5rn-FUjtGgbeT-V1_RCM-00335.jpg": {"object_bounding_box": [430, 816, 78, 90], "object_presence": 1}, "P653--money-clip--clutter--_IL-8oSOpA6Qnw8PoU-iKmh5rn-FUjtGgbeT-V1_RCM-00336.jpg": {"object_bounding_box": [433, 812, 78, 89], "object_presence": 1}, "P653--money-clip--clutter--_IL-8oSOpA6Qnw8PoU-iKmh5rn-FUjtGgbeT-V1_RCM-00337.jpg": {"object_bounding_box": [434, 808, 76, 88], "object_presence": 1}, "P653--money-clip--clutter--_IL-8oSOpA6Qnw8PoU-iKmh5rn-FUjtGgbeT-V1_RCM-00338.jpg": {"object_bounding_box": [434, 804, 78, 89], "object_presence": 1}, "P653--money-clip--clutter--_IL-8oSOpA6Qnw8PoU-iKmh5rn-FUjtGgbeT-V1_RCM-00339.jpg": {"object_bounding_box": [439, 794, 75, 90], "object_presence": 1}, "P653--money-clip--clutter--_IL-8oSOpA6Qnw8PoU-iKmh5rn-FUjtGgbeT-V1_RCM-00340.jpg": {"object_bounding_box": [440, 789, 78, 88], "object_presence": 1}, "P653--money-clip--clutter--_IL-8oSOpA6Qnw8PoU-iKmh5rn-FUjtGgbeT-V1_RCM-00341.jpg": {"object_bounding_box": [441, 790, 77, 86], "object_presence": 1}, "P653--money-clip--clutter--_IL-8oSOpA6Qnw8PoU-iKmh5rn-FUjtGgbeT-V1_RCM-00342.jpg": {"object_bounding_box": [432, 791, 79, 87], "object_presence": 1}, "P653--money-clip--clutter--_IL-8oSOpA6Qnw8PoU-iKmh5rn-FUjtGgbeT-V1_RCM-00343.jpg": {"object_bounding_box": [425, 791, 77, 88], "object_presence": 1}, "P653--money-clip--clutter--_IL-8oSOpA6Qnw8PoU-iKmh5rn-FUjtGgbeT-V1_RCM-00344.jpg": {"object_bounding_box": [424, 788, 77, 87], "object_presence": 1}, "P653--money-clip--clutter--_IL-8oSOpA6Qnw8PoU-iKmh5rn-FUjtGgbeT-V1_RCM-00345.jpg": {"object_bounding_box": [429, 782, 74, 87], "object_presence": 1}, "P653--money-clip--clutter--_IL-8oSOpA6Qnw8PoU-iKmh5rn-FUjtGgbeT-V1_RCM-00346.jpg": {"object_bounding_box": [429, 776, 76, 86], "object_presence": 1}, "P653--money-clip--clutter--_IL-8oSOpA6Qnw8PoU-iKmh5rn-FUjtGgbeT-V1_RCM-00347.jpg": {"object_bounding_box": [428, 770, 74, 85], "object_presence": 1}, "P653--money-clip--clutter--_IL-8oSOpA6Qnw8PoU-iKmh5rn-FUjtGgbeT-V1_RCM-00348.jpg": {"object_bounding_box": [426, 768, 75, 85], "object_presence": 1}, "P653--money-clip--clutter--_IL-8oSOpA6Qnw8PoU-iKmh5rn-FUjtGgbeT-V1_RCM-00349.jpg": {"object_bounding_box": [420, 761, 76, 85], "object_presence": 1}, "P653--money-clip--clutter--_IL-8oSOpA6Qnw8PoU-iKmh5rn-FUjtGgbeT-V1_RCM-00350.jpg": {"object_bounding_box": [411, 756, 78, 84], "object_presence": 1}, "P653--money-clip--clutter--_IL-8oSOpA6Qnw8PoU-iKmh5rn-FUjtGgbeT-V1_RCM-00351.jpg": {"object_bounding_box": [399, 759, 76, 86], "object_presence": 1}, "P653--money-clip--clutter--_IL-8oSOpA6Qnw8PoU-iKmh5rn-FUjtGgbeT-V1_RCM-00352.jpg": {"object_bounding_box": [387, 765, 73, 83], "object_presence": 1}, "P653--money-clip--clutter--_IL-8oSOpA6Qnw8PoU-iKmh5rn-FUjtGgbeT-V1_RCM-00353.jpg": {"object_bounding_box": [381, 765, 73, 84], "object_presence": 1}, "P653--money-clip--clutter--_IL-8oSOpA6Qnw8PoU-iKmh5rn-FUjtGgbeT-V1_RCM-00354.jpg": {"object_bounding_box": [378, 765, 74, 84], "object_presence": 1}, "P653--money-clip--clutter--_IL-8oSOpA6Qnw8PoU-iKmh5rn-FUjtGgbeT-V1_RCM-00355.jpg": {"object_bounding_box": [369, 766, 75, 85], "object_presence": 1}, "P653--money-clip--clutter--_IL-8oSOpA6Qnw8PoU-iKmh5rn-FUjtGgbeT-V1_RCM-00356.jpg": {"object_bounding_box": [365, 771, 73, 84], "object_presence": 1}, "P653--money-clip--clutter--_IL-8oSOpA6Qnw8PoU-iKmh5rn-FUjtGgbeT-V1_RCM-00357.jpg": {"object_bounding_box": [361, 775, 74, 84], "object_presence": 1}, "P653--money-clip--clutter--_IL-8oSOpA6Qnw8PoU-iKmh5rn-FUjtGgbeT-V1_RCM-00358.jpg": {"object_bounding_box": [362, 777, 74, 86], "object_presence": 1}, "P653--money-clip--clutter--_IL-8oSOpA6Qnw8PoU-iKmh5rn-FUjtGgbeT-V1_RCM-00359.jpg": {"object_bounding_box": [363, 781, 73, 85], "object_presence": 1}, "P653--money-clip--clutter--_IL-8oSOpA6Qnw8PoU-iKmh5rn-FUjtGgbeT-V1_RCM-00360.jpg": {"object_bounding_box": [367, 783, 72, 84], "object_presence": 1}, "P653--money-clip--clutter--_IL-8oSOpA6Qnw8PoU-iKmh5rn-FUjtGgbeT-V1_RCM-00361.jpg": {"object_bounding_box": [370, 782, 72, 84], "object_presence": 1}, "P653--money-clip--clutter--_IL-8oSOpA6Qnw8PoU-iKmh5rn-FUjtGgbeT-V1_RCM-00362.jpg": {"object_bounding_box": [374, 783, 74, 86], "object_presence": 1}, "P653--money-clip--clutter--_IL-8oSOpA6Qnw8PoU-iKmh5rn-FUjtGgbeT-V1_RCM-00363.jpg": {"object_bounding_box": [373, 789, 74, 85], "object_presence": 1}, "P653--money-clip--clutter--_IL-8oSOpA6Qnw8PoU-iKmh5rn-FUjtGgbeT-V1_RCM-00364.jpg": {"object_bounding_box": [369, 788, 74, 85], "object_presence": 1}, "P653--money-clip--clutter--_IL-8oSOpA6Qnw8PoU-iKmh5rn-FUjtGgbeT-V1_RCM-00365.jpg": {"object_bounding_box": [373, 784, 73, 85], "object_presence": 1}, "P653--money-clip--clutter--_IL-8oSOpA6Qnw8PoU-iKmh5rn-FUjtGgbeT-V1_RCM-00366.jpg": {"object_bounding_box": [380, 777, 72, 84], "object_presence": 1}, "P653--money-clip--clutter--_IL-8oSOpA6Qnw8PoU-iKmh5rn-FUjtGgbeT-V1_RCM-00367.jpg": {"object_bounding_box": [387, 770, 74, 85], "object_presence": 1}, "P653--money-clip--clutter--_IL-8oSOpA6Qnw8PoU-iKmh5rn-FUjtGgbeT-V1_RCM-00368.jpg": {"object_bounding_box": [388, 769, 71, 84], "object_presence": 1}, "P653--money-clip--clutter--_IL-8oSOpA6Qnw8PoU-iKmh5rn-FUjtGgbeT-V1_RCM-00369.jpg": {"object_bounding_box": [383, 771, 73, 83], "object_presence": 1}, "P653--money-clip--clutter--_IL-8oSOpA6Qnw8PoU-iKmh5rn-FUjtGgbeT-V1_RCM-00370.jpg": {"object_bounding_box": [379, 768, 73, 85], "object_presence": 1}, "P653--money-clip--clutter--_IL-8oSOpA6Qnw8PoU-iKmh5rn-FUjtGgbeT-V1_RCM-00371.jpg": {"object_bounding_box": [375, 765, 72, 83], "object_presence": 1}, "P653--money-clip--clutter--_IL-8oSOpA6Qnw8PoU-iKmh5rn-FUjtGgbeT-V1_RCM-00372.jpg": {"object_bounding_box": [374, 765, 73, 84], "object_presence": 1}, "P653--money-clip--clutter--_IL-8oSOpA6Qnw8PoU-iKmh5rn-FUjtGgbeT-V1_RCM-00373.jpg": {"object_bounding_box": [369, 766, 71, 83], "object_presence": 1}, "P653--money-clip--clutter--_IL-8oSOpA6Qnw8PoU-iKmh5rn-FUjtGgbeT-V1_RCM-00374.jpg": {"object_bounding_box": [364, 767, 72, 82], "object_presence": 1}, "P653--money-clip--clutter--_IL-8oSOpA6Qnw8PoU-iKmh5rn-FUjtGgbeT-V1_RCM-00375.jpg": {"object_bounding_box": [360, 771, 72, 83], "object_presence": 1}, "P653--money-clip--clutter--_IL-8oSOpA6Qnw8PoU-iKmh5rn-FUjtGgbeT-V1_RCM-00376.jpg": {"object_bounding_box": [360, 777, 70, 82], "object_presence": 1}, "P653--money-clip--clutter--_IL-8oSOpA6Qnw8PoU-iKmh5rn-FUjtGgbeT-V1_RCM-00377.jpg": {"object_bounding_box": [363, 776, 71, 81], "object_presence": 1}, "P653--money-clip--clutter--_IL-8oSOpA6Qnw8PoU-iKmh5rn-FUjtGgbeT-V1_RCM-00378.jpg": {"object_bounding_box": [372, 771, 70, 82], "object_presence": 1}, "P653--money-clip--clutter--_IL-8oSOpA6Qnw8PoU-iKmh5rn-FUjtGgbeT-V1_RCM-00379.jpg": {"object_bounding_box": [381, 769, 69, 81], "object_presence": 1}, "P653--money-clip--clutter--_IL-8oSOpA6Qnw8PoU-iKmh5rn-FUjtGgbeT-V1_RCM-00380.jpg": {"object_bounding_box": [387, 768, 70, 80], "object_presence": 1}, "P653--money-clip--clutter--_IL-8oSOpA6Qnw8PoU-iKmh5rn-FUjtGgbeT-V1_RCM-00381.jpg": {"object_bounding_box": [389, 768, 68, 81], "object_presence": 1}, "P653--money-clip--clutter--_IL-8oSOpA6Qnw8PoU-iKmh5rn-FUjtGgbeT-V1_RCM-00382.jpg": {"object_bounding_box": [391, 771, 69, 81], "object_presence": 1}, "P653--money-clip--clutter--_IL-8oSOpA6Qnw8PoU-iKmh5rn-FUjtGgbeT-V1_RCM-00383.jpg": {"object_bounding_box": [389, 769, 71, 82], "object_presence": 1}, "P653--money-clip--clutter--_IL-8oSOpA6Qnw8PoU-iKmh5rn-FUjtGgbeT-V1_RCM-00384.jpg": {"object_bounding_box": [388, 766, 71, 80], "object_presence": 1}, "P653--money-clip--clutter--_IL-8oSOpA6Qnw8PoU-iKmh5rn-FUjtGgbeT-V1_RCM-00385.jpg": {"object_bounding_box": [395, 764, 70, 80], "object_presence": 1}, "P653--money-clip--clutter--_IL-8oSOpA6Qnw8PoU-iKmh5rn-FUjtGgbeT-V1_RCM-00386.jpg": {"object_bounding_box": [395, 765, 68, 80], "object_presence": 1}, "P653--money-clip--clutter--_IL-8oSOpA6Qnw8PoU-iKmh5rn-FUjtGgbeT-V1_RCM-00387.jpg": {"object_bounding_box": [386, 769, 66, 79], "object_presence": 1}, "P653--money-clip--clutter--_IL-8oSOpA6Qnw8PoU-iKmh5rn-FUjtGgbeT-V1_RCM-00388.jpg": {"object_bounding_box": [382, 772, 68, 79], "object_presence": 1}, "P653--money-clip--clutter--_IL-8oSOpA6Qnw8PoU-iKmh5rn-FUjtGgbeT-V1_RCM-00389.jpg": {"object_bounding_box": [383, 773, 67, 79], "object_presence": 1}, "P653--money-clip--clutter--_IL-8oSOpA6Qnw8PoU-iKmh5rn-FUjtGgbeT-V1_RCM-00390.jpg": {"object_bounding_box": [374, 775, 71, 79], "object_presence": 1}, "P653--money-clip--clutter--_IL-8oSOpA6Qnw8PoU-iKmh5rn-FUjtGgbeT-V1_RCM-00391.jpg": {"object_bounding_box": [365, 781, 70, 78], "object_presence": 1}, "P653--money-clip--clutter--_IL-8oSOpA6Qnw8PoU-iKmh5rn-FUjtGgbeT-V1_RCM-00392.jpg": {"object_bounding_box": [364, 783, 68, 80], "object_presence": 1}, "P653--money-clip--clutter--_IL-8oSOpA6Qnw8PoU-iKmh5rn-FUjtGgbeT-V1_RCM-00393.jpg": {"object_bounding_box": [362, 782, 68, 80], "object_presence": 1}, "P653--money-clip--clutter--_IL-8oSOpA6Qnw8PoU-iKmh5rn-FUjtGgbeT-V1_RCM-00394.jpg": {"object_bounding_box": [357, 784, 69, 79], "object_presence": 1}, "P653--money-clip--clutter--_IL-8oSOpA6Qnw8PoU-iKmh5rn-FUjtGgbeT-V1_RCM-00395.jpg": {"object_bounding_box": [352, 787, 67, 80], "object_presence": 1}, "P653--money-clip--clutter--_IL-8oSOpA6Qnw8PoU-iKmh5rn-FUjtGgbeT-V1_RCM-00396.jpg": {"object_bounding_box": [347, 789, 67, 80], "object_presence": 1}, "P653--money-clip--clutter--_IL-8oSOpA6Qnw8PoU-iKmh5rn-FUjtGgbeT-V1_RCM-00397.jpg": {"object_bounding_box": [346, 791, 68, 80], "object_presence": 1}, "P653--money-clip--clutter--_IL-8oSOpA6Qnw8PoU-iKmh5rn-FUjtGgbeT-V1_RCM-00398.jpg": {"object_bounding_box": [346, 792, 68, 80], "object_presence": 1}, "P653--money-clip--clutter--_IL-8oSOpA6Qnw8PoU-iKmh5rn-FUjtGgbeT-V1_RCM-00399.jpg": {"object_bounding_box": [347, 795, 68, 80], "object_presence": 1}, "P653--money-clip--clutter--_IL-8oSOpA6Qnw8PoU-iKmh5rn-FUjtGgbeT-V1_RCM-00400.jpg": {"object_bounding_box": [347, 801, 70, 81], "object_presence": 1}, "P653--money-clip--clutter--_IL-8oSOpA6Qnw8PoU-iKmh5rn-FUjtGgbeT-V1_RCM-00401.jpg": {"object_bounding_box": [345, 806, 69, 80], "object_presence": 1}, "P653--money-clip--clutter--_IL-8oSOpA6Qnw8PoU-iKmh5rn-FUjtGgbeT-V1_RCM-00402.jpg": {"object_bounding_box": [346, 806, 69, 80], "object_presence": 1}, "P653--money-clip--clutter--_IL-8oSOpA6Qnw8PoU-iKmh5rn-FUjtGgbeT-V1_RCM-00403.jpg": {"object_bounding_box": [346, 803, 69, 79], "object_presence": 1}, "P653--money-clip--clutter--_IL-8oSOpA6Qnw8PoU-iKmh5rn-FUjtGgbeT-V1_RCM-00404.jpg": {"object_bounding_box": [347, 802, 69, 79], "object_presence": 1}, "P653--money-clip--clutter--_IL-8oSOpA6Qnw8PoU-iKmh5rn-FUjtGgbeT-V1_RCM-00405.jpg": {"object_bounding_box": [345, 801, 68, 79], "object_presence": 1}, "P653--money-clip--clutter--_IL-8oSOpA6Qnw8PoU-iKmh5rn-FUjtGgbeT-V1_RCM-00406.jpg": {"object_bounding_box": [343, 795, 68, 80], "object_presence": 1}, "P653--money-clip--clutter--_IL-8oSOpA6Qnw8PoU-iKmh5rn-FUjtGgbeT-V1_RCM-00407.jpg": {"object_bounding_box": [340, 791, 68, 79], "object_presence": 1}, "P653--money-clip--clutter--_IL-8oSOpA6Qnw8PoU-iKmh5rn-FUjtGgbeT-V1_RCM-00408.jpg": {"object_bounding_box": [338, 792, 67, 79], "object_presence": 1}, "P653--money-clip--clutter--_IL-8oSOpA6Qnw8PoU-iKmh5rn-FUjtGgbeT-V1_RCM-00409.jpg": {"object_bounding_box": [330, 798, 69, 77], "object_presence": 1}, "P653--money-clip--clutter--_IL-8oSOpA6Qnw8PoU-iKmh5rn-FUjtGgbeT-V1_RCM-00410.jpg": {"object_bounding_box": [325, 799, 68, 79], "object_presence": 1}, "P653--money-clip--clutter--_IL-8oSOpA6Qnw8PoU-iKmh5rn-FUjtGgbeT-V1_RCM-00411.jpg": {"object_bounding_box": [325, 797, 68, 77], "object_presence": 1}, "P653--money-clip--clutter--_IL-8oSOpA6Qnw8PoU-iKmh5rn-FUjtGgbeT-V1_RCM-00412.jpg": {"object_bounding_box": [329, 794, 68, 78], "object_presence": 1}, "P653--money-clip--clutter--_IL-8oSOpA6Qnw8PoU-iKmh5rn-FUjtGgbeT-V1_RCM-00413.jpg": {"object_bounding_box": [331, 791, 68, 79], "object_presence": 1}, "P653--money-clip--clutter--_IL-8oSOpA6Qnw8PoU-iKmh5rn-FUjtGgbeT-V1_RCM-00414.jpg": {"object_bounding_box": [331, 791, 68, 77], "object_presence": 1}, "P653--money-clip--clutter--_IL-8oSOpA6Qnw8PoU-iKmh5rn-FUjtGgbeT-V1_RCM-00415.jpg": {"object_bounding_box": [330, 789, 68, 77], "object_presence": 1}, "P653--money-clip--clutter--_IL-8oSOpA6Qnw8PoU-iKmh5rn-FUjtGgbeT-V1_RCM-00416.jpg": {"object_bounding_box": [333, 784, 66, 77], "object_presence": 1}, "P653--money-clip--clutter--_IL-8oSOpA6Qnw8PoU-iKmh5rn-FUjtGgbeT-V1_RCM-00417.jpg": {"object_bounding_box": [336, 775, 67, 77], "object_presence": 1}, "P653--money-clip--clutter--_IL-8oSOpA6Qnw8PoU-iKmh5rn-FUjtGgbeT-V1_RCM-00418.jpg": {"object_bounding_box": [343, 771, 67, 77], "object_presence": 1}, "P653--money-clip--clutter--_IL-8oSOpA6Qnw8PoU-iKmh5rn-FUjtGgbeT-V1_RCM-00419.jpg": {"object_bounding_box": [345, 769, 68, 76], "object_presence": 1}, "P653--money-clip--clutter--_IL-8oSOpA6Qnw8PoU-iKmh5rn-FUjtGgbeT-V1_RCM-00420.jpg": {"object_bounding_box": [343, 766, 66, 77], "object_presence": 1}, "P653--money-clip--clutter--_IL-8oSOpA6Qnw8PoU-iKmh5rn-FUjtGgbeT-V1_RCM-00421.jpg": {"object_bounding_box": [342, 761, 67, 77], "object_presence": 1}, "P653--money-clip--clutter--_IL-8oSOpA6Qnw8PoU-iKmh5rn-FUjtGgbeT-V1_RCM-00422.jpg": {"object_bounding_box": [345, 754, 68, 78], "object_presence": 1}, "P653--money-clip--clutter--_IL-8oSOpA6Qnw8PoU-iKmh5rn-FUjtGgbeT-V1_RCM-00423.jpg": {"object_bounding_box": [345, 748, 67, 79], "object_presence": 1}, "P653--money-clip--clutter--_IL-8oSOpA6Qnw8PoU-iKmh5rn-FUjtGgbeT-V1_RCM-00424.jpg": {"object_bounding_box": [339, 750, 67, 78], "object_presence": 1}, "P653--money-clip--clutter--_IL-8oSOpA6Qnw8PoU-iKmh5rn-FUjtGgbeT-V1_RCM-00425.jpg": {"object_bounding_box": [333, 750, 68, 77], "object_presence": 1}, "P653--money-clip--clutter--_IL-8oSOpA6Qnw8PoU-iKmh5rn-FUjtGgbeT-V1_RCM-00426.jpg": {"object_bounding_box": [334, 728, 67, 85], "object_presence": 1}, "P653--money-clip--clutter--_IL-8oSOpA6Qnw8PoU-iKmh5rn-FUjtGgbeT-V1_RCM-00427.jpg": {"object_bounding_box": [347, 704, 68, 87], "object_presence": 1}, "P653--money-clip--clutter--_IL-8oSOpA6Qnw8PoU-iKmh5rn-FUjtGgbeT-V1_RCM-00428.jpg": {"object_bounding_box": [360, 694, 62, 75], "object_presence": 1}, "P653--money-clip--clutter--_IL-8oSOpA6Qnw8PoU-iKmh5rn-FUjtGgbeT-V1_RCM-00429.jpg": {"object_bounding_box": [352, 692, 65, 73], "object_presence": 1}, "P653--money-clip--clutter--_IL-8oSOpA6Qnw8PoU-iKmh5rn-FUjtGgbeT-V1_RCM-00430.jpg": {"object_bounding_box": [338, 701, 64, 76], "object_presence": 1}, "P653--money-clip--clutter--_IL-8oSOpA6Qnw8PoU-iKmh5rn-FUjtGgbeT-V1_RCM-00431.jpg": {"object_bounding_box": [325, 711, 66, 74], "object_presence": 1}, "P653--money-clip--clutter--_IL-8oSOpA6Qnw8PoU-iKmh5rn-FUjtGgbeT-V1_RCM-00432.jpg": {"object_bounding_box": [322, 715, 66, 75], "object_presence": 1}, "P653--money-clip--clutter--_IL-8oSOpA6Qnw8PoU-iKmh5rn-FUjtGgbeT-V1_RCM-00433.jpg": {"object_bounding_box": [317, 716, 65, 75], "object_presence": 1}, "P653--money-clip--clutter--_IL-8oSOpA6Qnw8PoU-iKmh5rn-FUjtGgbeT-V1_RCM-00434.jpg": {"object_bounding_box": [315, 717, 65, 76], "object_presence": 1}, "P653--money-clip--clutter--_IL-8oSOpA6Qnw8PoU-iKmh5rn-FUjtGgbeT-V1_RCM-00435.jpg": {"object_bounding_box": [314, 716, 65, 77], "object_presence": 1}, "P653--money-clip--clutter--_IL-8oSOpA6Qnw8PoU-iKmh5rn-FUjtGgbeT-V1_RCM-00436.jpg": {"object_bounding_box": [315, 707, 65, 75], "object_presence": 1}, "P653--money-clip--clutter--_IL-8oSOpA6Qnw8PoU-iKmh5rn-FUjtGgbeT-V1_RCM-00437.jpg": {"object_bounding_box": [322, 703, 67, 75], "object_presence": 1}, "P653--money-clip--clutter--_IL-8oSOpA6Qnw8PoU-iKmh5rn-FUjtGgbeT-V1_RCM-00438.jpg": {"object_bounding_box": [327, 704, 66, 75], "object_presence": 1}, "P653--money-clip--clutter--_IL-8oSOpA6Qnw8PoU-iKmh5rn-FUjtGgbeT-V1_RCM-00439.jpg": {"object_bounding_box": [324, 708, 65, 75], "object_presence": 1}, "P653--money-clip--clutter--_IL-8oSOpA6Qnw8PoU-iKmh5rn-FUjtGgbeT-V1_RCM-00440.jpg": {"object_bounding_box": [325, 706, 65, 74], "object_presence": 1}, "P653--money-clip--clutter--_IL-8oSOpA6Qnw8PoU-iKmh5rn-FUjtGgbeT-V1_RCM-00441.jpg": {"object_bounding_box": [334, 692, 63, 79], "object_presence": 1}, "P653--money-clip--clutter--_IL-8oSOpA6Qnw8PoU-iKmh5rn-FUjtGgbeT-V1_RCM-00442.jpg": {"object_bounding_box": [350, 682, 63, 76], "object_presence": 1}, "P653--money-clip--clutter--_IL-8oSOpA6Qnw8PoU-iKmh5rn-FUjtGgbeT-V1_RCM-00443.jpg": {"object_bounding_box": [355, 677, 63, 74], "object_presence": 1}, "P653--money-clip--clutter--_IL-8oSOpA6Qnw8PoU-iKmh5rn-FUjtGgbeT-V1_RCM-00444.jpg": {"object_bounding_box": [359, 674, 65, 73], "object_presence": 1}, "P653--money-clip--clutter--_IL-8oSOpA6Qnw8PoU-iKmh5rn-FUjtGgbeT-V1_RCM-00445.jpg": {"object_bounding_box": [365, 667, 63, 72], "object_presence": 1}, "P653--money-clip--clutter--_IL-8oSOpA6Qnw8PoU-iKmh5rn-FUjtGgbeT-V1_RCM-00446.jpg": {"object_bounding_box": [373, 665, 63, 72], "object_presence": 1}, "P653--money-clip--clutter--_IL-8oSOpA6Qnw8PoU-iKmh5rn-FUjtGgbeT-V1_RCM-00447.jpg": {"object_bounding_box": [375, 668, 62, 73], "object_presence": 1}, "P653--money-clip--clutter--_IL-8oSOpA6Qnw8PoU-iKmh5rn-FUjtGgbeT-V1_RCM-00448.jpg": {"object_bounding_box": [376, 673, 60, 72], "object_presence": 1}, "P653--money-clip--clutter--_IL-8oSOpA6Qnw8PoU-iKmh5rn-FUjtGgbeT-V1_RCM-00449.jpg": {"object_bounding_box": [377, 673, 60, 73], "object_presence": 1}, "P653--money-clip--clutter--_IL-8oSOpA6Qnw8PoU-iKmh5rn-FUjtGgbeT-V1_RCM-00450.jpg": {"object_bounding_box": [377, 669, 60, 73], "object_presence": 1}, "P653--money-clip--clutter--_IL-8oSOpA6Qnw8PoU-iKmh5rn-FUjtGgbeT-V1_RCM-00451.jpg": {"object_bounding_box": [379, 666, 61, 73], "object_presence": 1}, "P653--money-clip--clutter--_IL-8oSOpA6Qnw8PoU-iKmh5rn-FUjtGgbeT-V1_RCM-00452.jpg": {"object_bounding_box": [376, 666, 62, 73], "object_presence": 1}, "P653--money-clip--clutter--_IL-8oSOpA6Qnw8PoU-iKmh5rn-FUjtGgbeT-V1_RCM-00453.jpg": {"object_bounding_box": [374, 663, 62, 73], "object_presence": 1}, "P653--money-clip--clutter--_IL-8oSOpA6Qnw8PoU-iKmh5rn-FUjtGgbeT-V1_RCM-00454.jpg": {"object_bounding_box": [370, 655, 63, 74], "object_presence": 1}, "P653--money-clip--clutter--_IL-8oSOpA6Qnw8PoU-iKmh5rn-FUjtGgbeT-V1_RCM-00455.jpg": {"object_bounding_box": [371, 650, 63, 73], "object_presence": 1}, "P653--money-clip--clutter--_IL-8oSOpA6Qnw8PoU-iKmh5rn-FUjtGgbeT-V1_RCM-00456.jpg": {"object_bounding_box": [365, 654, 65, 72], "object_presence": 1}, "P653--money-clip--clutter--_IL-8oSOpA6Qnw8PoU-iKmh5rn-FUjtGgbeT-V1_RCM-00457.jpg": {"object_bounding_box": [351, 660, 63, 73], "object_presence": 1}, "P653--money-clip--clutter--_IL-8oSOpA6Qnw8PoU-iKmh5rn-FUjtGgbeT-V1_RCM-00458.jpg": {"object_bounding_box": [347, 652, 63, 75], "object_presence": 1}, "P653--money-clip--clutter--_IL-8oSOpA6Qnw8PoU-iKmh5rn-FUjtGgbeT-V1_RCM-00459.jpg": {"object_bounding_box": [353, 641, 63, 76], "object_presence": 1}, "P653--money-clip--clutter--_IL-8oSOpA6Qnw8PoU-iKmh5rn-FUjtGgbeT-V1_RCM-00460.jpg": {"object_bounding_box": [359, 636, 62, 69], "object_presence": 1}, "P653--money-clip--clutter--_IL-8oSOpA6Qnw8PoU-iKmh5rn-FUjtGgbeT-V1_RCM-00461.jpg": {"object_bounding_box": [353, 637, 61, 69], "object_presence": 1}, "P653--money-clip--clutter--_IL-8oSOpA6Qnw8PoU-iKmh5rn-FUjtGgbeT-V1_RCM-00462.jpg": {"object_bounding_box": [345, 639, 60, 72], "object_presence": 1}, "P653--money-clip--clutter--_IL-8oSOpA6Qnw8PoU-iKmh5rn-FUjtGgbeT-V1_RCM-00463.jpg": {"object_bounding_box": [346, 637, 60, 71], "object_presence": 1}, "P653--money-clip--clutter--_IL-8oSOpA6Qnw8PoU-iKmh5rn-FUjtGgbeT-V1_RCM-00464.jpg": {"object_bounding_box": [339, 639, 59, 70], "object_presence": 1}, "P653--money-clip--clutter--_IL-8oSOpA6Qnw8PoU-iKmh5rn-FUjtGgbeT-V1_RCM-00465.jpg": {"object_bounding_box": [331, 641, 59, 71], "object_presence": 1}, "P653--money-clip--clutter--_IL-8oSOpA6Qnw8PoU-iKmh5rn-FUjtGgbeT-V1_RCM-00466.jpg": {"object_bounding_box": [331, 634, 59, 72], "object_presence": 1}, "P653--money-clip--clutter--_IL-8oSOpA6Qnw8PoU-iKmh5rn-FUjtGgbeT-V1_RCM-00467.jpg": {"object_bounding_box": [335, 626, 61, 71], "object_presence": 1}, "P653--money-clip--clutter--_IL-8oSOpA6Qnw8PoU-iKmh5rn-FUjtGgbeT-V1_RCM-00468.jpg": {"object_bounding_box": [345, 619, 60, 70], "object_presence": 1}, "P653--money-clip--clutter--_IL-8oSOpA6Qnw8PoU-iKmh5rn-FUjtGgbeT-V1_RCM-00469.jpg": {"object_bounding_box": [346, 617, 61, 70], "object_presence": 1}, "P653--money-clip--clutter--_IL-8oSOpA6Qnw8PoU-iKmh5rn-FUjtGgbeT-V1_RCM-00470.jpg": {"object_bounding_box": [344, 619, 61, 71], "object_presence": 1}, "P653--money-clip--clutter--_IL-8oSOpA6Qnw8PoU-iKmh5rn-FUjtGgbeT-V1_RCM-00471.jpg": {"object_bounding_box": [343, 624, 59, 71], "object_presence": 1}, "P653--money-clip--clutter--_IL-8oSOpA6Qnw8PoU-iKmh5rn-FUjtGgbeT-V1_RCM-00472.jpg": {"object_bounding_box": [342, 626, 59, 72], "object_presence": 1}, "P653--money-clip--clutter--_IL-8oSOpA6Qnw8PoU-iKmh5rn-FUjtGgbeT-V1_RCM-00473.jpg": {"object_bounding_box": [338, 628, 60, 71], "object_presence": 1}, "P653--money-clip--clutter--_IL-8oSOpA6Qnw8PoU-iKmh5rn-FUjtGgbeT-V1_RCM-00474.jpg": {"object_bounding_box": [339, 630, 60, 71], "object_presence": 1}, "P653--money-clip--clutter--_IL-8oSOpA6Qnw8PoU-iKmh5rn-FUjtGgbeT-V1_RCM-00475.jpg": {"object_bounding_box": [340, 630, 61, 70], "object_presence": 1}, "P653--money-clip--clutter--_IL-8oSOpA6Qnw8PoU-iKmh5rn-FUjtGgbeT-V1_RCM-00476.jpg": {"object_bounding_box": [340, 628, 60, 71], "object_presence": 1}, "P653--money-clip--clutter--_IL-8oSOpA6Qnw8PoU-iKmh5rn-FUjtGgbeT-V1_RCM-00477.jpg": {"object_bounding_box": [345, 623, 59, 71], "object_presence": 1}, "P653--money-clip--clutter--_IL-8oSOpA6Qnw8PoU-iKmh5rn-FUjtGgbeT-V1_RCM-00478.jpg": {"object_bounding_box": [349, 614, 59, 72], "object_presence": 1}, "P653--money-clip--clutter--_IL-8oSOpA6Qnw8PoU-iKmh5rn-FUjtGgbeT-V1_RCM-00479.jpg": {"object_bounding_box": [352, 608, 60, 72], "object_presence": 1}, "P653--money-clip--clutter--_IL-8oSOpA6Qnw8PoU-iKmh5rn-FUjtGgbeT-V1_RCM-00480.jpg": {"object_bounding_box": [356, 608, 61, 72], "object_presence": 1}, "P653--money-clip--clutter--_IL-8oSOpA6Qnw8PoU-iKmh5rn-FUjtGgbeT-V1_RCM-00481.jpg": {"object_bounding_box": [352, 613, 60, 72], "object_presence": 1}, "P653--money-clip--clutter--_IL-8oSOpA6Qnw8PoU-iKmh5rn-FUjtGgbeT-V1_RCM-00482.jpg": {"object_bounding_box": [346, 622, 61, 70], "object_presence": 1}, "P653--money-clip--clutter--_IL-8oSOpA6Qnw8PoU-iKmh5rn-FUjtGgbeT-V1_RCM-00483.jpg": {"object_bounding_box": [342, 626, 59, 69], "object_presence": 1}, "P653--money-clip--clutter--_IL-8oSOpA6Qnw8PoU-iKmh5rn-FUjtGgbeT-V1_RCM-00484.jpg": {"object_bounding_box": [342, 623, 59, 70], "object_presence": 1}, "P653--money-clip--clutter--_IL-8oSOpA6Qnw8PoU-iKmh5rn-FUjtGgbeT-V1_RCM-00485.jpg": {"object_bounding_box": [347, 619, 59, 70], "object_presence": 1}, "P653--money-clip--clutter--_IL-8oSOpA6Qnw8PoU-iKmh5rn-FUjtGgbeT-V1_RCM-00486.jpg": {"object_bounding_box": [352, 617, 59, 69], "object_presence": 1}, "P653--money-clip--clutter--_IL-8oSOpA6Qnw8PoU-iKmh5rn-FUjtGgbeT-V1_RCM-00487.jpg": {"object_bounding_box": [353, 620, 58, 69], "object_presence": 1}, "P653--money-clip--clutter--_IL-8oSOpA6Qnw8PoU-iKmh5rn-FUjtGgbeT-V1_RCM-00488.jpg": {"object_bounding_box": [352, 628, 59, 69], "object_presence": 1}, "P653--money-clip--clutter--_IL-8oSOpA6Qnw8PoU-iKmh5rn-FUjtGgbeT-V1_RCM-00489.jpg": {"object_bounding_box": [348, 636, 59, 70], "object_presence": 1}, "P653--money-clip--clutter--_IL-8oSOpA6Qnw8PoU-iKmh5rn-FUjtGgbeT-V1_RCM-00490.jpg": {"object_bounding_box": [345, 643, 59, 69], "object_presence": 1}, "P653--money-clip--clutter--_IL-8oSOpA6Qnw8PoU-iKmh5rn-FUjtGgbeT-V1_RCM-00491.jpg": {"object_bounding_box": [342, 648, 59, 70], "object_presence": 1}, "P653--money-clip--clutter--_IL-8oSOpA6Qnw8PoU-iKmh5rn-FUjtGgbeT-V1_RCM-00492.jpg": {"object_bounding_box": [343, 653, 59, 70], "object_presence": 1}, "P653--money-clip--clutter--_IL-8oSOpA6Qnw8PoU-iKmh5rn-FUjtGgbeT-V1_RCM-00493.jpg": {"object_bounding_box": [342, 656, 59, 68], "object_presence": 1}, "P653--money-clip--clutter--_IL-8oSOpA6Qnw8PoU-iKmh5rn-FUjtGgbeT-V1_RCM-00494.jpg": {"object_bounding_box": [347, 655, 60, 70], "object_presence": 1}, "P653--money-clip--clutter--_IL-8oSOpA6Qnw8PoU-iKmh5rn-FUjtGgbeT-V1_RCM-00495.jpg": {"object_bounding_box": [360, 654, 56, 68], "object_presence": 1}, "P653--money-clip--clutter--_IL-8oSOpA6Qnw8PoU-iKmh5rn-FUjtGgbeT-V1_RCM-00496.jpg": {"object_bounding_box": [366, 655, 55, 69], "object_presence": 1}, "P653--money-clip--clutter--_IL-8oSOpA6Qnw8PoU-iKmh5rn-FUjtGgbeT-V1_RCM-00497.jpg": {"object_bounding_box": [365, 664, 54, 69], "object_presence": 1}, "P653--money-clip--clutter--_IL-8oSOpA6Qnw8PoU-iKmh5rn-FUjtGgbeT-V1_RCM-00498.jpg": {"object_bounding_box": [360, 675, 55, 67], "object_presence": 1}, "P653--money-clip--clutter--_IL-8oSOpA6Qnw8PoU-iKmh5rn-FUjtGgbeT-V1_RCM-00499.jpg": {"object_bounding_box": [360, 675, 56, 68], "object_presence": 1}, "P653--money-clip--clutter--_IL-8oSOpA6Qnw8PoU-iKmh5rn-FUjtGgbeT-V1_RCM-00500.jpg": {"object_bounding_box": [364, 670, 56, 68], "object_presence": 1}, "P653--money-clip--clutter--_IL-8oSOpA6Qnw8PoU-iKmh5rn-FUjtGgbeT-V1_RCM-00501.jpg": {"object_bounding_box": [373, 662, 57, 68], "object_presence": 1}, "P653--money-clip--clutter--_IL-8oSOpA6Qnw8PoU-iKmh5rn-FUjtGgbeT-V1_RCM-00502.jpg": {"object_bounding_box": [382, 658, 55, 66], "object_presence": 1}, "P653--money-clip--clutter--_IL-8oSOpA6Qnw8PoU-iKmh5rn-FUjtGgbeT-V1_RCM-00503.jpg": {"object_bounding_box": [379, 660, 57, 66], "object_presence": 1}, "P653--money-clip--clutter--_IL-8oSOpA6Qnw8PoU-iKmh5rn-FUjtGgbeT-V1_RCM-00504.jpg": {"object_bounding_box": [372, 665, 56, 66], "object_presence": 1}, "P653--money-clip--clutter--_IL-8oSOpA6Qnw8PoU-iKmh5rn-FUjtGgbeT-V1_RCM-00505.jpg": {"object_bounding_box": [369, 663, 54, 68], "object_presence": 1}, "P653--money-clip--clutter--_IL-8oSOpA6Qnw8PoU-iKmh5rn-FUjtGgbeT-V1_RCM-00506.jpg": {"object_bounding_box": [372, 655, 56, 70], "object_presence": 1}, "P653--money-clip--clutter--_IL-8oSOpA6Qnw8PoU-iKmh5rn-FUjtGgbeT-V1_RCM-00507.jpg": {"object_bounding_box": [377, 648, 56, 68], "object_presence": 1}, "P653--money-clip--clutter--_IL-8oSOpA6Qnw8PoU-iKmh5rn-FUjtGgbeT-V1_RCM-00508.jpg": {"object_bounding_box": [379, 646, 56, 67], "object_presence": 1}, "P653--money-clip--clutter--_IL-8oSOpA6Qnw8PoU-iKmh5rn-FUjtGgbeT-V1_RCM-00509.jpg": {"object_bounding_box": [374, 652, 55, 66], "object_presence": 1}, "P653--money-clip--clutter--_IL-8oSOpA6Qnw8PoU-iKmh5rn-FUjtGgbeT-V1_RCM-00510.jpg": {"object_bounding_box": [370, 650, 54, 67], "object_presence": 1}, "P653--money-clip--clutter--_IL-8oSOpA6Qnw8PoU-iKmh5rn-FUjtGgbeT-V1_RCM-00511.jpg": {"object_bounding_box": [370, 639, 54, 68], "object_presence": 1}, "P653--money-clip--clutter--_IL-8oSOpA6Qnw8PoU-iKmh5rn-FUjtGgbeT-V1_RCM-00512.jpg": {"object_bounding_box": [376, 629, 53, 66], "object_presence": 1}, "P653--money-clip--clutter--_IL-8oSOpA6Qnw8PoU-iKmh5rn-FUjtGgbeT-V1_RCM-00513.jpg": {"object_bounding_box": [380, 620, 52, 67], "object_presence": 1}, "P653--money-clip--clutter--_IL-8oSOpA6Qnw8PoU-iKmh5rn-FUjtGgbeT-V1_RCM-00514.jpg": {"object_bounding_box": [379, 612, 52, 65], "object_presence": 1}, "P653--money-clip--clutter--_IL-8oSOpA6Qnw8PoU-iKmh5rn-FUjtGgbeT-V1_RCM-00515.jpg": {"object_bounding_box": [379, 610, 52, 65], "object_presence": 1}, "P653--money-clip--clutter--_IL-8oSOpA6Qnw8PoU-iKmh5rn-FUjtGgbeT-V1_RCM-00516.jpg": {"object_bounding_box": [372, 612, 54, 64], "object_presence": 1}, "P653--money-clip--clutter--_IL-8oSOpA6Qnw8PoU-iKmh5rn-FUjtGgbeT-V1_RCM-00517.jpg": {"object_bounding_box": [359, 614, 53, 64], "object_presence": 1}, "P653--money-clip--clutter--_IL-8oSOpA6Qnw8PoU-iKmh5rn-FUjtGgbeT-V1_RCM-00518.jpg": {"object_bounding_box": [358, 613, 53, 65], "object_presence": 1}, "P653--money-clip--clutter--_IL-8oSOpA6Qnw8PoU-iKmh5rn-FUjtGgbeT-V1_RCM-00519.jpg": {"object_bounding_box": [354, 611, 54, 64], "object_presence": 1}, "P653--money-clip--clutter--_IL-8oSOpA6Qnw8PoU-iKmh5rn-FUjtGgbeT-V1_RCM-00520.jpg": {"object_bounding_box": [345, 612, 54, 65], "object_presence": 1}, "P653--money-clip--clutter--_IL-8oSOpA6Qnw8PoU-iKmh5rn-FUjtGgbeT-V1_RCM-00521.jpg": {"object_bounding_box": [339, 615, 55, 67], "object_presence": 1}, "P653--money-clip--clutter--_IL-8oSOpA6Qnw8PoU-iKmh5rn-FUjtGgbeT-V1_RCM-00522.jpg": {"object_bounding_box": [334, 617, 53, 67], "object_presence": 1}, "P653--money-clip--clutter--_IL-8oSOpA6Qnw8PoU-iKmh5rn-FUjtGgbeT-V1_RCM-00523.jpg": {"object_bounding_box": [331, 617, 55, 67], "object_presence": 1}, "P653--money-clip--clutter--_IL-8oSOpA6Qnw8PoU-iKmh5rn-FUjtGgbeT-V1_RCM-00524.jpg": {"object_bounding_box": [327, 617, 55, 65], "object_presence": 1}, "P653--money-clip--clutter--_IL-8oSOpA6Qnw8PoU-iKmh5rn-FUjtGgbeT-V1_RCM-00525.jpg": {"object_bounding_box": [322, 617, 54, 68], "object_presence": 1}, "P653--money-clip--clutter--_IL-8oSOpA6Qnw8PoU-iKmh5rn-FUjtGgbeT-V1_RCM-00526.jpg": {"object_bounding_box": [322, 614, 54, 67], "object_presence": 1}, "P653--money-clip--clutter--_IL-8oSOpA6Qnw8PoU-iKmh5rn-FUjtGgbeT-V1_RCM-00527.jpg": {"object_bounding_box": [322, 612, 55, 67], "object_presence": 1}, "P653--money-clip--clutter--_IL-8oSOpA6Qnw8PoU-iKmh5rn-FUjtGgbeT-V1_RCM-00528.jpg": {"object_bounding_box": [326, 612, 54, 67], "object_presence": 1}, "P653--money-clip--clutter--_IL-8oSOpA6Qnw8PoU-iKmh5rn-FUjtGgbeT-V1_RCM-00529.jpg": {"object_bounding_box": [325, 609, 54, 68], "object_presence": 1}, "P653--money-clip--clutter--_IL-8oSOpA6Qnw8PoU-iKmh5rn-FUjtGgbeT-V1_RCM-00530.jpg": {"object_bounding_box": [330, 608, 53, 68], "object_presence": 1}, "P653--money-clip--clutter--_IL-8oSOpA6Qnw8PoU-iKmh5rn-FUjtGgbeT-V1_RCM-00531.jpg": {"object_bounding_box": [336, 601, 54, 70], "object_presence": 1}, "P653--money-clip--clutter--_IL-8oSOpA6Qnw8PoU-iKmh5rn-FUjtGgbeT-V1_RCM-00532.jpg": {"object_bounding_box": [343, 593, 54, 71], "object_presence": 1}, "P653--money-clip--clutter--_IL-8oSOpA6Qnw8PoU-iKmh5rn-FUjtGgbeT-V1_RCM-00533.jpg": {"object_bounding_box": [349, 588, 52, 68], "object_presence": 1}, "P653--money-clip--clutter--_IL-8oSOpA6Qnw8PoU-iKmh5rn-FUjtGgbeT-V1_RCM-00534.jpg": {"object_bounding_box": [351, 583, 52, 66], "object_presence": 1}, "P653--money-clip--clutter--_IL-8oSOpA6Qnw8PoU-iKmh5rn-FUjtGgbeT-V1_RCM-00535.jpg": {"object_bounding_box": [347, 583, 53, 66], "object_presence": 1}, "P653--money-clip--clutter--_IL-8oSOpA6Qnw8PoU-iKmh5rn-FUjtGgbeT-V1_RCM-00536.jpg": {"object_bounding_box": [340, 585, 53, 65], "object_presence": 1}, "P653--money-clip--clutter--_IL-8oSOpA6Qnw8PoU-iKmh5rn-FUjtGgbeT-V1_RCM-00537.jpg": {"object_bounding_box": [341, 586, 53, 66], "object_presence": 1}, "P653--money-clip--clutter--_IL-8oSOpA6Qnw8PoU-iKmh5rn-FUjtGgbeT-V1_RCM-00538.jpg": {"object_bounding_box": [351, 579, 58, 68], "object_presence": 1}, "P653--money-clip--clutter--_IL-8oSOpA6Qnw8PoU-iKmh5rn-FUjtGgbeT-V1_RCM-00539.jpg": {"object_bounding_box": [365, 575, 52, 66], "object_presence": 1}, "P653--money-clip--clutter--_IL-8oSOpA6Qnw8PoU-iKmh5rn-FUjtGgbeT-V1_RCM-00540.jpg": {"object_bounding_box": [373, 575, 53, 67], "object_presence": 1}, "P653--money-clip--clutter--_IL-8oSOpA6Qnw8PoU-iKmh5rn-FUjtGgbeT-V1_RCM-00541.jpg": {"object_bounding_box": [373, 585, 51, 66], "object_presence": 1}, "P653--money-clip--clutter--_IL-8oSOpA6Qnw8PoU-iKmh5rn-FUjtGgbeT-V1_RCM-00542.jpg": {"object_bounding_box": [376, 589, 51, 65], "object_presence": 1}, "P653--money-clip--clutter--_IL-8oSOpA6Qnw8PoU-iKmh5rn-FUjtGgbeT-V1_RCM-00543.jpg": {"object_bounding_box": [389, 583, 55, 71], "object_presence": 1}, "P653--money-clip--clutter--_IL-8oSOpA6Qnw8PoU-iKmh5rn-FUjtGgbeT-V1_RCM-00544.jpg": {"object_bounding_box": [403, 575, 54, 67], "object_presence": 1}, "P653--money-clip--clutter--_IL-8oSOpA6Qnw8PoU-iKmh5rn-FUjtGgbeT-V1_RCM-00545.jpg": {"object_bounding_box": [410, 574, 50, 68], "object_presence": 1}, "P653--money-clip--clutter--_IL-8oSOpA6Qnw8PoU-iKmh5rn-FUjtGgbeT-V1_RCM-00546.jpg": {"object_bounding_box": [407, 580, 51, 67], "object_presence": 1}, "P653--money-clip--clutter--_IL-8oSOpA6Qnw8PoU-iKmh5rn-FUjtGgbeT-V1_RCM-00547.jpg": {"object_bounding_box": [402, 580, 50, 68], "object_presence": 1}, "P653--money-clip--clutter--_IL-8oSOpA6Qnw8PoU-iKmh5rn-FUjtGgbeT-V1_RCM-00548.jpg": {"object_bounding_box": [401, 577, 49, 67], "object_presence": 1}, "P653--money-clip--clutter--_IL-8oSOpA6Qnw8PoU-iKmh5rn-FUjtGgbeT-V1_RCM-00549.jpg": {"object_bounding_box": [393, 577, 50, 67], "object_presence": 1}, "P653--money-clip--clutter--_IL-8oSOpA6Qnw8PoU-iKmh5rn-FUjtGgbeT-V1_RCM-00550.jpg": {"object_bounding_box": [392, 580, 49, 66], "object_presence": 1}, "P653--money-clip--clutter--_IL-8oSOpA6Qnw8PoU-iKmh5rn-FUjtGgbeT-V1_RCM-00551.jpg": {"object_bounding_box": [399, 574, 49, 65], "object_presence": 1}, "P653--money-clip--clutter--_IL-8oSOpA6Qnw8PoU-iKmh5rn-FUjtGgbeT-V1_RCM-00552.jpg": {"object_bounding_box": [408, 560, 47, 65], "object_presence": 1}, "P653--money-clip--clutter--_IL-8oSOpA6Qnw8PoU-iKmh5rn-FUjtGgbeT-V1_RCM-00553.jpg": {"object_bounding_box": [412, 556, 46, 63], "object_presence": 1}, "P653--money-clip--clutter--_IL-8oSOpA6Qnw8PoU-iKmh5rn-FUjtGgbeT-V1_RCM-00554.jpg": {"object_bounding_box": [413, 562, 49, 65], "object_presence": 1}, "P653--money-clip--clutter--_IL-8oSOpA6Qnw8PoU-iKmh5rn-FUjtGgbeT-V1_RCM-00555.jpg": {"object_bounding_box": [416, 562, 54, 64], "object_presence": 1}, "P653--money-clip--clutter--_IL-8oSOpA6Qnw8PoU-iKmh5rn-FUjtGgbeT-V1_RCM-00556.jpg": {"object_bounding_box": [427, 556, 52, 65], "object_presence": 1}, "P653--money-clip--clutter--_IL-8oSOpA6Qnw8PoU-iKmh5rn-FUjtGgbeT-V1_RCM-00557.jpg": {"object_bounding_box": [422, 554, 50, 65], "object_presence": 1}, "P653--money-clip--clutter--_IL-8oSOpA6Qnw8PoU-iKmh5rn-FUjtGgbeT-V1_RCM-00558.jpg": {"object_bounding_box": [418, 559, 51, 67], "object_presence": 1}, "P653--money-clip--clutter--_IL-8oSOpA6Qnw8PoU-iKmh5rn-FUjtGgbeT-V1_RCM-00559.jpg": {"object_bounding_box": [420, 566, 50, 66], "object_presence": 1}, "P653--money-clip--clutter--_IL-8oSOpA6Qnw8PoU-iKmh5rn-FUjtGgbeT-V1_RCM-00560.jpg": {"object_bounding_box": [428, 560, 52, 67], "object_presence": 1}, "P653--money-clip--clutter--_IL-8oSOpA6Qnw8PoU-iKmh5rn-FUjtGgbeT-V1_RCM-00561.jpg": {"object_bounding_box": [449, 552, 54, 66], "object_presence": 1}, "P653--money-clip--clutter--_IL-8oSOpA6Qnw8PoU-iKmh5rn-FUjtGgbeT-V1_RCM-00562.jpg": {"object_bounding_box": [472, 545, 54, 62], "object_presence": 1}, "P653--money-clip--clutter--_IL-8oSOpA6Qnw8PoU-iKmh5rn-FUjtGgbeT-V1_RCM-00563.jpg": {"object_bounding_box": [485, 543, 55, 68], "object_presence": 1}, "P653--money-clip--clutter--_IL-8oSOpA6Qnw8PoU-iKmh5rn-FUjtGgbeT-V1_RCM-00564.jpg": {"object_bounding_box": [493, 561, 49, 67], "object_presence": 1}, "P653--money-clip--clutter--_IL-8oSOpA6Qnw8PoU-iKmh5rn-FUjtGgbeT-V1_RCM-00565.jpg": {"object_bounding_box": [486, 556, 56, 71], "object_presence": 1}, "P653--money-clip--clutter--_IL-8oSOpA6Qnw8PoU-iKmh5rn-FUjtGgbeT-V1_RCM-00566.jpg": {"object_bounding_box": [513, 539, 53, 67], "object_presence": 1}, "P653--money-clip--clutter--_IL-8oSOpA6Qnw8PoU-iKmh5rn-FUjtGgbeT-V1_RCM-00567.jpg": {"object_bounding_box": [514, 539, 57, 71], "object_presence": 1}, "P653--money-clip--clutter--_IL-8oSOpA6Qnw8PoU-iKmh5rn-FUjtGgbeT-V1_RCM-00568.jpg": {"object_bounding_box": [514, 554, 56, 70], "object_presence": 1}, "P653--money-clip--clutter--_IL-8oSOpA6Qnw8PoU-iKmh5rn-FUjtGgbeT-V1_RCM-00569.jpg": {"object_bounding_box": [531, 570, 57, 70], "object_presence": 1}, "P653--money-clip--clutter--_IL-8oSOpA6Qnw8PoU-iKmh5rn-FUjtGgbeT-V1_RCM-00570.jpg": {"object_bounding_box": [542, 586, 55, 69], "object_presence": 1}, "P653--money-clip--clutter--_IL-8oSOpA6Qnw8PoU-iKmh5rn-FUjtGgbeT-V1_RCM-00571.jpg": {"object_bounding_box": [538, 595, 50, 64], "object_presence": 1}, "P653--money-clip--clutter--_IL-8oSOpA6Qnw8PoU-iKmh5rn-FUjtGgbeT-V1_RCM-00572.jpg": {"object_bounding_box": [546, 599, 55, 61], "object_presence": 1}, "P653--money-clip--clutter--_IL-8oSOpA6Qnw8PoU-iKmh5rn-FUjtGgbeT-V1_RCM-00573.jpg": {"object_bounding_box": [557, 599, 58, 67], "object_presence": 1}, "P653--money-clip--clutter--_IL-8oSOpA6Qnw8PoU-iKmh5rn-FUjtGgbeT-V1_RCM-00574.jpg": {"object_bounding_box": [559, 588, 54, 65], "object_presence": 1}, "P653--money-clip--clutter--_IL-8oSOpA6Qnw8PoU-iKmh5rn-FUjtGgbeT-V1_RCM-00575.jpg": {"object_bounding_box": [558, 593, 53, 66], "object_presence": 1}, "P653--money-clip--clutter--_IL-8oSOpA6Qnw8PoU-iKmh5rn-FUjtGgbeT-V1_RCM-00576.jpg": {"object_bounding_box": [552, 594, 52, 66], "object_presence": 1}, "P653--money-clip--clutter--_IL-8oSOpA6Qnw8PoU-iKmh5rn-FUjtGgbeT-V1_RCM-00577.jpg": {"object_bounding_box": [547, 584, 53, 66], "object_presence": 1}, "P653--money-clip--clutter--_IL-8oSOpA6Qnw8PoU-iKmh5rn-FUjtGgbeT-V1_RCM-00578.jpg": {"object_bounding_box": [540, 585, 53, 65], "object_presence": 1}, "P653--money-clip--clutter--_IL-8oSOpA6Qnw8PoU-iKmh5rn-FUjtGgbeT-V1_RCM-00579.jpg": {"object_bounding_box": [532, 581, 53, 64], "object_presence": 1}, "P653--money-clip--clutter--_IL-8oSOpA6Qnw8PoU-iKmh5rn-FUjtGgbeT-V1_RCM-00580.jpg": {"object_bounding_box": [528, 573, 51, 64], "object_presence": 1}, "P653--money-clip--clutter--_IL-8oSOpA6Qnw8PoU-iKmh5rn-FUjtGgbeT-V1_RCM-00581.jpg": {"object_bounding_box": [515, 568, 52, 64], "object_presence": 1}, "P653--money-clip--clutter--_IL-8oSOpA6Qnw8PoU-iKmh5rn-FUjtGgbeT-V1_RCM-00582.jpg": {"object_bounding_box": [513, 563, 50, 64], "object_presence": 1}, "P653--money-clip--clutter--_IL-8oSOpA6Qnw8PoU-iKmh5rn-FUjtGgbeT-V1_RCM-00583.jpg": {"object_bounding_box": [510, 561, 51, 62], "object_presence": 1}, "P653--money-clip--clutter--_IL-8oSOpA6Qnw8PoU-iKmh5rn-FUjtGgbeT-V1_RCM-00584.jpg": {"object_bounding_box": [509, 566, 51, 65], "object_presence": 1}, "P653--money-clip--clutter--_IL-8oSOpA6Qnw8PoU-iKmh5rn-FUjtGgbeT-V1_RCM-00585.jpg": {"object_bounding_box": [508, 569, 51, 63], "object_presence": 1}, "P653--money-clip--clutter--_IL-8oSOpA6Qnw8PoU-iKmh5rn-FUjtGgbeT-V1_RCM-00586.jpg": {"object_bounding_box": [514, 566, 51, 64], "object_presence": 1}, "P653--money-clip--clutter--_IL-8oSOpA6Qnw8PoU-iKmh5rn-FUjtGgbeT-V1_RCM-00587.jpg": {"object_bounding_box": [516, 573, 51, 65], "object_presence": 1}, "P653--money-clip--clutter--_IL-8oSOpA6Qnw8PoU-iKmh5rn-FUjtGgbeT-V1_RCM-00588.jpg": {"object_bounding_box": [523, 574, 54, 62], "object_presence": 1}, "P653--money-clip--clutter--_IL-8oSOpA6Qnw8PoU-iKmh5rn-FUjtGgbeT-V1_RCM-00589.jpg": {"object_bounding_box": [531, 569, 49, 65], "object_presence": 1}, "P653--money-clip--clutter--_IL-8oSOpA6Qnw8PoU-iKmh5rn-FUjtGgbeT-V1_RCM-00590.jpg": {"object_bounding_box": [530, 572, 52, 66], "object_presence": 1}, "P653--money-clip--clutter--_IL-8oSOpA6Qnw8PoU-iKmh5rn-FUjtGgbeT-V1_RCM-00591.jpg": {"object_bounding_box": [537, 580, 49, 64], "object_presence": 1}, "P653--money-clip--clutter--_IL-8oSOpA6Qnw8PoU-iKmh5rn-FUjtGgbeT-V1_RCM-00592.jpg": {"object_bounding_box": [562, 577, 55, 65], "object_presence": 1}, "P653--money-clip--clutter--_IL-8oSOpA6Qnw8PoU-iKmh5rn-FUjtGgbeT-V1_RCM-00593.jpg": {"object_bounding_box": [551, 567, 56, 67], "object_presence": 1}, "P653--money-clip--clutter--_IL-8oSOpA6Qnw8PoU-iKmh5rn-FUjtGgbeT-V1_RCM-00594.jpg": {"object_bounding_box": [544, 566, 54, 65], "object_presence": 1}, "P653--money-clip--clutter--_IL-8oSOpA6Qnw8PoU-iKmh5rn-FUjtGgbeT-V1_RCM-00595.jpg": {"object_bounding_box": [552, 563, 52, 63], "object_presence": 1}, "P653--money-clip--clutter--_IL-8oSOpA6Qnw8PoU-iKmh5rn-FUjtGgbeT-V1_RCM-00596.jpg": {"object_bounding_box": [555, 569, 51, 64], "object_presence": 1}, "P653--money-clip--clutter--_IL-8oSOpA6Qnw8PoU-iKmh5rn-FUjtGgbeT-V1_RCM-00597.jpg": {"object_bounding_box": [556, 579, 53, 62], "object_presence": 1}, "P653--money-clip--clutter--_IL-8oSOpA6Qnw8PoU-iKmh5rn-FUjtGgbeT-V1_RCM-00598.jpg": {"object_bounding_box": [546, 571, 54, 66], "object_presence": 1}, "P653--money-clip--clutter--_IL-8oSOpA6Qnw8PoU-iKmh5rn-FUjtGgbeT-V1_RCM-00599.jpg": {"object_bounding_box": [537, 571, 56, 65], "object_presence": 1}, "P653--money-clip--clutter--_IL-8oSOpA6Qnw8PoU-iKmh5rn-FUjtGgbeT-V1_RCM-00600.jpg": {"object_bounding_box": [529, 577, 58, 64], "object_presence": 1}, "P653--money-clip--clutter--_IL-8oSOpA6Qnw8PoU-iKmh5rn-FUjtGgbeT-V1_RCM-00601.jpg": {"object_bounding_box": [518, 564, 60, 71], "object_presence": 1}, "P653--money-clip--clutter--_IL-8oSOpA6Qnw8PoU-iKmh5rn-FUjtGgbeT-V1_RCM-00602.jpg": {"object_bounding_box": [507, 561, 55, 66], "object_presence": 1}, "P653--money-clip--clutter--_IL-8oSOpA6Qnw8PoU-iKmh5rn-FUjtGgbeT-V1_RCM-00603.jpg": {"object_bounding_box": [505, 560, 55, 67], "object_presence": 1}}