{"P665--desk--clutter--n7ODOmscwWm1-g1hQWQ0rU9mjvAI8S-IQc555lK4F6Y-00001.jpg": {"object_bounding_box": [0, 0, 1080, 1080], "object_presence": 1}, "P665--desk--clutter--n7ODOmscwWm1-g1hQWQ0rU9mjvAI8S-IQc555lK4F6Y-00002.jpg": {"object_bounding_box": [0, 0, 1080, 1080], "object_presence": 1}, "P665--desk--clutter--n7ODOmscwWm1-g1hQWQ0rU9mjvAI8S-IQc555lK4F6Y-00003.jpg": {"object_bounding_box": [0, 0, 1080, 1080], "object_presence": 1}, "P665--desk--clutter--n7ODOmscwWm1-g1hQWQ0rU9mjvAI8S-IQc555lK4F6Y-00004.jpg": {"object_bounding_box": [0, 0, 1080, 1080], "object_presence": 1}, "P665--desk--clutter--n7ODOmscwWm1-g1hQWQ0rU9mjvAI8S-IQc555lK4F6Y-00005.jpg": {"object_bounding_box": [0, 0, 1080, 1080], "object_presence": 1}, "P665--desk--clutter--n7ODOmscwWm1-g1hQWQ0rU9mjvAI8S-IQc555lK4F6Y-00006.jpg": {"object_bounding_box": [0, 0, 1080, 1080], "object_presence": 1}, "P665--desk--clutter--n7ODOmscwWm1-g1hQWQ0rU9mjvAI8S-IQc555lK4F6Y-00007.jpg": {"object_bounding_box": [0, 0, 1080, 1080], "object_presence": 1}, "P665--desk--clutter--n7ODOmscwWm1-g1hQWQ0rU9mjvAI8S-IQc555lK4F6Y-00008.jpg": {"object_bounding_box": [0, 0, 1080, 1080], "object_presence": 1}, "P665--desk--clutter--n7ODOmscwWm1-g1hQWQ0rU9mjvAI8S-IQc555lK4F6Y-00009.jpg": {"object_bounding_box": [0, 0, 1080, 1080], "object_presence": 1}, "P665--desk--clutter--n7ODOmscwWm1-g1hQWQ0rU9mjvAI8S-IQc555lK4F6Y-00010.jpg": {"object_bounding_box": [0, 0, 1080, 1080], "object_presence": 1}, "P665--desk--clutter--n7ODOmscwWm1-g1hQWQ0rU9mjvAI8S-IQc555lK4F6Y-00011.jpg": {"object_bounding_box": [0, 0, 1080, 1080], "object_presence": 1}, "P665--desk--clutter--n7ODOmscwWm1-g1hQWQ0rU9mjvAI8S-IQc555lK4F6Y-00012.jpg": {"object_bounding_box": [0, 0, 1080, 1080], "object_presence": 1}, "P665--desk--clutter--n7ODOmscwWm1-g1hQWQ0rU9mjvAI8S-IQc555lK4F6Y-00013.jpg": {"object_bounding_box": [0, 0, 1080, 1080], "object_presence": 1}, "P665--desk--clutter--n7ODOmscwWm1-g1hQWQ0rU9mjvAI8S-IQc555lK4F6Y-00014.jpg": {"object_bounding_box": [0, 0, 1080, 1080], "object_presence": 1}, "P665--desk--clutter--n7ODOmscwWm1-g1hQWQ0rU9mjvAI8S-IQc555lK4F6Y-00015.jpg": {"object_bounding_box": [0, 0, 1080, 1080], "object_presence": 1}, "P665--desk--clutter--n7ODOmscwWm1-g1hQWQ0rU9mjvAI8S-IQc555lK4F6Y-00016.jpg": {"object_bounding_box": [0, 0, 1080, 1080], "object_presence": 1}, "P665--desk--clutter--n7ODOmscwWm1-g1hQWQ0rU9mjvAI8S-IQc555lK4F6Y-00017.jpg": {"object_bounding_box": [0, 0, 1080, 1080], "object_presence": 1}, "P665--desk--clutter--n7ODOmscwWm1-g1hQWQ0rU9mjvAI8S-IQc555lK4F6Y-00018.jpg": {"object_bounding_box": [0, 0, 1080, 1080], "object_presence": 1}, "P665--desk--clutter--n7ODOmscwWm1-g1hQWQ0rU9mjvAI8S-IQc555lK4F6Y-00019.jpg": {"object_bounding_box": [0, 0, 1080, 1080], "object_presence": 1}, "P665--desk--clutter--n7ODOmscwWm1-g1hQWQ0rU9mjvAI8S-IQc555lK4F6Y-00020.jpg": {"object_bounding_box": [0, 0, 1080, 1080], "object_presence": 1}, "P665--desk--clutter--n7ODOmscwWm1-g1hQWQ0rU9mjvAI8S-IQc555lK4F6Y-00021.jpg": {"object_bounding_box": [0, 0, 1080, 1080], "object_presence": 1}, "P665--desk--clutter--n7ODOmscwWm1-g1hQWQ0rU9mjvAI8S-IQc555lK4F6Y-00022.jpg": {"object_bounding_box": [0, 0, 1080, 1080], "object_presence": 1}, "P665--desk--clutter--n7ODOmscwWm1-g1hQWQ0rU9mjvAI8S-IQc555lK4F6Y-00023.jpg": {"object_bounding_box": [0, 0, 1080, 1080], "object_presence": 1}, "P665--desk--clutter--n7ODOmscwWm1-g1hQWQ0rU9mjvAI8S-IQc555lK4F6Y-00024.jpg": {"object_bounding_box": [0, 0, 1080, 1080], "object_presence": 1}, "P665--desk--clutter--n7ODOmscwWm1-g1hQWQ0rU9mjvAI8S-IQc555lK4F6Y-00025.jpg": {"object_bounding_box": [0, 0, 1080, 1080], "object_presence": 1}, "P665--desk--clutter--n7ODOmscwWm1-g1hQWQ0rU9mjvAI8S-IQc555lK4F6Y-00026.jpg": {"object_bounding_box": [0, 0, 1080, 1080], "object_presence": 1}, "P665--desk--clutter--n7ODOmscwWm1-g1hQWQ0rU9mjvAI8S-IQc555lK4F6Y-00027.jpg": {"object_bounding_box": [0, 0, 1080, 1080], "object_presence": 1}, "P665--desk--clutter--n7ODOmscwWm1-g1hQWQ0rU9mjvAI8S-IQc555lK4F6Y-00028.jpg": {"object_bounding_box": [0, 0, 1080, 1080], "object_presence": 1}, "P665--desk--clutter--n7ODOmscwWm1-g1hQWQ0rU9mjvAI8S-IQc555lK4F6Y-00029.jpg": {"object_bounding_box": [0, 0, 1080, 1080], "object_presence": 1}, "P665--desk--clutter--n7ODOmscwWm1-g1hQWQ0rU9mjvAI8S-IQc555lK4F6Y-00030.jpg": {"object_bounding_box": [0, 0, 1080, 1080], "object_presence": 1}, "P665--desk--clutter--n7ODOmscwWm1-g1hQWQ0rU9mjvAI8S-IQc555lK4F6Y-00031.jpg": {"object_bounding_box": [0, 0, 1080, 1080], "object_presence": 1}, "P665--desk--clutter--n7ODOmscwWm1-g1hQWQ0rU9mjvAI8S-IQc555lK4F6Y-00032.jpg": {"object_bounding_box": [0, 0, 1080, 1080], "object_presence": 1}, "P665--desk--clutter--n7ODOmscwWm1-g1hQWQ0rU9mjvAI8S-IQc555lK4F6Y-00033.jpg": {"object_bounding_box": [0, 0, 1080, 1080], "object_presence": 1}, "P665--desk--clutter--n7ODOmscwWm1-g1hQWQ0rU9mjvAI8S-IQc555lK4F6Y-00034.jpg": {"object_bounding_box": [0, 0, 1080, 1080], "object_presence": 1}, "P665--desk--clutter--n7ODOmscwWm1-g1hQWQ0rU9mjvAI8S-IQc555lK4F6Y-00035.jpg": {"object_bounding_box": [0, 0, 1080, 1080], "object_presence": 1}, "P665--desk--clutter--n7ODOmscwWm1-g1hQWQ0rU9mjvAI8S-IQc555lK4F6Y-00036.jpg": {"object_bounding_box": [0, 0, 1080, 1080], "object_presence": 1}, "P665--desk--clutter--n7ODOmscwWm1-g1hQWQ0rU9mjvAI8S-IQc555lK4F6Y-00037.jpg": {"object_bounding_box": [0, 0, 1080, 1080], "object_presence": 1}, "P665--desk--clutter--n7ODOmscwWm1-g1hQWQ0rU9mjvAI8S-IQc555lK4F6Y-00038.jpg": {"object_bounding_box": [0, 0, 1080, 1080], "object_presence": 1}, "P665--desk--clutter--n7ODOmscwWm1-g1hQWQ0rU9mjvAI8S-IQc555lK4F6Y-00039.jpg": {"object_bounding_box": [0, 0, 1080, 1080], "object_presence": 1}, "P665--desk--clutter--n7ODOmscwWm1-g1hQWQ0rU9mjvAI8S-IQc555lK4F6Y-00040.jpg": {"object_bounding_box": [0, 0, 1080, 1080], "object_presence": 1}, "P665--desk--clutter--n7ODOmscwWm1-g1hQWQ0rU9mjvAI8S-IQc555lK4F6Y-00041.jpg": {"object_bounding_box": [0, 0, 1080, 1080], "object_presence": 1}, "P665--desk--clutter--n7ODOmscwWm1-g1hQWQ0rU9mjvAI8S-IQc555lK4F6Y-00042.jpg": {"object_bounding_box": [0, 0, 1080, 1080], "object_presence": 1}, "P665--desk--clutter--n7ODOmscwWm1-g1hQWQ0rU9mjvAI8S-IQc555lK4F6Y-00043.jpg": {"object_bounding_box": [0, 0, 1080, 1080], "object_presence": 1}, "P665--desk--clutter--n7ODOmscwWm1-g1hQWQ0rU9mjvAI8S-IQc555lK4F6Y-00044.jpg": {"object_bounding_box": [0, 0, 1080, 1080], "object_presence": 1}, "P665--desk--clutter--n7ODOmscwWm1-g1hQWQ0rU9mjvAI8S-IQc555lK4F6Y-00045.jpg": {"object_bounding_box": [0, 0, 1080, 1080], "object_presence": 1}, "P665--desk--clutter--n7ODOmscwWm1-g1hQWQ0rU9mjvAI8S-IQc555lK4F6Y-00046.jpg": {"object_bounding_box": [0, 0, 1080, 1080], "object_presence": 1}, "P665--desk--clutter--n7ODOmscwWm1-g1hQWQ0rU9mjvAI8S-IQc555lK4F6Y-00047.jpg": {"object_bounding_box": [0, 0, 1080, 1080], "object_presence": 1}, "P665--desk--clutter--n7ODOmscwWm1-g1hQWQ0rU9mjvAI8S-IQc555lK4F6Y-00048.jpg": {"object_bounding_box": [0, 0, 1080, 1080], "object_presence": 1}, "P665--desk--clutter--n7ODOmscwWm1-g1hQWQ0rU9mjvAI8S-IQc555lK4F6Y-00049.jpg": {"object_bounding_box": [0, 0, 1080, 1080], "object_presence": 1}, "P665--desk--clutter--n7ODOmscwWm1-g1hQWQ0rU9mjvAI8S-IQc555lK4F6Y-00050.jpg": {"object_bounding_box": [0, 0, 1080, 1080], "object_presence": 1}, "P665--desk--clutter--n7ODOmscwWm1-g1hQWQ0rU9mjvAI8S-IQc555lK4F6Y-00051.jpg": {"object_bounding_box": [0, 0, 1080, 1080], "object_presence": 1}, "P665--desk--clutter--n7ODOmscwWm1-g1hQWQ0rU9mjvAI8S-IQc555lK4F6Y-00052.jpg": {"object_bounding_box": [0, 0, 1080, 1080], "object_presence": 1}, "P665--desk--clutter--n7ODOmscwWm1-g1hQWQ0rU9mjvAI8S-IQc555lK4F6Y-00053.jpg": {"object_bounding_box": [0, 0, 1080, 1080], "object_presence": 1}, "P665--desk--clutter--n7ODOmscwWm1-g1hQWQ0rU9mjvAI8S-IQc555lK4F6Y-00054.jpg": {"object_bounding_box": [0, 0, 1080, 1080], "object_presence": 1}, "P665--desk--clutter--n7ODOmscwWm1-g1hQWQ0rU9mjvAI8S-IQc555lK4F6Y-00055.jpg": {"object_bounding_box": [0, 0, 1080, 1080], "object_presence": 1}, "P665--desk--clutter--n7ODOmscwWm1-g1hQWQ0rU9mjvAI8S-IQc555lK4F6Y-00056.jpg": {"object_bounding_box": [0, 0, 1080, 1080], "object_presence": 1}, "P665--desk--clutter--n7ODOmscwWm1-g1hQWQ0rU9mjvAI8S-IQc555lK4F6Y-00057.jpg": {"object_bounding_box": [0, 0, 1080, 1080], "object_presence": 1}, "P665--desk--clutter--n7ODOmscwWm1-g1hQWQ0rU9mjvAI8S-IQc555lK4F6Y-00058.jpg": {"object_bounding_box": [0, 0, 1080, 1080], "object_presence": 1}, "P665--desk--clutter--n7ODOmscwWm1-g1hQWQ0rU9mjvAI8S-IQc555lK4F6Y-00059.jpg": {"object_bounding_box": [0, 0, 1080, 1080], "object_presence": 1}, "P665--desk--clutter--n7ODOmscwWm1-g1hQWQ0rU9mjvAI8S-IQc555lK4F6Y-00060.jpg": {"object_bounding_box": [0, 0, 1080, 1080], "object_presence": 1}, "P665--desk--clutter--n7ODOmscwWm1-g1hQWQ0rU9mjvAI8S-IQc555lK4F6Y-00061.jpg": {"object_bounding_box": [0, 0, 1080, 1080], "object_presence": 1}, "P665--desk--clutter--n7ODOmscwWm1-g1hQWQ0rU9mjvAI8S-IQc555lK4F6Y-00062.jpg": {"object_bounding_box": [0, 0, 1080, 1080], "object_presence": 1}, "P665--desk--clutter--n7ODOmscwWm1-g1hQWQ0rU9mjvAI8S-IQc555lK4F6Y-00063.jpg": {"object_bounding_box": [0, 0, 1080, 1080], "object_presence": 1}, "P665--desk--clutter--n7ODOmscwWm1-g1hQWQ0rU9mjvAI8S-IQc555lK4F6Y-00064.jpg": {"object_bounding_box": [0, 0, 1080, 1080], "object_presence": 1}, "P665--desk--clutter--n7ODOmscwWm1-g1hQWQ0rU9mjvAI8S-IQc555lK4F6Y-00065.jpg": {"object_bounding_box": [0, 0, 1080, 1080], "object_presence": 1}, "P665--desk--clutter--n7ODOmscwWm1-g1hQWQ0rU9mjvAI8S-IQc555lK4F6Y-00066.jpg": {"object_bounding_box": [0, 0, 1080, 1080], "object_presence": 1}, "P665--desk--clutter--n7ODOmscwWm1-g1hQWQ0rU9mjvAI8S-IQc555lK4F6Y-00067.jpg": {"object_bounding_box": [0, 0, 1080, 1080], "object_presence": 1}, "P665--desk--clutter--n7ODOmscwWm1-g1hQWQ0rU9mjvAI8S-IQc555lK4F6Y-00068.jpg": {"object_bounding_box": [0, 0, 1080, 1080], "object_presence": 1}, "P665--desk--clutter--n7ODOmscwWm1-g1hQWQ0rU9mjvAI8S-IQc555lK4F6Y-00069.jpg": {"object_bounding_box": [0, 0, 1080, 1080], "object_presence": 1}, "P665--desk--clutter--n7ODOmscwWm1-g1hQWQ0rU9mjvAI8S-IQc555lK4F6Y-00070.jpg": {"object_bounding_box": [0, 0, 1080, 1080], "object_presence": 1}, "P665--desk--clutter--n7ODOmscwWm1-g1hQWQ0rU9mjvAI8S-IQc555lK4F6Y-00071.jpg": {"object_bounding_box": [0, 0, 1080, 1080], "object_presence": 1}, "P665--desk--clutter--n7ODOmscwWm1-g1hQWQ0rU9mjvAI8S-IQc555lK4F6Y-00072.jpg": {"object_bounding_box": [0, 0, 1080, 1080], "object_presence": 1}, "P665--desk--clutter--n7ODOmscwWm1-g1hQWQ0rU9mjvAI8S-IQc555lK4F6Y-00073.jpg": {"object_bounding_box": [0, 0, 1080, 1080], "object_presence": 1}, "P665--desk--clutter--n7ODOmscwWm1-g1hQWQ0rU9mjvAI8S-IQc555lK4F6Y-00074.jpg": {"object_bounding_box": [0, 0, 1080, 1080], "object_presence": 1}, "P665--desk--clutter--n7ODOmscwWm1-g1hQWQ0rU9mjvAI8S-IQc555lK4F6Y-00075.jpg": {"object_bounding_box": [0, 0, 1080, 1080], "object_presence": 1}, "P665--desk--clutter--n7ODOmscwWm1-g1hQWQ0rU9mjvAI8S-IQc555lK4F6Y-00076.jpg": {"object_bounding_box": [0, 0, 1080, 1080], "object_presence": 1}, "P665--desk--clutter--n7ODOmscwWm1-g1hQWQ0rU9mjvAI8S-IQc555lK4F6Y-00077.jpg": {"object_bounding_box": [0, 0, 1080, 1080], "object_presence": 1}, "P665--desk--clutter--n7ODOmscwWm1-g1hQWQ0rU9mjvAI8S-IQc555lK4F6Y-00078.jpg": {"object_bounding_box": [0, 0, 1080, 1080], "object_presence": 1}, "P665--desk--clutter--n7ODOmscwWm1-g1hQWQ0rU9mjvAI8S-IQc555lK4F6Y-00079.jpg": {"object_bounding_box": [0, 0, 1080, 1080], "object_presence": 1}, "P665--desk--clutter--n7ODOmscwWm1-g1hQWQ0rU9mjvAI8S-IQc555lK4F6Y-00080.jpg": {"object_bounding_box": [0, 0, 1080, 1080], "object_presence": 1}, "P665--desk--clutter--n7ODOmscwWm1-g1hQWQ0rU9mjvAI8S-IQc555lK4F6Y-00081.jpg": {"object_bounding_box": [0, 0, 1080, 1080], "object_presence": 1}, "P665--desk--clutter--n7ODOmscwWm1-g1hQWQ0rU9mjvAI8S-IQc555lK4F6Y-00082.jpg": {"object_bounding_box": [0, 0, 1080, 1080], "object_presence": 1}, "P665--desk--clutter--n7ODOmscwWm1-g1hQWQ0rU9mjvAI8S-IQc555lK4F6Y-00083.jpg": {"object_bounding_box": [0, 0, 1080, 1080], "object_presence": 1}, "P665--desk--clutter--n7ODOmscwWm1-g1hQWQ0rU9mjvAI8S-IQc555lK4F6Y-00084.jpg": {"object_bounding_box": [0, 0, 1080, 1080], "object_presence": 1}, "P665--desk--clutter--n7ODOmscwWm1-g1hQWQ0rU9mjvAI8S-IQc555lK4F6Y-00085.jpg": {"object_bounding_box": [0, 0, 1080, 1080], "object_presence": 1}, "P665--desk--clutter--n7ODOmscwWm1-g1hQWQ0rU9mjvAI8S-IQc555lK4F6Y-00086.jpg": {"object_bounding_box": [0, 0, 1080, 1080], "object_presence": 1}, "P665--desk--clutter--n7ODOmscwWm1-g1hQWQ0rU9mjvAI8S-IQc555lK4F6Y-00087.jpg": {"object_bounding_box": [0, 0, 1080, 1080], "object_presence": 1}, "P665--desk--clutter--n7ODOmscwWm1-g1hQWQ0rU9mjvAI8S-IQc555lK4F6Y-00088.jpg": {"object_bounding_box": [0, 0, 1080, 1080], "object_presence": 1}, "P665--desk--clutter--n7ODOmscwWm1-g1hQWQ0rU9mjvAI8S-IQc555lK4F6Y-00089.jpg": {"object_bounding_box": [0, 0, 1080, 1080], "object_presence": 1}, "P665--desk--clutter--n7ODOmscwWm1-g1hQWQ0rU9mjvAI8S-IQc555lK4F6Y-00090.jpg": {"object_bounding_box": [0, 0, 1080, 1080], "object_presence": 1}, "P665--desk--clutter--n7ODOmscwWm1-g1hQWQ0rU9mjvAI8S-IQc555lK4F6Y-00091.jpg": {"object_bounding_box": [0, 0, 1080, 1080], "object_presence": 1}, "P665--desk--clutter--n7ODOmscwWm1-g1hQWQ0rU9mjvAI8S-IQc555lK4F6Y-00092.jpg": {"object_bounding_box": [0, 0, 1080, 1080], "object_presence": 1}, "P665--desk--clutter--n7ODOmscwWm1-g1hQWQ0rU9mjvAI8S-IQc555lK4F6Y-00093.jpg": {"object_bounding_box": [0, 0, 1080, 1080], "object_presence": 1}, "P665--desk--clutter--n7ODOmscwWm1-g1hQWQ0rU9mjvAI8S-IQc555lK4F6Y-00094.jpg": {"object_bounding_box": [0, 0, 1080, 1080], "object_presence": 1}, "P665--desk--clutter--n7ODOmscwWm1-g1hQWQ0rU9mjvAI8S-IQc555lK4F6Y-00095.jpg": {"object_bounding_box": [0, 0, 1080, 1080], "object_presence": 1}, "P665--desk--clutter--n7ODOmscwWm1-g1hQWQ0rU9mjvAI8S-IQc555lK4F6Y-00096.jpg": {"object_bounding_box": [0, 0, 1080, 1080], "object_presence": 1}, "P665--desk--clutter--n7ODOmscwWm1-g1hQWQ0rU9mjvAI8S-IQc555lK4F6Y-00097.jpg": {"object_bounding_box": [0, 0, 1080, 1080], "object_presence": 1}, "P665--desk--clutter--n7ODOmscwWm1-g1hQWQ0rU9mjvAI8S-IQc555lK4F6Y-00098.jpg": {"object_bounding_box": [0, 0, 1080, 1080], "object_presence": 1}, "P665--desk--clutter--n7ODOmscwWm1-g1hQWQ0rU9mjvAI8S-IQc555lK4F6Y-00099.jpg": {"object_bounding_box": [0, 0, 1080, 1080], "object_presence": 1}, "P665--desk--clutter--n7ODOmscwWm1-g1hQWQ0rU9mjvAI8S-IQc555lK4F6Y-00100.jpg": {"object_bounding_box": [0, 0, 1080, 1080], "object_presence": 1}, "P665--desk--clutter--n7ODOmscwWm1-g1hQWQ0rU9mjvAI8S-IQc555lK4F6Y-00101.jpg": {"object_bounding_box": [0, 0, 1080, 1080], "object_presence": 1}, "P665--desk--clutter--n7ODOmscwWm1-g1hQWQ0rU9mjvAI8S-IQc555lK4F6Y-00102.jpg": {"object_bounding_box": [0, 0, 1080, 1080], "object_presence": 1}, "P665--desk--clutter--n7ODOmscwWm1-g1hQWQ0rU9mjvAI8S-IQc555lK4F6Y-00103.jpg": {"object_bounding_box": [0, 0, 1080, 1080], "object_presence": 1}, "P665--desk--clutter--n7ODOmscwWm1-g1hQWQ0rU9mjvAI8S-IQc555lK4F6Y-00104.jpg": {"object_bounding_box": [0, 0, 1080, 1080], "object_presence": 1}, "P665--desk--clutter--n7ODOmscwWm1-g1hQWQ0rU9mjvAI8S-IQc555lK4F6Y-00105.jpg": {"object_bounding_box": [0, 0, 1080, 1080], "object_presence": 1}, "P665--desk--clutter--n7ODOmscwWm1-g1hQWQ0rU9mjvAI8S-IQc555lK4F6Y-00106.jpg": {"object_bounding_box": [0, 0, 1080, 1080], "object_presence": 1}, "P665--desk--clutter--n7ODOmscwWm1-g1hQWQ0rU9mjvAI8S-IQc555lK4F6Y-00107.jpg": {"object_bounding_box": [0, 0, 1080, 1080], "object_presence": 1}, "P665--desk--clutter--n7ODOmscwWm1-g1hQWQ0rU9mjvAI8S-IQc555lK4F6Y-00108.jpg": {"object_bounding_box": [0, 0, 1080, 1080], "object_presence": 1}, "P665--desk--clutter--n7ODOmscwWm1-g1hQWQ0rU9mjvAI8S-IQc555lK4F6Y-00109.jpg": {"object_bounding_box": [0, 0, 1080, 1080], "object_presence": 1}, "P665--desk--clutter--n7ODOmscwWm1-g1hQWQ0rU9mjvAI8S-IQc555lK4F6Y-00110.jpg": {"object_bounding_box": [0, 0, 1080, 1080], "object_presence": 1}, "P665--desk--clutter--n7ODOmscwWm1-g1hQWQ0rU9mjvAI8S-IQc555lK4F6Y-00111.jpg": {"object_bounding_box": [0, 0, 1080, 1080], "object_presence": 1}, "P665--desk--clutter--n7ODOmscwWm1-g1hQWQ0rU9mjvAI8S-IQc555lK4F6Y-00112.jpg": {"object_bounding_box": [0, 0, 1080, 1080], "object_presence": 1}, "P665--desk--clutter--n7ODOmscwWm1-g1hQWQ0rU9mjvAI8S-IQc555lK4F6Y-00113.jpg": {"object_bounding_box": [0, 0, 1080, 1080], "object_presence": 1}, "P665--desk--clutter--n7ODOmscwWm1-g1hQWQ0rU9mjvAI8S-IQc555lK4F6Y-00114.jpg": {"object_bounding_box": [0, 0, 1080, 1080], "object_presence": 1}, "P665--desk--clutter--n7ODOmscwWm1-g1hQWQ0rU9mjvAI8S-IQc555lK4F6Y-00115.jpg": {"object_bounding_box": [0, 0, 1080, 1080], "object_presence": 1}, "P665--desk--clutter--n7ODOmscwWm1-g1hQWQ0rU9mjvAI8S-IQc555lK4F6Y-00116.jpg": {"object_bounding_box": [0, 0, 1080, 1080], "object_presence": 1}, "P665--desk--clutter--n7ODOmscwWm1-g1hQWQ0rU9mjvAI8S-IQc555lK4F6Y-00117.jpg": {"object_bounding_box": [0, 0, 1080, 1080], "object_presence": 1}, "P665--desk--clutter--n7ODOmscwWm1-g1hQWQ0rU9mjvAI8S-IQc555lK4F6Y-00118.jpg": {"object_bounding_box": [0, 0, 1080, 1080], "object_presence": 1}, "P665--desk--clutter--n7ODOmscwWm1-g1hQWQ0rU9mjvAI8S-IQc555lK4F6Y-00119.jpg": {"object_bounding_box": [0, 0, 1080, 1080], "object_presence": 1}, "P665--desk--clutter--n7ODOmscwWm1-g1hQWQ0rU9mjvAI8S-IQc555lK4F6Y-00120.jpg": {"object_bounding_box": [0, 0, 1080, 1080], "object_presence": 1}, "P665--desk--clutter--n7ODOmscwWm1-g1hQWQ0rU9mjvAI8S-IQc555lK4F6Y-00121.jpg": {"object_bounding_box": [0, 0, 1080, 1080], "object_presence": 1}, "P665--desk--clutter--n7ODOmscwWm1-g1hQWQ0rU9mjvAI8S-IQc555lK4F6Y-00122.jpg": {"object_bounding_box": [0, 0, 1080, 1080], "object_presence": 1}, "P665--desk--clutter--n7ODOmscwWm1-g1hQWQ0rU9mjvAI8S-IQc555lK4F6Y-00123.jpg": {"object_bounding_box": [0, 0, 1080, 1080], "object_presence": 1}, "P665--desk--clutter--n7ODOmscwWm1-g1hQWQ0rU9mjvAI8S-IQc555lK4F6Y-00124.jpg": {"object_bounding_box": [0, 0, 1080, 1080], "object_presence": 1}, "P665--desk--clutter--n7ODOmscwWm1-g1hQWQ0rU9mjvAI8S-IQc555lK4F6Y-00125.jpg": {"object_bounding_box": [0, 0, 1080, 1080], "object_presence": 1}, "P665--desk--clutter--n7ODOmscwWm1-g1hQWQ0rU9mjvAI8S-IQc555lK4F6Y-00126.jpg": {"object_bounding_box": [0, 0, 1080, 1080], "object_presence": 1}, "P665--desk--clutter--n7ODOmscwWm1-g1hQWQ0rU9mjvAI8S-IQc555lK4F6Y-00127.jpg": {"object_bounding_box": [0, 0, 1080, 1080], "object_presence": 1}, "P665--desk--clutter--n7ODOmscwWm1-g1hQWQ0rU9mjvAI8S-IQc555lK4F6Y-00128.jpg": {"object_bounding_box": [0, 0, 1080, 1080], "object_presence": 1}, "P665--desk--clutter--n7ODOmscwWm1-g1hQWQ0rU9mjvAI8S-IQc555lK4F6Y-00129.jpg": {"object_bounding_box": [0, 0, 1080, 1080], "object_presence": 1}, "P665--desk--clutter--n7ODOmscwWm1-g1hQWQ0rU9mjvAI8S-IQc555lK4F6Y-00130.jpg": {"object_bounding_box": [0, 0, 1080, 1080], "object_presence": 1}, "P665--desk--clutter--n7ODOmscwWm1-g1hQWQ0rU9mjvAI8S-IQc555lK4F6Y-00131.jpg": {"object_bounding_box": [0, 0, 1080, 1080], "object_presence": 1}, "P665--desk--clutter--n7ODOmscwWm1-g1hQWQ0rU9mjvAI8S-IQc555lK4F6Y-00132.jpg": {"object_bounding_box": [0, 0, 1080, 1080], "object_presence": 1}, "P665--desk--clutter--n7ODOmscwWm1-g1hQWQ0rU9mjvAI8S-IQc555lK4F6Y-00133.jpg": {"object_bounding_box": [0, 0, 1080, 1080], "object_presence": 1}, "P665--desk--clutter--n7ODOmscwWm1-g1hQWQ0rU9mjvAI8S-IQc555lK4F6Y-00134.jpg": {"object_bounding_box": [0, 0, 1080, 1080], "object_presence": 1}, "P665--desk--clutter--n7ODOmscwWm1-g1hQWQ0rU9mjvAI8S-IQc555lK4F6Y-00135.jpg": {"object_bounding_box": [0, 0, 1080, 1080], "object_presence": 1}, "P665--desk--clutter--n7ODOmscwWm1-g1hQWQ0rU9mjvAI8S-IQc555lK4F6Y-00136.jpg": {"object_bounding_box": [0, 0, 1080, 1080], "object_presence": 1}, "P665--desk--clutter--n7ODOmscwWm1-g1hQWQ0rU9mjvAI8S-IQc555lK4F6Y-00137.jpg": {"object_bounding_box": [0, 0, 1080, 1080], "object_presence": 1}, "P665--desk--clutter--n7ODOmscwWm1-g1hQWQ0rU9mjvAI8S-IQc555lK4F6Y-00138.jpg": {"object_bounding_box": [0, 0, 1080, 1080], "object_presence": 1}, "P665--desk--clutter--n7ODOmscwWm1-g1hQWQ0rU9mjvAI8S-IQc555lK4F6Y-00139.jpg": {"object_bounding_box": [0, 0, 1080, 1080], "object_presence": 1}, "P665--desk--clutter--n7ODOmscwWm1-g1hQWQ0rU9mjvAI8S-IQc555lK4F6Y-00140.jpg": {"object_bounding_box": [0, 0, 1080, 1080], "object_presence": 1}, "P665--desk--clutter--n7ODOmscwWm1-g1hQWQ0rU9mjvAI8S-IQc555lK4F6Y-00141.jpg": {"object_bounding_box": [0, 0, 1080, 1080], "object_presence": 1}, "P665--desk--clutter--n7ODOmscwWm1-g1hQWQ0rU9mjvAI8S-IQc555lK4F6Y-00142.jpg": {"object_bounding_box": [0, 0, 1080, 1080], "object_presence": 1}, "P665--desk--clutter--n7ODOmscwWm1-g1hQWQ0rU9mjvAI8S-IQc555lK4F6Y-00143.jpg": {"object_bounding_box": [0, 0, 1080, 1080], "object_presence": 1}, "P665--desk--clutter--n7ODOmscwWm1-g1hQWQ0rU9mjvAI8S-IQc555lK4F6Y-00144.jpg": {"object_bounding_box": [0, 0, 1080, 1080], "object_presence": 1}, "P665--desk--clutter--n7ODOmscwWm1-g1hQWQ0rU9mjvAI8S-IQc555lK4F6Y-00145.jpg": {"object_bounding_box": [0, 0, 1080, 1080], "object_presence": 1}, "P665--desk--clutter--n7ODOmscwWm1-g1hQWQ0rU9mjvAI8S-IQc555lK4F6Y-00146.jpg": {"object_bounding_box": [0, 0, 1080, 1080], "object_presence": 1}, "P665--desk--clutter--n7ODOmscwWm1-g1hQWQ0rU9mjvAI8S-IQc555lK4F6Y-00147.jpg": {"object_bounding_box": [0, 0, 1080, 1080], "object_presence": 1}, "P665--desk--clutter--n7ODOmscwWm1-g1hQWQ0rU9mjvAI8S-IQc555lK4F6Y-00148.jpg": {"object_bounding_box": [0, 0, 1080, 1080], "object_presence": 1}, "P665--desk--clutter--n7ODOmscwWm1-g1hQWQ0rU9mjvAI8S-IQc555lK4F6Y-00149.jpg": {"object_bounding_box": [0, 0, 1080, 1080], "object_presence": 1}, "P665--desk--clutter--n7ODOmscwWm1-g1hQWQ0rU9mjvAI8S-IQc555lK4F6Y-00150.jpg": {"object_bounding_box": [0, 0, 1080, 1080], "object_presence": 1}, "P665--desk--clutter--n7ODOmscwWm1-g1hQWQ0rU9mjvAI8S-IQc555lK4F6Y-00151.jpg": {"object_bounding_box": [0, 0, 1080, 1080], "object_presence": 1}, "P665--desk--clutter--n7ODOmscwWm1-g1hQWQ0rU9mjvAI8S-IQc555lK4F6Y-00152.jpg": {"object_bounding_box": [0, 0, 1080, 1080], "object_presence": 1}, "P665--desk--clutter--n7ODOmscwWm1-g1hQWQ0rU9mjvAI8S-IQc555lK4F6Y-00153.jpg": {"object_bounding_box": [0, 0, 1080, 1080], "object_presence": 1}, "P665--desk--clutter--n7ODOmscwWm1-g1hQWQ0rU9mjvAI8S-IQc555lK4F6Y-00154.jpg": {"object_bounding_box": [0, 0, 1080, 1080], "object_presence": 1}, "P665--desk--clutter--n7ODOmscwWm1-g1hQWQ0rU9mjvAI8S-IQc555lK4F6Y-00155.jpg": {"object_bounding_box": [0, 0, 1080, 1080], "object_presence": 1}, "P665--desk--clutter--n7ODOmscwWm1-g1hQWQ0rU9mjvAI8S-IQc555lK4F6Y-00156.jpg": {"object_bounding_box": [0, 0, 1080, 1080], "object_presence": 1}, "P665--desk--clutter--n7ODOmscwWm1-g1hQWQ0rU9mjvAI8S-IQc555lK4F6Y-00157.jpg": {"object_bounding_box": [0, 0, 1080, 1080], "object_presence": 1}, "P665--desk--clutter--n7ODOmscwWm1-g1hQWQ0rU9mjvAI8S-IQc555lK4F6Y-00158.jpg": {"object_bounding_box": [0, 0, 1080, 1080], "object_presence": 1}, "P665--desk--clutter--n7ODOmscwWm1-g1hQWQ0rU9mjvAI8S-IQc555lK4F6Y-00159.jpg": {"object_bounding_box": [0, 0, 1080, 1080], "object_presence": 1}, "P665--desk--clutter--n7ODOmscwWm1-g1hQWQ0rU9mjvAI8S-IQc555lK4F6Y-00160.jpg": {"object_bounding_box": [0, 0, 1080, 1080], "object_presence": 1}, "P665--desk--clutter--n7ODOmscwWm1-g1hQWQ0rU9mjvAI8S-IQc555lK4F6Y-00161.jpg": {"object_bounding_box": [0, 0, 1080, 1080], "object_presence": 1}, "P665--desk--clutter--n7ODOmscwWm1-g1hQWQ0rU9mjvAI8S-IQc555lK4F6Y-00162.jpg": {"object_bounding_box": [0, 0, 1080, 1080], "object_presence": 1}, "P665--desk--clutter--n7ODOmscwWm1-g1hQWQ0rU9mjvAI8S-IQc555lK4F6Y-00163.jpg": {"object_bounding_box": [0, 0, 1080, 1080], "object_presence": 1}, "P665--desk--clutter--n7ODOmscwWm1-g1hQWQ0rU9mjvAI8S-IQc555lK4F6Y-00164.jpg": {"object_bounding_box": [0, 0, 1080, 1080], "object_presence": 1}, "P665--desk--clutter--n7ODOmscwWm1-g1hQWQ0rU9mjvAI8S-IQc555lK4F6Y-00165.jpg": {"object_bounding_box": [0, 0, 1080, 1080], "object_presence": 1}, "P665--desk--clutter--n7ODOmscwWm1-g1hQWQ0rU9mjvAI8S-IQc555lK4F6Y-00166.jpg": {"object_bounding_box": [0, 0, 1080, 1080], "object_presence": 1}, "P665--desk--clutter--n7ODOmscwWm1-g1hQWQ0rU9mjvAI8S-IQc555lK4F6Y-00167.jpg": {"object_bounding_box": [0, 0, 1080, 1080], "object_presence": 1}, "P665--desk--clutter--n7ODOmscwWm1-g1hQWQ0rU9mjvAI8S-IQc555lK4F6Y-00168.jpg": {"object_bounding_box": [0, 0, 1080, 1080], "object_presence": 1}, "P665--desk--clutter--n7ODOmscwWm1-g1hQWQ0rU9mjvAI8S-IQc555lK4F6Y-00169.jpg": {"object_bounding_box": [0, 0, 1080, 1080], "object_presence": 1}, "P665--desk--clutter--n7ODOmscwWm1-g1hQWQ0rU9mjvAI8S-IQc555lK4F6Y-00170.jpg": {"object_bounding_box": [0, 0, 1080, 1080], "object_presence": 1}, "P665--desk--clutter--n7ODOmscwWm1-g1hQWQ0rU9mjvAI8S-IQc555lK4F6Y-00171.jpg": {"object_bounding_box": [0, 0, 1080, 1080], "object_presence": 1}, "P665--desk--clutter--n7ODOmscwWm1-g1hQWQ0rU9mjvAI8S-IQc555lK4F6Y-00172.jpg": {"object_bounding_box": [0, 0, 1080, 1080], "object_presence": 1}, "P665--desk--clutter--n7ODOmscwWm1-g1hQWQ0rU9mjvAI8S-IQc555lK4F6Y-00173.jpg": {"object_bounding_box": [0, 0, 1080, 1080], "object_presence": 1}, "P665--desk--clutter--n7ODOmscwWm1-g1hQWQ0rU9mjvAI8S-IQc555lK4F6Y-00174.jpg": {"object_bounding_box": [0, 0, 1080, 1080], "object_presence": 1}, "P665--desk--clutter--n7ODOmscwWm1-g1hQWQ0rU9mjvAI8S-IQc555lK4F6Y-00175.jpg": {"object_bounding_box": [0, 0, 1080, 1080], "object_presence": 1}, "P665--desk--clutter--n7ODOmscwWm1-g1hQWQ0rU9mjvAI8S-IQc555lK4F6Y-00176.jpg": {"object_bounding_box": [0, 0, 1080, 1080], "object_presence": 1}, "P665--desk--clutter--n7ODOmscwWm1-g1hQWQ0rU9mjvAI8S-IQc555lK4F6Y-00177.jpg": {"object_bounding_box": [0, 0, 1080, 1080], "object_presence": 1}, "P665--desk--clutter--n7ODOmscwWm1-g1hQWQ0rU9mjvAI8S-IQc555lK4F6Y-00178.jpg": {"object_bounding_box": [0, 0, 1080, 1080], "object_presence": 1}, "P665--desk--clutter--n7ODOmscwWm1-g1hQWQ0rU9mjvAI8S-IQc555lK4F6Y-00179.jpg": {"object_bounding_box": [0, 0, 1080, 1080], "object_presence": 1}, "P665--desk--clutter--n7ODOmscwWm1-g1hQWQ0rU9mjvAI8S-IQc555lK4F6Y-00180.jpg": {"object_bounding_box": [0, 0, 1080, 1080], "object_presence": 1}, "P665--desk--clutter--n7ODOmscwWm1-g1hQWQ0rU9mjvAI8S-IQc555lK4F6Y-00181.jpg": {"object_bounding_box": [0, 0, 1080, 1080], "object_presence": 1}, "P665--desk--clutter--n7ODOmscwWm1-g1hQWQ0rU9mjvAI8S-IQc555lK4F6Y-00182.jpg": {"object_bounding_box": [0, 0, 1080, 1080], "object_presence": 1}, "P665--desk--clutter--n7ODOmscwWm1-g1hQWQ0rU9mjvAI8S-IQc555lK4F6Y-00183.jpg": {"object_bounding_box": [0, 0, 1080, 1080], "object_presence": 1}, "P665--desk--clutter--n7ODOmscwWm1-g1hQWQ0rU9mjvAI8S-IQc555lK4F6Y-00184.jpg": {"object_bounding_box": [0, 0, 1080, 1080], "object_presence": 1}, "P665--desk--clutter--n7ODOmscwWm1-g1hQWQ0rU9mjvAI8S-IQc555lK4F6Y-00185.jpg": {"object_bounding_box": [0, 0, 1080, 1080], "object_presence": 1}, "P665--desk--clutter--n7ODOmscwWm1-g1hQWQ0rU9mjvAI8S-IQc555lK4F6Y-00186.jpg": {"object_bounding_box": [0, 0, 1080, 1080], "object_presence": 1}, "P665--desk--clutter--n7ODOmscwWm1-g1hQWQ0rU9mjvAI8S-IQc555lK4F6Y-00187.jpg": {"object_bounding_box": [0, 0, 1080, 1080], "object_presence": 1}, "P665--desk--clutter--n7ODOmscwWm1-g1hQWQ0rU9mjvAI8S-IQc555lK4F6Y-00188.jpg": {"object_bounding_box": [0, 0, 1080, 1080], "object_presence": 1}, "P665--desk--clutter--n7ODOmscwWm1-g1hQWQ0rU9mjvAI8S-IQc555lK4F6Y-00189.jpg": {"object_bounding_box": [0, 0, 1080, 1080], "object_presence": 1}, "P665--desk--clutter--n7ODOmscwWm1-g1hQWQ0rU9mjvAI8S-IQc555lK4F6Y-00190.jpg": {"object_bounding_box": [0, 0, 1080, 1080], "object_presence": 1}, "P665--desk--clutter--n7ODOmscwWm1-g1hQWQ0rU9mjvAI8S-IQc555lK4F6Y-00191.jpg": {"object_bounding_box": [0, 0, 1080, 1080], "object_presence": 1}, "P665--desk--clutter--n7ODOmscwWm1-g1hQWQ0rU9mjvAI8S-IQc555lK4F6Y-00192.jpg": {"object_bounding_box": [0, 0, 1080, 1080], "object_presence": 1}, "P665--desk--clutter--n7ODOmscwWm1-g1hQWQ0rU9mjvAI8S-IQc555lK4F6Y-00193.jpg": {"object_bounding_box": [0, 0, 1080, 1080], "object_presence": 1}, "P665--desk--clutter--n7ODOmscwWm1-g1hQWQ0rU9mjvAI8S-IQc555lK4F6Y-00194.jpg": {"object_bounding_box": [0, 0, 1080, 1080], "object_presence": 1}, "P665--desk--clutter--n7ODOmscwWm1-g1hQWQ0rU9mjvAI8S-IQc555lK4F6Y-00195.jpg": {"object_bounding_box": [0, 0, 1080, 1080], "object_presence": 1}, "P665--desk--clutter--n7ODOmscwWm1-g1hQWQ0rU9mjvAI8S-IQc555lK4F6Y-00196.jpg": {"object_bounding_box": [0, 0, 1080, 1080], "object_presence": 1}, "P665--desk--clutter--n7ODOmscwWm1-g1hQWQ0rU9mjvAI8S-IQc555lK4F6Y-00197.jpg": {"object_bounding_box": [0, 0, 1080, 1080], "object_presence": 1}, "P665--desk--clutter--n7ODOmscwWm1-g1hQWQ0rU9mjvAI8S-IQc555lK4F6Y-00198.jpg": {"object_bounding_box": [0, 0, 1080, 1080], "object_presence": 1}, "P665--desk--clutter--n7ODOmscwWm1-g1hQWQ0rU9mjvAI8S-IQc555lK4F6Y-00199.jpg": {"object_bounding_box": [0, 0, 1080, 1080], "object_presence": 1}, "P665--desk--clutter--n7ODOmscwWm1-g1hQWQ0rU9mjvAI8S-IQc555lK4F6Y-00200.jpg": {"object_bounding_box": [0, 0, 1080, 1080], "object_presence": 1}, "P665--desk--clutter--n7ODOmscwWm1-g1hQWQ0rU9mjvAI8S-IQc555lK4F6Y-00201.jpg": {"object_bounding_box": [0, 0, 1080, 1080], "object_presence": 1}, "P665--desk--clutter--n7ODOmscwWm1-g1hQWQ0rU9mjvAI8S-IQc555lK4F6Y-00202.jpg": {"object_bounding_box": [0, 0, 1080, 1080], "object_presence": 1}, "P665--desk--clutter--n7ODOmscwWm1-g1hQWQ0rU9mjvAI8S-IQc555lK4F6Y-00203.jpg": {"object_bounding_box": [0, 0, 1080, 1080], "object_presence": 1}, "P665--desk--clutter--n7ODOmscwWm1-g1hQWQ0rU9mjvAI8S-IQc555lK4F6Y-00204.jpg": {"object_bounding_box": [0, 0, 1080, 1080], "object_presence": 1}, "P665--desk--clutter--n7ODOmscwWm1-g1hQWQ0rU9mjvAI8S-IQc555lK4F6Y-00205.jpg": {"object_bounding_box": [0, 0, 1080, 1080], "object_presence": 1}, "P665--desk--clutter--n7ODOmscwWm1-g1hQWQ0rU9mjvAI8S-IQc555lK4F6Y-00206.jpg": {"object_bounding_box": [0, 0, 1080, 1080], "object_presence": 1}, "P665--desk--clutter--n7ODOmscwWm1-g1hQWQ0rU9mjvAI8S-IQc555lK4F6Y-00207.jpg": {"object_bounding_box": [0, 0, 1080, 1080], "object_presence": 1}, "P665--desk--clutter--n7ODOmscwWm1-g1hQWQ0rU9mjvAI8S-IQc555lK4F6Y-00208.jpg": {"object_bounding_box": [0, 0, 1080, 1080], "object_presence": 1}, "P665--desk--clutter--n7ODOmscwWm1-g1hQWQ0rU9mjvAI8S-IQc555lK4F6Y-00209.jpg": {"object_bounding_box": [0, 0, 1080, 1080], "object_presence": 1}, "P665--desk--clutter--n7ODOmscwWm1-g1hQWQ0rU9mjvAI8S-IQc555lK4F6Y-00210.jpg": {"object_bounding_box": [0, 0, 1080, 1080], "object_presence": 1}, "P665--desk--clutter--n7ODOmscwWm1-g1hQWQ0rU9mjvAI8S-IQc555lK4F6Y-00211.jpg": {"object_bounding_box": [0, 0, 1080, 1080], "object_presence": 1}, "P665--desk--clutter--n7ODOmscwWm1-g1hQWQ0rU9mjvAI8S-IQc555lK4F6Y-00212.jpg": {"object_bounding_box": [0, 0, 1080, 1080], "object_presence": 1}, "P665--desk--clutter--n7ODOmscwWm1-g1hQWQ0rU9mjvAI8S-IQc555lK4F6Y-00213.jpg": {"object_bounding_box": [0, 0, 1080, 1080], "object_presence": 1}, "P665--desk--clutter--n7ODOmscwWm1-g1hQWQ0rU9mjvAI8S-IQc555lK4F6Y-00214.jpg": {"object_bounding_box": [0, 0, 1080, 1080], "object_presence": 1}, "P665--desk--clutter--n7ODOmscwWm1-g1hQWQ0rU9mjvAI8S-IQc555lK4F6Y-00215.jpg": {"object_bounding_box": [0, 0, 1080, 1080], "object_presence": 1}, "P665--desk--clutter--n7ODOmscwWm1-g1hQWQ0rU9mjvAI8S-IQc555lK4F6Y-00216.jpg": {"object_bounding_box": [0, 0, 1080, 1080], "object_presence": 1}, "P665--desk--clutter--n7ODOmscwWm1-g1hQWQ0rU9mjvAI8S-IQc555lK4F6Y-00217.jpg": {"object_bounding_box": [0, 0, 1080, 1080], "object_presence": 1}, "P665--desk--clutter--n7ODOmscwWm1-g1hQWQ0rU9mjvAI8S-IQc555lK4F6Y-00218.jpg": {"object_bounding_box": [0, 0, 1080, 1080], "object_presence": 1}, "P665--desk--clutter--n7ODOmscwWm1-g1hQWQ0rU9mjvAI8S-IQc555lK4F6Y-00219.jpg": {"object_bounding_box": [0, 0, 1080, 1080], "object_presence": 1}, "P665--desk--clutter--n7ODOmscwWm1-g1hQWQ0rU9mjvAI8S-IQc555lK4F6Y-00220.jpg": {"object_bounding_box": [0, 0, 1080, 1080], "object_presence": 1}, "P665--desk--clutter--n7ODOmscwWm1-g1hQWQ0rU9mjvAI8S-IQc555lK4F6Y-00221.jpg": {"object_bounding_box": [0, 0, 1080, 1080], "object_presence": 1}, "P665--desk--clutter--n7ODOmscwWm1-g1hQWQ0rU9mjvAI8S-IQc555lK4F6Y-00222.jpg": {"object_bounding_box": [0, 0, 1080, 1080], "object_presence": 1}, "P665--desk--clutter--n7ODOmscwWm1-g1hQWQ0rU9mjvAI8S-IQc555lK4F6Y-00223.jpg": {"object_bounding_box": [0, 0, 1080, 1080], "object_presence": 1}, "P665--desk--clutter--n7ODOmscwWm1-g1hQWQ0rU9mjvAI8S-IQc555lK4F6Y-00224.jpg": {"object_bounding_box": [0, 0, 1080, 1080], "object_presence": 1}, "P665--desk--clutter--n7ODOmscwWm1-g1hQWQ0rU9mjvAI8S-IQc555lK4F6Y-00225.jpg": {"object_bounding_box": [0, 0, 1080, 1080], "object_presence": 1}, "P665--desk--clutter--n7ODOmscwWm1-g1hQWQ0rU9mjvAI8S-IQc555lK4F6Y-00226.jpg": {"object_bounding_box": [0, 0, 1080, 1080], "object_presence": 1}, "P665--desk--clutter--n7ODOmscwWm1-g1hQWQ0rU9mjvAI8S-IQc555lK4F6Y-00227.jpg": {"object_bounding_box": [0, 0, 1080, 1080], "object_presence": 1}, "P665--desk--clutter--n7ODOmscwWm1-g1hQWQ0rU9mjvAI8S-IQc555lK4F6Y-00228.jpg": {"object_bounding_box": [0, 0, 1080, 1080], "object_presence": 1}, "P665--desk--clutter--n7ODOmscwWm1-g1hQWQ0rU9mjvAI8S-IQc555lK4F6Y-00229.jpg": {"object_bounding_box": [0, 0, 1080, 1080], "object_presence": 1}, "P665--desk--clutter--n7ODOmscwWm1-g1hQWQ0rU9mjvAI8S-IQc555lK4F6Y-00230.jpg": {"object_bounding_box": [0, 0, 1080, 1080], "object_presence": 1}, "P665--desk--clutter--n7ODOmscwWm1-g1hQWQ0rU9mjvAI8S-IQc555lK4F6Y-00231.jpg": {"object_bounding_box": [0, 0, 1080, 1080], "object_presence": 1}, "P665--desk--clutter--n7ODOmscwWm1-g1hQWQ0rU9mjvAI8S-IQc555lK4F6Y-00232.jpg": {"object_bounding_box": [0, 0, 1080, 1080], "object_presence": 1}, "P665--desk--clutter--n7ODOmscwWm1-g1hQWQ0rU9mjvAI8S-IQc555lK4F6Y-00233.jpg": {"object_bounding_box": [0, 0, 1080, 1080], "object_presence": 1}, "P665--desk--clutter--n7ODOmscwWm1-g1hQWQ0rU9mjvAI8S-IQc555lK4F6Y-00234.jpg": {"object_bounding_box": [0, 0, 1080, 1080], "object_presence": 1}, "P665--desk--clutter--n7ODOmscwWm1-g1hQWQ0rU9mjvAI8S-IQc555lK4F6Y-00235.jpg": {"object_bounding_box": [0, 0, 1080, 1080], "object_presence": 1}, "P665--desk--clutter--n7ODOmscwWm1-g1hQWQ0rU9mjvAI8S-IQc555lK4F6Y-00236.jpg": {"object_bounding_box": [0, 0, 1080, 1080], "object_presence": 1}, "P665--desk--clutter--n7ODOmscwWm1-g1hQWQ0rU9mjvAI8S-IQc555lK4F6Y-00237.jpg": {"object_bounding_box": [0, 0, 1080, 1080], "object_presence": 1}, "P665--desk--clutter--n7ODOmscwWm1-g1hQWQ0rU9mjvAI8S-IQc555lK4F6Y-00238.jpg": {"object_bounding_box": [0, 0, 1080, 1080], "object_presence": 1}, "P665--desk--clutter--n7ODOmscwWm1-g1hQWQ0rU9mjvAI8S-IQc555lK4F6Y-00239.jpg": {"object_bounding_box": [0, 0, 1080, 1080], "object_presence": 1}, "P665--desk--clutter--n7ODOmscwWm1-g1hQWQ0rU9mjvAI8S-IQc555lK4F6Y-00240.jpg": {"object_bounding_box": [0, 0, 1080, 1080], "object_presence": 1}, "P665--desk--clutter--n7ODOmscwWm1-g1hQWQ0rU9mjvAI8S-IQc555lK4F6Y-00241.jpg": {"object_bounding_box": [0, 0, 1080, 1080], "object_presence": 1}, "P665--desk--clutter--n7ODOmscwWm1-g1hQWQ0rU9mjvAI8S-IQc555lK4F6Y-00242.jpg": {"object_bounding_box": [0, 0, 1080, 1080], "object_presence": 1}, "P665--desk--clutter--n7ODOmscwWm1-g1hQWQ0rU9mjvAI8S-IQc555lK4F6Y-00243.jpg": {"object_bounding_box": [0, 0, 1080, 1080], "object_presence": 1}, "P665--desk--clutter--n7ODOmscwWm1-g1hQWQ0rU9mjvAI8S-IQc555lK4F6Y-00244.jpg": {"object_bounding_box": [0, 0, 1080, 1080], "object_presence": 1}, "P665--desk--clutter--n7ODOmscwWm1-g1hQWQ0rU9mjvAI8S-IQc555lK4F6Y-00245.jpg": {"object_bounding_box": [0, 0, 1080, 1080], "object_presence": 1}, "P665--desk--clutter--n7ODOmscwWm1-g1hQWQ0rU9mjvAI8S-IQc555lK4F6Y-00246.jpg": {"object_bounding_box": [0, 0, 1080, 1080], "object_presence": 1}, "P665--desk--clutter--n7ODOmscwWm1-g1hQWQ0rU9mjvAI8S-IQc555lK4F6Y-00247.jpg": {"object_bounding_box": [0, 0, 1080, 1080], "object_presence": 1}, "P665--desk--clutter--n7ODOmscwWm1-g1hQWQ0rU9mjvAI8S-IQc555lK4F6Y-00248.jpg": {"object_bounding_box": [0, 0, 1080, 1080], "object_presence": 1}, "P665--desk--clutter--n7ODOmscwWm1-g1hQWQ0rU9mjvAI8S-IQc555lK4F6Y-00249.jpg": {"object_bounding_box": [0, 0, 1080, 1080], "object_presence": 1}, "P665--desk--clutter--n7ODOmscwWm1-g1hQWQ0rU9mjvAI8S-IQc555lK4F6Y-00250.jpg": {"object_bounding_box": [0, 0, 1080, 1080], "object_presence": 1}, "P665--desk--clutter--n7ODOmscwWm1-g1hQWQ0rU9mjvAI8S-IQc555lK4F6Y-00251.jpg": {"object_bounding_box": [0, 0, 1080, 1080], "object_presence": 1}, "P665--desk--clutter--n7ODOmscwWm1-g1hQWQ0rU9mjvAI8S-IQc555lK4F6Y-00252.jpg": {"object_bounding_box": [0, 0, 1080, 1080], "object_presence": 1}, "P665--desk--clutter--n7ODOmscwWm1-g1hQWQ0rU9mjvAI8S-IQc555lK4F6Y-00253.jpg": {"object_bounding_box": [0, 0, 1080, 1080], "object_presence": 1}, "P665--desk--clutter--n7ODOmscwWm1-g1hQWQ0rU9mjvAI8S-IQc555lK4F6Y-00254.jpg": {"object_bounding_box": [0, 0, 1080, 1080], "object_presence": 1}, "P665--desk--clutter--n7ODOmscwWm1-g1hQWQ0rU9mjvAI8S-IQc555lK4F6Y-00255.jpg": {"object_bounding_box": [0, 0, 1080, 1080], "object_presence": 1}, "P665--desk--clutter--n7ODOmscwWm1-g1hQWQ0rU9mjvAI8S-IQc555lK4F6Y-00256.jpg": {"object_bounding_box": [0, 0, 1080, 1080], "object_presence": 1}, "P665--desk--clutter--n7ODOmscwWm1-g1hQWQ0rU9mjvAI8S-IQc555lK4F6Y-00257.jpg": {"object_bounding_box": [0, 0, 1080, 1080], "object_presence": 1}, "P665--desk--clutter--n7ODOmscwWm1-g1hQWQ0rU9mjvAI8S-IQc555lK4F6Y-00258.jpg": {"object_bounding_box": [0, 0, 1080, 1080], "object_presence": 1}, "P665--desk--clutter--n7ODOmscwWm1-g1hQWQ0rU9mjvAI8S-IQc555lK4F6Y-00259.jpg": {"object_bounding_box": [0, 0, 1080, 1080], "object_presence": 1}, "P665--desk--clutter--n7ODOmscwWm1-g1hQWQ0rU9mjvAI8S-IQc555lK4F6Y-00260.jpg": {"object_bounding_box": [0, 0, 1080, 1080], "object_presence": 1}, "P665--desk--clutter--n7ODOmscwWm1-g1hQWQ0rU9mjvAI8S-IQc555lK4F6Y-00261.jpg": {"object_bounding_box": [0, 0, 1080, 1080], "object_presence": 1}, "P665--desk--clutter--n7ODOmscwWm1-g1hQWQ0rU9mjvAI8S-IQc555lK4F6Y-00262.jpg": {"object_bounding_box": [0, 0, 1080, 1080], "object_presence": 1}, "P665--desk--clutter--n7ODOmscwWm1-g1hQWQ0rU9mjvAI8S-IQc555lK4F6Y-00263.jpg": {"object_bounding_box": [0, 0, 1080, 1080], "object_presence": 1}, "P665--desk--clutter--n7ODOmscwWm1-g1hQWQ0rU9mjvAI8S-IQc555lK4F6Y-00264.jpg": {"object_bounding_box": [0, 0, 1080, 1080], "object_presence": 1}, "P665--desk--clutter--n7ODOmscwWm1-g1hQWQ0rU9mjvAI8S-IQc555lK4F6Y-00265.jpg": {"object_bounding_box": [0, 0, 1080, 1080], "object_presence": 1}, "P665--desk--clutter--n7ODOmscwWm1-g1hQWQ0rU9mjvAI8S-IQc555lK4F6Y-00266.jpg": {"object_bounding_box": [0, 0, 1080, 1080], "object_presence": 1}, "P665--desk--clutter--n7ODOmscwWm1-g1hQWQ0rU9mjvAI8S-IQc555lK4F6Y-00267.jpg": {"object_bounding_box": [0, 0, 1080, 1080], "object_presence": 1}, "P665--desk--clutter--n7ODOmscwWm1-g1hQWQ0rU9mjvAI8S-IQc555lK4F6Y-00268.jpg": {"object_bounding_box": [0, 0, 1080, 1080], "object_presence": 1}, "P665--desk--clutter--n7ODOmscwWm1-g1hQWQ0rU9mjvAI8S-IQc555lK4F6Y-00269.jpg": {"object_bounding_box": [0, 0, 1080, 1080], "object_presence": 1}, "P665--desk--clutter--n7ODOmscwWm1-g1hQWQ0rU9mjvAI8S-IQc555lK4F6Y-00270.jpg": {"object_bounding_box": [0, 0, 1080, 1080], "object_presence": 1}, "P665--desk--clutter--n7ODOmscwWm1-g1hQWQ0rU9mjvAI8S-IQc555lK4F6Y-00271.jpg": {"object_bounding_box": [0, 0, 1080, 1080], "object_presence": 1}, "P665--desk--clutter--n7ODOmscwWm1-g1hQWQ0rU9mjvAI8S-IQc555lK4F6Y-00272.jpg": {"object_bounding_box": [0, 0, 1080, 1080], "object_presence": 1}, "P665--desk--clutter--n7ODOmscwWm1-g1hQWQ0rU9mjvAI8S-IQc555lK4F6Y-00273.jpg": {"object_bounding_box": [0, 0, 1080, 1080], "object_presence": 1}, "P665--desk--clutter--n7ODOmscwWm1-g1hQWQ0rU9mjvAI8S-IQc555lK4F6Y-00274.jpg": {"object_bounding_box": [0, 0, 1080, 1080], "object_presence": 1}, "P665--desk--clutter--n7ODOmscwWm1-g1hQWQ0rU9mjvAI8S-IQc555lK4F6Y-00275.jpg": {"object_bounding_box": [0, 0, 1080, 1080], "object_presence": 1}, "P665--desk--clutter--n7ODOmscwWm1-g1hQWQ0rU9mjvAI8S-IQc555lK4F6Y-00276.jpg": {"object_bounding_box": [0, 0, 1080, 1080], "object_presence": 1}, "P665--desk--clutter--n7ODOmscwWm1-g1hQWQ0rU9mjvAI8S-IQc555lK4F6Y-00277.jpg": {"object_bounding_box": [0, 0, 1080, 1080], "object_presence": 1}, "P665--desk--clutter--n7ODOmscwWm1-g1hQWQ0rU9mjvAI8S-IQc555lK4F6Y-00278.jpg": {"object_bounding_box": [0, 0, 1080, 1080], "object_presence": 1}, "P665--desk--clutter--n7ODOmscwWm1-g1hQWQ0rU9mjvAI8S-IQc555lK4F6Y-00279.jpg": {"object_bounding_box": [0, 0, 1080, 1080], "object_presence": 1}, "P665--desk--clutter--n7ODOmscwWm1-g1hQWQ0rU9mjvAI8S-IQc555lK4F6Y-00280.jpg": {"object_bounding_box": [0, 0, 1080, 1080], "object_presence": 1}, "P665--desk--clutter--n7ODOmscwWm1-g1hQWQ0rU9mjvAI8S-IQc555lK4F6Y-00281.jpg": {"object_bounding_box": [0, 0, 1080, 1080], "object_presence": 1}, "P665--desk--clutter--n7ODOmscwWm1-g1hQWQ0rU9mjvAI8S-IQc555lK4F6Y-00282.jpg": {"object_bounding_box": [0, 0, 1080, 1080], "object_presence": 1}, "P665--desk--clutter--n7ODOmscwWm1-g1hQWQ0rU9mjvAI8S-IQc555lK4F6Y-00283.jpg": {"object_bounding_box": [0, 0, 1080, 1080], "object_presence": 1}, "P665--desk--clutter--n7ODOmscwWm1-g1hQWQ0rU9mjvAI8S-IQc555lK4F6Y-00284.jpg": {"object_bounding_box": [0, 0, 1080, 1080], "object_presence": 1}, "P665--desk--clutter--n7ODOmscwWm1-g1hQWQ0rU9mjvAI8S-IQc555lK4F6Y-00285.jpg": {"object_bounding_box": [0, 0, 1080, 1080], "object_presence": 1}, "P665--desk--clutter--n7ODOmscwWm1-g1hQWQ0rU9mjvAI8S-IQc555lK4F6Y-00286.jpg": {"object_bounding_box": [0, 0, 1080, 1080], "object_presence": 1}, "P665--desk--clutter--n7ODOmscwWm1-g1hQWQ0rU9mjvAI8S-IQc555lK4F6Y-00287.jpg": {"object_bounding_box": [0, 0, 1080, 1080], "object_presence": 1}, "P665--desk--clutter--n7ODOmscwWm1-g1hQWQ0rU9mjvAI8S-IQc555lK4F6Y-00288.jpg": {"object_bounding_box": [0, 0, 1080, 1080], "object_presence": 1}, "P665--desk--clutter--n7ODOmscwWm1-g1hQWQ0rU9mjvAI8S-IQc555lK4F6Y-00289.jpg": {"object_bounding_box": [0, 0, 1080, 1080], "object_presence": 1}, "P665--desk--clutter--n7ODOmscwWm1-g1hQWQ0rU9mjvAI8S-IQc555lK4F6Y-00290.jpg": {"object_bounding_box": [0, 0, 1080, 1080], "object_presence": 1}, "P665--desk--clutter--n7ODOmscwWm1-g1hQWQ0rU9mjvAI8S-IQc555lK4F6Y-00291.jpg": {"object_bounding_box": [0, 0, 1080, 1080], "object_presence": 1}, "P665--desk--clutter--n7ODOmscwWm1-g1hQWQ0rU9mjvAI8S-IQc555lK4F6Y-00292.jpg": {"object_bounding_box": [0, 0, 1080, 1080], "object_presence": 1}, "P665--desk--clutter--n7ODOmscwWm1-g1hQWQ0rU9mjvAI8S-IQc555lK4F6Y-00293.jpg": {"object_bounding_box": [0, 0, 1080, 1080], "object_presence": 1}, "P665--desk--clutter--n7ODOmscwWm1-g1hQWQ0rU9mjvAI8S-IQc555lK4F6Y-00294.jpg": {"object_bounding_box": [0, 0, 1080, 1080], "object_presence": 1}, "P665--desk--clutter--n7ODOmscwWm1-g1hQWQ0rU9mjvAI8S-IQc555lK4F6Y-00295.jpg": {"object_bounding_box": [0, 0, 1080, 1080], "object_presence": 1}, "P665--desk--clutter--n7ODOmscwWm1-g1hQWQ0rU9mjvAI8S-IQc555lK4F6Y-00296.jpg": {"object_bounding_box": [0, 0, 1080, 1080], "object_presence": 1}, "P665--desk--clutter--n7ODOmscwWm1-g1hQWQ0rU9mjvAI8S-IQc555lK4F6Y-00297.jpg": {"object_bounding_box": [0, 0, 1080, 1080], "object_presence": 1}, "P665--desk--clutter--n7ODOmscwWm1-g1hQWQ0rU9mjvAI8S-IQc555lK4F6Y-00298.jpg": {"object_bounding_box": [0, 0, 1080, 1080], "object_presence": 1}, "P665--desk--clutter--n7ODOmscwWm1-g1hQWQ0rU9mjvAI8S-IQc555lK4F6Y-00299.jpg": {"object_bounding_box": [0, 0, 1080, 1080], "object_presence": 1}, "P665--desk--clutter--n7ODOmscwWm1-g1hQWQ0rU9mjvAI8S-IQc555lK4F6Y-00300.jpg": {"object_bounding_box": [0, 0, 1080, 1080], "object_presence": 1}, "P665--desk--clutter--n7ODOmscwWm1-g1hQWQ0rU9mjvAI8S-IQc555lK4F6Y-00301.jpg": {"object_bounding_box": [0, 0, 1080, 1080], "object_presence": 1}, "P665--desk--clutter--n7ODOmscwWm1-g1hQWQ0rU9mjvAI8S-IQc555lK4F6Y-00302.jpg": {"object_bounding_box": [0, 0, 1080, 1080], "object_presence": 1}, "P665--desk--clutter--n7ODOmscwWm1-g1hQWQ0rU9mjvAI8S-IQc555lK4F6Y-00303.jpg": {"object_bounding_box": [0, 0, 1080, 1080], "object_presence": 1}, "P665--desk--clutter--n7ODOmscwWm1-g1hQWQ0rU9mjvAI8S-IQc555lK4F6Y-00304.jpg": {"object_bounding_box": [0, 0, 1080, 1080], "object_presence": 1}, "P665--desk--clutter--n7ODOmscwWm1-g1hQWQ0rU9mjvAI8S-IQc555lK4F6Y-00305.jpg": {"object_bounding_box": [0, 0, 1080, 1080], "object_presence": 1}, "P665--desk--clutter--n7ODOmscwWm1-g1hQWQ0rU9mjvAI8S-IQc555lK4F6Y-00306.jpg": {"object_bounding_box": [0, 0, 1080, 1080], "object_presence": 1}, "P665--desk--clutter--n7ODOmscwWm1-g1hQWQ0rU9mjvAI8S-IQc555lK4F6Y-00307.jpg": {"object_bounding_box": [0, 0, 1080, 1080], "object_presence": 1}, "P665--desk--clutter--n7ODOmscwWm1-g1hQWQ0rU9mjvAI8S-IQc555lK4F6Y-00308.jpg": {"object_bounding_box": [0, 0, 1080, 1080], "object_presence": 1}, "P665--desk--clutter--n7ODOmscwWm1-g1hQWQ0rU9mjvAI8S-IQc555lK4F6Y-00309.jpg": {"object_bounding_box": [0, 0, 1080, 1080], "object_presence": 1}, "P665--desk--clutter--n7ODOmscwWm1-g1hQWQ0rU9mjvAI8S-IQc555lK4F6Y-00310.jpg": {"object_bounding_box": [0, 0, 1080, 1080], "object_presence": 1}, "P665--desk--clutter--n7ODOmscwWm1-g1hQWQ0rU9mjvAI8S-IQc555lK4F6Y-00311.jpg": {"object_bounding_box": [0, 0, 1080, 1080], "object_presence": 1}, "P665--desk--clutter--n7ODOmscwWm1-g1hQWQ0rU9mjvAI8S-IQc555lK4F6Y-00312.jpg": {"object_bounding_box": [0, 0, 1080, 1080], "object_presence": 1}, "P665--desk--clutter--n7ODOmscwWm1-g1hQWQ0rU9mjvAI8S-IQc555lK4F6Y-00313.jpg": {"object_bounding_box": [0, 0, 1080, 1080], "object_presence": 1}, "P665--desk--clutter--n7ODOmscwWm1-g1hQWQ0rU9mjvAI8S-IQc555lK4F6Y-00314.jpg": {"object_bounding_box": [0, 0, 1080, 1080], "object_presence": 1}, "P665--desk--clutter--n7ODOmscwWm1-g1hQWQ0rU9mjvAI8S-IQc555lK4F6Y-00315.jpg": {"object_bounding_box": [0, 0, 1080, 1080], "object_presence": 1}, "P665--desk--clutter--n7ODOmscwWm1-g1hQWQ0rU9mjvAI8S-IQc555lK4F6Y-00316.jpg": {"object_bounding_box": [0, 0, 1080, 1080], "object_presence": 1}, "P665--desk--clutter--n7ODOmscwWm1-g1hQWQ0rU9mjvAI8S-IQc555lK4F6Y-00317.jpg": {"object_bounding_box": [0, 0, 1080, 1080], "object_presence": 1}, "P665--desk--clutter--n7ODOmscwWm1-g1hQWQ0rU9mjvAI8S-IQc555lK4F6Y-00318.jpg": {"object_bounding_box": [0, 0, 1080, 1080], "object_presence": 1}, "P665--desk--clutter--n7ODOmscwWm1-g1hQWQ0rU9mjvAI8S-IQc555lK4F6Y-00319.jpg": {"object_bounding_box": [0, 0, 1080, 1080], "object_presence": 1}, "P665--desk--clutter--n7ODOmscwWm1-g1hQWQ0rU9mjvAI8S-IQc555lK4F6Y-00320.jpg": {"object_bounding_box": [0, 0, 1080, 1080], "object_presence": 1}, "P665--desk--clutter--n7ODOmscwWm1-g1hQWQ0rU9mjvAI8S-IQc555lK4F6Y-00321.jpg": {"object_bounding_box": [0, 0, 1080, 1080], "object_presence": 1}, "P665--desk--clutter--n7ODOmscwWm1-g1hQWQ0rU9mjvAI8S-IQc555lK4F6Y-00322.jpg": {"object_bounding_box": [0, 0, 1080, 1080], "object_presence": 1}, "P665--desk--clutter--n7ODOmscwWm1-g1hQWQ0rU9mjvAI8S-IQc555lK4F6Y-00323.jpg": {"object_bounding_box": [0, 0, 1080, 1080], "object_presence": 1}, "P665--desk--clutter--n7ODOmscwWm1-g1hQWQ0rU9mjvAI8S-IQc555lK4F6Y-00324.jpg": {"object_bounding_box": [0, 0, 1080, 1080], "object_presence": 1}, "P665--desk--clutter--n7ODOmscwWm1-g1hQWQ0rU9mjvAI8S-IQc555lK4F6Y-00325.jpg": {"object_bounding_box": [0, 0, 1080, 1080], "object_presence": 1}, "P665--desk--clutter--n7ODOmscwWm1-g1hQWQ0rU9mjvAI8S-IQc555lK4F6Y-00326.jpg": {"object_bounding_box": [0, 0, 1080, 1080], "object_presence": 1}, "P665--desk--clutter--n7ODOmscwWm1-g1hQWQ0rU9mjvAI8S-IQc555lK4F6Y-00327.jpg": {"object_bounding_box": [0, 0, 1080, 1080], "object_presence": 1}, "P665--desk--clutter--n7ODOmscwWm1-g1hQWQ0rU9mjvAI8S-IQc555lK4F6Y-00328.jpg": {"object_bounding_box": [0, 0, 1080, 1080], "object_presence": 1}, "P665--desk--clutter--n7ODOmscwWm1-g1hQWQ0rU9mjvAI8S-IQc555lK4F6Y-00329.jpg": {"object_bounding_box": [0, 0, 1080, 1080], "object_presence": 1}, "P665--desk--clutter--n7ODOmscwWm1-g1hQWQ0rU9mjvAI8S-IQc555lK4F6Y-00330.jpg": {"object_bounding_box": [0, 0, 1080, 1080], "object_presence": 1}, "P665--desk--clutter--n7ODOmscwWm1-g1hQWQ0rU9mjvAI8S-IQc555lK4F6Y-00331.jpg": {"object_bounding_box": [0, 0, 1080, 1080], "object_presence": 1}, "P665--desk--clutter--n7ODOmscwWm1-g1hQWQ0rU9mjvAI8S-IQc555lK4F6Y-00332.jpg": {"object_bounding_box": [0, 0, 1080, 1080], "object_presence": 1}, "P665--desk--clutter--n7ODOmscwWm1-g1hQWQ0rU9mjvAI8S-IQc555lK4F6Y-00333.jpg": {"object_bounding_box": [0, 0, 1080, 1080], "object_presence": 1}, "P665--desk--clutter--n7ODOmscwWm1-g1hQWQ0rU9mjvAI8S-IQc555lK4F6Y-00334.jpg": {"object_bounding_box": [0, 0, 1080, 1080], "object_presence": 1}, "P665--desk--clutter--n7ODOmscwWm1-g1hQWQ0rU9mjvAI8S-IQc555lK4F6Y-00335.jpg": {"object_bounding_box": [0, 0, 1080, 1080], "object_presence": 1}, "P665--desk--clutter--n7ODOmscwWm1-g1hQWQ0rU9mjvAI8S-IQc555lK4F6Y-00336.jpg": {"object_bounding_box": [0, 0, 1080, 1080], "object_presence": 1}, "P665--desk--clutter--n7ODOmscwWm1-g1hQWQ0rU9mjvAI8S-IQc555lK4F6Y-00337.jpg": {"object_bounding_box": [0, 0, 1080, 1080], "object_presence": 1}, "P665--desk--clutter--n7ODOmscwWm1-g1hQWQ0rU9mjvAI8S-IQc555lK4F6Y-00338.jpg": {"object_bounding_box": [0, 0, 1080, 1080], "object_presence": 1}, "P665--desk--clutter--n7ODOmscwWm1-g1hQWQ0rU9mjvAI8S-IQc555lK4F6Y-00339.jpg": {"object_bounding_box": [0, 0, 1080, 1080], "object_presence": 1}, "P665--desk--clutter--n7ODOmscwWm1-g1hQWQ0rU9mjvAI8S-IQc555lK4F6Y-00340.jpg": {"object_bounding_box": [0, 0, 1080, 1080], "object_presence": 1}, "P665--desk--clutter--n7ODOmscwWm1-g1hQWQ0rU9mjvAI8S-IQc555lK4F6Y-00341.jpg": {"object_bounding_box": [0, 0, 1080, 1080], "object_presence": 1}, "P665--desk--clutter--n7ODOmscwWm1-g1hQWQ0rU9mjvAI8S-IQc555lK4F6Y-00342.jpg": {"object_bounding_box": [0, 0, 1080, 1080], "object_presence": 1}, "P665--desk--clutter--n7ODOmscwWm1-g1hQWQ0rU9mjvAI8S-IQc555lK4F6Y-00343.jpg": {"object_bounding_box": [0, 0, 1080, 1080], "object_presence": 1}, "P665--desk--clutter--n7ODOmscwWm1-g1hQWQ0rU9mjvAI8S-IQc555lK4F6Y-00344.jpg": {"object_bounding_box": [0, 0, 1080, 1080], "object_presence": 1}, "P665--desk--clutter--n7ODOmscwWm1-g1hQWQ0rU9mjvAI8S-IQc555lK4F6Y-00345.jpg": {"object_bounding_box": [0, 0, 1080, 1080], "object_presence": 1}, "P665--desk--clutter--n7ODOmscwWm1-g1hQWQ0rU9mjvAI8S-IQc555lK4F6Y-00346.jpg": {"object_bounding_box": [0, 0, 1080, 1080], "object_presence": 1}, "P665--desk--clutter--n7ODOmscwWm1-g1hQWQ0rU9mjvAI8S-IQc555lK4F6Y-00347.jpg": {"object_bounding_box": [0, 0, 1080, 1080], "object_presence": 1}, "P665--desk--clutter--n7ODOmscwWm1-g1hQWQ0rU9mjvAI8S-IQc555lK4F6Y-00348.jpg": {"object_bounding_box": [0, 0, 1080, 1080], "object_presence": 1}, "P665--desk--clutter--n7ODOmscwWm1-g1hQWQ0rU9mjvAI8S-IQc555lK4F6Y-00349.jpg": {"object_bounding_box": [0, 0, 1080, 1080], "object_presence": 1}, "P665--desk--clutter--n7ODOmscwWm1-g1hQWQ0rU9mjvAI8S-IQc555lK4F6Y-00350.jpg": {"object_bounding_box": [0, 0, 1080, 1080], "object_presence": 1}, "P665--desk--clutter--n7ODOmscwWm1-g1hQWQ0rU9mjvAI8S-IQc555lK4F6Y-00351.jpg": {"object_bounding_box": [0, 0, 1080, 1080], "object_presence": 1}, "P665--desk--clutter--n7ODOmscwWm1-g1hQWQ0rU9mjvAI8S-IQc555lK4F6Y-00352.jpg": {"object_bounding_box": [0, 0, 1080, 1080], "object_presence": 1}, "P665--desk--clutter--n7ODOmscwWm1-g1hQWQ0rU9mjvAI8S-IQc555lK4F6Y-00353.jpg": {"object_bounding_box": [0, 0, 1080, 1080], "object_presence": 1}, "P665--desk--clutter--n7ODOmscwWm1-g1hQWQ0rU9mjvAI8S-IQc555lK4F6Y-00354.jpg": {"object_bounding_box": [0, 0, 1080, 1080], "object_presence": 1}, "P665--desk--clutter--n7ODOmscwWm1-g1hQWQ0rU9mjvAI8S-IQc555lK4F6Y-00355.jpg": {"object_bounding_box": [0, 0, 1080, 1080], "object_presence": 1}, "P665--desk--clutter--n7ODOmscwWm1-g1hQWQ0rU9mjvAI8S-IQc555lK4F6Y-00356.jpg": {"object_bounding_box": [0, 0, 1080, 1080], "object_presence": 1}, "P665--desk--clutter--n7ODOmscwWm1-g1hQWQ0rU9mjvAI8S-IQc555lK4F6Y-00357.jpg": {"object_bounding_box": [0, 0, 1080, 1080], "object_presence": 1}, "P665--desk--clutter--n7ODOmscwWm1-g1hQWQ0rU9mjvAI8S-IQc555lK4F6Y-00358.jpg": {"object_bounding_box": [0, 0, 1080, 1080], "object_presence": 1}, "P665--desk--clutter--n7ODOmscwWm1-g1hQWQ0rU9mjvAI8S-IQc555lK4F6Y-00359.jpg": {"object_bounding_box": [0, 0, 1080, 1080], "object_presence": 1}, "P665--desk--clutter--n7ODOmscwWm1-g1hQWQ0rU9mjvAI8S-IQc555lK4F6Y-00360.jpg": {"object_bounding_box": [0, 0, 1080, 1080], "object_presence": 1}, "P665--desk--clutter--n7ODOmscwWm1-g1hQWQ0rU9mjvAI8S-IQc555lK4F6Y-00361.jpg": {"object_bounding_box": [0, 0, 1080, 1080], "object_presence": 1}, "P665--desk--clutter--n7ODOmscwWm1-g1hQWQ0rU9mjvAI8S-IQc555lK4F6Y-00362.jpg": {"object_bounding_box": [0, 0, 1080, 1080], "object_presence": 1}, "P665--desk--clutter--n7ODOmscwWm1-g1hQWQ0rU9mjvAI8S-IQc555lK4F6Y-00363.jpg": {"object_bounding_box": [0, 0, 1080, 1080], "object_presence": 1}, "P665--desk--clutter--n7ODOmscwWm1-g1hQWQ0rU9mjvAI8S-IQc555lK4F6Y-00364.jpg": {"object_bounding_box": [0, 0, 1080, 1080], "object_presence": 1}, "P665--desk--clutter--n7ODOmscwWm1-g1hQWQ0rU9mjvAI8S-IQc555lK4F6Y-00365.jpg": {"object_bounding_box": [0, 0, 1080, 1080], "object_presence": 1}, "P665--desk--clutter--n7ODOmscwWm1-g1hQWQ0rU9mjvAI8S-IQc555lK4F6Y-00366.jpg": {"object_bounding_box": [0, 0, 1080, 1080], "object_presence": 1}, "P665--desk--clutter--n7ODOmscwWm1-g1hQWQ0rU9mjvAI8S-IQc555lK4F6Y-00367.jpg": {"object_bounding_box": [0, 0, 1080, 1080], "object_presence": 1}, "P665--desk--clutter--n7ODOmscwWm1-g1hQWQ0rU9mjvAI8S-IQc555lK4F6Y-00368.jpg": {"object_bounding_box": [0, 0, 1080, 1080], "object_presence": 1}, "P665--desk--clutter--n7ODOmscwWm1-g1hQWQ0rU9mjvAI8S-IQc555lK4F6Y-00369.jpg": {"object_bounding_box": [0, 0, 1080, 1080], "object_presence": 1}, "P665--desk--clutter--n7ODOmscwWm1-g1hQWQ0rU9mjvAI8S-IQc555lK4F6Y-00370.jpg": {"object_bounding_box": [0, 0, 1080, 1080], "object_presence": 1}, "P665--desk--clutter--n7ODOmscwWm1-g1hQWQ0rU9mjvAI8S-IQc555lK4F6Y-00371.jpg": {"object_bounding_box": [0, 0, 1080, 1080], "object_presence": 1}, "P665--desk--clutter--n7ODOmscwWm1-g1hQWQ0rU9mjvAI8S-IQc555lK4F6Y-00372.jpg": {"object_bounding_box": [0, 0, 1080, 1080], "object_presence": 1}, "P665--desk--clutter--n7ODOmscwWm1-g1hQWQ0rU9mjvAI8S-IQc555lK4F6Y-00373.jpg": {"object_bounding_box": [0, 0, 1080, 1080], "object_presence": 1}, "P665--desk--clutter--n7ODOmscwWm1-g1hQWQ0rU9mjvAI8S-IQc555lK4F6Y-00374.jpg": {"object_bounding_box": [0, 0, 1080, 1080], "object_presence": 1}, "P665--desk--clutter--n7ODOmscwWm1-g1hQWQ0rU9mjvAI8S-IQc555lK4F6Y-00375.jpg": {"object_bounding_box": [0, 0, 1080, 1080], "object_presence": 1}, "P665--desk--clutter--n7ODOmscwWm1-g1hQWQ0rU9mjvAI8S-IQc555lK4F6Y-00376.jpg": {"object_bounding_box": [0, 0, 1080, 1080], "object_presence": 1}, "P665--desk--clutter--n7ODOmscwWm1-g1hQWQ0rU9mjvAI8S-IQc555lK4F6Y-00377.jpg": {"object_bounding_box": [0, 0, 1080, 1080], "object_presence": 1}, "P665--desk--clutter--n7ODOmscwWm1-g1hQWQ0rU9mjvAI8S-IQc555lK4F6Y-00378.jpg": {"object_bounding_box": [0, 0, 1080, 1080], "object_presence": 1}, "P665--desk--clutter--n7ODOmscwWm1-g1hQWQ0rU9mjvAI8S-IQc555lK4F6Y-00379.jpg": {"object_bounding_box": [0, 0, 1080, 1080], "object_presence": 1}, "P665--desk--clutter--n7ODOmscwWm1-g1hQWQ0rU9mjvAI8S-IQc555lK4F6Y-00380.jpg": {"object_bounding_box": [0, 0, 1080, 1080], "object_presence": 1}, "P665--desk--clutter--n7ODOmscwWm1-g1hQWQ0rU9mjvAI8S-IQc555lK4F6Y-00381.jpg": {"object_bounding_box": [0, 0, 1080, 1080], "object_presence": 1}, "P665--desk--clutter--n7ODOmscwWm1-g1hQWQ0rU9mjvAI8S-IQc555lK4F6Y-00382.jpg": {"object_bounding_box": [0, 0, 1080, 1080], "object_presence": 1}, "P665--desk--clutter--n7ODOmscwWm1-g1hQWQ0rU9mjvAI8S-IQc555lK4F6Y-00383.jpg": {"object_bounding_box": [0, 0, 1080, 1080], "object_presence": 1}, "P665--desk--clutter--n7ODOmscwWm1-g1hQWQ0rU9mjvAI8S-IQc555lK4F6Y-00384.jpg": {"object_bounding_box": [0, 0, 1080, 1080], "object_presence": 1}, "P665--desk--clutter--n7ODOmscwWm1-g1hQWQ0rU9mjvAI8S-IQc555lK4F6Y-00385.jpg": {"object_bounding_box": [0, 0, 1080, 1080], "object_presence": 1}, "P665--desk--clutter--n7ODOmscwWm1-g1hQWQ0rU9mjvAI8S-IQc555lK4F6Y-00386.jpg": {"object_bounding_box": [0, 0, 1080, 1080], "object_presence": 1}, "P665--desk--clutter--n7ODOmscwWm1-g1hQWQ0rU9mjvAI8S-IQc555lK4F6Y-00387.jpg": {"object_bounding_box": [0, 0, 1080, 1080], "object_presence": 1}, "P665--desk--clutter--n7ODOmscwWm1-g1hQWQ0rU9mjvAI8S-IQc555lK4F6Y-00388.jpg": {"object_bounding_box": [0, 0, 1080, 1080], "object_presence": 1}, "P665--desk--clutter--n7ODOmscwWm1-g1hQWQ0rU9mjvAI8S-IQc555lK4F6Y-00389.jpg": {"object_bounding_box": [0, 0, 1080, 1080], "object_presence": 1}, "P665--desk--clutter--n7ODOmscwWm1-g1hQWQ0rU9mjvAI8S-IQc555lK4F6Y-00390.jpg": {"object_bounding_box": [0, 0, 1080, 1080], "object_presence": 1}, "P665--desk--clutter--n7ODOmscwWm1-g1hQWQ0rU9mjvAI8S-IQc555lK4F6Y-00391.jpg": {"object_bounding_box": [0, 0, 1080, 1080], "object_presence": 1}, "P665--desk--clutter--n7ODOmscwWm1-g1hQWQ0rU9mjvAI8S-IQc555lK4F6Y-00392.jpg": {"object_bounding_box": [0, 0, 1080, 1080], "object_presence": 1}, "P665--desk--clutter--n7ODOmscwWm1-g1hQWQ0rU9mjvAI8S-IQc555lK4F6Y-00393.jpg": {"object_bounding_box": [0, 0, 1080, 1080], "object_presence": 1}, "P665--desk--clutter--n7ODOmscwWm1-g1hQWQ0rU9mjvAI8S-IQc555lK4F6Y-00394.jpg": {"object_bounding_box": [0, 0, 1080, 1080], "object_presence": 1}, "P665--desk--clutter--n7ODOmscwWm1-g1hQWQ0rU9mjvAI8S-IQc555lK4F6Y-00395.jpg": {"object_bounding_box": [0, 0, 1080, 1080], "object_presence": 1}, "P665--desk--clutter--n7ODOmscwWm1-g1hQWQ0rU9mjvAI8S-IQc555lK4F6Y-00396.jpg": {"object_bounding_box": [0, 0, 1080, 1080], "object_presence": 1}, "P665--desk--clutter--n7ODOmscwWm1-g1hQWQ0rU9mjvAI8S-IQc555lK4F6Y-00397.jpg": {"object_bounding_box": [0, 0, 1080, 1080], "object_presence": 1}, "P665--desk--clutter--n7ODOmscwWm1-g1hQWQ0rU9mjvAI8S-IQc555lK4F6Y-00398.jpg": {"object_bounding_box": [0, 0, 1080, 1080], "object_presence": 1}, "P665--desk--clutter--n7ODOmscwWm1-g1hQWQ0rU9mjvAI8S-IQc555lK4F6Y-00399.jpg": {"object_bounding_box": [0, 0, 1080, 1080], "object_presence": 1}, "P665--desk--clutter--n7ODOmscwWm1-g1hQWQ0rU9mjvAI8S-IQc555lK4F6Y-00400.jpg": {"object_bounding_box": [0, 0, 1080, 1080], "object_presence": 1}, "P665--desk--clutter--n7ODOmscwWm1-g1hQWQ0rU9mjvAI8S-IQc555lK4F6Y-00401.jpg": {"object_bounding_box": [0, 0, 1080, 1080], "object_presence": 1}, "P665--desk--clutter--n7ODOmscwWm1-g1hQWQ0rU9mjvAI8S-IQc555lK4F6Y-00402.jpg": {"object_bounding_box": [0, 0, 1080, 1080], "object_presence": 1}, "P665--desk--clutter--n7ODOmscwWm1-g1hQWQ0rU9mjvAI8S-IQc555lK4F6Y-00403.jpg": {"object_bounding_box": [0, 0, 1080, 1080], "object_presence": 1}, "P665--desk--clutter--n7ODOmscwWm1-g1hQWQ0rU9mjvAI8S-IQc555lK4F6Y-00404.jpg": {"object_bounding_box": [0, 0, 1080, 1080], "object_presence": 1}, "P665--desk--clutter--n7ODOmscwWm1-g1hQWQ0rU9mjvAI8S-IQc555lK4F6Y-00405.jpg": {"object_bounding_box": [0, 0, 1080, 1080], "object_presence": 1}, "P665--desk--clutter--n7ODOmscwWm1-g1hQWQ0rU9mjvAI8S-IQc555lK4F6Y-00406.jpg": {"object_bounding_box": [0, 0, 1080, 1080], "object_presence": 1}, "P665--desk--clutter--n7ODOmscwWm1-g1hQWQ0rU9mjvAI8S-IQc555lK4F6Y-00407.jpg": {"object_bounding_box": [0, 0, 1080, 1080], "object_presence": 1}, "P665--desk--clutter--n7ODOmscwWm1-g1hQWQ0rU9mjvAI8S-IQc555lK4F6Y-00408.jpg": {"object_bounding_box": [0, 0, 1080, 1080], "object_presence": 1}, "P665--desk--clutter--n7ODOmscwWm1-g1hQWQ0rU9mjvAI8S-IQc555lK4F6Y-00409.jpg": {"object_bounding_box": [0, 0, 1080, 1080], "object_presence": 1}, "P665--desk--clutter--n7ODOmscwWm1-g1hQWQ0rU9mjvAI8S-IQc555lK4F6Y-00410.jpg": {"object_bounding_box": [0, 0, 1080, 1080], "object_presence": 1}, "P665--desk--clutter--n7ODOmscwWm1-g1hQWQ0rU9mjvAI8S-IQc555lK4F6Y-00411.jpg": {"object_bounding_box": [0, 0, 1080, 1080], "object_presence": 1}, "P665--desk--clutter--n7ODOmscwWm1-g1hQWQ0rU9mjvAI8S-IQc555lK4F6Y-00412.jpg": {"object_bounding_box": [0, 0, 1080, 1080], "object_presence": 1}, "P665--desk--clutter--n7ODOmscwWm1-g1hQWQ0rU9mjvAI8S-IQc555lK4F6Y-00413.jpg": {"object_bounding_box": [0, 0, 1080, 1080], "object_presence": 1}, "P665--desk--clutter--n7ODOmscwWm1-g1hQWQ0rU9mjvAI8S-IQc555lK4F6Y-00414.jpg": {"object_bounding_box": [0, 0, 1080, 1080], "object_presence": 1}, "P665--desk--clutter--n7ODOmscwWm1-g1hQWQ0rU9mjvAI8S-IQc555lK4F6Y-00415.jpg": {"object_bounding_box": [0, 0, 1080, 1080], "object_presence": 1}, "P665--desk--clutter--n7ODOmscwWm1-g1hQWQ0rU9mjvAI8S-IQc555lK4F6Y-00416.jpg": {"object_bounding_box": [0, 0, 1080, 1080], "object_presence": 1}, "P665--desk--clutter--n7ODOmscwWm1-g1hQWQ0rU9mjvAI8S-IQc555lK4F6Y-00417.jpg": {"object_bounding_box": [0, 0, 1080, 1080], "object_presence": 1}, "P665--desk--clutter--n7ODOmscwWm1-g1hQWQ0rU9mjvAI8S-IQc555lK4F6Y-00418.jpg": {"object_bounding_box": [0, 0, 1080, 1080], "object_presence": 1}, "P665--desk--clutter--n7ODOmscwWm1-g1hQWQ0rU9mjvAI8S-IQc555lK4F6Y-00419.jpg": {"object_bounding_box": [0, 0, 1080, 1080], "object_presence": 1}, "P665--desk--clutter--n7ODOmscwWm1-g1hQWQ0rU9mjvAI8S-IQc555lK4F6Y-00420.jpg": {"object_bounding_box": [0, 0, 1080, 1080], "object_presence": 1}, "P665--desk--clutter--n7ODOmscwWm1-g1hQWQ0rU9mjvAI8S-IQc555lK4F6Y-00421.jpg": {"object_bounding_box": [0, 0, 1080, 1080], "object_presence": 1}, "P665--desk--clutter--n7ODOmscwWm1-g1hQWQ0rU9mjvAI8S-IQc555lK4F6Y-00422.jpg": {"object_bounding_box": [0, 0, 1080, 1080], "object_presence": 1}, "P665--desk--clutter--n7ODOmscwWm1-g1hQWQ0rU9mjvAI8S-IQc555lK4F6Y-00423.jpg": {"object_bounding_box": [0, 0, 1080, 1080], "object_presence": 1}, "P665--desk--clutter--n7ODOmscwWm1-g1hQWQ0rU9mjvAI8S-IQc555lK4F6Y-00424.jpg": {"object_bounding_box": [0, 0, 1080, 1080], "object_presence": 1}, "P665--desk--clutter--n7ODOmscwWm1-g1hQWQ0rU9mjvAI8S-IQc555lK4F6Y-00425.jpg": {"object_bounding_box": [0, 0, 1080, 1080], "object_presence": 1}, "P665--desk--clutter--n7ODOmscwWm1-g1hQWQ0rU9mjvAI8S-IQc555lK4F6Y-00426.jpg": {"object_bounding_box": [0, 0, 1080, 1080], "object_presence": 1}, "P665--desk--clutter--n7ODOmscwWm1-g1hQWQ0rU9mjvAI8S-IQc555lK4F6Y-00427.jpg": {"object_bounding_box": [0, 0, 1080, 1080], "object_presence": 1}, "P665--desk--clutter--n7ODOmscwWm1-g1hQWQ0rU9mjvAI8S-IQc555lK4F6Y-00428.jpg": {"object_bounding_box": [0, 0, 1080, 1080], "object_presence": 1}, "P665--desk--clutter--n7ODOmscwWm1-g1hQWQ0rU9mjvAI8S-IQc555lK4F6Y-00429.jpg": {"object_bounding_box": [0, 0, 1080, 1080], "object_presence": 1}, "P665--desk--clutter--n7ODOmscwWm1-g1hQWQ0rU9mjvAI8S-IQc555lK4F6Y-00430.jpg": {"object_bounding_box": [0, 0, 1080, 1080], "object_presence": 1}, "P665--desk--clutter--n7ODOmscwWm1-g1hQWQ0rU9mjvAI8S-IQc555lK4F6Y-00431.jpg": {"object_bounding_box": [0, 0, 1080, 1080], "object_presence": 1}, "P665--desk--clutter--n7ODOmscwWm1-g1hQWQ0rU9mjvAI8S-IQc555lK4F6Y-00432.jpg": {"object_bounding_box": [0, 0, 1080, 1080], "object_presence": 1}, "P665--desk--clutter--n7ODOmscwWm1-g1hQWQ0rU9mjvAI8S-IQc555lK4F6Y-00433.jpg": {"object_bounding_box": [0, 0, 1080, 1080], "object_presence": 1}, "P665--desk--clutter--n7ODOmscwWm1-g1hQWQ0rU9mjvAI8S-IQc555lK4F6Y-00434.jpg": {"object_bounding_box": [0, 0, 1080, 1080], "object_presence": 1}, "P665--desk--clutter--n7ODOmscwWm1-g1hQWQ0rU9mjvAI8S-IQc555lK4F6Y-00435.jpg": {"object_bounding_box": [0, 0, 1080, 1080], "object_presence": 1}, "P665--desk--clutter--n7ODOmscwWm1-g1hQWQ0rU9mjvAI8S-IQc555lK4F6Y-00436.jpg": {"object_bounding_box": [0, 0, 1080, 1080], "object_presence": 1}, "P665--desk--clutter--n7ODOmscwWm1-g1hQWQ0rU9mjvAI8S-IQc555lK4F6Y-00437.jpg": {"object_bounding_box": [0, 0, 1080, 1080], "object_presence": 1}, "P665--desk--clutter--n7ODOmscwWm1-g1hQWQ0rU9mjvAI8S-IQc555lK4F6Y-00438.jpg": {"object_bounding_box": [0, 0, 1080, 1080], "object_presence": 1}, "P665--desk--clutter--n7ODOmscwWm1-g1hQWQ0rU9mjvAI8S-IQc555lK4F6Y-00439.jpg": {"object_bounding_box": [0, 0, 1080, 1080], "object_presence": 1}, "P665--desk--clutter--n7ODOmscwWm1-g1hQWQ0rU9mjvAI8S-IQc555lK4F6Y-00440.jpg": {"object_bounding_box": [0, 0, 1080, 1080], "object_presence": 1}, "P665--desk--clutter--n7ODOmscwWm1-g1hQWQ0rU9mjvAI8S-IQc555lK4F6Y-00441.jpg": {"object_bounding_box": [0, 0, 1080, 1080], "object_presence": 1}, "P665--desk--clutter--n7ODOmscwWm1-g1hQWQ0rU9mjvAI8S-IQc555lK4F6Y-00442.jpg": {"object_bounding_box": [0, 0, 1080, 1080], "object_presence": 1}, "P665--desk--clutter--n7ODOmscwWm1-g1hQWQ0rU9mjvAI8S-IQc555lK4F6Y-00443.jpg": {"object_bounding_box": [0, 0, 1080, 1080], "object_presence": 1}, "P665--desk--clutter--n7ODOmscwWm1-g1hQWQ0rU9mjvAI8S-IQc555lK4F6Y-00444.jpg": {"object_bounding_box": [0, 0, 1080, 1080], "object_presence": 1}, "P665--desk--clutter--n7ODOmscwWm1-g1hQWQ0rU9mjvAI8S-IQc555lK4F6Y-00445.jpg": {"object_bounding_box": [0, 0, 1080, 1080], "object_presence": 1}, "P665--desk--clutter--n7ODOmscwWm1-g1hQWQ0rU9mjvAI8S-IQc555lK4F6Y-00446.jpg": {"object_bounding_box": [0, 0, 1080, 1080], "object_presence": 1}, "P665--desk--clutter--n7ODOmscwWm1-g1hQWQ0rU9mjvAI8S-IQc555lK4F6Y-00447.jpg": {"object_bounding_box": [0, 0, 1080, 1080], "object_presence": 1}, "P665--desk--clutter--n7ODOmscwWm1-g1hQWQ0rU9mjvAI8S-IQc555lK4F6Y-00448.jpg": {"object_bounding_box": [0, 0, 1080, 1080], "object_presence": 1}, "P665--desk--clutter--n7ODOmscwWm1-g1hQWQ0rU9mjvAI8S-IQc555lK4F6Y-00449.jpg": {"object_bounding_box": [0, 0, 1080, 1080], "object_presence": 1}, "P665--desk--clutter--n7ODOmscwWm1-g1hQWQ0rU9mjvAI8S-IQc555lK4F6Y-00450.jpg": {"object_bounding_box": [0, 0, 1080, 1080], "object_presence": 1}, "P665--desk--clutter--n7ODOmscwWm1-g1hQWQ0rU9mjvAI8S-IQc555lK4F6Y-00451.jpg": {"object_bounding_box": [0, 0, 1080, 1080], "object_presence": 1}, "P665--desk--clutter--n7ODOmscwWm1-g1hQWQ0rU9mjvAI8S-IQc555lK4F6Y-00452.jpg": {"object_bounding_box": [0, 0, 1080, 1080], "object_presence": 1}, "P665--desk--clutter--n7ODOmscwWm1-g1hQWQ0rU9mjvAI8S-IQc555lK4F6Y-00453.jpg": {"object_bounding_box": [0, 0, 1080, 1080], "object_presence": 1}, "P665--desk--clutter--n7ODOmscwWm1-g1hQWQ0rU9mjvAI8S-IQc555lK4F6Y-00454.jpg": {"object_bounding_box": [0, 0, 1080, 1080], "object_presence": 1}, "P665--desk--clutter--n7ODOmscwWm1-g1hQWQ0rU9mjvAI8S-IQc555lK4F6Y-00455.jpg": {"object_bounding_box": [0, 0, 1080, 1080], "object_presence": 1}, "P665--desk--clutter--n7ODOmscwWm1-g1hQWQ0rU9mjvAI8S-IQc555lK4F6Y-00456.jpg": {"object_bounding_box": [0, 0, 1080, 1080], "object_presence": 1}, "P665--desk--clutter--n7ODOmscwWm1-g1hQWQ0rU9mjvAI8S-IQc555lK4F6Y-00457.jpg": {"object_bounding_box": [0, 0, 1080, 1080], "object_presence": 1}, "P665--desk--clutter--n7ODOmscwWm1-g1hQWQ0rU9mjvAI8S-IQc555lK4F6Y-00458.jpg": {"object_bounding_box": [0, 0, 1080, 1080], "object_presence": 1}, "P665--desk--clutter--n7ODOmscwWm1-g1hQWQ0rU9mjvAI8S-IQc555lK4F6Y-00459.jpg": {"object_bounding_box": [0, 0, 1080, 1080], "object_presence": 1}, "P665--desk--clutter--n7ODOmscwWm1-g1hQWQ0rU9mjvAI8S-IQc555lK4F6Y-00460.jpg": {"object_bounding_box": [0, 0, 1080, 1080], "object_presence": 1}, "P665--desk--clutter--n7ODOmscwWm1-g1hQWQ0rU9mjvAI8S-IQc555lK4F6Y-00461.jpg": {"object_bounding_box": [0, 0, 1080, 1080], "object_presence": 1}, "P665--desk--clutter--n7ODOmscwWm1-g1hQWQ0rU9mjvAI8S-IQc555lK4F6Y-00462.jpg": {"object_bounding_box": [0, 0, 1080, 1080], "object_presence": 1}, "P665--desk--clutter--n7ODOmscwWm1-g1hQWQ0rU9mjvAI8S-IQc555lK4F6Y-00463.jpg": {"object_bounding_box": [0, 0, 1080, 1080], "object_presence": 1}, "P665--desk--clutter--n7ODOmscwWm1-g1hQWQ0rU9mjvAI8S-IQc555lK4F6Y-00464.jpg": {"object_bounding_box": [0, 0, 1080, 1080], "object_presence": 1}, "P665--desk--clutter--n7ODOmscwWm1-g1hQWQ0rU9mjvAI8S-IQc555lK4F6Y-00465.jpg": {"object_bounding_box": [0, 0, 1080, 1080], "object_presence": 1}, "P665--desk--clutter--n7ODOmscwWm1-g1hQWQ0rU9mjvAI8S-IQc555lK4F6Y-00466.jpg": {"object_bounding_box": [0, 0, 1080, 1080], "object_presence": 1}, "P665--desk--clutter--n7ODOmscwWm1-g1hQWQ0rU9mjvAI8S-IQc555lK4F6Y-00467.jpg": {"object_bounding_box": [0, 0, 1080, 1080], "object_presence": 1}, "P665--desk--clutter--n7ODOmscwWm1-g1hQWQ0rU9mjvAI8S-IQc555lK4F6Y-00468.jpg": {"object_bounding_box": [0, 0, 1080, 1080], "object_presence": 1}, "P665--desk--clutter--n7ODOmscwWm1-g1hQWQ0rU9mjvAI8S-IQc555lK4F6Y-00469.jpg": {"object_bounding_box": [0, 0, 1080, 1080], "object_presence": 1}, "P665--desk--clutter--n7ODOmscwWm1-g1hQWQ0rU9mjvAI8S-IQc555lK4F6Y-00470.jpg": {"object_bounding_box": [0, 0, 1080, 1080], "object_presence": 1}, "P665--desk--clutter--n7ODOmscwWm1-g1hQWQ0rU9mjvAI8S-IQc555lK4F6Y-00471.jpg": {"object_bounding_box": [0, 0, 1080, 1080], "object_presence": 1}, "P665--desk--clutter--n7ODOmscwWm1-g1hQWQ0rU9mjvAI8S-IQc555lK4F6Y-00472.jpg": {"object_bounding_box": [0, 0, 1080, 1080], "object_presence": 1}, "P665--desk--clutter--n7ODOmscwWm1-g1hQWQ0rU9mjvAI8S-IQc555lK4F6Y-00473.jpg": {"object_bounding_box": [0, 0, 1080, 1080], "object_presence": 1}, "P665--desk--clutter--n7ODOmscwWm1-g1hQWQ0rU9mjvAI8S-IQc555lK4F6Y-00474.jpg": {"object_bounding_box": [0, 0, 1080, 1080], "object_presence": 1}, "P665--desk--clutter--n7ODOmscwWm1-g1hQWQ0rU9mjvAI8S-IQc555lK4F6Y-00475.jpg": {"object_bounding_box": [0, 0, 1080, 1080], "object_presence": 1}, "P665--desk--clutter--n7ODOmscwWm1-g1hQWQ0rU9mjvAI8S-IQc555lK4F6Y-00476.jpg": {"object_bounding_box": [0, 0, 1080, 1080], "object_presence": 1}, "P665--desk--clutter--n7ODOmscwWm1-g1hQWQ0rU9mjvAI8S-IQc555lK4F6Y-00477.jpg": {"object_bounding_box": [0, 0, 1080, 1080], "object_presence": 1}, "P665--desk--clutter--n7ODOmscwWm1-g1hQWQ0rU9mjvAI8S-IQc555lK4F6Y-00478.jpg": {"object_bounding_box": [0, 0, 1080, 1080], "object_presence": 1}, "P665--desk--clutter--n7ODOmscwWm1-g1hQWQ0rU9mjvAI8S-IQc555lK4F6Y-00479.jpg": {"object_bounding_box": [0, 0, 1080, 1080], "object_presence": 1}, "P665--desk--clutter--n7ODOmscwWm1-g1hQWQ0rU9mjvAI8S-IQc555lK4F6Y-00480.jpg": {"object_bounding_box": [0, 0, 1080, 1080], "object_presence": 1}, "P665--desk--clutter--n7ODOmscwWm1-g1hQWQ0rU9mjvAI8S-IQc555lK4F6Y-00481.jpg": {"object_bounding_box": [0, 0, 1080, 1080], "object_presence": 1}, "P665--desk--clutter--n7ODOmscwWm1-g1hQWQ0rU9mjvAI8S-IQc555lK4F6Y-00482.jpg": {"object_bounding_box": [0, 0, 1080, 1080], "object_presence": 1}, "P665--desk--clutter--n7ODOmscwWm1-g1hQWQ0rU9mjvAI8S-IQc555lK4F6Y-00483.jpg": {"object_bounding_box": [0, 0, 1080, 1080], "object_presence": 1}, "P665--desk--clutter--n7ODOmscwWm1-g1hQWQ0rU9mjvAI8S-IQc555lK4F6Y-00484.jpg": {"object_bounding_box": [0, 0, 1080, 1080], "object_presence": 1}, "P665--desk--clutter--n7ODOmscwWm1-g1hQWQ0rU9mjvAI8S-IQc555lK4F6Y-00485.jpg": {"object_bounding_box": [0, 0, 1080, 1080], "object_presence": 1}, "P665--desk--clutter--n7ODOmscwWm1-g1hQWQ0rU9mjvAI8S-IQc555lK4F6Y-00486.jpg": {"object_bounding_box": [0, 0, 1080, 1080], "object_presence": 1}, "P665--desk--clutter--n7ODOmscwWm1-g1hQWQ0rU9mjvAI8S-IQc555lK4F6Y-00487.jpg": {"object_bounding_box": [0, 0, 1080, 1080], "object_presence": 1}, "P665--desk--clutter--n7ODOmscwWm1-g1hQWQ0rU9mjvAI8S-IQc555lK4F6Y-00488.jpg": {"object_bounding_box": [0, 0, 1080, 1080], "object_presence": 1}, "P665--desk--clutter--n7ODOmscwWm1-g1hQWQ0rU9mjvAI8S-IQc555lK4F6Y-00489.jpg": {"object_bounding_box": [0, 0, 1080, 1080], "object_presence": 1}, "P665--desk--clutter--n7ODOmscwWm1-g1hQWQ0rU9mjvAI8S-IQc555lK4F6Y-00490.jpg": {"object_bounding_box": [0, 0, 1080, 1080], "object_presence": 1}, "P665--desk--clutter--n7ODOmscwWm1-g1hQWQ0rU9mjvAI8S-IQc555lK4F6Y-00491.jpg": {"object_bounding_box": [0, 0, 1080, 1080], "object_presence": 1}, "P665--desk--clutter--n7ODOmscwWm1-g1hQWQ0rU9mjvAI8S-IQc555lK4F6Y-00492.jpg": {"object_bounding_box": [0, 0, 1080, 1080], "object_presence": 1}, "P665--desk--clutter--n7ODOmscwWm1-g1hQWQ0rU9mjvAI8S-IQc555lK4F6Y-00493.jpg": {"object_bounding_box": [0, 0, 1080, 1080], "object_presence": 1}, "P665--desk--clutter--n7ODOmscwWm1-g1hQWQ0rU9mjvAI8S-IQc555lK4F6Y-00494.jpg": {"object_bounding_box": [0, 0, 1080, 1080], "object_presence": 1}, "P665--desk--clutter--n7ODOmscwWm1-g1hQWQ0rU9mjvAI8S-IQc555lK4F6Y-00495.jpg": {"object_bounding_box": [0, 0, 1080, 1080], "object_presence": 1}, "P665--desk--clutter--n7ODOmscwWm1-g1hQWQ0rU9mjvAI8S-IQc555lK4F6Y-00496.jpg": {"object_bounding_box": [0, 0, 1080, 1080], "object_presence": 1}, "P665--desk--clutter--n7ODOmscwWm1-g1hQWQ0rU9mjvAI8S-IQc555lK4F6Y-00497.jpg": {"object_bounding_box": [0, 0, 1080, 1080], "object_presence": 1}, "P665--desk--clutter--n7ODOmscwWm1-g1hQWQ0rU9mjvAI8S-IQc555lK4F6Y-00498.jpg": {"object_bounding_box": [0, 0, 1080, 1080], "object_presence": 1}, "P665--desk--clutter--n7ODOmscwWm1-g1hQWQ0rU9mjvAI8S-IQc555lK4F6Y-00499.jpg": {"object_bounding_box": [0, 0, 1080, 1080], "object_presence": 1}, "P665--desk--clutter--n7ODOmscwWm1-g1hQWQ0rU9mjvAI8S-IQc555lK4F6Y-00500.jpg": {"object_bounding_box": [0, 0, 1080, 1080], "object_presence": 1}, "P665--desk--clutter--n7ODOmscwWm1-g1hQWQ0rU9mjvAI8S-IQc555lK4F6Y-00501.jpg": {"object_bounding_box": [0, 0, 1080, 1080], "object_presence": 1}, "P665--desk--clutter--n7ODOmscwWm1-g1hQWQ0rU9mjvAI8S-IQc555lK4F6Y-00502.jpg": {"object_bounding_box": [0, 0, 1080, 1080], "object_presence": 1}, "P665--desk--clutter--n7ODOmscwWm1-g1hQWQ0rU9mjvAI8S-IQc555lK4F6Y-00503.jpg": {"object_bounding_box": [0, 0, 1080, 1080], "object_presence": 1}, "P665--desk--clutter--n7ODOmscwWm1-g1hQWQ0rU9mjvAI8S-IQc555lK4F6Y-00504.jpg": {"object_bounding_box": [0, 0, 1080, 1080], "object_presence": 1}, "P665--desk--clutter--n7ODOmscwWm1-g1hQWQ0rU9mjvAI8S-IQc555lK4F6Y-00505.jpg": {"object_bounding_box": [0, 0, 1080, 1080], "object_presence": 1}, "P665--desk--clutter--n7ODOmscwWm1-g1hQWQ0rU9mjvAI8S-IQc555lK4F6Y-00506.jpg": {"object_bounding_box": [0, 0, 1080, 1080], "object_presence": 1}, "P665--desk--clutter--n7ODOmscwWm1-g1hQWQ0rU9mjvAI8S-IQc555lK4F6Y-00507.jpg": {"object_bounding_box": [0, 0, 1080, 1080], "object_presence": 1}, "P665--desk--clutter--n7ODOmscwWm1-g1hQWQ0rU9mjvAI8S-IQc555lK4F6Y-00508.jpg": {"object_bounding_box": [0, 0, 1080, 1080], "object_presence": 1}, "P665--desk--clutter--n7ODOmscwWm1-g1hQWQ0rU9mjvAI8S-IQc555lK4F6Y-00509.jpg": {"object_bounding_box": [0, 0, 1080, 1080], "object_presence": 1}, "P665--desk--clutter--n7ODOmscwWm1-g1hQWQ0rU9mjvAI8S-IQc555lK4F6Y-00510.jpg": {"object_bounding_box": [0, 0, 1080, 1080], "object_presence": 1}, "P665--desk--clutter--n7ODOmscwWm1-g1hQWQ0rU9mjvAI8S-IQc555lK4F6Y-00511.jpg": {"object_bounding_box": [0, 0, 1080, 1080], "object_presence": 1}, "P665--desk--clutter--n7ODOmscwWm1-g1hQWQ0rU9mjvAI8S-IQc555lK4F6Y-00512.jpg": {"object_bounding_box": [0, 0, 1080, 1080], "object_presence": 1}, "P665--desk--clutter--n7ODOmscwWm1-g1hQWQ0rU9mjvAI8S-IQc555lK4F6Y-00513.jpg": {"object_bounding_box": [0, 0, 1080, 1080], "object_presence": 1}, "P665--desk--clutter--n7ODOmscwWm1-g1hQWQ0rU9mjvAI8S-IQc555lK4F6Y-00514.jpg": {"object_bounding_box": [0, 0, 1080, 1080], "object_presence": 1}, "P665--desk--clutter--n7ODOmscwWm1-g1hQWQ0rU9mjvAI8S-IQc555lK4F6Y-00515.jpg": {"object_bounding_box": [0, 0, 1080, 1080], "object_presence": 1}, "P665--desk--clutter--n7ODOmscwWm1-g1hQWQ0rU9mjvAI8S-IQc555lK4F6Y-00516.jpg": {"object_bounding_box": [0, 0, 1080, 1080], "object_presence": 1}, "P665--desk--clutter--n7ODOmscwWm1-g1hQWQ0rU9mjvAI8S-IQc555lK4F6Y-00517.jpg": {"object_bounding_box": [0, 0, 1080, 1080], "object_presence": 1}, "P665--desk--clutter--n7ODOmscwWm1-g1hQWQ0rU9mjvAI8S-IQc555lK4F6Y-00518.jpg": {"object_bounding_box": [0, 0, 1080, 1080], "object_presence": 1}, "P665--desk--clutter--n7ODOmscwWm1-g1hQWQ0rU9mjvAI8S-IQc555lK4F6Y-00519.jpg": {"object_bounding_box": [0, 0, 1080, 1080], "object_presence": 1}, "P665--desk--clutter--n7ODOmscwWm1-g1hQWQ0rU9mjvAI8S-IQc555lK4F6Y-00520.jpg": {"object_bounding_box": [0, 0, 1080, 1080], "object_presence": 1}, "P665--desk--clutter--n7ODOmscwWm1-g1hQWQ0rU9mjvAI8S-IQc555lK4F6Y-00521.jpg": {"object_bounding_box": [0, 0, 1080, 1080], "object_presence": 1}, "P665--desk--clutter--n7ODOmscwWm1-g1hQWQ0rU9mjvAI8S-IQc555lK4F6Y-00522.jpg": {"object_bounding_box": [0, 0, 1080, 1080], "object_presence": 1}, "P665--desk--clutter--n7ODOmscwWm1-g1hQWQ0rU9mjvAI8S-IQc555lK4F6Y-00523.jpg": {"object_bounding_box": [0, 0, 1080, 1080], "object_presence": 1}, "P665--desk--clutter--n7ODOmscwWm1-g1hQWQ0rU9mjvAI8S-IQc555lK4F6Y-00524.jpg": {"object_bounding_box": [0, 0, 1080, 1080], "object_presence": 1}, "P665--desk--clutter--n7ODOmscwWm1-g1hQWQ0rU9mjvAI8S-IQc555lK4F6Y-00525.jpg": {"object_bounding_box": [0, 0, 1080, 1080], "object_presence": 1}, "P665--desk--clutter--n7ODOmscwWm1-g1hQWQ0rU9mjvAI8S-IQc555lK4F6Y-00526.jpg": {"object_bounding_box": [0, 0, 1080, 1080], "object_presence": 1}, "P665--desk--clutter--n7ODOmscwWm1-g1hQWQ0rU9mjvAI8S-IQc555lK4F6Y-00527.jpg": {"object_bounding_box": [0, 0, 1080, 1080], "object_presence": 1}, "P665--desk--clutter--n7ODOmscwWm1-g1hQWQ0rU9mjvAI8S-IQc555lK4F6Y-00528.jpg": {"object_bounding_box": [0, 0, 1080, 1080], "object_presence": 1}, "P665--desk--clutter--n7ODOmscwWm1-g1hQWQ0rU9mjvAI8S-IQc555lK4F6Y-00529.jpg": {"object_bounding_box": [0, 0, 1080, 1080], "object_presence": 1}, "P665--desk--clutter--n7ODOmscwWm1-g1hQWQ0rU9mjvAI8S-IQc555lK4F6Y-00530.jpg": {"object_bounding_box": [0, 0, 1080, 1080], "object_presence": 1}, "P665--desk--clutter--n7ODOmscwWm1-g1hQWQ0rU9mjvAI8S-IQc555lK4F6Y-00531.jpg": {"object_bounding_box": [0, 0, 1080, 1080], "object_presence": 1}, "P665--desk--clutter--n7ODOmscwWm1-g1hQWQ0rU9mjvAI8S-IQc555lK4F6Y-00532.jpg": {"object_bounding_box": [0, 0, 1080, 1080], "object_presence": 1}, "P665--desk--clutter--n7ODOmscwWm1-g1hQWQ0rU9mjvAI8S-IQc555lK4F6Y-00533.jpg": {"object_bounding_box": [0, 0, 1080, 1080], "object_presence": 1}, "P665--desk--clutter--n7ODOmscwWm1-g1hQWQ0rU9mjvAI8S-IQc555lK4F6Y-00534.jpg": {"object_bounding_box": [0, 0, 1080, 1080], "object_presence": 1}, "P665--desk--clutter--n7ODOmscwWm1-g1hQWQ0rU9mjvAI8S-IQc555lK4F6Y-00535.jpg": {"object_bounding_box": [0, 0, 1080, 1080], "object_presence": 1}, "P665--desk--clutter--n7ODOmscwWm1-g1hQWQ0rU9mjvAI8S-IQc555lK4F6Y-00536.jpg": {"object_bounding_box": [0, 0, 1080, 1080], "object_presence": 1}, "P665--desk--clutter--n7ODOmscwWm1-g1hQWQ0rU9mjvAI8S-IQc555lK4F6Y-00537.jpg": {"object_bounding_box": [0, 0, 1080, 1080], "object_presence": 1}, "P665--desk--clutter--n7ODOmscwWm1-g1hQWQ0rU9mjvAI8S-IQc555lK4F6Y-00538.jpg": {"object_bounding_box": [0, 0, 1080, 1080], "object_presence": 1}, "P665--desk--clutter--n7ODOmscwWm1-g1hQWQ0rU9mjvAI8S-IQc555lK4F6Y-00539.jpg": {"object_bounding_box": [0, 0, 1080, 1080], "object_presence": 1}, "P665--desk--clutter--n7ODOmscwWm1-g1hQWQ0rU9mjvAI8S-IQc555lK4F6Y-00540.jpg": {"object_bounding_box": [0, 0, 1080, 1080], "object_presence": 1}, "P665--desk--clutter--n7ODOmscwWm1-g1hQWQ0rU9mjvAI8S-IQc555lK4F6Y-00541.jpg": {"object_bounding_box": [0, 0, 1080, 1080], "object_presence": 1}, "P665--desk--clutter--n7ODOmscwWm1-g1hQWQ0rU9mjvAI8S-IQc555lK4F6Y-00542.jpg": {"object_bounding_box": [0, 0, 1080, 1080], "object_presence": 1}, "P665--desk--clutter--n7ODOmscwWm1-g1hQWQ0rU9mjvAI8S-IQc555lK4F6Y-00543.jpg": {"object_bounding_box": [0, 0, 1080, 1080], "object_presence": 1}, "P665--desk--clutter--n7ODOmscwWm1-g1hQWQ0rU9mjvAI8S-IQc555lK4F6Y-00544.jpg": {"object_bounding_box": [0, 0, 1080, 1080], "object_presence": 1}, "P665--desk--clutter--n7ODOmscwWm1-g1hQWQ0rU9mjvAI8S-IQc555lK4F6Y-00545.jpg": {"object_bounding_box": [0, 0, 1080, 1080], "object_presence": 1}, "P665--desk--clutter--n7ODOmscwWm1-g1hQWQ0rU9mjvAI8S-IQc555lK4F6Y-00546.jpg": {"object_bounding_box": [0, 0, 1080, 1080], "object_presence": 1}, "P665--desk--clutter--n7ODOmscwWm1-g1hQWQ0rU9mjvAI8S-IQc555lK4F6Y-00547.jpg": {"object_bounding_box": [0, 0, 1080, 1080], "object_presence": 1}, "P665--desk--clutter--n7ODOmscwWm1-g1hQWQ0rU9mjvAI8S-IQc555lK4F6Y-00548.jpg": {"object_bounding_box": [0, 0, 1080, 1080], "object_presence": 1}, "P665--desk--clutter--n7ODOmscwWm1-g1hQWQ0rU9mjvAI8S-IQc555lK4F6Y-00549.jpg": {"object_bounding_box": [0, 0, 1080, 1080], "object_presence": 1}, "P665--desk--clutter--n7ODOmscwWm1-g1hQWQ0rU9mjvAI8S-IQc555lK4F6Y-00550.jpg": {"object_bounding_box": [0, 0, 1080, 1080], "object_presence": 1}, "P665--desk--clutter--n7ODOmscwWm1-g1hQWQ0rU9mjvAI8S-IQc555lK4F6Y-00551.jpg": {"object_bounding_box": [0, 0, 1080, 1080], "object_presence": 1}, "P665--desk--clutter--n7ODOmscwWm1-g1hQWQ0rU9mjvAI8S-IQc555lK4F6Y-00552.jpg": {"object_bounding_box": [0, 0, 1080, 1080], "object_presence": 1}, "P665--desk--clutter--n7ODOmscwWm1-g1hQWQ0rU9mjvAI8S-IQc555lK4F6Y-00553.jpg": {"object_bounding_box": [0, 0, 1080, 1080], "object_presence": 1}, "P665--desk--clutter--n7ODOmscwWm1-g1hQWQ0rU9mjvAI8S-IQc555lK4F6Y-00554.jpg": {"object_bounding_box": [0, 0, 1080, 1080], "object_presence": 1}, "P665--desk--clutter--n7ODOmscwWm1-g1hQWQ0rU9mjvAI8S-IQc555lK4F6Y-00555.jpg": {"object_bounding_box": [0, 0, 1080, 1080], "object_presence": 1}, "P665--desk--clutter--n7ODOmscwWm1-g1hQWQ0rU9mjvAI8S-IQc555lK4F6Y-00556.jpg": {"object_bounding_box": [0, 0, 1080, 1080], "object_presence": 1}, "P665--desk--clutter--n7ODOmscwWm1-g1hQWQ0rU9mjvAI8S-IQc555lK4F6Y-00557.jpg": {"object_bounding_box": [0, 0, 1080, 1080], "object_presence": 1}, "P665--desk--clutter--n7ODOmscwWm1-g1hQWQ0rU9mjvAI8S-IQc555lK4F6Y-00558.jpg": {"object_bounding_box": [0, 0, 1080, 1080], "object_presence": 1}, "P665--desk--clutter--n7ODOmscwWm1-g1hQWQ0rU9mjvAI8S-IQc555lK4F6Y-00559.jpg": {"object_bounding_box": [0, 0, 1080, 1080], "object_presence": 1}, "P665--desk--clutter--n7ODOmscwWm1-g1hQWQ0rU9mjvAI8S-IQc555lK4F6Y-00560.jpg": {"object_bounding_box": [0, 0, 1080, 1080], "object_presence": 1}, "P665--desk--clutter--n7ODOmscwWm1-g1hQWQ0rU9mjvAI8S-IQc555lK4F6Y-00561.jpg": {"object_bounding_box": [0, 0, 1080, 1080], "object_presence": 1}, "P665--desk--clutter--n7ODOmscwWm1-g1hQWQ0rU9mjvAI8S-IQc555lK4F6Y-00562.jpg": {"object_bounding_box": [0, 0, 1080, 1080], "object_presence": 1}, "P665--desk--clutter--n7ODOmscwWm1-g1hQWQ0rU9mjvAI8S-IQc555lK4F6Y-00563.jpg": {"object_bounding_box": [0, 0, 1080, 1080], "object_presence": 1}, "P665--desk--clutter--n7ODOmscwWm1-g1hQWQ0rU9mjvAI8S-IQc555lK4F6Y-00564.jpg": {"object_bounding_box": [0, 0, 1080, 1080], "object_presence": 1}, "P665--desk--clutter--n7ODOmscwWm1-g1hQWQ0rU9mjvAI8S-IQc555lK4F6Y-00565.jpg": {"object_bounding_box": [0, 0, 1080, 1080], "object_presence": 1}, "P665--desk--clutter--n7ODOmscwWm1-g1hQWQ0rU9mjvAI8S-IQc555lK4F6Y-00566.jpg": {"object_bounding_box": [0, 0, 1080, 1080], "object_presence": 1}, "P665--desk--clutter--n7ODOmscwWm1-g1hQWQ0rU9mjvAI8S-IQc555lK4F6Y-00567.jpg": {"object_bounding_box": [0, 0, 1080, 1080], "object_presence": 1}, "P665--desk--clutter--n7ODOmscwWm1-g1hQWQ0rU9mjvAI8S-IQc555lK4F6Y-00568.jpg": {"object_bounding_box": [0, 0, 1080, 1080], "object_presence": 1}, "P665--desk--clutter--n7ODOmscwWm1-g1hQWQ0rU9mjvAI8S-IQc555lK4F6Y-00569.jpg": {"object_bounding_box": [0, 0, 1080, 1080], "object_presence": 1}, "P665--desk--clutter--n7ODOmscwWm1-g1hQWQ0rU9mjvAI8S-IQc555lK4F6Y-00570.jpg": {"object_bounding_box": [0, 0, 1080, 1080], "object_presence": 1}, "P665--desk--clutter--n7ODOmscwWm1-g1hQWQ0rU9mjvAI8S-IQc555lK4F6Y-00571.jpg": {"object_bounding_box": [0, 0, 1080, 1080], "object_presence": 1}, "P665--desk--clutter--n7ODOmscwWm1-g1hQWQ0rU9mjvAI8S-IQc555lK4F6Y-00572.jpg": {"object_bounding_box": [0, 0, 1080, 1080], "object_presence": 1}, "P665--desk--clutter--n7ODOmscwWm1-g1hQWQ0rU9mjvAI8S-IQc555lK4F6Y-00573.jpg": {"object_bounding_box": [0, 0, 1080, 1080], "object_presence": 1}, "P665--desk--clutter--n7ODOmscwWm1-g1hQWQ0rU9mjvAI8S-IQc555lK4F6Y-00574.jpg": {"object_bounding_box": [0, 0, 1080, 1080], "object_presence": 1}, "P665--desk--clutter--n7ODOmscwWm1-g1hQWQ0rU9mjvAI8S-IQc555lK4F6Y-00575.jpg": {"object_bounding_box": [0, 0, 1080, 1080], "object_presence": 1}, "P665--desk--clutter--n7ODOmscwWm1-g1hQWQ0rU9mjvAI8S-IQc555lK4F6Y-00576.jpg": {"object_bounding_box": [0, 0, 1080, 1080], "object_presence": 1}, "P665--desk--clutter--n7ODOmscwWm1-g1hQWQ0rU9mjvAI8S-IQc555lK4F6Y-00577.jpg": {"object_bounding_box": [0, 0, 1080, 1080], "object_presence": 1}, "P665--desk--clutter--n7ODOmscwWm1-g1hQWQ0rU9mjvAI8S-IQc555lK4F6Y-00578.jpg": {"object_bounding_box": [0, 0, 1080, 1080], "object_presence": 1}, "P665--desk--clutter--n7ODOmscwWm1-g1hQWQ0rU9mjvAI8S-IQc555lK4F6Y-00579.jpg": {"object_bounding_box": [0, 0, 1080, 1080], "object_presence": 1}, "P665--desk--clutter--n7ODOmscwWm1-g1hQWQ0rU9mjvAI8S-IQc555lK4F6Y-00580.jpg": {"object_bounding_box": [0, 0, 1080, 1080], "object_presence": 1}, "P665--desk--clutter--n7ODOmscwWm1-g1hQWQ0rU9mjvAI8S-IQc555lK4F6Y-00581.jpg": {"object_bounding_box": [0, 0, 1080, 1080], "object_presence": 1}, "P665--desk--clutter--n7ODOmscwWm1-g1hQWQ0rU9mjvAI8S-IQc555lK4F6Y-00582.jpg": {"object_bounding_box": [0, 0, 1080, 1080], "object_presence": 1}, "P665--desk--clutter--n7ODOmscwWm1-g1hQWQ0rU9mjvAI8S-IQc555lK4F6Y-00583.jpg": {"object_bounding_box": [0, 0, 1080, 1080], "object_presence": 1}, "P665--desk--clutter--n7ODOmscwWm1-g1hQWQ0rU9mjvAI8S-IQc555lK4F6Y-00584.jpg": {"object_bounding_box": [0, 0, 1080, 1080], "object_presence": 1}, "P665--desk--clutter--n7ODOmscwWm1-g1hQWQ0rU9mjvAI8S-IQc555lK4F6Y-00585.jpg": {"object_bounding_box": [0, 0, 1080, 1080], "object_presence": 1}, "P665--desk--clutter--n7ODOmscwWm1-g1hQWQ0rU9mjvAI8S-IQc555lK4F6Y-00586.jpg": {"object_bounding_box": [0, 0, 1080, 1080], "object_presence": 1}, "P665--desk--clutter--n7ODOmscwWm1-g1hQWQ0rU9mjvAI8S-IQc555lK4F6Y-00587.jpg": {"object_bounding_box": [0, 0, 1080, 1080], "object_presence": 1}, "P665--desk--clutter--n7ODOmscwWm1-g1hQWQ0rU9mjvAI8S-IQc555lK4F6Y-00588.jpg": {"object_bounding_box": [0, 0, 1080, 1080], "object_presence": 1}, "P665--desk--clutter--n7ODOmscwWm1-g1hQWQ0rU9mjvAI8S-IQc555lK4F6Y-00589.jpg": {"object_bounding_box": [0, 0, 1080, 1080], "object_presence": 1}, "P665--desk--clutter--n7ODOmscwWm1-g1hQWQ0rU9mjvAI8S-IQc555lK4F6Y-00590.jpg": {"object_bounding_box": [0, 0, 1080, 1080], "object_presence": 1}, "P665--desk--clutter--n7ODOmscwWm1-g1hQWQ0rU9mjvAI8S-IQc555lK4F6Y-00591.jpg": {"object_bounding_box": [0, 0, 1080, 1080], "object_presence": 1}, "P665--desk--clutter--n7ODOmscwWm1-g1hQWQ0rU9mjvAI8S-IQc555lK4F6Y-00592.jpg": {"object_bounding_box": [0, 0, 1080, 1080], "object_presence": 1}, "P665--desk--clutter--n7ODOmscwWm1-g1hQWQ0rU9mjvAI8S-IQc555lK4F6Y-00593.jpg": {"object_bounding_box": [0, 0, 1080, 1080], "object_presence": 1}}