{"P697--keys--clutter--D2W977Qeit-_6XcaVs3XtHWeMoD8WqBqjvtgWrsDEKw-00001.jpg": {"object_bounding_box": [540, 595, 1080, 970], "object_presence": 1}, "P697--keys--clutter--D2W977Qeit-_6XcaVs3XtHWeMoD8WqBqjvtgWrsDEKw-00002.jpg": {"object_bounding_box": [540, 597, 1080, 965], "object_presence": 1}, "P697--keys--clutter--D2W977Qeit-_6XcaVs3XtHWeMoD8WqBqjvtgWrsDEKw-00003.jpg": {"object_bounding_box": [540, 576, 1080, 1008], "object_presence": 1}, "P697--keys--clutter--D2W977Qeit-_6XcaVs3XtHWeMoD8WqBqjvtgWrsDEKw-00004.jpg": {"object_bounding_box": [540, 574, 1080, 1013], "object_presence": 1}, "P697--keys--clutter--D2W977Qeit-_6XcaVs3XtHWeMoD8WqBqjvtgWrsDEKw-00005.jpg": {"object_bounding_box": [540, 574, 1080, 1013], "object_presence": 1}, "P697--keys--clutter--D2W977Qeit-_6XcaVs3XtHWeMoD8WqBqjvtgWrsDEKw-00006.jpg": {"object_bounding_box": [540, 570, 1080, 1021], "object_presence": 1}, "P697--keys--clutter--D2W977Qeit-_6XcaVs3XtHWeMoD8WqBqjvtgWrsDEKw-00007.jpg": {"object_bounding_box": [540, 571, 1080, 1017], "object_presence": 1}, "P697--keys--clutter--D2W977Qeit-_6XcaVs3XtHWeMoD8WqBqjvtgWrsDEKw-00008.jpg": {"object_bounding_box": [540, 584, 1080, 992], "object_presence": 1}, "P697--keys--clutter--D2W977Qeit-_6XcaVs3XtHWeMoD8WqBqjvtgWrsDEKw-00009.jpg": {"object_bounding_box": [540, 583, 1080, 995], "object_presence": 1}, "P697--keys--clutter--D2W977Qeit-_6XcaVs3XtHWeMoD8WqBqjvtgWrsDEKw-00010.jpg": {"object_bounding_box": [540, 583, 1080, 995], "object_presence": 1}, "P697--keys--clutter--D2W977Qeit-_6XcaVs3XtHWeMoD8WqBqjvtgWrsDEKw-00011.jpg": {"object_bounding_box": [540, 583, 1080, 995], "object_presence": 1}, "P697--keys--clutter--D2W977Qeit-_6XcaVs3XtHWeMoD8WqBqjvtgWrsDEKw-00012.jpg": {"object_bounding_box": [540, 584, 1080, 992], "object_presence": 1}, "P697--keys--clutter--D2W977Qeit-_6XcaVs3XtHWeMoD8WqBqjvtgWrsDEKw-00013.jpg": {"object_bounding_box": [540, 581, 1080, 997], "object_presence": 1}, "P697--keys--clutter--D2W977Qeit-_6XcaVs3XtHWeMoD8WqBqjvtgWrsDEKw-00014.jpg": {"object_bounding_box": [540, 581, 1080, 997], "object_presence": 1}, "P697--keys--clutter--D2W977Qeit-_6XcaVs3XtHWeMoD8WqBqjvtgWrsDEKw-00015.jpg": {"object_bounding_box": [540, 581, 1080, 997], "object_presence": 1}, "P697--keys--clutter--D2W977Qeit-_6XcaVs3XtHWeMoD8WqBqjvtgWrsDEKw-00016.jpg": {"object_bounding_box": [540, 581, 1080, 997], "object_presence": 1}, "P697--keys--clutter--D2W977Qeit-_6XcaVs3XtHWeMoD8WqBqjvtgWrsDEKw-00017.jpg": {"object_bounding_box": [540, 581, 1080, 997], "object_presence": 1}, "P697--keys--clutter--D2W977Qeit-_6XcaVs3XtHWeMoD8WqBqjvtgWrsDEKw-00018.jpg": {"object_bounding_box": [540, 581, 1080, 997], "object_presence": 1}, "P697--keys--clutter--D2W977Qeit-_6XcaVs3XtHWeMoD8WqBqjvtgWrsDEKw-00019.jpg": {"object_bounding_box": [540, 583, 1080, 995], "object_presence": 1}, "P697--keys--clutter--D2W977Qeit-_6XcaVs3XtHWeMoD8WqBqjvtgWrsDEKw-00020.jpg": {"object_bounding_box": [540, 583, 1080, 995], "object_presence": 1}, "P697--keys--clutter--D2W977Qeit-_6XcaVs3XtHWeMoD8WqBqjvtgWrsDEKw-00021.jpg": {"object_bounding_box": [540, 579, 1080, 1003], "object_presence": 1}, "P697--keys--clutter--D2W977Qeit-_6XcaVs3XtHWeMoD8WqBqjvtgWrsDEKw-00022.jpg": {"object_bounding_box": [540, 586, 1080, 988], "object_presence": 1}, "P697--keys--clutter--D2W977Qeit-_6XcaVs3XtHWeMoD8WqBqjvtgWrsDEKw-00023.jpg": {"object_bounding_box": [540, 588, 1080, 985], "object_presence": 1}, "P697--keys--clutter--D2W977Qeit-_6XcaVs3XtHWeMoD8WqBqjvtgWrsDEKw-00024.jpg": {"object_bounding_box": [540, 585, 1080, 989], "object_presence": 1}, "P697--keys--clutter--D2W977Qeit-_6XcaVs3XtHWeMoD8WqBqjvtgWrsDEKw-00025.jpg": {"object_bounding_box": [540, 585, 1080, 989], "object_presence": 1}, "P697--keys--clutter--D2W977Qeit-_6XcaVs3XtHWeMoD8WqBqjvtgWrsDEKw-00026.jpg": {"object_bounding_box": [540, 585, 1080, 989], "object_presence": 1}, "P697--keys--clutter--D2W977Qeit-_6XcaVs3XtHWeMoD8WqBqjvtgWrsDEKw-00027.jpg": {"object_bounding_box": [540, 585, 1080, 989], "object_presence": 1}, "P697--keys--clutter--D2W977Qeit-_6XcaVs3XtHWeMoD8WqBqjvtgWrsDEKw-00028.jpg": {"object_bounding_box": [540, 585, 1080, 989], "object_presence": 1}, "P697--keys--clutter--D2W977Qeit-_6XcaVs3XtHWeMoD8WqBqjvtgWrsDEKw-00029.jpg": {"object_bounding_box": [540, 585, 1080, 989], "object_presence": 1}, "P697--keys--clutter--D2W977Qeit-_6XcaVs3XtHWeMoD8WqBqjvtgWrsDEKw-00030.jpg": {"object_bounding_box": [540, 585, 1080, 989], "object_presence": 1}, "P697--keys--clutter--D2W977Qeit-_6XcaVs3XtHWeMoD8WqBqjvtgWrsDEKw-00031.jpg": {"object_bounding_box": [540, 580, 1080, 1000], "object_presence": 1}, "P697--keys--clutter--D2W977Qeit-_6XcaVs3XtHWeMoD8WqBqjvtgWrsDEKw-00032.jpg": {"object_bounding_box": [540, 580, 1080, 1000], "object_presence": 1}, "P697--keys--clutter--D2W977Qeit-_6XcaVs3XtHWeMoD8WqBqjvtgWrsDEKw-00033.jpg": {"object_bounding_box": [540, 580, 1080, 1000], "object_presence": 1}, "P697--keys--clutter--D2W977Qeit-_6XcaVs3XtHWeMoD8WqBqjvtgWrsDEKw-00034.jpg": {"object_bounding_box": [540, 580, 1080, 1000], "object_presence": 1}, "P697--keys--clutter--D2W977Qeit-_6XcaVs3XtHWeMoD8WqBqjvtgWrsDEKw-00035.jpg": {"object_bounding_box": [540, 580, 1080, 1000], "object_presence": 1}, "P697--keys--clutter--D2W977Qeit-_6XcaVs3XtHWeMoD8WqBqjvtgWrsDEKw-00036.jpg": {"object_bounding_box": [540, 580, 1080, 1000], "object_presence": 1}, "P697--keys--clutter--D2W977Qeit-_6XcaVs3XtHWeMoD8WqBqjvtgWrsDEKw-00037.jpg": {"object_bounding_box": [540, 580, 1080, 1000], "object_presence": 1}, "P697--keys--clutter--D2W977Qeit-_6XcaVs3XtHWeMoD8WqBqjvtgWrsDEKw-00038.jpg": {"object_bounding_box": [540, 576, 1080, 1007], "object_presence": 1}, "P697--keys--clutter--D2W977Qeit-_6XcaVs3XtHWeMoD8WqBqjvtgWrsDEKw-00039.jpg": {"object_bounding_box": [540, 585, 1080, 989], "object_presence": 1}, "P697--keys--clutter--D2W977Qeit-_6XcaVs3XtHWeMoD8WqBqjvtgWrsDEKw-00040.jpg": {"object_bounding_box": [540, 585, 1080, 989], "object_presence": 1}, "P697--keys--clutter--D2W977Qeit-_6XcaVs3XtHWeMoD8WqBqjvtgWrsDEKw-00041.jpg": {"object_bounding_box": [540, 601, 1080, 958], "object_presence": 1}, "P697--keys--clutter--D2W977Qeit-_6XcaVs3XtHWeMoD8WqBqjvtgWrsDEKw-00042.jpg": {"object_bounding_box": [540, 604, 1080, 952], "object_presence": 1}, "P697--keys--clutter--D2W977Qeit-_6XcaVs3XtHWeMoD8WqBqjvtgWrsDEKw-00043.jpg": {"object_bounding_box": [540, 616, 1080, 928], "object_presence": 1}, "P697--keys--clutter--D2W977Qeit-_6XcaVs3XtHWeMoD8WqBqjvtgWrsDEKw-00044.jpg": {"object_bounding_box": [540, 627, 1080, 906], "object_presence": 1}, "P697--keys--clutter--D2W977Qeit-_6XcaVs3XtHWeMoD8WqBqjvtgWrsDEKw-00045.jpg": {"object_bounding_box": [540, 636, 1080, 888], "object_presence": 1}, "P697--keys--clutter--D2W977Qeit-_6XcaVs3XtHWeMoD8WqBqjvtgWrsDEKw-00046.jpg": {"object_bounding_box": [540, 644, 1080, 872], "object_presence": 1}, "P697--keys--clutter--D2W977Qeit-_6XcaVs3XtHWeMoD8WqBqjvtgWrsDEKw-00047.jpg": {"object_bounding_box": [540, 653, 1080, 854], "object_presence": 1}, "P697--keys--clutter--D2W977Qeit-_6XcaVs3XtHWeMoD8WqBqjvtgWrsDEKw-00048.jpg": {"object_bounding_box": [540, 662, 1080, 836], "object_presence": 1}, "P697--keys--clutter--D2W977Qeit-_6XcaVs3XtHWeMoD8WqBqjvtgWrsDEKw-00049.jpg": {"object_bounding_box": [540, 681, 1080, 797], "object_presence": 1}, "P697--keys--clutter--D2W977Qeit-_6XcaVs3XtHWeMoD8WqBqjvtgWrsDEKw-00050.jpg": {"object_bounding_box": [530, 691, 1059, 778], "object_presence": 1}, "P697--keys--clutter--D2W977Qeit-_6XcaVs3XtHWeMoD8WqBqjvtgWrsDEKw-00051.jpg": {"object_bounding_box": [507, 695, 1015, 770], "object_presence": 1}, "P697--keys--clutter--D2W977Qeit-_6XcaVs3XtHWeMoD8WqBqjvtgWrsDEKw-00052.jpg": {"object_bounding_box": [490, 699, 980, 763], "object_presence": 1}, "P697--keys--clutter--D2W977Qeit-_6XcaVs3XtHWeMoD8WqBqjvtgWrsDEKw-00053.jpg": {"object_bounding_box": [477, 701, 953, 757], "object_presence": 1}, "P697--keys--clutter--D2W977Qeit-_6XcaVs3XtHWeMoD8WqBqjvtgWrsDEKw-00054.jpg": {"object_bounding_box": [472, 701, 944, 757], "object_presence": 1}, "P697--keys--clutter--D2W977Qeit-_6XcaVs3XtHWeMoD8WqBqjvtgWrsDEKw-00055.jpg": {"object_bounding_box": [472, 701, 944, 757], "object_presence": 1}, "P697--keys--clutter--D2W977Qeit-_6XcaVs3XtHWeMoD8WqBqjvtgWrsDEKw-00056.jpg": {"object_bounding_box": [470, 707, 941, 746], "object_presence": 1}, "P697--keys--clutter--D2W977Qeit-_6XcaVs3XtHWeMoD8WqBqjvtgWrsDEKw-00057.jpg": {"object_bounding_box": [461, 710, 923, 740], "object_presence": 1}, "P697--keys--clutter--D2W977Qeit-_6XcaVs3XtHWeMoD8WqBqjvtgWrsDEKw-00058.jpg": {"object_bounding_box": [455, 705, 909, 750], "object_presence": 1}, "P697--keys--clutter--D2W977Qeit-_6XcaVs3XtHWeMoD8WqBqjvtgWrsDEKw-00059.jpg": {"object_bounding_box": [449, 705, 898, 750], "object_presence": 1}, "P697--keys--clutter--D2W977Qeit-_6XcaVs3XtHWeMoD8WqBqjvtgWrsDEKw-00060.jpg": {"object_bounding_box": [448, 701, 897, 758], "object_presence": 1}, "P697--keys--clutter--D2W977Qeit-_6XcaVs3XtHWeMoD8WqBqjvtgWrsDEKw-00061.jpg": {"object_bounding_box": [444, 692, 888, 776], "object_presence": 1}, "P697--keys--clutter--D2W977Qeit-_6XcaVs3XtHWeMoD8WqBqjvtgWrsDEKw-00062.jpg": {"object_bounding_box": [448, 642, 895, 754], "object_presence": 1}, "P697--keys--clutter--D2W977Qeit-_6XcaVs3XtHWeMoD8WqBqjvtgWrsDEKw-00063.jpg": {"object_bounding_box": [454, 603, 908, 723], "object_presence": 1}, "P697--keys--clutter--D2W977Qeit-_6XcaVs3XtHWeMoD8WqBqjvtgWrsDEKw-00064.jpg": {"object_bounding_box": [456, 575, 903, 688], "object_presence": 1}, "P697--keys--clutter--D2W977Qeit-_6XcaVs3XtHWeMoD8WqBqjvtgWrsDEKw-00065.jpg": {"object_bounding_box": [463, 540, 883, 658], "object_presence": 1}, "P697--keys--clutter--D2W977Qeit-_6XcaVs3XtHWeMoD8WqBqjvtgWrsDEKw-00066.jpg": {"object_bounding_box": [454, 529, 852, 637], "object_presence": 1}, "P697--keys--clutter--D2W977Qeit-_6XcaVs3XtHWeMoD8WqBqjvtgWrsDEKw-00067.jpg": {"object_bounding_box": [440, 541, 803, 602], "object_presence": 1}, "P697--keys--clutter--D2W977Qeit-_6XcaVs3XtHWeMoD8WqBqjvtgWrsDEKw-00068.jpg": {"object_bounding_box": [432, 543, 771, 570], "object_presence": 1}, "P697--keys--clutter--D2W977Qeit-_6XcaVs3XtHWeMoD8WqBqjvtgWrsDEKw-00069.jpg": {"object_bounding_box": [421, 534, 738, 551], "object_presence": 1}, "P697--keys--clutter--D2W977Qeit-_6XcaVs3XtHWeMoD8WqBqjvtgWrsDEKw-00070.jpg": {"object_bounding_box": [417, 527, 714, 532], "object_presence": 1}, "P697--keys--clutter--D2W977Qeit-_6XcaVs3XtHWeMoD8WqBqjvtgWrsDEKw-00071.jpg": {"object_bounding_box": [422, 519, 696, 516], "object_presence": 1}, "P697--keys--clutter--D2W977Qeit-_6XcaVs3XtHWeMoD8WqBqjvtgWrsDEKw-00072.jpg": {"object_bounding_box": [428, 506, 668, 501], "object_presence": 1}, "P697--keys--clutter--D2W977Qeit-_6XcaVs3XtHWeMoD8WqBqjvtgWrsDEKw-00073.jpg": {"object_bounding_box": [424, 496, 656, 485], "object_presence": 1}, "P697--keys--clutter--D2W977Qeit-_6XcaVs3XtHWeMoD8WqBqjvtgWrsDEKw-00074.jpg": {"object_bounding_box": [418, 485, 643, 465], "object_presence": 1}, "P697--keys--clutter--D2W977Qeit-_6XcaVs3XtHWeMoD8WqBqjvtgWrsDEKw-00075.jpg": {"object_bounding_box": [399, 481, 625, 464], "object_presence": 1}, "P697--keys--clutter--D2W977Qeit-_6XcaVs3XtHWeMoD8WqBqjvtgWrsDEKw-00076.jpg": {"object_bounding_box": [390, 494, 601, 444], "object_presence": 1}, "P697--keys--clutter--D2W977Qeit-_6XcaVs3XtHWeMoD8WqBqjvtgWrsDEKw-00077.jpg": {"object_bounding_box": [379, 509, 587, 433], "object_presence": 1}, "P697--keys--clutter--D2W977Qeit-_6XcaVs3XtHWeMoD8WqBqjvtgWrsDEKw-00078.jpg": {"object_bounding_box": [375, 523, 567, 428], "object_presence": 1}, "P697--keys--clutter--D2W977Qeit-_6XcaVs3XtHWeMoD8WqBqjvtgWrsDEKw-00079.jpg": {"object_bounding_box": [375, 512, 554, 408], "object_presence": 1}, "P697--keys--clutter--D2W977Qeit-_6XcaVs3XtHWeMoD8WqBqjvtgWrsDEKw-00080.jpg": {"object_bounding_box": [380, 480, 542, 404], "object_presence": 1}, "P697--keys--clutter--D2W977Qeit-_6XcaVs3XtHWeMoD8WqBqjvtgWrsDEKw-00081.jpg": {"object_bounding_box": [378, 483, 542, 408], "object_presence": 1}, "P697--keys--clutter--D2W977Qeit-_6XcaVs3XtHWeMoD8WqBqjvtgWrsDEKw-00082.jpg": {"object_bounding_box": [394, 429, 521, 386], "object_presence": 1}, "P697--keys--clutter--D2W977Qeit-_6XcaVs3XtHWeMoD8WqBqjvtgWrsDEKw-00083.jpg": {"object_bounding_box": [409, 406, 509, 383], "object_presence": 1}, "P697--keys--clutter--D2W977Qeit-_6XcaVs3XtHWeMoD8WqBqjvtgWrsDEKw-00084.jpg": {"object_bounding_box": [419, 391, 495, 380], "object_presence": 1}, "P697--keys--clutter--D2W977Qeit-_6XcaVs3XtHWeMoD8WqBqjvtgWrsDEKw-00085.jpg": {"object_bounding_box": [423, 388, 488, 376], "object_presence": 1}, "P697--keys--clutter--D2W977Qeit-_6XcaVs3XtHWeMoD8WqBqjvtgWrsDEKw-00086.jpg": {"object_bounding_box": [420, 399, 479, 363], "object_presence": 1}, "P697--keys--clutter--D2W977Qeit-_6XcaVs3XtHWeMoD8WqBqjvtgWrsDEKw-00087.jpg": {"object_bounding_box": [415, 394, 468, 357], "object_presence": 1}, "P697--keys--clutter--D2W977Qeit-_6XcaVs3XtHWeMoD8WqBqjvtgWrsDEKw-00088.jpg": {"object_bounding_box": [400, 375, 467, 344], "object_presence": 1}, "P697--keys--clutter--D2W977Qeit-_6XcaVs3XtHWeMoD8WqBqjvtgWrsDEKw-00089.jpg": {"object_bounding_box": [383, 371, 458, 343], "object_presence": 1}, "P697--keys--clutter--D2W977Qeit-_6XcaVs3XtHWeMoD8WqBqjvtgWrsDEKw-00090.jpg": {"object_bounding_box": [366, 382, 451, 340], "object_presence": 1}, "P697--keys--clutter--D2W977Qeit-_6XcaVs3XtHWeMoD8WqBqjvtgWrsDEKw-00091.jpg": {"object_bounding_box": [355, 388, 441, 330], "object_presence": 1}, "P697--keys--clutter--D2W977Qeit-_6XcaVs3XtHWeMoD8WqBqjvtgWrsDEKw-00092.jpg": {"object_bounding_box": [346, 386, 431, 327], "object_presence": 1}, "P697--keys--clutter--D2W977Qeit-_6XcaVs3XtHWeMoD8WqBqjvtgWrsDEKw-00093.jpg": {"object_bounding_box": [336, 386, 432, 321], "object_presence": 1}, "P697--keys--clutter--D2W977Qeit-_6XcaVs3XtHWeMoD8WqBqjvtgWrsDEKw-00094.jpg": {"object_bounding_box": [338, 388, 422, 316], "object_presence": 1}, "P697--keys--clutter--D2W977Qeit-_6XcaVs3XtHWeMoD8WqBqjvtgWrsDEKw-00095.jpg": {"object_bounding_box": [351, 371, 416, 308], "object_presence": 1}, "P697--keys--clutter--D2W977Qeit-_6XcaVs3XtHWeMoD8WqBqjvtgWrsDEKw-00096.jpg": {"object_bounding_box": [378, 354, 409, 304], "object_presence": 1}, "P697--keys--clutter--D2W977Qeit-_6XcaVs3XtHWeMoD8WqBqjvtgWrsDEKw-00097.jpg": {"object_bounding_box": [395, 340, 407, 302], "object_presence": 1}, "P697--keys--clutter--D2W977Qeit-_6XcaVs3XtHWeMoD8WqBqjvtgWrsDEKw-00098.jpg": {"object_bounding_box": [403, 345, 400, 296], "object_presence": 1}, "P697--keys--clutter--D2W977Qeit-_6XcaVs3XtHWeMoD8WqBqjvtgWrsDEKw-00099.jpg": {"object_bounding_box": [404, 348, 399, 300], "object_presence": 1}, "P697--keys--clutter--D2W977Qeit-_6XcaVs3XtHWeMoD8WqBqjvtgWrsDEKw-00100.jpg": {"object_bounding_box": [394, 349, 398, 296], "object_presence": 1}, "P697--keys--clutter--D2W977Qeit-_6XcaVs3XtHWeMoD8WqBqjvtgWrsDEKw-00101.jpg": {"object_bounding_box": [388, 348, 396, 293], "object_presence": 1}, "P697--keys--clutter--D2W977Qeit-_6XcaVs3XtHWeMoD8WqBqjvtgWrsDEKw-00102.jpg": {"object_bounding_box": [385, 348, 395, 288], "object_presence": 1}, "P697--keys--clutter--D2W977Qeit-_6XcaVs3XtHWeMoD8WqBqjvtgWrsDEKw-00103.jpg": {"object_bounding_box": [389, 345, 387, 281], "object_presence": 1}, "P697--keys--clutter--D2W977Qeit-_6XcaVs3XtHWeMoD8WqBqjvtgWrsDEKw-00104.jpg": {"object_bounding_box": [386, 328, 388, 281], "object_presence": 1}, "P697--keys--clutter--D2W977Qeit-_6XcaVs3XtHWeMoD8WqBqjvtgWrsDEKw-00105.jpg": {"object_bounding_box": [387, 321, 383, 281], "object_presence": 1}, "P697--keys--clutter--D2W977Qeit-_6XcaVs3XtHWeMoD8WqBqjvtgWrsDEKw-00106.jpg": {"object_bounding_box": [393, 313, 379, 286], "object_presence": 1}, "P697--keys--clutter--D2W977Qeit-_6XcaVs3XtHWeMoD8WqBqjvtgWrsDEKw-00107.jpg": {"object_bounding_box": [408, 313, 377, 279], "object_presence": 1}, "P697--keys--clutter--D2W977Qeit-_6XcaVs3XtHWeMoD8WqBqjvtgWrsDEKw-00108.jpg": {"object_bounding_box": [411, 308, 377, 279], "object_presence": 1}, "P697--keys--clutter--D2W977Qeit-_6XcaVs3XtHWeMoD8WqBqjvtgWrsDEKw-00109.jpg": {"object_bounding_box": [405, 308, 374, 270], "object_presence": 1}, "P697--keys--clutter--D2W977Qeit-_6XcaVs3XtHWeMoD8WqBqjvtgWrsDEKw-00110.jpg": {"object_bounding_box": [392, 305, 368, 270], "object_presence": 1}, "P697--keys--clutter--D2W977Qeit-_6XcaVs3XtHWeMoD8WqBqjvtgWrsDEKw-00111.jpg": {"object_bounding_box": [378, 302, 366, 264], "object_presence": 1}, "P697--keys--clutter--D2W977Qeit-_6XcaVs3XtHWeMoD8WqBqjvtgWrsDEKw-00112.jpg": {"object_bounding_box": [366, 303, 364, 265], "object_presence": 1}, "P697--keys--clutter--D2W977Qeit-_6XcaVs3XtHWeMoD8WqBqjvtgWrsDEKw-00113.jpg": {"object_bounding_box": [362, 301, 358, 270], "object_presence": 1}, "P697--keys--clutter--D2W977Qeit-_6XcaVs3XtHWeMoD8WqBqjvtgWrsDEKw-00114.jpg": {"object_bounding_box": [370, 307, 350, 266], "object_presence": 1}, "P697--keys--clutter--D2W977Qeit-_6XcaVs3XtHWeMoD8WqBqjvtgWrsDEKw-00115.jpg": {"object_bounding_box": [380, 315, 345, 254], "object_presence": 1}, "P697--keys--clutter--D2W977Qeit-_6XcaVs3XtHWeMoD8WqBqjvtgWrsDEKw-00116.jpg": {"object_bounding_box": [384, 319, 346, 260], "object_presence": 1}, "P697--keys--clutter--D2W977Qeit-_6XcaVs3XtHWeMoD8WqBqjvtgWrsDEKw-00117.jpg": {"object_bounding_box": [377, 322, 349, 260], "object_presence": 1}, "P697--keys--clutter--D2W977Qeit-_6XcaVs3XtHWeMoD8WqBqjvtgWrsDEKw-00118.jpg": {"object_bounding_box": [380, 324, 350, 257], "object_presence": 1}, "P697--keys--clutter--D2W977Qeit-_6XcaVs3XtHWeMoD8WqBqjvtgWrsDEKw-00119.jpg": {"object_bounding_box": [380, 332, 348, 254], "object_presence": 1}, "P697--keys--clutter--D2W977Qeit-_6XcaVs3XtHWeMoD8WqBqjvtgWrsDEKw-00120.jpg": {"object_bounding_box": [379, 332, 346, 255], "object_presence": 1}, "P697--keys--clutter--D2W977Qeit-_6XcaVs3XtHWeMoD8WqBqjvtgWrsDEKw-00121.jpg": {"object_bounding_box": [379, 327, 346, 255], "object_presence": 1}, "P697--keys--clutter--D2W977Qeit-_6XcaVs3XtHWeMoD8WqBqjvtgWrsDEKw-00122.jpg": {"object_bounding_box": [391, 331, 342, 246], "object_presence": 1}, "P697--keys--clutter--D2W977Qeit-_6XcaVs3XtHWeMoD8WqBqjvtgWrsDEKw-00123.jpg": {"object_bounding_box": [395, 330, 335, 247], "object_presence": 1}, "P697--keys--clutter--D2W977Qeit-_6XcaVs3XtHWeMoD8WqBqjvtgWrsDEKw-00124.jpg": {"object_bounding_box": [398, 327, 335, 247], "object_presence": 1}, "P697--keys--clutter--D2W977Qeit-_6XcaVs3XtHWeMoD8WqBqjvtgWrsDEKw-00125.jpg": {"object_bounding_box": [400, 326, 333, 244], "object_presence": 1}, "P697--keys--clutter--D2W977Qeit-_6XcaVs3XtHWeMoD8WqBqjvtgWrsDEKw-00126.jpg": {"object_bounding_box": [405, 324, 332, 244], "object_presence": 1}, "P697--keys--clutter--D2W977Qeit-_6XcaVs3XtHWeMoD8WqBqjvtgWrsDEKw-00127.jpg": {"object_bounding_box": [396, 328, 327, 244], "object_presence": 1}, "P697--keys--clutter--D2W977Qeit-_6XcaVs3XtHWeMoD8WqBqjvtgWrsDEKw-00128.jpg": {"object_bounding_box": [377, 337, 328, 243], "object_presence": 1}, "P697--keys--clutter--D2W977Qeit-_6XcaVs3XtHWeMoD8WqBqjvtgWrsDEKw-00129.jpg": {"object_bounding_box": [383, 344, 320, 243], "object_presence": 1}, "P697--keys--clutter--D2W977Qeit-_6XcaVs3XtHWeMoD8WqBqjvtgWrsDEKw-00130.jpg": {"object_bounding_box": [392, 351, 316, 238], "object_presence": 1}, "P697--keys--clutter--D2W977Qeit-_6XcaVs3XtHWeMoD8WqBqjvtgWrsDEKw-00131.jpg": {"object_bounding_box": [384, 345, 323, 236], "object_presence": 1}, "P697--keys--clutter--D2W977Qeit-_6XcaVs3XtHWeMoD8WqBqjvtgWrsDEKw-00132.jpg": {"object_bounding_box": [384, 336, 316, 240], "object_presence": 1}, "P697--keys--clutter--D2W977Qeit-_6XcaVs3XtHWeMoD8WqBqjvtgWrsDEKw-00133.jpg": {"object_bounding_box": [382, 332, 318, 240], "object_presence": 1}, "P697--keys--clutter--D2W977Qeit-_6XcaVs3XtHWeMoD8WqBqjvtgWrsDEKw-00134.jpg": {"object_bounding_box": [385, 334, 323, 240], "object_presence": 1}, "P697--keys--clutter--D2W977Qeit-_6XcaVs3XtHWeMoD8WqBqjvtgWrsDEKw-00135.jpg": {"object_bounding_box": [390, 351, 321, 240], "object_presence": 1}, "P697--keys--clutter--D2W977Qeit-_6XcaVs3XtHWeMoD8WqBqjvtgWrsDEKw-00136.jpg": {"object_bounding_box": [392, 369, 321, 240], "object_presence": 1}, "P697--keys--clutter--D2W977Qeit-_6XcaVs3XtHWeMoD8WqBqjvtgWrsDEKw-00137.jpg": {"object_bounding_box": [390, 370, 325, 240], "object_presence": 1}, "P697--keys--clutter--D2W977Qeit-_6XcaVs3XtHWeMoD8WqBqjvtgWrsDEKw-00138.jpg": {"object_bounding_box": [393, 370, 319, 240], "object_presence": 1}, "P697--keys--clutter--D2W977Qeit-_6XcaVs3XtHWeMoD8WqBqjvtgWrsDEKw-00139.jpg": {"object_bounding_box": [401, 374, 319, 240], "object_presence": 1}, "P697--keys--clutter--D2W977Qeit-_6XcaVs3XtHWeMoD8WqBqjvtgWrsDEKw-00140.jpg": {"object_bounding_box": [416, 391, 314, 228], "object_presence": 1}, "P697--keys--clutter--D2W977Qeit-_6XcaVs3XtHWeMoD8WqBqjvtgWrsDEKw-00141.jpg": {"object_bounding_box": [425, 393, 319, 228], "object_presence": 1}, "P697--keys--clutter--D2W977Qeit-_6XcaVs3XtHWeMoD8WqBqjvtgWrsDEKw-00142.jpg": {"object_bounding_box": [429, 396, 314, 223], "object_presence": 1}, "P697--keys--clutter--D2W977Qeit-_6XcaVs3XtHWeMoD8WqBqjvtgWrsDEKw-00143.jpg": {"object_bounding_box": [433, 392, 311, 229], "object_presence": 1}, "P697--keys--clutter--D2W977Qeit-_6XcaVs3XtHWeMoD8WqBqjvtgWrsDEKw-00144.jpg": {"object_bounding_box": [445, 380, 314, 230], "object_presence": 1}, "P697--keys--clutter--D2W977Qeit-_6XcaVs3XtHWeMoD8WqBqjvtgWrsDEKw-00145.jpg": {"object_bounding_box": [448, 377, 310, 230], "object_presence": 1}, "P697--keys--clutter--D2W977Qeit-_6XcaVs3XtHWeMoD8WqBqjvtgWrsDEKw-00146.jpg": {"object_bounding_box": [445, 388, 310, 230], "object_presence": 1}, "P697--keys--clutter--D2W977Qeit-_6XcaVs3XtHWeMoD8WqBqjvtgWrsDEKw-00147.jpg": {"object_bounding_box": [442, 397, 307, 226], "object_presence": 1}, "P697--keys--clutter--D2W977Qeit-_6XcaVs3XtHWeMoD8WqBqjvtgWrsDEKw-00148.jpg": {"object_bounding_box": [454, 401, 306, 223], "object_presence": 1}, "P697--keys--clutter--D2W977Qeit-_6XcaVs3XtHWeMoD8WqBqjvtgWrsDEKw-00149.jpg": {"object_bounding_box": [458, 412, 306, 224], "object_presence": 1}, "P697--keys--clutter--D2W977Qeit-_6XcaVs3XtHWeMoD8WqBqjvtgWrsDEKw-00150.jpg": {"object_bounding_box": [456, 421, 304, 222], "object_presence": 1}, "P697--keys--clutter--D2W977Qeit-_6XcaVs3XtHWeMoD8WqBqjvtgWrsDEKw-00151.jpg": {"object_bounding_box": [459, 429, 306, 221], "object_presence": 1}, "P697--keys--clutter--D2W977Qeit-_6XcaVs3XtHWeMoD8WqBqjvtgWrsDEKw-00152.jpg": {"object_bounding_box": [460, 432, 302, 224], "object_presence": 1}, "P697--keys--clutter--D2W977Qeit-_6XcaVs3XtHWeMoD8WqBqjvtgWrsDEKw-00153.jpg": {"object_bounding_box": [462, 438, 298, 217], "object_presence": 1}, "P697--keys--clutter--D2W977Qeit-_6XcaVs3XtHWeMoD8WqBqjvtgWrsDEKw-00154.jpg": {"object_bounding_box": [461, 439, 300, 219], "object_presence": 1}, "P697--keys--clutter--D2W977Qeit-_6XcaVs3XtHWeMoD8WqBqjvtgWrsDEKw-00155.jpg": {"object_bounding_box": [459, 435, 299, 219], "object_presence": 1}, "P697--keys--clutter--D2W977Qeit-_6XcaVs3XtHWeMoD8WqBqjvtgWrsDEKw-00156.jpg": {"object_bounding_box": [463, 429, 302, 219], "object_presence": 1}, "P697--keys--clutter--D2W977Qeit-_6XcaVs3XtHWeMoD8WqBqjvtgWrsDEKw-00157.jpg": {"object_bounding_box": [470, 423, 298, 220], "object_presence": 1}, "P697--keys--clutter--D2W977Qeit-_6XcaVs3XtHWeMoD8WqBqjvtgWrsDEKw-00158.jpg": {"object_bounding_box": [474, 423, 300, 221], "object_presence": 1}, "P697--keys--clutter--D2W977Qeit-_6XcaVs3XtHWeMoD8WqBqjvtgWrsDEKw-00159.jpg": {"object_bounding_box": [476, 421, 299, 217], "object_presence": 1}, "P697--keys--clutter--D2W977Qeit-_6XcaVs3XtHWeMoD8WqBqjvtgWrsDEKw-00160.jpg": {"object_bounding_box": [481, 416, 299, 217], "object_presence": 1}, "P697--keys--clutter--D2W977Qeit-_6XcaVs3XtHWeMoD8WqBqjvtgWrsDEKw-00161.jpg": {"object_bounding_box": [482, 413, 301, 218], "object_presence": 1}, "P697--keys--clutter--D2W977Qeit-_6XcaVs3XtHWeMoD8WqBqjvtgWrsDEKw-00162.jpg": {"object_bounding_box": [476, 409, 301, 218], "object_presence": 1}, "P697--keys--clutter--D2W977Qeit-_6XcaVs3XtHWeMoD8WqBqjvtgWrsDEKw-00163.jpg": {"object_bounding_box": [478, 406, 302, 216], "object_presence": 1}, "P697--keys--clutter--D2W977Qeit-_6XcaVs3XtHWeMoD8WqBqjvtgWrsDEKw-00164.jpg": {"object_bounding_box": [478, 401, 302, 220], "object_presence": 1}, "P697--keys--clutter--D2W977Qeit-_6XcaVs3XtHWeMoD8WqBqjvtgWrsDEKw-00165.jpg": {"object_bounding_box": [478, 404, 302, 220], "object_presence": 1}, "P697--keys--clutter--D2W977Qeit-_6XcaVs3XtHWeMoD8WqBqjvtgWrsDEKw-00166.jpg": {"object_bounding_box": [481, 403, 298, 218], "object_presence": 1}, "P697--keys--clutter--D2W977Qeit-_6XcaVs3XtHWeMoD8WqBqjvtgWrsDEKw-00167.jpg": {"object_bounding_box": [482, 395, 299, 220], "object_presence": 1}, "P697--keys--clutter--D2W977Qeit-_6XcaVs3XtHWeMoD8WqBqjvtgWrsDEKw-00168.jpg": {"object_bounding_box": [486, 393, 299, 220], "object_presence": 1}, "P697--keys--clutter--D2W977Qeit-_6XcaVs3XtHWeMoD8WqBqjvtgWrsDEKw-00169.jpg": {"object_bounding_box": [483, 393, 304, 218], "object_presence": 1}, "P697--keys--clutter--D2W977Qeit-_6XcaVs3XtHWeMoD8WqBqjvtgWrsDEKw-00170.jpg": {"object_bounding_box": [480, 391, 305, 218], "object_presence": 1}, "P697--keys--clutter--D2W977Qeit-_6XcaVs3XtHWeMoD8WqBqjvtgWrsDEKw-00171.jpg": {"object_bounding_box": [483, 392, 303, 221], "object_presence": 1}, "P697--keys--clutter--D2W977Qeit-_6XcaVs3XtHWeMoD8WqBqjvtgWrsDEKw-00172.jpg": {"object_bounding_box": [481, 395, 305, 221], "object_presence": 1}, "P697--keys--clutter--D2W977Qeit-_6XcaVs3XtHWeMoD8WqBqjvtgWrsDEKw-00173.jpg": {"object_bounding_box": [479, 399, 300, 218], "object_presence": 1}, "P697--keys--clutter--D2W977Qeit-_6XcaVs3XtHWeMoD8WqBqjvtgWrsDEKw-00174.jpg": {"object_bounding_box": [482, 401, 297, 212], "object_presence": 1}, "P697--keys--clutter--D2W977Qeit-_6XcaVs3XtHWeMoD8WqBqjvtgWrsDEKw-00175.jpg": {"object_bounding_box": [488, 400, 293, 208], "object_presence": 1}, "P697--keys--clutter--D2W977Qeit-_6XcaVs3XtHWeMoD8WqBqjvtgWrsDEKw-00176.jpg": {"object_bounding_box": [494, 401, 286, 206], "object_presence": 1}, "P697--keys--clutter--D2W977Qeit-_6XcaVs3XtHWeMoD8WqBqjvtgWrsDEKw-00177.jpg": {"object_bounding_box": [500, 395, 292, 205], "object_presence": 1}, "P697--keys--clutter--D2W977Qeit-_6XcaVs3XtHWeMoD8WqBqjvtgWrsDEKw-00178.jpg": {"object_bounding_box": [500, 395, 292, 205], "object_presence": 1}, "P697--keys--clutter--D2W977Qeit-_6XcaVs3XtHWeMoD8WqBqjvtgWrsDEKw-00179.jpg": {"object_bounding_box": [500, 395, 291, 205], "object_presence": 1}, "P697--keys--clutter--D2W977Qeit-_6XcaVs3XtHWeMoD8WqBqjvtgWrsDEKw-00180.jpg": {"object_bounding_box": [500, 395, 291, 205], "object_presence": 1}, "P697--keys--clutter--D2W977Qeit-_6XcaVs3XtHWeMoD8WqBqjvtgWrsDEKw-00181.jpg": {"object_bounding_box": [500, 395, 291, 205], "object_presence": 1}, "P697--keys--clutter--D2W977Qeit-_6XcaVs3XtHWeMoD8WqBqjvtgWrsDEKw-00182.jpg": {"object_bounding_box": [500, 395, 291, 205], "object_presence": 1}, "P697--keys--clutter--D2W977Qeit-_6XcaVs3XtHWeMoD8WqBqjvtgWrsDEKw-00183.jpg": {"object_bounding_box": [477, 406, 296, 208], "object_presence": 1}, "P697--keys--clutter--D2W977Qeit-_6XcaVs3XtHWeMoD8WqBqjvtgWrsDEKw-00184.jpg": {"object_bounding_box": [480, 407, 292, 206], "object_presence": 1}, "P697--keys--clutter--D2W977Qeit-_6XcaVs3XtHWeMoD8WqBqjvtgWrsDEKw-00185.jpg": {"object_bounding_box": [478, 404, 291, 205], "object_presence": 1}, "P697--keys--clutter--D2W977Qeit-_6XcaVs3XtHWeMoD8WqBqjvtgWrsDEKw-00186.jpg": {"object_bounding_box": [472, 406, 291, 206], "object_presence": 1}, "P697--keys--clutter--D2W977Qeit-_6XcaVs3XtHWeMoD8WqBqjvtgWrsDEKw-00187.jpg": {"object_bounding_box": [470, 408, 291, 205], "object_presence": 1}, "P697--keys--clutter--D2W977Qeit-_6XcaVs3XtHWeMoD8WqBqjvtgWrsDEKw-00188.jpg": {"object_bounding_box": [468, 407, 290, 205], "object_presence": 1}, "P697--keys--clutter--D2W977Qeit-_6XcaVs3XtHWeMoD8WqBqjvtgWrsDEKw-00189.jpg": {"object_bounding_box": [465, 406, 289, 206], "object_presence": 1}, "P697--keys--clutter--D2W977Qeit-_6XcaVs3XtHWeMoD8WqBqjvtgWrsDEKw-00190.jpg": {"object_bounding_box": [466, 406, 288, 206], "object_presence": 1}, "P697--keys--clutter--D2W977Qeit-_6XcaVs3XtHWeMoD8WqBqjvtgWrsDEKw-00191.jpg": {"object_bounding_box": [469, 407, 289, 205], "object_presence": 1}}