{"P744--nike-trainers--clutter--IdJhMiKh3E08MsNlqaqAZGGG6N0ATCq1rohcDiEfVDs-00001.jpg": {"object_bounding_box": [0, 0, 0, 0], "object_presence": 0}, "P744--nike-trainers--clutter--IdJhMiKh3E08MsNlqaqAZGGG6N0ATCq1rohcDiEfVDs-00002.jpg": {"object_bounding_box": [0, 0, 0, 0], "object_presence": 0}, "P744--nike-trainers--clutter--IdJhMiKh3E08MsNlqaqAZGGG6N0ATCq1rohcDiEfVDs-00003.jpg": {"object_bounding_box": [0, 0, 0, 0], "object_presence": 0}, "P744--nike-trainers--clutter--IdJhMiKh3E08MsNlqaqAZGGG6N0ATCq1rohcDiEfVDs-00004.jpg": {"object_bounding_box": [0, 0, 0, 0], "object_presence": 0}, "P744--nike-trainers--clutter--IdJhMiKh3E08MsNlqaqAZGGG6N0ATCq1rohcDiEfVDs-00005.jpg": {"object_bounding_box": [0, 0, 0, 0], "object_presence": 0}, "P744--nike-trainers--clutter--IdJhMiKh3E08MsNlqaqAZGGG6N0ATCq1rohcDiEfVDs-00006.jpg": {"object_bounding_box": [0, 0, 0, 0], "object_presence": 0}, "P744--nike-trainers--clutter--IdJhMiKh3E08MsNlqaqAZGGG6N0ATCq1rohcDiEfVDs-00007.jpg": {"object_bounding_box": [0, 0, 0, 0], "object_presence": 0}, "P744--nike-trainers--clutter--IdJhMiKh3E08MsNlqaqAZGGG6N0ATCq1rohcDiEfVDs-00008.jpg": {"object_bounding_box": [0, 0, 0, 0], "object_presence": 0}, "P744--nike-trainers--clutter--IdJhMiKh3E08MsNlqaqAZGGG6N0ATCq1rohcDiEfVDs-00009.jpg": {"object_bounding_box": [0, 0, 0, 0], "object_presence": 0}, "P744--nike-trainers--clutter--IdJhMiKh3E08MsNlqaqAZGGG6N0ATCq1rohcDiEfVDs-00010.jpg": {"object_bounding_box": [0, 0, 0, 0], "object_presence": 0}, "P744--nike-trainers--clutter--IdJhMiKh3E08MsNlqaqAZGGG6N0ATCq1rohcDiEfVDs-00011.jpg": {"object_bounding_box": [0, 0, 0, 0], "object_presence": 0}, "P744--nike-trainers--clutter--IdJhMiKh3E08MsNlqaqAZGGG6N0ATCq1rohcDiEfVDs-00012.jpg": {"object_bounding_box": [0, 0, 0, 0], "object_presence": 0}, "P744--nike-trainers--clutter--IdJhMiKh3E08MsNlqaqAZGGG6N0ATCq1rohcDiEfVDs-00013.jpg": {"object_bounding_box": [0, 0, 0, 0], "object_presence": 0}, "P744--nike-trainers--clutter--IdJhMiKh3E08MsNlqaqAZGGG6N0ATCq1rohcDiEfVDs-00014.jpg": {"object_bounding_box": [0, 0, 0, 0], "object_presence": 0}, "P744--nike-trainers--clutter--IdJhMiKh3E08MsNlqaqAZGGG6N0ATCq1rohcDiEfVDs-00015.jpg": {"object_bounding_box": [0, 0, 0, 0], "object_presence": 0}, "P744--nike-trainers--clutter--IdJhMiKh3E08MsNlqaqAZGGG6N0ATCq1rohcDiEfVDs-00016.jpg": {"object_bounding_box": [0, 0, 0, 0], "object_presence": 0}, "P744--nike-trainers--clutter--IdJhMiKh3E08MsNlqaqAZGGG6N0ATCq1rohcDiEfVDs-00017.jpg": {"object_bounding_box": [0, 0, 0, 0], "object_presence": 0}, "P744--nike-trainers--clutter--IdJhMiKh3E08MsNlqaqAZGGG6N0ATCq1rohcDiEfVDs-00018.jpg": {"object_bounding_box": [0, 0, 0, 0], "object_presence": 0}, "P744--nike-trainers--clutter--IdJhMiKh3E08MsNlqaqAZGGG6N0ATCq1rohcDiEfVDs-00019.jpg": {"object_bounding_box": [0, 0, 0, 0], "object_presence": 0}, "P744--nike-trainers--clutter--IdJhMiKh3E08MsNlqaqAZGGG6N0ATCq1rohcDiEfVDs-00020.jpg": {"object_bounding_box": [0, 0, 0, 0], "object_presence": 0}, "P744--nike-trainers--clutter--IdJhMiKh3E08MsNlqaqAZGGG6N0ATCq1rohcDiEfVDs-00021.jpg": {"object_bounding_box": [0, 0, 0, 0], "object_presence": 0}, "P744--nike-trainers--clutter--IdJhMiKh3E08MsNlqaqAZGGG6N0ATCq1rohcDiEfVDs-00022.jpg": {"object_bounding_box": [0, 0, 0, 0], "object_presence": 0}, "P744--nike-trainers--clutter--IdJhMiKh3E08MsNlqaqAZGGG6N0ATCq1rohcDiEfVDs-00023.jpg": {"object_bounding_box": [0, 0, 0, 0], "object_presence": 0}, "P744--nike-trainers--clutter--IdJhMiKh3E08MsNlqaqAZGGG6N0ATCq1rohcDiEfVDs-00024.jpg": {"object_bounding_box": [0, 0, 0, 0], "object_presence": 0}, "P744--nike-trainers--clutter--IdJhMiKh3E08MsNlqaqAZGGG6N0ATCq1rohcDiEfVDs-00025.jpg": {"object_bounding_box": [0, 0, 0, 0], "object_presence": 0}, "P744--nike-trainers--clutter--IdJhMiKh3E08MsNlqaqAZGGG6N0ATCq1rohcDiEfVDs-00026.jpg": {"object_bounding_box": [0, 0, 0, 0], "object_presence": 0}, "P744--nike-trainers--clutter--IdJhMiKh3E08MsNlqaqAZGGG6N0ATCq1rohcDiEfVDs-00027.jpg": {"object_bounding_box": [0, 0, 0, 0], "object_presence": 0}, "P744--nike-trainers--clutter--IdJhMiKh3E08MsNlqaqAZGGG6N0ATCq1rohcDiEfVDs-00028.jpg": {"object_bounding_box": [0, 0, 0, 0], "object_presence": 0}, "P744--nike-trainers--clutter--IdJhMiKh3E08MsNlqaqAZGGG6N0ATCq1rohcDiEfVDs-00029.jpg": {"object_bounding_box": [0, 0, 0, 0], "object_presence": 0}, "P744--nike-trainers--clutter--IdJhMiKh3E08MsNlqaqAZGGG6N0ATCq1rohcDiEfVDs-00030.jpg": {"object_bounding_box": [0, 0, 0, 0], "object_presence": 0}, "P744--nike-trainers--clutter--IdJhMiKh3E08MsNlqaqAZGGG6N0ATCq1rohcDiEfVDs-00031.jpg": {"object_bounding_box": [0, 0, 0, 0], "object_presence": 0}, "P744--nike-trainers--clutter--IdJhMiKh3E08MsNlqaqAZGGG6N0ATCq1rohcDiEfVDs-00032.jpg": {"object_bounding_box": [0, 0, 0, 0], "object_presence": 0}, "P744--nike-trainers--clutter--IdJhMiKh3E08MsNlqaqAZGGG6N0ATCq1rohcDiEfVDs-00033.jpg": {"object_bounding_box": [0, 0, 0, 0], "object_presence": 0}, "P744--nike-trainers--clutter--IdJhMiKh3E08MsNlqaqAZGGG6N0ATCq1rohcDiEfVDs-00034.jpg": {"object_bounding_box": [0, 0, 0, 0], "object_presence": 0}, "P744--nike-trainers--clutter--IdJhMiKh3E08MsNlqaqAZGGG6N0ATCq1rohcDiEfVDs-00035.jpg": {"object_bounding_box": [0, 0, 0, 0], "object_presence": 0}, "P744--nike-trainers--clutter--IdJhMiKh3E08MsNlqaqAZGGG6N0ATCq1rohcDiEfVDs-00036.jpg": {"object_bounding_box": [0, 0, 0, 0], "object_presence": 0}, "P744--nike-trainers--clutter--IdJhMiKh3E08MsNlqaqAZGGG6N0ATCq1rohcDiEfVDs-00037.jpg": {"object_bounding_box": [0, 0, 0, 0], "object_presence": 0}, "P744--nike-trainers--clutter--IdJhMiKh3E08MsNlqaqAZGGG6N0ATCq1rohcDiEfVDs-00038.jpg": {"object_bounding_box": [0, 0, 0, 0], "object_presence": 0}, "P744--nike-trainers--clutter--IdJhMiKh3E08MsNlqaqAZGGG6N0ATCq1rohcDiEfVDs-00039.jpg": {"object_bounding_box": [0, 0, 0, 0], "object_presence": 0}, "P744--nike-trainers--clutter--IdJhMiKh3E08MsNlqaqAZGGG6N0ATCq1rohcDiEfVDs-00040.jpg": {"object_bounding_box": [0, 0, 0, 0], "object_presence": 0}, "P744--nike-trainers--clutter--IdJhMiKh3E08MsNlqaqAZGGG6N0ATCq1rohcDiEfVDs-00041.jpg": {"object_bounding_box": [0, 0, 0, 0], "object_presence": 0}, "P744--nike-trainers--clutter--IdJhMiKh3E08MsNlqaqAZGGG6N0ATCq1rohcDiEfVDs-00042.jpg": {"object_bounding_box": [0, 0, 0, 0], "object_presence": 0}, "P744--nike-trainers--clutter--IdJhMiKh3E08MsNlqaqAZGGG6N0ATCq1rohcDiEfVDs-00043.jpg": {"object_bounding_box": [0, 0, 0, 0], "object_presence": 0}, "P744--nike-trainers--clutter--IdJhMiKh3E08MsNlqaqAZGGG6N0ATCq1rohcDiEfVDs-00044.jpg": {"object_bounding_box": [0, 0, 0, 0], "object_presence": 0}, "P744--nike-trainers--clutter--IdJhMiKh3E08MsNlqaqAZGGG6N0ATCq1rohcDiEfVDs-00045.jpg": {"object_bounding_box": [1071, 10, 18, 21], "object_presence": 1}, "P744--nike-trainers--clutter--IdJhMiKh3E08MsNlqaqAZGGG6N0ATCq1rohcDiEfVDs-00046.jpg": {"object_bounding_box": [1070, 14, 19, 29], "object_presence": 1}, "P744--nike-trainers--clutter--IdJhMiKh3E08MsNlqaqAZGGG6N0ATCq1rohcDiEfVDs-00047.jpg": {"object_bounding_box": [1070, 14, 19, 29], "object_presence": 1}, "P744--nike-trainers--clutter--IdJhMiKh3E08MsNlqaqAZGGG6N0ATCq1rohcDiEfVDs-00048.jpg": {"object_bounding_box": [1067, 19, 27, 37], "object_presence": 1}, "P744--nike-trainers--clutter--IdJhMiKh3E08MsNlqaqAZGGG6N0ATCq1rohcDiEfVDs-00049.jpg": {"object_bounding_box": [1064, 24, 32, 48], "object_presence": 1}, "P744--nike-trainers--clutter--IdJhMiKh3E08MsNlqaqAZGGG6N0ATCq1rohcDiEfVDs-00050.jpg": {"object_bounding_box": [1058, 31, 43, 62], "object_presence": 1}, "P744--nike-trainers--clutter--IdJhMiKh3E08MsNlqaqAZGGG6N0ATCq1rohcDiEfVDs-00051.jpg": {"object_bounding_box": [1054, 39, 52, 79], "object_presence": 1}, "P744--nike-trainers--clutter--IdJhMiKh3E08MsNlqaqAZGGG6N0ATCq1rohcDiEfVDs-00052.jpg": {"object_bounding_box": [1048, 46, 63, 91], "object_presence": 1}, "P744--nike-trainers--clutter--IdJhMiKh3E08MsNlqaqAZGGG6N0ATCq1rohcDiEfVDs-00053.jpg": {"object_bounding_box": [1046, 49, 68, 97], "object_presence": 1}, "P744--nike-trainers--clutter--IdJhMiKh3E08MsNlqaqAZGGG6N0ATCq1rohcDiEfVDs-00054.jpg": {"object_bounding_box": [1043, 51, 74, 102], "object_presence": 1}, "P744--nike-trainers--clutter--IdJhMiKh3E08MsNlqaqAZGGG6N0ATCq1rohcDiEfVDs-00055.jpg": {"object_bounding_box": [1040, 53, 81, 105], "object_presence": 1}, "P744--nike-trainers--clutter--IdJhMiKh3E08MsNlqaqAZGGG6N0ATCq1rohcDiEfVDs-00056.jpg": {"object_bounding_box": [1037, 55, 87, 110], "object_presence": 1}, "P744--nike-trainers--clutter--IdJhMiKh3E08MsNlqaqAZGGG6N0ATCq1rohcDiEfVDs-00057.jpg": {"object_bounding_box": [1033, 60, 93, 120], "object_presence": 1}, "P744--nike-trainers--clutter--IdJhMiKh3E08MsNlqaqAZGGG6N0ATCq1rohcDiEfVDs-00058.jpg": {"object_bounding_box": [1030, 61, 99, 122], "object_presence": 1}, "P744--nike-trainers--clutter--IdJhMiKh3E08MsNlqaqAZGGG6N0ATCq1rohcDiEfVDs-00059.jpg": {"object_bounding_box": [1028, 65, 105, 131], "object_presence": 1}, "P744--nike-trainers--clutter--IdJhMiKh3E08MsNlqaqAZGGG6N0ATCq1rohcDiEfVDs-00060.jpg": {"object_bounding_box": [1027, 63, 106, 126], "object_presence": 1}, "P744--nike-trainers--clutter--IdJhMiKh3E08MsNlqaqAZGGG6N0ATCq1rohcDiEfVDs-00061.jpg": {"object_bounding_box": [1026, 63, 108, 126], "object_presence": 1}, "P744--nike-trainers--clutter--IdJhMiKh3E08MsNlqaqAZGGG6N0ATCq1rohcDiEfVDs-00062.jpg": {"object_bounding_box": [1026, 62, 108, 124], "object_presence": 1}, "P744--nike-trainers--clutter--IdJhMiKh3E08MsNlqaqAZGGG6N0ATCq1rohcDiEfVDs-00063.jpg": {"object_bounding_box": [1023, 64, 114, 129], "object_presence": 1}, "P744--nike-trainers--clutter--IdJhMiKh3E08MsNlqaqAZGGG6N0ATCq1rohcDiEfVDs-00064.jpg": {"object_bounding_box": [1018, 68, 123, 136], "object_presence": 1}, "P744--nike-trainers--clutter--IdJhMiKh3E08MsNlqaqAZGGG6N0ATCq1rohcDiEfVDs-00065.jpg": {"object_bounding_box": [1020, 66, 120, 131], "object_presence": 1}, "P744--nike-trainers--clutter--IdJhMiKh3E08MsNlqaqAZGGG6N0ATCq1rohcDiEfVDs-00066.jpg": {"object_bounding_box": [1020, 66, 120, 131], "object_presence": 1}, "P744--nike-trainers--clutter--IdJhMiKh3E08MsNlqaqAZGGG6N0ATCq1rohcDiEfVDs-00067.jpg": {"object_bounding_box": [1019, 66, 122, 131], "object_presence": 1}, "P744--nike-trainers--clutter--IdJhMiKh3E08MsNlqaqAZGGG6N0ATCq1rohcDiEfVDs-00068.jpg": {"object_bounding_box": [1017, 67, 125, 134], "object_presence": 1}, "P744--nike-trainers--clutter--IdJhMiKh3E08MsNlqaqAZGGG6N0ATCq1rohcDiEfVDs-00069.jpg": {"object_bounding_box": [1015, 67, 130, 134], "object_presence": 1}, "P744--nike-trainers--clutter--IdJhMiKh3E08MsNlqaqAZGGG6N0ATCq1rohcDiEfVDs-00070.jpg": {"object_bounding_box": [1012, 69, 136, 139], "object_presence": 1}, "P744--nike-trainers--clutter--IdJhMiKh3E08MsNlqaqAZGGG6N0ATCq1rohcDiEfVDs-00071.jpg": {"object_bounding_box": [1012, 69, 136, 139], "object_presence": 1}, "P744--nike-trainers--clutter--IdJhMiKh3E08MsNlqaqAZGGG6N0ATCq1rohcDiEfVDs-00072.jpg": {"object_bounding_box": [1011, 68, 139, 135], "object_presence": 1}, "P744--nike-trainers--clutter--IdJhMiKh3E08MsNlqaqAZGGG6N0ATCq1rohcDiEfVDs-00073.jpg": {"object_bounding_box": [1010, 66, 139, 132], "object_presence": 1}, "P744--nike-trainers--clutter--IdJhMiKh3E08MsNlqaqAZGGG6N0ATCq1rohcDiEfVDs-00074.jpg": {"object_bounding_box": [1010, 66, 139, 132], "object_presence": 1}, "P744--nike-trainers--clutter--IdJhMiKh3E08MsNlqaqAZGGG6N0ATCq1rohcDiEfVDs-00075.jpg": {"object_bounding_box": [1012, 63, 137, 125], "object_presence": 1}, "P744--nike-trainers--clutter--IdJhMiKh3E08MsNlqaqAZGGG6N0ATCq1rohcDiEfVDs-00076.jpg": {"object_bounding_box": [1012, 62, 136, 124], "object_presence": 1}, "P744--nike-trainers--clutter--IdJhMiKh3E08MsNlqaqAZGGG6N0ATCq1rohcDiEfVDs-00077.jpg": {"object_bounding_box": [1012, 63, 136, 125], "object_presence": 1}, "P744--nike-trainers--clutter--IdJhMiKh3E08MsNlqaqAZGGG6N0ATCq1rohcDiEfVDs-00078.jpg": {"object_bounding_box": [1010, 65, 139, 130], "object_presence": 1}, "P744--nike-trainers--clutter--IdJhMiKh3E08MsNlqaqAZGGG6N0ATCq1rohcDiEfVDs-00079.jpg": {"object_bounding_box": [1008, 69, 144, 137], "object_presence": 1}, "P744--nike-trainers--clutter--IdJhMiKh3E08MsNlqaqAZGGG6N0ATCq1rohcDiEfVDs-00080.jpg": {"object_bounding_box": [1006, 71, 148, 141], "object_presence": 1}, "P744--nike-trainers--clutter--IdJhMiKh3E08MsNlqaqAZGGG6N0ATCq1rohcDiEfVDs-00081.jpg": {"object_bounding_box": [1005, 75, 151, 151], "object_presence": 1}, "P744--nike-trainers--clutter--IdJhMiKh3E08MsNlqaqAZGGG6N0ATCq1rohcDiEfVDs-00082.jpg": {"object_bounding_box": [1002, 76, 157, 152], "object_presence": 1}, "P744--nike-trainers--clutter--IdJhMiKh3E08MsNlqaqAZGGG6N0ATCq1rohcDiEfVDs-00083.jpg": {"object_bounding_box": [1000, 76, 160, 152], "object_presence": 1}, "P744--nike-trainers--clutter--IdJhMiKh3E08MsNlqaqAZGGG6N0ATCq1rohcDiEfVDs-00084.jpg": {"object_bounding_box": [1000, 76, 160, 152], "object_presence": 1}, "P744--nike-trainers--clutter--IdJhMiKh3E08MsNlqaqAZGGG6N0ATCq1rohcDiEfVDs-00085.jpg": {"object_bounding_box": [1000, 76, 160, 152], "object_presence": 1}, "P744--nike-trainers--clutter--IdJhMiKh3E08MsNlqaqAZGGG6N0ATCq1rohcDiEfVDs-00086.jpg": {"object_bounding_box": [1001, 72, 159, 145], "object_presence": 1}, "P744--nike-trainers--clutter--IdJhMiKh3E08MsNlqaqAZGGG6N0ATCq1rohcDiEfVDs-00087.jpg": {"object_bounding_box": [1003, 67, 154, 134], "object_presence": 1}, "P744--nike-trainers--clutter--IdJhMiKh3E08MsNlqaqAZGGG6N0ATCq1rohcDiEfVDs-00088.jpg": {"object_bounding_box": [1004, 64, 150, 128], "object_presence": 1}, "P744--nike-trainers--clutter--IdJhMiKh3E08MsNlqaqAZGGG6N0ATCq1rohcDiEfVDs-00089.jpg": {"object_bounding_box": [1007, 61, 147, 123], "object_presence": 1}, "P744--nike-trainers--clutter--IdJhMiKh3E08MsNlqaqAZGGG6N0ATCq1rohcDiEfVDs-00090.jpg": {"object_bounding_box": [1005, 64, 149, 128], "object_presence": 1}, "P744--nike-trainers--clutter--IdJhMiKh3E08MsNlqaqAZGGG6N0ATCq1rohcDiEfVDs-00091.jpg": {"object_bounding_box": [1004, 64, 153, 128], "object_presence": 1}, "P744--nike-trainers--clutter--IdJhMiKh3E08MsNlqaqAZGGG6N0ATCq1rohcDiEfVDs-00092.jpg": {"object_bounding_box": [1003, 64, 154, 128], "object_presence": 1}, "P744--nike-trainers--clutter--IdJhMiKh3E08MsNlqaqAZGGG6N0ATCq1rohcDiEfVDs-00093.jpg": {"object_bounding_box": [1000, 67, 160, 134], "object_presence": 1}, "P744--nike-trainers--clutter--IdJhMiKh3E08MsNlqaqAZGGG6N0ATCq1rohcDiEfVDs-00094.jpg": {"object_bounding_box": [1000, 70, 160, 140], "object_presence": 1}, "P744--nike-trainers--clutter--IdJhMiKh3E08MsNlqaqAZGGG6N0ATCq1rohcDiEfVDs-00095.jpg": {"object_bounding_box": [1001, 70, 159, 140], "object_presence": 1}, "P744--nike-trainers--clutter--IdJhMiKh3E08MsNlqaqAZGGG6N0ATCq1rohcDiEfVDs-00096.jpg": {"object_bounding_box": [1001, 70, 159, 140], "object_presence": 1}, "P744--nike-trainers--clutter--IdJhMiKh3E08MsNlqaqAZGGG6N0ATCq1rohcDiEfVDs-00097.jpg": {"object_bounding_box": [999, 75, 161, 151], "object_presence": 1}, "P744--nike-trainers--clutter--IdJhMiKh3E08MsNlqaqAZGGG6N0ATCq1rohcDiEfVDs-00098.jpg": {"object_bounding_box": [997, 77, 165, 155], "object_presence": 1}, "P744--nike-trainers--clutter--IdJhMiKh3E08MsNlqaqAZGGG6N0ATCq1rohcDiEfVDs-00099.jpg": {"object_bounding_box": [995, 81, 170, 162], "object_presence": 1}, "P744--nike-trainers--clutter--IdJhMiKh3E08MsNlqaqAZGGG6N0ATCq1rohcDiEfVDs-00100.jpg": {"object_bounding_box": [992, 84, 175, 167], "object_presence": 1}, "P744--nike-trainers--clutter--IdJhMiKh3E08MsNlqaqAZGGG6N0ATCq1rohcDiEfVDs-00101.jpg": {"object_bounding_box": [989, 87, 181, 173], "object_presence": 1}, "P744--nike-trainers--clutter--IdJhMiKh3E08MsNlqaqAZGGG6N0ATCq1rohcDiEfVDs-00102.jpg": {"object_bounding_box": [986, 86, 187, 172], "object_presence": 1}, "P744--nike-trainers--clutter--IdJhMiKh3E08MsNlqaqAZGGG6N0ATCq1rohcDiEfVDs-00103.jpg": {"object_bounding_box": [988, 86, 185, 172], "object_presence": 1}, "P744--nike-trainers--clutter--IdJhMiKh3E08MsNlqaqAZGGG6N0ATCq1rohcDiEfVDs-00104.jpg": {"object_bounding_box": [985, 87, 191, 174], "object_presence": 1}, "P744--nike-trainers--clutter--IdJhMiKh3E08MsNlqaqAZGGG6N0ATCq1rohcDiEfVDs-00105.jpg": {"object_bounding_box": [977, 91, 206, 182], "object_presence": 1}, "P744--nike-trainers--clutter--IdJhMiKh3E08MsNlqaqAZGGG6N0ATCq1rohcDiEfVDs-00106.jpg": {"object_bounding_box": [969, 93, 222, 185], "object_presence": 1}, "P744--nike-trainers--clutter--IdJhMiKh3E08MsNlqaqAZGGG6N0ATCq1rohcDiEfVDs-00107.jpg": {"object_bounding_box": [955, 95, 250, 190], "object_presence": 1}, "P744--nike-trainers--clutter--IdJhMiKh3E08MsNlqaqAZGGG6N0ATCq1rohcDiEfVDs-00108.jpg": {"object_bounding_box": [945, 96, 269, 191], "object_presence": 1}, "P744--nike-trainers--clutter--IdJhMiKh3E08MsNlqaqAZGGG6N0ATCq1rohcDiEfVDs-00109.jpg": {"object_bounding_box": [942, 96, 275, 191], "object_presence": 1}, "P744--nike-trainers--clutter--IdJhMiKh3E08MsNlqaqAZGGG6N0ATCq1rohcDiEfVDs-00110.jpg": {"object_bounding_box": [937, 96, 285, 191], "object_presence": 1}, "P744--nike-trainers--clutter--IdJhMiKh3E08MsNlqaqAZGGG6N0ATCq1rohcDiEfVDs-00111.jpg": {"object_bounding_box": [933, 96, 294, 192], "object_presence": 1}, "P744--nike-trainers--clutter--IdJhMiKh3E08MsNlqaqAZGGG6N0ATCq1rohcDiEfVDs-00112.jpg": {"object_bounding_box": [928, 96, 303, 192], "object_presence": 1}, "P744--nike-trainers--clutter--IdJhMiKh3E08MsNlqaqAZGGG6N0ATCq1rohcDiEfVDs-00113.jpg": {"object_bounding_box": [913, 97, 333, 195], "object_presence": 1}, "P744--nike-trainers--clutter--IdJhMiKh3E08MsNlqaqAZGGG6N0ATCq1rohcDiEfVDs-00114.jpg": {"object_bounding_box": [897, 98, 365, 196], "object_presence": 1}, "P744--nike-trainers--clutter--IdJhMiKh3E08MsNlqaqAZGGG6N0ATCq1rohcDiEfVDs-00115.jpg": {"object_bounding_box": [894, 100, 372, 200], "object_presence": 1}, "P744--nike-trainers--clutter--IdJhMiKh3E08MsNlqaqAZGGG6N0ATCq1rohcDiEfVDs-00116.jpg": {"object_bounding_box": [891, 100, 378, 200], "object_presence": 1}, "P744--nike-trainers--clutter--IdJhMiKh3E08MsNlqaqAZGGG6N0ATCq1rohcDiEfVDs-00117.jpg": {"object_bounding_box": [884, 103, 391, 207], "object_presence": 1}, "P744--nike-trainers--clutter--IdJhMiKh3E08MsNlqaqAZGGG6N0ATCq1rohcDiEfVDs-00118.jpg": {"object_bounding_box": [878, 105, 403, 209], "object_presence": 1}, "P744--nike-trainers--clutter--IdJhMiKh3E08MsNlqaqAZGGG6N0ATCq1rohcDiEfVDs-00119.jpg": {"object_bounding_box": [873, 105, 415, 209], "object_presence": 1}, "P744--nike-trainers--clutter--IdJhMiKh3E08MsNlqaqAZGGG6N0ATCq1rohcDiEfVDs-00120.jpg": {"object_bounding_box": [868, 107, 425, 214], "object_presence": 1}, "P744--nike-trainers--clutter--IdJhMiKh3E08MsNlqaqAZGGG6N0ATCq1rohcDiEfVDs-00121.jpg": {"object_bounding_box": [867, 107, 426, 214], "object_presence": 1}, "P744--nike-trainers--clutter--IdJhMiKh3E08MsNlqaqAZGGG6N0ATCq1rohcDiEfVDs-00122.jpg": {"object_bounding_box": [868, 106, 425, 212], "object_presence": 1}, "P744--nike-trainers--clutter--IdJhMiKh3E08MsNlqaqAZGGG6N0ATCq1rohcDiEfVDs-00123.jpg": {"object_bounding_box": [867, 104, 426, 208], "object_presence": 1}, "P744--nike-trainers--clutter--IdJhMiKh3E08MsNlqaqAZGGG6N0ATCq1rohcDiEfVDs-00124.jpg": {"object_bounding_box": [866, 104, 429, 207], "object_presence": 1}, "P744--nike-trainers--clutter--IdJhMiKh3E08MsNlqaqAZGGG6N0ATCq1rohcDiEfVDs-00125.jpg": {"object_bounding_box": [862, 103, 435, 206], "object_presence": 1}, "P744--nike-trainers--clutter--IdJhMiKh3E08MsNlqaqAZGGG6N0ATCq1rohcDiEfVDs-00126.jpg": {"object_bounding_box": [862, 103, 437, 206], "object_presence": 1}, "P744--nike-trainers--clutter--IdJhMiKh3E08MsNlqaqAZGGG6N0ATCq1rohcDiEfVDs-00127.jpg": {"object_bounding_box": [862, 103, 437, 206], "object_presence": 1}, "P744--nike-trainers--clutter--IdJhMiKh3E08MsNlqaqAZGGG6N0ATCq1rohcDiEfVDs-00128.jpg": {"object_bounding_box": [858, 103, 444, 206], "object_presence": 1}, "P744--nike-trainers--clutter--IdJhMiKh3E08MsNlqaqAZGGG6N0ATCq1rohcDiEfVDs-00129.jpg": {"object_bounding_box": [858, 103, 445, 206], "object_presence": 1}, "P744--nike-trainers--clutter--IdJhMiKh3E08MsNlqaqAZGGG6N0ATCq1rohcDiEfVDs-00130.jpg": {"object_bounding_box": [858, 103, 444, 206], "object_presence": 1}, "P744--nike-trainers--clutter--IdJhMiKh3E08MsNlqaqAZGGG6N0ATCq1rohcDiEfVDs-00131.jpg": {"object_bounding_box": [856, 103, 449, 206], "object_presence": 1}, "P744--nike-trainers--clutter--IdJhMiKh3E08MsNlqaqAZGGG6N0ATCq1rohcDiEfVDs-00132.jpg": {"object_bounding_box": [851, 106, 459, 211], "object_presence": 1}, "P744--nike-trainers--clutter--IdJhMiKh3E08MsNlqaqAZGGG6N0ATCq1rohcDiEfVDs-00133.jpg": {"object_bounding_box": [847, 108, 466, 215], "object_presence": 1}, "P744--nike-trainers--clutter--IdJhMiKh3E08MsNlqaqAZGGG6N0ATCq1rohcDiEfVDs-00134.jpg": {"object_bounding_box": [845, 107, 466, 215], "object_presence": 1}, "P744--nike-trainers--clutter--IdJhMiKh3E08MsNlqaqAZGGG6N0ATCq1rohcDiEfVDs-00135.jpg": {"object_bounding_box": [842, 104, 461, 209], "object_presence": 1}, "P744--nike-trainers--clutter--IdJhMiKh3E08MsNlqaqAZGGG6N0ATCq1rohcDiEfVDs-00136.jpg": {"object_bounding_box": [846, 103, 452, 206], "object_presence": 1}, "P744--nike-trainers--clutter--IdJhMiKh3E08MsNlqaqAZGGG6N0ATCq1rohcDiEfVDs-00137.jpg": {"object_bounding_box": [845, 100, 449, 200], "object_presence": 1}, "P744--nike-trainers--clutter--IdJhMiKh3E08MsNlqaqAZGGG6N0ATCq1rohcDiEfVDs-00138.jpg": {"object_bounding_box": [849, 98, 439, 196], "object_presence": 1}, "P744--nike-trainers--clutter--IdJhMiKh3E08MsNlqaqAZGGG6N0ATCq1rohcDiEfVDs-00139.jpg": {"object_bounding_box": [849, 100, 439, 199], "object_presence": 1}, "P744--nike-trainers--clutter--IdJhMiKh3E08MsNlqaqAZGGG6N0ATCq1rohcDiEfVDs-00140.jpg": {"object_bounding_box": [849, 103, 439, 205], "object_presence": 1}, "P744--nike-trainers--clutter--IdJhMiKh3E08MsNlqaqAZGGG6N0ATCq1rohcDiEfVDs-00141.jpg": {"object_bounding_box": [846, 105, 446, 210], "object_presence": 1}, "P744--nike-trainers--clutter--IdJhMiKh3E08MsNlqaqAZGGG6N0ATCq1rohcDiEfVDs-00142.jpg": {"object_bounding_box": [840, 108, 450, 216], "object_presence": 1}, "P744--nike-trainers--clutter--IdJhMiKh3E08MsNlqaqAZGGG6N0ATCq1rohcDiEfVDs-00143.jpg": {"object_bounding_box": [834, 114, 455, 229], "object_presence": 1}, "P744--nike-trainers--clutter--IdJhMiKh3E08MsNlqaqAZGGG6N0ATCq1rohcDiEfVDs-00144.jpg": {"object_bounding_box": [836, 121, 462, 242], "object_presence": 1}, "P744--nike-trainers--clutter--IdJhMiKh3E08MsNlqaqAZGGG6N0ATCq1rohcDiEfVDs-00145.jpg": {"object_bounding_box": [838, 127, 471, 254], "object_presence": 1}, "P744--nike-trainers--clutter--IdJhMiKh3E08MsNlqaqAZGGG6N0ATCq1rohcDiEfVDs-00146.jpg": {"object_bounding_box": [831, 130, 472, 260], "object_presence": 1}, "P744--nike-trainers--clutter--IdJhMiKh3E08MsNlqaqAZGGG6N0ATCq1rohcDiEfVDs-00147.jpg": {"object_bounding_box": [828, 135, 473, 270], "object_presence": 1}, "P744--nike-trainers--clutter--IdJhMiKh3E08MsNlqaqAZGGG6N0ATCq1rohcDiEfVDs-00148.jpg": {"object_bounding_box": [827, 139, 475, 278], "object_presence": 1}, "P744--nike-trainers--clutter--IdJhMiKh3E08MsNlqaqAZGGG6N0ATCq1rohcDiEfVDs-00149.jpg": {"object_bounding_box": [822, 144, 475, 289], "object_presence": 1}, "P744--nike-trainers--clutter--IdJhMiKh3E08MsNlqaqAZGGG6N0ATCq1rohcDiEfVDs-00150.jpg": {"object_bounding_box": [819, 148, 474, 295], "object_presence": 1}, "P744--nike-trainers--clutter--IdJhMiKh3E08MsNlqaqAZGGG6N0ATCq1rohcDiEfVDs-00151.jpg": {"object_bounding_box": [817, 149, 472, 297], "object_presence": 1}, "P744--nike-trainers--clutter--IdJhMiKh3E08MsNlqaqAZGGG6N0ATCq1rohcDiEfVDs-00152.jpg": {"object_bounding_box": [814, 150, 474, 301], "object_presence": 1}, "P744--nike-trainers--clutter--IdJhMiKh3E08MsNlqaqAZGGG6N0ATCq1rohcDiEfVDs-00153.jpg": {"object_bounding_box": [811, 155, 471, 310], "object_presence": 1}, "P744--nike-trainers--clutter--IdJhMiKh3E08MsNlqaqAZGGG6N0ATCq1rohcDiEfVDs-00154.jpg": {"object_bounding_box": [812, 158, 469, 315], "object_presence": 1}, "P744--nike-trainers--clutter--IdJhMiKh3E08MsNlqaqAZGGG6N0ATCq1rohcDiEfVDs-00155.jpg": {"object_bounding_box": [809, 158, 465, 316], "object_presence": 1}, "P744--nike-trainers--clutter--IdJhMiKh3E08MsNlqaqAZGGG6N0ATCq1rohcDiEfVDs-00156.jpg": {"object_bounding_box": [803, 158, 462, 317], "object_presence": 1}, "P744--nike-trainers--clutter--IdJhMiKh3E08MsNlqaqAZGGG6N0ATCq1rohcDiEfVDs-00157.jpg": {"object_bounding_box": [800, 162, 459, 324], "object_presence": 1}, "P744--nike-trainers--clutter--IdJhMiKh3E08MsNlqaqAZGGG6N0ATCq1rohcDiEfVDs-00158.jpg": {"object_bounding_box": [799, 164, 458, 328], "object_presence": 1}, "P744--nike-trainers--clutter--IdJhMiKh3E08MsNlqaqAZGGG6N0ATCq1rohcDiEfVDs-00159.jpg": {"object_bounding_box": [796, 164, 451, 328], "object_presence": 1}, "P744--nike-trainers--clutter--IdJhMiKh3E08MsNlqaqAZGGG6N0ATCq1rohcDiEfVDs-00160.jpg": {"object_bounding_box": [792, 162, 448, 324], "object_presence": 1}, "P744--nike-trainers--clutter--IdJhMiKh3E08MsNlqaqAZGGG6N0ATCq1rohcDiEfVDs-00161.jpg": {"object_bounding_box": [792, 162, 448, 324], "object_presence": 1}, "P744--nike-trainers--clutter--IdJhMiKh3E08MsNlqaqAZGGG6N0ATCq1rohcDiEfVDs-00162.jpg": {"object_bounding_box": [793, 164, 448, 327], "object_presence": 1}, "P744--nike-trainers--clutter--IdJhMiKh3E08MsNlqaqAZGGG6N0ATCq1rohcDiEfVDs-00163.jpg": {"object_bounding_box": [796, 164, 442, 327], "object_presence": 1}, "P744--nike-trainers--clutter--IdJhMiKh3E08MsNlqaqAZGGG6N0ATCq1rohcDiEfVDs-00164.jpg": {"object_bounding_box": [800, 161, 444, 322], "object_presence": 1}, "P744--nike-trainers--clutter--IdJhMiKh3E08MsNlqaqAZGGG6N0ATCq1rohcDiEfVDs-00165.jpg": {"object_bounding_box": [807, 158, 442, 317], "object_presence": 1}, "P744--nike-trainers--clutter--IdJhMiKh3E08MsNlqaqAZGGG6N0ATCq1rohcDiEfVDs-00166.jpg": {"object_bounding_box": [821, 156, 443, 312], "object_presence": 1}, "P744--nike-trainers--clutter--IdJhMiKh3E08MsNlqaqAZGGG6N0ATCq1rohcDiEfVDs-00167.jpg": {"object_bounding_box": [830, 152, 442, 304], "object_presence": 1}, "P744--nike-trainers--clutter--IdJhMiKh3E08MsNlqaqAZGGG6N0ATCq1rohcDiEfVDs-00168.jpg": {"object_bounding_box": [835, 152, 443, 304], "object_presence": 1}, "P744--nike-trainers--clutter--IdJhMiKh3E08MsNlqaqAZGGG6N0ATCq1rohcDiEfVDs-00169.jpg": {"object_bounding_box": [840, 154, 441, 307], "object_presence": 1}, "P744--nike-trainers--clutter--IdJhMiKh3E08MsNlqaqAZGGG6N0ATCq1rohcDiEfVDs-00170.jpg": {"object_bounding_box": [846, 154, 443, 308], "object_presence": 1}, "P744--nike-trainers--clutter--IdJhMiKh3E08MsNlqaqAZGGG6N0ATCq1rohcDiEfVDs-00171.jpg": {"object_bounding_box": [848, 156, 440, 312], "object_presence": 1}, "P744--nike-trainers--clutter--IdJhMiKh3E08MsNlqaqAZGGG6N0ATCq1rohcDiEfVDs-00172.jpg": {"object_bounding_box": [851, 157, 438, 314], "object_presence": 1}, "P744--nike-trainers--clutter--IdJhMiKh3E08MsNlqaqAZGGG6N0ATCq1rohcDiEfVDs-00173.jpg": {"object_bounding_box": [850, 158, 437, 316], "object_presence": 1}, "P744--nike-trainers--clutter--IdJhMiKh3E08MsNlqaqAZGGG6N0ATCq1rohcDiEfVDs-00174.jpg": {"object_bounding_box": [849, 158, 435, 316], "object_presence": 1}, "P744--nike-trainers--clutter--IdJhMiKh3E08MsNlqaqAZGGG6N0ATCq1rohcDiEfVDs-00175.jpg": {"object_bounding_box": [843, 160, 432, 320], "object_presence": 1}, "P744--nike-trainers--clutter--IdJhMiKh3E08MsNlqaqAZGGG6N0ATCq1rohcDiEfVDs-00176.jpg": {"object_bounding_box": [840, 162, 433, 325], "object_presence": 1}, "P744--nike-trainers--clutter--IdJhMiKh3E08MsNlqaqAZGGG6N0ATCq1rohcDiEfVDs-00177.jpg": {"object_bounding_box": [834, 164, 427, 328], "object_presence": 1}, "P744--nike-trainers--clutter--IdJhMiKh3E08MsNlqaqAZGGG6N0ATCq1rohcDiEfVDs-00178.jpg": {"object_bounding_box": [829, 165, 428, 330], "object_presence": 1}, "P744--nike-trainers--clutter--IdJhMiKh3E08MsNlqaqAZGGG6N0ATCq1rohcDiEfVDs-00179.jpg": {"object_bounding_box": [827, 168, 425, 337], "object_presence": 1}, "P744--nike-trainers--clutter--IdJhMiKh3E08MsNlqaqAZGGG6N0ATCq1rohcDiEfVDs-00180.jpg": {"object_bounding_box": [825, 170, 420, 340], "object_presence": 1}, "P744--nike-trainers--clutter--IdJhMiKh3E08MsNlqaqAZGGG6N0ATCq1rohcDiEfVDs-00181.jpg": {"object_bounding_box": [824, 171, 418, 343], "object_presence": 1}, "P744--nike-trainers--clutter--IdJhMiKh3E08MsNlqaqAZGGG6N0ATCq1rohcDiEfVDs-00182.jpg": {"object_bounding_box": [823, 174, 416, 347], "object_presence": 1}, "P744--nike-trainers--clutter--IdJhMiKh3E08MsNlqaqAZGGG6N0ATCq1rohcDiEfVDs-00183.jpg": {"object_bounding_box": [823, 174, 416, 348], "object_presence": 1}, "P744--nike-trainers--clutter--IdJhMiKh3E08MsNlqaqAZGGG6N0ATCq1rohcDiEfVDs-00184.jpg": {"object_bounding_box": [820, 174, 411, 348], "object_presence": 1}, "P744--nike-trainers--clutter--IdJhMiKh3E08MsNlqaqAZGGG6N0ATCq1rohcDiEfVDs-00185.jpg": {"object_bounding_box": [820, 174, 411, 348], "object_presence": 1}, "P744--nike-trainers--clutter--IdJhMiKh3E08MsNlqaqAZGGG6N0ATCq1rohcDiEfVDs-00186.jpg": {"object_bounding_box": [821, 174, 412, 348], "object_presence": 1}, "P744--nike-trainers--clutter--IdJhMiKh3E08MsNlqaqAZGGG6N0ATCq1rohcDiEfVDs-00187.jpg": {"object_bounding_box": [821, 173, 413, 346], "object_presence": 1}, "P744--nike-trainers--clutter--IdJhMiKh3E08MsNlqaqAZGGG6N0ATCq1rohcDiEfVDs-00188.jpg": {"object_bounding_box": [823, 173, 409, 346], "object_presence": 1}, "P744--nike-trainers--clutter--IdJhMiKh3E08MsNlqaqAZGGG6N0ATCq1rohcDiEfVDs-00189.jpg": {"object_bounding_box": [823, 175, 409, 350], "object_presence": 1}, "P744--nike-trainers--clutter--IdJhMiKh3E08MsNlqaqAZGGG6N0ATCq1rohcDiEfVDs-00190.jpg": {"object_bounding_box": [824, 176, 405, 350], "object_presence": 1}, "P744--nike-trainers--clutter--IdJhMiKh3E08MsNlqaqAZGGG6N0ATCq1rohcDiEfVDs-00191.jpg": {"object_bounding_box": [821, 178, 406, 351], "object_presence": 1}, "P744--nike-trainers--clutter--IdJhMiKh3E08MsNlqaqAZGGG6N0ATCq1rohcDiEfVDs-00192.jpg": {"object_bounding_box": [821, 184, 402, 347], "object_presence": 1}, "P744--nike-trainers--clutter--IdJhMiKh3E08MsNlqaqAZGGG6N0ATCq1rohcDiEfVDs-00193.jpg": {"object_bounding_box": [820, 188, 402, 347], "object_presence": 1}, "P744--nike-trainers--clutter--IdJhMiKh3E08MsNlqaqAZGGG6N0ATCq1rohcDiEfVDs-00194.jpg": {"object_bounding_box": [823, 194, 396, 345], "object_presence": 1}, "P744--nike-trainers--clutter--IdJhMiKh3E08MsNlqaqAZGGG6N0ATCq1rohcDiEfVDs-00195.jpg": {"object_bounding_box": [821, 199, 396, 343], "object_presence": 1}, "P744--nike-trainers--clutter--IdJhMiKh3E08MsNlqaqAZGGG6N0ATCq1rohcDiEfVDs-00196.jpg": {"object_bounding_box": [822, 204, 394, 341], "object_presence": 1}, "P744--nike-trainers--clutter--IdJhMiKh3E08MsNlqaqAZGGG6N0ATCq1rohcDiEfVDs-00197.jpg": {"object_bounding_box": [823, 212, 393, 339], "object_presence": 1}, "P744--nike-trainers--clutter--IdJhMiKh3E08MsNlqaqAZGGG6N0ATCq1rohcDiEfVDs-00198.jpg": {"object_bounding_box": [820, 217, 392, 338], "object_presence": 1}, "P744--nike-trainers--clutter--IdJhMiKh3E08MsNlqaqAZGGG6N0ATCq1rohcDiEfVDs-00199.jpg": {"object_bounding_box": [818, 223, 391, 336], "object_presence": 1}, "P744--nike-trainers--clutter--IdJhMiKh3E08MsNlqaqAZGGG6N0ATCq1rohcDiEfVDs-00200.jpg": {"object_bounding_box": [818, 231, 387, 336], "object_presence": 1}, "P744--nike-trainers--clutter--IdJhMiKh3E08MsNlqaqAZGGG6N0ATCq1rohcDiEfVDs-00201.jpg": {"object_bounding_box": [816, 236, 387, 334], "object_presence": 1}, "P744--nike-trainers--clutter--IdJhMiKh3E08MsNlqaqAZGGG6N0ATCq1rohcDiEfVDs-00202.jpg": {"object_bounding_box": [812, 245, 382, 334], "object_presence": 1}, "P744--nike-trainers--clutter--IdJhMiKh3E08MsNlqaqAZGGG6N0ATCq1rohcDiEfVDs-00203.jpg": {"object_bounding_box": [812, 252, 379, 331], "object_presence": 1}, "P744--nike-trainers--clutter--IdJhMiKh3E08MsNlqaqAZGGG6N0ATCq1rohcDiEfVDs-00204.jpg": {"object_bounding_box": [812, 256, 380, 332], "object_presence": 1}, "P744--nike-trainers--clutter--IdJhMiKh3E08MsNlqaqAZGGG6N0ATCq1rohcDiEfVDs-00205.jpg": {"object_bounding_box": [811, 260, 377, 328], "object_presence": 1}, "P744--nike-trainers--clutter--IdJhMiKh3E08MsNlqaqAZGGG6N0ATCq1rohcDiEfVDs-00206.jpg": {"object_bounding_box": [813, 262, 376, 329], "object_presence": 1}, "P744--nike-trainers--clutter--IdJhMiKh3E08MsNlqaqAZGGG6N0ATCq1rohcDiEfVDs-00207.jpg": {"object_bounding_box": [817, 264, 377, 328], "object_presence": 1}, "P744--nike-trainers--clutter--IdJhMiKh3E08MsNlqaqAZGGG6N0ATCq1rohcDiEfVDs-00208.jpg": {"object_bounding_box": [821, 265, 376, 327], "object_presence": 1}, "P744--nike-trainers--clutter--IdJhMiKh3E08MsNlqaqAZGGG6N0ATCq1rohcDiEfVDs-00209.jpg": {"object_bounding_box": [821, 270, 373, 325], "object_presence": 1}, "P744--nike-trainers--clutter--IdJhMiKh3E08MsNlqaqAZGGG6N0ATCq1rohcDiEfVDs-00210.jpg": {"object_bounding_box": [819, 273, 371, 326], "object_presence": 1}, "P744--nike-trainers--clutter--IdJhMiKh3E08MsNlqaqAZGGG6N0ATCq1rohcDiEfVDs-00211.jpg": {"object_bounding_box": [817, 280, 370, 323], "object_presence": 1}, "P744--nike-trainers--clutter--IdJhMiKh3E08MsNlqaqAZGGG6N0ATCq1rohcDiEfVDs-00212.jpg": {"object_bounding_box": [816, 284, 373, 323], "object_presence": 1}, "P744--nike-trainers--clutter--IdJhMiKh3E08MsNlqaqAZGGG6N0ATCq1rohcDiEfVDs-00213.jpg": {"object_bounding_box": [808, 288, 367, 320], "object_presence": 1}, "P744--nike-trainers--clutter--IdJhMiKh3E08MsNlqaqAZGGG6N0ATCq1rohcDiEfVDs-00214.jpg": {"object_bounding_box": [801, 293, 366, 317], "object_presence": 1}, "P744--nike-trainers--clutter--IdJhMiKh3E08MsNlqaqAZGGG6N0ATCq1rohcDiEfVDs-00215.jpg": {"object_bounding_box": [796, 298, 366, 318], "object_presence": 1}, "P744--nike-trainers--clutter--IdJhMiKh3E08MsNlqaqAZGGG6N0ATCq1rohcDiEfVDs-00216.jpg": {"object_bounding_box": [794, 304, 363, 313], "object_presence": 1}, "P744--nike-trainers--clutter--IdJhMiKh3E08MsNlqaqAZGGG6N0ATCq1rohcDiEfVDs-00217.jpg": {"object_bounding_box": [790, 307, 360, 313], "object_presence": 1}, "P744--nike-trainers--clutter--IdJhMiKh3E08MsNlqaqAZGGG6N0ATCq1rohcDiEfVDs-00218.jpg": {"object_bounding_box": [785, 309, 358, 310], "object_presence": 1}, "P744--nike-trainers--clutter--IdJhMiKh3E08MsNlqaqAZGGG6N0ATCq1rohcDiEfVDs-00219.jpg": {"object_bounding_box": [783, 311, 356, 308], "object_presence": 1}, "P744--nike-trainers--clutter--IdJhMiKh3E08MsNlqaqAZGGG6N0ATCq1rohcDiEfVDs-00220.jpg": {"object_bounding_box": [780, 311, 356, 309], "object_presence": 1}, "P744--nike-trainers--clutter--IdJhMiKh3E08MsNlqaqAZGGG6N0ATCq1rohcDiEfVDs-00221.jpg": {"object_bounding_box": [774, 308, 355, 309], "object_presence": 1}, "P744--nike-trainers--clutter--IdJhMiKh3E08MsNlqaqAZGGG6N0ATCq1rohcDiEfVDs-00222.jpg": {"object_bounding_box": [776, 306, 355, 308], "object_presence": 1}, "P744--nike-trainers--clutter--IdJhMiKh3E08MsNlqaqAZGGG6N0ATCq1rohcDiEfVDs-00223.jpg": {"object_bounding_box": [776, 308, 356, 307], "object_presence": 1}, "P744--nike-trainers--clutter--IdJhMiKh3E08MsNlqaqAZGGG6N0ATCq1rohcDiEfVDs-00224.jpg": {"object_bounding_box": [776, 309, 351, 303], "object_presence": 1}, "P744--nike-trainers--clutter--IdJhMiKh3E08MsNlqaqAZGGG6N0ATCq1rohcDiEfVDs-00225.jpg": {"object_bounding_box": [774, 309, 352, 303], "object_presence": 1}, "P744--nike-trainers--clutter--IdJhMiKh3E08MsNlqaqAZGGG6N0ATCq1rohcDiEfVDs-00226.jpg": {"object_bounding_box": [770, 313, 350, 304], "object_presence": 1}, "P744--nike-trainers--clutter--IdJhMiKh3E08MsNlqaqAZGGG6N0ATCq1rohcDiEfVDs-00227.jpg": {"object_bounding_box": [769, 315, 349, 303], "object_presence": 1}, "P744--nike-trainers--clutter--IdJhMiKh3E08MsNlqaqAZGGG6N0ATCq1rohcDiEfVDs-00228.jpg": {"object_bounding_box": [771, 319, 347, 301], "object_presence": 1}, "P744--nike-trainers--clutter--IdJhMiKh3E08MsNlqaqAZGGG6N0ATCq1rohcDiEfVDs-00229.jpg": {"object_bounding_box": [768, 320, 349, 301], "object_presence": 1}, "P744--nike-trainers--clutter--IdJhMiKh3E08MsNlqaqAZGGG6N0ATCq1rohcDiEfVDs-00230.jpg": {"object_bounding_box": [767, 321, 348, 297], "object_presence": 1}, "P744--nike-trainers--clutter--IdJhMiKh3E08MsNlqaqAZGGG6N0ATCq1rohcDiEfVDs-00231.jpg": {"object_bounding_box": [767, 324, 345, 299], "object_presence": 1}, "P744--nike-trainers--clutter--IdJhMiKh3E08MsNlqaqAZGGG6N0ATCq1rohcDiEfVDs-00232.jpg": {"object_bounding_box": [769, 328, 345, 298], "object_presence": 1}, "P744--nike-trainers--clutter--IdJhMiKh3E08MsNlqaqAZGGG6N0ATCq1rohcDiEfVDs-00233.jpg": {"object_bounding_box": [766, 333, 343, 298], "object_presence": 1}, "P744--nike-trainers--clutter--IdJhMiKh3E08MsNlqaqAZGGG6N0ATCq1rohcDiEfVDs-00234.jpg": {"object_bounding_box": [766, 336, 342, 297], "object_presence": 1}, "P744--nike-trainers--clutter--IdJhMiKh3E08MsNlqaqAZGGG6N0ATCq1rohcDiEfVDs-00235.jpg": {"object_bounding_box": [764, 338, 339, 295], "object_presence": 1}, "P744--nike-trainers--clutter--IdJhMiKh3E08MsNlqaqAZGGG6N0ATCq1rohcDiEfVDs-00236.jpg": {"object_bounding_box": [764, 339, 341, 297], "object_presence": 1}, "P744--nike-trainers--clutter--IdJhMiKh3E08MsNlqaqAZGGG6N0ATCq1rohcDiEfVDs-00237.jpg": {"object_bounding_box": [766, 343, 340, 294], "object_presence": 1}, "P744--nike-trainers--clutter--IdJhMiKh3E08MsNlqaqAZGGG6N0ATCq1rohcDiEfVDs-00238.jpg": {"object_bounding_box": [764, 345, 340, 294], "object_presence": 1}, "P744--nike-trainers--clutter--IdJhMiKh3E08MsNlqaqAZGGG6N0ATCq1rohcDiEfVDs-00239.jpg": {"object_bounding_box": [762, 349, 337, 295], "object_presence": 1}, "P744--nike-trainers--clutter--IdJhMiKh3E08MsNlqaqAZGGG6N0ATCq1rohcDiEfVDs-00240.jpg": {"object_bounding_box": [763, 353, 337, 293], "object_presence": 1}, "P744--nike-trainers--clutter--IdJhMiKh3E08MsNlqaqAZGGG6N0ATCq1rohcDiEfVDs-00241.jpg": {"object_bounding_box": [762, 353, 336, 291], "object_presence": 1}, "P744--nike-trainers--clutter--IdJhMiKh3E08MsNlqaqAZGGG6N0ATCq1rohcDiEfVDs-00242.jpg": {"object_bounding_box": [759, 354, 338, 291], "object_presence": 1}, "P744--nike-trainers--clutter--IdJhMiKh3E08MsNlqaqAZGGG6N0ATCq1rohcDiEfVDs-00243.jpg": {"object_bounding_box": [754, 353, 335, 291], "object_presence": 1}, "P744--nike-trainers--clutter--IdJhMiKh3E08MsNlqaqAZGGG6N0ATCq1rohcDiEfVDs-00244.jpg": {"object_bounding_box": [745, 353, 334, 291], "object_presence": 1}, "P744--nike-trainers--clutter--IdJhMiKh3E08MsNlqaqAZGGG6N0ATCq1rohcDiEfVDs-00245.jpg": {"object_bounding_box": [742, 358, 331, 290], "object_presence": 1}, "P744--nike-trainers--clutter--IdJhMiKh3E08MsNlqaqAZGGG6N0ATCq1rohcDiEfVDs-00246.jpg": {"object_bounding_box": [737, 361, 331, 289], "object_presence": 1}, "P744--nike-trainers--clutter--IdJhMiKh3E08MsNlqaqAZGGG6N0ATCq1rohcDiEfVDs-00247.jpg": {"object_bounding_box": [734, 360, 326, 291], "object_presence": 1}, "P744--nike-trainers--clutter--IdJhMiKh3E08MsNlqaqAZGGG6N0ATCq1rohcDiEfVDs-00248.jpg": {"object_bounding_box": [735, 363, 329, 289], "object_presence": 1}, "P744--nike-trainers--clutter--IdJhMiKh3E08MsNlqaqAZGGG6N0ATCq1rohcDiEfVDs-00249.jpg": {"object_bounding_box": [739, 365, 327, 289], "object_presence": 1}, "P744--nike-trainers--clutter--IdJhMiKh3E08MsNlqaqAZGGG6N0ATCq1rohcDiEfVDs-00250.jpg": {"object_bounding_box": [740, 368, 326, 287], "object_presence": 1}, "P744--nike-trainers--clutter--IdJhMiKh3E08MsNlqaqAZGGG6N0ATCq1rohcDiEfVDs-00251.jpg": {"object_bounding_box": [740, 370, 325, 287], "object_presence": 1}, "P744--nike-trainers--clutter--IdJhMiKh3E08MsNlqaqAZGGG6N0ATCq1rohcDiEfVDs-00252.jpg": {"object_bounding_box": [745, 371, 325, 285], "object_presence": 1}, "P744--nike-trainers--clutter--IdJhMiKh3E08MsNlqaqAZGGG6N0ATCq1rohcDiEfVDs-00253.jpg": {"object_bounding_box": [745, 375, 327, 283], "object_presence": 1}, "P744--nike-trainers--clutter--IdJhMiKh3E08MsNlqaqAZGGG6N0ATCq1rohcDiEfVDs-00254.jpg": {"object_bounding_box": [747, 376, 325, 281], "object_presence": 1}, "P744--nike-trainers--clutter--IdJhMiKh3E08MsNlqaqAZGGG6N0ATCq1rohcDiEfVDs-00255.jpg": {"object_bounding_box": [750, 379, 325, 287], "object_presence": 1}, "P744--nike-trainers--clutter--IdJhMiKh3E08MsNlqaqAZGGG6N0ATCq1rohcDiEfVDs-00256.jpg": {"object_bounding_box": [752, 382, 324, 285], "object_presence": 1}, "P744--nike-trainers--clutter--IdJhMiKh3E08MsNlqaqAZGGG6N0ATCq1rohcDiEfVDs-00257.jpg": {"object_bounding_box": [757, 384, 323, 282], "object_presence": 1}, "P744--nike-trainers--clutter--IdJhMiKh3E08MsNlqaqAZGGG6N0ATCq1rohcDiEfVDs-00258.jpg": {"object_bounding_box": [760, 383, 323, 283], "object_presence": 1}, "P744--nike-trainers--clutter--IdJhMiKh3E08MsNlqaqAZGGG6N0ATCq1rohcDiEfVDs-00259.jpg": {"object_bounding_box": [759, 383, 321, 282], "object_presence": 1}, "P744--nike-trainers--clutter--IdJhMiKh3E08MsNlqaqAZGGG6N0ATCq1rohcDiEfVDs-00260.jpg": {"object_bounding_box": [757, 384, 322, 283], "object_presence": 1}, "P744--nike-trainers--clutter--IdJhMiKh3E08MsNlqaqAZGGG6N0ATCq1rohcDiEfVDs-00261.jpg": {"object_bounding_box": [759, 383, 322, 279], "object_presence": 1}, "P744--nike-trainers--clutter--IdJhMiKh3E08MsNlqaqAZGGG6N0ATCq1rohcDiEfVDs-00262.jpg": {"object_bounding_box": [756, 381, 321, 281], "object_presence": 1}, "P744--nike-trainers--clutter--IdJhMiKh3E08MsNlqaqAZGGG6N0ATCq1rohcDiEfVDs-00263.jpg": {"object_bounding_box": [759, 383, 321, 276], "object_presence": 1}, "P744--nike-trainers--clutter--IdJhMiKh3E08MsNlqaqAZGGG6N0ATCq1rohcDiEfVDs-00264.jpg": {"object_bounding_box": [758, 385, 321, 280], "object_presence": 1}, "P744--nike-trainers--clutter--IdJhMiKh3E08MsNlqaqAZGGG6N0ATCq1rohcDiEfVDs-00265.jpg": {"object_bounding_box": [754, 385, 320, 280], "object_presence": 1}, "P744--nike-trainers--clutter--IdJhMiKh3E08MsNlqaqAZGGG6N0ATCq1rohcDiEfVDs-00266.jpg": {"object_bounding_box": [751, 387, 317, 276], "object_presence": 1}, "P744--nike-trainers--clutter--IdJhMiKh3E08MsNlqaqAZGGG6N0ATCq1rohcDiEfVDs-00267.jpg": {"object_bounding_box": [747, 390, 319, 274], "object_presence": 1}, "P744--nike-trainers--clutter--IdJhMiKh3E08MsNlqaqAZGGG6N0ATCq1rohcDiEfVDs-00268.jpg": {"object_bounding_box": [744, 392, 316, 274], "object_presence": 1}, "P744--nike-trainers--clutter--IdJhMiKh3E08MsNlqaqAZGGG6N0ATCq1rohcDiEfVDs-00269.jpg": {"object_bounding_box": [742, 394, 315, 276], "object_presence": 1}, "P744--nike-trainers--clutter--IdJhMiKh3E08MsNlqaqAZGGG6N0ATCq1rohcDiEfVDs-00270.jpg": {"object_bounding_box": [735, 394, 315, 273], "object_presence": 1}, "P744--nike-trainers--clutter--IdJhMiKh3E08MsNlqaqAZGGG6N0ATCq1rohcDiEfVDs-00271.jpg": {"object_bounding_box": [737, 399, 314, 273], "object_presence": 1}, "P744--nike-trainers--clutter--IdJhMiKh3E08MsNlqaqAZGGG6N0ATCq1rohcDiEfVDs-00272.jpg": {"object_bounding_box": [737, 404, 317, 271], "object_presence": 1}, "P744--nike-trainers--clutter--IdJhMiKh3E08MsNlqaqAZGGG6N0ATCq1rohcDiEfVDs-00273.jpg": {"object_bounding_box": [735, 407, 312, 268], "object_presence": 1}, "P744--nike-trainers--clutter--IdJhMiKh3E08MsNlqaqAZGGG6N0ATCq1rohcDiEfVDs-00274.jpg": {"object_bounding_box": [738, 409, 316, 267], "object_presence": 1}, "P744--nike-trainers--clutter--IdJhMiKh3E08MsNlqaqAZGGG6N0ATCq1rohcDiEfVDs-00275.jpg": {"object_bounding_box": [736, 410, 312, 267], "object_presence": 1}, "P744--nike-trainers--clutter--IdJhMiKh3E08MsNlqaqAZGGG6N0ATCq1rohcDiEfVDs-00276.jpg": {"object_bounding_box": [737, 412, 311, 266], "object_presence": 1}, "P744--nike-trainers--clutter--IdJhMiKh3E08MsNlqaqAZGGG6N0ATCq1rohcDiEfVDs-00277.jpg": {"object_bounding_box": [740, 416, 315, 265], "object_presence": 1}, "P744--nike-trainers--clutter--IdJhMiKh3E08MsNlqaqAZGGG6N0ATCq1rohcDiEfVDs-00278.jpg": {"object_bounding_box": [740, 419, 313, 264], "object_presence": 1}, "P744--nike-trainers--clutter--IdJhMiKh3E08MsNlqaqAZGGG6N0ATCq1rohcDiEfVDs-00279.jpg": {"object_bounding_box": [747, 422, 311, 265], "object_presence": 1}, "P744--nike-trainers--clutter--IdJhMiKh3E08MsNlqaqAZGGG6N0ATCq1rohcDiEfVDs-00280.jpg": {"object_bounding_box": [746, 429, 310, 263], "object_presence": 1}, "P744--nike-trainers--clutter--IdJhMiKh3E08MsNlqaqAZGGG6N0ATCq1rohcDiEfVDs-00281.jpg": {"object_bounding_box": [744, 431, 308, 262], "object_presence": 1}, "P744--nike-trainers--clutter--IdJhMiKh3E08MsNlqaqAZGGG6N0ATCq1rohcDiEfVDs-00282.jpg": {"object_bounding_box": [748, 436, 308, 261], "object_presence": 1}, "P744--nike-trainers--clutter--IdJhMiKh3E08MsNlqaqAZGGG6N0ATCq1rohcDiEfVDs-00283.jpg": {"object_bounding_box": [747, 437, 309, 261], "object_presence": 1}, "P744--nike-trainers--clutter--IdJhMiKh3E08MsNlqaqAZGGG6N0ATCq1rohcDiEfVDs-00284.jpg": {"object_bounding_box": [745, 440, 307, 259], "object_presence": 1}, "P744--nike-trainers--clutter--IdJhMiKh3E08MsNlqaqAZGGG6N0ATCq1rohcDiEfVDs-00285.jpg": {"object_bounding_box": [743, 444, 303, 256], "object_presence": 1}, "P744--nike-trainers--clutter--IdJhMiKh3E08MsNlqaqAZGGG6N0ATCq1rohcDiEfVDs-00286.jpg": {"object_bounding_box": [742, 447, 303, 258], "object_presence": 1}, "P744--nike-trainers--clutter--IdJhMiKh3E08MsNlqaqAZGGG6N0ATCq1rohcDiEfVDs-00287.jpg": {"object_bounding_box": [741, 447, 306, 255], "object_presence": 1}, "P744--nike-trainers--clutter--IdJhMiKh3E08MsNlqaqAZGGG6N0ATCq1rohcDiEfVDs-00288.jpg": {"object_bounding_box": [742, 450, 303, 255], "object_presence": 1}, "P744--nike-trainers--clutter--IdJhMiKh3E08MsNlqaqAZGGG6N0ATCq1rohcDiEfVDs-00289.jpg": {"object_bounding_box": [742, 453, 303, 256], "object_presence": 1}, "P744--nike-trainers--clutter--IdJhMiKh3E08MsNlqaqAZGGG6N0ATCq1rohcDiEfVDs-00290.jpg": {"object_bounding_box": [743, 453, 305, 258], "object_presence": 1}, "P744--nike-trainers--clutter--IdJhMiKh3E08MsNlqaqAZGGG6N0ATCq1rohcDiEfVDs-00291.jpg": {"object_bounding_box": [742, 451, 304, 258], "object_presence": 1}, "P744--nike-trainers--clutter--IdJhMiKh3E08MsNlqaqAZGGG6N0ATCq1rohcDiEfVDs-00292.jpg": {"object_bounding_box": [743, 452, 305, 257], "object_presence": 1}, "P744--nike-trainers--clutter--IdJhMiKh3E08MsNlqaqAZGGG6N0ATCq1rohcDiEfVDs-00293.jpg": {"object_bounding_box": [741, 454, 301, 254], "object_presence": 1}, "P744--nike-trainers--clutter--IdJhMiKh3E08MsNlqaqAZGGG6N0ATCq1rohcDiEfVDs-00294.jpg": {"object_bounding_box": [742, 455, 302, 256], "object_presence": 1}, "P744--nike-trainers--clutter--IdJhMiKh3E08MsNlqaqAZGGG6N0ATCq1rohcDiEfVDs-00295.jpg": {"object_bounding_box": [737, 457, 305, 253], "object_presence": 1}, "P744--nike-trainers--clutter--IdJhMiKh3E08MsNlqaqAZGGG6N0ATCq1rohcDiEfVDs-00296.jpg": {"object_bounding_box": [735, 457, 299, 252], "object_presence": 1}, "P744--nike-trainers--clutter--IdJhMiKh3E08MsNlqaqAZGGG6N0ATCq1rohcDiEfVDs-00297.jpg": {"object_bounding_box": [735, 455, 302, 253], "object_presence": 1}, "P744--nike-trainers--clutter--IdJhMiKh3E08MsNlqaqAZGGG6N0ATCq1rohcDiEfVDs-00298.jpg": {"object_bounding_box": [734, 451, 302, 253], "object_presence": 1}, "P744--nike-trainers--clutter--IdJhMiKh3E08MsNlqaqAZGGG6N0ATCq1rohcDiEfVDs-00299.jpg": {"object_bounding_box": [729, 450, 300, 256], "object_presence": 1}, "P744--nike-trainers--clutter--IdJhMiKh3E08MsNlqaqAZGGG6N0ATCq1rohcDiEfVDs-00300.jpg": {"object_bounding_box": [735, 449, 303, 253], "object_presence": 1}, "P744--nike-trainers--clutter--IdJhMiKh3E08MsNlqaqAZGGG6N0ATCq1rohcDiEfVDs-00301.jpg": {"object_bounding_box": [736, 447, 300, 257], "object_presence": 1}, "P744--nike-trainers--clutter--IdJhMiKh3E08MsNlqaqAZGGG6N0ATCq1rohcDiEfVDs-00302.jpg": {"object_bounding_box": [741, 446, 300, 255], "object_presence": 1}, "P744--nike-trainers--clutter--IdJhMiKh3E08MsNlqaqAZGGG6N0ATCq1rohcDiEfVDs-00303.jpg": {"object_bounding_box": [746, 446, 303, 254], "object_presence": 1}, "P744--nike-trainers--clutter--IdJhMiKh3E08MsNlqaqAZGGG6N0ATCq1rohcDiEfVDs-00304.jpg": {"object_bounding_box": [751, 447, 301, 253], "object_presence": 1}, "P744--nike-trainers--clutter--IdJhMiKh3E08MsNlqaqAZGGG6N0ATCq1rohcDiEfVDs-00305.jpg": {"object_bounding_box": [754, 448, 300, 252], "object_presence": 1}, "P744--nike-trainers--clutter--IdJhMiKh3E08MsNlqaqAZGGG6N0ATCq1rohcDiEfVDs-00306.jpg": {"object_bounding_box": [757, 448, 299, 255], "object_presence": 1}, "P744--nike-trainers--clutter--IdJhMiKh3E08MsNlqaqAZGGG6N0ATCq1rohcDiEfVDs-00307.jpg": {"object_bounding_box": [758, 449, 298, 253], "object_presence": 1}, "P744--nike-trainers--clutter--IdJhMiKh3E08MsNlqaqAZGGG6N0ATCq1rohcDiEfVDs-00308.jpg": {"object_bounding_box": [760, 451, 298, 253], "object_presence": 1}, "P744--nike-trainers--clutter--IdJhMiKh3E08MsNlqaqAZGGG6N0ATCq1rohcDiEfVDs-00309.jpg": {"object_bounding_box": [761, 454, 301, 253], "object_presence": 1}, "P744--nike-trainers--clutter--IdJhMiKh3E08MsNlqaqAZGGG6N0ATCq1rohcDiEfVDs-00310.jpg": {"object_bounding_box": [763, 456, 300, 252], "object_presence": 1}, "P744--nike-trainers--clutter--IdJhMiKh3E08MsNlqaqAZGGG6N0ATCq1rohcDiEfVDs-00311.jpg": {"object_bounding_box": [760, 457, 298, 252], "object_presence": 1}, "P744--nike-trainers--clutter--IdJhMiKh3E08MsNlqaqAZGGG6N0ATCq1rohcDiEfVDs-00312.jpg": {"object_bounding_box": [748, 459, 300, 252], "object_presence": 1}, "P744--nike-trainers--clutter--IdJhMiKh3E08MsNlqaqAZGGG6N0ATCq1rohcDiEfVDs-00313.jpg": {"object_bounding_box": [740, 458, 298, 252], "object_presence": 1}, "P744--nike-trainers--clutter--IdJhMiKh3E08MsNlqaqAZGGG6N0ATCq1rohcDiEfVDs-00314.jpg": {"object_bounding_box": [736, 459, 297, 252], "object_presence": 1}, "P744--nike-trainers--clutter--IdJhMiKh3E08MsNlqaqAZGGG6N0ATCq1rohcDiEfVDs-00315.jpg": {"object_bounding_box": [736, 457, 297, 252], "object_presence": 1}}