{"P767--vagabond-ale-bottle--clutter--QfZ9c6w9EXSslLYQvC_beOywndTA0gIDNrpN1Nvl_g8-00001.jpg": {"object_bounding_box": [0, 0, 0, 0], "object_presence": 0}, "P767--vagabond-ale-bottle--clutter--QfZ9c6w9EXSslLYQvC_beOywndTA0gIDNrpN1Nvl_g8-00002.jpg": {"object_bounding_box": [0, 0, 0, 0], "object_presence": 0}, "P767--vagabond-ale-bottle--clutter--QfZ9c6w9EXSslLYQvC_beOywndTA0gIDNrpN1Nvl_g8-00003.jpg": {"object_bounding_box": [0, 0, 0, 0], "object_presence": 0}, "P767--vagabond-ale-bottle--clutter--QfZ9c6w9EXSslLYQvC_beOywndTA0gIDNrpN1Nvl_g8-00004.jpg": {"object_bounding_box": [0, 0, 0, 0], "object_presence": 0}, "P767--vagabond-ale-bottle--clutter--QfZ9c6w9EXSslLYQvC_beOywndTA0gIDNrpN1Nvl_g8-00005.jpg": {"object_bounding_box": [0, 0, 0, 0], "object_presence": 0}, "P767--vagabond-ale-bottle--clutter--QfZ9c6w9EXSslLYQvC_beOywndTA0gIDNrpN1Nvl_g8-00006.jpg": {"object_bounding_box": [0, 0, 0, 0], "object_presence": 0}, "P767--vagabond-ale-bottle--clutter--QfZ9c6w9EXSslLYQvC_beOywndTA0gIDNrpN1Nvl_g8-00007.jpg": {"object_bounding_box": [0, 0, 0, 0], "object_presence": 0}, "P767--vagabond-ale-bottle--clutter--QfZ9c6w9EXSslLYQvC_beOywndTA0gIDNrpN1Nvl_g8-00008.jpg": {"object_bounding_box": [0, 0, 0, 0], "object_presence": 0}, "P767--vagabond-ale-bottle--clutter--QfZ9c6w9EXSslLYQvC_beOywndTA0gIDNrpN1Nvl_g8-00009.jpg": {"object_bounding_box": [0, 0, 0, 0], "object_presence": 0}, "P767--vagabond-ale-bottle--clutter--QfZ9c6w9EXSslLYQvC_beOywndTA0gIDNrpN1Nvl_g8-00010.jpg": {"object_bounding_box": [0, 0, 0, 0], "object_presence": 0}, "P767--vagabond-ale-bottle--clutter--QfZ9c6w9EXSslLYQvC_beOywndTA0gIDNrpN1Nvl_g8-00011.jpg": {"object_bounding_box": [0, 0, 0, 0], "object_presence": 0}, "P767--vagabond-ale-bottle--clutter--QfZ9c6w9EXSslLYQvC_beOywndTA0gIDNrpN1Nvl_g8-00012.jpg": {"object_bounding_box": [0, 0, 0, 0], "object_presence": 0}, "P767--vagabond-ale-bottle--clutter--QfZ9c6w9EXSslLYQvC_beOywndTA0gIDNrpN1Nvl_g8-00013.jpg": {"object_bounding_box": [0, 0, 0, 0], "object_presence": 0}, "P767--vagabond-ale-bottle--clutter--QfZ9c6w9EXSslLYQvC_beOywndTA0gIDNrpN1Nvl_g8-00014.jpg": {"object_bounding_box": [0, 0, 0, 0], "object_presence": 0}, "P767--vagabond-ale-bottle--clutter--QfZ9c6w9EXSslLYQvC_beOywndTA0gIDNrpN1Nvl_g8-00015.jpg": {"object_bounding_box": [0, 0, 0, 0], "object_presence": 0}, "P767--vagabond-ale-bottle--clutter--QfZ9c6w9EXSslLYQvC_beOywndTA0gIDNrpN1Nvl_g8-00016.jpg": {"object_bounding_box": [0, 0, 0, 0], "object_presence": 0}, "P767--vagabond-ale-bottle--clutter--QfZ9c6w9EXSslLYQvC_beOywndTA0gIDNrpN1Nvl_g8-00017.jpg": {"object_bounding_box": [0, 0, 0, 0], "object_presence": 0}, "P767--vagabond-ale-bottle--clutter--QfZ9c6w9EXSslLYQvC_beOywndTA0gIDNrpN1Nvl_g8-00018.jpg": {"object_bounding_box": [0, 0, 0, 0], "object_presence": 0}, "P767--vagabond-ale-bottle--clutter--QfZ9c6w9EXSslLYQvC_beOywndTA0gIDNrpN1Nvl_g8-00019.jpg": {"object_bounding_box": [0, 0, 0, 0], "object_presence": 0}, "P767--vagabond-ale-bottle--clutter--QfZ9c6w9EXSslLYQvC_beOywndTA0gIDNrpN1Nvl_g8-00020.jpg": {"object_bounding_box": [0, 0, 0, 0], "object_presence": 0}, "P767--vagabond-ale-bottle--clutter--QfZ9c6w9EXSslLYQvC_beOywndTA0gIDNrpN1Nvl_g8-00021.jpg": {"object_bounding_box": [0, 0, 0, 0], "object_presence": 0}, "P767--vagabond-ale-bottle--clutter--QfZ9c6w9EXSslLYQvC_beOywndTA0gIDNrpN1Nvl_g8-00022.jpg": {"object_bounding_box": [0, 0, 0, 0], "object_presence": 0}, "P767--vagabond-ale-bottle--clutter--QfZ9c6w9EXSslLYQvC_beOywndTA0gIDNrpN1Nvl_g8-00023.jpg": {"object_bounding_box": [0, 0, 0, 0], "object_presence": 0}, "P767--vagabond-ale-bottle--clutter--QfZ9c6w9EXSslLYQvC_beOywndTA0gIDNrpN1Nvl_g8-00024.jpg": {"object_bounding_box": [0, 0, 0, 0], "object_presence": 0}, "P767--vagabond-ale-bottle--clutter--QfZ9c6w9EXSslLYQvC_beOywndTA0gIDNrpN1Nvl_g8-00025.jpg": {"object_bounding_box": [0, 0, 0, 0], "object_presence": 0}, "P767--vagabond-ale-bottle--clutter--QfZ9c6w9EXSslLYQvC_beOywndTA0gIDNrpN1Nvl_g8-00026.jpg": {"object_bounding_box": [0, 0, 0, 0], "object_presence": 0}, "P767--vagabond-ale-bottle--clutter--QfZ9c6w9EXSslLYQvC_beOywndTA0gIDNrpN1Nvl_g8-00027.jpg": {"object_bounding_box": [0, 0, 0, 0], "object_presence": 0}, "P767--vagabond-ale-bottle--clutter--QfZ9c6w9EXSslLYQvC_beOywndTA0gIDNrpN1Nvl_g8-00028.jpg": {"object_bounding_box": [0, 0, 0, 0], "object_presence": 0}, "P767--vagabond-ale-bottle--clutter--QfZ9c6w9EXSslLYQvC_beOywndTA0gIDNrpN1Nvl_g8-00029.jpg": {"object_bounding_box": [0, 0, 0, 0], "object_presence": 0}, "P767--vagabond-ale-bottle--clutter--QfZ9c6w9EXSslLYQvC_beOywndTA0gIDNrpN1Nvl_g8-00030.jpg": {"object_bounding_box": [0, 0, 0, 0], "object_presence": 0}, "P767--vagabond-ale-bottle--clutter--QfZ9c6w9EXSslLYQvC_beOywndTA0gIDNrpN1Nvl_g8-00031.jpg": {"object_bounding_box": [0, 0, 0, 0], "object_presence": 0}, "P767--vagabond-ale-bottle--clutter--QfZ9c6w9EXSslLYQvC_beOywndTA0gIDNrpN1Nvl_g8-00032.jpg": {"object_bounding_box": [0, 0, 0, 0], "object_presence": 0}, "P767--vagabond-ale-bottle--clutter--QfZ9c6w9EXSslLYQvC_beOywndTA0gIDNrpN1Nvl_g8-00033.jpg": {"object_bounding_box": [0, 0, 0, 0], "object_presence": 0}, "P767--vagabond-ale-bottle--clutter--QfZ9c6w9EXSslLYQvC_beOywndTA0gIDNrpN1Nvl_g8-00034.jpg": {"object_bounding_box": [0, 0, 0, 0], "object_presence": 0}, "P767--vagabond-ale-bottle--clutter--QfZ9c6w9EXSslLYQvC_beOywndTA0gIDNrpN1Nvl_g8-00035.jpg": {"object_bounding_box": [0, 0, 0, 0], "object_presence": 0}, "P767--vagabond-ale-bottle--clutter--QfZ9c6w9EXSslLYQvC_beOywndTA0gIDNrpN1Nvl_g8-00036.jpg": {"object_bounding_box": [0, 0, 0, 0], "object_presence": 0}, "P767--vagabond-ale-bottle--clutter--QfZ9c6w9EXSslLYQvC_beOywndTA0gIDNrpN1Nvl_g8-00037.jpg": {"object_bounding_box": [0, 0, 0, 0], "object_presence": 0}, "P767--vagabond-ale-bottle--clutter--QfZ9c6w9EXSslLYQvC_beOywndTA0gIDNrpN1Nvl_g8-00038.jpg": {"object_bounding_box": [0, 0, 0, 0], "object_presence": 0}, "P767--vagabond-ale-bottle--clutter--QfZ9c6w9EXSslLYQvC_beOywndTA0gIDNrpN1Nvl_g8-00039.jpg": {"object_bounding_box": [0, 0, 0, 0], "object_presence": 0}, "P767--vagabond-ale-bottle--clutter--QfZ9c6w9EXSslLYQvC_beOywndTA0gIDNrpN1Nvl_g8-00040.jpg": {"object_bounding_box": [0, 0, 0, 0], "object_presence": 0}, "P767--vagabond-ale-bottle--clutter--QfZ9c6w9EXSslLYQvC_beOywndTA0gIDNrpN1Nvl_g8-00041.jpg": {"object_bounding_box": [0, 0, 0, 0], "object_presence": 0}, "P767--vagabond-ale-bottle--clutter--QfZ9c6w9EXSslLYQvC_beOywndTA0gIDNrpN1Nvl_g8-00042.jpg": {"object_bounding_box": [0, 0, 0, 0], "object_presence": 0}, "P767--vagabond-ale-bottle--clutter--QfZ9c6w9EXSslLYQvC_beOywndTA0gIDNrpN1Nvl_g8-00043.jpg": {"object_bounding_box": [0, 0, 0, 0], "object_presence": 0}, "P767--vagabond-ale-bottle--clutter--QfZ9c6w9EXSslLYQvC_beOywndTA0gIDNrpN1Nvl_g8-00044.jpg": {"object_bounding_box": [0, 0, 0, 0], "object_presence": 0}, "P767--vagabond-ale-bottle--clutter--QfZ9c6w9EXSslLYQvC_beOywndTA0gIDNrpN1Nvl_g8-00045.jpg": {"object_bounding_box": [0, 0, 0, 0], "object_presence": 0}, "P767--vagabond-ale-bottle--clutter--QfZ9c6w9EXSslLYQvC_beOywndTA0gIDNrpN1Nvl_g8-00046.jpg": {"object_bounding_box": [0, 0, 0, 0], "object_presence": 0}, "P767--vagabond-ale-bottle--clutter--QfZ9c6w9EXSslLYQvC_beOywndTA0gIDNrpN1Nvl_g8-00047.jpg": {"object_bounding_box": [0, 0, 0, 0], "object_presence": 0}, "P767--vagabond-ale-bottle--clutter--QfZ9c6w9EXSslLYQvC_beOywndTA0gIDNrpN1Nvl_g8-00048.jpg": {"object_bounding_box": [0, 0, 0, 0], "object_presence": 0}, "P767--vagabond-ale-bottle--clutter--QfZ9c6w9EXSslLYQvC_beOywndTA0gIDNrpN1Nvl_g8-00049.jpg": {"object_bounding_box": [0, 0, 0, 0], "object_presence": 0}, "P767--vagabond-ale-bottle--clutter--QfZ9c6w9EXSslLYQvC_beOywndTA0gIDNrpN1Nvl_g8-00050.jpg": {"object_bounding_box": [0, 0, 0, 0], "object_presence": 0}, "P767--vagabond-ale-bottle--clutter--QfZ9c6w9EXSslLYQvC_beOywndTA0gIDNrpN1Nvl_g8-00051.jpg": {"object_bounding_box": [0, 0, 0, 0], "object_presence": 0}, "P767--vagabond-ale-bottle--clutter--QfZ9c6w9EXSslLYQvC_beOywndTA0gIDNrpN1Nvl_g8-00052.jpg": {"object_bounding_box": [0, 0, 0, 0], "object_presence": 0}, "P767--vagabond-ale-bottle--clutter--QfZ9c6w9EXSslLYQvC_beOywndTA0gIDNrpN1Nvl_g8-00053.jpg": {"object_bounding_box": [0, 0, 0, 0], "object_presence": 0}, "P767--vagabond-ale-bottle--clutter--QfZ9c6w9EXSslLYQvC_beOywndTA0gIDNrpN1Nvl_g8-00054.jpg": {"object_bounding_box": [0, 0, 0, 0], "object_presence": 0}, "P767--vagabond-ale-bottle--clutter--QfZ9c6w9EXSslLYQvC_beOywndTA0gIDNrpN1Nvl_g8-00055.jpg": {"object_bounding_box": [0, 0, 0, 0], "object_presence": 0}, "P767--vagabond-ale-bottle--clutter--QfZ9c6w9EXSslLYQvC_beOywndTA0gIDNrpN1Nvl_g8-00056.jpg": {"object_bounding_box": [0, 0, 0, 0], "object_presence": 0}, "P767--vagabond-ale-bottle--clutter--QfZ9c6w9EXSslLYQvC_beOywndTA0gIDNrpN1Nvl_g8-00057.jpg": {"object_bounding_box": [0, 0, 0, 0], "object_presence": 0}, "P767--vagabond-ale-bottle--clutter--QfZ9c6w9EXSslLYQvC_beOywndTA0gIDNrpN1Nvl_g8-00058.jpg": {"object_bounding_box": [0, 0, 0, 0], "object_presence": 0}, "P767--vagabond-ale-bottle--clutter--QfZ9c6w9EXSslLYQvC_beOywndTA0gIDNrpN1Nvl_g8-00059.jpg": {"object_bounding_box": [0, 0, 0, 0], "object_presence": 0}, "P767--vagabond-ale-bottle--clutter--QfZ9c6w9EXSslLYQvC_beOywndTA0gIDNrpN1Nvl_g8-00060.jpg": {"object_bounding_box": [0, 0, 0, 0], "object_presence": 0}, "P767--vagabond-ale-bottle--clutter--QfZ9c6w9EXSslLYQvC_beOywndTA0gIDNrpN1Nvl_g8-00061.jpg": {"object_bounding_box": [0, 0, 0, 0], "object_presence": 0}, "P767--vagabond-ale-bottle--clutter--QfZ9c6w9EXSslLYQvC_beOywndTA0gIDNrpN1Nvl_g8-00062.jpg": {"object_bounding_box": [0, 0, 0, 0], "object_presence": 0}, "P767--vagabond-ale-bottle--clutter--QfZ9c6w9EXSslLYQvC_beOywndTA0gIDNrpN1Nvl_g8-00063.jpg": {"object_bounding_box": [0, 0, 0, 0], "object_presence": 0}, "P767--vagabond-ale-bottle--clutter--QfZ9c6w9EXSslLYQvC_beOywndTA0gIDNrpN1Nvl_g8-00064.jpg": {"object_bounding_box": [0, 0, 0, 0], "object_presence": 0}, "P767--vagabond-ale-bottle--clutter--QfZ9c6w9EXSslLYQvC_beOywndTA0gIDNrpN1Nvl_g8-00065.jpg": {"object_bounding_box": [0, 0, 0, 0], "object_presence": 0}, "P767--vagabond-ale-bottle--clutter--QfZ9c6w9EXSslLYQvC_beOywndTA0gIDNrpN1Nvl_g8-00066.jpg": {"object_bounding_box": [0, 0, 0, 0], "object_presence": 0}, "P767--vagabond-ale-bottle--clutter--QfZ9c6w9EXSslLYQvC_beOywndTA0gIDNrpN1Nvl_g8-00067.jpg": {"object_bounding_box": [0, 0, 0, 0], "object_presence": 0}, "P767--vagabond-ale-bottle--clutter--QfZ9c6w9EXSslLYQvC_beOywndTA0gIDNrpN1Nvl_g8-00068.jpg": {"object_bounding_box": [0, 0, 0, 0], "object_presence": 0}, "P767--vagabond-ale-bottle--clutter--QfZ9c6w9EXSslLYQvC_beOywndTA0gIDNrpN1Nvl_g8-00069.jpg": {"object_bounding_box": [0, 0, 0, 0], "object_presence": 0}, "P767--vagabond-ale-bottle--clutter--QfZ9c6w9EXSslLYQvC_beOywndTA0gIDNrpN1Nvl_g8-00070.jpg": {"object_bounding_box": [0, 0, 0, 0], "object_presence": 0}, "P767--vagabond-ale-bottle--clutter--QfZ9c6w9EXSslLYQvC_beOywndTA0gIDNrpN1Nvl_g8-00071.jpg": {"object_bounding_box": [0, 0, 0, 0], "object_presence": 0}, "P767--vagabond-ale-bottle--clutter--QfZ9c6w9EXSslLYQvC_beOywndTA0gIDNrpN1Nvl_g8-00072.jpg": {"object_bounding_box": [0, 0, 0, 0], "object_presence": 0}, "P767--vagabond-ale-bottle--clutter--QfZ9c6w9EXSslLYQvC_beOywndTA0gIDNrpN1Nvl_g8-00073.jpg": {"object_bounding_box": [0, 0, 0, 0], "object_presence": 0}, "P767--vagabond-ale-bottle--clutter--QfZ9c6w9EXSslLYQvC_beOywndTA0gIDNrpN1Nvl_g8-00074.jpg": {"object_bounding_box": [0, 0, 0, 0], "object_presence": 0}, "P767--vagabond-ale-bottle--clutter--QfZ9c6w9EXSslLYQvC_beOywndTA0gIDNrpN1Nvl_g8-00075.jpg": {"object_bounding_box": [0, 0, 0, 0], "object_presence": 0}, "P767--vagabond-ale-bottle--clutter--QfZ9c6w9EXSslLYQvC_beOywndTA0gIDNrpN1Nvl_g8-00076.jpg": {"object_bounding_box": [0, 0, 0, 0], "object_presence": 0}, "P767--vagabond-ale-bottle--clutter--QfZ9c6w9EXSslLYQvC_beOywndTA0gIDNrpN1Nvl_g8-00077.jpg": {"object_bounding_box": [0, 0, 0, 0], "object_presence": 0}, "P767--vagabond-ale-bottle--clutter--QfZ9c6w9EXSslLYQvC_beOywndTA0gIDNrpN1Nvl_g8-00078.jpg": {"object_bounding_box": [0, 0, 0, 0], "object_presence": 0}, "P767--vagabond-ale-bottle--clutter--QfZ9c6w9EXSslLYQvC_beOywndTA0gIDNrpN1Nvl_g8-00079.jpg": {"object_bounding_box": [0, 0, 0, 0], "object_presence": 0}, "P767--vagabond-ale-bottle--clutter--QfZ9c6w9EXSslLYQvC_beOywndTA0gIDNrpN1Nvl_g8-00080.jpg": {"object_bounding_box": [0, 0, 0, 0], "object_presence": 0}, "P767--vagabond-ale-bottle--clutter--QfZ9c6w9EXSslLYQvC_beOywndTA0gIDNrpN1Nvl_g8-00081.jpg": {"object_bounding_box": [0, 0, 0, 0], "object_presence": 0}, "P767--vagabond-ale-bottle--clutter--QfZ9c6w9EXSslLYQvC_beOywndTA0gIDNrpN1Nvl_g8-00082.jpg": {"object_bounding_box": [0, 0, 0, 0], "object_presence": 0}, "P767--vagabond-ale-bottle--clutter--QfZ9c6w9EXSslLYQvC_beOywndTA0gIDNrpN1Nvl_g8-00083.jpg": {"object_bounding_box": [0, 0, 0, 0], "object_presence": 0}, "P767--vagabond-ale-bottle--clutter--QfZ9c6w9EXSslLYQvC_beOywndTA0gIDNrpN1Nvl_g8-00084.jpg": {"object_bounding_box": [0, 0, 0, 0], "object_presence": 0}, "P767--vagabond-ale-bottle--clutter--QfZ9c6w9EXSslLYQvC_beOywndTA0gIDNrpN1Nvl_g8-00085.jpg": {"object_bounding_box": [0, 0, 0, 0], "object_presence": 0}, "P767--vagabond-ale-bottle--clutter--QfZ9c6w9EXSslLYQvC_beOywndTA0gIDNrpN1Nvl_g8-00086.jpg": {"object_bounding_box": [0, 0, 0, 0], "object_presence": 0}, "P767--vagabond-ale-bottle--clutter--QfZ9c6w9EXSslLYQvC_beOywndTA0gIDNrpN1Nvl_g8-00087.jpg": {"object_bounding_box": [0, 0, 0, 0], "object_presence": 0}, "P767--vagabond-ale-bottle--clutter--QfZ9c6w9EXSslLYQvC_beOywndTA0gIDNrpN1Nvl_g8-00088.jpg": {"object_bounding_box": [0, 0, 0, 0], "object_presence": 0}, "P767--vagabond-ale-bottle--clutter--QfZ9c6w9EXSslLYQvC_beOywndTA0gIDNrpN1Nvl_g8-00089.jpg": {"object_bounding_box": [0, 0, 0, 0], "object_presence": 0}, "P767--vagabond-ale-bottle--clutter--QfZ9c6w9EXSslLYQvC_beOywndTA0gIDNrpN1Nvl_g8-00090.jpg": {"object_bounding_box": [0, 0, 0, 0], "object_presence": 0}, "P767--vagabond-ale-bottle--clutter--QfZ9c6w9EXSslLYQvC_beOywndTA0gIDNrpN1Nvl_g8-00091.jpg": {"object_bounding_box": [0, 0, 0, 0], "object_presence": 0}, "P767--vagabond-ale-bottle--clutter--QfZ9c6w9EXSslLYQvC_beOywndTA0gIDNrpN1Nvl_g8-00092.jpg": {"object_bounding_box": [0, 0, 0, 0], "object_presence": 0}, "P767--vagabond-ale-bottle--clutter--QfZ9c6w9EXSslLYQvC_beOywndTA0gIDNrpN1Nvl_g8-00093.jpg": {"object_bounding_box": [0, 0, 0, 0], "object_presence": 0}, "P767--vagabond-ale-bottle--clutter--QfZ9c6w9EXSslLYQvC_beOywndTA0gIDNrpN1Nvl_g8-00094.jpg": {"object_bounding_box": [0, 0, 0, 0], "object_presence": 0}, "P767--vagabond-ale-bottle--clutter--QfZ9c6w9EXSslLYQvC_beOywndTA0gIDNrpN1Nvl_g8-00095.jpg": {"object_bounding_box": [0, 0, 0, 0], "object_presence": 0}, "P767--vagabond-ale-bottle--clutter--QfZ9c6w9EXSslLYQvC_beOywndTA0gIDNrpN1Nvl_g8-00096.jpg": {"object_bounding_box": [0, 0, 0, 0], "object_presence": 0}, "P767--vagabond-ale-bottle--clutter--QfZ9c6w9EXSslLYQvC_beOywndTA0gIDNrpN1Nvl_g8-00097.jpg": {"object_bounding_box": [0, 0, 0, 0], "object_presence": 0}, "P767--vagabond-ale-bottle--clutter--QfZ9c6w9EXSslLYQvC_beOywndTA0gIDNrpN1Nvl_g8-00098.jpg": {"object_bounding_box": [0, 0, 0, 0], "object_presence": 0}, "P767--vagabond-ale-bottle--clutter--QfZ9c6w9EXSslLYQvC_beOywndTA0gIDNrpN1Nvl_g8-00099.jpg": {"object_bounding_box": [0, 0, 0, 0], "object_presence": 0}, "P767--vagabond-ale-bottle--clutter--QfZ9c6w9EXSslLYQvC_beOywndTA0gIDNrpN1Nvl_g8-00100.jpg": {"object_bounding_box": [0, 0, 0, 0], "object_presence": 0}, "P767--vagabond-ale-bottle--clutter--QfZ9c6w9EXSslLYQvC_beOywndTA0gIDNrpN1Nvl_g8-00101.jpg": {"object_bounding_box": [0, 0, 0, 0], "object_presence": 0}, "P767--vagabond-ale-bottle--clutter--QfZ9c6w9EXSslLYQvC_beOywndTA0gIDNrpN1Nvl_g8-00102.jpg": {"object_bounding_box": [0, 0, 0, 0], "object_presence": 0}, "P767--vagabond-ale-bottle--clutter--QfZ9c6w9EXSslLYQvC_beOywndTA0gIDNrpN1Nvl_g8-00103.jpg": {"object_bounding_box": [0, 0, 0, 0], "object_presence": 0}, "P767--vagabond-ale-bottle--clutter--QfZ9c6w9EXSslLYQvC_beOywndTA0gIDNrpN1Nvl_g8-00104.jpg": {"object_bounding_box": [0, 0, 0, 0], "object_presence": 0}, "P767--vagabond-ale-bottle--clutter--QfZ9c6w9EXSslLYQvC_beOywndTA0gIDNrpN1Nvl_g8-00105.jpg": {"object_bounding_box": [0, 0, 0, 0], "object_presence": 0}, "P767--vagabond-ale-bottle--clutter--QfZ9c6w9EXSslLYQvC_beOywndTA0gIDNrpN1Nvl_g8-00106.jpg": {"object_bounding_box": [0, 0, 0, 0], "object_presence": 0}, "P767--vagabond-ale-bottle--clutter--QfZ9c6w9EXSslLYQvC_beOywndTA0gIDNrpN1Nvl_g8-00107.jpg": {"object_bounding_box": [0, 0, 0, 0], "object_presence": 0}, "P767--vagabond-ale-bottle--clutter--QfZ9c6w9EXSslLYQvC_beOywndTA0gIDNrpN1Nvl_g8-00108.jpg": {"object_bounding_box": [5, 1024, 11, 112], "object_presence": 1}, "P767--vagabond-ale-bottle--clutter--QfZ9c6w9EXSslLYQvC_beOywndTA0gIDNrpN1Nvl_g8-00109.jpg": {"object_bounding_box": [6, 1015, 13, 131], "object_presence": 1}, "P767--vagabond-ale-bottle--clutter--QfZ9c6w9EXSslLYQvC_beOywndTA0gIDNrpN1Nvl_g8-00110.jpg": {"object_bounding_box": [10, 1005, 20, 150], "object_presence": 1}, "P767--vagabond-ale-bottle--clutter--QfZ9c6w9EXSslLYQvC_beOywndTA0gIDNrpN1Nvl_g8-00111.jpg": {"object_bounding_box": [15, 895, 29, 369], "object_presence": 1}, "P767--vagabond-ale-bottle--clutter--QfZ9c6w9EXSslLYQvC_beOywndTA0gIDNrpN1Nvl_g8-00112.jpg": {"object_bounding_box": [18, 891, 35, 378], "object_presence": 1}, "P767--vagabond-ale-bottle--clutter--QfZ9c6w9EXSslLYQvC_beOywndTA0gIDNrpN1Nvl_g8-00113.jpg": {"object_bounding_box": [19, 885, 38, 387], "object_presence": 1}, "P767--vagabond-ale-bottle--clutter--QfZ9c6w9EXSslLYQvC_beOywndTA0gIDNrpN1Nvl_g8-00114.jpg": {"object_bounding_box": [21, 884, 42, 392], "object_presence": 1}, "P767--vagabond-ale-bottle--clutter--QfZ9c6w9EXSslLYQvC_beOywndTA0gIDNrpN1Nvl_g8-00115.jpg": {"object_bounding_box": [19, 882, 38, 389], "object_presence": 1}, "P767--vagabond-ale-bottle--clutter--QfZ9c6w9EXSslLYQvC_beOywndTA0gIDNrpN1Nvl_g8-00116.jpg": {"object_bounding_box": [18, 882, 37, 394], "object_presence": 1}, "P767--vagabond-ale-bottle--clutter--QfZ9c6w9EXSslLYQvC_beOywndTA0gIDNrpN1Nvl_g8-00117.jpg": {"object_bounding_box": [21, 878, 41, 398], "object_presence": 1}, "P767--vagabond-ale-bottle--clutter--QfZ9c6w9EXSslLYQvC_beOywndTA0gIDNrpN1Nvl_g8-00118.jpg": {"object_bounding_box": [21, 876, 43, 409], "object_presence": 1}, "P767--vagabond-ale-bottle--clutter--QfZ9c6w9EXSslLYQvC_beOywndTA0gIDNrpN1Nvl_g8-00119.jpg": {"object_bounding_box": [21, 876, 41, 407], "object_presence": 1}, "P767--vagabond-ale-bottle--clutter--QfZ9c6w9EXSslLYQvC_beOywndTA0gIDNrpN1Nvl_g8-00120.jpg": {"object_bounding_box": [20, 874, 40, 411], "object_presence": 1}, "P767--vagabond-ale-bottle--clutter--QfZ9c6w9EXSslLYQvC_beOywndTA0gIDNrpN1Nvl_g8-00121.jpg": {"object_bounding_box": [19, 871, 37, 408], "object_presence": 1}, "P767--vagabond-ale-bottle--clutter--QfZ9c6w9EXSslLYQvC_beOywndTA0gIDNrpN1Nvl_g8-00122.jpg": {"object_bounding_box": [18, 867, 35, 418], "object_presence": 1}, "P767--vagabond-ale-bottle--clutter--QfZ9c6w9EXSslLYQvC_beOywndTA0gIDNrpN1Nvl_g8-00123.jpg": {"object_bounding_box": [18, 871, 36, 418], "object_presence": 1}, "P767--vagabond-ale-bottle--clutter--QfZ9c6w9EXSslLYQvC_beOywndTA0gIDNrpN1Nvl_g8-00124.jpg": {"object_bounding_box": [19, 873, 37, 415], "object_presence": 1}, "P767--vagabond-ale-bottle--clutter--QfZ9c6w9EXSslLYQvC_beOywndTA0gIDNrpN1Nvl_g8-00125.jpg": {"object_bounding_box": [17, 874, 34, 412], "object_presence": 1}, "P767--vagabond-ale-bottle--clutter--QfZ9c6w9EXSslLYQvC_beOywndTA0gIDNrpN1Nvl_g8-00126.jpg": {"object_bounding_box": [18, 877, 35, 407], "object_presence": 1}, "P767--vagabond-ale-bottle--clutter--QfZ9c6w9EXSslLYQvC_beOywndTA0gIDNrpN1Nvl_g8-00127.jpg": {"object_bounding_box": [19, 880, 38, 401], "object_presence": 1}, "P767--vagabond-ale-bottle--clutter--QfZ9c6w9EXSslLYQvC_beOywndTA0gIDNrpN1Nvl_g8-00128.jpg": {"object_bounding_box": [20, 881, 40, 398], "object_presence": 1}, "P767--vagabond-ale-bottle--clutter--QfZ9c6w9EXSslLYQvC_beOywndTA0gIDNrpN1Nvl_g8-00129.jpg": {"object_bounding_box": [21, 887, 43, 386], "object_presence": 1}, "P767--vagabond-ale-bottle--clutter--QfZ9c6w9EXSslLYQvC_beOywndTA0gIDNrpN1Nvl_g8-00130.jpg": {"object_bounding_box": [23, 891, 45, 378], "object_presence": 1}, "P767--vagabond-ale-bottle--clutter--QfZ9c6w9EXSslLYQvC_beOywndTA0gIDNrpN1Nvl_g8-00131.jpg": {"object_bounding_box": [23, 892, 47, 376], "object_presence": 1}, "P767--vagabond-ale-bottle--clutter--QfZ9c6w9EXSslLYQvC_beOywndTA0gIDNrpN1Nvl_g8-00132.jpg": {"object_bounding_box": [24, 895, 49, 371], "object_presence": 1}, "P767--vagabond-ale-bottle--clutter--QfZ9c6w9EXSslLYQvC_beOywndTA0gIDNrpN1Nvl_g8-00133.jpg": {"object_bounding_box": [27, 893, 53, 374], "object_presence": 1}, "P767--vagabond-ale-bottle--clutter--QfZ9c6w9EXSslLYQvC_beOywndTA0gIDNrpN1Nvl_g8-00134.jpg": {"object_bounding_box": [29, 892, 59, 373], "object_presence": 1}, "P767--vagabond-ale-bottle--clutter--QfZ9c6w9EXSslLYQvC_beOywndTA0gIDNrpN1Nvl_g8-00135.jpg": {"object_bounding_box": [33, 892, 65, 376], "object_presence": 1}, "P767--vagabond-ale-bottle--clutter--QfZ9c6w9EXSslLYQvC_beOywndTA0gIDNrpN1Nvl_g8-00136.jpg": {"object_bounding_box": [36, 890, 73, 380], "object_presence": 1}, "P767--vagabond-ale-bottle--clutter--QfZ9c6w9EXSslLYQvC_beOywndTA0gIDNrpN1Nvl_g8-00137.jpg": {"object_bounding_box": [38, 886, 75, 383], "object_presence": 1}, "P767--vagabond-ale-bottle--clutter--QfZ9c6w9EXSslLYQvC_beOywndTA0gIDNrpN1Nvl_g8-00138.jpg": {"object_bounding_box": [39, 888, 78, 384], "object_presence": 1}, "P767--vagabond-ale-bottle--clutter--QfZ9c6w9EXSslLYQvC_beOywndTA0gIDNrpN1Nvl_g8-00139.jpg": {"object_bounding_box": [40, 886, 80, 388], "object_presence": 1}, "P767--vagabond-ale-bottle--clutter--QfZ9c6w9EXSslLYQvC_beOywndTA0gIDNrpN1Nvl_g8-00140.jpg": {"object_bounding_box": [40, 885, 80, 389], "object_presence": 1}, "P767--vagabond-ale-bottle--clutter--QfZ9c6w9EXSslLYQvC_beOywndTA0gIDNrpN1Nvl_g8-00141.jpg": {"object_bounding_box": [41, 886, 82, 385], "object_presence": 1}, "P767--vagabond-ale-bottle--clutter--QfZ9c6w9EXSslLYQvC_beOywndTA0gIDNrpN1Nvl_g8-00142.jpg": {"object_bounding_box": [43, 888, 86, 384], "object_presence": 1}, "P767--vagabond-ale-bottle--clutter--QfZ9c6w9EXSslLYQvC_beOywndTA0gIDNrpN1Nvl_g8-00143.jpg": {"object_bounding_box": [46, 885, 92, 390], "object_presence": 1}, "P767--vagabond-ale-bottle--clutter--QfZ9c6w9EXSslLYQvC_beOywndTA0gIDNrpN1Nvl_g8-00144.jpg": {"object_bounding_box": [51, 883, 101, 389], "object_presence": 1}, "P767--vagabond-ale-bottle--clutter--QfZ9c6w9EXSslLYQvC_beOywndTA0gIDNrpN1Nvl_g8-00145.jpg": {"object_bounding_box": [57, 884, 113, 392], "object_presence": 1}, "P767--vagabond-ale-bottle--clutter--QfZ9c6w9EXSslLYQvC_beOywndTA0gIDNrpN1Nvl_g8-00146.jpg": {"object_bounding_box": [60, 881, 120, 398], "object_presence": 1}, "P767--vagabond-ale-bottle--clutter--QfZ9c6w9EXSslLYQvC_beOywndTA0gIDNrpN1Nvl_g8-00147.jpg": {"object_bounding_box": [66, 886, 122, 387], "object_presence": 1}, "P767--vagabond-ale-bottle--clutter--QfZ9c6w9EXSslLYQvC_beOywndTA0gIDNrpN1Nvl_g8-00148.jpg": {"object_bounding_box": [82, 887, 121, 387], "object_presence": 1}, "P767--vagabond-ale-bottle--clutter--QfZ9c6w9EXSslLYQvC_beOywndTA0gIDNrpN1Nvl_g8-00149.jpg": {"object_bounding_box": [97, 890, 120, 379], "object_presence": 1}, "P767--vagabond-ale-bottle--clutter--QfZ9c6w9EXSslLYQvC_beOywndTA0gIDNrpN1Nvl_g8-00150.jpg": {"object_bounding_box": [117, 892, 118, 377], "object_presence": 1}, "P767--vagabond-ale-bottle--clutter--QfZ9c6w9EXSslLYQvC_beOywndTA0gIDNrpN1Nvl_g8-00151.jpg": {"object_bounding_box": [130, 892, 120, 377], "object_presence": 1}, "P767--vagabond-ale-bottle--clutter--QfZ9c6w9EXSslLYQvC_beOywndTA0gIDNrpN1Nvl_g8-00152.jpg": {"object_bounding_box": [149, 891, 117, 374], "object_presence": 1}, "P767--vagabond-ale-bottle--clutter--QfZ9c6w9EXSslLYQvC_beOywndTA0gIDNrpN1Nvl_g8-00153.jpg": {"object_bounding_box": [169, 893, 114, 370], "object_presence": 1}, "P767--vagabond-ale-bottle--clutter--QfZ9c6w9EXSslLYQvC_beOywndTA0gIDNrpN1Nvl_g8-00154.jpg": {"object_bounding_box": [182, 895, 110, 370], "object_presence": 1}, "P767--vagabond-ale-bottle--clutter--QfZ9c6w9EXSslLYQvC_beOywndTA0gIDNrpN1Nvl_g8-00155.jpg": {"object_bounding_box": [190, 894, 114, 373], "object_presence": 1}, "P767--vagabond-ale-bottle--clutter--QfZ9c6w9EXSslLYQvC_beOywndTA0gIDNrpN1Nvl_g8-00156.jpg": {"object_bounding_box": [194, 894, 115, 371], "object_presence": 1}, "P767--vagabond-ale-bottle--clutter--QfZ9c6w9EXSslLYQvC_beOywndTA0gIDNrpN1Nvl_g8-00157.jpg": {"object_bounding_box": [197, 895, 115, 371], "object_presence": 1}, "P767--vagabond-ale-bottle--clutter--QfZ9c6w9EXSslLYQvC_beOywndTA0gIDNrpN1Nvl_g8-00158.jpg": {"object_bounding_box": [199, 894, 112, 371], "object_presence": 1}, "P767--vagabond-ale-bottle--clutter--QfZ9c6w9EXSslLYQvC_beOywndTA0gIDNrpN1Nvl_g8-00159.jpg": {"object_bounding_box": [204, 894, 110, 372], "object_presence": 1}, "P767--vagabond-ale-bottle--clutter--QfZ9c6w9EXSslLYQvC_beOywndTA0gIDNrpN1Nvl_g8-00160.jpg": {"object_bounding_box": [208, 893, 110, 373], "object_presence": 1}, "P767--vagabond-ale-bottle--clutter--QfZ9c6w9EXSslLYQvC_beOywndTA0gIDNrpN1Nvl_g8-00161.jpg": {"object_bounding_box": [208, 892, 110, 377], "object_presence": 1}, "P767--vagabond-ale-bottle--clutter--QfZ9c6w9EXSslLYQvC_beOywndTA0gIDNrpN1Nvl_g8-00162.jpg": {"object_bounding_box": [207, 884, 107, 392], "object_presence": 1}, "P767--vagabond-ale-bottle--clutter--QfZ9c6w9EXSslLYQvC_beOywndTA0gIDNrpN1Nvl_g8-00163.jpg": {"object_bounding_box": [207, 881, 106, 398], "object_presence": 1}, "P767--vagabond-ale-bottle--clutter--QfZ9c6w9EXSslLYQvC_beOywndTA0gIDNrpN1Nvl_g8-00164.jpg": {"object_bounding_box": [206, 870, 106, 388], "object_presence": 1}, "P767--vagabond-ale-bottle--clutter--QfZ9c6w9EXSslLYQvC_beOywndTA0gIDNrpN1Nvl_g8-00165.jpg": {"object_bounding_box": [206, 866, 106, 396], "object_presence": 1}, "P767--vagabond-ale-bottle--clutter--QfZ9c6w9EXSslLYQvC_beOywndTA0gIDNrpN1Nvl_g8-00166.jpg": {"object_bounding_box": [205, 859, 106, 385], "object_presence": 1}, "P767--vagabond-ale-bottle--clutter--QfZ9c6w9EXSslLYQvC_beOywndTA0gIDNrpN1Nvl_g8-00167.jpg": {"object_bounding_box": [196, 852, 107, 383], "object_presence": 1}, "P767--vagabond-ale-bottle--clutter--QfZ9c6w9EXSslLYQvC_beOywndTA0gIDNrpN1Nvl_g8-00168.jpg": {"object_bounding_box": [182, 845, 108, 385], "object_presence": 1}, "P767--vagabond-ale-bottle--clutter--QfZ9c6w9EXSslLYQvC_beOywndTA0gIDNrpN1Nvl_g8-00169.jpg": {"object_bounding_box": [175, 848, 106, 385], "object_presence": 1}, "P767--vagabond-ale-bottle--clutter--QfZ9c6w9EXSslLYQvC_beOywndTA0gIDNrpN1Nvl_g8-00170.jpg": {"object_bounding_box": [169, 846, 106, 380], "object_presence": 1}, "P767--vagabond-ale-bottle--clutter--QfZ9c6w9EXSslLYQvC_beOywndTA0gIDNrpN1Nvl_g8-00171.jpg": {"object_bounding_box": [164, 835, 106, 377], "object_presence": 1}, "P767--vagabond-ale-bottle--clutter--QfZ9c6w9EXSslLYQvC_beOywndTA0gIDNrpN1Nvl_g8-00172.jpg": {"object_bounding_box": [155, 835, 110, 377], "object_presence": 1}, "P767--vagabond-ale-bottle--clutter--QfZ9c6w9EXSslLYQvC_beOywndTA0gIDNrpN1Nvl_g8-00173.jpg": {"object_bounding_box": [151, 834, 108, 378], "object_presence": 1}, "P767--vagabond-ale-bottle--clutter--QfZ9c6w9EXSslLYQvC_beOywndTA0gIDNrpN1Nvl_g8-00174.jpg": {"object_bounding_box": [149, 833, 110, 375], "object_presence": 1}, "P767--vagabond-ale-bottle--clutter--QfZ9c6w9EXSslLYQvC_beOywndTA0gIDNrpN1Nvl_g8-00175.jpg": {"object_bounding_box": [147, 834, 111, 376], "object_presence": 1}, "P767--vagabond-ale-bottle--clutter--QfZ9c6w9EXSslLYQvC_beOywndTA0gIDNrpN1Nvl_g8-00176.jpg": {"object_bounding_box": [150, 834, 109, 372], "object_presence": 1}, "P767--vagabond-ale-bottle--clutter--QfZ9c6w9EXSslLYQvC_beOywndTA0gIDNrpN1Nvl_g8-00177.jpg": {"object_bounding_box": [144, 832, 108, 372], "object_presence": 1}, "P767--vagabond-ale-bottle--clutter--QfZ9c6w9EXSslLYQvC_beOywndTA0gIDNrpN1Nvl_g8-00178.jpg": {"object_bounding_box": [124, 830, 112, 372], "object_presence": 1}, "P767--vagabond-ale-bottle--clutter--QfZ9c6w9EXSslLYQvC_beOywndTA0gIDNrpN1Nvl_g8-00179.jpg": {"object_bounding_box": [124, 838, 111, 372], "object_presence": 1}, "P767--vagabond-ale-bottle--clutter--QfZ9c6w9EXSslLYQvC_beOywndTA0gIDNrpN1Nvl_g8-00180.jpg": {"object_bounding_box": [129, 839, 111, 370], "object_presence": 1}, "P767--vagabond-ale-bottle--clutter--QfZ9c6w9EXSslLYQvC_beOywndTA0gIDNrpN1Nvl_g8-00181.jpg": {"object_bounding_box": [135, 837, 111, 368], "object_presence": 1}, "P767--vagabond-ale-bottle--clutter--QfZ9c6w9EXSslLYQvC_beOywndTA0gIDNrpN1Nvl_g8-00182.jpg": {"object_bounding_box": [148, 845, 112, 364], "object_presence": 1}, "P767--vagabond-ale-bottle--clutter--QfZ9c6w9EXSslLYQvC_beOywndTA0gIDNrpN1Nvl_g8-00183.jpg": {"object_bounding_box": [159, 856, 108, 364], "object_presence": 1}, "P767--vagabond-ale-bottle--clutter--QfZ9c6w9EXSslLYQvC_beOywndTA0gIDNrpN1Nvl_g8-00184.jpg": {"object_bounding_box": [167, 863, 108, 367], "object_presence": 1}, "P767--vagabond-ale-bottle--clutter--QfZ9c6w9EXSslLYQvC_beOywndTA0gIDNrpN1Nvl_g8-00185.jpg": {"object_bounding_box": [177, 865, 107, 363], "object_presence": 1}, "P767--vagabond-ale-bottle--clutter--QfZ9c6w9EXSslLYQvC_beOywndTA0gIDNrpN1Nvl_g8-00186.jpg": {"object_bounding_box": [176, 870, 111, 365], "object_presence": 1}, "P767--vagabond-ale-bottle--clutter--QfZ9c6w9EXSslLYQvC_beOywndTA0gIDNrpN1Nvl_g8-00187.jpg": {"object_bounding_box": [175, 886, 107, 362], "object_presence": 1}, "P767--vagabond-ale-bottle--clutter--QfZ9c6w9EXSslLYQvC_beOywndTA0gIDNrpN1Nvl_g8-00188.jpg": {"object_bounding_box": [180, 898, 110, 364], "object_presence": 1}, "P767--vagabond-ale-bottle--clutter--QfZ9c6w9EXSslLYQvC_beOywndTA0gIDNrpN1Nvl_g8-00189.jpg": {"object_bounding_box": [180, 898, 111, 364], "object_presence": 1}, "P767--vagabond-ale-bottle--clutter--QfZ9c6w9EXSslLYQvC_beOywndTA0gIDNrpN1Nvl_g8-00190.jpg": {"object_bounding_box": [183, 898, 109, 363], "object_presence": 1}, "P767--vagabond-ale-bottle--clutter--QfZ9c6w9EXSslLYQvC_beOywndTA0gIDNrpN1Nvl_g8-00191.jpg": {"object_bounding_box": [176, 905, 111, 349], "object_presence": 1}, "P767--vagabond-ale-bottle--clutter--QfZ9c6w9EXSslLYQvC_beOywndTA0gIDNrpN1Nvl_g8-00192.jpg": {"object_bounding_box": [186, 910, 110, 339], "object_presence": 1}, "P767--vagabond-ale-bottle--clutter--QfZ9c6w9EXSslLYQvC_beOywndTA0gIDNrpN1Nvl_g8-00193.jpg": {"object_bounding_box": [179, 915, 110, 330], "object_presence": 1}, "P767--vagabond-ale-bottle--clutter--QfZ9c6w9EXSslLYQvC_beOywndTA0gIDNrpN1Nvl_g8-00194.jpg": {"object_bounding_box": [179, 915, 110, 330], "object_presence": 1}, "P767--vagabond-ale-bottle--clutter--QfZ9c6w9EXSslLYQvC_beOywndTA0gIDNrpN1Nvl_g8-00195.jpg": {"object_bounding_box": [176, 913, 106, 334], "object_presence": 1}, "P767--vagabond-ale-bottle--clutter--QfZ9c6w9EXSslLYQvC_beOywndTA0gIDNrpN1Nvl_g8-00196.jpg": {"object_bounding_box": [176, 916, 108, 329], "object_presence": 1}, "P767--vagabond-ale-bottle--clutter--QfZ9c6w9EXSslLYQvC_beOywndTA0gIDNrpN1Nvl_g8-00197.jpg": {"object_bounding_box": [173, 917, 110, 326], "object_presence": 1}, "P767--vagabond-ale-bottle--clutter--QfZ9c6w9EXSslLYQvC_beOywndTA0gIDNrpN1Nvl_g8-00198.jpg": {"object_bounding_box": [173, 920, 110, 321], "object_presence": 1}, "P767--vagabond-ale-bottle--clutter--QfZ9c6w9EXSslLYQvC_beOywndTA0gIDNrpN1Nvl_g8-00199.jpg": {"object_bounding_box": [165, 923, 105, 314], "object_presence": 1}, "P767--vagabond-ale-bottle--clutter--QfZ9c6w9EXSslLYQvC_beOywndTA0gIDNrpN1Nvl_g8-00200.jpg": {"object_bounding_box": [171, 929, 108, 303], "object_presence": 1}, "P767--vagabond-ale-bottle--clutter--QfZ9c6w9EXSslLYQvC_beOywndTA0gIDNrpN1Nvl_g8-00201.jpg": {"object_bounding_box": [171, 927, 108, 306], "object_presence": 1}, "P767--vagabond-ale-bottle--clutter--QfZ9c6w9EXSslLYQvC_beOywndTA0gIDNrpN1Nvl_g8-00202.jpg": {"object_bounding_box": [172, 929, 107, 302], "object_presence": 1}, "P767--vagabond-ale-bottle--clutter--QfZ9c6w9EXSslLYQvC_beOywndTA0gIDNrpN1Nvl_g8-00203.jpg": {"object_bounding_box": [159, 924, 107, 312], "object_presence": 1}, "P767--vagabond-ale-bottle--clutter--QfZ9c6w9EXSslLYQvC_beOywndTA0gIDNrpN1Nvl_g8-00204.jpg": {"object_bounding_box": [166, 920, 107, 319], "object_presence": 1}, "P767--vagabond-ale-bottle--clutter--QfZ9c6w9EXSslLYQvC_beOywndTA0gIDNrpN1Nvl_g8-00205.jpg": {"object_bounding_box": [172, 918, 111, 325], "object_presence": 1}, "P767--vagabond-ale-bottle--clutter--QfZ9c6w9EXSslLYQvC_beOywndTA0gIDNrpN1Nvl_g8-00206.jpg": {"object_bounding_box": [169, 922, 107, 315], "object_presence": 1}, "P767--vagabond-ale-bottle--clutter--QfZ9c6w9EXSslLYQvC_beOywndTA0gIDNrpN1Nvl_g8-00207.jpg": {"object_bounding_box": [168, 927, 107, 307], "object_presence": 1}, "P767--vagabond-ale-bottle--clutter--QfZ9c6w9EXSslLYQvC_beOywndTA0gIDNrpN1Nvl_g8-00208.jpg": {"object_bounding_box": [175, 925, 107, 309], "object_presence": 1}, "P767--vagabond-ale-bottle--clutter--QfZ9c6w9EXSslLYQvC_beOywndTA0gIDNrpN1Nvl_g8-00209.jpg": {"object_bounding_box": [175, 923, 107, 315], "object_presence": 1}, "P767--vagabond-ale-bottle--clutter--QfZ9c6w9EXSslLYQvC_beOywndTA0gIDNrpN1Nvl_g8-00210.jpg": {"object_bounding_box": [171, 914, 110, 332], "object_presence": 1}, "P767--vagabond-ale-bottle--clutter--QfZ9c6w9EXSslLYQvC_beOywndTA0gIDNrpN1Nvl_g8-00211.jpg": {"object_bounding_box": [168, 911, 113, 339], "object_presence": 1}, "P767--vagabond-ale-bottle--clutter--QfZ9c6w9EXSslLYQvC_beOywndTA0gIDNrpN1Nvl_g8-00212.jpg": {"object_bounding_box": [163, 912, 113, 337], "object_presence": 1}}