{"P767--vagabond-ale-bottle--clutter--6a_0sM0MdPHl_5pLHePNq1qx-aZz90FpVAXPofNn1i4-00001.jpg": {"object_bounding_box": [68, 611, 137, 938], "object_presence": 1}, "P767--vagabond-ale-bottle--clutter--6a_0sM0MdPHl_5pLHePNq1qx-aZz90FpVAXPofNn1i4-00002.jpg": {"object_bounding_box": [69, 612, 137, 936], "object_presence": 1}, "P767--vagabond-ale-bottle--clutter--6a_0sM0MdPHl_5pLHePNq1qx-aZz90FpVAXPofNn1i4-00003.jpg": {"object_bounding_box": [69, 611, 137, 939], "object_presence": 1}, "P767--vagabond-ale-bottle--clutter--6a_0sM0MdPHl_5pLHePNq1qx-aZz90FpVAXPofNn1i4-00004.jpg": {"object_bounding_box": [69, 612, 137, 936], "object_presence": 1}, "P767--vagabond-ale-bottle--clutter--6a_0sM0MdPHl_5pLHePNq1qx-aZz90FpVAXPofNn1i4-00005.jpg": {"object_bounding_box": [68, 613, 136, 935], "object_presence": 1}, "P767--vagabond-ale-bottle--clutter--6a_0sM0MdPHl_5pLHePNq1qx-aZz90FpVAXPofNn1i4-00006.jpg": {"object_bounding_box": [67, 612, 134, 936], "object_presence": 1}, "P767--vagabond-ale-bottle--clutter--6a_0sM0MdPHl_5pLHePNq1qx-aZz90FpVAXPofNn1i4-00007.jpg": {"object_bounding_box": [68, 612, 136, 936], "object_presence": 1}, "P767--vagabond-ale-bottle--clutter--6a_0sM0MdPHl_5pLHePNq1qx-aZz90FpVAXPofNn1i4-00008.jpg": {"object_bounding_box": [67, 613, 135, 935], "object_presence": 1}, "P767--vagabond-ale-bottle--clutter--6a_0sM0MdPHl_5pLHePNq1qx-aZz90FpVAXPofNn1i4-00009.jpg": {"object_bounding_box": [67, 611, 135, 938], "object_presence": 1}, "P767--vagabond-ale-bottle--clutter--6a_0sM0MdPHl_5pLHePNq1qx-aZz90FpVAXPofNn1i4-00010.jpg": {"object_bounding_box": [68, 611, 135, 938], "object_presence": 1}, "P767--vagabond-ale-bottle--clutter--6a_0sM0MdPHl_5pLHePNq1qx-aZz90FpVAXPofNn1i4-00011.jpg": {"object_bounding_box": [67, 612, 133, 936], "object_presence": 1}, "P767--vagabond-ale-bottle--clutter--6a_0sM0MdPHl_5pLHePNq1qx-aZz90FpVAXPofNn1i4-00012.jpg": {"object_bounding_box": [66, 610, 132, 940], "object_presence": 1}, "P767--vagabond-ale-bottle--clutter--6a_0sM0MdPHl_5pLHePNq1qx-aZz90FpVAXPofNn1i4-00013.jpg": {"object_bounding_box": [67, 611, 133, 938], "object_presence": 1}, "P767--vagabond-ale-bottle--clutter--6a_0sM0MdPHl_5pLHePNq1qx-aZz90FpVAXPofNn1i4-00014.jpg": {"object_bounding_box": [66, 612, 131, 936], "object_presence": 1}, "P767--vagabond-ale-bottle--clutter--6a_0sM0MdPHl_5pLHePNq1qx-aZz90FpVAXPofNn1i4-00015.jpg": {"object_bounding_box": [64, 616, 127, 928], "object_presence": 1}, "P767--vagabond-ale-bottle--clutter--6a_0sM0MdPHl_5pLHePNq1qx-aZz90FpVAXPofNn1i4-00016.jpg": {"object_bounding_box": [61, 611, 121, 938], "object_presence": 1}, "P767--vagabond-ale-bottle--clutter--6a_0sM0MdPHl_5pLHePNq1qx-aZz90FpVAXPofNn1i4-00017.jpg": {"object_bounding_box": [58, 621, 116, 919], "object_presence": 1}, "P767--vagabond-ale-bottle--clutter--6a_0sM0MdPHl_5pLHePNq1qx-aZz90FpVAXPofNn1i4-00018.jpg": {"object_bounding_box": [57, 622, 114, 917], "object_presence": 1}, "P767--vagabond-ale-bottle--clutter--6a_0sM0MdPHl_5pLHePNq1qx-aZz90FpVAXPofNn1i4-00019.jpg": {"object_bounding_box": [55, 626, 111, 907], "object_presence": 1}, "P767--vagabond-ale-bottle--clutter--6a_0sM0MdPHl_5pLHePNq1qx-aZz90FpVAXPofNn1i4-00020.jpg": {"object_bounding_box": [52, 635, 104, 890], "object_presence": 1}, "P767--vagabond-ale-bottle--clutter--6a_0sM0MdPHl_5pLHePNq1qx-aZz90FpVAXPofNn1i4-00021.jpg": {"object_bounding_box": [49, 639, 98, 881], "object_presence": 1}, "P767--vagabond-ale-bottle--clutter--6a_0sM0MdPHl_5pLHePNq1qx-aZz90FpVAXPofNn1i4-00022.jpg": {"object_bounding_box": [45, 820, 91, 521], "object_presence": 1}, "P767--vagabond-ale-bottle--clutter--6a_0sM0MdPHl_5pLHePNq1qx-aZz90FpVAXPofNn1i4-00023.jpg": {"object_bounding_box": [43, 850, 86, 461], "object_presence": 1}, "P767--vagabond-ale-bottle--clutter--6a_0sM0MdPHl_5pLHePNq1qx-aZz90FpVAXPofNn1i4-00024.jpg": {"object_bounding_box": [43, 841, 87, 477], "object_presence": 1}, "P767--vagabond-ale-bottle--clutter--6a_0sM0MdPHl_5pLHePNq1qx-aZz90FpVAXPofNn1i4-00025.jpg": {"object_bounding_box": [46, 831, 91, 499], "object_presence": 1}, "P767--vagabond-ale-bottle--clutter--6a_0sM0MdPHl_5pLHePNq1qx-aZz90FpVAXPofNn1i4-00026.jpg": {"object_bounding_box": [45, 817, 89, 526], "object_presence": 1}, "P767--vagabond-ale-bottle--clutter--6a_0sM0MdPHl_5pLHePNq1qx-aZz90FpVAXPofNn1i4-00027.jpg": {"object_bounding_box": [33, 935, 67, 291], "object_presence": 1}, "P767--vagabond-ale-bottle--clutter--6a_0sM0MdPHl_5pLHePNq1qx-aZz90FpVAXPofNn1i4-00028.jpg": {"object_bounding_box": [21, 946, 42, 268], "object_presence": 1}, "P767--vagabond-ale-bottle--clutter--6a_0sM0MdPHl_5pLHePNq1qx-aZz90FpVAXPofNn1i4-00029.jpg": {"object_bounding_box": [14, 966, 28, 229], "object_presence": 1}, "P767--vagabond-ale-bottle--clutter--6a_0sM0MdPHl_5pLHePNq1qx-aZz90FpVAXPofNn1i4-00030.jpg": {"object_bounding_box": [5, 997, 10, 166], "object_presence": 1}, "P767--vagabond-ale-bottle--clutter--6a_0sM0MdPHl_5pLHePNq1qx-aZz90FpVAXPofNn1i4-00031.jpg": {"object_bounding_box": [0, 0, 0, 0], "object_presence": 0}, "P767--vagabond-ale-bottle--clutter--6a_0sM0MdPHl_5pLHePNq1qx-aZz90FpVAXPofNn1i4-00032.jpg": {"object_bounding_box": [0, 0, 0, 0], "object_presence": 0}, "P767--vagabond-ale-bottle--clutter--6a_0sM0MdPHl_5pLHePNq1qx-aZz90FpVAXPofNn1i4-00033.jpg": {"object_bounding_box": [0, 0, 0, 0], "object_presence": 0}, "P767--vagabond-ale-bottle--clutter--6a_0sM0MdPHl_5pLHePNq1qx-aZz90FpVAXPofNn1i4-00034.jpg": {"object_bounding_box": [0, 0, 0, 0], "object_presence": 0}, "P767--vagabond-ale-bottle--clutter--6a_0sM0MdPHl_5pLHePNq1qx-aZz90FpVAXPofNn1i4-00035.jpg": {"object_bounding_box": [0, 0, 0, 0], "object_presence": 0}, "P767--vagabond-ale-bottle--clutter--6a_0sM0MdPHl_5pLHePNq1qx-aZz90FpVAXPofNn1i4-00036.jpg": {"object_bounding_box": [0, 0, 0, 0], "object_presence": 0}, "P767--vagabond-ale-bottle--clutter--6a_0sM0MdPHl_5pLHePNq1qx-aZz90FpVAXPofNn1i4-00037.jpg": {"object_bounding_box": [0, 0, 0, 0], "object_presence": 0}, "P767--vagabond-ale-bottle--clutter--6a_0sM0MdPHl_5pLHePNq1qx-aZz90FpVAXPofNn1i4-00038.jpg": {"object_bounding_box": [0, 0, 0, 0], "object_presence": 0}, "P767--vagabond-ale-bottle--clutter--6a_0sM0MdPHl_5pLHePNq1qx-aZz90FpVAXPofNn1i4-00039.jpg": {"object_bounding_box": [0, 0, 0, 0], "object_presence": 0}, "P767--vagabond-ale-bottle--clutter--6a_0sM0MdPHl_5pLHePNq1qx-aZz90FpVAXPofNn1i4-00040.jpg": {"object_bounding_box": [0, 0, 0, 0], "object_presence": 0}, "P767--vagabond-ale-bottle--clutter--6a_0sM0MdPHl_5pLHePNq1qx-aZz90FpVAXPofNn1i4-00041.jpg": {"object_bounding_box": [0, 0, 0, 0], "object_presence": 0}, "P767--vagabond-ale-bottle--clutter--6a_0sM0MdPHl_5pLHePNq1qx-aZz90FpVAXPofNn1i4-00042.jpg": {"object_bounding_box": [0, 0, 0, 0], "object_presence": 0}, "P767--vagabond-ale-bottle--clutter--6a_0sM0MdPHl_5pLHePNq1qx-aZz90FpVAXPofNn1i4-00043.jpg": {"object_bounding_box": [0, 0, 0, 0], "object_presence": 0}, "P767--vagabond-ale-bottle--clutter--6a_0sM0MdPHl_5pLHePNq1qx-aZz90FpVAXPofNn1i4-00044.jpg": {"object_bounding_box": [0, 0, 0, 0], "object_presence": 0}, "P767--vagabond-ale-bottle--clutter--6a_0sM0MdPHl_5pLHePNq1qx-aZz90FpVAXPofNn1i4-00045.jpg": {"object_bounding_box": [0, 0, 0, 0], "object_presence": 0}, "P767--vagabond-ale-bottle--clutter--6a_0sM0MdPHl_5pLHePNq1qx-aZz90FpVAXPofNn1i4-00046.jpg": {"object_bounding_box": [0, 0, 0, 0], "object_presence": 0}, "P767--vagabond-ale-bottle--clutter--6a_0sM0MdPHl_5pLHePNq1qx-aZz90FpVAXPofNn1i4-00047.jpg": {"object_bounding_box": [9, 1020, 18, 119], "object_presence": 1}, "P767--vagabond-ale-bottle--clutter--6a_0sM0MdPHl_5pLHePNq1qx-aZz90FpVAXPofNn1i4-00048.jpg": {"object_bounding_box": [21, 1011, 41, 137], "object_presence": 1}, "P767--vagabond-ale-bottle--clutter--6a_0sM0MdPHl_5pLHePNq1qx-aZz90FpVAXPofNn1i4-00049.jpg": {"object_bounding_box": [29, 1009, 57, 141], "object_presence": 1}, "P767--vagabond-ale-bottle--clutter--6a_0sM0MdPHl_5pLHePNq1qx-aZz90FpVAXPofNn1i4-00050.jpg": {"object_bounding_box": [36, 923, 71, 314], "object_presence": 1}, "P767--vagabond-ale-bottle--clutter--6a_0sM0MdPHl_5pLHePNq1qx-aZz90FpVAXPofNn1i4-00051.jpg": {"object_bounding_box": [41, 791, 83, 578], "object_presence": 1}, "P767--vagabond-ale-bottle--clutter--6a_0sM0MdPHl_5pLHePNq1qx-aZz90FpVAXPofNn1i4-00052.jpg": {"object_bounding_box": [46, 804, 92, 551], "object_presence": 1}, "P767--vagabond-ale-bottle--clutter--6a_0sM0MdPHl_5pLHePNq1qx-aZz90FpVAXPofNn1i4-00053.jpg": {"object_bounding_box": [48, 816, 96, 528], "object_presence": 1}, "P767--vagabond-ale-bottle--clutter--6a_0sM0MdPHl_5pLHePNq1qx-aZz90FpVAXPofNn1i4-00054.jpg": {"object_bounding_box": [47, 827, 93, 507], "object_presence": 1}, "P767--vagabond-ale-bottle--clutter--6a_0sM0MdPHl_5pLHePNq1qx-aZz90FpVAXPofNn1i4-00055.jpg": {"object_bounding_box": [51, 837, 103, 486], "object_presence": 1}, "P767--vagabond-ale-bottle--clutter--6a_0sM0MdPHl_5pLHePNq1qx-aZz90FpVAXPofNn1i4-00056.jpg": {"object_bounding_box": [52, 840, 105, 480], "object_presence": 1}, "P767--vagabond-ale-bottle--clutter--6a_0sM0MdPHl_5pLHePNq1qx-aZz90FpVAXPofNn1i4-00057.jpg": {"object_bounding_box": [57, 842, 113, 475], "object_presence": 1}, "P767--vagabond-ale-bottle--clutter--6a_0sM0MdPHl_5pLHePNq1qx-aZz90FpVAXPofNn1i4-00058.jpg": {"object_bounding_box": [62, 845, 124, 469], "object_presence": 1}, "P767--vagabond-ale-bottle--clutter--6a_0sM0MdPHl_5pLHePNq1qx-aZz90FpVAXPofNn1i4-00059.jpg": {"object_bounding_box": [68, 849, 135, 463], "object_presence": 1}, "P767--vagabond-ale-bottle--clutter--6a_0sM0MdPHl_5pLHePNq1qx-aZz90FpVAXPofNn1i4-00060.jpg": {"object_bounding_box": [75, 846, 151, 467], "object_presence": 1}, "P767--vagabond-ale-bottle--clutter--6a_0sM0MdPHl_5pLHePNq1qx-aZz90FpVAXPofNn1i4-00061.jpg": {"object_bounding_box": [83, 846, 165, 469], "object_presence": 1}, "P767--vagabond-ale-bottle--clutter--6a_0sM0MdPHl_5pLHePNq1qx-aZz90FpVAXPofNn1i4-00062.jpg": {"object_bounding_box": [91, 846, 182, 467], "object_presence": 1}, "P767--vagabond-ale-bottle--clutter--6a_0sM0MdPHl_5pLHePNq1qx-aZz90FpVAXPofNn1i4-00063.jpg": {"object_bounding_box": [96, 847, 193, 466], "object_presence": 1}, "P767--vagabond-ale-bottle--clutter--6a_0sM0MdPHl_5pLHePNq1qx-aZz90FpVAXPofNn1i4-00064.jpg": {"object_bounding_box": [105, 853, 210, 454], "object_presence": 1}, "P767--vagabond-ale-bottle--clutter--6a_0sM0MdPHl_5pLHePNq1qx-aZz90FpVAXPofNn1i4-00065.jpg": {"object_bounding_box": [114, 856, 228, 449], "object_presence": 1}, "P767--vagabond-ale-bottle--clutter--6a_0sM0MdPHl_5pLHePNq1qx-aZz90FpVAXPofNn1i4-00066.jpg": {"object_bounding_box": [120, 856, 240, 447], "object_presence": 1}, "P767--vagabond-ale-bottle--clutter--6a_0sM0MdPHl_5pLHePNq1qx-aZz90FpVAXPofNn1i4-00067.jpg": {"object_bounding_box": [130, 862, 236, 436], "object_presence": 1}, "P767--vagabond-ale-bottle--clutter--6a_0sM0MdPHl_5pLHePNq1qx-aZz90FpVAXPofNn1i4-00068.jpg": {"object_bounding_box": [144, 866, 231, 428], "object_presence": 1}, "P767--vagabond-ale-bottle--clutter--6a_0sM0MdPHl_5pLHePNq1qx-aZz90FpVAXPofNn1i4-00069.jpg": {"object_bounding_box": [143, 864, 245, 431], "object_presence": 1}, "P767--vagabond-ale-bottle--clutter--6a_0sM0MdPHl_5pLHePNq1qx-aZz90FpVAXPofNn1i4-00070.jpg": {"object_bounding_box": [151, 867, 242, 426], "object_presence": 1}, "P767--vagabond-ale-bottle--clutter--6a_0sM0MdPHl_5pLHePNq1qx-aZz90FpVAXPofNn1i4-00071.jpg": {"object_bounding_box": [157, 869, 239, 421], "object_presence": 1}, "P767--vagabond-ale-bottle--clutter--6a_0sM0MdPHl_5pLHePNq1qx-aZz90FpVAXPofNn1i4-00072.jpg": {"object_bounding_box": [162, 867, 236, 425], "object_presence": 1}, "P767--vagabond-ale-bottle--clutter--6a_0sM0MdPHl_5pLHePNq1qx-aZz90FpVAXPofNn1i4-00073.jpg": {"object_bounding_box": [165, 864, 233, 431], "object_presence": 1}, "P767--vagabond-ale-bottle--clutter--6a_0sM0MdPHl_5pLHePNq1qx-aZz90FpVAXPofNn1i4-00074.jpg": {"object_bounding_box": [167, 864, 229, 433], "object_presence": 1}, "P767--vagabond-ale-bottle--clutter--6a_0sM0MdPHl_5pLHePNq1qx-aZz90FpVAXPofNn1i4-00075.jpg": {"object_bounding_box": [164, 865, 225, 430], "object_presence": 1}, "P767--vagabond-ale-bottle--clutter--6a_0sM0MdPHl_5pLHePNq1qx-aZz90FpVAXPofNn1i4-00076.jpg": {"object_bounding_box": [160, 868, 224, 424], "object_presence": 1}, "P767--vagabond-ale-bottle--clutter--6a_0sM0MdPHl_5pLHePNq1qx-aZz90FpVAXPofNn1i4-00077.jpg": {"object_bounding_box": [161, 871, 219, 419], "object_presence": 1}, "P767--vagabond-ale-bottle--clutter--6a_0sM0MdPHl_5pLHePNq1qx-aZz90FpVAXPofNn1i4-00078.jpg": {"object_bounding_box": [161, 867, 216, 425], "object_presence": 1}, "P767--vagabond-ale-bottle--clutter--6a_0sM0MdPHl_5pLHePNq1qx-aZz90FpVAXPofNn1i4-00079.jpg": {"object_bounding_box": [173, 871, 205, 418], "object_presence": 1}, "P767--vagabond-ale-bottle--clutter--6a_0sM0MdPHl_5pLHePNq1qx-aZz90FpVAXPofNn1i4-00080.jpg": {"object_bounding_box": [186, 869, 205, 422], "object_presence": 1}, "P767--vagabond-ale-bottle--clutter--6a_0sM0MdPHl_5pLHePNq1qx-aZz90FpVAXPofNn1i4-00081.jpg": {"object_bounding_box": [201, 867, 201, 427], "object_presence": 1}, "P767--vagabond-ale-bottle--clutter--6a_0sM0MdPHl_5pLHePNq1qx-aZz90FpVAXPofNn1i4-00082.jpg": {"object_bounding_box": [224, 867, 194, 427], "object_presence": 1}, "P767--vagabond-ale-bottle--clutter--6a_0sM0MdPHl_5pLHePNq1qx-aZz90FpVAXPofNn1i4-00083.jpg": {"object_bounding_box": [246, 862, 193, 436], "object_presence": 1}, "P767--vagabond-ale-bottle--clutter--6a_0sM0MdPHl_5pLHePNq1qx-aZz90FpVAXPofNn1i4-00084.jpg": {"object_bounding_box": [271, 861, 190, 439], "object_presence": 1}, "P767--vagabond-ale-bottle--clutter--6a_0sM0MdPHl_5pLHePNq1qx-aZz90FpVAXPofNn1i4-00085.jpg": {"object_bounding_box": [298, 857, 189, 445], "object_presence": 1}, "P767--vagabond-ale-bottle--clutter--6a_0sM0MdPHl_5pLHePNq1qx-aZz90FpVAXPofNn1i4-00086.jpg": {"object_bounding_box": [320, 856, 191, 448], "object_presence": 1}, "P767--vagabond-ale-bottle--clutter--6a_0sM0MdPHl_5pLHePNq1qx-aZz90FpVAXPofNn1i4-00087.jpg": {"object_bounding_box": [348, 858, 187, 444], "object_presence": 1}, "P767--vagabond-ale-bottle--clutter--6a_0sM0MdPHl_5pLHePNq1qx-aZz90FpVAXPofNn1i4-00088.jpg": {"object_bounding_box": [374, 858, 186, 445], "object_presence": 1}, "P767--vagabond-ale-bottle--clutter--6a_0sM0MdPHl_5pLHePNq1qx-aZz90FpVAXPofNn1i4-00089.jpg": {"object_bounding_box": [395, 863, 182, 434], "object_presence": 1}, "P767--vagabond-ale-bottle--clutter--6a_0sM0MdPHl_5pLHePNq1qx-aZz90FpVAXPofNn1i4-00090.jpg": {"object_bounding_box": [415, 864, 187, 433], "object_presence": 1}, "P767--vagabond-ale-bottle--clutter--6a_0sM0MdPHl_5pLHePNq1qx-aZz90FpVAXPofNn1i4-00091.jpg": {"object_bounding_box": [425, 867, 187, 427], "object_presence": 1}, "P767--vagabond-ale-bottle--clutter--6a_0sM0MdPHl_5pLHePNq1qx-aZz90FpVAXPofNn1i4-00092.jpg": {"object_bounding_box": [439, 875, 184, 411], "object_presence": 1}, "P767--vagabond-ale-bottle--clutter--6a_0sM0MdPHl_5pLHePNq1qx-aZz90FpVAXPofNn1i4-00093.jpg": {"object_bounding_box": [451, 876, 179, 408], "object_presence": 1}, "P767--vagabond-ale-bottle--clutter--6a_0sM0MdPHl_5pLHePNq1qx-aZz90FpVAXPofNn1i4-00094.jpg": {"object_bounding_box": [464, 880, 178, 399], "object_presence": 1}, "P767--vagabond-ale-bottle--clutter--6a_0sM0MdPHl_5pLHePNq1qx-aZz90FpVAXPofNn1i4-00095.jpg": {"object_bounding_box": [479, 885, 179, 391], "object_presence": 1}, "P767--vagabond-ale-bottle--clutter--6a_0sM0MdPHl_5pLHePNq1qx-aZz90FpVAXPofNn1i4-00096.jpg": {"object_bounding_box": [499, 884, 177, 392], "object_presence": 1}, "P767--vagabond-ale-bottle--clutter--6a_0sM0MdPHl_5pLHePNq1qx-aZz90FpVAXPofNn1i4-00097.jpg": {"object_bounding_box": [519, 883, 175, 393], "object_presence": 1}, "P767--vagabond-ale-bottle--clutter--6a_0sM0MdPHl_5pLHePNq1qx-aZz90FpVAXPofNn1i4-00098.jpg": {"object_bounding_box": [536, 883, 174, 395], "object_presence": 1}, "P767--vagabond-ale-bottle--clutter--6a_0sM0MdPHl_5pLHePNq1qx-aZz90FpVAXPofNn1i4-00099.jpg": {"object_bounding_box": [558, 881, 174, 399], "object_presence": 1}, "P767--vagabond-ale-bottle--clutter--6a_0sM0MdPHl_5pLHePNq1qx-aZz90FpVAXPofNn1i4-00100.jpg": {"object_bounding_box": [577, 876, 171, 408], "object_presence": 1}, "P767--vagabond-ale-bottle--clutter--6a_0sM0MdPHl_5pLHePNq1qx-aZz90FpVAXPofNn1i4-00101.jpg": {"object_bounding_box": [587, 872, 177, 417], "object_presence": 1}, "P767--vagabond-ale-bottle--clutter--6a_0sM0MdPHl_5pLHePNq1qx-aZz90FpVAXPofNn1i4-00102.jpg": {"object_bounding_box": [589, 871, 176, 418], "object_presence": 1}, "P767--vagabond-ale-bottle--clutter--6a_0sM0MdPHl_5pLHePNq1qx-aZz90FpVAXPofNn1i4-00103.jpg": {"object_bounding_box": [599, 871, 174, 418], "object_presence": 1}, "P767--vagabond-ale-bottle--clutter--6a_0sM0MdPHl_5pLHePNq1qx-aZz90FpVAXPofNn1i4-00104.jpg": {"object_bounding_box": [614, 870, 174, 420], "object_presence": 1}, "P767--vagabond-ale-bottle--clutter--6a_0sM0MdPHl_5pLHePNq1qx-aZz90FpVAXPofNn1i4-00105.jpg": {"object_bounding_box": [631, 864, 177, 433], "object_presence": 1}, "P767--vagabond-ale-bottle--clutter--6a_0sM0MdPHl_5pLHePNq1qx-aZz90FpVAXPofNn1i4-00106.jpg": {"object_bounding_box": [644, 863, 173, 434], "object_presence": 1}, "P767--vagabond-ale-bottle--clutter--6a_0sM0MdPHl_5pLHePNq1qx-aZz90FpVAXPofNn1i4-00107.jpg": {"object_bounding_box": [656, 863, 177, 435], "object_presence": 1}, "P767--vagabond-ale-bottle--clutter--6a_0sM0MdPHl_5pLHePNq1qx-aZz90FpVAXPofNn1i4-00108.jpg": {"object_bounding_box": [667, 862, 175, 437], "object_presence": 1}, "P767--vagabond-ale-bottle--clutter--6a_0sM0MdPHl_5pLHePNq1qx-aZz90FpVAXPofNn1i4-00109.jpg": {"object_bounding_box": [681, 864, 176, 431], "object_presence": 1}, "P767--vagabond-ale-bottle--clutter--6a_0sM0MdPHl_5pLHePNq1qx-aZz90FpVAXPofNn1i4-00110.jpg": {"object_bounding_box": [694, 863, 174, 433], "object_presence": 1}, "P767--vagabond-ale-bottle--clutter--6a_0sM0MdPHl_5pLHePNq1qx-aZz90FpVAXPofNn1i4-00111.jpg": {"object_bounding_box": [705, 866, 172, 428], "object_presence": 1}, "P767--vagabond-ale-bottle--clutter--6a_0sM0MdPHl_5pLHePNq1qx-aZz90FpVAXPofNn1i4-00112.jpg": {"object_bounding_box": [716, 870, 167, 420], "object_presence": 1}, "P767--vagabond-ale-bottle--clutter--6a_0sM0MdPHl_5pLHePNq1qx-aZz90FpVAXPofNn1i4-00113.jpg": {"object_bounding_box": [716, 872, 169, 417], "object_presence": 1}, "P767--vagabond-ale-bottle--clutter--6a_0sM0MdPHl_5pLHePNq1qx-aZz90FpVAXPofNn1i4-00114.jpg": {"object_bounding_box": [722, 875, 165, 409], "object_presence": 1}, "P767--vagabond-ale-bottle--clutter--6a_0sM0MdPHl_5pLHePNq1qx-aZz90FpVAXPofNn1i4-00115.jpg": {"object_bounding_box": [736, 881, 164, 399], "object_presence": 1}, "P767--vagabond-ale-bottle--clutter--6a_0sM0MdPHl_5pLHePNq1qx-aZz90FpVAXPofNn1i4-00116.jpg": {"object_bounding_box": [733, 883, 161, 395], "object_presence": 1}, "P767--vagabond-ale-bottle--clutter--6a_0sM0MdPHl_5pLHePNq1qx-aZz90FpVAXPofNn1i4-00117.jpg": {"object_bounding_box": [737, 887, 163, 387], "object_presence": 1}, "P767--vagabond-ale-bottle--clutter--6a_0sM0MdPHl_5pLHePNq1qx-aZz90FpVAXPofNn1i4-00118.jpg": {"object_bounding_box": [743, 889, 161, 383], "object_presence": 1}, "P767--vagabond-ale-bottle--clutter--6a_0sM0MdPHl_5pLHePNq1qx-aZz90FpVAXPofNn1i4-00119.jpg": {"object_bounding_box": [744, 891, 158, 378], "object_presence": 1}, "P767--vagabond-ale-bottle--clutter--6a_0sM0MdPHl_5pLHePNq1qx-aZz90FpVAXPofNn1i4-00120.jpg": {"object_bounding_box": [745, 888, 158, 385], "object_presence": 1}, "P767--vagabond-ale-bottle--clutter--6a_0sM0MdPHl_5pLHePNq1qx-aZz90FpVAXPofNn1i4-00121.jpg": {"object_bounding_box": [753, 888, 156, 385], "object_presence": 1}, "P767--vagabond-ale-bottle--clutter--6a_0sM0MdPHl_5pLHePNq1qx-aZz90FpVAXPofNn1i4-00122.jpg": {"object_bounding_box": [764, 884, 158, 392], "object_presence": 1}, "P767--vagabond-ale-bottle--clutter--6a_0sM0MdPHl_5pLHePNq1qx-aZz90FpVAXPofNn1i4-00123.jpg": {"object_bounding_box": [769, 876, 160, 408], "object_presence": 1}, "P767--vagabond-ale-bottle--clutter--6a_0sM0MdPHl_5pLHePNq1qx-aZz90FpVAXPofNn1i4-00124.jpg": {"object_bounding_box": [770, 875, 160, 410], "object_presence": 1}, "P767--vagabond-ale-bottle--clutter--6a_0sM0MdPHl_5pLHePNq1qx-aZz90FpVAXPofNn1i4-00125.jpg": {"object_bounding_box": [774, 869, 160, 422], "object_presence": 1}, "P767--vagabond-ale-bottle--clutter--6a_0sM0MdPHl_5pLHePNq1qx-aZz90FpVAXPofNn1i4-00126.jpg": {"object_bounding_box": [783, 863, 161, 434], "object_presence": 1}, "P767--vagabond-ale-bottle--clutter--6a_0sM0MdPHl_5pLHePNq1qx-aZz90FpVAXPofNn1i4-00127.jpg": {"object_bounding_box": [796, 858, 162, 444], "object_presence": 1}, "P767--vagabond-ale-bottle--clutter--6a_0sM0MdPHl_5pLHePNq1qx-aZz90FpVAXPofNn1i4-00128.jpg": {"object_bounding_box": [813, 858, 163, 444], "object_presence": 1}, "P767--vagabond-ale-bottle--clutter--6a_0sM0MdPHl_5pLHePNq1qx-aZz90FpVAXPofNn1i4-00129.jpg": {"object_bounding_box": [825, 858, 163, 444], "object_presence": 1}, "P767--vagabond-ale-bottle--clutter--6a_0sM0MdPHl_5pLHePNq1qx-aZz90FpVAXPofNn1i4-00130.jpg": {"object_bounding_box": [835, 853, 163, 453], "object_presence": 1}, "P767--vagabond-ale-bottle--clutter--6a_0sM0MdPHl_5pLHePNq1qx-aZz90FpVAXPofNn1i4-00131.jpg": {"object_bounding_box": [839, 856, 165, 448], "object_presence": 1}, "P767--vagabond-ale-bottle--clutter--6a_0sM0MdPHl_5pLHePNq1qx-aZz90FpVAXPofNn1i4-00132.jpg": {"object_bounding_box": [840, 855, 161, 450], "object_presence": 1}, "P767--vagabond-ale-bottle--clutter--6a_0sM0MdPHl_5pLHePNq1qx-aZz90FpVAXPofNn1i4-00133.jpg": {"object_bounding_box": [840, 853, 160, 454], "object_presence": 1}, "P767--vagabond-ale-bottle--clutter--6a_0sM0MdPHl_5pLHePNq1qx-aZz90FpVAXPofNn1i4-00134.jpg": {"object_bounding_box": [844, 851, 160, 457], "object_presence": 1}, "P767--vagabond-ale-bottle--clutter--6a_0sM0MdPHl_5pLHePNq1qx-aZz90FpVAXPofNn1i4-00135.jpg": {"object_bounding_box": [853, 846, 160, 469], "object_presence": 1}, "P767--vagabond-ale-bottle--clutter--6a_0sM0MdPHl_5pLHePNq1qx-aZz90FpVAXPofNn1i4-00136.jpg": {"object_bounding_box": [858, 846, 156, 469], "object_presence": 1}, "P767--vagabond-ale-bottle--clutter--6a_0sM0MdPHl_5pLHePNq1qx-aZz90FpVAXPofNn1i4-00137.jpg": {"object_bounding_box": [851, 844, 155, 471], "object_presence": 1}, "P767--vagabond-ale-bottle--clutter--6a_0sM0MdPHl_5pLHePNq1qx-aZz90FpVAXPofNn1i4-00138.jpg": {"object_bounding_box": [839, 841, 151, 479], "object_presence": 1}, "P767--vagabond-ale-bottle--clutter--6a_0sM0MdPHl_5pLHePNq1qx-aZz90FpVAXPofNn1i4-00139.jpg": {"object_bounding_box": [835, 832, 149, 481], "object_presence": 1}, "P767--vagabond-ale-bottle--clutter--6a_0sM0MdPHl_5pLHePNq1qx-aZz90FpVAXPofNn1i4-00140.jpg": {"object_bounding_box": [832, 820, 146, 477], "object_presence": 1}, "P767--vagabond-ale-bottle--clutter--6a_0sM0MdPHl_5pLHePNq1qx-aZz90FpVAXPofNn1i4-00141.jpg": {"object_bounding_box": [838, 812, 146, 473], "object_presence": 1}, "P767--vagabond-ale-bottle--clutter--6a_0sM0MdPHl_5pLHePNq1qx-aZz90FpVAXPofNn1i4-00142.jpg": {"object_bounding_box": [843, 801, 149, 469], "object_presence": 1}, "P767--vagabond-ale-bottle--clutter--6a_0sM0MdPHl_5pLHePNq1qx-aZz90FpVAXPofNn1i4-00143.jpg": {"object_bounding_box": [850, 790, 150, 465], "object_presence": 1}, "P767--vagabond-ale-bottle--clutter--6a_0sM0MdPHl_5pLHePNq1qx-aZz90FpVAXPofNn1i4-00144.jpg": {"object_bounding_box": [864, 783, 147, 463], "object_presence": 1}, "P767--vagabond-ale-bottle--clutter--6a_0sM0MdPHl_5pLHePNq1qx-aZz90FpVAXPofNn1i4-00145.jpg": {"object_bounding_box": [873, 774, 147, 461], "object_presence": 1}, "P767--vagabond-ale-bottle--clutter--6a_0sM0MdPHl_5pLHePNq1qx-aZz90FpVAXPofNn1i4-00146.jpg": {"object_bounding_box": [886, 767, 147, 457], "object_presence": 1}, "P767--vagabond-ale-bottle--clutter--6a_0sM0MdPHl_5pLHePNq1qx-aZz90FpVAXPofNn1i4-00147.jpg": {"object_bounding_box": [894, 763, 145, 457], "object_presence": 1}, "P767--vagabond-ale-bottle--clutter--6a_0sM0MdPHl_5pLHePNq1qx-aZz90FpVAXPofNn1i4-00148.jpg": {"object_bounding_box": [889, 766, 141, 454], "object_presence": 1}, "P767--vagabond-ale-bottle--clutter--6a_0sM0MdPHl_5pLHePNq1qx-aZz90FpVAXPofNn1i4-00149.jpg": {"object_bounding_box": [884, 759, 143, 454], "object_presence": 1}, "P767--vagabond-ale-bottle--clutter--6a_0sM0MdPHl_5pLHePNq1qx-aZz90FpVAXPofNn1i4-00150.jpg": {"object_bounding_box": [877, 757, 142, 448], "object_presence": 1}, "P767--vagabond-ale-bottle--clutter--6a_0sM0MdPHl_5pLHePNq1qx-aZz90FpVAXPofNn1i4-00151.jpg": {"object_bounding_box": [870, 754, 140, 448], "object_presence": 1}, "P767--vagabond-ale-bottle--clutter--6a_0sM0MdPHl_5pLHePNq1qx-aZz90FpVAXPofNn1i4-00152.jpg": {"object_bounding_box": [861, 738, 139, 443], "object_presence": 1}, "P767--vagabond-ale-bottle--clutter--6a_0sM0MdPHl_5pLHePNq1qx-aZz90FpVAXPofNn1i4-00153.jpg": {"object_bounding_box": [855, 733, 141, 442], "object_presence": 1}, "P767--vagabond-ale-bottle--clutter--6a_0sM0MdPHl_5pLHePNq1qx-aZz90FpVAXPofNn1i4-00154.jpg": {"object_bounding_box": [843, 722, 141, 438], "object_presence": 1}, "P767--vagabond-ale-bottle--clutter--6a_0sM0MdPHl_5pLHePNq1qx-aZz90FpVAXPofNn1i4-00155.jpg": {"object_bounding_box": [835, 705, 145, 433], "object_presence": 1}, "P767--vagabond-ale-bottle--clutter--6a_0sM0MdPHl_5pLHePNq1qx-aZz90FpVAXPofNn1i4-00156.jpg": {"object_bounding_box": [830, 703, 141, 430], "object_presence": 1}, "P767--vagabond-ale-bottle--clutter--6a_0sM0MdPHl_5pLHePNq1qx-aZz90FpVAXPofNn1i4-00157.jpg": {"object_bounding_box": [826, 695, 141, 428], "object_presence": 1}, "P767--vagabond-ale-bottle--clutter--6a_0sM0MdPHl_5pLHePNq1qx-aZz90FpVAXPofNn1i4-00158.jpg": {"object_bounding_box": [817, 684, 140, 424], "object_presence": 1}, "P767--vagabond-ale-bottle--clutter--6a_0sM0MdPHl_5pLHePNq1qx-aZz90FpVAXPofNn1i4-00159.jpg": {"object_bounding_box": [809, 678, 140, 420], "object_presence": 1}, "P767--vagabond-ale-bottle--clutter--6a_0sM0MdPHl_5pLHePNq1qx-aZz90FpVAXPofNn1i4-00160.jpg": {"object_bounding_box": [796, 669, 142, 419], "object_presence": 1}, "P767--vagabond-ale-bottle--clutter--6a_0sM0MdPHl_5pLHePNq1qx-aZz90FpVAXPofNn1i4-00161.jpg": {"object_bounding_box": [776, 665, 142, 417], "object_presence": 1}, "P767--vagabond-ale-bottle--clutter--6a_0sM0MdPHl_5pLHePNq1qx-aZz90FpVAXPofNn1i4-00162.jpg": {"object_bounding_box": [763, 665, 141, 414], "object_presence": 1}, "P767--vagabond-ale-bottle--clutter--6a_0sM0MdPHl_5pLHePNq1qx-aZz90FpVAXPofNn1i4-00163.jpg": {"object_bounding_box": [754, 661, 140, 411], "object_presence": 1}, "P767--vagabond-ale-bottle--clutter--6a_0sM0MdPHl_5pLHePNq1qx-aZz90FpVAXPofNn1i4-00164.jpg": {"object_bounding_box": [747, 658, 136, 411], "object_presence": 1}, "P767--vagabond-ale-bottle--clutter--6a_0sM0MdPHl_5pLHePNq1qx-aZz90FpVAXPofNn1i4-00165.jpg": {"object_bounding_box": [739, 654, 138, 407], "object_presence": 1}, "P767--vagabond-ale-bottle--clutter--6a_0sM0MdPHl_5pLHePNq1qx-aZz90FpVAXPofNn1i4-00166.jpg": {"object_bounding_box": [728, 651, 136, 406], "object_presence": 1}, "P767--vagabond-ale-bottle--clutter--6a_0sM0MdPHl_5pLHePNq1qx-aZz90FpVAXPofNn1i4-00167.jpg": {"object_bounding_box": [718, 651, 134, 403], "object_presence": 1}, "P767--vagabond-ale-bottle--clutter--6a_0sM0MdPHl_5pLHePNq1qx-aZz90FpVAXPofNn1i4-00168.jpg": {"object_bounding_box": [705, 653, 130, 401], "object_presence": 1}, "P767--vagabond-ale-bottle--clutter--6a_0sM0MdPHl_5pLHePNq1qx-aZz90FpVAXPofNn1i4-00169.jpg": {"object_bounding_box": [696, 662, 131, 398], "object_presence": 1}, "P767--vagabond-ale-bottle--clutter--6a_0sM0MdPHl_5pLHePNq1qx-aZz90FpVAXPofNn1i4-00170.jpg": {"object_bounding_box": [690, 655, 132, 397], "object_presence": 1}, "P767--vagabond-ale-bottle--clutter--6a_0sM0MdPHl_5pLHePNq1qx-aZz90FpVAXPofNn1i4-00171.jpg": {"object_bounding_box": [680, 653, 133, 395], "object_presence": 1}, "P767--vagabond-ale-bottle--clutter--6a_0sM0MdPHl_5pLHePNq1qx-aZz90FpVAXPofNn1i4-00172.jpg": {"object_bounding_box": [669, 644, 134, 395], "object_presence": 1}, "P767--vagabond-ale-bottle--clutter--6a_0sM0MdPHl_5pLHePNq1qx-aZz90FpVAXPofNn1i4-00173.jpg": {"object_bounding_box": [659, 637, 132, 390], "object_presence": 1}, "P767--vagabond-ale-bottle--clutter--6a_0sM0MdPHl_5pLHePNq1qx-aZz90FpVAXPofNn1i4-00174.jpg": {"object_bounding_box": [651, 635, 130, 389], "object_presence": 1}, "P767--vagabond-ale-bottle--clutter--6a_0sM0MdPHl_5pLHePNq1qx-aZz90FpVAXPofNn1i4-00175.jpg": {"object_bounding_box": [640, 630, 131, 388], "object_presence": 1}, "P767--vagabond-ale-bottle--clutter--6a_0sM0MdPHl_5pLHePNq1qx-aZz90FpVAXPofNn1i4-00176.jpg": {"object_bounding_box": [631, 627, 134, 386], "object_presence": 1}, "P767--vagabond-ale-bottle--clutter--6a_0sM0MdPHl_5pLHePNq1qx-aZz90FpVAXPofNn1i4-00177.jpg": {"object_bounding_box": [624, 623, 131, 383], "object_presence": 1}, "P767--vagabond-ale-bottle--clutter--6a_0sM0MdPHl_5pLHePNq1qx-aZz90FpVAXPofNn1i4-00178.jpg": {"object_bounding_box": [623, 621, 132, 383], "object_presence": 1}, "P767--vagabond-ale-bottle--clutter--6a_0sM0MdPHl_5pLHePNq1qx-aZz90FpVAXPofNn1i4-00179.jpg": {"object_bounding_box": [618, 619, 134, 384], "object_presence": 1}, "P767--vagabond-ale-bottle--clutter--6a_0sM0MdPHl_5pLHePNq1qx-aZz90FpVAXPofNn1i4-00180.jpg": {"object_bounding_box": [614, 615, 134, 383], "object_presence": 1}, "P767--vagabond-ale-bottle--clutter--6a_0sM0MdPHl_5pLHePNq1qx-aZz90FpVAXPofNn1i4-00181.jpg": {"object_bounding_box": [602, 613, 132, 382], "object_presence": 1}, "P767--vagabond-ale-bottle--clutter--6a_0sM0MdPHl_5pLHePNq1qx-aZz90FpVAXPofNn1i4-00182.jpg": {"object_bounding_box": [591, 611, 133, 379], "object_presence": 1}, "P767--vagabond-ale-bottle--clutter--6a_0sM0MdPHl_5pLHePNq1qx-aZz90FpVAXPofNn1i4-00183.jpg": {"object_bounding_box": [577, 611, 136, 378], "object_presence": 1}, "P767--vagabond-ale-bottle--clutter--6a_0sM0MdPHl_5pLHePNq1qx-aZz90FpVAXPofNn1i4-00184.jpg": {"object_bounding_box": [567, 613, 137, 379], "object_presence": 1}, "P767--vagabond-ale-bottle--clutter--6a_0sM0MdPHl_5pLHePNq1qx-aZz90FpVAXPofNn1i4-00185.jpg": {"object_bounding_box": [559, 618, 133, 377], "object_presence": 1}, "P767--vagabond-ale-bottle--clutter--6a_0sM0MdPHl_5pLHePNq1qx-aZz90FpVAXPofNn1i4-00186.jpg": {"object_bounding_box": [553, 621, 134, 376], "object_presence": 1}, "P767--vagabond-ale-bottle--clutter--6a_0sM0MdPHl_5pLHePNq1qx-aZz90FpVAXPofNn1i4-00187.jpg": {"object_bounding_box": [549, 629, 134, 374], "object_presence": 1}, "P767--vagabond-ale-bottle--clutter--6a_0sM0MdPHl_5pLHePNq1qx-aZz90FpVAXPofNn1i4-00188.jpg": {"object_bounding_box": [552, 628, 135, 376], "object_presence": 1}, "P767--vagabond-ale-bottle--clutter--6a_0sM0MdPHl_5pLHePNq1qx-aZz90FpVAXPofNn1i4-00189.jpg": {"object_bounding_box": [549, 625, 131, 376], "object_presence": 1}, "P767--vagabond-ale-bottle--clutter--6a_0sM0MdPHl_5pLHePNq1qx-aZz90FpVAXPofNn1i4-00190.jpg": {"object_bounding_box": [542, 627, 134, 375], "object_presence": 1}, "P767--vagabond-ale-bottle--clutter--6a_0sM0MdPHl_5pLHePNq1qx-aZz90FpVAXPofNn1i4-00191.jpg": {"object_bounding_box": [541, 628, 133, 373], "object_presence": 1}, "P767--vagabond-ale-bottle--clutter--6a_0sM0MdPHl_5pLHePNq1qx-aZz90FpVAXPofNn1i4-00192.jpg": {"object_bounding_box": [541, 622, 133, 376], "object_presence": 1}, "P767--vagabond-ale-bottle--clutter--6a_0sM0MdPHl_5pLHePNq1qx-aZz90FpVAXPofNn1i4-00193.jpg": {"object_bounding_box": [535, 627, 134, 373], "object_presence": 1}, "P767--vagabond-ale-bottle--clutter--6a_0sM0MdPHl_5pLHePNq1qx-aZz90FpVAXPofNn1i4-00194.jpg": {"object_bounding_box": [538, 632, 134, 373], "object_presence": 1}, "P767--vagabond-ale-bottle--clutter--6a_0sM0MdPHl_5pLHePNq1qx-aZz90FpVAXPofNn1i4-00195.jpg": {"object_bounding_box": [534, 639, 132, 373], "object_presence": 1}, "P767--vagabond-ale-bottle--clutter--6a_0sM0MdPHl_5pLHePNq1qx-aZz90FpVAXPofNn1i4-00196.jpg": {"object_bounding_box": [532, 650, 130, 375], "object_presence": 1}, "P767--vagabond-ale-bottle--clutter--6a_0sM0MdPHl_5pLHePNq1qx-aZz90FpVAXPofNn1i4-00197.jpg": {"object_bounding_box": [529, 661, 131, 374], "object_presence": 1}, "P767--vagabond-ale-bottle--clutter--6a_0sM0MdPHl_5pLHePNq1qx-aZz90FpVAXPofNn1i4-00198.jpg": {"object_bounding_box": [521, 672, 128, 374], "object_presence": 1}, "P767--vagabond-ale-bottle--clutter--6a_0sM0MdPHl_5pLHePNq1qx-aZz90FpVAXPofNn1i4-00199.jpg": {"object_bounding_box": [517, 682, 127, 376], "object_presence": 1}, "P767--vagabond-ale-bottle--clutter--6a_0sM0MdPHl_5pLHePNq1qx-aZz90FpVAXPofNn1i4-00200.jpg": {"object_bounding_box": [505, 693, 129, 375], "object_presence": 1}, "P767--vagabond-ale-bottle--clutter--6a_0sM0MdPHl_5pLHePNq1qx-aZz90FpVAXPofNn1i4-00201.jpg": {"object_bounding_box": [494, 708, 127, 375], "object_presence": 1}, "P767--vagabond-ale-bottle--clutter--6a_0sM0MdPHl_5pLHePNq1qx-aZz90FpVAXPofNn1i4-00202.jpg": {"object_bounding_box": [485, 715, 125, 378], "object_presence": 1}, "P767--vagabond-ale-bottle--clutter--6a_0sM0MdPHl_5pLHePNq1qx-aZz90FpVAXPofNn1i4-00203.jpg": {"object_bounding_box": [474, 716, 128, 377], "object_presence": 1}, "P767--vagabond-ale-bottle--clutter--6a_0sM0MdPHl_5pLHePNq1qx-aZz90FpVAXPofNn1i4-00204.jpg": {"object_bounding_box": [461, 718, 129, 378], "object_presence": 1}, "P767--vagabond-ale-bottle--clutter--6a_0sM0MdPHl_5pLHePNq1qx-aZz90FpVAXPofNn1i4-00205.jpg": {"object_bounding_box": [450, 706, 132, 379], "object_presence": 1}, "P767--vagabond-ale-bottle--clutter--6a_0sM0MdPHl_5pLHePNq1qx-aZz90FpVAXPofNn1i4-00206.jpg": {"object_bounding_box": [434, 700, 133, 376], "object_presence": 1}, "P767--vagabond-ale-bottle--clutter--6a_0sM0MdPHl_5pLHePNq1qx-aZz90FpVAXPofNn1i4-00207.jpg": {"object_bounding_box": [412, 715, 133, 372], "object_presence": 1}, "P767--vagabond-ale-bottle--clutter--6a_0sM0MdPHl_5pLHePNq1qx-aZz90FpVAXPofNn1i4-00208.jpg": {"object_bounding_box": [403, 723, 140, 376], "object_presence": 1}, "P767--vagabond-ale-bottle--clutter--6a_0sM0MdPHl_5pLHePNq1qx-aZz90FpVAXPofNn1i4-00209.jpg": {"object_bounding_box": [400, 722, 139, 376], "object_presence": 1}, "P767--vagabond-ale-bottle--clutter--6a_0sM0MdPHl_5pLHePNq1qx-aZz90FpVAXPofNn1i4-00210.jpg": {"object_bounding_box": [393, 720, 138, 376], "object_presence": 1}, "P767--vagabond-ale-bottle--clutter--6a_0sM0MdPHl_5pLHePNq1qx-aZz90FpVAXPofNn1i4-00211.jpg": {"object_bounding_box": [391, 720, 143, 376], "object_presence": 1}, "P767--vagabond-ale-bottle--clutter--6a_0sM0MdPHl_5pLHePNq1qx-aZz90FpVAXPofNn1i4-00212.jpg": {"object_bounding_box": [383, 731, 141, 378], "object_presence": 1}, "P767--vagabond-ale-bottle--clutter--6a_0sM0MdPHl_5pLHePNq1qx-aZz90FpVAXPofNn1i4-00213.jpg": {"object_bounding_box": [377, 734, 142, 380], "object_presence": 1}, "P767--vagabond-ale-bottle--clutter--6a_0sM0MdPHl_5pLHePNq1qx-aZz90FpVAXPofNn1i4-00214.jpg": {"object_bounding_box": [372, 741, 144, 378], "object_presence": 1}, "P767--vagabond-ale-bottle--clutter--6a_0sM0MdPHl_5pLHePNq1qx-aZz90FpVAXPofNn1i4-00215.jpg": {"object_bounding_box": [372, 751, 144, 380], "object_presence": 1}, "P767--vagabond-ale-bottle--clutter--6a_0sM0MdPHl_5pLHePNq1qx-aZz90FpVAXPofNn1i4-00216.jpg": {"object_bounding_box": [374, 755, 144, 381], "object_presence": 1}, "P767--vagabond-ale-bottle--clutter--6a_0sM0MdPHl_5pLHePNq1qx-aZz90FpVAXPofNn1i4-00217.jpg": {"object_bounding_box": [372, 761, 140, 382], "object_presence": 1}, "P767--vagabond-ale-bottle--clutter--6a_0sM0MdPHl_5pLHePNq1qx-aZz90FpVAXPofNn1i4-00218.jpg": {"object_bounding_box": [374, 770, 143, 382], "object_presence": 1}, "P767--vagabond-ale-bottle--clutter--6a_0sM0MdPHl_5pLHePNq1qx-aZz90FpVAXPofNn1i4-00219.jpg": {"object_bounding_box": [374, 774, 140, 379], "object_presence": 1}, "P767--vagabond-ale-bottle--clutter--6a_0sM0MdPHl_5pLHePNq1qx-aZz90FpVAXPofNn1i4-00220.jpg": {"object_bounding_box": [372, 774, 152, 381], "object_presence": 1}, "P767--vagabond-ale-bottle--clutter--6a_0sM0MdPHl_5pLHePNq1qx-aZz90FpVAXPofNn1i4-00221.jpg": {"object_bounding_box": [370, 776, 149, 384], "object_presence": 1}, "P767--vagabond-ale-bottle--clutter--6a_0sM0MdPHl_5pLHePNq1qx-aZz90FpVAXPofNn1i4-00222.jpg": {"object_bounding_box": [371, 785, 152, 381], "object_presence": 1}, "P767--vagabond-ale-bottle--clutter--6a_0sM0MdPHl_5pLHePNq1qx-aZz90FpVAXPofNn1i4-00223.jpg": {"object_bounding_box": [366, 776, 155, 384], "object_presence": 1}, "P767--vagabond-ale-bottle--clutter--6a_0sM0MdPHl_5pLHePNq1qx-aZz90FpVAXPofNn1i4-00224.jpg": {"object_bounding_box": [362, 782, 156, 378], "object_presence": 1}, "P767--vagabond-ale-bottle--clutter--6a_0sM0MdPHl_5pLHePNq1qx-aZz90FpVAXPofNn1i4-00225.jpg": {"object_bounding_box": [360, 786, 155, 382], "object_presence": 1}, "P767--vagabond-ale-bottle--clutter--6a_0sM0MdPHl_5pLHePNq1qx-aZz90FpVAXPofNn1i4-00226.jpg": {"object_bounding_box": [369, 794, 156, 384], "object_presence": 1}, "P767--vagabond-ale-bottle--clutter--6a_0sM0MdPHl_5pLHePNq1qx-aZz90FpVAXPofNn1i4-00227.jpg": {"object_bounding_box": [373, 802, 154, 382], "object_presence": 1}, "P767--vagabond-ale-bottle--clutter--6a_0sM0MdPHl_5pLHePNq1qx-aZz90FpVAXPofNn1i4-00228.jpg": {"object_bounding_box": [370, 801, 154, 382], "object_presence": 1}, "P767--vagabond-ale-bottle--clutter--6a_0sM0MdPHl_5pLHePNq1qx-aZz90FpVAXPofNn1i4-00229.jpg": {"object_bounding_box": [371, 803, 155, 381], "object_presence": 1}, "P767--vagabond-ale-bottle--clutter--6a_0sM0MdPHl_5pLHePNq1qx-aZz90FpVAXPofNn1i4-00230.jpg": {"object_bounding_box": [385, 816, 156, 382], "object_presence": 1}, "P767--vagabond-ale-bottle--clutter--6a_0sM0MdPHl_5pLHePNq1qx-aZz90FpVAXPofNn1i4-00231.jpg": {"object_bounding_box": [385, 812, 155, 382], "object_presence": 1}, "P767--vagabond-ale-bottle--clutter--6a_0sM0MdPHl_5pLHePNq1qx-aZz90FpVAXPofNn1i4-00232.jpg": {"object_bounding_box": [392, 806, 154, 384], "object_presence": 1}, "P767--vagabond-ale-bottle--clutter--6a_0sM0MdPHl_5pLHePNq1qx-aZz90FpVAXPofNn1i4-00233.jpg": {"object_bounding_box": [389, 812, 149, 380], "object_presence": 1}, "P767--vagabond-ale-bottle--clutter--6a_0sM0MdPHl_5pLHePNq1qx-aZz90FpVAXPofNn1i4-00234.jpg": {"object_bounding_box": [399, 809, 147, 383], "object_presence": 1}, "P767--vagabond-ale-bottle--clutter--6a_0sM0MdPHl_5pLHePNq1qx-aZz90FpVAXPofNn1i4-00235.jpg": {"object_bounding_box": [411, 806, 145, 383], "object_presence": 1}, "P767--vagabond-ale-bottle--clutter--6a_0sM0MdPHl_5pLHePNq1qx-aZz90FpVAXPofNn1i4-00236.jpg": {"object_bounding_box": [413, 802, 149, 383], "object_presence": 1}}