{"P767--shoulder-bag--clutter--3-Z0dfrBh1_4WoaPZNO9XJjZMSUsWxkZqCEtRaCQPLQ-00001.jpg": {"object_bounding_box": [0, 0, 0, 0], "object_presence": 0}, "P767--shoulder-bag--clutter--3-Z0dfrBh1_4WoaPZNO9XJjZMSUsWxkZqCEtRaCQPLQ-00002.jpg": {"object_bounding_box": [0, 0, 0, 0], "object_presence": 0}, "P767--shoulder-bag--clutter--3-Z0dfrBh1_4WoaPZNO9XJjZMSUsWxkZqCEtRaCQPLQ-00003.jpg": {"object_bounding_box": [0, 0, 0, 0], "object_presence": 0}, "P767--shoulder-bag--clutter--3-Z0dfrBh1_4WoaPZNO9XJjZMSUsWxkZqCEtRaCQPLQ-00004.jpg": {"object_bounding_box": [0, 0, 0, 0], "object_presence": 0}, "P767--shoulder-bag--clutter--3-Z0dfrBh1_4WoaPZNO9XJjZMSUsWxkZqCEtRaCQPLQ-00005.jpg": {"object_bounding_box": [0, 0, 0, 0], "object_presence": 0}, "P767--shoulder-bag--clutter--3-Z0dfrBh1_4WoaPZNO9XJjZMSUsWxkZqCEtRaCQPLQ-00006.jpg": {"object_bounding_box": [0, 0, 0, 0], "object_presence": 0}, "P767--shoulder-bag--clutter--3-Z0dfrBh1_4WoaPZNO9XJjZMSUsWxkZqCEtRaCQPLQ-00007.jpg": {"object_bounding_box": [0, 0, 0, 0], "object_presence": 0}, "P767--shoulder-bag--clutter--3-Z0dfrBh1_4WoaPZNO9XJjZMSUsWxkZqCEtRaCQPLQ-00008.jpg": {"object_bounding_box": [0, 0, 0, 0], "object_presence": 0}, "P767--shoulder-bag--clutter--3-Z0dfrBh1_4WoaPZNO9XJjZMSUsWxkZqCEtRaCQPLQ-00009.jpg": {"object_bounding_box": [0, 0, 0, 0], "object_presence": 0}, "P767--shoulder-bag--clutter--3-Z0dfrBh1_4WoaPZNO9XJjZMSUsWxkZqCEtRaCQPLQ-00010.jpg": {"object_bounding_box": [0, 0, 0, 0], "object_presence": 0}, "P767--shoulder-bag--clutter--3-Z0dfrBh1_4WoaPZNO9XJjZMSUsWxkZqCEtRaCQPLQ-00011.jpg": {"object_bounding_box": [0, 0, 0, 0], "object_presence": 0}, "P767--shoulder-bag--clutter--3-Z0dfrBh1_4WoaPZNO9XJjZMSUsWxkZqCEtRaCQPLQ-00012.jpg": {"object_bounding_box": [0, 0, 0, 0], "object_presence": 0}, "P767--shoulder-bag--clutter--3-Z0dfrBh1_4WoaPZNO9XJjZMSUsWxkZqCEtRaCQPLQ-00013.jpg": {"object_bounding_box": [0, 0, 0, 0], "object_presence": 0}, "P767--shoulder-bag--clutter--3-Z0dfrBh1_4WoaPZNO9XJjZMSUsWxkZqCEtRaCQPLQ-00014.jpg": {"object_bounding_box": [0, 0, 0, 0], "object_presence": 0}, "P767--shoulder-bag--clutter--3-Z0dfrBh1_4WoaPZNO9XJjZMSUsWxkZqCEtRaCQPLQ-00015.jpg": {"object_bounding_box": [0, 0, 0, 0], "object_presence": 0}, "P767--shoulder-bag--clutter--3-Z0dfrBh1_4WoaPZNO9XJjZMSUsWxkZqCEtRaCQPLQ-00016.jpg": {"object_bounding_box": [0, 0, 0, 0], "object_presence": 0}, "P767--shoulder-bag--clutter--3-Z0dfrBh1_4WoaPZNO9XJjZMSUsWxkZqCEtRaCQPLQ-00017.jpg": {"object_bounding_box": [0, 0, 0, 0], "object_presence": 0}, "P767--shoulder-bag--clutter--3-Z0dfrBh1_4WoaPZNO9XJjZMSUsWxkZqCEtRaCQPLQ-00018.jpg": {"object_bounding_box": [0, 0, 0, 0], "object_presence": 0}, "P767--shoulder-bag--clutter--3-Z0dfrBh1_4WoaPZNO9XJjZMSUsWxkZqCEtRaCQPLQ-00019.jpg": {"object_bounding_box": [0, 0, 0, 0], "object_presence": 0}, "P767--shoulder-bag--clutter--3-Z0dfrBh1_4WoaPZNO9XJjZMSUsWxkZqCEtRaCQPLQ-00020.jpg": {"object_bounding_box": [0, 0, 0, 0], "object_presence": 0}, "P767--shoulder-bag--clutter--3-Z0dfrBh1_4WoaPZNO9XJjZMSUsWxkZqCEtRaCQPLQ-00021.jpg": {"object_bounding_box": [0, 0, 0, 0], "object_presence": 0}, "P767--shoulder-bag--clutter--3-Z0dfrBh1_4WoaPZNO9XJjZMSUsWxkZqCEtRaCQPLQ-00022.jpg": {"object_bounding_box": [0, 0, 0, 0], "object_presence": 0}, "P767--shoulder-bag--clutter--3-Z0dfrBh1_4WoaPZNO9XJjZMSUsWxkZqCEtRaCQPLQ-00023.jpg": {"object_bounding_box": [0, 0, 0, 0], "object_presence": 0}, "P767--shoulder-bag--clutter--3-Z0dfrBh1_4WoaPZNO9XJjZMSUsWxkZqCEtRaCQPLQ-00024.jpg": {"object_bounding_box": [0, 0, 0, 0], "object_presence": 0}, "P767--shoulder-bag--clutter--3-Z0dfrBh1_4WoaPZNO9XJjZMSUsWxkZqCEtRaCQPLQ-00025.jpg": {"object_bounding_box": [0, 0, 0, 0], "object_presence": 0}, "P767--shoulder-bag--clutter--3-Z0dfrBh1_4WoaPZNO9XJjZMSUsWxkZqCEtRaCQPLQ-00026.jpg": {"object_bounding_box": [0, 0, 0, 0], "object_presence": 0}, "P767--shoulder-bag--clutter--3-Z0dfrBh1_4WoaPZNO9XJjZMSUsWxkZqCEtRaCQPLQ-00027.jpg": {"object_bounding_box": [0, 0, 0, 0], "object_presence": 0}, "P767--shoulder-bag--clutter--3-Z0dfrBh1_4WoaPZNO9XJjZMSUsWxkZqCEtRaCQPLQ-00028.jpg": {"object_bounding_box": [0, 0, 0, 0], "object_presence": 0}, "P767--shoulder-bag--clutter--3-Z0dfrBh1_4WoaPZNO9XJjZMSUsWxkZqCEtRaCQPLQ-00029.jpg": {"object_bounding_box": [0, 0, 0, 0], "object_presence": 0}, "P767--shoulder-bag--clutter--3-Z0dfrBh1_4WoaPZNO9XJjZMSUsWxkZqCEtRaCQPLQ-00030.jpg": {"object_bounding_box": [0, 0, 0, 0], "object_presence": 0}, "P767--shoulder-bag--clutter--3-Z0dfrBh1_4WoaPZNO9XJjZMSUsWxkZqCEtRaCQPLQ-00031.jpg": {"object_bounding_box": [0, 0, 0, 0], "object_presence": 0}, "P767--shoulder-bag--clutter--3-Z0dfrBh1_4WoaPZNO9XJjZMSUsWxkZqCEtRaCQPLQ-00032.jpg": {"object_bounding_box": [0, 0, 0, 0], "object_presence": 0}, "P767--shoulder-bag--clutter--3-Z0dfrBh1_4WoaPZNO9XJjZMSUsWxkZqCEtRaCQPLQ-00033.jpg": {"object_bounding_box": [0, 0, 0, 0], "object_presence": 0}, "P767--shoulder-bag--clutter--3-Z0dfrBh1_4WoaPZNO9XJjZMSUsWxkZqCEtRaCQPLQ-00034.jpg": {"object_bounding_box": [0, 0, 0, 0], "object_presence": 0}, "P767--shoulder-bag--clutter--3-Z0dfrBh1_4WoaPZNO9XJjZMSUsWxkZqCEtRaCQPLQ-00035.jpg": {"object_bounding_box": [0, 0, 0, 0], "object_presence": 0}, "P767--shoulder-bag--clutter--3-Z0dfrBh1_4WoaPZNO9XJjZMSUsWxkZqCEtRaCQPLQ-00036.jpg": {"object_bounding_box": [0, 0, 0, 0], "object_presence": 0}, "P767--shoulder-bag--clutter--3-Z0dfrBh1_4WoaPZNO9XJjZMSUsWxkZqCEtRaCQPLQ-00037.jpg": {"object_bounding_box": [0, 0, 0, 0], "object_presence": 0}, "P767--shoulder-bag--clutter--3-Z0dfrBh1_4WoaPZNO9XJjZMSUsWxkZqCEtRaCQPLQ-00038.jpg": {"object_bounding_box": [0, 0, 0, 0], "object_presence": 0}, "P767--shoulder-bag--clutter--3-Z0dfrBh1_4WoaPZNO9XJjZMSUsWxkZqCEtRaCQPLQ-00039.jpg": {"object_bounding_box": [0, 0, 0, 0], "object_presence": 0}, "P767--shoulder-bag--clutter--3-Z0dfrBh1_4WoaPZNO9XJjZMSUsWxkZqCEtRaCQPLQ-00040.jpg": {"object_bounding_box": [0, 0, 0, 0], "object_presence": 0}, "P767--shoulder-bag--clutter--3-Z0dfrBh1_4WoaPZNO9XJjZMSUsWxkZqCEtRaCQPLQ-00041.jpg": {"object_bounding_box": [0, 0, 0, 0], "object_presence": 0}, "P767--shoulder-bag--clutter--3-Z0dfrBh1_4WoaPZNO9XJjZMSUsWxkZqCEtRaCQPLQ-00042.jpg": {"object_bounding_box": [0, 0, 0, 0], "object_presence": 0}, "P767--shoulder-bag--clutter--3-Z0dfrBh1_4WoaPZNO9XJjZMSUsWxkZqCEtRaCQPLQ-00043.jpg": {"object_bounding_box": [0, 0, 0, 0], "object_presence": 0}, "P767--shoulder-bag--clutter--3-Z0dfrBh1_4WoaPZNO9XJjZMSUsWxkZqCEtRaCQPLQ-00044.jpg": {"object_bounding_box": [0, 0, 0, 0], "object_presence": 0}, "P767--shoulder-bag--clutter--3-Z0dfrBh1_4WoaPZNO9XJjZMSUsWxkZqCEtRaCQPLQ-00045.jpg": {"object_bounding_box": [0, 0, 0, 0], "object_presence": 0}, "P767--shoulder-bag--clutter--3-Z0dfrBh1_4WoaPZNO9XJjZMSUsWxkZqCEtRaCQPLQ-00046.jpg": {"object_bounding_box": [0, 0, 0, 0], "object_presence": 0}, "P767--shoulder-bag--clutter--3-Z0dfrBh1_4WoaPZNO9XJjZMSUsWxkZqCEtRaCQPLQ-00047.jpg": {"object_bounding_box": [0, 0, 0, 0], "object_presence": 0}, "P767--shoulder-bag--clutter--3-Z0dfrBh1_4WoaPZNO9XJjZMSUsWxkZqCEtRaCQPLQ-00048.jpg": {"object_bounding_box": [0, 0, 0, 0], "object_presence": 0}, "P767--shoulder-bag--clutter--3-Z0dfrBh1_4WoaPZNO9XJjZMSUsWxkZqCEtRaCQPLQ-00049.jpg": {"object_bounding_box": [0, 0, 0, 0], "object_presence": 0}, "P767--shoulder-bag--clutter--3-Z0dfrBh1_4WoaPZNO9XJjZMSUsWxkZqCEtRaCQPLQ-00050.jpg": {"object_bounding_box": [0, 0, 0, 0], "object_presence": 0}, "P767--shoulder-bag--clutter--3-Z0dfrBh1_4WoaPZNO9XJjZMSUsWxkZqCEtRaCQPLQ-00051.jpg": {"object_bounding_box": [0, 0, 0, 0], "object_presence": 0}, "P767--shoulder-bag--clutter--3-Z0dfrBh1_4WoaPZNO9XJjZMSUsWxkZqCEtRaCQPLQ-00052.jpg": {"object_bounding_box": [0, 0, 0, 0], "object_presence": 0}, "P767--shoulder-bag--clutter--3-Z0dfrBh1_4WoaPZNO9XJjZMSUsWxkZqCEtRaCQPLQ-00053.jpg": {"object_bounding_box": [0, 0, 0, 0], "object_presence": 0}, "P767--shoulder-bag--clutter--3-Z0dfrBh1_4WoaPZNO9XJjZMSUsWxkZqCEtRaCQPLQ-00054.jpg": {"object_bounding_box": [0, 0, 0, 0], "object_presence": 0}, "P767--shoulder-bag--clutter--3-Z0dfrBh1_4WoaPZNO9XJjZMSUsWxkZqCEtRaCQPLQ-00055.jpg": {"object_bounding_box": [0, 0, 0, 0], "object_presence": 0}, "P767--shoulder-bag--clutter--3-Z0dfrBh1_4WoaPZNO9XJjZMSUsWxkZqCEtRaCQPLQ-00056.jpg": {"object_bounding_box": [0, 0, 0, 0], "object_presence": 0}, "P767--shoulder-bag--clutter--3-Z0dfrBh1_4WoaPZNO9XJjZMSUsWxkZqCEtRaCQPLQ-00057.jpg": {"object_bounding_box": [0, 0, 0, 0], "object_presence": 0}, "P767--shoulder-bag--clutter--3-Z0dfrBh1_4WoaPZNO9XJjZMSUsWxkZqCEtRaCQPLQ-00058.jpg": {"object_bounding_box": [0, 0, 0, 0], "object_presence": 0}, "P767--shoulder-bag--clutter--3-Z0dfrBh1_4WoaPZNO9XJjZMSUsWxkZqCEtRaCQPLQ-00059.jpg": {"object_bounding_box": [0, 0, 0, 0], "object_presence": 0}, "P767--shoulder-bag--clutter--3-Z0dfrBh1_4WoaPZNO9XJjZMSUsWxkZqCEtRaCQPLQ-00060.jpg": {"object_bounding_box": [0, 0, 0, 0], "object_presence": 0}, "P767--shoulder-bag--clutter--3-Z0dfrBh1_4WoaPZNO9XJjZMSUsWxkZqCEtRaCQPLQ-00061.jpg": {"object_bounding_box": [0, 0, 0, 0], "object_presence": 0}, "P767--shoulder-bag--clutter--3-Z0dfrBh1_4WoaPZNO9XJjZMSUsWxkZqCEtRaCQPLQ-00062.jpg": {"object_bounding_box": [0, 0, 0, 0], "object_presence": 0}, "P767--shoulder-bag--clutter--3-Z0dfrBh1_4WoaPZNO9XJjZMSUsWxkZqCEtRaCQPLQ-00063.jpg": {"object_bounding_box": [0, 0, 0, 0], "object_presence": 0}, "P767--shoulder-bag--clutter--3-Z0dfrBh1_4WoaPZNO9XJjZMSUsWxkZqCEtRaCQPLQ-00064.jpg": {"object_bounding_box": [0, 0, 0, 0], "object_presence": 0}, "P767--shoulder-bag--clutter--3-Z0dfrBh1_4WoaPZNO9XJjZMSUsWxkZqCEtRaCQPLQ-00065.jpg": {"object_bounding_box": [0, 0, 0, 0], "object_presence": 0}, "P767--shoulder-bag--clutter--3-Z0dfrBh1_4WoaPZNO9XJjZMSUsWxkZqCEtRaCQPLQ-00066.jpg": {"object_bounding_box": [0, 0, 0, 0], "object_presence": 0}, "P767--shoulder-bag--clutter--3-Z0dfrBh1_4WoaPZNO9XJjZMSUsWxkZqCEtRaCQPLQ-00067.jpg": {"object_bounding_box": [0, 0, 0, 0], "object_presence": 0}, "P767--shoulder-bag--clutter--3-Z0dfrBh1_4WoaPZNO9XJjZMSUsWxkZqCEtRaCQPLQ-00068.jpg": {"object_bounding_box": [0, 0, 0, 0], "object_presence": 0}, "P767--shoulder-bag--clutter--3-Z0dfrBh1_4WoaPZNO9XJjZMSUsWxkZqCEtRaCQPLQ-00069.jpg": {"object_bounding_box": [0, 0, 0, 0], "object_presence": 0}, "P767--shoulder-bag--clutter--3-Z0dfrBh1_4WoaPZNO9XJjZMSUsWxkZqCEtRaCQPLQ-00070.jpg": {"object_bounding_box": [0, 0, 0, 0], "object_presence": 0}, "P767--shoulder-bag--clutter--3-Z0dfrBh1_4WoaPZNO9XJjZMSUsWxkZqCEtRaCQPLQ-00071.jpg": {"object_bounding_box": [0, 0, 0, 0], "object_presence": 0}, "P767--shoulder-bag--clutter--3-Z0dfrBh1_4WoaPZNO9XJjZMSUsWxkZqCEtRaCQPLQ-00072.jpg": {"object_bounding_box": [0, 0, 0, 0], "object_presence": 0}, "P767--shoulder-bag--clutter--3-Z0dfrBh1_4WoaPZNO9XJjZMSUsWxkZqCEtRaCQPLQ-00073.jpg": {"object_bounding_box": [0, 0, 0, 0], "object_presence": 0}, "P767--shoulder-bag--clutter--3-Z0dfrBh1_4WoaPZNO9XJjZMSUsWxkZqCEtRaCQPLQ-00074.jpg": {"object_bounding_box": [0, 0, 0, 0], "object_presence": 0}, "P767--shoulder-bag--clutter--3-Z0dfrBh1_4WoaPZNO9XJjZMSUsWxkZqCEtRaCQPLQ-00075.jpg": {"object_bounding_box": [0, 0, 0, 0], "object_presence": 0}, "P767--shoulder-bag--clutter--3-Z0dfrBh1_4WoaPZNO9XJjZMSUsWxkZqCEtRaCQPLQ-00076.jpg": {"object_bounding_box": [0, 0, 0, 0], "object_presence": 0}, "P767--shoulder-bag--clutter--3-Z0dfrBh1_4WoaPZNO9XJjZMSUsWxkZqCEtRaCQPLQ-00077.jpg": {"object_bounding_box": [0, 0, 0, 0], "object_presence": 0}, "P767--shoulder-bag--clutter--3-Z0dfrBh1_4WoaPZNO9XJjZMSUsWxkZqCEtRaCQPLQ-00078.jpg": {"object_bounding_box": [0, 0, 0, 0], "object_presence": 0}, "P767--shoulder-bag--clutter--3-Z0dfrBh1_4WoaPZNO9XJjZMSUsWxkZqCEtRaCQPLQ-00079.jpg": {"object_bounding_box": [0, 0, 0, 0], "object_presence": 0}, "P767--shoulder-bag--clutter--3-Z0dfrBh1_4WoaPZNO9XJjZMSUsWxkZqCEtRaCQPLQ-00080.jpg": {"object_bounding_box": [0, 0, 0, 0], "object_presence": 0}, "P767--shoulder-bag--clutter--3-Z0dfrBh1_4WoaPZNO9XJjZMSUsWxkZqCEtRaCQPLQ-00081.jpg": {"object_bounding_box": [0, 0, 0, 0], "object_presence": 0}, "P767--shoulder-bag--clutter--3-Z0dfrBh1_4WoaPZNO9XJjZMSUsWxkZqCEtRaCQPLQ-00082.jpg": {"object_bounding_box": [662, 1067, 96, 13], "object_presence": 1}, "P767--shoulder-bag--clutter--3-Z0dfrBh1_4WoaPZNO9XJjZMSUsWxkZqCEtRaCQPLQ-00083.jpg": {"object_bounding_box": [594, 1057, 192, 23], "object_presence": 1}, "P767--shoulder-bag--clutter--3-Z0dfrBh1_4WoaPZNO9XJjZMSUsWxkZqCEtRaCQPLQ-00084.jpg": {"object_bounding_box": [388, 1051, 430, 29], "object_presence": 1}, "P767--shoulder-bag--clutter--3-Z0dfrBh1_4WoaPZNO9XJjZMSUsWxkZqCEtRaCQPLQ-00085.jpg": {"object_bounding_box": [337, 1036, 475, 44], "object_presence": 1}, "P767--shoulder-bag--clutter--3-Z0dfrBh1_4WoaPZNO9XJjZMSUsWxkZqCEtRaCQPLQ-00086.jpg": {"object_bounding_box": [333, 1030, 483, 50], "object_presence": 1}, "P767--shoulder-bag--clutter--3-Z0dfrBh1_4WoaPZNO9XJjZMSUsWxkZqCEtRaCQPLQ-00087.jpg": {"object_bounding_box": [160, 1026, 662, 54], "object_presence": 1}, "P767--shoulder-bag--clutter--3-Z0dfrBh1_4WoaPZNO9XJjZMSUsWxkZqCEtRaCQPLQ-00088.jpg": {"object_bounding_box": [106, 1012, 710, 68], "object_presence": 1}, "P767--shoulder-bag--clutter--3-Z0dfrBh1_4WoaPZNO9XJjZMSUsWxkZqCEtRaCQPLQ-00089.jpg": {"object_bounding_box": [59, 1004, 757, 76], "object_presence": 1}, "P767--shoulder-bag--clutter--3-Z0dfrBh1_4WoaPZNO9XJjZMSUsWxkZqCEtRaCQPLQ-00090.jpg": {"object_bounding_box": [0, 993, 816, 87], "object_presence": 1}, "P767--shoulder-bag--clutter--3-Z0dfrBh1_4WoaPZNO9XJjZMSUsWxkZqCEtRaCQPLQ-00091.jpg": {"object_bounding_box": [0, 991, 816, 89], "object_presence": 1}, "P767--shoulder-bag--clutter--3-Z0dfrBh1_4WoaPZNO9XJjZMSUsWxkZqCEtRaCQPLQ-00092.jpg": {"object_bounding_box": [0, 979, 816, 101], "object_presence": 1}, "P767--shoulder-bag--clutter--3-Z0dfrBh1_4WoaPZNO9XJjZMSUsWxkZqCEtRaCQPLQ-00093.jpg": {"object_bounding_box": [0, 956, 826, 124], "object_presence": 1}, "P767--shoulder-bag--clutter--3-Z0dfrBh1_4WoaPZNO9XJjZMSUsWxkZqCEtRaCQPLQ-00094.jpg": {"object_bounding_box": [0, 950, 832, 130], "object_presence": 1}, "P767--shoulder-bag--clutter--3-Z0dfrBh1_4WoaPZNO9XJjZMSUsWxkZqCEtRaCQPLQ-00095.jpg": {"object_bounding_box": [0, 933, 852, 147], "object_presence": 1}, "P767--shoulder-bag--clutter--3-Z0dfrBh1_4WoaPZNO9XJjZMSUsWxkZqCEtRaCQPLQ-00096.jpg": {"object_bounding_box": [0, 921, 857, 159], "object_presence": 1}, "P767--shoulder-bag--clutter--3-Z0dfrBh1_4WoaPZNO9XJjZMSUsWxkZqCEtRaCQPLQ-00097.jpg": {"object_bounding_box": [0, 896, 867, 184], "object_presence": 1}, "P767--shoulder-bag--clutter--3-Z0dfrBh1_4WoaPZNO9XJjZMSUsWxkZqCEtRaCQPLQ-00098.jpg": {"object_bounding_box": [0, 885, 885, 195], "object_presence": 1}, "P767--shoulder-bag--clutter--3-Z0dfrBh1_4WoaPZNO9XJjZMSUsWxkZqCEtRaCQPLQ-00099.jpg": {"object_bounding_box": [0, 878, 890, 202], "object_presence": 1}, "P767--shoulder-bag--clutter--3-Z0dfrBh1_4WoaPZNO9XJjZMSUsWxkZqCEtRaCQPLQ-00100.jpg": {"object_bounding_box": [0, 877, 899, 203], "object_presence": 1}, "P767--shoulder-bag--clutter--3-Z0dfrBh1_4WoaPZNO9XJjZMSUsWxkZqCEtRaCQPLQ-00101.jpg": {"object_bounding_box": [0, 868, 904, 212], "object_presence": 1}, "P767--shoulder-bag--clutter--3-Z0dfrBh1_4WoaPZNO9XJjZMSUsWxkZqCEtRaCQPLQ-00102.jpg": {"object_bounding_box": [0, 867, 911, 213], "object_presence": 1}, "P767--shoulder-bag--clutter--3-Z0dfrBh1_4WoaPZNO9XJjZMSUsWxkZqCEtRaCQPLQ-00103.jpg": {"object_bounding_box": [0, 861, 919, 206], "object_presence": 1}, "P767--shoulder-bag--clutter--3-Z0dfrBh1_4WoaPZNO9XJjZMSUsWxkZqCEtRaCQPLQ-00104.jpg": {"object_bounding_box": [0, 861, 927, 202], "object_presence": 1}, "P767--shoulder-bag--clutter--3-Z0dfrBh1_4WoaPZNO9XJjZMSUsWxkZqCEtRaCQPLQ-00105.jpg": {"object_bounding_box": [0, 858, 934, 197], "object_presence": 1}, "P767--shoulder-bag--clutter--3-Z0dfrBh1_4WoaPZNO9XJjZMSUsWxkZqCEtRaCQPLQ-00106.jpg": {"object_bounding_box": [0, 853, 944, 197], "object_presence": 1}, "P767--shoulder-bag--clutter--3-Z0dfrBh1_4WoaPZNO9XJjZMSUsWxkZqCEtRaCQPLQ-00107.jpg": {"object_bounding_box": [0, 850, 948, 193], "object_presence": 1}, "P767--shoulder-bag--clutter--3-Z0dfrBh1_4WoaPZNO9XJjZMSUsWxkZqCEtRaCQPLQ-00108.jpg": {"object_bounding_box": [0, 852, 952, 192], "object_presence": 1}, "P767--shoulder-bag--clutter--3-Z0dfrBh1_4WoaPZNO9XJjZMSUsWxkZqCEtRaCQPLQ-00109.jpg": {"object_bounding_box": [20, 851, 934, 188], "object_presence": 1}, "P767--shoulder-bag--clutter--3-Z0dfrBh1_4WoaPZNO9XJjZMSUsWxkZqCEtRaCQPLQ-00110.jpg": {"object_bounding_box": [37, 845, 914, 187], "object_presence": 1}, "P767--shoulder-bag--clutter--3-Z0dfrBh1_4WoaPZNO9XJjZMSUsWxkZqCEtRaCQPLQ-00111.jpg": {"object_bounding_box": [41, 845, 914, 186], "object_presence": 1}, "P767--shoulder-bag--clutter--3-Z0dfrBh1_4WoaPZNO9XJjZMSUsWxkZqCEtRaCQPLQ-00112.jpg": {"object_bounding_box": [39, 850, 914, 180], "object_presence": 1}, "P767--shoulder-bag--clutter--3-Z0dfrBh1_4WoaPZNO9XJjZMSUsWxkZqCEtRaCQPLQ-00113.jpg": {"object_bounding_box": [52, 851, 901, 177], "object_presence": 1}, "P767--shoulder-bag--clutter--3-Z0dfrBh1_4WoaPZNO9XJjZMSUsWxkZqCEtRaCQPLQ-00114.jpg": {"object_bounding_box": [71, 847, 881, 174], "object_presence": 1}, "P767--shoulder-bag--clutter--3-Z0dfrBh1_4WoaPZNO9XJjZMSUsWxkZqCEtRaCQPLQ-00115.jpg": {"object_bounding_box": [88, 844, 862, 171], "object_presence": 1}, "P767--shoulder-bag--clutter--3-Z0dfrBh1_4WoaPZNO9XJjZMSUsWxkZqCEtRaCQPLQ-00116.jpg": {"object_bounding_box": [81, 838, 871, 173], "object_presence": 1}, "P767--shoulder-bag--clutter--3-Z0dfrBh1_4WoaPZNO9XJjZMSUsWxkZqCEtRaCQPLQ-00117.jpg": {"object_bounding_box": [94, 837, 857, 169], "object_presence": 1}, "P767--shoulder-bag--clutter--3-Z0dfrBh1_4WoaPZNO9XJjZMSUsWxkZqCEtRaCQPLQ-00118.jpg": {"object_bounding_box": [107, 838, 843, 166], "object_presence": 1}, "P767--shoulder-bag--clutter--3-Z0dfrBh1_4WoaPZNO9XJjZMSUsWxkZqCEtRaCQPLQ-00119.jpg": {"object_bounding_box": [113, 831, 839, 165], "object_presence": 1}, "P767--shoulder-bag--clutter--3-Z0dfrBh1_4WoaPZNO9XJjZMSUsWxkZqCEtRaCQPLQ-00120.jpg": {"object_bounding_box": [116, 830, 836, 164], "object_presence": 1}, "P767--shoulder-bag--clutter--3-Z0dfrBh1_4WoaPZNO9XJjZMSUsWxkZqCEtRaCQPLQ-00121.jpg": {"object_bounding_box": [130, 835, 820, 161], "object_presence": 1}, "P767--shoulder-bag--clutter--3-Z0dfrBh1_4WoaPZNO9XJjZMSUsWxkZqCEtRaCQPLQ-00122.jpg": {"object_bounding_box": [134, 836, 817, 162], "object_presence": 1}, "P767--shoulder-bag--clutter--3-Z0dfrBh1_4WoaPZNO9XJjZMSUsWxkZqCEtRaCQPLQ-00123.jpg": {"object_bounding_box": [144, 841, 802, 158], "object_presence": 1}, "P767--shoulder-bag--clutter--3-Z0dfrBh1_4WoaPZNO9XJjZMSUsWxkZqCEtRaCQPLQ-00124.jpg": {"object_bounding_box": [158, 844, 792, 157], "object_presence": 1}, "P767--shoulder-bag--clutter--3-Z0dfrBh1_4WoaPZNO9XJjZMSUsWxkZqCEtRaCQPLQ-00125.jpg": {"object_bounding_box": [164, 847, 790, 153], "object_presence": 1}, "P767--shoulder-bag--clutter--3-Z0dfrBh1_4WoaPZNO9XJjZMSUsWxkZqCEtRaCQPLQ-00126.jpg": {"object_bounding_box": [163, 849, 789, 156], "object_presence": 1}, "P767--shoulder-bag--clutter--3-Z0dfrBh1_4WoaPZNO9XJjZMSUsWxkZqCEtRaCQPLQ-00127.jpg": {"object_bounding_box": [174, 851, 779, 151], "object_presence": 1}, "P767--shoulder-bag--clutter--3-Z0dfrBh1_4WoaPZNO9XJjZMSUsWxkZqCEtRaCQPLQ-00128.jpg": {"object_bounding_box": [180, 850, 775, 150], "object_presence": 1}, "P767--shoulder-bag--clutter--3-Z0dfrBh1_4WoaPZNO9XJjZMSUsWxkZqCEtRaCQPLQ-00129.jpg": {"object_bounding_box": [192, 855, 764, 149], "object_presence": 1}, "P767--shoulder-bag--clutter--3-Z0dfrBh1_4WoaPZNO9XJjZMSUsWxkZqCEtRaCQPLQ-00130.jpg": {"object_bounding_box": [201, 855, 762, 148], "object_presence": 1}, "P767--shoulder-bag--clutter--3-Z0dfrBh1_4WoaPZNO9XJjZMSUsWxkZqCEtRaCQPLQ-00131.jpg": {"object_bounding_box": [206, 855, 760, 150], "object_presence": 1}, "P767--shoulder-bag--clutter--3-Z0dfrBh1_4WoaPZNO9XJjZMSUsWxkZqCEtRaCQPLQ-00132.jpg": {"object_bounding_box": [215, 856, 760, 145], "object_presence": 1}, "P767--shoulder-bag--clutter--3-Z0dfrBh1_4WoaPZNO9XJjZMSUsWxkZqCEtRaCQPLQ-00133.jpg": {"object_bounding_box": [221, 855, 758, 143], "object_presence": 1}, "P767--shoulder-bag--clutter--3-Z0dfrBh1_4WoaPZNO9XJjZMSUsWxkZqCEtRaCQPLQ-00134.jpg": {"object_bounding_box": [239, 852, 747, 146], "object_presence": 1}, "P767--shoulder-bag--clutter--3-Z0dfrBh1_4WoaPZNO9XJjZMSUsWxkZqCEtRaCQPLQ-00135.jpg": {"object_bounding_box": [250, 852, 743, 143], "object_presence": 1}, "P767--shoulder-bag--clutter--3-Z0dfrBh1_4WoaPZNO9XJjZMSUsWxkZqCEtRaCQPLQ-00136.jpg": {"object_bounding_box": [263, 853, 737, 139], "object_presence": 1}, "P767--shoulder-bag--clutter--3-Z0dfrBh1_4WoaPZNO9XJjZMSUsWxkZqCEtRaCQPLQ-00137.jpg": {"object_bounding_box": [270, 849, 738, 139], "object_presence": 1}, "P767--shoulder-bag--clutter--3-Z0dfrBh1_4WoaPZNO9XJjZMSUsWxkZqCEtRaCQPLQ-00138.jpg": {"object_bounding_box": [274, 838, 741, 137], "object_presence": 1}, "P767--shoulder-bag--clutter--3-Z0dfrBh1_4WoaPZNO9XJjZMSUsWxkZqCEtRaCQPLQ-00139.jpg": {"object_bounding_box": [289, 835, 733, 134], "object_presence": 1}, "P767--shoulder-bag--clutter--3-Z0dfrBh1_4WoaPZNO9XJjZMSUsWxkZqCEtRaCQPLQ-00140.jpg": {"object_bounding_box": [306, 827, 731, 136], "object_presence": 1}, "P767--shoulder-bag--clutter--3-Z0dfrBh1_4WoaPZNO9XJjZMSUsWxkZqCEtRaCQPLQ-00141.jpg": {"object_bounding_box": [324, 822, 722, 132], "object_presence": 1}, "P767--shoulder-bag--clutter--3-Z0dfrBh1_4WoaPZNO9XJjZMSUsWxkZqCEtRaCQPLQ-00142.jpg": {"object_bounding_box": [337, 817, 717, 133], "object_presence": 1}, "P767--shoulder-bag--clutter--3-Z0dfrBh1_4WoaPZNO9XJjZMSUsWxkZqCEtRaCQPLQ-00143.jpg": {"object_bounding_box": [354, 810, 712, 129], "object_presence": 1}, "P767--shoulder-bag--clutter--3-Z0dfrBh1_4WoaPZNO9XJjZMSUsWxkZqCEtRaCQPLQ-00144.jpg": {"object_bounding_box": [359, 804, 712, 128], "object_presence": 1}, "P767--shoulder-bag--clutter--3-Z0dfrBh1_4WoaPZNO9XJjZMSUsWxkZqCEtRaCQPLQ-00145.jpg": {"object_bounding_box": [363, 803, 712, 128], "object_presence": 1}, "P767--shoulder-bag--clutter--3-Z0dfrBh1_4WoaPZNO9XJjZMSUsWxkZqCEtRaCQPLQ-00146.jpg": {"object_bounding_box": [365, 800, 715, 129], "object_presence": 1}, "P767--shoulder-bag--clutter--3-Z0dfrBh1_4WoaPZNO9XJjZMSUsWxkZqCEtRaCQPLQ-00147.jpg": {"object_bounding_box": [382, 803, 698, 127], "object_presence": 1}, "P767--shoulder-bag--clutter--3-Z0dfrBh1_4WoaPZNO9XJjZMSUsWxkZqCEtRaCQPLQ-00148.jpg": {"object_bounding_box": [377, 812, 703, 128], "object_presence": 1}, "P767--shoulder-bag--clutter--3-Z0dfrBh1_4WoaPZNO9XJjZMSUsWxkZqCEtRaCQPLQ-00149.jpg": {"object_bounding_box": [380, 819, 700, 128], "object_presence": 1}, "P767--shoulder-bag--clutter--3-Z0dfrBh1_4WoaPZNO9XJjZMSUsWxkZqCEtRaCQPLQ-00150.jpg": {"object_bounding_box": [394, 825, 686, 128], "object_presence": 1}, "P767--shoulder-bag--clutter--3-Z0dfrBh1_4WoaPZNO9XJjZMSUsWxkZqCEtRaCQPLQ-00151.jpg": {"object_bounding_box": [403, 832, 677, 128], "object_presence": 1}, "P767--shoulder-bag--clutter--3-Z0dfrBh1_4WoaPZNO9XJjZMSUsWxkZqCEtRaCQPLQ-00152.jpg": {"object_bounding_box": [410, 842, 670, 128], "object_presence": 1}, "P767--shoulder-bag--clutter--3-Z0dfrBh1_4WoaPZNO9XJjZMSUsWxkZqCEtRaCQPLQ-00153.jpg": {"object_bounding_box": [418, 850, 662, 128], "object_presence": 1}, "P767--shoulder-bag--clutter--3-Z0dfrBh1_4WoaPZNO9XJjZMSUsWxkZqCEtRaCQPLQ-00154.jpg": {"object_bounding_box": [430, 849, 650, 128], "object_presence": 1}, "P767--shoulder-bag--clutter--3-Z0dfrBh1_4WoaPZNO9XJjZMSUsWxkZqCEtRaCQPLQ-00155.jpg": {"object_bounding_box": [447, 847, 633, 128], "object_presence": 1}, "P767--shoulder-bag--clutter--3-Z0dfrBh1_4WoaPZNO9XJjZMSUsWxkZqCEtRaCQPLQ-00156.jpg": {"object_bounding_box": [463, 854, 617, 128], "object_presence": 1}, "P767--shoulder-bag--clutter--3-Z0dfrBh1_4WoaPZNO9XJjZMSUsWxkZqCEtRaCQPLQ-00157.jpg": {"object_bounding_box": [478, 861, 602, 128], "object_presence": 1}, "P767--shoulder-bag--clutter--3-Z0dfrBh1_4WoaPZNO9XJjZMSUsWxkZqCEtRaCQPLQ-00158.jpg": {"object_bounding_box": [486, 869, 594, 126], "object_presence": 1}, "P767--shoulder-bag--clutter--3-Z0dfrBh1_4WoaPZNO9XJjZMSUsWxkZqCEtRaCQPLQ-00159.jpg": {"object_bounding_box": [501, 871, 579, 126], "object_presence": 1}, "P767--shoulder-bag--clutter--3-Z0dfrBh1_4WoaPZNO9XJjZMSUsWxkZqCEtRaCQPLQ-00160.jpg": {"object_bounding_box": [511, 871, 569, 124], "object_presence": 1}, "P767--shoulder-bag--clutter--3-Z0dfrBh1_4WoaPZNO9XJjZMSUsWxkZqCEtRaCQPLQ-00161.jpg": {"object_bounding_box": [519, 880, 561, 123], "object_presence": 1}, "P767--shoulder-bag--clutter--3-Z0dfrBh1_4WoaPZNO9XJjZMSUsWxkZqCEtRaCQPLQ-00162.jpg": {"object_bounding_box": [526, 880, 554, 125], "object_presence": 1}, "P767--shoulder-bag--clutter--3-Z0dfrBh1_4WoaPZNO9XJjZMSUsWxkZqCEtRaCQPLQ-00163.jpg": {"object_bounding_box": [529, 877, 551, 123], "object_presence": 1}, "P767--shoulder-bag--clutter--3-Z0dfrBh1_4WoaPZNO9XJjZMSUsWxkZqCEtRaCQPLQ-00164.jpg": {"object_bounding_box": [532, 876, 548, 119], "object_presence": 1}, "P767--shoulder-bag--clutter--3-Z0dfrBh1_4WoaPZNO9XJjZMSUsWxkZqCEtRaCQPLQ-00165.jpg": {"object_bounding_box": [532, 868, 548, 120], "object_presence": 1}, "P767--shoulder-bag--clutter--3-Z0dfrBh1_4WoaPZNO9XJjZMSUsWxkZqCEtRaCQPLQ-00166.jpg": {"object_bounding_box": [541, 859, 539, 118], "object_presence": 1}, "P767--shoulder-bag--clutter--3-Z0dfrBh1_4WoaPZNO9XJjZMSUsWxkZqCEtRaCQPLQ-00167.jpg": {"object_bounding_box": [550, 854, 530, 118], "object_presence": 1}, "P767--shoulder-bag--clutter--3-Z0dfrBh1_4WoaPZNO9XJjZMSUsWxkZqCEtRaCQPLQ-00168.jpg": {"object_bounding_box": [551, 850, 529, 117], "object_presence": 1}, "P767--shoulder-bag--clutter--3-Z0dfrBh1_4WoaPZNO9XJjZMSUsWxkZqCEtRaCQPLQ-00169.jpg": {"object_bounding_box": [551, 848, 529, 117], "object_presence": 1}, "P767--shoulder-bag--clutter--3-Z0dfrBh1_4WoaPZNO9XJjZMSUsWxkZqCEtRaCQPLQ-00170.jpg": {"object_bounding_box": [547, 855, 533, 114], "object_presence": 1}, "P767--shoulder-bag--clutter--3-Z0dfrBh1_4WoaPZNO9XJjZMSUsWxkZqCEtRaCQPLQ-00171.jpg": {"object_bounding_box": [548, 859, 532, 116], "object_presence": 1}, "P767--shoulder-bag--clutter--3-Z0dfrBh1_4WoaPZNO9XJjZMSUsWxkZqCEtRaCQPLQ-00172.jpg": {"object_bounding_box": [532, 860, 548, 117], "object_presence": 1}, "P767--shoulder-bag--clutter--3-Z0dfrBh1_4WoaPZNO9XJjZMSUsWxkZqCEtRaCQPLQ-00173.jpg": {"object_bounding_box": [532, 850, 548, 118], "object_presence": 1}, "P767--shoulder-bag--clutter--3-Z0dfrBh1_4WoaPZNO9XJjZMSUsWxkZqCEtRaCQPLQ-00174.jpg": {"object_bounding_box": [533, 846, 547, 113], "object_presence": 1}, "P767--shoulder-bag--clutter--3-Z0dfrBh1_4WoaPZNO9XJjZMSUsWxkZqCEtRaCQPLQ-00175.jpg": {"object_bounding_box": [529, 853, 551, 111], "object_presence": 1}, "P767--shoulder-bag--clutter--3-Z0dfrBh1_4WoaPZNO9XJjZMSUsWxkZqCEtRaCQPLQ-00176.jpg": {"object_bounding_box": [528, 855, 552, 111], "object_presence": 1}, "P767--shoulder-bag--clutter--3-Z0dfrBh1_4WoaPZNO9XJjZMSUsWxkZqCEtRaCQPLQ-00177.jpg": {"object_bounding_box": [538, 857, 542, 113], "object_presence": 1}, "P767--shoulder-bag--clutter--3-Z0dfrBh1_4WoaPZNO9XJjZMSUsWxkZqCEtRaCQPLQ-00178.jpg": {"object_bounding_box": [543, 862, 537, 110], "object_presence": 1}, "P767--shoulder-bag--clutter--3-Z0dfrBh1_4WoaPZNO9XJjZMSUsWxkZqCEtRaCQPLQ-00179.jpg": {"object_bounding_box": [551, 862, 529, 118], "object_presence": 1}, "P767--shoulder-bag--clutter--3-Z0dfrBh1_4WoaPZNO9XJjZMSUsWxkZqCEtRaCQPLQ-00180.jpg": {"object_bounding_box": [566, 870, 514, 115], "object_presence": 1}, "P767--shoulder-bag--clutter--3-Z0dfrBh1_4WoaPZNO9XJjZMSUsWxkZqCEtRaCQPLQ-00181.jpg": {"object_bounding_box": [566, 867, 514, 118], "object_presence": 1}, "P767--shoulder-bag--clutter--3-Z0dfrBh1_4WoaPZNO9XJjZMSUsWxkZqCEtRaCQPLQ-00182.jpg": {"object_bounding_box": [572, 862, 508, 117], "object_presence": 1}, "P767--shoulder-bag--clutter--3-Z0dfrBh1_4WoaPZNO9XJjZMSUsWxkZqCEtRaCQPLQ-00183.jpg": {"object_bounding_box": [576, 870, 504, 115], "object_presence": 1}, "P767--shoulder-bag--clutter--3-Z0dfrBh1_4WoaPZNO9XJjZMSUsWxkZqCEtRaCQPLQ-00184.jpg": {"object_bounding_box": [577, 876, 503, 118], "object_presence": 1}, "P767--shoulder-bag--clutter--3-Z0dfrBh1_4WoaPZNO9XJjZMSUsWxkZqCEtRaCQPLQ-00185.jpg": {"object_bounding_box": [585, 884, 495, 113], "object_presence": 1}, "P767--shoulder-bag--clutter--3-Z0dfrBh1_4WoaPZNO9XJjZMSUsWxkZqCEtRaCQPLQ-00186.jpg": {"object_bounding_box": [571, 873, 509, 112], "object_presence": 1}, "P767--shoulder-bag--clutter--3-Z0dfrBh1_4WoaPZNO9XJjZMSUsWxkZqCEtRaCQPLQ-00187.jpg": {"object_bounding_box": [559, 854, 521, 114], "object_presence": 1}, "P767--shoulder-bag--clutter--3-Z0dfrBh1_4WoaPZNO9XJjZMSUsWxkZqCEtRaCQPLQ-00188.jpg": {"object_bounding_box": [544, 846, 536, 112], "object_presence": 1}, "P767--shoulder-bag--clutter--3-Z0dfrBh1_4WoaPZNO9XJjZMSUsWxkZqCEtRaCQPLQ-00189.jpg": {"object_bounding_box": [547, 849, 533, 113], "object_presence": 1}, "P767--shoulder-bag--clutter--3-Z0dfrBh1_4WoaPZNO9XJjZMSUsWxkZqCEtRaCQPLQ-00190.jpg": {"object_bounding_box": [538, 852, 542, 118], "object_presence": 1}, "P767--shoulder-bag--clutter--3-Z0dfrBh1_4WoaPZNO9XJjZMSUsWxkZqCEtRaCQPLQ-00191.jpg": {"object_bounding_box": [532, 850, 548, 118], "object_presence": 1}, "P767--shoulder-bag--clutter--3-Z0dfrBh1_4WoaPZNO9XJjZMSUsWxkZqCEtRaCQPLQ-00192.jpg": {"object_bounding_box": [529, 841, 551, 123], "object_presence": 1}, "P767--shoulder-bag--clutter--3-Z0dfrBh1_4WoaPZNO9XJjZMSUsWxkZqCEtRaCQPLQ-00193.jpg": {"object_bounding_box": [527, 841, 553, 123], "object_presence": 1}, "P767--shoulder-bag--clutter--3-Z0dfrBh1_4WoaPZNO9XJjZMSUsWxkZqCEtRaCQPLQ-00194.jpg": {"object_bounding_box": [513, 841, 549, 126], "object_presence": 1}, "P767--shoulder-bag--clutter--3-Z0dfrBh1_4WoaPZNO9XJjZMSUsWxkZqCEtRaCQPLQ-00195.jpg": {"object_bounding_box": [503, 839, 548, 126], "object_presence": 1}, "P767--shoulder-bag--clutter--3-Z0dfrBh1_4WoaPZNO9XJjZMSUsWxkZqCEtRaCQPLQ-00196.jpg": {"object_bounding_box": [497, 838, 548, 132], "object_presence": 1}, "P767--shoulder-bag--clutter--3-Z0dfrBh1_4WoaPZNO9XJjZMSUsWxkZqCEtRaCQPLQ-00197.jpg": {"object_bounding_box": [492, 841, 548, 131], "object_presence": 1}, "P767--shoulder-bag--clutter--3-Z0dfrBh1_4WoaPZNO9XJjZMSUsWxkZqCEtRaCQPLQ-00198.jpg": {"object_bounding_box": [487, 844, 548, 129], "object_presence": 1}, "P767--shoulder-bag--clutter--3-Z0dfrBh1_4WoaPZNO9XJjZMSUsWxkZqCEtRaCQPLQ-00199.jpg": {"object_bounding_box": [483, 844, 548, 131], "object_presence": 1}, "P767--shoulder-bag--clutter--3-Z0dfrBh1_4WoaPZNO9XJjZMSUsWxkZqCEtRaCQPLQ-00200.jpg": {"object_bounding_box": [478, 841, 548, 131], "object_presence": 1}, "P767--shoulder-bag--clutter--3-Z0dfrBh1_4WoaPZNO9XJjZMSUsWxkZqCEtRaCQPLQ-00201.jpg": {"object_bounding_box": [475, 842, 548, 127], "object_presence": 1}, "P767--shoulder-bag--clutter--3-Z0dfrBh1_4WoaPZNO9XJjZMSUsWxkZqCEtRaCQPLQ-00202.jpg": {"object_bounding_box": [471, 836, 548, 127], "object_presence": 1}, "P767--shoulder-bag--clutter--3-Z0dfrBh1_4WoaPZNO9XJjZMSUsWxkZqCEtRaCQPLQ-00203.jpg": {"object_bounding_box": [470, 828, 548, 126], "object_presence": 1}, "P767--shoulder-bag--clutter--3-Z0dfrBh1_4WoaPZNO9XJjZMSUsWxkZqCEtRaCQPLQ-00204.jpg": {"object_bounding_box": [466, 821, 548, 129], "object_presence": 1}, "P767--shoulder-bag--clutter--3-Z0dfrBh1_4WoaPZNO9XJjZMSUsWxkZqCEtRaCQPLQ-00205.jpg": {"object_bounding_box": [463, 826, 548, 129], "object_presence": 1}, "P767--shoulder-bag--clutter--3-Z0dfrBh1_4WoaPZNO9XJjZMSUsWxkZqCEtRaCQPLQ-00206.jpg": {"object_bounding_box": [466, 834, 548, 128], "object_presence": 1}, "P767--shoulder-bag--clutter--3-Z0dfrBh1_4WoaPZNO9XJjZMSUsWxkZqCEtRaCQPLQ-00207.jpg": {"object_bounding_box": [466, 829, 548, 130], "object_presence": 1}, "P767--shoulder-bag--clutter--3-Z0dfrBh1_4WoaPZNO9XJjZMSUsWxkZqCEtRaCQPLQ-00208.jpg": {"object_bounding_box": [468, 830, 548, 130], "object_presence": 1}, "P767--shoulder-bag--clutter--3-Z0dfrBh1_4WoaPZNO9XJjZMSUsWxkZqCEtRaCQPLQ-00209.jpg": {"object_bounding_box": [466, 824, 548, 134], "object_presence": 1}, "P767--shoulder-bag--clutter--3-Z0dfrBh1_4WoaPZNO9XJjZMSUsWxkZqCEtRaCQPLQ-00210.jpg": {"object_bounding_box": [466, 823, 548, 132], "object_presence": 1}, "P767--shoulder-bag--clutter--3-Z0dfrBh1_4WoaPZNO9XJjZMSUsWxkZqCEtRaCQPLQ-00211.jpg": {"object_bounding_box": [464, 827, 548, 132], "object_presence": 1}, "P767--shoulder-bag--clutter--3-Z0dfrBh1_4WoaPZNO9XJjZMSUsWxkZqCEtRaCQPLQ-00212.jpg": {"object_bounding_box": [464, 826, 548, 131], "object_presence": 1}, "P767--shoulder-bag--clutter--3-Z0dfrBh1_4WoaPZNO9XJjZMSUsWxkZqCEtRaCQPLQ-00213.jpg": {"object_bounding_box": [463, 825, 548, 130], "object_presence": 1}, "P767--shoulder-bag--clutter--3-Z0dfrBh1_4WoaPZNO9XJjZMSUsWxkZqCEtRaCQPLQ-00214.jpg": {"object_bounding_box": [463, 819, 546, 134], "object_presence": 1}, "P767--shoulder-bag--clutter--3-Z0dfrBh1_4WoaPZNO9XJjZMSUsWxkZqCEtRaCQPLQ-00215.jpg": {"object_bounding_box": [461, 814, 547, 129], "object_presence": 1}, "P767--shoulder-bag--clutter--3-Z0dfrBh1_4WoaPZNO9XJjZMSUsWxkZqCEtRaCQPLQ-00216.jpg": {"object_bounding_box": [463, 814, 545, 129], "object_presence": 1}, "P767--shoulder-bag--clutter--3-Z0dfrBh1_4WoaPZNO9XJjZMSUsWxkZqCEtRaCQPLQ-00217.jpg": {"object_bounding_box": [469, 812, 543, 129], "object_presence": 1}, "P767--shoulder-bag--clutter--3-Z0dfrBh1_4WoaPZNO9XJjZMSUsWxkZqCEtRaCQPLQ-00218.jpg": {"object_bounding_box": [468, 805, 545, 128], "object_presence": 1}, "P767--shoulder-bag--clutter--3-Z0dfrBh1_4WoaPZNO9XJjZMSUsWxkZqCEtRaCQPLQ-00219.jpg": {"object_bounding_box": [470, 799, 544, 128], "object_presence": 1}, "P767--shoulder-bag--clutter--3-Z0dfrBh1_4WoaPZNO9XJjZMSUsWxkZqCEtRaCQPLQ-00220.jpg": {"object_bounding_box": [465, 795, 547, 129], "object_presence": 1}, "P767--shoulder-bag--clutter--3-Z0dfrBh1_4WoaPZNO9XJjZMSUsWxkZqCEtRaCQPLQ-00221.jpg": {"object_bounding_box": [469, 790, 543, 127], "object_presence": 1}, "P767--shoulder-bag--clutter--3-Z0dfrBh1_4WoaPZNO9XJjZMSUsWxkZqCEtRaCQPLQ-00222.jpg": {"object_bounding_box": [480, 786, 535, 128], "object_presence": 1}, "P767--shoulder-bag--clutter--3-Z0dfrBh1_4WoaPZNO9XJjZMSUsWxkZqCEtRaCQPLQ-00223.jpg": {"object_bounding_box": [486, 782, 532, 127], "object_presence": 1}, "P767--shoulder-bag--clutter--3-Z0dfrBh1_4WoaPZNO9XJjZMSUsWxkZqCEtRaCQPLQ-00224.jpg": {"object_bounding_box": [486, 776, 533, 126], "object_presence": 1}, "P767--shoulder-bag--clutter--3-Z0dfrBh1_4WoaPZNO9XJjZMSUsWxkZqCEtRaCQPLQ-00225.jpg": {"object_bounding_box": [481, 772, 535, 128], "object_presence": 1}, "P767--shoulder-bag--clutter--3-Z0dfrBh1_4WoaPZNO9XJjZMSUsWxkZqCEtRaCQPLQ-00226.jpg": {"object_bounding_box": [481, 773, 535, 128], "object_presence": 1}, "P767--shoulder-bag--clutter--3-Z0dfrBh1_4WoaPZNO9XJjZMSUsWxkZqCEtRaCQPLQ-00227.jpg": {"object_bounding_box": [484, 773, 534, 128], "object_presence": 1}, "P767--shoulder-bag--clutter--3-Z0dfrBh1_4WoaPZNO9XJjZMSUsWxkZqCEtRaCQPLQ-00228.jpg": {"object_bounding_box": [488, 776, 530, 129], "object_presence": 1}, "P767--shoulder-bag--clutter--3-Z0dfrBh1_4WoaPZNO9XJjZMSUsWxkZqCEtRaCQPLQ-00229.jpg": {"object_bounding_box": [487, 777, 529, 129], "object_presence": 1}, "P767--shoulder-bag--clutter--3-Z0dfrBh1_4WoaPZNO9XJjZMSUsWxkZqCEtRaCQPLQ-00230.jpg": {"object_bounding_box": [486, 778, 530, 129], "object_presence": 1}, "P767--shoulder-bag--clutter--3-Z0dfrBh1_4WoaPZNO9XJjZMSUsWxkZqCEtRaCQPLQ-00231.jpg": {"object_bounding_box": [487, 776, 529, 131], "object_presence": 1}, "P767--shoulder-bag--clutter--3-Z0dfrBh1_4WoaPZNO9XJjZMSUsWxkZqCEtRaCQPLQ-00232.jpg": {"object_bounding_box": [487, 773, 529, 133], "object_presence": 1}, "P767--shoulder-bag--clutter--3-Z0dfrBh1_4WoaPZNO9XJjZMSUsWxkZqCEtRaCQPLQ-00233.jpg": {"object_bounding_box": [486, 773, 529, 132], "object_presence": 1}, "P767--shoulder-bag--clutter--3-Z0dfrBh1_4WoaPZNO9XJjZMSUsWxkZqCEtRaCQPLQ-00234.jpg": {"object_bounding_box": [484, 774, 529, 130], "object_presence": 1}, "P767--shoulder-bag--clutter--3-Z0dfrBh1_4WoaPZNO9XJjZMSUsWxkZqCEtRaCQPLQ-00235.jpg": {"object_bounding_box": [484, 775, 531, 130], "object_presence": 1}, "P767--shoulder-bag--clutter--3-Z0dfrBh1_4WoaPZNO9XJjZMSUsWxkZqCEtRaCQPLQ-00236.jpg": {"object_bounding_box": [486, 774, 530, 129], "object_presence": 1}, "P767--shoulder-bag--clutter--3-Z0dfrBh1_4WoaPZNO9XJjZMSUsWxkZqCEtRaCQPLQ-00237.jpg": {"object_bounding_box": [485, 771, 532, 131], "object_presence": 1}, "P767--shoulder-bag--clutter--3-Z0dfrBh1_4WoaPZNO9XJjZMSUsWxkZqCEtRaCQPLQ-00238.jpg": {"object_bounding_box": [489, 769, 527, 129], "object_presence": 1}, "P767--shoulder-bag--clutter--3-Z0dfrBh1_4WoaPZNO9XJjZMSUsWxkZqCEtRaCQPLQ-00239.jpg": {"object_bounding_box": [487, 762, 529, 130], "object_presence": 1}, "P767--shoulder-bag--clutter--3-Z0dfrBh1_4WoaPZNO9XJjZMSUsWxkZqCEtRaCQPLQ-00240.jpg": {"object_bounding_box": [484, 754, 529, 130], "object_presence": 1}, "P767--shoulder-bag--clutter--3-Z0dfrBh1_4WoaPZNO9XJjZMSUsWxkZqCEtRaCQPLQ-00241.jpg": {"object_bounding_box": [484, 749, 529, 128], "object_presence": 1}, "P767--shoulder-bag--clutter--3-Z0dfrBh1_4WoaPZNO9XJjZMSUsWxkZqCEtRaCQPLQ-00242.jpg": {"object_bounding_box": [488, 743, 529, 131], "object_presence": 1}, "P767--shoulder-bag--clutter--3-Z0dfrBh1_4WoaPZNO9XJjZMSUsWxkZqCEtRaCQPLQ-00243.jpg": {"object_bounding_box": [489, 740, 529, 132], "object_presence": 1}, "P767--shoulder-bag--clutter--3-Z0dfrBh1_4WoaPZNO9XJjZMSUsWxkZqCEtRaCQPLQ-00244.jpg": {"object_bounding_box": [490, 739, 529, 131], "object_presence": 1}, "P767--shoulder-bag--clutter--3-Z0dfrBh1_4WoaPZNO9XJjZMSUsWxkZqCEtRaCQPLQ-00245.jpg": {"object_bounding_box": [491, 737, 529, 132], "object_presence": 1}, "P767--shoulder-bag--clutter--3-Z0dfrBh1_4WoaPZNO9XJjZMSUsWxkZqCEtRaCQPLQ-00246.jpg": {"object_bounding_box": [492, 731, 529, 132], "object_presence": 1}, "P767--shoulder-bag--clutter--3-Z0dfrBh1_4WoaPZNO9XJjZMSUsWxkZqCEtRaCQPLQ-00247.jpg": {"object_bounding_box": [493, 725, 529, 134], "object_presence": 1}, "P767--shoulder-bag--clutter--3-Z0dfrBh1_4WoaPZNO9XJjZMSUsWxkZqCEtRaCQPLQ-00248.jpg": {"object_bounding_box": [494, 717, 529, 132], "object_presence": 1}, "P767--shoulder-bag--clutter--3-Z0dfrBh1_4WoaPZNO9XJjZMSUsWxkZqCEtRaCQPLQ-00249.jpg": {"object_bounding_box": [495, 714, 529, 132], "object_presence": 1}, "P767--shoulder-bag--clutter--3-Z0dfrBh1_4WoaPZNO9XJjZMSUsWxkZqCEtRaCQPLQ-00250.jpg": {"object_bounding_box": [497, 711, 529, 134], "object_presence": 1}, "P767--shoulder-bag--clutter--3-Z0dfrBh1_4WoaPZNO9XJjZMSUsWxkZqCEtRaCQPLQ-00251.jpg": {"object_bounding_box": [503, 712, 529, 132], "object_presence": 1}, "P767--shoulder-bag--clutter--3-Z0dfrBh1_4WoaPZNO9XJjZMSUsWxkZqCEtRaCQPLQ-00252.jpg": {"object_bounding_box": [509, 717, 529, 128], "object_presence": 1}, "P767--shoulder-bag--clutter--3-Z0dfrBh1_4WoaPZNO9XJjZMSUsWxkZqCEtRaCQPLQ-00253.jpg": {"object_bounding_box": [508, 721, 530, 130], "object_presence": 1}, "P767--shoulder-bag--clutter--3-Z0dfrBh1_4WoaPZNO9XJjZMSUsWxkZqCEtRaCQPLQ-00254.jpg": {"object_bounding_box": [512, 723, 529, 130], "object_presence": 1}, "P767--shoulder-bag--clutter--3-Z0dfrBh1_4WoaPZNO9XJjZMSUsWxkZqCEtRaCQPLQ-00255.jpg": {"object_bounding_box": [513, 723, 530, 131], "object_presence": 1}, "P767--shoulder-bag--clutter--3-Z0dfrBh1_4WoaPZNO9XJjZMSUsWxkZqCEtRaCQPLQ-00256.jpg": {"object_bounding_box": [513, 717, 529, 135], "object_presence": 1}, "P767--shoulder-bag--clutter--3-Z0dfrBh1_4WoaPZNO9XJjZMSUsWxkZqCEtRaCQPLQ-00257.jpg": {"object_bounding_box": [513, 717, 529, 135], "object_presence": 1}, "P767--shoulder-bag--clutter--3-Z0dfrBh1_4WoaPZNO9XJjZMSUsWxkZqCEtRaCQPLQ-00258.jpg": {"object_bounding_box": [515, 715, 529, 137], "object_presence": 1}, "P767--shoulder-bag--clutter--3-Z0dfrBh1_4WoaPZNO9XJjZMSUsWxkZqCEtRaCQPLQ-00259.jpg": {"object_bounding_box": [519, 713, 529, 138], "object_presence": 1}, "P767--shoulder-bag--clutter--3-Z0dfrBh1_4WoaPZNO9XJjZMSUsWxkZqCEtRaCQPLQ-00260.jpg": {"object_bounding_box": [522, 716, 529, 139], "object_presence": 1}, "P767--shoulder-bag--clutter--3-Z0dfrBh1_4WoaPZNO9XJjZMSUsWxkZqCEtRaCQPLQ-00261.jpg": {"object_bounding_box": [524, 723, 529, 139], "object_presence": 1}, "P767--shoulder-bag--clutter--3-Z0dfrBh1_4WoaPZNO9XJjZMSUsWxkZqCEtRaCQPLQ-00262.jpg": {"object_bounding_box": [526, 726, 529, 140], "object_presence": 1}, "P767--shoulder-bag--clutter--3-Z0dfrBh1_4WoaPZNO9XJjZMSUsWxkZqCEtRaCQPLQ-00263.jpg": {"object_bounding_box": [529, 724, 529, 139], "object_presence": 1}, "P767--shoulder-bag--clutter--3-Z0dfrBh1_4WoaPZNO9XJjZMSUsWxkZqCEtRaCQPLQ-00264.jpg": {"object_bounding_box": [530, 724, 529, 140], "object_presence": 1}, "P767--shoulder-bag--clutter--3-Z0dfrBh1_4WoaPZNO9XJjZMSUsWxkZqCEtRaCQPLQ-00265.jpg": {"object_bounding_box": [533, 726, 529, 138], "object_presence": 1}, "P767--shoulder-bag--clutter--3-Z0dfrBh1_4WoaPZNO9XJjZMSUsWxkZqCEtRaCQPLQ-00266.jpg": {"object_bounding_box": [534, 727, 530, 138], "object_presence": 1}, "P767--shoulder-bag--clutter--3-Z0dfrBh1_4WoaPZNO9XJjZMSUsWxkZqCEtRaCQPLQ-00267.jpg": {"object_bounding_box": [537, 730, 528, 138], "object_presence": 1}, "P767--shoulder-bag--clutter--3-Z0dfrBh1_4WoaPZNO9XJjZMSUsWxkZqCEtRaCQPLQ-00268.jpg": {"object_bounding_box": [535, 729, 529, 137], "object_presence": 1}, "P767--shoulder-bag--clutter--3-Z0dfrBh1_4WoaPZNO9XJjZMSUsWxkZqCEtRaCQPLQ-00269.jpg": {"object_bounding_box": [538, 729, 529, 137], "object_presence": 1}, "P767--shoulder-bag--clutter--3-Z0dfrBh1_4WoaPZNO9XJjZMSUsWxkZqCEtRaCQPLQ-00270.jpg": {"object_bounding_box": [541, 729, 529, 139], "object_presence": 1}, "P767--shoulder-bag--clutter--3-Z0dfrBh1_4WoaPZNO9XJjZMSUsWxkZqCEtRaCQPLQ-00271.jpg": {"object_bounding_box": [544, 732, 529, 137], "object_presence": 1}, "P767--shoulder-bag--clutter--3-Z0dfrBh1_4WoaPZNO9XJjZMSUsWxkZqCEtRaCQPLQ-00272.jpg": {"object_bounding_box": [545, 728, 529, 140], "object_presence": 1}, "P767--shoulder-bag--clutter--3-Z0dfrBh1_4WoaPZNO9XJjZMSUsWxkZqCEtRaCQPLQ-00273.jpg": {"object_bounding_box": [548, 715, 529, 144], "object_presence": 1}, "P767--shoulder-bag--clutter--3-Z0dfrBh1_4WoaPZNO9XJjZMSUsWxkZqCEtRaCQPLQ-00274.jpg": {"object_bounding_box": [551, 697, 529, 144], "object_presence": 1}, "P767--shoulder-bag--clutter--3-Z0dfrBh1_4WoaPZNO9XJjZMSUsWxkZqCEtRaCQPLQ-00275.jpg": {"object_bounding_box": [551, 689, 529, 140], "object_presence": 1}, "P767--shoulder-bag--clutter--3-Z0dfrBh1_4WoaPZNO9XJjZMSUsWxkZqCEtRaCQPLQ-00276.jpg": {"object_bounding_box": [551, 697, 529, 136], "object_presence": 1}, "P767--shoulder-bag--clutter--3-Z0dfrBh1_4WoaPZNO9XJjZMSUsWxkZqCEtRaCQPLQ-00277.jpg": {"object_bounding_box": [551, 729, 529, 136], "object_presence": 1}, "P767--shoulder-bag--clutter--3-Z0dfrBh1_4WoaPZNO9XJjZMSUsWxkZqCEtRaCQPLQ-00278.jpg": {"object_bounding_box": [551, 741, 529, 139], "object_presence": 1}, "P767--shoulder-bag--clutter--3-Z0dfrBh1_4WoaPZNO9XJjZMSUsWxkZqCEtRaCQPLQ-00279.jpg": {"object_bounding_box": [551, 735, 529, 142], "object_presence": 1}, "P767--shoulder-bag--clutter--3-Z0dfrBh1_4WoaPZNO9XJjZMSUsWxkZqCEtRaCQPLQ-00280.jpg": {"object_bounding_box": [562, 717, 518, 142], "object_presence": 1}, "P767--shoulder-bag--clutter--3-Z0dfrBh1_4WoaPZNO9XJjZMSUsWxkZqCEtRaCQPLQ-00281.jpg": {"object_bounding_box": [566, 703, 514, 139], "object_presence": 1}, "P767--shoulder-bag--clutter--3-Z0dfrBh1_4WoaPZNO9XJjZMSUsWxkZqCEtRaCQPLQ-00282.jpg": {"object_bounding_box": [563, 703, 517, 135], "object_presence": 1}, "P767--shoulder-bag--clutter--3-Z0dfrBh1_4WoaPZNO9XJjZMSUsWxkZqCEtRaCQPLQ-00283.jpg": {"object_bounding_box": [561, 722, 519, 132], "object_presence": 1}, "P767--shoulder-bag--clutter--3-Z0dfrBh1_4WoaPZNO9XJjZMSUsWxkZqCEtRaCQPLQ-00284.jpg": {"object_bounding_box": [561, 737, 519, 135], "object_presence": 1}, "P767--shoulder-bag--clutter--3-Z0dfrBh1_4WoaPZNO9XJjZMSUsWxkZqCEtRaCQPLQ-00285.jpg": {"object_bounding_box": [561, 737, 519, 134], "object_presence": 1}, "P767--shoulder-bag--clutter--3-Z0dfrBh1_4WoaPZNO9XJjZMSUsWxkZqCEtRaCQPLQ-00286.jpg": {"object_bounding_box": [561, 728, 519, 139], "object_presence": 1}, "P767--shoulder-bag--clutter--3-Z0dfrBh1_4WoaPZNO9XJjZMSUsWxkZqCEtRaCQPLQ-00287.jpg": {"object_bounding_box": [564, 719, 516, 139], "object_presence": 1}}