{"P806--fridge-freezer-indicator--clutter--ESUVh4S2pYyxuW9b2h7Y6yIujZQm_6yST0I0cdhFQU0-00001.jpg": {"object_bounding_box": [540, 695, 1080, 523], "object_presence": 1}, "P806--fridge-freezer-indicator--clutter--ESUVh4S2pYyxuW9b2h7Y6yIujZQm_6yST0I0cdhFQU0-00002.jpg": {"object_bounding_box": [540, 694, 1080, 525], "object_presence": 1}, "P806--fridge-freezer-indicator--clutter--ESUVh4S2pYyxuW9b2h7Y6yIujZQm_6yST0I0cdhFQU0-00003.jpg": {"object_bounding_box": [540, 693, 1080, 524], "object_presence": 1}, "P806--fridge-freezer-indicator--clutter--ESUVh4S2pYyxuW9b2h7Y6yIujZQm_6yST0I0cdhFQU0-00004.jpg": {"object_bounding_box": [540, 690, 1080, 524], "object_presence": 1}, "P806--fridge-freezer-indicator--clutter--ESUVh4S2pYyxuW9b2h7Y6yIujZQm_6yST0I0cdhFQU0-00005.jpg": {"object_bounding_box": [540, 689, 1080, 524], "object_presence": 1}, "P806--fridge-freezer-indicator--clutter--ESUVh4S2pYyxuW9b2h7Y6yIujZQm_6yST0I0cdhFQU0-00006.jpg": {"object_bounding_box": [540, 690, 1080, 524], "object_presence": 1}, "P806--fridge-freezer-indicator--clutter--ESUVh4S2pYyxuW9b2h7Y6yIujZQm_6yST0I0cdhFQU0-00007.jpg": {"object_bounding_box": [540, 690, 1080, 524], "object_presence": 1}, "P806--fridge-freezer-indicator--clutter--ESUVh4S2pYyxuW9b2h7Y6yIujZQm_6yST0I0cdhFQU0-00008.jpg": {"object_bounding_box": [540, 687, 1080, 524], "object_presence": 1}, "P806--fridge-freezer-indicator--clutter--ESUVh4S2pYyxuW9b2h7Y6yIujZQm_6yST0I0cdhFQU0-00009.jpg": {"object_bounding_box": [540, 690, 1080, 524], "object_presence": 1}, "P806--fridge-freezer-indicator--clutter--ESUVh4S2pYyxuW9b2h7Y6yIujZQm_6yST0I0cdhFQU0-00010.jpg": {"object_bounding_box": [540, 690, 1080, 524], "object_presence": 1}, "P806--fridge-freezer-indicator--clutter--ESUVh4S2pYyxuW9b2h7Y6yIujZQm_6yST0I0cdhFQU0-00011.jpg": {"object_bounding_box": [540, 694, 1080, 524], "object_presence": 1}, "P806--fridge-freezer-indicator--clutter--ESUVh4S2pYyxuW9b2h7Y6yIujZQm_6yST0I0cdhFQU0-00012.jpg": {"object_bounding_box": [540, 696, 1080, 524], "object_presence": 1}, "P806--fridge-freezer-indicator--clutter--ESUVh4S2pYyxuW9b2h7Y6yIujZQm_6yST0I0cdhFQU0-00013.jpg": {"object_bounding_box": [540, 700, 1080, 524], "object_presence": 1}, "P806--fridge-freezer-indicator--clutter--ESUVh4S2pYyxuW9b2h7Y6yIujZQm_6yST0I0cdhFQU0-00014.jpg": {"object_bounding_box": [540, 699, 1080, 524], "object_presence": 1}, "P806--fridge-freezer-indicator--clutter--ESUVh4S2pYyxuW9b2h7Y6yIujZQm_6yST0I0cdhFQU0-00015.jpg": {"object_bounding_box": [540, 694, 1080, 524], "object_presence": 1}, "P806--fridge-freezer-indicator--clutter--ESUVh4S2pYyxuW9b2h7Y6yIujZQm_6yST0I0cdhFQU0-00016.jpg": {"object_bounding_box": [540, 693, 1080, 524], "object_presence": 1}, "P806--fridge-freezer-indicator--clutter--ESUVh4S2pYyxuW9b2h7Y6yIujZQm_6yST0I0cdhFQU0-00017.jpg": {"object_bounding_box": [540, 691, 1080, 524], "object_presence": 1}, "P806--fridge-freezer-indicator--clutter--ESUVh4S2pYyxuW9b2h7Y6yIujZQm_6yST0I0cdhFQU0-00018.jpg": {"object_bounding_box": [540, 687, 1080, 524], "object_presence": 1}, "P806--fridge-freezer-indicator--clutter--ESUVh4S2pYyxuW9b2h7Y6yIujZQm_6yST0I0cdhFQU0-00019.jpg": {"object_bounding_box": [540, 687, 1080, 524], "object_presence": 1}, "P806--fridge-freezer-indicator--clutter--ESUVh4S2pYyxuW9b2h7Y6yIujZQm_6yST0I0cdhFQU0-00020.jpg": {"object_bounding_box": [540, 687, 1080, 524], "object_presence": 1}, "P806--fridge-freezer-indicator--clutter--ESUVh4S2pYyxuW9b2h7Y6yIujZQm_6yST0I0cdhFQU0-00021.jpg": {"object_bounding_box": [540, 686, 1080, 524], "object_presence": 1}, "P806--fridge-freezer-indicator--clutter--ESUVh4S2pYyxuW9b2h7Y6yIujZQm_6yST0I0cdhFQU0-00022.jpg": {"object_bounding_box": [540, 686, 1080, 524], "object_presence": 1}, "P806--fridge-freezer-indicator--clutter--ESUVh4S2pYyxuW9b2h7Y6yIujZQm_6yST0I0cdhFQU0-00023.jpg": {"object_bounding_box": [540, 683, 1080, 524], "object_presence": 1}, "P806--fridge-freezer-indicator--clutter--ESUVh4S2pYyxuW9b2h7Y6yIujZQm_6yST0I0cdhFQU0-00024.jpg": {"object_bounding_box": [540, 683, 1080, 524], "object_presence": 1}, "P806--fridge-freezer-indicator--clutter--ESUVh4S2pYyxuW9b2h7Y6yIujZQm_6yST0I0cdhFQU0-00025.jpg": {"object_bounding_box": [540, 682, 1080, 524], "object_presence": 1}, "P806--fridge-freezer-indicator--clutter--ESUVh4S2pYyxuW9b2h7Y6yIujZQm_6yST0I0cdhFQU0-00026.jpg": {"object_bounding_box": [540, 676, 1080, 524], "object_presence": 1}, "P806--fridge-freezer-indicator--clutter--ESUVh4S2pYyxuW9b2h7Y6yIujZQm_6yST0I0cdhFQU0-00027.jpg": {"object_bounding_box": [540, 671, 1080, 524], "object_presence": 1}, "P806--fridge-freezer-indicator--clutter--ESUVh4S2pYyxuW9b2h7Y6yIujZQm_6yST0I0cdhFQU0-00028.jpg": {"object_bounding_box": [540, 666, 1080, 524], "object_presence": 1}, "P806--fridge-freezer-indicator--clutter--ESUVh4S2pYyxuW9b2h7Y6yIujZQm_6yST0I0cdhFQU0-00029.jpg": {"object_bounding_box": [540, 662, 1080, 524], "object_presence": 1}, "P806--fridge-freezer-indicator--clutter--ESUVh4S2pYyxuW9b2h7Y6yIujZQm_6yST0I0cdhFQU0-00030.jpg": {"object_bounding_box": [540, 654, 1080, 524], "object_presence": 1}, "P806--fridge-freezer-indicator--clutter--ESUVh4S2pYyxuW9b2h7Y6yIujZQm_6yST0I0cdhFQU0-00031.jpg": {"object_bounding_box": [540, 648, 1080, 524], "object_presence": 1}, "P806--fridge-freezer-indicator--clutter--ESUVh4S2pYyxuW9b2h7Y6yIujZQm_6yST0I0cdhFQU0-00032.jpg": {"object_bounding_box": [540, 644, 1080, 524], "object_presence": 1}, "P806--fridge-freezer-indicator--clutter--ESUVh4S2pYyxuW9b2h7Y6yIujZQm_6yST0I0cdhFQU0-00033.jpg": {"object_bounding_box": [540, 648, 1080, 524], "object_presence": 1}, "P806--fridge-freezer-indicator--clutter--ESUVh4S2pYyxuW9b2h7Y6yIujZQm_6yST0I0cdhFQU0-00034.jpg": {"object_bounding_box": [540, 651, 1080, 524], "object_presence": 1}, "P806--fridge-freezer-indicator--clutter--ESUVh4S2pYyxuW9b2h7Y6yIujZQm_6yST0I0cdhFQU0-00035.jpg": {"object_bounding_box": [540, 650, 1080, 522], "object_presence": 1}, "P806--fridge-freezer-indicator--clutter--ESUVh4S2pYyxuW9b2h7Y6yIujZQm_6yST0I0cdhFQU0-00036.jpg": {"object_bounding_box": [540, 648, 1080, 518], "object_presence": 1}, "P806--fridge-freezer-indicator--clutter--ESUVh4S2pYyxuW9b2h7Y6yIujZQm_6yST0I0cdhFQU0-00037.jpg": {"object_bounding_box": [540, 633, 1080, 510], "object_presence": 1}, "P806--fridge-freezer-indicator--clutter--ESUVh4S2pYyxuW9b2h7Y6yIujZQm_6yST0I0cdhFQU0-00038.jpg": {"object_bounding_box": [540, 630, 1080, 514], "object_presence": 1}, "P806--fridge-freezer-indicator--clutter--ESUVh4S2pYyxuW9b2h7Y6yIujZQm_6yST0I0cdhFQU0-00039.jpg": {"object_bounding_box": [540, 628, 1080, 513], "object_presence": 1}, "P806--fridge-freezer-indicator--clutter--ESUVh4S2pYyxuW9b2h7Y6yIujZQm_6yST0I0cdhFQU0-00040.jpg": {"object_bounding_box": [540, 622, 1080, 513], "object_presence": 1}, "P806--fridge-freezer-indicator--clutter--ESUVh4S2pYyxuW9b2h7Y6yIujZQm_6yST0I0cdhFQU0-00041.jpg": {"object_bounding_box": [540, 617, 1080, 513], "object_presence": 1}, "P806--fridge-freezer-indicator--clutter--ESUVh4S2pYyxuW9b2h7Y6yIujZQm_6yST0I0cdhFQU0-00042.jpg": {"object_bounding_box": [540, 616, 1080, 513], "object_presence": 1}, "P806--fridge-freezer-indicator--clutter--ESUVh4S2pYyxuW9b2h7Y6yIujZQm_6yST0I0cdhFQU0-00043.jpg": {"object_bounding_box": [540, 616, 1080, 513], "object_presence": 1}, "P806--fridge-freezer-indicator--clutter--ESUVh4S2pYyxuW9b2h7Y6yIujZQm_6yST0I0cdhFQU0-00044.jpg": {"object_bounding_box": [540, 616, 1080, 513], "object_presence": 1}, "P806--fridge-freezer-indicator--clutter--ESUVh4S2pYyxuW9b2h7Y6yIujZQm_6yST0I0cdhFQU0-00045.jpg": {"object_bounding_box": [540, 616, 1080, 513], "object_presence": 1}, "P806--fridge-freezer-indicator--clutter--ESUVh4S2pYyxuW9b2h7Y6yIujZQm_6yST0I0cdhFQU0-00046.jpg": {"object_bounding_box": [540, 614, 1080, 513], "object_presence": 1}, "P806--fridge-freezer-indicator--clutter--ESUVh4S2pYyxuW9b2h7Y6yIujZQm_6yST0I0cdhFQU0-00047.jpg": {"object_bounding_box": [540, 610, 1080, 513], "object_presence": 1}, "P806--fridge-freezer-indicator--clutter--ESUVh4S2pYyxuW9b2h7Y6yIujZQm_6yST0I0cdhFQU0-00048.jpg": {"object_bounding_box": [540, 605, 1080, 513], "object_presence": 1}, "P806--fridge-freezer-indicator--clutter--ESUVh4S2pYyxuW9b2h7Y6yIujZQm_6yST0I0cdhFQU0-00049.jpg": {"object_bounding_box": [540, 603, 1080, 513], "object_presence": 1}, "P806--fridge-freezer-indicator--clutter--ESUVh4S2pYyxuW9b2h7Y6yIujZQm_6yST0I0cdhFQU0-00050.jpg": {"object_bounding_box": [540, 603, 1080, 513], "object_presence": 1}, "P806--fridge-freezer-indicator--clutter--ESUVh4S2pYyxuW9b2h7Y6yIujZQm_6yST0I0cdhFQU0-00051.jpg": {"object_bounding_box": [540, 599, 1080, 510], "object_presence": 1}, "P806--fridge-freezer-indicator--clutter--ESUVh4S2pYyxuW9b2h7Y6yIujZQm_6yST0I0cdhFQU0-00052.jpg": {"object_bounding_box": [540, 592, 1080, 510], "object_presence": 1}, "P806--fridge-freezer-indicator--clutter--ESUVh4S2pYyxuW9b2h7Y6yIujZQm_6yST0I0cdhFQU0-00053.jpg": {"object_bounding_box": [540, 585, 1080, 510], "object_presence": 1}, "P806--fridge-freezer-indicator--clutter--ESUVh4S2pYyxuW9b2h7Y6yIujZQm_6yST0I0cdhFQU0-00054.jpg": {"object_bounding_box": [540, 582, 1080, 510], "object_presence": 1}, "P806--fridge-freezer-indicator--clutter--ESUVh4S2pYyxuW9b2h7Y6yIujZQm_6yST0I0cdhFQU0-00055.jpg": {"object_bounding_box": [540, 580, 1080, 510], "object_presence": 1}, "P806--fridge-freezer-indicator--clutter--ESUVh4S2pYyxuW9b2h7Y6yIujZQm_6yST0I0cdhFQU0-00056.jpg": {"object_bounding_box": [540, 575, 1080, 510], "object_presence": 1}, "P806--fridge-freezer-indicator--clutter--ESUVh4S2pYyxuW9b2h7Y6yIujZQm_6yST0I0cdhFQU0-00057.jpg": {"object_bounding_box": [540, 572, 1080, 510], "object_presence": 1}, "P806--fridge-freezer-indicator--clutter--ESUVh4S2pYyxuW9b2h7Y6yIujZQm_6yST0I0cdhFQU0-00058.jpg": {"object_bounding_box": [540, 572, 1080, 510], "object_presence": 1}, "P806--fridge-freezer-indicator--clutter--ESUVh4S2pYyxuW9b2h7Y6yIujZQm_6yST0I0cdhFQU0-00059.jpg": {"object_bounding_box": [540, 571, 1080, 510], "object_presence": 1}, "P806--fridge-freezer-indicator--clutter--ESUVh4S2pYyxuW9b2h7Y6yIujZQm_6yST0I0cdhFQU0-00060.jpg": {"object_bounding_box": [540, 569, 1080, 510], "object_presence": 1}, "P806--fridge-freezer-indicator--clutter--ESUVh4S2pYyxuW9b2h7Y6yIujZQm_6yST0I0cdhFQU0-00061.jpg": {"object_bounding_box": [540, 567, 1080, 510], "object_presence": 1}, "P806--fridge-freezer-indicator--clutter--ESUVh4S2pYyxuW9b2h7Y6yIujZQm_6yST0I0cdhFQU0-00062.jpg": {"object_bounding_box": [540, 567, 1080, 510], "object_presence": 1}, "P806--fridge-freezer-indicator--clutter--ESUVh4S2pYyxuW9b2h7Y6yIujZQm_6yST0I0cdhFQU0-00063.jpg": {"object_bounding_box": [540, 565, 1080, 510], "object_presence": 1}, "P806--fridge-freezer-indicator--clutter--ESUVh4S2pYyxuW9b2h7Y6yIujZQm_6yST0I0cdhFQU0-00064.jpg": {"object_bounding_box": [540, 560, 1080, 510], "object_presence": 1}, "P806--fridge-freezer-indicator--clutter--ESUVh4S2pYyxuW9b2h7Y6yIujZQm_6yST0I0cdhFQU0-00065.jpg": {"object_bounding_box": [540, 558, 1080, 510], "object_presence": 1}, "P806--fridge-freezer-indicator--clutter--ESUVh4S2pYyxuW9b2h7Y6yIujZQm_6yST0I0cdhFQU0-00066.jpg": {"object_bounding_box": [540, 556, 1080, 510], "object_presence": 1}, "P806--fridge-freezer-indicator--clutter--ESUVh4S2pYyxuW9b2h7Y6yIujZQm_6yST0I0cdhFQU0-00067.jpg": {"object_bounding_box": [540, 559, 1080, 510], "object_presence": 1}, "P806--fridge-freezer-indicator--clutter--ESUVh4S2pYyxuW9b2h7Y6yIujZQm_6yST0I0cdhFQU0-00068.jpg": {"object_bounding_box": [540, 561, 1080, 508], "object_presence": 1}, "P806--fridge-freezer-indicator--clutter--ESUVh4S2pYyxuW9b2h7Y6yIujZQm_6yST0I0cdhFQU0-00069.jpg": {"object_bounding_box": [540, 563, 1080, 508], "object_presence": 1}, "P806--fridge-freezer-indicator--clutter--ESUVh4S2pYyxuW9b2h7Y6yIujZQm_6yST0I0cdhFQU0-00070.jpg": {"object_bounding_box": [540, 565, 1080, 508], "object_presence": 1}, "P806--fridge-freezer-indicator--clutter--ESUVh4S2pYyxuW9b2h7Y6yIujZQm_6yST0I0cdhFQU0-00071.jpg": {"object_bounding_box": [540, 567, 1080, 503], "object_presence": 1}, "P806--fridge-freezer-indicator--clutter--ESUVh4S2pYyxuW9b2h7Y6yIujZQm_6yST0I0cdhFQU0-00072.jpg": {"object_bounding_box": [540, 567, 1080, 503], "object_presence": 1}, "P806--fridge-freezer-indicator--clutter--ESUVh4S2pYyxuW9b2h7Y6yIujZQm_6yST0I0cdhFQU0-00073.jpg": {"object_bounding_box": [540, 565, 1080, 501], "object_presence": 1}, "P806--fridge-freezer-indicator--clutter--ESUVh4S2pYyxuW9b2h7Y6yIujZQm_6yST0I0cdhFQU0-00074.jpg": {"object_bounding_box": [540, 563, 1080, 496], "object_presence": 1}, "P806--fridge-freezer-indicator--clutter--ESUVh4S2pYyxuW9b2h7Y6yIujZQm_6yST0I0cdhFQU0-00075.jpg": {"object_bounding_box": [540, 554, 1080, 496], "object_presence": 1}, "P806--fridge-freezer-indicator--clutter--ESUVh4S2pYyxuW9b2h7Y6yIujZQm_6yST0I0cdhFQU0-00076.jpg": {"object_bounding_box": [540, 552, 1080, 496], "object_presence": 1}, "P806--fridge-freezer-indicator--clutter--ESUVh4S2pYyxuW9b2h7Y6yIujZQm_6yST0I0cdhFQU0-00077.jpg": {"object_bounding_box": [540, 550, 1080, 492], "object_presence": 1}, "P806--fridge-freezer-indicator--clutter--ESUVh4S2pYyxuW9b2h7Y6yIujZQm_6yST0I0cdhFQU0-00078.jpg": {"object_bounding_box": [540, 548, 1080, 488], "object_presence": 1}, "P806--fridge-freezer-indicator--clutter--ESUVh4S2pYyxuW9b2h7Y6yIujZQm_6yST0I0cdhFQU0-00079.jpg": {"object_bounding_box": [540, 537, 1080, 488], "object_presence": 1}, "P806--fridge-freezer-indicator--clutter--ESUVh4S2pYyxuW9b2h7Y6yIujZQm_6yST0I0cdhFQU0-00080.jpg": {"object_bounding_box": [540, 539, 1080, 492], "object_presence": 1}, "P806--fridge-freezer-indicator--clutter--ESUVh4S2pYyxuW9b2h7Y6yIujZQm_6yST0I0cdhFQU0-00081.jpg": {"object_bounding_box": [540, 540, 1080, 495], "object_presence": 1}, "P806--fridge-freezer-indicator--clutter--ESUVh4S2pYyxuW9b2h7Y6yIujZQm_6yST0I0cdhFQU0-00082.jpg": {"object_bounding_box": [540, 543, 1080, 495], "object_presence": 1}, "P806--fridge-freezer-indicator--clutter--ESUVh4S2pYyxuW9b2h7Y6yIujZQm_6yST0I0cdhFQU0-00083.jpg": {"object_bounding_box": [540, 543, 1080, 495], "object_presence": 1}, "P806--fridge-freezer-indicator--clutter--ESUVh4S2pYyxuW9b2h7Y6yIujZQm_6yST0I0cdhFQU0-00084.jpg": {"object_bounding_box": [540, 542, 1080, 494], "object_presence": 1}, "P806--fridge-freezer-indicator--clutter--ESUVh4S2pYyxuW9b2h7Y6yIujZQm_6yST0I0cdhFQU0-00085.jpg": {"object_bounding_box": [540, 544, 1080, 490], "object_presence": 1}, "P806--fridge-freezer-indicator--clutter--ESUVh4S2pYyxuW9b2h7Y6yIujZQm_6yST0I0cdhFQU0-00086.jpg": {"object_bounding_box": [540, 543, 1080, 484], "object_presence": 1}, "P806--fridge-freezer-indicator--clutter--ESUVh4S2pYyxuW9b2h7Y6yIujZQm_6yST0I0cdhFQU0-00087.jpg": {"object_bounding_box": [540, 542, 1080, 484], "object_presence": 1}, "P806--fridge-freezer-indicator--clutter--ESUVh4S2pYyxuW9b2h7Y6yIujZQm_6yST0I0cdhFQU0-00088.jpg": {"object_bounding_box": [540, 541, 1080, 482], "object_presence": 1}, "P806--fridge-freezer-indicator--clutter--ESUVh4S2pYyxuW9b2h7Y6yIujZQm_6yST0I0cdhFQU0-00089.jpg": {"object_bounding_box": [540, 538, 1080, 479], "object_presence": 1}, "P806--fridge-freezer-indicator--clutter--ESUVh4S2pYyxuW9b2h7Y6yIujZQm_6yST0I0cdhFQU0-00090.jpg": {"object_bounding_box": [540, 538, 1080, 478], "object_presence": 1}, "P806--fridge-freezer-indicator--clutter--ESUVh4S2pYyxuW9b2h7Y6yIujZQm_6yST0I0cdhFQU0-00091.jpg": {"object_bounding_box": [540, 538, 1080, 478], "object_presence": 1}, "P806--fridge-freezer-indicator--clutter--ESUVh4S2pYyxuW9b2h7Y6yIujZQm_6yST0I0cdhFQU0-00092.jpg": {"object_bounding_box": [540, 526, 1080, 476], "object_presence": 1}, "P806--fridge-freezer-indicator--clutter--ESUVh4S2pYyxuW9b2h7Y6yIujZQm_6yST0I0cdhFQU0-00093.jpg": {"object_bounding_box": [540, 524, 1080, 476], "object_presence": 1}, "P806--fridge-freezer-indicator--clutter--ESUVh4S2pYyxuW9b2h7Y6yIujZQm_6yST0I0cdhFQU0-00094.jpg": {"object_bounding_box": [540, 517, 1080, 476], "object_presence": 1}, "P806--fridge-freezer-indicator--clutter--ESUVh4S2pYyxuW9b2h7Y6yIujZQm_6yST0I0cdhFQU0-00095.jpg": {"object_bounding_box": [540, 512, 1080, 476], "object_presence": 1}, "P806--fridge-freezer-indicator--clutter--ESUVh4S2pYyxuW9b2h7Y6yIujZQm_6yST0I0cdhFQU0-00096.jpg": {"object_bounding_box": [540, 507, 1080, 476], "object_presence": 1}, "P806--fridge-freezer-indicator--clutter--ESUVh4S2pYyxuW9b2h7Y6yIujZQm_6yST0I0cdhFQU0-00097.jpg": {"object_bounding_box": [540, 505, 1080, 476], "object_presence": 1}, "P806--fridge-freezer-indicator--clutter--ESUVh4S2pYyxuW9b2h7Y6yIujZQm_6yST0I0cdhFQU0-00098.jpg": {"object_bounding_box": [540, 501, 1080, 476], "object_presence": 1}, "P806--fridge-freezer-indicator--clutter--ESUVh4S2pYyxuW9b2h7Y6yIujZQm_6yST0I0cdhFQU0-00099.jpg": {"object_bounding_box": [540, 496, 1080, 476], "object_presence": 1}, "P806--fridge-freezer-indicator--clutter--ESUVh4S2pYyxuW9b2h7Y6yIujZQm_6yST0I0cdhFQU0-00100.jpg": {"object_bounding_box": [540, 496, 1080, 476], "object_presence": 1}, "P806--fridge-freezer-indicator--clutter--ESUVh4S2pYyxuW9b2h7Y6yIujZQm_6yST0I0cdhFQU0-00101.jpg": {"object_bounding_box": [540, 497, 1080, 472], "object_presence": 1}, "P806--fridge-freezer-indicator--clutter--ESUVh4S2pYyxuW9b2h7Y6yIujZQm_6yST0I0cdhFQU0-00102.jpg": {"object_bounding_box": [540, 484, 1080, 472], "object_presence": 1}, "P806--fridge-freezer-indicator--clutter--ESUVh4S2pYyxuW9b2h7Y6yIujZQm_6yST0I0cdhFQU0-00103.jpg": {"object_bounding_box": [540, 482, 1080, 472], "object_presence": 1}, "P806--fridge-freezer-indicator--clutter--ESUVh4S2pYyxuW9b2h7Y6yIujZQm_6yST0I0cdhFQU0-00104.jpg": {"object_bounding_box": [540, 477, 1080, 472], "object_presence": 1}, "P806--fridge-freezer-indicator--clutter--ESUVh4S2pYyxuW9b2h7Y6yIujZQm_6yST0I0cdhFQU0-00105.jpg": {"object_bounding_box": [540, 473, 1080, 472], "object_presence": 1}, "P806--fridge-freezer-indicator--clutter--ESUVh4S2pYyxuW9b2h7Y6yIujZQm_6yST0I0cdhFQU0-00106.jpg": {"object_bounding_box": [540, 470, 1080, 472], "object_presence": 1}, "P806--fridge-freezer-indicator--clutter--ESUVh4S2pYyxuW9b2h7Y6yIujZQm_6yST0I0cdhFQU0-00107.jpg": {"object_bounding_box": [540, 468, 1080, 472], "object_presence": 1}, "P806--fridge-freezer-indicator--clutter--ESUVh4S2pYyxuW9b2h7Y6yIujZQm_6yST0I0cdhFQU0-00108.jpg": {"object_bounding_box": [540, 468, 1080, 472], "object_presence": 1}, "P806--fridge-freezer-indicator--clutter--ESUVh4S2pYyxuW9b2h7Y6yIujZQm_6yST0I0cdhFQU0-00109.jpg": {"object_bounding_box": [540, 471, 1080, 472], "object_presence": 1}, "P806--fridge-freezer-indicator--clutter--ESUVh4S2pYyxuW9b2h7Y6yIujZQm_6yST0I0cdhFQU0-00110.jpg": {"object_bounding_box": [540, 471, 1080, 472], "object_presence": 1}, "P806--fridge-freezer-indicator--clutter--ESUVh4S2pYyxuW9b2h7Y6yIujZQm_6yST0I0cdhFQU0-00111.jpg": {"object_bounding_box": [538, 473, 1077, 466], "object_presence": 1}, "P806--fridge-freezer-indicator--clutter--ESUVh4S2pYyxuW9b2h7Y6yIujZQm_6yST0I0cdhFQU0-00112.jpg": {"object_bounding_box": [537, 473, 1074, 466], "object_presence": 1}, "P806--fridge-freezer-indicator--clutter--ESUVh4S2pYyxuW9b2h7Y6yIujZQm_6yST0I0cdhFQU0-00113.jpg": {"object_bounding_box": [536, 472, 1072, 466], "object_presence": 1}, "P806--fridge-freezer-indicator--clutter--ESUVh4S2pYyxuW9b2h7Y6yIujZQm_6yST0I0cdhFQU0-00114.jpg": {"object_bounding_box": [537, 468, 1074, 466], "object_presence": 1}, "P806--fridge-freezer-indicator--clutter--ESUVh4S2pYyxuW9b2h7Y6yIujZQm_6yST0I0cdhFQU0-00115.jpg": {"object_bounding_box": [536, 464, 1071, 466], "object_presence": 1}, "P806--fridge-freezer-indicator--clutter--ESUVh4S2pYyxuW9b2h7Y6yIujZQm_6yST0I0cdhFQU0-00116.jpg": {"object_bounding_box": [535, 460, 1070, 464], "object_presence": 1}, "P806--fridge-freezer-indicator--clutter--ESUVh4S2pYyxuW9b2h7Y6yIujZQm_6yST0I0cdhFQU0-00117.jpg": {"object_bounding_box": [535, 456, 1070, 466], "object_presence": 1}, "P806--fridge-freezer-indicator--clutter--ESUVh4S2pYyxuW9b2h7Y6yIujZQm_6yST0I0cdhFQU0-00118.jpg": {"object_bounding_box": [535, 456, 1070, 466], "object_presence": 1}, "P806--fridge-freezer-indicator--clutter--ESUVh4S2pYyxuW9b2h7Y6yIujZQm_6yST0I0cdhFQU0-00119.jpg": {"object_bounding_box": [533, 448, 1066, 466], "object_presence": 1}, "P806--fridge-freezer-indicator--clutter--ESUVh4S2pYyxuW9b2h7Y6yIujZQm_6yST0I0cdhFQU0-00120.jpg": {"object_bounding_box": [532, 444, 1064, 462], "object_presence": 1}, "P806--fridge-freezer-indicator--clutter--ESUVh4S2pYyxuW9b2h7Y6yIujZQm_6yST0I0cdhFQU0-00121.jpg": {"object_bounding_box": [533, 444, 1067, 458], "object_presence": 1}, "P806--fridge-freezer-indicator--clutter--ESUVh4S2pYyxuW9b2h7Y6yIujZQm_6yST0I0cdhFQU0-00122.jpg": {"object_bounding_box": [533, 441, 1067, 458], "object_presence": 1}, "P806--fridge-freezer-indicator--clutter--ESUVh4S2pYyxuW9b2h7Y6yIujZQm_6yST0I0cdhFQU0-00123.jpg": {"object_bounding_box": [533, 440, 1065, 458], "object_presence": 1}, "P806--fridge-freezer-indicator--clutter--ESUVh4S2pYyxuW9b2h7Y6yIujZQm_6yST0I0cdhFQU0-00124.jpg": {"object_bounding_box": [532, 440, 1064, 458], "object_presence": 1}, "P806--fridge-freezer-indicator--clutter--ESUVh4S2pYyxuW9b2h7Y6yIujZQm_6yST0I0cdhFQU0-00125.jpg": {"object_bounding_box": [531, 442, 1062, 454], "object_presence": 1}, "P806--fridge-freezer-indicator--clutter--ESUVh4S2pYyxuW9b2h7Y6yIujZQm_6yST0I0cdhFQU0-00126.jpg": {"object_bounding_box": [532, 442, 1064, 454], "object_presence": 1}, "P806--fridge-freezer-indicator--clutter--ESUVh4S2pYyxuW9b2h7Y6yIujZQm_6yST0I0cdhFQU0-00127.jpg": {"object_bounding_box": [532, 442, 1064, 454], "object_presence": 1}, "P806--fridge-freezer-indicator--clutter--ESUVh4S2pYyxuW9b2h7Y6yIujZQm_6yST0I0cdhFQU0-00128.jpg": {"object_bounding_box": [531, 438, 1062, 454], "object_presence": 1}, "P806--fridge-freezer-indicator--clutter--ESUVh4S2pYyxuW9b2h7Y6yIujZQm_6yST0I0cdhFQU0-00129.jpg": {"object_bounding_box": [531, 436, 1062, 454], "object_presence": 1}, "P806--fridge-freezer-indicator--clutter--ESUVh4S2pYyxuW9b2h7Y6yIujZQm_6yST0I0cdhFQU0-00130.jpg": {"object_bounding_box": [531, 433, 1062, 454], "object_presence": 1}, "P806--fridge-freezer-indicator--clutter--ESUVh4S2pYyxuW9b2h7Y6yIujZQm_6yST0I0cdhFQU0-00131.jpg": {"object_bounding_box": [531, 433, 1062, 454], "object_presence": 1}, "P806--fridge-freezer-indicator--clutter--ESUVh4S2pYyxuW9b2h7Y6yIujZQm_6yST0I0cdhFQU0-00132.jpg": {"object_bounding_box": [531, 429, 1062, 454], "object_presence": 1}, "P806--fridge-freezer-indicator--clutter--ESUVh4S2pYyxuW9b2h7Y6yIujZQm_6yST0I0cdhFQU0-00133.jpg": {"object_bounding_box": [533, 429, 1066, 454], "object_presence": 1}, "P806--fridge-freezer-indicator--clutter--ESUVh4S2pYyxuW9b2h7Y6yIujZQm_6yST0I0cdhFQU0-00134.jpg": {"object_bounding_box": [534, 428, 1068, 454], "object_presence": 1}, "P806--fridge-freezer-indicator--clutter--ESUVh4S2pYyxuW9b2h7Y6yIujZQm_6yST0I0cdhFQU0-00135.jpg": {"object_bounding_box": [534, 428, 1068, 454], "object_presence": 1}, "P806--fridge-freezer-indicator--clutter--ESUVh4S2pYyxuW9b2h7Y6yIujZQm_6yST0I0cdhFQU0-00136.jpg": {"object_bounding_box": [534, 428, 1068, 454], "object_presence": 1}, "P806--fridge-freezer-indicator--clutter--ESUVh4S2pYyxuW9b2h7Y6yIujZQm_6yST0I0cdhFQU0-00137.jpg": {"object_bounding_box": [534, 430, 1069, 449], "object_presence": 1}, "P806--fridge-freezer-indicator--clutter--ESUVh4S2pYyxuW9b2h7Y6yIujZQm_6yST0I0cdhFQU0-00138.jpg": {"object_bounding_box": [534, 430, 1069, 449], "object_presence": 1}, "P806--fridge-freezer-indicator--clutter--ESUVh4S2pYyxuW9b2h7Y6yIujZQm_6yST0I0cdhFQU0-00139.jpg": {"object_bounding_box": [534, 433, 1069, 449], "object_presence": 1}, "P806--fridge-freezer-indicator--clutter--ESUVh4S2pYyxuW9b2h7Y6yIujZQm_6yST0I0cdhFQU0-00140.jpg": {"object_bounding_box": [531, 433, 1062, 449], "object_presence": 1}, "P806--fridge-freezer-indicator--clutter--ESUVh4S2pYyxuW9b2h7Y6yIujZQm_6yST0I0cdhFQU0-00141.jpg": {"object_bounding_box": [531, 436, 1062, 442], "object_presence": 1}, "P806--fridge-freezer-indicator--clutter--ESUVh4S2pYyxuW9b2h7Y6yIujZQm_6yST0I0cdhFQU0-00142.jpg": {"object_bounding_box": [529, 434, 1059, 439], "object_presence": 1}, "P806--fridge-freezer-indicator--clutter--ESUVh4S2pYyxuW9b2h7Y6yIujZQm_6yST0I0cdhFQU0-00143.jpg": {"object_bounding_box": [527, 434, 1053, 439], "object_presence": 1}, "P806--fridge-freezer-indicator--clutter--ESUVh4S2pYyxuW9b2h7Y6yIujZQm_6yST0I0cdhFQU0-00144.jpg": {"object_bounding_box": [524, 434, 1047, 439], "object_presence": 1}, "P806--fridge-freezer-indicator--clutter--ESUVh4S2pYyxuW9b2h7Y6yIujZQm_6yST0I0cdhFQU0-00145.jpg": {"object_bounding_box": [523, 434, 1046, 439], "object_presence": 1}, "P806--fridge-freezer-indicator--clutter--ESUVh4S2pYyxuW9b2h7Y6yIujZQm_6yST0I0cdhFQU0-00146.jpg": {"object_bounding_box": [521, 435, 1042, 439], "object_presence": 1}, "P806--fridge-freezer-indicator--clutter--ESUVh4S2pYyxuW9b2h7Y6yIujZQm_6yST0I0cdhFQU0-00147.jpg": {"object_bounding_box": [521, 437, 1042, 437], "object_presence": 1}, "P806--fridge-freezer-indicator--clutter--ESUVh4S2pYyxuW9b2h7Y6yIujZQm_6yST0I0cdhFQU0-00148.jpg": {"object_bounding_box": [518, 440, 1037, 431], "object_presence": 1}, "P806--fridge-freezer-indicator--clutter--ESUVh4S2pYyxuW9b2h7Y6yIujZQm_6yST0I0cdhFQU0-00149.jpg": {"object_bounding_box": [518, 440, 1037, 431], "object_presence": 1}, "P806--fridge-freezer-indicator--clutter--ESUVh4S2pYyxuW9b2h7Y6yIujZQm_6yST0I0cdhFQU0-00150.jpg": {"object_bounding_box": [518, 440, 1037, 431], "object_presence": 1}, "P806--fridge-freezer-indicator--clutter--ESUVh4S2pYyxuW9b2h7Y6yIujZQm_6yST0I0cdhFQU0-00151.jpg": {"object_bounding_box": [518, 440, 1037, 431], "object_presence": 1}, "P806--fridge-freezer-indicator--clutter--ESUVh4S2pYyxuW9b2h7Y6yIujZQm_6yST0I0cdhFQU0-00152.jpg": {"object_bounding_box": [518, 440, 1036, 431], "object_presence": 1}, "P806--fridge-freezer-indicator--clutter--ESUVh4S2pYyxuW9b2h7Y6yIujZQm_6yST0I0cdhFQU0-00153.jpg": {"object_bounding_box": [514, 442, 1028, 431], "object_presence": 1}, "P806--fridge-freezer-indicator--clutter--ESUVh4S2pYyxuW9b2h7Y6yIujZQm_6yST0I0cdhFQU0-00154.jpg": {"object_bounding_box": [510, 447, 1020, 431], "object_presence": 1}, "P806--fridge-freezer-indicator--clutter--ESUVh4S2pYyxuW9b2h7Y6yIujZQm_6yST0I0cdhFQU0-00155.jpg": {"object_bounding_box": [510, 454, 1020, 430], "object_presence": 1}, "P806--fridge-freezer-indicator--clutter--ESUVh4S2pYyxuW9b2h7Y6yIujZQm_6yST0I0cdhFQU0-00156.jpg": {"object_bounding_box": [511, 457, 1023, 426], "object_presence": 1}, "P806--fridge-freezer-indicator--clutter--ESUVh4S2pYyxuW9b2h7Y6yIujZQm_6yST0I0cdhFQU0-00157.jpg": {"object_bounding_box": [514, 447, 1029, 419], "object_presence": 1}, "P806--fridge-freezer-indicator--clutter--ESUVh4S2pYyxuW9b2h7Y6yIujZQm_6yST0I0cdhFQU0-00158.jpg": {"object_bounding_box": [514, 443, 1029, 419], "object_presence": 1}, "P806--fridge-freezer-indicator--clutter--ESUVh4S2pYyxuW9b2h7Y6yIujZQm_6yST0I0cdhFQU0-00159.jpg": {"object_bounding_box": [514, 447, 1029, 426], "object_presence": 1}, "P806--fridge-freezer-indicator--clutter--ESUVh4S2pYyxuW9b2h7Y6yIujZQm_6yST0I0cdhFQU0-00160.jpg": {"object_bounding_box": [517, 444, 1034, 426], "object_presence": 1}, "P806--fridge-freezer-indicator--clutter--ESUVh4S2pYyxuW9b2h7Y6yIujZQm_6yST0I0cdhFQU0-00161.jpg": {"object_bounding_box": [517, 440, 1034, 426], "object_presence": 1}, "P806--fridge-freezer-indicator--clutter--ESUVh4S2pYyxuW9b2h7Y6yIujZQm_6yST0I0cdhFQU0-00162.jpg": {"object_bounding_box": [517, 440, 1034, 419], "object_presence": 1}, "P806--fridge-freezer-indicator--clutter--ESUVh4S2pYyxuW9b2h7Y6yIujZQm_6yST0I0cdhFQU0-00163.jpg": {"object_bounding_box": [518, 440, 1037, 419], "object_presence": 1}, "P806--fridge-freezer-indicator--clutter--ESUVh4S2pYyxuW9b2h7Y6yIujZQm_6yST0I0cdhFQU0-00164.jpg": {"object_bounding_box": [518, 440, 1037, 421], "object_presence": 1}, "P806--fridge-freezer-indicator--clutter--ESUVh4S2pYyxuW9b2h7Y6yIujZQm_6yST0I0cdhFQU0-00165.jpg": {"object_bounding_box": [518, 437, 1037, 421], "object_presence": 1}, "P806--fridge-freezer-indicator--clutter--ESUVh4S2pYyxuW9b2h7Y6yIujZQm_6yST0I0cdhFQU0-00166.jpg": {"object_bounding_box": [518, 436, 1037, 421], "object_presence": 1}, "P806--fridge-freezer-indicator--clutter--ESUVh4S2pYyxuW9b2h7Y6yIujZQm_6yST0I0cdhFQU0-00167.jpg": {"object_bounding_box": [520, 436, 1039, 421], "object_presence": 1}, "P806--fridge-freezer-indicator--clutter--ESUVh4S2pYyxuW9b2h7Y6yIujZQm_6yST0I0cdhFQU0-00168.jpg": {"object_bounding_box": [521, 435, 1041, 419], "object_presence": 1}, "P806--fridge-freezer-indicator--clutter--ESUVh4S2pYyxuW9b2h7Y6yIujZQm_6yST0I0cdhFQU0-00169.jpg": {"object_bounding_box": [521, 435, 1041, 419], "object_presence": 1}, "P806--fridge-freezer-indicator--clutter--ESUVh4S2pYyxuW9b2h7Y6yIujZQm_6yST0I0cdhFQU0-00170.jpg": {"object_bounding_box": [521, 436, 1041, 416], "object_presence": 1}, "P806--fridge-freezer-indicator--clutter--ESUVh4S2pYyxuW9b2h7Y6yIujZQm_6yST0I0cdhFQU0-00171.jpg": {"object_bounding_box": [521, 439, 1041, 416], "object_presence": 1}, "P806--fridge-freezer-indicator--clutter--ESUVh4S2pYyxuW9b2h7Y6yIujZQm_6yST0I0cdhFQU0-00172.jpg": {"object_bounding_box": [521, 441, 1041, 416], "object_presence": 1}, "P806--fridge-freezer-indicator--clutter--ESUVh4S2pYyxuW9b2h7Y6yIujZQm_6yST0I0cdhFQU0-00173.jpg": {"object_bounding_box": [521, 440, 1041, 414], "object_presence": 1}, "P806--fridge-freezer-indicator--clutter--ESUVh4S2pYyxuW9b2h7Y6yIujZQm_6yST0I0cdhFQU0-00174.jpg": {"object_bounding_box": [521, 439, 1041, 414], "object_presence": 1}, "P806--fridge-freezer-indicator--clutter--ESUVh4S2pYyxuW9b2h7Y6yIujZQm_6yST0I0cdhFQU0-00175.jpg": {"object_bounding_box": [521, 439, 1041, 414], "object_presence": 1}, "P806--fridge-freezer-indicator--clutter--ESUVh4S2pYyxuW9b2h7Y6yIujZQm_6yST0I0cdhFQU0-00176.jpg": {"object_bounding_box": [520, 438, 1040, 414], "object_presence": 1}, "P806--fridge-freezer-indicator--clutter--ESUVh4S2pYyxuW9b2h7Y6yIujZQm_6yST0I0cdhFQU0-00177.jpg": {"object_bounding_box": [520, 435, 1040, 410], "object_presence": 1}, "P806--fridge-freezer-indicator--clutter--ESUVh4S2pYyxuW9b2h7Y6yIujZQm_6yST0I0cdhFQU0-00178.jpg": {"object_bounding_box": [520, 432, 1040, 413], "object_presence": 1}, "P806--fridge-freezer-indicator--clutter--ESUVh4S2pYyxuW9b2h7Y6yIujZQm_6yST0I0cdhFQU0-00179.jpg": {"object_bounding_box": [518, 431, 1037, 410], "object_presence": 1}, "P806--fridge-freezer-indicator--clutter--ESUVh4S2pYyxuW9b2h7Y6yIujZQm_6yST0I0cdhFQU0-00180.jpg": {"object_bounding_box": [518, 431, 1037, 410], "object_presence": 1}, "P806--fridge-freezer-indicator--clutter--ESUVh4S2pYyxuW9b2h7Y6yIujZQm_6yST0I0cdhFQU0-00181.jpg": {"object_bounding_box": [518, 429, 1035, 410], "object_presence": 1}, "P806--fridge-freezer-indicator--clutter--ESUVh4S2pYyxuW9b2h7Y6yIujZQm_6yST0I0cdhFQU0-00182.jpg": {"object_bounding_box": [518, 427, 1035, 410], "object_presence": 1}, "P806--fridge-freezer-indicator--clutter--ESUVh4S2pYyxuW9b2h7Y6yIujZQm_6yST0I0cdhFQU0-00183.jpg": {"object_bounding_box": [518, 425, 1035, 410], "object_presence": 1}, "P806--fridge-freezer-indicator--clutter--ESUVh4S2pYyxuW9b2h7Y6yIujZQm_6yST0I0cdhFQU0-00184.jpg": {"object_bounding_box": [518, 421, 1035, 410], "object_presence": 1}, "P806--fridge-freezer-indicator--clutter--ESUVh4S2pYyxuW9b2h7Y6yIujZQm_6yST0I0cdhFQU0-00185.jpg": {"object_bounding_box": [518, 422, 1035, 410], "object_presence": 1}, "P806--fridge-freezer-indicator--clutter--ESUVh4S2pYyxuW9b2h7Y6yIujZQm_6yST0I0cdhFQU0-00186.jpg": {"object_bounding_box": [518, 423, 1035, 410], "object_presence": 1}, "P806--fridge-freezer-indicator--clutter--ESUVh4S2pYyxuW9b2h7Y6yIujZQm_6yST0I0cdhFQU0-00187.jpg": {"object_bounding_box": [518, 423, 1035, 410], "object_presence": 1}, "P806--fridge-freezer-indicator--clutter--ESUVh4S2pYyxuW9b2h7Y6yIujZQm_6yST0I0cdhFQU0-00188.jpg": {"object_bounding_box": [518, 421, 1035, 406], "object_presence": 1}, "P806--fridge-freezer-indicator--clutter--ESUVh4S2pYyxuW9b2h7Y6yIujZQm_6yST0I0cdhFQU0-00189.jpg": {"object_bounding_box": [518, 417, 1035, 406], "object_presence": 1}, "P806--fridge-freezer-indicator--clutter--ESUVh4S2pYyxuW9b2h7Y6yIujZQm_6yST0I0cdhFQU0-00190.jpg": {"object_bounding_box": [518, 417, 1035, 406], "object_presence": 1}, "P806--fridge-freezer-indicator--clutter--ESUVh4S2pYyxuW9b2h7Y6yIujZQm_6yST0I0cdhFQU0-00191.jpg": {"object_bounding_box": [518, 421, 1035, 406], "object_presence": 1}, "P806--fridge-freezer-indicator--clutter--ESUVh4S2pYyxuW9b2h7Y6yIujZQm_6yST0I0cdhFQU0-00192.jpg": {"object_bounding_box": [518, 419, 1035, 406], "object_presence": 1}, "P806--fridge-freezer-indicator--clutter--ESUVh4S2pYyxuW9b2h7Y6yIujZQm_6yST0I0cdhFQU0-00193.jpg": {"object_bounding_box": [518, 418, 1035, 406], "object_presence": 1}, "P806--fridge-freezer-indicator--clutter--ESUVh4S2pYyxuW9b2h7Y6yIujZQm_6yST0I0cdhFQU0-00194.jpg": {"object_bounding_box": [518, 419, 1035, 400], "object_presence": 1}, "P806--fridge-freezer-indicator--clutter--ESUVh4S2pYyxuW9b2h7Y6yIujZQm_6yST0I0cdhFQU0-00195.jpg": {"object_bounding_box": [518, 419, 1035, 400], "object_presence": 1}, "P806--fridge-freezer-indicator--clutter--ESUVh4S2pYyxuW9b2h7Y6yIujZQm_6yST0I0cdhFQU0-00196.jpg": {"object_bounding_box": [518, 422, 1035, 400], "object_presence": 1}, "P806--fridge-freezer-indicator--clutter--ESUVh4S2pYyxuW9b2h7Y6yIujZQm_6yST0I0cdhFQU0-00197.jpg": {"object_bounding_box": [518, 426, 1035, 397], "object_presence": 1}, "P806--fridge-freezer-indicator--clutter--ESUVh4S2pYyxuW9b2h7Y6yIujZQm_6yST0I0cdhFQU0-00198.jpg": {"object_bounding_box": [519, 424, 1037, 394], "object_presence": 1}, "P806--fridge-freezer-indicator--clutter--ESUVh4S2pYyxuW9b2h7Y6yIujZQm_6yST0I0cdhFQU0-00199.jpg": {"object_bounding_box": [518, 426, 1036, 394], "object_presence": 1}, "P806--fridge-freezer-indicator--clutter--ESUVh4S2pYyxuW9b2h7Y6yIujZQm_6yST0I0cdhFQU0-00200.jpg": {"object_bounding_box": [521, 426, 1034, 390], "object_presence": 1}, "P806--fridge-freezer-indicator--clutter--ESUVh4S2pYyxuW9b2h7Y6yIujZQm_6yST0I0cdhFQU0-00201.jpg": {"object_bounding_box": [522, 425, 1036, 388], "object_presence": 1}, "P806--fridge-freezer-indicator--clutter--ESUVh4S2pYyxuW9b2h7Y6yIujZQm_6yST0I0cdhFQU0-00202.jpg": {"object_bounding_box": [524, 425, 1033, 388], "object_presence": 1}, "P806--fridge-freezer-indicator--clutter--ESUVh4S2pYyxuW9b2h7Y6yIujZQm_6yST0I0cdhFQU0-00203.jpg": {"object_bounding_box": [528, 425, 1029, 388], "object_presence": 1}, "P806--fridge-freezer-indicator--clutter--ESUVh4S2pYyxuW9b2h7Y6yIujZQm_6yST0I0cdhFQU0-00204.jpg": {"object_bounding_box": [531, 427, 1027, 384], "object_presence": 1}, "P806--fridge-freezer-indicator--clutter--ESUVh4S2pYyxuW9b2h7Y6yIujZQm_6yST0I0cdhFQU0-00205.jpg": {"object_bounding_box": [532, 426, 1026, 384], "object_presence": 1}, "P806--fridge-freezer-indicator--clutter--ESUVh4S2pYyxuW9b2h7Y6yIujZQm_6yST0I0cdhFQU0-00206.jpg": {"object_bounding_box": [532, 426, 1026, 384], "object_presence": 1}, "P806--fridge-freezer-indicator--clutter--ESUVh4S2pYyxuW9b2h7Y6yIujZQm_6yST0I0cdhFQU0-00207.jpg": {"object_bounding_box": [532, 428, 1026, 378], "object_presence": 1}, "P806--fridge-freezer-indicator--clutter--ESUVh4S2pYyxuW9b2h7Y6yIujZQm_6yST0I0cdhFQU0-00208.jpg": {"object_bounding_box": [533, 431, 1024, 378], "object_presence": 1}, "P806--fridge-freezer-indicator--clutter--ESUVh4S2pYyxuW9b2h7Y6yIujZQm_6yST0I0cdhFQU0-00209.jpg": {"object_bounding_box": [533, 433, 1024, 374], "object_presence": 1}, "P806--fridge-freezer-indicator--clutter--ESUVh4S2pYyxuW9b2h7Y6yIujZQm_6yST0I0cdhFQU0-00210.jpg": {"object_bounding_box": [533, 433, 1024, 374], "object_presence": 1}, "P806--fridge-freezer-indicator--clutter--ESUVh4S2pYyxuW9b2h7Y6yIujZQm_6yST0I0cdhFQU0-00211.jpg": {"object_bounding_box": [535, 433, 1020, 374], "object_presence": 1}, "P806--fridge-freezer-indicator--clutter--ESUVh4S2pYyxuW9b2h7Y6yIujZQm_6yST0I0cdhFQU0-00212.jpg": {"object_bounding_box": [535, 432, 1020, 372], "object_presence": 1}, "P806--fridge-freezer-indicator--clutter--ESUVh4S2pYyxuW9b2h7Y6yIujZQm_6yST0I0cdhFQU0-00213.jpg": {"object_bounding_box": [539, 426, 1020, 372], "object_presence": 1}, "P806--fridge-freezer-indicator--clutter--ESUVh4S2pYyxuW9b2h7Y6yIujZQm_6yST0I0cdhFQU0-00214.jpg": {"object_bounding_box": [543, 425, 1020, 372], "object_presence": 1}, "P806--fridge-freezer-indicator--clutter--ESUVh4S2pYyxuW9b2h7Y6yIujZQm_6yST0I0cdhFQU0-00215.jpg": {"object_bounding_box": [545, 422, 1020, 372], "object_presence": 1}, "P806--fridge-freezer-indicator--clutter--ESUVh4S2pYyxuW9b2h7Y6yIujZQm_6yST0I0cdhFQU0-00216.jpg": {"object_bounding_box": [550, 422, 1020, 374], "object_presence": 1}, "P806--fridge-freezer-indicator--clutter--ESUVh4S2pYyxuW9b2h7Y6yIujZQm_6yST0I0cdhFQU0-00217.jpg": {"object_bounding_box": [557, 422, 1019, 379], "object_presence": 1}, "P806--fridge-freezer-indicator--clutter--ESUVh4S2pYyxuW9b2h7Y6yIujZQm_6yST0I0cdhFQU0-00218.jpg": {"object_bounding_box": [563, 423, 1019, 379], "object_presence": 1}, "P806--fridge-freezer-indicator--clutter--ESUVh4S2pYyxuW9b2h7Y6yIujZQm_6yST0I0cdhFQU0-00219.jpg": {"object_bounding_box": [573, 427, 1013, 379], "object_presence": 1}, "P806--fridge-freezer-indicator--clutter--ESUVh4S2pYyxuW9b2h7Y6yIujZQm_6yST0I0cdhFQU0-00220.jpg": {"object_bounding_box": [582, 432, 996, 385], "object_presence": 1}, "P806--fridge-freezer-indicator--clutter--ESUVh4S2pYyxuW9b2h7Y6yIujZQm_6yST0I0cdhFQU0-00221.jpg": {"object_bounding_box": [588, 438, 983, 385], "object_presence": 1}, "P806--fridge-freezer-indicator--clutter--ESUVh4S2pYyxuW9b2h7Y6yIujZQm_6yST0I0cdhFQU0-00222.jpg": {"object_bounding_box": [592, 439, 976, 382], "object_presence": 1}, "P806--fridge-freezer-indicator--clutter--ESUVh4S2pYyxuW9b2h7Y6yIujZQm_6yST0I0cdhFQU0-00223.jpg": {"object_bounding_box": [596, 446, 968, 381], "object_presence": 1}, "P806--fridge-freezer-indicator--clutter--ESUVh4S2pYyxuW9b2h7Y6yIujZQm_6yST0I0cdhFQU0-00224.jpg": {"object_bounding_box": [601, 452, 957, 381], "object_presence": 1}, "P806--fridge-freezer-indicator--clutter--ESUVh4S2pYyxuW9b2h7Y6yIujZQm_6yST0I0cdhFQU0-00225.jpg": {"object_bounding_box": [604, 451, 952, 379], "object_presence": 1}, "P806--fridge-freezer-indicator--clutter--ESUVh4S2pYyxuW9b2h7Y6yIujZQm_6yST0I0cdhFQU0-00226.jpg": {"object_bounding_box": [608, 453, 944, 376], "object_presence": 1}, "P806--fridge-freezer-indicator--clutter--ESUVh4S2pYyxuW9b2h7Y6yIujZQm_6yST0I0cdhFQU0-00227.jpg": {"object_bounding_box": [610, 456, 940, 376], "object_presence": 1}, "P806--fridge-freezer-indicator--clutter--ESUVh4S2pYyxuW9b2h7Y6yIujZQm_6yST0I0cdhFQU0-00228.jpg": {"object_bounding_box": [610, 456, 940, 376], "object_presence": 1}, "P806--fridge-freezer-indicator--clutter--ESUVh4S2pYyxuW9b2h7Y6yIujZQm_6yST0I0cdhFQU0-00229.jpg": {"object_bounding_box": [610, 457, 940, 376], "object_presence": 1}, "P806--fridge-freezer-indicator--clutter--ESUVh4S2pYyxuW9b2h7Y6yIujZQm_6yST0I0cdhFQU0-00230.jpg": {"object_bounding_box": [609, 457, 942, 376], "object_presence": 1}, "P806--fridge-freezer-indicator--clutter--ESUVh4S2pYyxuW9b2h7Y6yIujZQm_6yST0I0cdhFQU0-00231.jpg": {"object_bounding_box": [609, 454, 942, 376], "object_presence": 1}, "P806--fridge-freezer-indicator--clutter--ESUVh4S2pYyxuW9b2h7Y6yIujZQm_6yST0I0cdhFQU0-00232.jpg": {"object_bounding_box": [609, 450, 942, 376], "object_presence": 1}, "P806--fridge-freezer-indicator--clutter--ESUVh4S2pYyxuW9b2h7Y6yIujZQm_6yST0I0cdhFQU0-00233.jpg": {"object_bounding_box": [609, 446, 942, 372], "object_presence": 1}, "P806--fridge-freezer-indicator--clutter--ESUVh4S2pYyxuW9b2h7Y6yIujZQm_6yST0I0cdhFQU0-00234.jpg": {"object_bounding_box": [607, 442, 946, 372], "object_presence": 1}, "P806--fridge-freezer-indicator--clutter--ESUVh4S2pYyxuW9b2h7Y6yIujZQm_6yST0I0cdhFQU0-00235.jpg": {"object_bounding_box": [608, 442, 944, 372], "object_presence": 1}, "P806--fridge-freezer-indicator--clutter--ESUVh4S2pYyxuW9b2h7Y6yIujZQm_6yST0I0cdhFQU0-00236.jpg": {"object_bounding_box": [608, 443, 944, 372], "object_presence": 1}, "P806--fridge-freezer-indicator--clutter--ESUVh4S2pYyxuW9b2h7Y6yIujZQm_6yST0I0cdhFQU0-00237.jpg": {"object_bounding_box": [608, 439, 944, 375], "object_presence": 1}, "P806--fridge-freezer-indicator--clutter--ESUVh4S2pYyxuW9b2h7Y6yIujZQm_6yST0I0cdhFQU0-00238.jpg": {"object_bounding_box": [608, 433, 944, 375], "object_presence": 1}, "P806--fridge-freezer-indicator--clutter--ESUVh4S2pYyxuW9b2h7Y6yIujZQm_6yST0I0cdhFQU0-00239.jpg": {"object_bounding_box": [608, 428, 944, 376], "object_presence": 1}, "P806--fridge-freezer-indicator--clutter--ESUVh4S2pYyxuW9b2h7Y6yIujZQm_6yST0I0cdhFQU0-00240.jpg": {"object_bounding_box": [605, 420, 950, 376], "object_presence": 1}, "P806--fridge-freezer-indicator--clutter--ESUVh4S2pYyxuW9b2h7Y6yIujZQm_6yST0I0cdhFQU0-00241.jpg": {"object_bounding_box": [599, 412, 962, 372], "object_presence": 1}, "P806--fridge-freezer-indicator--clutter--ESUVh4S2pYyxuW9b2h7Y6yIujZQm_6yST0I0cdhFQU0-00242.jpg": {"object_bounding_box": [593, 401, 974, 377], "object_presence": 1}, "P806--fridge-freezer-indicator--clutter--ESUVh4S2pYyxuW9b2h7Y6yIujZQm_6yST0I0cdhFQU0-00243.jpg": {"object_bounding_box": [586, 393, 989, 377], "object_presence": 1}, "P806--fridge-freezer-indicator--clutter--ESUVh4S2pYyxuW9b2h7Y6yIujZQm_6yST0I0cdhFQU0-00244.jpg": {"object_bounding_box": [571, 386, 984, 377], "object_presence": 1}, "P806--fridge-freezer-indicator--clutter--ESUVh4S2pYyxuW9b2h7Y6yIujZQm_6yST0I0cdhFQU0-00245.jpg": {"object_bounding_box": [565, 375, 984, 377], "object_presence": 1}, "P806--fridge-freezer-indicator--clutter--ESUVh4S2pYyxuW9b2h7Y6yIujZQm_6yST0I0cdhFQU0-00246.jpg": {"object_bounding_box": [560, 371, 978, 377], "object_presence": 1}, "P806--fridge-freezer-indicator--clutter--ESUVh4S2pYyxuW9b2h7Y6yIujZQm_6yST0I0cdhFQU0-00247.jpg": {"object_bounding_box": [561, 371, 976, 377], "object_presence": 1}, "P806--fridge-freezer-indicator--clutter--ESUVh4S2pYyxuW9b2h7Y6yIujZQm_6yST0I0cdhFQU0-00248.jpg": {"object_bounding_box": [559, 373, 972, 375], "object_presence": 1}, "P806--fridge-freezer-indicator--clutter--ESUVh4S2pYyxuW9b2h7Y6yIujZQm_6yST0I0cdhFQU0-00249.jpg": {"object_bounding_box": [552, 374, 970, 372], "object_presence": 1}, "P806--fridge-freezer-indicator--clutter--ESUVh4S2pYyxuW9b2h7Y6yIujZQm_6yST0I0cdhFQU0-00250.jpg": {"object_bounding_box": [549, 374, 970, 372], "object_presence": 1}, "P806--fridge-freezer-indicator--clutter--ESUVh4S2pYyxuW9b2h7Y6yIujZQm_6yST0I0cdhFQU0-00251.jpg": {"object_bounding_box": [543, 375, 964, 372], "object_presence": 1}, "P806--fridge-freezer-indicator--clutter--ESUVh4S2pYyxuW9b2h7Y6yIujZQm_6yST0I0cdhFQU0-00252.jpg": {"object_bounding_box": [539, 376, 961, 372], "object_presence": 1}, "P806--fridge-freezer-indicator--clutter--ESUVh4S2pYyxuW9b2h7Y6yIujZQm_6yST0I0cdhFQU0-00253.jpg": {"object_bounding_box": [537, 377, 959, 370], "object_presence": 1}, "P806--fridge-freezer-indicator--clutter--ESUVh4S2pYyxuW9b2h7Y6yIujZQm_6yST0I0cdhFQU0-00254.jpg": {"object_bounding_box": [536, 377, 957, 370], "object_presence": 1}, "P806--fridge-freezer-indicator--clutter--ESUVh4S2pYyxuW9b2h7Y6yIujZQm_6yST0I0cdhFQU0-00255.jpg": {"object_bounding_box": [532, 381, 952, 369], "object_presence": 1}, "P806--fridge-freezer-indicator--clutter--ESUVh4S2pYyxuW9b2h7Y6yIujZQm_6yST0I0cdhFQU0-00256.jpg": {"object_bounding_box": [530, 385, 948, 364], "object_presence": 1}, "P806--fridge-freezer-indicator--clutter--ESUVh4S2pYyxuW9b2h7Y6yIujZQm_6yST0I0cdhFQU0-00257.jpg": {"object_bounding_box": [529, 385, 946, 364], "object_presence": 1}, "P806--fridge-freezer-indicator--clutter--ESUVh4S2pYyxuW9b2h7Y6yIujZQm_6yST0I0cdhFQU0-00258.jpg": {"object_bounding_box": [531, 387, 942, 364], "object_presence": 1}, "P806--fridge-freezer-indicator--clutter--ESUVh4S2pYyxuW9b2h7Y6yIujZQm_6yST0I0cdhFQU0-00259.jpg": {"object_bounding_box": [534, 387, 936, 364], "object_presence": 1}, "P806--fridge-freezer-indicator--clutter--ESUVh4S2pYyxuW9b2h7Y6yIujZQm_6yST0I0cdhFQU0-00260.jpg": {"object_bounding_box": [540, 390, 932, 360], "object_presence": 1}, "P806--fridge-freezer-indicator--clutter--ESUVh4S2pYyxuW9b2h7Y6yIujZQm_6yST0I0cdhFQU0-00261.jpg": {"object_bounding_box": [551, 395, 925, 359], "object_presence": 1}, "P806--fridge-freezer-indicator--clutter--ESUVh4S2pYyxuW9b2h7Y6yIujZQm_6yST0I0cdhFQU0-00262.jpg": {"object_bounding_box": [554, 394, 925, 359], "object_presence": 1}, "P806--fridge-freezer-indicator--clutter--ESUVh4S2pYyxuW9b2h7Y6yIujZQm_6yST0I0cdhFQU0-00263.jpg": {"object_bounding_box": [560, 395, 924, 354], "object_presence": 1}, "P806--fridge-freezer-indicator--clutter--ESUVh4S2pYyxuW9b2h7Y6yIujZQm_6yST0I0cdhFQU0-00264.jpg": {"object_bounding_box": [565, 395, 915, 354], "object_presence": 1}, "P806--fridge-freezer-indicator--clutter--ESUVh4S2pYyxuW9b2h7Y6yIujZQm_6yST0I0cdhFQU0-00265.jpg": {"object_bounding_box": [576, 399, 918, 354], "object_presence": 1}, "P806--fridge-freezer-indicator--clutter--ESUVh4S2pYyxuW9b2h7Y6yIujZQm_6yST0I0cdhFQU0-00266.jpg": {"object_bounding_box": [577, 399, 918, 353], "object_presence": 1}, "P806--fridge-freezer-indicator--clutter--ESUVh4S2pYyxuW9b2h7Y6yIujZQm_6yST0I0cdhFQU0-00267.jpg": {"object_bounding_box": [580, 402, 917, 351], "object_presence": 1}, "P806--fridge-freezer-indicator--clutter--ESUVh4S2pYyxuW9b2h7Y6yIujZQm_6yST0I0cdhFQU0-00268.jpg": {"object_bounding_box": [580, 404, 912, 349], "object_presence": 1}, "P806--fridge-freezer-indicator--clutter--ESUVh4S2pYyxuW9b2h7Y6yIujZQm_6yST0I0cdhFQU0-00269.jpg": {"object_bounding_box": [579, 404, 912, 349], "object_presence": 1}, "P806--fridge-freezer-indicator--clutter--ESUVh4S2pYyxuW9b2h7Y6yIujZQm_6yST0I0cdhFQU0-00270.jpg": {"object_bounding_box": [576, 404, 908, 348], "object_presence": 1}, "P806--fridge-freezer-indicator--clutter--ESUVh4S2pYyxuW9b2h7Y6yIujZQm_6yST0I0cdhFQU0-00271.jpg": {"object_bounding_box": [574, 402, 905, 346], "object_presence": 1}, "P806--fridge-freezer-indicator--clutter--ESUVh4S2pYyxuW9b2h7Y6yIujZQm_6yST0I0cdhFQU0-00272.jpg": {"object_bounding_box": [574, 401, 905, 342], "object_presence": 1}, "P806--fridge-freezer-indicator--clutter--ESUVh4S2pYyxuW9b2h7Y6yIujZQm_6yST0I0cdhFQU0-00273.jpg": {"object_bounding_box": [571, 396, 905, 342], "object_presence": 1}, "P806--fridge-freezer-indicator--clutter--ESUVh4S2pYyxuW9b2h7Y6yIujZQm_6yST0I0cdhFQU0-00274.jpg": {"object_bounding_box": [570, 396, 899, 342], "object_presence": 1}, "P806--fridge-freezer-indicator--clutter--ESUVh4S2pYyxuW9b2h7Y6yIujZQm_6yST0I0cdhFQU0-00275.jpg": {"object_bounding_box": [570, 395, 899, 341], "object_presence": 1}, "P806--fridge-freezer-indicator--clutter--ESUVh4S2pYyxuW9b2h7Y6yIujZQm_6yST0I0cdhFQU0-00276.jpg": {"object_bounding_box": [569, 392, 896, 341], "object_presence": 1}, "P806--fridge-freezer-indicator--clutter--ESUVh4S2pYyxuW9b2h7Y6yIujZQm_6yST0I0cdhFQU0-00277.jpg": {"object_bounding_box": [569, 388, 894, 341], "object_presence": 1}, "P806--fridge-freezer-indicator--clutter--ESUVh4S2pYyxuW9b2h7Y6yIujZQm_6yST0I0cdhFQU0-00278.jpg": {"object_bounding_box": [566, 387, 894, 341], "object_presence": 1}, "P806--fridge-freezer-indicator--clutter--ESUVh4S2pYyxuW9b2h7Y6yIujZQm_6yST0I0cdhFQU0-00279.jpg": {"object_bounding_box": [566, 385, 891, 341], "object_presence": 1}, "P806--fridge-freezer-indicator--clutter--ESUVh4S2pYyxuW9b2h7Y6yIujZQm_6yST0I0cdhFQU0-00280.jpg": {"object_bounding_box": [567, 383, 890, 341], "object_presence": 1}, "P806--fridge-freezer-indicator--clutter--ESUVh4S2pYyxuW9b2h7Y6yIujZQm_6yST0I0cdhFQU0-00281.jpg": {"object_bounding_box": [568, 380, 890, 341], "object_presence": 1}, "P806--fridge-freezer-indicator--clutter--ESUVh4S2pYyxuW9b2h7Y6yIujZQm_6yST0I0cdhFQU0-00282.jpg": {"object_bounding_box": [567, 377, 890, 341], "object_presence": 1}, "P806--fridge-freezer-indicator--clutter--ESUVh4S2pYyxuW9b2h7Y6yIujZQm_6yST0I0cdhFQU0-00283.jpg": {"object_bounding_box": [568, 376, 887, 338], "object_presence": 1}, "P806--fridge-freezer-indicator--clutter--ESUVh4S2pYyxuW9b2h7Y6yIujZQm_6yST0I0cdhFQU0-00284.jpg": {"object_bounding_box": [570, 376, 886, 338], "object_presence": 1}, "P806--fridge-freezer-indicator--clutter--ESUVh4S2pYyxuW9b2h7Y6yIujZQm_6yST0I0cdhFQU0-00285.jpg": {"object_bounding_box": [571, 375, 884, 335], "object_presence": 1}, "P806--fridge-freezer-indicator--clutter--ESUVh4S2pYyxuW9b2h7Y6yIujZQm_6yST0I0cdhFQU0-00286.jpg": {"object_bounding_box": [572, 375, 881, 335], "object_presence": 1}, "P806--fridge-freezer-indicator--clutter--ESUVh4S2pYyxuW9b2h7Y6yIujZQm_6yST0I0cdhFQU0-00287.jpg": {"object_bounding_box": [576, 380, 880, 335], "object_presence": 1}, "P806--fridge-freezer-indicator--clutter--ESUVh4S2pYyxuW9b2h7Y6yIujZQm_6yST0I0cdhFQU0-00288.jpg": {"object_bounding_box": [582, 383, 878, 331], "object_presence": 1}, "P806--fridge-freezer-indicator--clutter--ESUVh4S2pYyxuW9b2h7Y6yIujZQm_6yST0I0cdhFQU0-00289.jpg": {"object_bounding_box": [583, 386, 878, 331], "object_presence": 1}, "P806--fridge-freezer-indicator--clutter--ESUVh4S2pYyxuW9b2h7Y6yIujZQm_6yST0I0cdhFQU0-00290.jpg": {"object_bounding_box": [584, 386, 875, 331], "object_presence": 1}, "P806--fridge-freezer-indicator--clutter--ESUVh4S2pYyxuW9b2h7Y6yIujZQm_6yST0I0cdhFQU0-00291.jpg": {"object_bounding_box": [584, 388, 873, 331], "object_presence": 1}, "P806--fridge-freezer-indicator--clutter--ESUVh4S2pYyxuW9b2h7Y6yIujZQm_6yST0I0cdhFQU0-00292.jpg": {"object_bounding_box": [584, 387, 873, 332], "object_presence": 1}, "P806--fridge-freezer-indicator--clutter--ESUVh4S2pYyxuW9b2h7Y6yIujZQm_6yST0I0cdhFQU0-00293.jpg": {"object_bounding_box": [585, 393, 870, 332], "object_presence": 1}, "P806--fridge-freezer-indicator--clutter--ESUVh4S2pYyxuW9b2h7Y6yIujZQm_6yST0I0cdhFQU0-00294.jpg": {"object_bounding_box": [583, 393, 870, 331], "object_presence": 1}, "P806--fridge-freezer-indicator--clutter--ESUVh4S2pYyxuW9b2h7Y6yIujZQm_6yST0I0cdhFQU0-00295.jpg": {"object_bounding_box": [581, 396, 865, 331], "object_presence": 1}, "P806--fridge-freezer-indicator--clutter--ESUVh4S2pYyxuW9b2h7Y6yIujZQm_6yST0I0cdhFQU0-00296.jpg": {"object_bounding_box": [582, 396, 862, 333], "object_presence": 1}, "P806--fridge-freezer-indicator--clutter--ESUVh4S2pYyxuW9b2h7Y6yIujZQm_6yST0I0cdhFQU0-00297.jpg": {"object_bounding_box": [581, 399, 859, 328], "object_presence": 1}, "P806--fridge-freezer-indicator--clutter--ESUVh4S2pYyxuW9b2h7Y6yIujZQm_6yST0I0cdhFQU0-00298.jpg": {"object_bounding_box": [580, 399, 859, 325], "object_presence": 1}, "P806--fridge-freezer-indicator--clutter--ESUVh4S2pYyxuW9b2h7Y6yIujZQm_6yST0I0cdhFQU0-00299.jpg": {"object_bounding_box": [578, 400, 856, 323], "object_presence": 1}, "P806--fridge-freezer-indicator--clutter--ESUVh4S2pYyxuW9b2h7Y6yIujZQm_6yST0I0cdhFQU0-00300.jpg": {"object_bounding_box": [580, 402, 854, 323], "object_presence": 1}, "P806--fridge-freezer-indicator--clutter--ESUVh4S2pYyxuW9b2h7Y6yIujZQm_6yST0I0cdhFQU0-00301.jpg": {"object_bounding_box": [579, 404, 852, 319], "object_presence": 1}, "P806--fridge-freezer-indicator--clutter--ESUVh4S2pYyxuW9b2h7Y6yIujZQm_6yST0I0cdhFQU0-00302.jpg": {"object_bounding_box": [577, 406, 848, 318], "object_presence": 1}, "P806--fridge-freezer-indicator--clutter--ESUVh4S2pYyxuW9b2h7Y6yIujZQm_6yST0I0cdhFQU0-00303.jpg": {"object_bounding_box": [576, 407, 847, 317], "object_presence": 1}, "P806--fridge-freezer-indicator--clutter--ESUVh4S2pYyxuW9b2h7Y6yIujZQm_6yST0I0cdhFQU0-00304.jpg": {"object_bounding_box": [574, 409, 846, 317], "object_presence": 1}, "P806--fridge-freezer-indicator--clutter--ESUVh4S2pYyxuW9b2h7Y6yIujZQm_6yST0I0cdhFQU0-00305.jpg": {"object_bounding_box": [573, 413, 843, 314], "object_presence": 1}, "P806--fridge-freezer-indicator--clutter--ESUVh4S2pYyxuW9b2h7Y6yIujZQm_6yST0I0cdhFQU0-00306.jpg": {"object_bounding_box": [570, 416, 839, 311], "object_presence": 1}, "P806--fridge-freezer-indicator--clutter--ESUVh4S2pYyxuW9b2h7Y6yIujZQm_6yST0I0cdhFQU0-00307.jpg": {"object_bounding_box": [568, 419, 837, 311], "object_presence": 1}, "P806--fridge-freezer-indicator--clutter--ESUVh4S2pYyxuW9b2h7Y6yIujZQm_6yST0I0cdhFQU0-00308.jpg": {"object_bounding_box": [567, 420, 834, 307], "object_presence": 1}, "P806--fridge-freezer-indicator--clutter--ESUVh4S2pYyxuW9b2h7Y6yIujZQm_6yST0I0cdhFQU0-00309.jpg": {"object_bounding_box": [565, 422, 830, 307], "object_presence": 1}, "P806--fridge-freezer-indicator--clutter--ESUVh4S2pYyxuW9b2h7Y6yIujZQm_6yST0I0cdhFQU0-00310.jpg": {"object_bounding_box": [563, 423, 829, 306], "object_presence": 1}, "P806--fridge-freezer-indicator--clutter--ESUVh4S2pYyxuW9b2h7Y6yIujZQm_6yST0I0cdhFQU0-00311.jpg": {"object_bounding_box": [559, 424, 827, 306], "object_presence": 1}, "P806--fridge-freezer-indicator--clutter--ESUVh4S2pYyxuW9b2h7Y6yIujZQm_6yST0I0cdhFQU0-00312.jpg": {"object_bounding_box": [555, 425, 822, 304], "object_presence": 1}, "P806--fridge-freezer-indicator--clutter--ESUVh4S2pYyxuW9b2h7Y6yIujZQm_6yST0I0cdhFQU0-00313.jpg": {"object_bounding_box": [551, 426, 822, 301], "object_presence": 1}, "P806--fridge-freezer-indicator--clutter--ESUVh4S2pYyxuW9b2h7Y6yIujZQm_6yST0I0cdhFQU0-00314.jpg": {"object_bounding_box": [547, 423, 822, 301], "object_presence": 1}, "P806--fridge-freezer-indicator--clutter--ESUVh4S2pYyxuW9b2h7Y6yIujZQm_6yST0I0cdhFQU0-00315.jpg": {"object_bounding_box": [542, 422, 820, 301], "object_presence": 1}, "P806--fridge-freezer-indicator--clutter--ESUVh4S2pYyxuW9b2h7Y6yIujZQm_6yST0I0cdhFQU0-00316.jpg": {"object_bounding_box": [539, 422, 820, 301], "object_presence": 1}, "P806--fridge-freezer-indicator--clutter--ESUVh4S2pYyxuW9b2h7Y6yIujZQm_6yST0I0cdhFQU0-00317.jpg": {"object_bounding_box": [533, 421, 819, 301], "object_presence": 1}, "P806--fridge-freezer-indicator--clutter--ESUVh4S2pYyxuW9b2h7Y6yIujZQm_6yST0I0cdhFQU0-00318.jpg": {"object_bounding_box": [529, 421, 817, 301], "object_presence": 1}, "P806--fridge-freezer-indicator--clutter--ESUVh4S2pYyxuW9b2h7Y6yIujZQm_6yST0I0cdhFQU0-00319.jpg": {"object_bounding_box": [525, 421, 816, 301], "object_presence": 1}, "P806--fridge-freezer-indicator--clutter--ESUVh4S2pYyxuW9b2h7Y6yIujZQm_6yST0I0cdhFQU0-00320.jpg": {"object_bounding_box": [523, 420, 816, 301], "object_presence": 1}, "P806--fridge-freezer-indicator--clutter--ESUVh4S2pYyxuW9b2h7Y6yIujZQm_6yST0I0cdhFQU0-00321.jpg": {"object_bounding_box": [520, 420, 814, 301], "object_presence": 1}, "P806--fridge-freezer-indicator--clutter--ESUVh4S2pYyxuW9b2h7Y6yIujZQm_6yST0I0cdhFQU0-00322.jpg": {"object_bounding_box": [517, 418, 811, 299], "object_presence": 1}, "P806--fridge-freezer-indicator--clutter--ESUVh4S2pYyxuW9b2h7Y6yIujZQm_6yST0I0cdhFQU0-00323.jpg": {"object_bounding_box": [517, 416, 811, 299], "object_presence": 1}, "P806--fridge-freezer-indicator--clutter--ESUVh4S2pYyxuW9b2h7Y6yIujZQm_6yST0I0cdhFQU0-00324.jpg": {"object_bounding_box": [516, 415, 811, 299], "object_presence": 1}, "P806--fridge-freezer-indicator--clutter--ESUVh4S2pYyxuW9b2h7Y6yIujZQm_6yST0I0cdhFQU0-00325.jpg": {"object_bounding_box": [515, 415, 810, 296], "object_presence": 1}, "P806--fridge-freezer-indicator--clutter--ESUVh4S2pYyxuW9b2h7Y6yIujZQm_6yST0I0cdhFQU0-00326.jpg": {"object_bounding_box": [515, 412, 810, 296], "object_presence": 1}, "P806--fridge-freezer-indicator--clutter--ESUVh4S2pYyxuW9b2h7Y6yIujZQm_6yST0I0cdhFQU0-00327.jpg": {"object_bounding_box": [512, 410, 809, 296], "object_presence": 1}, "P806--fridge-freezer-indicator--clutter--ESUVh4S2pYyxuW9b2h7Y6yIujZQm_6yST0I0cdhFQU0-00328.jpg": {"object_bounding_box": [512, 408, 809, 296], "object_presence": 1}, "P806--fridge-freezer-indicator--clutter--ESUVh4S2pYyxuW9b2h7Y6yIujZQm_6yST0I0cdhFQU0-00329.jpg": {"object_bounding_box": [513, 406, 807, 296], "object_presence": 1}, "P806--fridge-freezer-indicator--clutter--ESUVh4S2pYyxuW9b2h7Y6yIujZQm_6yST0I0cdhFQU0-00330.jpg": {"object_bounding_box": [515, 403, 803, 296], "object_presence": 1}, "P806--fridge-freezer-indicator--clutter--ESUVh4S2pYyxuW9b2h7Y6yIujZQm_6yST0I0cdhFQU0-00331.jpg": {"object_bounding_box": [517, 401, 803, 296], "object_presence": 1}, "P806--fridge-freezer-indicator--clutter--ESUVh4S2pYyxuW9b2h7Y6yIujZQm_6yST0I0cdhFQU0-00332.jpg": {"object_bounding_box": [515, 396, 803, 296], "object_presence": 1}, "P806--fridge-freezer-indicator--clutter--ESUVh4S2pYyxuW9b2h7Y6yIujZQm_6yST0I0cdhFQU0-00333.jpg": {"object_bounding_box": [516, 393, 804, 297], "object_presence": 1}, "P806--fridge-freezer-indicator--clutter--ESUVh4S2pYyxuW9b2h7Y6yIujZQm_6yST0I0cdhFQU0-00334.jpg": {"object_bounding_box": [519, 391, 804, 299], "object_presence": 1}, "P806--fridge-freezer-indicator--clutter--ESUVh4S2pYyxuW9b2h7Y6yIujZQm_6yST0I0cdhFQU0-00335.jpg": {"object_bounding_box": [521, 390, 804, 301], "object_presence": 1}, "P806--fridge-freezer-indicator--clutter--ESUVh4S2pYyxuW9b2h7Y6yIujZQm_6yST0I0cdhFQU0-00336.jpg": {"object_bounding_box": [521, 389, 804, 301], "object_presence": 1}, "P806--fridge-freezer-indicator--clutter--ESUVh4S2pYyxuW9b2h7Y6yIujZQm_6yST0I0cdhFQU0-00337.jpg": {"object_bounding_box": [524, 387, 804, 301], "object_presence": 1}, "P806--fridge-freezer-indicator--clutter--ESUVh4S2pYyxuW9b2h7Y6yIujZQm_6yST0I0cdhFQU0-00338.jpg": {"object_bounding_box": [527, 387, 804, 301], "object_presence": 1}, "P806--fridge-freezer-indicator--clutter--ESUVh4S2pYyxuW9b2h7Y6yIujZQm_6yST0I0cdhFQU0-00339.jpg": {"object_bounding_box": [529, 387, 803, 305], "object_presence": 1}, "P806--fridge-freezer-indicator--clutter--ESUVh4S2pYyxuW9b2h7Y6yIujZQm_6yST0I0cdhFQU0-00340.jpg": {"object_bounding_box": [532, 388, 801, 303], "object_presence": 1}, "P806--fridge-freezer-indicator--clutter--ESUVh4S2pYyxuW9b2h7Y6yIujZQm_6yST0I0cdhFQU0-00341.jpg": {"object_bounding_box": [537, 390, 797, 301], "object_presence": 1}, "P806--fridge-freezer-indicator--clutter--ESUVh4S2pYyxuW9b2h7Y6yIujZQm_6yST0I0cdhFQU0-00342.jpg": {"object_bounding_box": [542, 393, 796, 303], "object_presence": 1}, "P806--fridge-freezer-indicator--clutter--ESUVh4S2pYyxuW9b2h7Y6yIujZQm_6yST0I0cdhFQU0-00343.jpg": {"object_bounding_box": [548, 399, 793, 301], "object_presence": 1}, "P806--fridge-freezer-indicator--clutter--ESUVh4S2pYyxuW9b2h7Y6yIujZQm_6yST0I0cdhFQU0-00344.jpg": {"object_bounding_box": [552, 403, 791, 301], "object_presence": 1}, "P806--fridge-freezer-indicator--clutter--ESUVh4S2pYyxuW9b2h7Y6yIujZQm_6yST0I0cdhFQU0-00345.jpg": {"object_bounding_box": [560, 405, 790, 299], "object_presence": 1}, "P806--fridge-freezer-indicator--clutter--ESUVh4S2pYyxuW9b2h7Y6yIujZQm_6yST0I0cdhFQU0-00346.jpg": {"object_bounding_box": [563, 408, 787, 297], "object_presence": 1}, "P806--fridge-freezer-indicator--clutter--ESUVh4S2pYyxuW9b2h7Y6yIujZQm_6yST0I0cdhFQU0-00347.jpg": {"object_bounding_box": [567, 409, 786, 297], "object_presence": 1}, "P806--fridge-freezer-indicator--clutter--ESUVh4S2pYyxuW9b2h7Y6yIujZQm_6yST0I0cdhFQU0-00348.jpg": {"object_bounding_box": [569, 411, 781, 296], "object_presence": 1}, "P806--fridge-freezer-indicator--clutter--ESUVh4S2pYyxuW9b2h7Y6yIujZQm_6yST0I0cdhFQU0-00349.jpg": {"object_bounding_box": [575, 411, 780, 296], "object_presence": 1}, "P806--fridge-freezer-indicator--clutter--ESUVh4S2pYyxuW9b2h7Y6yIujZQm_6yST0I0cdhFQU0-00350.jpg": {"object_bounding_box": [580, 414, 777, 292], "object_presence": 1}, "P806--fridge-freezer-indicator--clutter--ESUVh4S2pYyxuW9b2h7Y6yIujZQm_6yST0I0cdhFQU0-00351.jpg": {"object_bounding_box": [582, 416, 776, 292], "object_presence": 1}, "P806--fridge-freezer-indicator--clutter--ESUVh4S2pYyxuW9b2h7Y6yIujZQm_6yST0I0cdhFQU0-00352.jpg": {"object_bounding_box": [583, 421, 773, 292], "object_presence": 1}, "P806--fridge-freezer-indicator--clutter--ESUVh4S2pYyxuW9b2h7Y6yIujZQm_6yST0I0cdhFQU0-00353.jpg": {"object_bounding_box": [584, 424, 769, 288], "object_presence": 1}, "P806--fridge-freezer-indicator--clutter--ESUVh4S2pYyxuW9b2h7Y6yIujZQm_6yST0I0cdhFQU0-00354.jpg": {"object_bounding_box": [585, 424, 768, 288], "object_presence": 1}, "P806--fridge-freezer-indicator--clutter--ESUVh4S2pYyxuW9b2h7Y6yIujZQm_6yST0I0cdhFQU0-00355.jpg": {"object_bounding_box": [585, 421, 767, 288], "object_presence": 1}, "P806--fridge-freezer-indicator--clutter--ESUVh4S2pYyxuW9b2h7Y6yIujZQm_6yST0I0cdhFQU0-00356.jpg": {"object_bounding_box": [587, 422, 764, 288], "object_presence": 1}, "P806--fridge-freezer-indicator--clutter--ESUVh4S2pYyxuW9b2h7Y6yIujZQm_6yST0I0cdhFQU0-00357.jpg": {"object_bounding_box": [591, 418, 763, 288], "object_presence": 1}, "P806--fridge-freezer-indicator--clutter--ESUVh4S2pYyxuW9b2h7Y6yIujZQm_6yST0I0cdhFQU0-00358.jpg": {"object_bounding_box": [593, 418, 761, 287], "object_presence": 1}, "P806--fridge-freezer-indicator--clutter--ESUVh4S2pYyxuW9b2h7Y6yIujZQm_6yST0I0cdhFQU0-00359.jpg": {"object_bounding_box": [593, 416, 761, 287], "object_presence": 1}, "P806--fridge-freezer-indicator--clutter--ESUVh4S2pYyxuW9b2h7Y6yIujZQm_6yST0I0cdhFQU0-00360.jpg": {"object_bounding_box": [595, 417, 758, 284], "object_presence": 1}, "P806--fridge-freezer-indicator--clutter--ESUVh4S2pYyxuW9b2h7Y6yIujZQm_6yST0I0cdhFQU0-00361.jpg": {"object_bounding_box": [596, 420, 753, 276], "object_presence": 1}, "P806--fridge-freezer-indicator--clutter--ESUVh4S2pYyxuW9b2h7Y6yIujZQm_6yST0I0cdhFQU0-00362.jpg": {"object_bounding_box": [599, 420, 753, 276], "object_presence": 1}, "P806--fridge-freezer-indicator--clutter--ESUVh4S2pYyxuW9b2h7Y6yIujZQm_6yST0I0cdhFQU0-00363.jpg": {"object_bounding_box": [599, 422, 752, 276], "object_presence": 1}, "P806--fridge-freezer-indicator--clutter--ESUVh4S2pYyxuW9b2h7Y6yIujZQm_6yST0I0cdhFQU0-00364.jpg": {"object_bounding_box": [597, 424, 748, 274], "object_presence": 1}, "P806--fridge-freezer-indicator--clutter--ESUVh4S2pYyxuW9b2h7Y6yIujZQm_6yST0I0cdhFQU0-00365.jpg": {"object_bounding_box": [595, 425, 747, 270], "object_presence": 1}, "P806--fridge-freezer-indicator--clutter--ESUVh4S2pYyxuW9b2h7Y6yIujZQm_6yST0I0cdhFQU0-00366.jpg": {"object_bounding_box": [592, 425, 745, 268], "object_presence": 1}, "P806--fridge-freezer-indicator--clutter--ESUVh4S2pYyxuW9b2h7Y6yIujZQm_6yST0I0cdhFQU0-00367.jpg": {"object_bounding_box": [590, 425, 743, 268], "object_presence": 1}, "P806--fridge-freezer-indicator--clutter--ESUVh4S2pYyxuW9b2h7Y6yIujZQm_6yST0I0cdhFQU0-00368.jpg": {"object_bounding_box": [589, 427, 741, 264], "object_presence": 1}, "P806--fridge-freezer-indicator--clutter--ESUVh4S2pYyxuW9b2h7Y6yIujZQm_6yST0I0cdhFQU0-00369.jpg": {"object_bounding_box": [589, 429, 739, 261], "object_presence": 1}, "P806--fridge-freezer-indicator--clutter--ESUVh4S2pYyxuW9b2h7Y6yIujZQm_6yST0I0cdhFQU0-00370.jpg": {"object_bounding_box": [590, 430, 739, 261], "object_presence": 1}, "P806--fridge-freezer-indicator--clutter--ESUVh4S2pYyxuW9b2h7Y6yIujZQm_6yST0I0cdhFQU0-00371.jpg": {"object_bounding_box": [589, 432, 737, 261], "object_presence": 1}, "P806--fridge-freezer-indicator--clutter--ESUVh4S2pYyxuW9b2h7Y6yIujZQm_6yST0I0cdhFQU0-00372.jpg": {"object_bounding_box": [589, 439, 732, 261], "object_presence": 1}, "P806--fridge-freezer-indicator--clutter--ESUVh4S2pYyxuW9b2h7Y6yIujZQm_6yST0I0cdhFQU0-00373.jpg": {"object_bounding_box": [593, 448, 732, 261], "object_presence": 1}, "P806--fridge-freezer-indicator--clutter--ESUVh4S2pYyxuW9b2h7Y6yIujZQm_6yST0I0cdhFQU0-00374.jpg": {"object_bounding_box": [594, 449, 731, 260], "object_presence": 1}, "P806--fridge-freezer-indicator--clutter--ESUVh4S2pYyxuW9b2h7Y6yIujZQm_6yST0I0cdhFQU0-00375.jpg": {"object_bounding_box": [587, 450, 731, 258], "object_presence": 1}, "P806--fridge-freezer-indicator--clutter--ESUVh4S2pYyxuW9b2h7Y6yIujZQm_6yST0I0cdhFQU0-00376.jpg": {"object_bounding_box": [581, 456, 727, 258], "object_presence": 1}, "P806--fridge-freezer-indicator--clutter--ESUVh4S2pYyxuW9b2h7Y6yIujZQm_6yST0I0cdhFQU0-00377.jpg": {"object_bounding_box": [580, 460, 726, 258], "object_presence": 1}, "P806--fridge-freezer-indicator--clutter--ESUVh4S2pYyxuW9b2h7Y6yIujZQm_6yST0I0cdhFQU0-00378.jpg": {"object_bounding_box": [578, 462, 723, 257], "object_presence": 1}, "P806--fridge-freezer-indicator--clutter--ESUVh4S2pYyxuW9b2h7Y6yIujZQm_6yST0I0cdhFQU0-00379.jpg": {"object_bounding_box": [578, 460, 723, 257], "object_presence": 1}, "P806--fridge-freezer-indicator--clutter--ESUVh4S2pYyxuW9b2h7Y6yIujZQm_6yST0I0cdhFQU0-00380.jpg": {"object_bounding_box": [576, 460, 723, 257], "object_presence": 1}, "P806--fridge-freezer-indicator--clutter--ESUVh4S2pYyxuW9b2h7Y6yIujZQm_6yST0I0cdhFQU0-00381.jpg": {"object_bounding_box": [577, 459, 723, 254], "object_presence": 1}, "P806--fridge-freezer-indicator--clutter--ESUVh4S2pYyxuW9b2h7Y6yIujZQm_6yST0I0cdhFQU0-00382.jpg": {"object_bounding_box": [579, 457, 721, 250], "object_presence": 1}, "P806--fridge-freezer-indicator--clutter--ESUVh4S2pYyxuW9b2h7Y6yIujZQm_6yST0I0cdhFQU0-00383.jpg": {"object_bounding_box": [580, 454, 721, 250], "object_presence": 1}, "P806--fridge-freezer-indicator--clutter--ESUVh4S2pYyxuW9b2h7Y6yIujZQm_6yST0I0cdhFQU0-00384.jpg": {"object_bounding_box": [580, 456, 721, 251], "object_presence": 1}, "P806--fridge-freezer-indicator--clutter--ESUVh4S2pYyxuW9b2h7Y6yIujZQm_6yST0I0cdhFQU0-00385.jpg": {"object_bounding_box": [583, 460, 717, 251], "object_presence": 1}, "P806--fridge-freezer-indicator--clutter--ESUVh4S2pYyxuW9b2h7Y6yIujZQm_6yST0I0cdhFQU0-00386.jpg": {"object_bounding_box": [587, 459, 717, 251], "object_presence": 1}, "P806--fridge-freezer-indicator--clutter--ESUVh4S2pYyxuW9b2h7Y6yIujZQm_6yST0I0cdhFQU0-00387.jpg": {"object_bounding_box": [589, 457, 718, 251], "object_presence": 1}, "P806--fridge-freezer-indicator--clutter--ESUVh4S2pYyxuW9b2h7Y6yIujZQm_6yST0I0cdhFQU0-00388.jpg": {"object_bounding_box": [590, 457, 717, 251], "object_presence": 1}, "P806--fridge-freezer-indicator--clutter--ESUVh4S2pYyxuW9b2h7Y6yIujZQm_6yST0I0cdhFQU0-00389.jpg": {"object_bounding_box": [591, 458, 716, 250], "object_presence": 1}, "P806--fridge-freezer-indicator--clutter--ESUVh4S2pYyxuW9b2h7Y6yIujZQm_6yST0I0cdhFQU0-00390.jpg": {"object_bounding_box": [592, 455, 715, 250], "object_presence": 1}, "P806--fridge-freezer-indicator--clutter--ESUVh4S2pYyxuW9b2h7Y6yIujZQm_6yST0I0cdhFQU0-00391.jpg": {"object_bounding_box": [594, 454, 715, 251], "object_presence": 1}, "P806--fridge-freezer-indicator--clutter--ESUVh4S2pYyxuW9b2h7Y6yIujZQm_6yST0I0cdhFQU0-00392.jpg": {"object_bounding_box": [594, 453, 715, 251], "object_presence": 1}, "P806--fridge-freezer-indicator--clutter--ESUVh4S2pYyxuW9b2h7Y6yIujZQm_6yST0I0cdhFQU0-00393.jpg": {"object_bounding_box": [594, 453, 715, 250], "object_presence": 1}, "P806--fridge-freezer-indicator--clutter--ESUVh4S2pYyxuW9b2h7Y6yIujZQm_6yST0I0cdhFQU0-00394.jpg": {"object_bounding_box": [595, 454, 715, 248], "object_presence": 1}, "P806--fridge-freezer-indicator--clutter--ESUVh4S2pYyxuW9b2h7Y6yIujZQm_6yST0I0cdhFQU0-00395.jpg": {"object_bounding_box": [597, 454, 714, 248], "object_presence": 1}, "P806--fridge-freezer-indicator--clutter--ESUVh4S2pYyxuW9b2h7Y6yIujZQm_6yST0I0cdhFQU0-00396.jpg": {"object_bounding_box": [599, 451, 713, 249], "object_presence": 1}, "P806--fridge-freezer-indicator--clutter--ESUVh4S2pYyxuW9b2h7Y6yIujZQm_6yST0I0cdhFQU0-00397.jpg": {"object_bounding_box": [599, 450, 713, 249], "object_presence": 1}, "P806--fridge-freezer-indicator--clutter--ESUVh4S2pYyxuW9b2h7Y6yIujZQm_6yST0I0cdhFQU0-00398.jpg": {"object_bounding_box": [597, 450, 713, 249], "object_presence": 1}, "P806--fridge-freezer-indicator--clutter--ESUVh4S2pYyxuW9b2h7Y6yIujZQm_6yST0I0cdhFQU0-00399.jpg": {"object_bounding_box": [595, 448, 712, 252], "object_presence": 1}, "P806--fridge-freezer-indicator--clutter--ESUVh4S2pYyxuW9b2h7Y6yIujZQm_6yST0I0cdhFQU0-00400.jpg": {"object_bounding_box": [595, 448, 713, 252], "object_presence": 1}, "P806--fridge-freezer-indicator--clutter--ESUVh4S2pYyxuW9b2h7Y6yIujZQm_6yST0I0cdhFQU0-00401.jpg": {"object_bounding_box": [592, 447, 710, 252], "object_presence": 1}, "P806--fridge-freezer-indicator--clutter--ESUVh4S2pYyxuW9b2h7Y6yIujZQm_6yST0I0cdhFQU0-00402.jpg": {"object_bounding_box": [593, 449, 708, 251], "object_presence": 1}, "P806--fridge-freezer-indicator--clutter--ESUVh4S2pYyxuW9b2h7Y6yIujZQm_6yST0I0cdhFQU0-00403.jpg": {"object_bounding_box": [595, 450, 706, 249], "object_presence": 1}, "P806--fridge-freezer-indicator--clutter--ESUVh4S2pYyxuW9b2h7Y6yIujZQm_6yST0I0cdhFQU0-00404.jpg": {"object_bounding_box": [599, 450, 706, 249], "object_presence": 1}, "P806--fridge-freezer-indicator--clutter--ESUVh4S2pYyxuW9b2h7Y6yIujZQm_6yST0I0cdhFQU0-00405.jpg": {"object_bounding_box": [601, 450, 705, 247], "object_presence": 1}, "P806--fridge-freezer-indicator--clutter--ESUVh4S2pYyxuW9b2h7Y6yIujZQm_6yST0I0cdhFQU0-00406.jpg": {"object_bounding_box": [601, 448, 704, 247], "object_presence": 1}, "P806--fridge-freezer-indicator--clutter--ESUVh4S2pYyxuW9b2h7Y6yIujZQm_6yST0I0cdhFQU0-00407.jpg": {"object_bounding_box": [602, 447, 703, 247], "object_presence": 1}, "P806--fridge-freezer-indicator--clutter--ESUVh4S2pYyxuW9b2h7Y6yIujZQm_6yST0I0cdhFQU0-00408.jpg": {"object_bounding_box": [605, 445, 701, 244], "object_presence": 1}, "P806--fridge-freezer-indicator--clutter--ESUVh4S2pYyxuW9b2h7Y6yIujZQm_6yST0I0cdhFQU0-00409.jpg": {"object_bounding_box": [605, 443, 700, 246], "object_presence": 1}, "P806--fridge-freezer-indicator--clutter--ESUVh4S2pYyxuW9b2h7Y6yIujZQm_6yST0I0cdhFQU0-00410.jpg": {"object_bounding_box": [605, 440, 701, 248], "object_presence": 1}, "P806--fridge-freezer-indicator--clutter--ESUVh4S2pYyxuW9b2h7Y6yIujZQm_6yST0I0cdhFQU0-00411.jpg": {"object_bounding_box": [605, 443, 700, 248], "object_presence": 1}, "P806--fridge-freezer-indicator--clutter--ESUVh4S2pYyxuW9b2h7Y6yIujZQm_6yST0I0cdhFQU0-00412.jpg": {"object_bounding_box": [604, 445, 699, 246], "object_presence": 1}, "P806--fridge-freezer-indicator--clutter--ESUVh4S2pYyxuW9b2h7Y6yIujZQm_6yST0I0cdhFQU0-00413.jpg": {"object_bounding_box": [601, 444, 700, 246], "object_presence": 1}, "P806--fridge-freezer-indicator--clutter--ESUVh4S2pYyxuW9b2h7Y6yIujZQm_6yST0I0cdhFQU0-00414.jpg": {"object_bounding_box": [603, 443, 698, 246], "object_presence": 1}, "P806--fridge-freezer-indicator--clutter--ESUVh4S2pYyxuW9b2h7Y6yIujZQm_6yST0I0cdhFQU0-00415.jpg": {"object_bounding_box": [603, 445, 697, 246], "object_presence": 1}, "P806--fridge-freezer-indicator--clutter--ESUVh4S2pYyxuW9b2h7Y6yIujZQm_6yST0I0cdhFQU0-00416.jpg": {"object_bounding_box": [603, 447, 696, 246], "object_presence": 1}, "P806--fridge-freezer-indicator--clutter--ESUVh4S2pYyxuW9b2h7Y6yIujZQm_6yST0I0cdhFQU0-00417.jpg": {"object_bounding_box": [607, 450, 693, 250], "object_presence": 1}, "P806--fridge-freezer-indicator--clutter--ESUVh4S2pYyxuW9b2h7Y6yIujZQm_6yST0I0cdhFQU0-00418.jpg": {"object_bounding_box": [613, 454, 692, 251], "object_presence": 1}, "P806--fridge-freezer-indicator--clutter--ESUVh4S2pYyxuW9b2h7Y6yIujZQm_6yST0I0cdhFQU0-00419.jpg": {"object_bounding_box": [614, 456, 692, 251], "object_presence": 1}, "P806--fridge-freezer-indicator--clutter--ESUVh4S2pYyxuW9b2h7Y6yIujZQm_6yST0I0cdhFQU0-00420.jpg": {"object_bounding_box": [616, 462, 691, 251], "object_presence": 1}, "P806--fridge-freezer-indicator--clutter--ESUVh4S2pYyxuW9b2h7Y6yIujZQm_6yST0I0cdhFQU0-00421.jpg": {"object_bounding_box": [626, 467, 682, 251], "object_presence": 1}, "P806--fridge-freezer-indicator--clutter--ESUVh4S2pYyxuW9b2h7Y6yIujZQm_6yST0I0cdhFQU0-00422.jpg": {"object_bounding_box": [639, 474, 682, 251], "object_presence": 1}, "P806--fridge-freezer-indicator--clutter--ESUVh4S2pYyxuW9b2h7Y6yIujZQm_6yST0I0cdhFQU0-00423.jpg": {"object_bounding_box": [646, 474, 686, 251], "object_presence": 1}, "P806--fridge-freezer-indicator--clutter--ESUVh4S2pYyxuW9b2h7Y6yIujZQm_6yST0I0cdhFQU0-00424.jpg": {"object_bounding_box": [648, 473, 686, 251], "object_presence": 1}, "P806--fridge-freezer-indicator--clutter--ESUVh4S2pYyxuW9b2h7Y6yIujZQm_6yST0I0cdhFQU0-00425.jpg": {"object_bounding_box": [650, 473, 686, 252], "object_presence": 1}, "P806--fridge-freezer-indicator--clutter--ESUVh4S2pYyxuW9b2h7Y6yIujZQm_6yST0I0cdhFQU0-00426.jpg": {"object_bounding_box": [650, 473, 686, 254], "object_presence": 1}, "P806--fridge-freezer-indicator--clutter--ESUVh4S2pYyxuW9b2h7Y6yIujZQm_6yST0I0cdhFQU0-00427.jpg": {"object_bounding_box": [650, 473, 686, 254], "object_presence": 1}, "P806--fridge-freezer-indicator--clutter--ESUVh4S2pYyxuW9b2h7Y6yIujZQm_6yST0I0cdhFQU0-00428.jpg": {"object_bounding_box": [652, 473, 683, 254], "object_presence": 1}, "P806--fridge-freezer-indicator--clutter--ESUVh4S2pYyxuW9b2h7Y6yIujZQm_6yST0I0cdhFQU0-00429.jpg": {"object_bounding_box": [655, 475, 683, 254], "object_presence": 1}, "P806--fridge-freezer-indicator--clutter--ESUVh4S2pYyxuW9b2h7Y6yIujZQm_6yST0I0cdhFQU0-00430.jpg": {"object_bounding_box": [652, 478, 680, 254], "object_presence": 1}, "P806--fridge-freezer-indicator--clutter--ESUVh4S2pYyxuW9b2h7Y6yIujZQm_6yST0I0cdhFQU0-00431.jpg": {"object_bounding_box": [652, 487, 677, 249], "object_presence": 1}, "P806--fridge-freezer-indicator--clutter--ESUVh4S2pYyxuW9b2h7Y6yIujZQm_6yST0I0cdhFQU0-00432.jpg": {"object_bounding_box": [653, 491, 675, 251], "object_presence": 1}, "P806--fridge-freezer-indicator--clutter--ESUVh4S2pYyxuW9b2h7Y6yIujZQm_6yST0I0cdhFQU0-00433.jpg": {"object_bounding_box": [653, 496, 674, 251], "object_presence": 1}, "P806--fridge-freezer-indicator--clutter--ESUVh4S2pYyxuW9b2h7Y6yIujZQm_6yST0I0cdhFQU0-00434.jpg": {"object_bounding_box": [653, 496, 673, 251], "object_presence": 1}, "P806--fridge-freezer-indicator--clutter--ESUVh4S2pYyxuW9b2h7Y6yIujZQm_6yST0I0cdhFQU0-00435.jpg": {"object_bounding_box": [653, 496, 673, 251], "object_presence": 1}, "P806--fridge-freezer-indicator--clutter--ESUVh4S2pYyxuW9b2h7Y6yIujZQm_6yST0I0cdhFQU0-00436.jpg": {"object_bounding_box": [638, 504, 671, 244], "object_presence": 1}, "P806--fridge-freezer-indicator--clutter--ESUVh4S2pYyxuW9b2h7Y6yIujZQm_6yST0I0cdhFQU0-00437.jpg": {"object_bounding_box": [635, 504, 671, 244], "object_presence": 1}, "P806--fridge-freezer-indicator--clutter--ESUVh4S2pYyxuW9b2h7Y6yIujZQm_6yST0I0cdhFQU0-00438.jpg": {"object_bounding_box": [634, 508, 666, 248], "object_presence": 1}, "P806--fridge-freezer-indicator--clutter--ESUVh4S2pYyxuW9b2h7Y6yIujZQm_6yST0I0cdhFQU0-00439.jpg": {"object_bounding_box": [635, 517, 662, 245], "object_presence": 1}, "P806--fridge-freezer-indicator--clutter--ESUVh4S2pYyxuW9b2h7Y6yIujZQm_6yST0I0cdhFQU0-00440.jpg": {"object_bounding_box": [634, 520, 662, 243], "object_presence": 1}, "P806--fridge-freezer-indicator--clutter--ESUVh4S2pYyxuW9b2h7Y6yIujZQm_6yST0I0cdhFQU0-00441.jpg": {"object_bounding_box": [635, 523, 659, 244], "object_presence": 1}, "P806--fridge-freezer-indicator--clutter--ESUVh4S2pYyxuW9b2h7Y6yIujZQm_6yST0I0cdhFQU0-00442.jpg": {"object_bounding_box": [640, 531, 658, 244], "object_presence": 1}, "P806--fridge-freezer-indicator--clutter--ESUVh4S2pYyxuW9b2h7Y6yIujZQm_6yST0I0cdhFQU0-00443.jpg": {"object_bounding_box": [645, 536, 657, 241], "object_presence": 1}, "P806--fridge-freezer-indicator--clutter--ESUVh4S2pYyxuW9b2h7Y6yIujZQm_6yST0I0cdhFQU0-00444.jpg": {"object_bounding_box": [648, 539, 656, 238], "object_presence": 1}, "P806--fridge-freezer-indicator--clutter--ESUVh4S2pYyxuW9b2h7Y6yIujZQm_6yST0I0cdhFQU0-00445.jpg": {"object_bounding_box": [652, 537, 654, 236], "object_presence": 1}, "P806--fridge-freezer-indicator--clutter--ESUVh4S2pYyxuW9b2h7Y6yIujZQm_6yST0I0cdhFQU0-00446.jpg": {"object_bounding_box": [653, 537, 655, 234], "object_presence": 1}, "P806--fridge-freezer-indicator--clutter--ESUVh4S2pYyxuW9b2h7Y6yIujZQm_6yST0I0cdhFQU0-00447.jpg": {"object_bounding_box": [660, 540, 655, 234], "object_presence": 1}, "P806--fridge-freezer-indicator--clutter--ESUVh4S2pYyxuW9b2h7Y6yIujZQm_6yST0I0cdhFQU0-00448.jpg": {"object_bounding_box": [666, 543, 653, 234], "object_presence": 1}, "P806--fridge-freezer-indicator--clutter--ESUVh4S2pYyxuW9b2h7Y6yIujZQm_6yST0I0cdhFQU0-00449.jpg": {"object_bounding_box": [674, 542, 651, 229], "object_presence": 1}, "P806--fridge-freezer-indicator--clutter--ESUVh4S2pYyxuW9b2h7Y6yIujZQm_6yST0I0cdhFQU0-00450.jpg": {"object_bounding_box": [682, 539, 651, 229], "object_presence": 1}, "P806--fridge-freezer-indicator--clutter--ESUVh4S2pYyxuW9b2h7Y6yIujZQm_6yST0I0cdhFQU0-00451.jpg": {"object_bounding_box": [689, 530, 651, 229], "object_presence": 1}, "P806--fridge-freezer-indicator--clutter--ESUVh4S2pYyxuW9b2h7Y6yIujZQm_6yST0I0cdhFQU0-00452.jpg": {"object_bounding_box": [694, 520, 658, 230], "object_presence": 1}, "P806--fridge-freezer-indicator--clutter--ESUVh4S2pYyxuW9b2h7Y6yIujZQm_6yST0I0cdhFQU0-00453.jpg": {"object_bounding_box": [706, 516, 655, 231], "object_presence": 1}, "P806--fridge-freezer-indicator--clutter--ESUVh4S2pYyxuW9b2h7Y6yIujZQm_6yST0I0cdhFQU0-00454.jpg": {"object_bounding_box": [716, 516, 657, 231], "object_presence": 1}, "P806--fridge-freezer-indicator--clutter--ESUVh4S2pYyxuW9b2h7Y6yIujZQm_6yST0I0cdhFQU0-00455.jpg": {"object_bounding_box": [727, 511, 658, 231], "object_presence": 1}, "P806--fridge-freezer-indicator--clutter--ESUVh4S2pYyxuW9b2h7Y6yIujZQm_6yST0I0cdhFQU0-00456.jpg": {"object_bounding_box": [739, 506, 662, 234], "object_presence": 1}, "P806--fridge-freezer-indicator--clutter--ESUVh4S2pYyxuW9b2h7Y6yIujZQm_6yST0I0cdhFQU0-00457.jpg": {"object_bounding_box": [747, 503, 665, 234], "object_presence": 1}, "P806--fridge-freezer-indicator--clutter--ESUVh4S2pYyxuW9b2h7Y6yIujZQm_6yST0I0cdhFQU0-00458.jpg": {"object_bounding_box": [747, 506, 667, 228], "object_presence": 1}, "P806--fridge-freezer-indicator--clutter--ESUVh4S2pYyxuW9b2h7Y6yIujZQm_6yST0I0cdhFQU0-00459.jpg": {"object_bounding_box": [742, 512, 666, 228], "object_presence": 1}, "P806--fridge-freezer-indicator--clutter--ESUVh4S2pYyxuW9b2h7Y6yIujZQm_6yST0I0cdhFQU0-00460.jpg": {"object_bounding_box": [739, 510, 665, 231], "object_presence": 1}, "P806--fridge-freezer-indicator--clutter--ESUVh4S2pYyxuW9b2h7Y6yIujZQm_6yST0I0cdhFQU0-00461.jpg": {"object_bounding_box": [734, 511, 665, 231], "object_presence": 1}, "P806--fridge-freezer-indicator--clutter--ESUVh4S2pYyxuW9b2h7Y6yIujZQm_6yST0I0cdhFQU0-00462.jpg": {"object_bounding_box": [728, 515, 662, 231], "object_presence": 1}, "P806--fridge-freezer-indicator--clutter--ESUVh4S2pYyxuW9b2h7Y6yIujZQm_6yST0I0cdhFQU0-00463.jpg": {"object_bounding_box": [729, 518, 662, 231], "object_presence": 1}, "P806--fridge-freezer-indicator--clutter--ESUVh4S2pYyxuW9b2h7Y6yIujZQm_6yST0I0cdhFQU0-00464.jpg": {"object_bounding_box": [729, 518, 658, 231], "object_presence": 1}, "P806--fridge-freezer-indicator--clutter--ESUVh4S2pYyxuW9b2h7Y6yIujZQm_6yST0I0cdhFQU0-00465.jpg": {"object_bounding_box": [729, 518, 658, 231], "object_presence": 1}, "P806--fridge-freezer-indicator--clutter--ESUVh4S2pYyxuW9b2h7Y6yIujZQm_6yST0I0cdhFQU0-00466.jpg": {"object_bounding_box": [730, 518, 658, 231], "object_presence": 1}, "P806--fridge-freezer-indicator--clutter--ESUVh4S2pYyxuW9b2h7Y6yIujZQm_6yST0I0cdhFQU0-00467.jpg": {"object_bounding_box": [734, 518, 658, 231], "object_presence": 1}, "P806--fridge-freezer-indicator--clutter--ESUVh4S2pYyxuW9b2h7Y6yIujZQm_6yST0I0cdhFQU0-00468.jpg": {"object_bounding_box": [736, 515, 658, 231], "object_presence": 1}, "P806--fridge-freezer-indicator--clutter--ESUVh4S2pYyxuW9b2h7Y6yIujZQm_6yST0I0cdhFQU0-00469.jpg": {"object_bounding_box": [737, 515, 658, 231], "object_presence": 1}, "P806--fridge-freezer-indicator--clutter--ESUVh4S2pYyxuW9b2h7Y6yIujZQm_6yST0I0cdhFQU0-00470.jpg": {"object_bounding_box": [737, 514, 658, 231], "object_presence": 1}, "P806--fridge-freezer-indicator--clutter--ESUVh4S2pYyxuW9b2h7Y6yIujZQm_6yST0I0cdhFQU0-00471.jpg": {"object_bounding_box": [735, 513, 660, 231], "object_presence": 1}, "P806--fridge-freezer-indicator--clutter--ESUVh4S2pYyxuW9b2h7Y6yIujZQm_6yST0I0cdhFQU0-00472.jpg": {"object_bounding_box": [733, 513, 662, 231], "object_presence": 1}, "P806--fridge-freezer-indicator--clutter--ESUVh4S2pYyxuW9b2h7Y6yIujZQm_6yST0I0cdhFQU0-00473.jpg": {"object_bounding_box": [729, 510, 662, 231], "object_presence": 1}, "P806--fridge-freezer-indicator--clutter--ESUVh4S2pYyxuW9b2h7Y6yIujZQm_6yST0I0cdhFQU0-00474.jpg": {"object_bounding_box": [727, 511, 661, 231], "object_presence": 1}, "P806--fridge-freezer-indicator--clutter--ESUVh4S2pYyxuW9b2h7Y6yIujZQm_6yST0I0cdhFQU0-00475.jpg": {"object_bounding_box": [726, 511, 661, 231], "object_presence": 1}, "P806--fridge-freezer-indicator--clutter--ESUVh4S2pYyxuW9b2h7Y6yIujZQm_6yST0I0cdhFQU0-00476.jpg": {"object_bounding_box": [726, 510, 660, 229], "object_presence": 1}, "P806--fridge-freezer-indicator--clutter--ESUVh4S2pYyxuW9b2h7Y6yIujZQm_6yST0I0cdhFQU0-00477.jpg": {"object_bounding_box": [726, 507, 660, 229], "object_presence": 1}, "P806--fridge-freezer-indicator--clutter--ESUVh4S2pYyxuW9b2h7Y6yIujZQm_6yST0I0cdhFQU0-00478.jpg": {"object_bounding_box": [725, 508, 660, 229], "object_presence": 1}, "P806--fridge-freezer-indicator--clutter--ESUVh4S2pYyxuW9b2h7Y6yIujZQm_6yST0I0cdhFQU0-00479.jpg": {"object_bounding_box": [723, 510, 660, 229], "object_presence": 1}, "P806--fridge-freezer-indicator--clutter--ESUVh4S2pYyxuW9b2h7Y6yIujZQm_6yST0I0cdhFQU0-00480.jpg": {"object_bounding_box": [723, 510, 660, 229], "object_presence": 1}, "P806--fridge-freezer-indicator--clutter--ESUVh4S2pYyxuW9b2h7Y6yIujZQm_6yST0I0cdhFQU0-00481.jpg": {"object_bounding_box": [722, 511, 660, 229], "object_presence": 1}, "P806--fridge-freezer-indicator--clutter--ESUVh4S2pYyxuW9b2h7Y6yIujZQm_6yST0I0cdhFQU0-00482.jpg": {"object_bounding_box": [721, 512, 659, 229], "object_presence": 1}, "P806--fridge-freezer-indicator--clutter--ESUVh4S2pYyxuW9b2h7Y6yIujZQm_6yST0I0cdhFQU0-00483.jpg": {"object_bounding_box": [721, 512, 659, 229], "object_presence": 1}, "P806--fridge-freezer-indicator--clutter--ESUVh4S2pYyxuW9b2h7Y6yIujZQm_6yST0I0cdhFQU0-00484.jpg": {"object_bounding_box": [723, 511, 659, 229], "object_presence": 1}, "P806--fridge-freezer-indicator--clutter--ESUVh4S2pYyxuW9b2h7Y6yIujZQm_6yST0I0cdhFQU0-00485.jpg": {"object_bounding_box": [723, 510, 659, 229], "object_presence": 1}, "P806--fridge-freezer-indicator--clutter--ESUVh4S2pYyxuW9b2h7Y6yIujZQm_6yST0I0cdhFQU0-00486.jpg": {"object_bounding_box": [723, 510, 657, 229], "object_presence": 1}, "P806--fridge-freezer-indicator--clutter--ESUVh4S2pYyxuW9b2h7Y6yIujZQm_6yST0I0cdhFQU0-00487.jpg": {"object_bounding_box": [723, 510, 657, 229], "object_presence": 1}, "P806--fridge-freezer-indicator--clutter--ESUVh4S2pYyxuW9b2h7Y6yIujZQm_6yST0I0cdhFQU0-00488.jpg": {"object_bounding_box": [722, 510, 657, 229], "object_presence": 1}, "P806--fridge-freezer-indicator--clutter--ESUVh4S2pYyxuW9b2h7Y6yIujZQm_6yST0I0cdhFQU0-00489.jpg": {"object_bounding_box": [722, 508, 657, 229], "object_presence": 1}, "P806--fridge-freezer-indicator--clutter--ESUVh4S2pYyxuW9b2h7Y6yIujZQm_6yST0I0cdhFQU0-00490.jpg": {"object_bounding_box": [722, 508, 657, 229], "object_presence": 1}, "P806--fridge-freezer-indicator--clutter--ESUVh4S2pYyxuW9b2h7Y6yIujZQm_6yST0I0cdhFQU0-00491.jpg": {"object_bounding_box": [721, 509, 657, 229], "object_presence": 1}, "P806--fridge-freezer-indicator--clutter--ESUVh4S2pYyxuW9b2h7Y6yIujZQm_6yST0I0cdhFQU0-00492.jpg": {"object_bounding_box": [721, 507, 657, 229], "object_presence": 1}, "P806--fridge-freezer-indicator--clutter--ESUVh4S2pYyxuW9b2h7Y6yIujZQm_6yST0I0cdhFQU0-00493.jpg": {"object_bounding_box": [721, 505, 657, 229], "object_presence": 1}, "P806--fridge-freezer-indicator--clutter--ESUVh4S2pYyxuW9b2h7Y6yIujZQm_6yST0I0cdhFQU0-00494.jpg": {"object_bounding_box": [720, 503, 657, 229], "object_presence": 1}, "P806--fridge-freezer-indicator--clutter--ESUVh4S2pYyxuW9b2h7Y6yIujZQm_6yST0I0cdhFQU0-00495.jpg": {"object_bounding_box": [721, 504, 657, 229], "object_presence": 1}, "P806--fridge-freezer-indicator--clutter--ESUVh4S2pYyxuW9b2h7Y6yIujZQm_6yST0I0cdhFQU0-00496.jpg": {"object_bounding_box": [721, 504, 657, 229], "object_presence": 1}, "P806--fridge-freezer-indicator--clutter--ESUVh4S2pYyxuW9b2h7Y6yIujZQm_6yST0I0cdhFQU0-00497.jpg": {"object_bounding_box": [721, 505, 657, 231], "object_presence": 1}, "P806--fridge-freezer-indicator--clutter--ESUVh4S2pYyxuW9b2h7Y6yIujZQm_6yST0I0cdhFQU0-00498.jpg": {"object_bounding_box": [720, 504, 657, 231], "object_presence": 1}, "P806--fridge-freezer-indicator--clutter--ESUVh4S2pYyxuW9b2h7Y6yIujZQm_6yST0I0cdhFQU0-00499.jpg": {"object_bounding_box": [719, 503, 657, 231], "object_presence": 1}, "P806--fridge-freezer-indicator--clutter--ESUVh4S2pYyxuW9b2h7Y6yIujZQm_6yST0I0cdhFQU0-00500.jpg": {"object_bounding_box": [717, 504, 657, 231], "object_presence": 1}, "P806--fridge-freezer-indicator--clutter--ESUVh4S2pYyxuW9b2h7Y6yIujZQm_6yST0I0cdhFQU0-00501.jpg": {"object_bounding_box": [714, 504, 657, 231], "object_presence": 1}, "P806--fridge-freezer-indicator--clutter--ESUVh4S2pYyxuW9b2h7Y6yIujZQm_6yST0I0cdhFQU0-00502.jpg": {"object_bounding_box": [714, 504, 657, 231], "object_presence": 1}, "P806--fridge-freezer-indicator--clutter--ESUVh4S2pYyxuW9b2h7Y6yIujZQm_6yST0I0cdhFQU0-00503.jpg": {"object_bounding_box": [713, 502, 657, 231], "object_presence": 1}, "P806--fridge-freezer-indicator--clutter--ESUVh4S2pYyxuW9b2h7Y6yIujZQm_6yST0I0cdhFQU0-00504.jpg": {"object_bounding_box": [713, 504, 657, 231], "object_presence": 1}, "P806--fridge-freezer-indicator--clutter--ESUVh4S2pYyxuW9b2h7Y6yIujZQm_6yST0I0cdhFQU0-00505.jpg": {"object_bounding_box": [712, 504, 657, 231], "object_presence": 1}, "P806--fridge-freezer-indicator--clutter--ESUVh4S2pYyxuW9b2h7Y6yIujZQm_6yST0I0cdhFQU0-00506.jpg": {"object_bounding_box": [712, 505, 657, 231], "object_presence": 1}, "P806--fridge-freezer-indicator--clutter--ESUVh4S2pYyxuW9b2h7Y6yIujZQm_6yST0I0cdhFQU0-00507.jpg": {"object_bounding_box": [710, 505, 657, 231], "object_presence": 1}, "P806--fridge-freezer-indicator--clutter--ESUVh4S2pYyxuW9b2h7Y6yIujZQm_6yST0I0cdhFQU0-00508.jpg": {"object_bounding_box": [710, 503, 657, 231], "object_presence": 1}, "P806--fridge-freezer-indicator--clutter--ESUVh4S2pYyxuW9b2h7Y6yIujZQm_6yST0I0cdhFQU0-00509.jpg": {"object_bounding_box": [710, 502, 657, 231], "object_presence": 1}, "P806--fridge-freezer-indicator--clutter--ESUVh4S2pYyxuW9b2h7Y6yIujZQm_6yST0I0cdhFQU0-00510.jpg": {"object_bounding_box": [710, 500, 660, 231], "object_presence": 1}, "P806--fridge-freezer-indicator--clutter--ESUVh4S2pYyxuW9b2h7Y6yIujZQm_6yST0I0cdhFQU0-00511.jpg": {"object_bounding_box": [709, 498, 660, 233], "object_presence": 1}, "P806--fridge-freezer-indicator--clutter--ESUVh4S2pYyxuW9b2h7Y6yIujZQm_6yST0I0cdhFQU0-00512.jpg": {"object_bounding_box": [708, 497, 660, 233], "object_presence": 1}, "P806--fridge-freezer-indicator--clutter--ESUVh4S2pYyxuW9b2h7Y6yIujZQm_6yST0I0cdhFQU0-00513.jpg": {"object_bounding_box": [711, 496, 660, 233], "object_presence": 1}, "P806--fridge-freezer-indicator--clutter--ESUVh4S2pYyxuW9b2h7Y6yIujZQm_6yST0I0cdhFQU0-00514.jpg": {"object_bounding_box": [712, 495, 660, 233], "object_presence": 1}, "P806--fridge-freezer-indicator--clutter--ESUVh4S2pYyxuW9b2h7Y6yIujZQm_6yST0I0cdhFQU0-00515.jpg": {"object_bounding_box": [716, 494, 662, 233], "object_presence": 1}, "P806--fridge-freezer-indicator--clutter--ESUVh4S2pYyxuW9b2h7Y6yIujZQm_6yST0I0cdhFQU0-00516.jpg": {"object_bounding_box": [717, 491, 662, 233], "object_presence": 1}, "P806--fridge-freezer-indicator--clutter--ESUVh4S2pYyxuW9b2h7Y6yIujZQm_6yST0I0cdhFQU0-00517.jpg": {"object_bounding_box": [718, 488, 662, 236], "object_presence": 1}, "P806--fridge-freezer-indicator--clutter--ESUVh4S2pYyxuW9b2h7Y6yIujZQm_6yST0I0cdhFQU0-00518.jpg": {"object_bounding_box": [718, 491, 662, 237], "object_presence": 1}, "P806--fridge-freezer-indicator--clutter--ESUVh4S2pYyxuW9b2h7Y6yIujZQm_6yST0I0cdhFQU0-00519.jpg": {"object_bounding_box": [720, 493, 664, 237], "object_presence": 1}, "P806--fridge-freezer-indicator--clutter--ESUVh4S2pYyxuW9b2h7Y6yIujZQm_6yST0I0cdhFQU0-00520.jpg": {"object_bounding_box": [721, 492, 664, 239], "object_presence": 1}, "P806--fridge-freezer-indicator--clutter--ESUVh4S2pYyxuW9b2h7Y6yIujZQm_6yST0I0cdhFQU0-00521.jpg": {"object_bounding_box": [723, 492, 665, 239], "object_presence": 1}, "P806--fridge-freezer-indicator--clutter--ESUVh4S2pYyxuW9b2h7Y6yIujZQm_6yST0I0cdhFQU0-00522.jpg": {"object_bounding_box": [724, 492, 665, 239], "object_presence": 1}, "P806--fridge-freezer-indicator--clutter--ESUVh4S2pYyxuW9b2h7Y6yIujZQm_6yST0I0cdhFQU0-00523.jpg": {"object_bounding_box": [724, 493, 665, 239], "object_presence": 1}, "P806--fridge-freezer-indicator--clutter--ESUVh4S2pYyxuW9b2h7Y6yIujZQm_6yST0I0cdhFQU0-00524.jpg": {"object_bounding_box": [723, 492, 665, 239], "object_presence": 1}, "P806--fridge-freezer-indicator--clutter--ESUVh4S2pYyxuW9b2h7Y6yIujZQm_6yST0I0cdhFQU0-00525.jpg": {"object_bounding_box": [723, 493, 665, 239], "object_presence": 1}, "P806--fridge-freezer-indicator--clutter--ESUVh4S2pYyxuW9b2h7Y6yIujZQm_6yST0I0cdhFQU0-00526.jpg": {"object_bounding_box": [719, 494, 665, 239], "object_presence": 1}, "P806--fridge-freezer-indicator--clutter--ESUVh4S2pYyxuW9b2h7Y6yIujZQm_6yST0I0cdhFQU0-00527.jpg": {"object_bounding_box": [714, 505, 658, 239], "object_presence": 1}, "P806--fridge-freezer-indicator--clutter--ESUVh4S2pYyxuW9b2h7Y6yIujZQm_6yST0I0cdhFQU0-00528.jpg": {"object_bounding_box": [736, 516, 661, 239], "object_presence": 1}, "P806--fridge-freezer-indicator--clutter--ESUVh4S2pYyxuW9b2h7Y6yIujZQm_6yST0I0cdhFQU0-00529.jpg": {"object_bounding_box": [737, 498, 669, 239], "object_presence": 1}, "P806--fridge-freezer-indicator--clutter--ESUVh4S2pYyxuW9b2h7Y6yIujZQm_6yST0I0cdhFQU0-00530.jpg": {"object_bounding_box": [728, 500, 669, 244], "object_presence": 1}, "P806--fridge-freezer-indicator--clutter--ESUVh4S2pYyxuW9b2h7Y6yIujZQm_6yST0I0cdhFQU0-00531.jpg": {"object_bounding_box": [717, 510, 660, 244], "object_presence": 1}, "P806--fridge-freezer-indicator--clutter--ESUVh4S2pYyxuW9b2h7Y6yIujZQm_6yST0I0cdhFQU0-00532.jpg": {"object_bounding_box": [716, 518, 660, 234], "object_presence": 1}, "P806--fridge-freezer-indicator--clutter--ESUVh4S2pYyxuW9b2h7Y6yIujZQm_6yST0I0cdhFQU0-00533.jpg": {"object_bounding_box": [713, 512, 661, 224], "object_presence": 1}, "P806--fridge-freezer-indicator--clutter--ESUVh4S2pYyxuW9b2h7Y6yIujZQm_6yST0I0cdhFQU0-00534.jpg": {"object_bounding_box": [719, 516, 657, 231], "object_presence": 1}, "P806--fridge-freezer-indicator--clutter--ESUVh4S2pYyxuW9b2h7Y6yIujZQm_6yST0I0cdhFQU0-00535.jpg": {"object_bounding_box": [731, 521, 663, 231], "object_presence": 1}, "P806--fridge-freezer-indicator--clutter--ESUVh4S2pYyxuW9b2h7Y6yIujZQm_6yST0I0cdhFQU0-00536.jpg": {"object_bounding_box": [730, 503, 671, 233], "object_presence": 1}, "P806--fridge-freezer-indicator--clutter--ESUVh4S2pYyxuW9b2h7Y6yIujZQm_6yST0I0cdhFQU0-00537.jpg": {"object_bounding_box": [726, 505, 670, 234], "object_presence": 1}, "P806--fridge-freezer-indicator--clutter--ESUVh4S2pYyxuW9b2h7Y6yIujZQm_6yST0I0cdhFQU0-00538.jpg": {"object_bounding_box": [719, 511, 665, 237], "object_presence": 1}, "P806--fridge-freezer-indicator--clutter--ESUVh4S2pYyxuW9b2h7Y6yIujZQm_6yST0I0cdhFQU0-00539.jpg": {"object_bounding_box": [718, 505, 665, 237], "object_presence": 1}, "P806--fridge-freezer-indicator--clutter--ESUVh4S2pYyxuW9b2h7Y6yIujZQm_6yST0I0cdhFQU0-00540.jpg": {"object_bounding_box": [718, 501, 666, 237], "object_presence": 1}, "P806--fridge-freezer-indicator--clutter--ESUVh4S2pYyxuW9b2h7Y6yIujZQm_6yST0I0cdhFQU0-00541.jpg": {"object_bounding_box": [717, 501, 666, 237], "object_presence": 1}, "P806--fridge-freezer-indicator--clutter--ESUVh4S2pYyxuW9b2h7Y6yIujZQm_6yST0I0cdhFQU0-00542.jpg": {"object_bounding_box": [715, 503, 666, 237], "object_presence": 1}, "P806--fridge-freezer-indicator--clutter--ESUVh4S2pYyxuW9b2h7Y6yIujZQm_6yST0I0cdhFQU0-00543.jpg": {"object_bounding_box": [713, 503, 663, 237], "object_presence": 1}, "P806--fridge-freezer-indicator--clutter--ESUVh4S2pYyxuW9b2h7Y6yIujZQm_6yST0I0cdhFQU0-00544.jpg": {"object_bounding_box": [714, 500, 663, 237], "object_presence": 1}, "P806--fridge-freezer-indicator--clutter--ESUVh4S2pYyxuW9b2h7Y6yIujZQm_6yST0I0cdhFQU0-00545.jpg": {"object_bounding_box": [713, 499, 663, 237], "object_presence": 1}, "P806--fridge-freezer-indicator--clutter--ESUVh4S2pYyxuW9b2h7Y6yIujZQm_6yST0I0cdhFQU0-00546.jpg": {"object_bounding_box": [711, 497, 663, 237], "object_presence": 1}, "P806--fridge-freezer-indicator--clutter--ESUVh4S2pYyxuW9b2h7Y6yIujZQm_6yST0I0cdhFQU0-00547.jpg": {"object_bounding_box": [707, 496, 663, 237], "object_presence": 1}, "P806--fridge-freezer-indicator--clutter--ESUVh4S2pYyxuW9b2h7Y6yIujZQm_6yST0I0cdhFQU0-00548.jpg": {"object_bounding_box": [704, 495, 663, 237], "object_presence": 1}, "P806--fridge-freezer-indicator--clutter--ESUVh4S2pYyxuW9b2h7Y6yIujZQm_6yST0I0cdhFQU0-00549.jpg": {"object_bounding_box": [701, 493, 662, 237], "object_presence": 1}, "P806--fridge-freezer-indicator--clutter--ESUVh4S2pYyxuW9b2h7Y6yIujZQm_6yST0I0cdhFQU0-00550.jpg": {"object_bounding_box": [699, 493, 662, 237], "object_presence": 1}, "P806--fridge-freezer-indicator--clutter--ESUVh4S2pYyxuW9b2h7Y6yIujZQm_6yST0I0cdhFQU0-00551.jpg": {"object_bounding_box": [699, 493, 661, 237], "object_presence": 1}, "P806--fridge-freezer-indicator--clutter--ESUVh4S2pYyxuW9b2h7Y6yIujZQm_6yST0I0cdhFQU0-00552.jpg": {"object_bounding_box": [698, 492, 659, 237], "object_presence": 1}, "P806--fridge-freezer-indicator--clutter--ESUVh4S2pYyxuW9b2h7Y6yIujZQm_6yST0I0cdhFQU0-00553.jpg": {"object_bounding_box": [698, 492, 659, 237], "object_presence": 1}, "P806--fridge-freezer-indicator--clutter--ESUVh4S2pYyxuW9b2h7Y6yIujZQm_6yST0I0cdhFQU0-00554.jpg": {"object_bounding_box": [696, 492, 657, 237], "object_presence": 1}, "P806--fridge-freezer-indicator--clutter--ESUVh4S2pYyxuW9b2h7Y6yIujZQm_6yST0I0cdhFQU0-00555.jpg": {"object_bounding_box": [696, 492, 658, 237], "object_presence": 1}}