{"P833--my-pill-dosette--clutter--DujtBoua3CYbGNCJbF_4u_nS4OERHkfDuA2_PmaYkqo-00001.jpg": {"object_bounding_box": [540, 158, 1080, 317], "object_presence": 1}, "P833--my-pill-dosette--clutter--DujtBoua3CYbGNCJbF_4u_nS4OERHkfDuA2_PmaYkqo-00002.jpg": {"object_bounding_box": [540, 159, 1080, 318], "object_presence": 1}, "P833--my-pill-dosette--clutter--DujtBoua3CYbGNCJbF_4u_nS4OERHkfDuA2_PmaYkqo-00003.jpg": {"object_bounding_box": [540, 153, 1080, 305], "object_presence": 1}, "P833--my-pill-dosette--clutter--DujtBoua3CYbGNCJbF_4u_nS4OERHkfDuA2_PmaYkqo-00004.jpg": {"object_bounding_box": [540, 136, 1080, 273], "object_presence": 1}, "P833--my-pill-dosette--clutter--DujtBoua3CYbGNCJbF_4u_nS4OERHkfDuA2_PmaYkqo-00005.jpg": {"object_bounding_box": [540, 130, 1080, 260], "object_presence": 1}, "P833--my-pill-dosette--clutter--DujtBoua3CYbGNCJbF_4u_nS4OERHkfDuA2_PmaYkqo-00006.jpg": {"object_bounding_box": [540, 127, 1080, 254], "object_presence": 1}, "P833--my-pill-dosette--clutter--DujtBoua3CYbGNCJbF_4u_nS4OERHkfDuA2_PmaYkqo-00007.jpg": {"object_bounding_box": [540, 123, 1080, 245], "object_presence": 1}, "P833--my-pill-dosette--clutter--DujtBoua3CYbGNCJbF_4u_nS4OERHkfDuA2_PmaYkqo-00008.jpg": {"object_bounding_box": [540, 118, 1080, 237], "object_presence": 1}, "P833--my-pill-dosette--clutter--DujtBoua3CYbGNCJbF_4u_nS4OERHkfDuA2_PmaYkqo-00009.jpg": {"object_bounding_box": [540, 117, 1080, 233], "object_presence": 1}, "P833--my-pill-dosette--clutter--DujtBoua3CYbGNCJbF_4u_nS4OERHkfDuA2_PmaYkqo-00010.jpg": {"object_bounding_box": [540, 116, 1079, 233], "object_presence": 1}, "P833--my-pill-dosette--clutter--DujtBoua3CYbGNCJbF_4u_nS4OERHkfDuA2_PmaYkqo-00011.jpg": {"object_bounding_box": [540, 115, 1080, 231], "object_presence": 1}, "P833--my-pill-dosette--clutter--DujtBoua3CYbGNCJbF_4u_nS4OERHkfDuA2_PmaYkqo-00012.jpg": {"object_bounding_box": [540, 116, 1080, 233], "object_presence": 1}, "P833--my-pill-dosette--clutter--DujtBoua3CYbGNCJbF_4u_nS4OERHkfDuA2_PmaYkqo-00013.jpg": {"object_bounding_box": [540, 120, 1080, 240], "object_presence": 1}, "P833--my-pill-dosette--clutter--DujtBoua3CYbGNCJbF_4u_nS4OERHkfDuA2_PmaYkqo-00014.jpg": {"object_bounding_box": [540, 120, 1080, 239], "object_presence": 1}, "P833--my-pill-dosette--clutter--DujtBoua3CYbGNCJbF_4u_nS4OERHkfDuA2_PmaYkqo-00015.jpg": {"object_bounding_box": [540, 120, 1080, 240], "object_presence": 1}, "P833--my-pill-dosette--clutter--DujtBoua3CYbGNCJbF_4u_nS4OERHkfDuA2_PmaYkqo-00016.jpg": {"object_bounding_box": [540, 123, 1080, 247], "object_presence": 1}, "P833--my-pill-dosette--clutter--DujtBoua3CYbGNCJbF_4u_nS4OERHkfDuA2_PmaYkqo-00017.jpg": {"object_bounding_box": [540, 131, 1080, 263], "object_presence": 1}, "P833--my-pill-dosette--clutter--DujtBoua3CYbGNCJbF_4u_nS4OERHkfDuA2_PmaYkqo-00018.jpg": {"object_bounding_box": [540, 134, 1080, 268], "object_presence": 1}, "P833--my-pill-dosette--clutter--DujtBoua3CYbGNCJbF_4u_nS4OERHkfDuA2_PmaYkqo-00019.jpg": {"object_bounding_box": [540, 134, 1080, 269], "object_presence": 1}, "P833--my-pill-dosette--clutter--DujtBoua3CYbGNCJbF_4u_nS4OERHkfDuA2_PmaYkqo-00020.jpg": {"object_bounding_box": [540, 137, 1080, 274], "object_presence": 1}, "P833--my-pill-dosette--clutter--DujtBoua3CYbGNCJbF_4u_nS4OERHkfDuA2_PmaYkqo-00021.jpg": {"object_bounding_box": [540, 138, 1080, 276], "object_presence": 1}, "P833--my-pill-dosette--clutter--DujtBoua3CYbGNCJbF_4u_nS4OERHkfDuA2_PmaYkqo-00022.jpg": {"object_bounding_box": [540, 138, 1080, 275], "object_presence": 1}, "P833--my-pill-dosette--clutter--DujtBoua3CYbGNCJbF_4u_nS4OERHkfDuA2_PmaYkqo-00023.jpg": {"object_bounding_box": [540, 136, 1080, 271], "object_presence": 1}, "P833--my-pill-dosette--clutter--DujtBoua3CYbGNCJbF_4u_nS4OERHkfDuA2_PmaYkqo-00024.jpg": {"object_bounding_box": [540, 136, 1080, 271], "object_presence": 1}, "P833--my-pill-dosette--clutter--DujtBoua3CYbGNCJbF_4u_nS4OERHkfDuA2_PmaYkqo-00025.jpg": {"object_bounding_box": [540, 136, 1080, 271], "object_presence": 1}, "P833--my-pill-dosette--clutter--DujtBoua3CYbGNCJbF_4u_nS4OERHkfDuA2_PmaYkqo-00026.jpg": {"object_bounding_box": [540, 134, 1080, 269], "object_presence": 1}, "P833--my-pill-dosette--clutter--DujtBoua3CYbGNCJbF_4u_nS4OERHkfDuA2_PmaYkqo-00027.jpg": {"object_bounding_box": [540, 134, 1080, 269], "object_presence": 1}, "P833--my-pill-dosette--clutter--DujtBoua3CYbGNCJbF_4u_nS4OERHkfDuA2_PmaYkqo-00028.jpg": {"object_bounding_box": [540, 139, 1080, 279], "object_presence": 1}, "P833--my-pill-dosette--clutter--DujtBoua3CYbGNCJbF_4u_nS4OERHkfDuA2_PmaYkqo-00029.jpg": {"object_bounding_box": [540, 141, 1080, 281], "object_presence": 1}, "P833--my-pill-dosette--clutter--DujtBoua3CYbGNCJbF_4u_nS4OERHkfDuA2_PmaYkqo-00030.jpg": {"object_bounding_box": [540, 140, 1080, 280], "object_presence": 1}, "P833--my-pill-dosette--clutter--DujtBoua3CYbGNCJbF_4u_nS4OERHkfDuA2_PmaYkqo-00031.jpg": {"object_bounding_box": [540, 140, 1080, 280], "object_presence": 1}, "P833--my-pill-dosette--clutter--DujtBoua3CYbGNCJbF_4u_nS4OERHkfDuA2_PmaYkqo-00032.jpg": {"object_bounding_box": [540, 140, 1080, 281], "object_presence": 1}, "P833--my-pill-dosette--clutter--DujtBoua3CYbGNCJbF_4u_nS4OERHkfDuA2_PmaYkqo-00033.jpg": {"object_bounding_box": [540, 144, 1080, 288], "object_presence": 1}, "P833--my-pill-dosette--clutter--DujtBoua3CYbGNCJbF_4u_nS4OERHkfDuA2_PmaYkqo-00034.jpg": {"object_bounding_box": [540, 147, 1080, 294], "object_presence": 1}, "P833--my-pill-dosette--clutter--DujtBoua3CYbGNCJbF_4u_nS4OERHkfDuA2_PmaYkqo-00035.jpg": {"object_bounding_box": [540, 150, 1080, 300], "object_presence": 1}, "P833--my-pill-dosette--clutter--DujtBoua3CYbGNCJbF_4u_nS4OERHkfDuA2_PmaYkqo-00036.jpg": {"object_bounding_box": [540, 154, 1080, 307], "object_presence": 1}, "P833--my-pill-dosette--clutter--DujtBoua3CYbGNCJbF_4u_nS4OERHkfDuA2_PmaYkqo-00037.jpg": {"object_bounding_box": [540, 157, 1080, 314], "object_presence": 1}, "P833--my-pill-dosette--clutter--DujtBoua3CYbGNCJbF_4u_nS4OERHkfDuA2_PmaYkqo-00038.jpg": {"object_bounding_box": [540, 161, 1080, 322], "object_presence": 1}, "P833--my-pill-dosette--clutter--DujtBoua3CYbGNCJbF_4u_nS4OERHkfDuA2_PmaYkqo-00039.jpg": {"object_bounding_box": [540, 165, 1080, 329], "object_presence": 1}, "P833--my-pill-dosette--clutter--DujtBoua3CYbGNCJbF_4u_nS4OERHkfDuA2_PmaYkqo-00040.jpg": {"object_bounding_box": [540, 168, 1080, 337], "object_presence": 1}, "P833--my-pill-dosette--clutter--DujtBoua3CYbGNCJbF_4u_nS4OERHkfDuA2_PmaYkqo-00041.jpg": {"object_bounding_box": [540, 171, 1080, 342], "object_presence": 1}, "P833--my-pill-dosette--clutter--DujtBoua3CYbGNCJbF_4u_nS4OERHkfDuA2_PmaYkqo-00042.jpg": {"object_bounding_box": [540, 173, 1080, 346], "object_presence": 1}, "P833--my-pill-dosette--clutter--DujtBoua3CYbGNCJbF_4u_nS4OERHkfDuA2_PmaYkqo-00043.jpg": {"object_bounding_box": [540, 174, 1080, 348], "object_presence": 1}, "P833--my-pill-dosette--clutter--DujtBoua3CYbGNCJbF_4u_nS4OERHkfDuA2_PmaYkqo-00044.jpg": {"object_bounding_box": [540, 176, 1080, 352], "object_presence": 1}, "P833--my-pill-dosette--clutter--DujtBoua3CYbGNCJbF_4u_nS4OERHkfDuA2_PmaYkqo-00045.jpg": {"object_bounding_box": [540, 177, 1080, 354], "object_presence": 1}, "P833--my-pill-dosette--clutter--DujtBoua3CYbGNCJbF_4u_nS4OERHkfDuA2_PmaYkqo-00046.jpg": {"object_bounding_box": [540, 178, 1080, 356], "object_presence": 1}, "P833--my-pill-dosette--clutter--DujtBoua3CYbGNCJbF_4u_nS4OERHkfDuA2_PmaYkqo-00047.jpg": {"object_bounding_box": [540, 175, 1080, 350], "object_presence": 1}, "P833--my-pill-dosette--clutter--DujtBoua3CYbGNCJbF_4u_nS4OERHkfDuA2_PmaYkqo-00048.jpg": {"object_bounding_box": [540, 169, 1080, 337], "object_presence": 1}, "P833--my-pill-dosette--clutter--DujtBoua3CYbGNCJbF_4u_nS4OERHkfDuA2_PmaYkqo-00049.jpg": {"object_bounding_box": [540, 169, 1080, 337], "object_presence": 1}, "P833--my-pill-dosette--clutter--DujtBoua3CYbGNCJbF_4u_nS4OERHkfDuA2_PmaYkqo-00050.jpg": {"object_bounding_box": [540, 169, 1080, 338], "object_presence": 1}, "P833--my-pill-dosette--clutter--DujtBoua3CYbGNCJbF_4u_nS4OERHkfDuA2_PmaYkqo-00051.jpg": {"object_bounding_box": [540, 171, 1080, 342], "object_presence": 1}, "P833--my-pill-dosette--clutter--DujtBoua3CYbGNCJbF_4u_nS4OERHkfDuA2_PmaYkqo-00052.jpg": {"object_bounding_box": [540, 172, 1080, 344], "object_presence": 1}, "P833--my-pill-dosette--clutter--DujtBoua3CYbGNCJbF_4u_nS4OERHkfDuA2_PmaYkqo-00053.jpg": {"object_bounding_box": [540, 175, 1080, 351], "object_presence": 1}, "P833--my-pill-dosette--clutter--DujtBoua3CYbGNCJbF_4u_nS4OERHkfDuA2_PmaYkqo-00054.jpg": {"object_bounding_box": [540, 181, 1080, 363], "object_presence": 1}, "P833--my-pill-dosette--clutter--DujtBoua3CYbGNCJbF_4u_nS4OERHkfDuA2_PmaYkqo-00055.jpg": {"object_bounding_box": [540, 184, 1080, 369], "object_presence": 1}, "P833--my-pill-dosette--clutter--DujtBoua3CYbGNCJbF_4u_nS4OERHkfDuA2_PmaYkqo-00056.jpg": {"object_bounding_box": [540, 186, 1080, 372], "object_presence": 1}, "P833--my-pill-dosette--clutter--DujtBoua3CYbGNCJbF_4u_nS4OERHkfDuA2_PmaYkqo-00057.jpg": {"object_bounding_box": [540, 188, 1080, 376], "object_presence": 1}, "P833--my-pill-dosette--clutter--DujtBoua3CYbGNCJbF_4u_nS4OERHkfDuA2_PmaYkqo-00058.jpg": {"object_bounding_box": [540, 188, 1080, 377], "object_presence": 1}, "P833--my-pill-dosette--clutter--DujtBoua3CYbGNCJbF_4u_nS4OERHkfDuA2_PmaYkqo-00059.jpg": {"object_bounding_box": [540, 189, 1080, 378], "object_presence": 1}, "P833--my-pill-dosette--clutter--DujtBoua3CYbGNCJbF_4u_nS4OERHkfDuA2_PmaYkqo-00060.jpg": {"object_bounding_box": [540, 188, 1080, 376], "object_presence": 1}, "P833--my-pill-dosette--clutter--DujtBoua3CYbGNCJbF_4u_nS4OERHkfDuA2_PmaYkqo-00061.jpg": {"object_bounding_box": [540, 189, 1080, 378], "object_presence": 1}, "P833--my-pill-dosette--clutter--DujtBoua3CYbGNCJbF_4u_nS4OERHkfDuA2_PmaYkqo-00062.jpg": {"object_bounding_box": [540, 189, 1080, 378], "object_presence": 1}, "P833--my-pill-dosette--clutter--DujtBoua3CYbGNCJbF_4u_nS4OERHkfDuA2_PmaYkqo-00063.jpg": {"object_bounding_box": [540, 189, 1080, 379], "object_presence": 1}, "P833--my-pill-dosette--clutter--DujtBoua3CYbGNCJbF_4u_nS4OERHkfDuA2_PmaYkqo-00064.jpg": {"object_bounding_box": [540, 190, 1080, 380], "object_presence": 1}, "P833--my-pill-dosette--clutter--DujtBoua3CYbGNCJbF_4u_nS4OERHkfDuA2_PmaYkqo-00065.jpg": {"object_bounding_box": [540, 190, 1080, 381], "object_presence": 1}, "P833--my-pill-dosette--clutter--DujtBoua3CYbGNCJbF_4u_nS4OERHkfDuA2_PmaYkqo-00066.jpg": {"object_bounding_box": [540, 190, 1080, 381], "object_presence": 1}, "P833--my-pill-dosette--clutter--DujtBoua3CYbGNCJbF_4u_nS4OERHkfDuA2_PmaYkqo-00067.jpg": {"object_bounding_box": [540, 193, 1080, 386], "object_presence": 1}, "P833--my-pill-dosette--clutter--DujtBoua3CYbGNCJbF_4u_nS4OERHkfDuA2_PmaYkqo-00068.jpg": {"object_bounding_box": [540, 195, 1080, 391], "object_presence": 1}, "P833--my-pill-dosette--clutter--DujtBoua3CYbGNCJbF_4u_nS4OERHkfDuA2_PmaYkqo-00069.jpg": {"object_bounding_box": [540, 198, 1080, 395], "object_presence": 1}, "P833--my-pill-dosette--clutter--DujtBoua3CYbGNCJbF_4u_nS4OERHkfDuA2_PmaYkqo-00070.jpg": {"object_bounding_box": [540, 201, 1080, 402], "object_presence": 1}, "P833--my-pill-dosette--clutter--DujtBoua3CYbGNCJbF_4u_nS4OERHkfDuA2_PmaYkqo-00071.jpg": {"object_bounding_box": [540, 203, 1080, 407], "object_presence": 1}, "P833--my-pill-dosette--clutter--DujtBoua3CYbGNCJbF_4u_nS4OERHkfDuA2_PmaYkqo-00072.jpg": {"object_bounding_box": [540, 206, 1080, 413], "object_presence": 1}, "P833--my-pill-dosette--clutter--DujtBoua3CYbGNCJbF_4u_nS4OERHkfDuA2_PmaYkqo-00073.jpg": {"object_bounding_box": [540, 209, 1080, 418], "object_presence": 1}, "P833--my-pill-dosette--clutter--DujtBoua3CYbGNCJbF_4u_nS4OERHkfDuA2_PmaYkqo-00074.jpg": {"object_bounding_box": [540, 211, 1080, 422], "object_presence": 1}, "P833--my-pill-dosette--clutter--DujtBoua3CYbGNCJbF_4u_nS4OERHkfDuA2_PmaYkqo-00075.jpg": {"object_bounding_box": [540, 212, 1080, 424], "object_presence": 1}, "P833--my-pill-dosette--clutter--DujtBoua3CYbGNCJbF_4u_nS4OERHkfDuA2_PmaYkqo-00076.jpg": {"object_bounding_box": [540, 213, 1080, 425], "object_presence": 1}, "P833--my-pill-dosette--clutter--DujtBoua3CYbGNCJbF_4u_nS4OERHkfDuA2_PmaYkqo-00077.jpg": {"object_bounding_box": [540, 214, 1080, 427], "object_presence": 1}, "P833--my-pill-dosette--clutter--DujtBoua3CYbGNCJbF_4u_nS4OERHkfDuA2_PmaYkqo-00078.jpg": {"object_bounding_box": [540, 213, 1080, 426], "object_presence": 1}, "P833--my-pill-dosette--clutter--DujtBoua3CYbGNCJbF_4u_nS4OERHkfDuA2_PmaYkqo-00079.jpg": {"object_bounding_box": [540, 212, 1080, 425], "object_presence": 1}, "P833--my-pill-dosette--clutter--DujtBoua3CYbGNCJbF_4u_nS4OERHkfDuA2_PmaYkqo-00080.jpg": {"object_bounding_box": [540, 212, 1080, 423], "object_presence": 1}, "P833--my-pill-dosette--clutter--DujtBoua3CYbGNCJbF_4u_nS4OERHkfDuA2_PmaYkqo-00081.jpg": {"object_bounding_box": [540, 212, 1080, 423], "object_presence": 1}, "P833--my-pill-dosette--clutter--DujtBoua3CYbGNCJbF_4u_nS4OERHkfDuA2_PmaYkqo-00082.jpg": {"object_bounding_box": [540, 210, 1080, 419], "object_presence": 1}, "P833--my-pill-dosette--clutter--DujtBoua3CYbGNCJbF_4u_nS4OERHkfDuA2_PmaYkqo-00083.jpg": {"object_bounding_box": [540, 207, 1080, 413], "object_presence": 1}, "P833--my-pill-dosette--clutter--DujtBoua3CYbGNCJbF_4u_nS4OERHkfDuA2_PmaYkqo-00084.jpg": {"object_bounding_box": [540, 205, 1080, 410], "object_presence": 1}, "P833--my-pill-dosette--clutter--DujtBoua3CYbGNCJbF_4u_nS4OERHkfDuA2_PmaYkqo-00085.jpg": {"object_bounding_box": [540, 204, 1080, 408], "object_presence": 1}, "P833--my-pill-dosette--clutter--DujtBoua3CYbGNCJbF_4u_nS4OERHkfDuA2_PmaYkqo-00086.jpg": {"object_bounding_box": [540, 204, 1080, 407], "object_presence": 1}, "P833--my-pill-dosette--clutter--DujtBoua3CYbGNCJbF_4u_nS4OERHkfDuA2_PmaYkqo-00087.jpg": {"object_bounding_box": [540, 204, 1080, 408], "object_presence": 1}, "P833--my-pill-dosette--clutter--DujtBoua3CYbGNCJbF_4u_nS4OERHkfDuA2_PmaYkqo-00088.jpg": {"object_bounding_box": [540, 205, 1080, 409], "object_presence": 1}, "P833--my-pill-dosette--clutter--DujtBoua3CYbGNCJbF_4u_nS4OERHkfDuA2_PmaYkqo-00089.jpg": {"object_bounding_box": [540, 205, 1080, 411], "object_presence": 1}, "P833--my-pill-dosette--clutter--DujtBoua3CYbGNCJbF_4u_nS4OERHkfDuA2_PmaYkqo-00090.jpg": {"object_bounding_box": [540, 206, 1080, 411], "object_presence": 1}, "P833--my-pill-dosette--clutter--DujtBoua3CYbGNCJbF_4u_nS4OERHkfDuA2_PmaYkqo-00091.jpg": {"object_bounding_box": [540, 205, 1080, 410], "object_presence": 1}, "P833--my-pill-dosette--clutter--DujtBoua3CYbGNCJbF_4u_nS4OERHkfDuA2_PmaYkqo-00092.jpg": {"object_bounding_box": [540, 206, 1080, 411], "object_presence": 1}, "P833--my-pill-dosette--clutter--DujtBoua3CYbGNCJbF_4u_nS4OERHkfDuA2_PmaYkqo-00093.jpg": {"object_bounding_box": [540, 206, 1080, 411], "object_presence": 1}, "P833--my-pill-dosette--clutter--DujtBoua3CYbGNCJbF_4u_nS4OERHkfDuA2_PmaYkqo-00094.jpg": {"object_bounding_box": [540, 205, 1080, 410], "object_presence": 1}, "P833--my-pill-dosette--clutter--DujtBoua3CYbGNCJbF_4u_nS4OERHkfDuA2_PmaYkqo-00095.jpg": {"object_bounding_box": [540, 205, 1080, 411], "object_presence": 1}, "P833--my-pill-dosette--clutter--DujtBoua3CYbGNCJbF_4u_nS4OERHkfDuA2_PmaYkqo-00096.jpg": {"object_bounding_box": [540, 204, 1080, 409], "object_presence": 1}, "P833--my-pill-dosette--clutter--DujtBoua3CYbGNCJbF_4u_nS4OERHkfDuA2_PmaYkqo-00097.jpg": {"object_bounding_box": [540, 204, 1080, 409], "object_presence": 1}, "P833--my-pill-dosette--clutter--DujtBoua3CYbGNCJbF_4u_nS4OERHkfDuA2_PmaYkqo-00098.jpg": {"object_bounding_box": [540, 203, 1080, 406], "object_presence": 1}, "P833--my-pill-dosette--clutter--DujtBoua3CYbGNCJbF_4u_nS4OERHkfDuA2_PmaYkqo-00099.jpg": {"object_bounding_box": [540, 204, 1080, 409], "object_presence": 1}, "P833--my-pill-dosette--clutter--DujtBoua3CYbGNCJbF_4u_nS4OERHkfDuA2_PmaYkqo-00100.jpg": {"object_bounding_box": [540, 205, 1080, 410], "object_presence": 1}, "P833--my-pill-dosette--clutter--DujtBoua3CYbGNCJbF_4u_nS4OERHkfDuA2_PmaYkqo-00101.jpg": {"object_bounding_box": [540, 206, 1080, 412], "object_presence": 1}, "P833--my-pill-dosette--clutter--DujtBoua3CYbGNCJbF_4u_nS4OERHkfDuA2_PmaYkqo-00102.jpg": {"object_bounding_box": [540, 205, 1080, 410], "object_presence": 1}, "P833--my-pill-dosette--clutter--DujtBoua3CYbGNCJbF_4u_nS4OERHkfDuA2_PmaYkqo-00103.jpg": {"object_bounding_box": [540, 204, 1080, 409], "object_presence": 1}, "P833--my-pill-dosette--clutter--DujtBoua3CYbGNCJbF_4u_nS4OERHkfDuA2_PmaYkqo-00104.jpg": {"object_bounding_box": [540, 205, 1080, 409], "object_presence": 1}, "P833--my-pill-dosette--clutter--DujtBoua3CYbGNCJbF_4u_nS4OERHkfDuA2_PmaYkqo-00105.jpg": {"object_bounding_box": [540, 205, 1080, 409], "object_presence": 1}, "P833--my-pill-dosette--clutter--DujtBoua3CYbGNCJbF_4u_nS4OERHkfDuA2_PmaYkqo-00106.jpg": {"object_bounding_box": [540, 204, 1080, 408], "object_presence": 1}, "P833--my-pill-dosette--clutter--DujtBoua3CYbGNCJbF_4u_nS4OERHkfDuA2_PmaYkqo-00107.jpg": {"object_bounding_box": [540, 204, 1080, 409], "object_presence": 1}, "P833--my-pill-dosette--clutter--DujtBoua3CYbGNCJbF_4u_nS4OERHkfDuA2_PmaYkqo-00108.jpg": {"object_bounding_box": [540, 204, 1080, 408], "object_presence": 1}, "P833--my-pill-dosette--clutter--DujtBoua3CYbGNCJbF_4u_nS4OERHkfDuA2_PmaYkqo-00109.jpg": {"object_bounding_box": [540, 204, 1080, 408], "object_presence": 1}, "P833--my-pill-dosette--clutter--DujtBoua3CYbGNCJbF_4u_nS4OERHkfDuA2_PmaYkqo-00110.jpg": {"object_bounding_box": [540, 203, 1080, 407], "object_presence": 1}, "P833--my-pill-dosette--clutter--DujtBoua3CYbGNCJbF_4u_nS4OERHkfDuA2_PmaYkqo-00111.jpg": {"object_bounding_box": [540, 203, 1080, 406], "object_presence": 1}, "P833--my-pill-dosette--clutter--DujtBoua3CYbGNCJbF_4u_nS4OERHkfDuA2_PmaYkqo-00112.jpg": {"object_bounding_box": [540, 204, 1080, 407], "object_presence": 1}, "P833--my-pill-dosette--clutter--DujtBoua3CYbGNCJbF_4u_nS4OERHkfDuA2_PmaYkqo-00113.jpg": {"object_bounding_box": [540, 203, 1080, 407], "object_presence": 1}, "P833--my-pill-dosette--clutter--DujtBoua3CYbGNCJbF_4u_nS4OERHkfDuA2_PmaYkqo-00114.jpg": {"object_bounding_box": [540, 203, 1080, 405], "object_presence": 1}, "P833--my-pill-dosette--clutter--DujtBoua3CYbGNCJbF_4u_nS4OERHkfDuA2_PmaYkqo-00115.jpg": {"object_bounding_box": [540, 200, 1080, 401], "object_presence": 1}, "P833--my-pill-dosette--clutter--DujtBoua3CYbGNCJbF_4u_nS4OERHkfDuA2_PmaYkqo-00116.jpg": {"object_bounding_box": [540, 199, 1080, 397], "object_presence": 1}, "P833--my-pill-dosette--clutter--DujtBoua3CYbGNCJbF_4u_nS4OERHkfDuA2_PmaYkqo-00117.jpg": {"object_bounding_box": [540, 197, 1080, 394], "object_presence": 1}, "P833--my-pill-dosette--clutter--DujtBoua3CYbGNCJbF_4u_nS4OERHkfDuA2_PmaYkqo-00118.jpg": {"object_bounding_box": [540, 191, 1080, 383], "object_presence": 1}, "P833--my-pill-dosette--clutter--DujtBoua3CYbGNCJbF_4u_nS4OERHkfDuA2_PmaYkqo-00119.jpg": {"object_bounding_box": [540, 191, 1080, 381], "object_presence": 1}, "P833--my-pill-dosette--clutter--DujtBoua3CYbGNCJbF_4u_nS4OERHkfDuA2_PmaYkqo-00120.jpg": {"object_bounding_box": [540, 188, 1080, 375], "object_presence": 1}, "P833--my-pill-dosette--clutter--DujtBoua3CYbGNCJbF_4u_nS4OERHkfDuA2_PmaYkqo-00121.jpg": {"object_bounding_box": [540, 190, 1080, 380], "object_presence": 1}, "P833--my-pill-dosette--clutter--DujtBoua3CYbGNCJbF_4u_nS4OERHkfDuA2_PmaYkqo-00122.jpg": {"object_bounding_box": [540, 192, 1080, 384], "object_presence": 1}, "P833--my-pill-dosette--clutter--DujtBoua3CYbGNCJbF_4u_nS4OERHkfDuA2_PmaYkqo-00123.jpg": {"object_bounding_box": [540, 191, 1080, 383], "object_presence": 1}, "P833--my-pill-dosette--clutter--DujtBoua3CYbGNCJbF_4u_nS4OERHkfDuA2_PmaYkqo-00124.jpg": {"object_bounding_box": [540, 188, 1080, 376], "object_presence": 1}, "P833--my-pill-dosette--clutter--DujtBoua3CYbGNCJbF_4u_nS4OERHkfDuA2_PmaYkqo-00125.jpg": {"object_bounding_box": [540, 190, 1080, 379], "object_presence": 1}, "P833--my-pill-dosette--clutter--DujtBoua3CYbGNCJbF_4u_nS4OERHkfDuA2_PmaYkqo-00126.jpg": {"object_bounding_box": [540, 190, 1080, 380], "object_presence": 1}, "P833--my-pill-dosette--clutter--DujtBoua3CYbGNCJbF_4u_nS4OERHkfDuA2_PmaYkqo-00127.jpg": {"object_bounding_box": [540, 190, 1080, 380], "object_presence": 1}, "P833--my-pill-dosette--clutter--DujtBoua3CYbGNCJbF_4u_nS4OERHkfDuA2_PmaYkqo-00128.jpg": {"object_bounding_box": [540, 188, 1080, 376], "object_presence": 1}, "P833--my-pill-dosette--clutter--DujtBoua3CYbGNCJbF_4u_nS4OERHkfDuA2_PmaYkqo-00129.jpg": {"object_bounding_box": [540, 184, 1080, 368], "object_presence": 1}, "P833--my-pill-dosette--clutter--DujtBoua3CYbGNCJbF_4u_nS4OERHkfDuA2_PmaYkqo-00130.jpg": {"object_bounding_box": [540, 181, 1080, 362], "object_presence": 1}, "P833--my-pill-dosette--clutter--DujtBoua3CYbGNCJbF_4u_nS4OERHkfDuA2_PmaYkqo-00131.jpg": {"object_bounding_box": [540, 180, 1080, 360], "object_presence": 1}, "P833--my-pill-dosette--clutter--DujtBoua3CYbGNCJbF_4u_nS4OERHkfDuA2_PmaYkqo-00132.jpg": {"object_bounding_box": [540, 178, 1080, 356], "object_presence": 1}, "P833--my-pill-dosette--clutter--DujtBoua3CYbGNCJbF_4u_nS4OERHkfDuA2_PmaYkqo-00133.jpg": {"object_bounding_box": [540, 177, 1080, 354], "object_presence": 1}, "P833--my-pill-dosette--clutter--DujtBoua3CYbGNCJbF_4u_nS4OERHkfDuA2_PmaYkqo-00134.jpg": {"object_bounding_box": [540, 176, 1080, 352], "object_presence": 1}, "P833--my-pill-dosette--clutter--DujtBoua3CYbGNCJbF_4u_nS4OERHkfDuA2_PmaYkqo-00135.jpg": {"object_bounding_box": [540, 175, 1080, 350], "object_presence": 1}, "P833--my-pill-dosette--clutter--DujtBoua3CYbGNCJbF_4u_nS4OERHkfDuA2_PmaYkqo-00136.jpg": {"object_bounding_box": [540, 173, 1080, 346], "object_presence": 1}, "P833--my-pill-dosette--clutter--DujtBoua3CYbGNCJbF_4u_nS4OERHkfDuA2_PmaYkqo-00137.jpg": {"object_bounding_box": [540, 170, 1080, 340], "object_presence": 1}, "P833--my-pill-dosette--clutter--DujtBoua3CYbGNCJbF_4u_nS4OERHkfDuA2_PmaYkqo-00138.jpg": {"object_bounding_box": [540, 167, 1080, 334], "object_presence": 1}, "P833--my-pill-dosette--clutter--DujtBoua3CYbGNCJbF_4u_nS4OERHkfDuA2_PmaYkqo-00139.jpg": {"object_bounding_box": [540, 164, 1080, 327], "object_presence": 1}, "P833--my-pill-dosette--clutter--DujtBoua3CYbGNCJbF_4u_nS4OERHkfDuA2_PmaYkqo-00140.jpg": {"object_bounding_box": [540, 161, 1080, 321], "object_presence": 1}, "P833--my-pill-dosette--clutter--DujtBoua3CYbGNCJbF_4u_nS4OERHkfDuA2_PmaYkqo-00141.jpg": {"object_bounding_box": [540, 159, 1080, 318], "object_presence": 1}, "P833--my-pill-dosette--clutter--DujtBoua3CYbGNCJbF_4u_nS4OERHkfDuA2_PmaYkqo-00142.jpg": {"object_bounding_box": [540, 156, 1080, 312], "object_presence": 1}, "P833--my-pill-dosette--clutter--DujtBoua3CYbGNCJbF_4u_nS4OERHkfDuA2_PmaYkqo-00143.jpg": {"object_bounding_box": [540, 153, 1080, 306], "object_presence": 1}, "P833--my-pill-dosette--clutter--DujtBoua3CYbGNCJbF_4u_nS4OERHkfDuA2_PmaYkqo-00144.jpg": {"object_bounding_box": [540, 152, 1080, 304], "object_presence": 1}, "P833--my-pill-dosette--clutter--DujtBoua3CYbGNCJbF_4u_nS4OERHkfDuA2_PmaYkqo-00145.jpg": {"object_bounding_box": [540, 151, 1080, 303], "object_presence": 1}, "P833--my-pill-dosette--clutter--DujtBoua3CYbGNCJbF_4u_nS4OERHkfDuA2_PmaYkqo-00146.jpg": {"object_bounding_box": [540, 150, 1080, 299], "object_presence": 1}, "P833--my-pill-dosette--clutter--DujtBoua3CYbGNCJbF_4u_nS4OERHkfDuA2_PmaYkqo-00147.jpg": {"object_bounding_box": [540, 149, 1080, 299], "object_presence": 1}, "P833--my-pill-dosette--clutter--DujtBoua3CYbGNCJbF_4u_nS4OERHkfDuA2_PmaYkqo-00148.jpg": {"object_bounding_box": [540, 149, 1080, 297], "object_presence": 1}, "P833--my-pill-dosette--clutter--DujtBoua3CYbGNCJbF_4u_nS4OERHkfDuA2_PmaYkqo-00149.jpg": {"object_bounding_box": [540, 147, 1080, 293], "object_presence": 1}, "P833--my-pill-dosette--clutter--DujtBoua3CYbGNCJbF_4u_nS4OERHkfDuA2_PmaYkqo-00150.jpg": {"object_bounding_box": [540, 145, 1080, 290], "object_presence": 1}, "P833--my-pill-dosette--clutter--DujtBoua3CYbGNCJbF_4u_nS4OERHkfDuA2_PmaYkqo-00151.jpg": {"object_bounding_box": [540, 143, 1080, 285], "object_presence": 1}, "P833--my-pill-dosette--clutter--DujtBoua3CYbGNCJbF_4u_nS4OERHkfDuA2_PmaYkqo-00152.jpg": {"object_bounding_box": [540, 140, 1080, 279], "object_presence": 1}, "P833--my-pill-dosette--clutter--DujtBoua3CYbGNCJbF_4u_nS4OERHkfDuA2_PmaYkqo-00153.jpg": {"object_bounding_box": [540, 136, 1080, 273], "object_presence": 1}, "P833--my-pill-dosette--clutter--DujtBoua3CYbGNCJbF_4u_nS4OERHkfDuA2_PmaYkqo-00154.jpg": {"object_bounding_box": [540, 133, 1080, 266], "object_presence": 1}, "P833--my-pill-dosette--clutter--DujtBoua3CYbGNCJbF_4u_nS4OERHkfDuA2_PmaYkqo-00155.jpg": {"object_bounding_box": [540, 130, 1080, 260], "object_presence": 1}, "P833--my-pill-dosette--clutter--DujtBoua3CYbGNCJbF_4u_nS4OERHkfDuA2_PmaYkqo-00156.jpg": {"object_bounding_box": [540, 127, 1080, 255], "object_presence": 1}, "P833--my-pill-dosette--clutter--DujtBoua3CYbGNCJbF_4u_nS4OERHkfDuA2_PmaYkqo-00157.jpg": {"object_bounding_box": [540, 126, 1080, 251], "object_presence": 1}, "P833--my-pill-dosette--clutter--DujtBoua3CYbGNCJbF_4u_nS4OERHkfDuA2_PmaYkqo-00158.jpg": {"object_bounding_box": [540, 125, 1080, 250], "object_presence": 1}, "P833--my-pill-dosette--clutter--DujtBoua3CYbGNCJbF_4u_nS4OERHkfDuA2_PmaYkqo-00159.jpg": {"object_bounding_box": [540, 128, 1080, 256], "object_presence": 1}, "P833--my-pill-dosette--clutter--DujtBoua3CYbGNCJbF_4u_nS4OERHkfDuA2_PmaYkqo-00160.jpg": {"object_bounding_box": [540, 130, 1080, 260], "object_presence": 1}, "P833--my-pill-dosette--clutter--DujtBoua3CYbGNCJbF_4u_nS4OERHkfDuA2_PmaYkqo-00161.jpg": {"object_bounding_box": [540, 135, 1080, 270], "object_presence": 1}, "P833--my-pill-dosette--clutter--DujtBoua3CYbGNCJbF_4u_nS4OERHkfDuA2_PmaYkqo-00162.jpg": {"object_bounding_box": [540, 141, 1080, 281], "object_presence": 1}, "P833--my-pill-dosette--clutter--DujtBoua3CYbGNCJbF_4u_nS4OERHkfDuA2_PmaYkqo-00163.jpg": {"object_bounding_box": [540, 148, 1080, 295], "object_presence": 1}, "P833--my-pill-dosette--clutter--DujtBoua3CYbGNCJbF_4u_nS4OERHkfDuA2_PmaYkqo-00164.jpg": {"object_bounding_box": [540, 155, 1080, 310], "object_presence": 1}, "P833--my-pill-dosette--clutter--DujtBoua3CYbGNCJbF_4u_nS4OERHkfDuA2_PmaYkqo-00165.jpg": {"object_bounding_box": [540, 161, 1080, 322], "object_presence": 1}, "P833--my-pill-dosette--clutter--DujtBoua3CYbGNCJbF_4u_nS4OERHkfDuA2_PmaYkqo-00166.jpg": {"object_bounding_box": [540, 164, 1080, 327], "object_presence": 1}, "P833--my-pill-dosette--clutter--DujtBoua3CYbGNCJbF_4u_nS4OERHkfDuA2_PmaYkqo-00167.jpg": {"object_bounding_box": [540, 167, 1080, 334], "object_presence": 1}, "P833--my-pill-dosette--clutter--DujtBoua3CYbGNCJbF_4u_nS4OERHkfDuA2_PmaYkqo-00168.jpg": {"object_bounding_box": [540, 173, 1080, 345], "object_presence": 1}, "P833--my-pill-dosette--clutter--DujtBoua3CYbGNCJbF_4u_nS4OERHkfDuA2_PmaYkqo-00169.jpg": {"object_bounding_box": [540, 179, 1080, 357], "object_presence": 1}, "P833--my-pill-dosette--clutter--DujtBoua3CYbGNCJbF_4u_nS4OERHkfDuA2_PmaYkqo-00170.jpg": {"object_bounding_box": [540, 181, 1080, 362], "object_presence": 1}, "P833--my-pill-dosette--clutter--DujtBoua3CYbGNCJbF_4u_nS4OERHkfDuA2_PmaYkqo-00171.jpg": {"object_bounding_box": [540, 181, 1080, 361], "object_presence": 1}, "P833--my-pill-dosette--clutter--DujtBoua3CYbGNCJbF_4u_nS4OERHkfDuA2_PmaYkqo-00172.jpg": {"object_bounding_box": [540, 187, 1080, 373], "object_presence": 1}, "P833--my-pill-dosette--clutter--DujtBoua3CYbGNCJbF_4u_nS4OERHkfDuA2_PmaYkqo-00173.jpg": {"object_bounding_box": [540, 198, 1080, 396], "object_presence": 1}, "P833--my-pill-dosette--clutter--DujtBoua3CYbGNCJbF_4u_nS4OERHkfDuA2_PmaYkqo-00174.jpg": {"object_bounding_box": [540, 196, 1080, 393], "object_presence": 1}, "P833--my-pill-dosette--clutter--DujtBoua3CYbGNCJbF_4u_nS4OERHkfDuA2_PmaYkqo-00175.jpg": {"object_bounding_box": [540, 205, 1080, 409], "object_presence": 1}, "P833--my-pill-dosette--clutter--DujtBoua3CYbGNCJbF_4u_nS4OERHkfDuA2_PmaYkqo-00176.jpg": {"object_bounding_box": [540, 211, 1080, 422], "object_presence": 1}, "P833--my-pill-dosette--clutter--DujtBoua3CYbGNCJbF_4u_nS4OERHkfDuA2_PmaYkqo-00177.jpg": {"object_bounding_box": [540, 219, 1080, 438], "object_presence": 1}, "P833--my-pill-dosette--clutter--DujtBoua3CYbGNCJbF_4u_nS4OERHkfDuA2_PmaYkqo-00178.jpg": {"object_bounding_box": [540, 227, 1080, 453], "object_presence": 1}, "P833--my-pill-dosette--clutter--DujtBoua3CYbGNCJbF_4u_nS4OERHkfDuA2_PmaYkqo-00179.jpg": {"object_bounding_box": [540, 233, 1080, 467], "object_presence": 1}, "P833--my-pill-dosette--clutter--DujtBoua3CYbGNCJbF_4u_nS4OERHkfDuA2_PmaYkqo-00180.jpg": {"object_bounding_box": [540, 237, 1080, 474], "object_presence": 1}, "P833--my-pill-dosette--clutter--DujtBoua3CYbGNCJbF_4u_nS4OERHkfDuA2_PmaYkqo-00181.jpg": {"object_bounding_box": [540, 247, 1080, 494], "object_presence": 1}, "P833--my-pill-dosette--clutter--DujtBoua3CYbGNCJbF_4u_nS4OERHkfDuA2_PmaYkqo-00182.jpg": {"object_bounding_box": [540, 259, 1080, 517], "object_presence": 1}, "P833--my-pill-dosette--clutter--DujtBoua3CYbGNCJbF_4u_nS4OERHkfDuA2_PmaYkqo-00183.jpg": {"object_bounding_box": [540, 264, 1080, 528], "object_presence": 1}, "P833--my-pill-dosette--clutter--DujtBoua3CYbGNCJbF_4u_nS4OERHkfDuA2_PmaYkqo-00184.jpg": {"object_bounding_box": [540, 264, 1080, 528], "object_presence": 1}, "P833--my-pill-dosette--clutter--DujtBoua3CYbGNCJbF_4u_nS4OERHkfDuA2_PmaYkqo-00185.jpg": {"object_bounding_box": [540, 262, 1080, 524], "object_presence": 1}, "P833--my-pill-dosette--clutter--DujtBoua3CYbGNCJbF_4u_nS4OERHkfDuA2_PmaYkqo-00186.jpg": {"object_bounding_box": [540, 262, 1080, 524], "object_presence": 1}, "P833--my-pill-dosette--clutter--DujtBoua3CYbGNCJbF_4u_nS4OERHkfDuA2_PmaYkqo-00187.jpg": {"object_bounding_box": [540, 261, 1080, 523], "object_presence": 1}, "P833--my-pill-dosette--clutter--DujtBoua3CYbGNCJbF_4u_nS4OERHkfDuA2_PmaYkqo-00188.jpg": {"object_bounding_box": [540, 262, 1080, 525], "object_presence": 1}, "P833--my-pill-dosette--clutter--DujtBoua3CYbGNCJbF_4u_nS4OERHkfDuA2_PmaYkqo-00189.jpg": {"object_bounding_box": [540, 263, 1080, 527], "object_presence": 1}, "P833--my-pill-dosette--clutter--DujtBoua3CYbGNCJbF_4u_nS4OERHkfDuA2_PmaYkqo-00190.jpg": {"object_bounding_box": [540, 263, 1080, 527], "object_presence": 1}, "P833--my-pill-dosette--clutter--DujtBoua3CYbGNCJbF_4u_nS4OERHkfDuA2_PmaYkqo-00191.jpg": {"object_bounding_box": [540, 266, 1080, 532], "object_presence": 1}, "P833--my-pill-dosette--clutter--DujtBoua3CYbGNCJbF_4u_nS4OERHkfDuA2_PmaYkqo-00192.jpg": {"object_bounding_box": [540, 270, 1080, 539], "object_presence": 1}, "P833--my-pill-dosette--clutter--DujtBoua3CYbGNCJbF_4u_nS4OERHkfDuA2_PmaYkqo-00193.jpg": {"object_bounding_box": [540, 271, 1080, 542], "object_presence": 1}, "P833--my-pill-dosette--clutter--DujtBoua3CYbGNCJbF_4u_nS4OERHkfDuA2_PmaYkqo-00194.jpg": {"object_bounding_box": [540, 272, 1080, 545], "object_presence": 1}, "P833--my-pill-dosette--clutter--DujtBoua3CYbGNCJbF_4u_nS4OERHkfDuA2_PmaYkqo-00195.jpg": {"object_bounding_box": [540, 277, 1080, 554], "object_presence": 1}, "P833--my-pill-dosette--clutter--DujtBoua3CYbGNCJbF_4u_nS4OERHkfDuA2_PmaYkqo-00196.jpg": {"object_bounding_box": [540, 279, 1080, 558], "object_presence": 1}, "P833--my-pill-dosette--clutter--DujtBoua3CYbGNCJbF_4u_nS4OERHkfDuA2_PmaYkqo-00197.jpg": {"object_bounding_box": [540, 282, 1080, 564], "object_presence": 1}, "P833--my-pill-dosette--clutter--DujtBoua3CYbGNCJbF_4u_nS4OERHkfDuA2_PmaYkqo-00198.jpg": {"object_bounding_box": [540, 278, 1080, 556], "object_presence": 1}, "P833--my-pill-dosette--clutter--DujtBoua3CYbGNCJbF_4u_nS4OERHkfDuA2_PmaYkqo-00199.jpg": {"object_bounding_box": [540, 281, 1080, 562], "object_presence": 1}, "P833--my-pill-dosette--clutter--DujtBoua3CYbGNCJbF_4u_nS4OERHkfDuA2_PmaYkqo-00200.jpg": {"object_bounding_box": [540, 283, 1080, 565], "object_presence": 1}, "P833--my-pill-dosette--clutter--DujtBoua3CYbGNCJbF_4u_nS4OERHkfDuA2_PmaYkqo-00201.jpg": {"object_bounding_box": [540, 281, 1080, 562], "object_presence": 1}, "P833--my-pill-dosette--clutter--DujtBoua3CYbGNCJbF_4u_nS4OERHkfDuA2_PmaYkqo-00202.jpg": {"object_bounding_box": [540, 281, 1080, 563], "object_presence": 1}, "P833--my-pill-dosette--clutter--DujtBoua3CYbGNCJbF_4u_nS4OERHkfDuA2_PmaYkqo-00203.jpg": {"object_bounding_box": [540, 287, 1080, 574], "object_presence": 1}, "P833--my-pill-dosette--clutter--DujtBoua3CYbGNCJbF_4u_nS4OERHkfDuA2_PmaYkqo-00204.jpg": {"object_bounding_box": [540, 293, 1080, 569], "object_presence": 1}, "P833--my-pill-dosette--clutter--DujtBoua3CYbGNCJbF_4u_nS4OERHkfDuA2_PmaYkqo-00205.jpg": {"object_bounding_box": [540, 288, 1080, 576], "object_presence": 1}, "P833--my-pill-dosette--clutter--DujtBoua3CYbGNCJbF_4u_nS4OERHkfDuA2_PmaYkqo-00206.jpg": {"object_bounding_box": [540, 285, 1080, 571], "object_presence": 1}, "P833--my-pill-dosette--clutter--DujtBoua3CYbGNCJbF_4u_nS4OERHkfDuA2_PmaYkqo-00207.jpg": {"object_bounding_box": [540, 293, 1080, 585], "object_presence": 1}, "P833--my-pill-dosette--clutter--DujtBoua3CYbGNCJbF_4u_nS4OERHkfDuA2_PmaYkqo-00208.jpg": {"object_bounding_box": [540, 298, 1080, 595], "object_presence": 1}, "P833--my-pill-dosette--clutter--DujtBoua3CYbGNCJbF_4u_nS4OERHkfDuA2_PmaYkqo-00209.jpg": {"object_bounding_box": [540, 305, 1080, 610], "object_presence": 1}, "P833--my-pill-dosette--clutter--DujtBoua3CYbGNCJbF_4u_nS4OERHkfDuA2_PmaYkqo-00210.jpg": {"object_bounding_box": [540, 316, 1080, 633], "object_presence": 1}, "P833--my-pill-dosette--clutter--DujtBoua3CYbGNCJbF_4u_nS4OERHkfDuA2_PmaYkqo-00211.jpg": {"object_bounding_box": [540, 319, 1080, 637], "object_presence": 1}, "P833--my-pill-dosette--clutter--DujtBoua3CYbGNCJbF_4u_nS4OERHkfDuA2_PmaYkqo-00212.jpg": {"object_bounding_box": [540, 321, 1080, 642], "object_presence": 1}, "P833--my-pill-dosette--clutter--DujtBoua3CYbGNCJbF_4u_nS4OERHkfDuA2_PmaYkqo-00213.jpg": {"object_bounding_box": [540, 324, 1080, 647], "object_presence": 1}, "P833--my-pill-dosette--clutter--DujtBoua3CYbGNCJbF_4u_nS4OERHkfDuA2_PmaYkqo-00214.jpg": {"object_bounding_box": [540, 325, 1080, 650], "object_presence": 1}, "P833--my-pill-dosette--clutter--DujtBoua3CYbGNCJbF_4u_nS4OERHkfDuA2_PmaYkqo-00215.jpg": {"object_bounding_box": [540, 325, 1080, 649], "object_presence": 1}, "P833--my-pill-dosette--clutter--DujtBoua3CYbGNCJbF_4u_nS4OERHkfDuA2_PmaYkqo-00216.jpg": {"object_bounding_box": [540, 321, 1080, 643], "object_presence": 1}, "P833--my-pill-dosette--clutter--DujtBoua3CYbGNCJbF_4u_nS4OERHkfDuA2_PmaYkqo-00217.jpg": {"object_bounding_box": [540, 321, 1080, 642], "object_presence": 1}, "P833--my-pill-dosette--clutter--DujtBoua3CYbGNCJbF_4u_nS4OERHkfDuA2_PmaYkqo-00218.jpg": {"object_bounding_box": [540, 320, 1080, 641], "object_presence": 1}, "P833--my-pill-dosette--clutter--DujtBoua3CYbGNCJbF_4u_nS4OERHkfDuA2_PmaYkqo-00219.jpg": {"object_bounding_box": [540, 317, 1080, 634], "object_presence": 1}, "P833--my-pill-dosette--clutter--DujtBoua3CYbGNCJbF_4u_nS4OERHkfDuA2_PmaYkqo-00220.jpg": {"object_bounding_box": [540, 316, 1080, 631], "object_presence": 1}, "P833--my-pill-dosette--clutter--DujtBoua3CYbGNCJbF_4u_nS4OERHkfDuA2_PmaYkqo-00221.jpg": {"object_bounding_box": [540, 316, 1080, 631], "object_presence": 1}, "P833--my-pill-dosette--clutter--DujtBoua3CYbGNCJbF_4u_nS4OERHkfDuA2_PmaYkqo-00222.jpg": {"object_bounding_box": [540, 316, 1080, 632], "object_presence": 1}, "P833--my-pill-dosette--clutter--DujtBoua3CYbGNCJbF_4u_nS4OERHkfDuA2_PmaYkqo-00223.jpg": {"object_bounding_box": [540, 316, 1080, 632], "object_presence": 1}, "P833--my-pill-dosette--clutter--DujtBoua3CYbGNCJbF_4u_nS4OERHkfDuA2_PmaYkqo-00224.jpg": {"object_bounding_box": [540, 319, 1080, 638], "object_presence": 1}, "P833--my-pill-dosette--clutter--DujtBoua3CYbGNCJbF_4u_nS4OERHkfDuA2_PmaYkqo-00225.jpg": {"object_bounding_box": [540, 309, 1080, 617], "object_presence": 1}, "P833--my-pill-dosette--clutter--DujtBoua3CYbGNCJbF_4u_nS4OERHkfDuA2_PmaYkqo-00226.jpg": {"object_bounding_box": [540, 304, 1080, 607], "object_presence": 1}, "P833--my-pill-dosette--clutter--DujtBoua3CYbGNCJbF_4u_nS4OERHkfDuA2_PmaYkqo-00227.jpg": {"object_bounding_box": [540, 310, 1080, 620], "object_presence": 1}, "P833--my-pill-dosette--clutter--DujtBoua3CYbGNCJbF_4u_nS4OERHkfDuA2_PmaYkqo-00228.jpg": {"object_bounding_box": [540, 309, 1080, 617], "object_presence": 1}, "P833--my-pill-dosette--clutter--DujtBoua3CYbGNCJbF_4u_nS4OERHkfDuA2_PmaYkqo-00229.jpg": {"object_bounding_box": [540, 318, 1080, 636], "object_presence": 1}, "P833--my-pill-dosette--clutter--DujtBoua3CYbGNCJbF_4u_nS4OERHkfDuA2_PmaYkqo-00230.jpg": {"object_bounding_box": [540, 323, 1080, 646], "object_presence": 1}, "P833--my-pill-dosette--clutter--DujtBoua3CYbGNCJbF_4u_nS4OERHkfDuA2_PmaYkqo-00231.jpg": {"object_bounding_box": [540, 316, 1080, 632], "object_presence": 1}, "P833--my-pill-dosette--clutter--DujtBoua3CYbGNCJbF_4u_nS4OERHkfDuA2_PmaYkqo-00232.jpg": {"object_bounding_box": [540, 315, 1080, 629], "object_presence": 1}, "P833--my-pill-dosette--clutter--DujtBoua3CYbGNCJbF_4u_nS4OERHkfDuA2_PmaYkqo-00233.jpg": {"object_bounding_box": [540, 315, 1080, 629], "object_presence": 1}, "P833--my-pill-dosette--clutter--DujtBoua3CYbGNCJbF_4u_nS4OERHkfDuA2_PmaYkqo-00234.jpg": {"object_bounding_box": [540, 317, 1080, 634], "object_presence": 1}, "P833--my-pill-dosette--clutter--DujtBoua3CYbGNCJbF_4u_nS4OERHkfDuA2_PmaYkqo-00235.jpg": {"object_bounding_box": [540, 313, 1080, 627], "object_presence": 1}, "P833--my-pill-dosette--clutter--DujtBoua3CYbGNCJbF_4u_nS4OERHkfDuA2_PmaYkqo-00236.jpg": {"object_bounding_box": [540, 317, 1080, 634], "object_presence": 1}, "P833--my-pill-dosette--clutter--DujtBoua3CYbGNCJbF_4u_nS4OERHkfDuA2_PmaYkqo-00237.jpg": {"object_bounding_box": [540, 316, 1080, 632], "object_presence": 1}, "P833--my-pill-dosette--clutter--DujtBoua3CYbGNCJbF_4u_nS4OERHkfDuA2_PmaYkqo-00238.jpg": {"object_bounding_box": [540, 321, 1080, 641], "object_presence": 1}, "P833--my-pill-dosette--clutter--DujtBoua3CYbGNCJbF_4u_nS4OERHkfDuA2_PmaYkqo-00239.jpg": {"object_bounding_box": [540, 316, 1080, 632], "object_presence": 1}, "P833--my-pill-dosette--clutter--DujtBoua3CYbGNCJbF_4u_nS4OERHkfDuA2_PmaYkqo-00240.jpg": {"object_bounding_box": [540, 323, 1080, 646], "object_presence": 1}, "P833--my-pill-dosette--clutter--DujtBoua3CYbGNCJbF_4u_nS4OERHkfDuA2_PmaYkqo-00241.jpg": {"object_bounding_box": [540, 324, 1080, 649], "object_presence": 1}, "P833--my-pill-dosette--clutter--DujtBoua3CYbGNCJbF_4u_nS4OERHkfDuA2_PmaYkqo-00242.jpg": {"object_bounding_box": [540, 326, 1080, 651], "object_presence": 1}, "P833--my-pill-dosette--clutter--DujtBoua3CYbGNCJbF_4u_nS4OERHkfDuA2_PmaYkqo-00243.jpg": {"object_bounding_box": [540, 327, 1080, 653], "object_presence": 1}, "P833--my-pill-dosette--clutter--DujtBoua3CYbGNCJbF_4u_nS4OERHkfDuA2_PmaYkqo-00244.jpg": {"object_bounding_box": [540, 325, 1080, 649], "object_presence": 1}, "P833--my-pill-dosette--clutter--DujtBoua3CYbGNCJbF_4u_nS4OERHkfDuA2_PmaYkqo-00245.jpg": {"object_bounding_box": [540, 328, 1080, 657], "object_presence": 1}, "P833--my-pill-dosette--clutter--DujtBoua3CYbGNCJbF_4u_nS4OERHkfDuA2_PmaYkqo-00246.jpg": {"object_bounding_box": [540, 329, 1080, 659], "object_presence": 1}, "P833--my-pill-dosette--clutter--DujtBoua3CYbGNCJbF_4u_nS4OERHkfDuA2_PmaYkqo-00247.jpg": {"object_bounding_box": [540, 330, 1080, 660], "object_presence": 1}, "P833--my-pill-dosette--clutter--DujtBoua3CYbGNCJbF_4u_nS4OERHkfDuA2_PmaYkqo-00248.jpg": {"object_bounding_box": [540, 331, 1080, 661], "object_presence": 1}, "P833--my-pill-dosette--clutter--DujtBoua3CYbGNCJbF_4u_nS4OERHkfDuA2_PmaYkqo-00249.jpg": {"object_bounding_box": [540, 330, 1080, 660], "object_presence": 1}, "P833--my-pill-dosette--clutter--DujtBoua3CYbGNCJbF_4u_nS4OERHkfDuA2_PmaYkqo-00250.jpg": {"object_bounding_box": [540, 329, 1080, 659], "object_presence": 1}, "P833--my-pill-dosette--clutter--DujtBoua3CYbGNCJbF_4u_nS4OERHkfDuA2_PmaYkqo-00251.jpg": {"object_bounding_box": [540, 329, 1080, 657], "object_presence": 1}, "P833--my-pill-dosette--clutter--DujtBoua3CYbGNCJbF_4u_nS4OERHkfDuA2_PmaYkqo-00252.jpg": {"object_bounding_box": [540, 325, 1080, 651], "object_presence": 1}, "P833--my-pill-dosette--clutter--DujtBoua3CYbGNCJbF_4u_nS4OERHkfDuA2_PmaYkqo-00253.jpg": {"object_bounding_box": [540, 327, 1080, 654], "object_presence": 1}, "P833--my-pill-dosette--clutter--DujtBoua3CYbGNCJbF_4u_nS4OERHkfDuA2_PmaYkqo-00254.jpg": {"object_bounding_box": [540, 326, 1080, 652], "object_presence": 1}, "P833--my-pill-dosette--clutter--DujtBoua3CYbGNCJbF_4u_nS4OERHkfDuA2_PmaYkqo-00255.jpg": {"object_bounding_box": [540, 330, 1080, 659], "object_presence": 1}, "P833--my-pill-dosette--clutter--DujtBoua3CYbGNCJbF_4u_nS4OERHkfDuA2_PmaYkqo-00256.jpg": {"object_bounding_box": [540, 331, 1080, 662], "object_presence": 1}, "P833--my-pill-dosette--clutter--DujtBoua3CYbGNCJbF_4u_nS4OERHkfDuA2_PmaYkqo-00257.jpg": {"object_bounding_box": [540, 332, 1080, 664], "object_presence": 1}, "P833--my-pill-dosette--clutter--DujtBoua3CYbGNCJbF_4u_nS4OERHkfDuA2_PmaYkqo-00258.jpg": {"object_bounding_box": [540, 332, 1080, 663], "object_presence": 1}, "P833--my-pill-dosette--clutter--DujtBoua3CYbGNCJbF_4u_nS4OERHkfDuA2_PmaYkqo-00259.jpg": {"object_bounding_box": [540, 328, 1080, 655], "object_presence": 1}, "P833--my-pill-dosette--clutter--DujtBoua3CYbGNCJbF_4u_nS4OERHkfDuA2_PmaYkqo-00260.jpg": {"object_bounding_box": [540, 325, 1080, 649], "object_presence": 1}, "P833--my-pill-dosette--clutter--DujtBoua3CYbGNCJbF_4u_nS4OERHkfDuA2_PmaYkqo-00261.jpg": {"object_bounding_box": [540, 326, 1080, 652], "object_presence": 1}, "P833--my-pill-dosette--clutter--DujtBoua3CYbGNCJbF_4u_nS4OERHkfDuA2_PmaYkqo-00262.jpg": {"object_bounding_box": [540, 321, 1080, 641], "object_presence": 1}, "P833--my-pill-dosette--clutter--DujtBoua3CYbGNCJbF_4u_nS4OERHkfDuA2_PmaYkqo-00263.jpg": {"object_bounding_box": [540, 317, 1080, 633], "object_presence": 1}, "P833--my-pill-dosette--clutter--DujtBoua3CYbGNCJbF_4u_nS4OERHkfDuA2_PmaYkqo-00264.jpg": {"object_bounding_box": [540, 314, 1080, 628], "object_presence": 1}, "P833--my-pill-dosette--clutter--DujtBoua3CYbGNCJbF_4u_nS4OERHkfDuA2_PmaYkqo-00265.jpg": {"object_bounding_box": [540, 311, 1080, 622], "object_presence": 1}, "P833--my-pill-dosette--clutter--DujtBoua3CYbGNCJbF_4u_nS4OERHkfDuA2_PmaYkqo-00266.jpg": {"object_bounding_box": [540, 312, 1080, 624], "object_presence": 1}, "P833--my-pill-dosette--clutter--DujtBoua3CYbGNCJbF_4u_nS4OERHkfDuA2_PmaYkqo-00267.jpg": {"object_bounding_box": [540, 313, 1080, 627], "object_presence": 1}, "P833--my-pill-dosette--clutter--DujtBoua3CYbGNCJbF_4u_nS4OERHkfDuA2_PmaYkqo-00268.jpg": {"object_bounding_box": [541, 311, 1078, 622], "object_presence": 1}, "P833--my-pill-dosette--clutter--DujtBoua3CYbGNCJbF_4u_nS4OERHkfDuA2_PmaYkqo-00269.jpg": {"object_bounding_box": [540, 310, 1080, 621], "object_presence": 1}, "P833--my-pill-dosette--clutter--DujtBoua3CYbGNCJbF_4u_nS4OERHkfDuA2_PmaYkqo-00270.jpg": {"object_bounding_box": [540, 315, 1080, 631], "object_presence": 1}, "P833--my-pill-dosette--clutter--DujtBoua3CYbGNCJbF_4u_nS4OERHkfDuA2_PmaYkqo-00271.jpg": {"object_bounding_box": [540, 317, 1080, 634], "object_presence": 1}, "P833--my-pill-dosette--clutter--DujtBoua3CYbGNCJbF_4u_nS4OERHkfDuA2_PmaYkqo-00272.jpg": {"object_bounding_box": [540, 311, 1080, 622], "object_presence": 1}, "P833--my-pill-dosette--clutter--DujtBoua3CYbGNCJbF_4u_nS4OERHkfDuA2_PmaYkqo-00273.jpg": {"object_bounding_box": [540, 312, 1080, 624], "object_presence": 1}, "P833--my-pill-dosette--clutter--DujtBoua3CYbGNCJbF_4u_nS4OERHkfDuA2_PmaYkqo-00274.jpg": {"object_bounding_box": [540, 312, 1080, 625], "object_presence": 1}, "P833--my-pill-dosette--clutter--DujtBoua3CYbGNCJbF_4u_nS4OERHkfDuA2_PmaYkqo-00275.jpg": {"object_bounding_box": [540, 317, 1080, 633], "object_presence": 1}, "P833--my-pill-dosette--clutter--DujtBoua3CYbGNCJbF_4u_nS4OERHkfDuA2_PmaYkqo-00276.jpg": {"object_bounding_box": [540, 319, 1080, 638], "object_presence": 1}, "P833--my-pill-dosette--clutter--DujtBoua3CYbGNCJbF_4u_nS4OERHkfDuA2_PmaYkqo-00277.jpg": {"object_bounding_box": [540, 331, 1080, 663], "object_presence": 1}, "P833--my-pill-dosette--clutter--DujtBoua3CYbGNCJbF_4u_nS4OERHkfDuA2_PmaYkqo-00278.jpg": {"object_bounding_box": [540, 345, 1080, 690], "object_presence": 1}, "P833--my-pill-dosette--clutter--DujtBoua3CYbGNCJbF_4u_nS4OERHkfDuA2_PmaYkqo-00279.jpg": {"object_bounding_box": [540, 359, 1080, 719], "object_presence": 1}, "P833--my-pill-dosette--clutter--DujtBoua3CYbGNCJbF_4u_nS4OERHkfDuA2_PmaYkqo-00280.jpg": {"object_bounding_box": [540, 379, 1080, 759], "object_presence": 1}, "P833--my-pill-dosette--clutter--DujtBoua3CYbGNCJbF_4u_nS4OERHkfDuA2_PmaYkqo-00281.jpg": {"object_bounding_box": [540, 393, 1080, 785], "object_presence": 1}, "P833--my-pill-dosette--clutter--DujtBoua3CYbGNCJbF_4u_nS4OERHkfDuA2_PmaYkqo-00282.jpg": {"object_bounding_box": [540, 398, 1080, 796], "object_presence": 1}, "P833--my-pill-dosette--clutter--DujtBoua3CYbGNCJbF_4u_nS4OERHkfDuA2_PmaYkqo-00283.jpg": {"object_bounding_box": [540, 399, 1080, 798], "object_presence": 1}, "P833--my-pill-dosette--clutter--DujtBoua3CYbGNCJbF_4u_nS4OERHkfDuA2_PmaYkqo-00284.jpg": {"object_bounding_box": [540, 400, 1080, 801], "object_presence": 1}, "P833--my-pill-dosette--clutter--DujtBoua3CYbGNCJbF_4u_nS4OERHkfDuA2_PmaYkqo-00285.jpg": {"object_bounding_box": [540, 398, 1080, 795], "object_presence": 1}, "P833--my-pill-dosette--clutter--DujtBoua3CYbGNCJbF_4u_nS4OERHkfDuA2_PmaYkqo-00286.jpg": {"object_bounding_box": [540, 401, 1080, 802], "object_presence": 1}, "P833--my-pill-dosette--clutter--DujtBoua3CYbGNCJbF_4u_nS4OERHkfDuA2_PmaYkqo-00287.jpg": {"object_bounding_box": [540, 399, 1080, 798], "object_presence": 1}, "P833--my-pill-dosette--clutter--DujtBoua3CYbGNCJbF_4u_nS4OERHkfDuA2_PmaYkqo-00288.jpg": {"object_bounding_box": [540, 402, 1080, 805], "object_presence": 1}, "P833--my-pill-dosette--clutter--DujtBoua3CYbGNCJbF_4u_nS4OERHkfDuA2_PmaYkqo-00289.jpg": {"object_bounding_box": [540, 407, 1080, 814], "object_presence": 1}, "P833--my-pill-dosette--clutter--DujtBoua3CYbGNCJbF_4u_nS4OERHkfDuA2_PmaYkqo-00290.jpg": {"object_bounding_box": [540, 418, 1080, 836], "object_presence": 1}, "P833--my-pill-dosette--clutter--DujtBoua3CYbGNCJbF_4u_nS4OERHkfDuA2_PmaYkqo-00291.jpg": {"object_bounding_box": [540, 415, 1080, 830], "object_presence": 1}, "P833--my-pill-dosette--clutter--DujtBoua3CYbGNCJbF_4u_nS4OERHkfDuA2_PmaYkqo-00292.jpg": {"object_bounding_box": [540, 421, 1080, 843], "object_presence": 1}, "P833--my-pill-dosette--clutter--DujtBoua3CYbGNCJbF_4u_nS4OERHkfDuA2_PmaYkqo-00293.jpg": {"object_bounding_box": [540, 421, 1080, 841], "object_presence": 1}, "P833--my-pill-dosette--clutter--DujtBoua3CYbGNCJbF_4u_nS4OERHkfDuA2_PmaYkqo-00294.jpg": {"object_bounding_box": [540, 430, 1080, 859], "object_presence": 1}, "P833--my-pill-dosette--clutter--DujtBoua3CYbGNCJbF_4u_nS4OERHkfDuA2_PmaYkqo-00295.jpg": {"object_bounding_box": [540, 435, 1080, 869], "object_presence": 1}, "P833--my-pill-dosette--clutter--DujtBoua3CYbGNCJbF_4u_nS4OERHkfDuA2_PmaYkqo-00296.jpg": {"object_bounding_box": [540, 428, 1080, 856], "object_presence": 1}, "P833--my-pill-dosette--clutter--DujtBoua3CYbGNCJbF_4u_nS4OERHkfDuA2_PmaYkqo-00297.jpg": {"object_bounding_box": [540, 433, 1080, 866], "object_presence": 1}, "P833--my-pill-dosette--clutter--DujtBoua3CYbGNCJbF_4u_nS4OERHkfDuA2_PmaYkqo-00298.jpg": {"object_bounding_box": [540, 431, 1080, 862], "object_presence": 1}, "P833--my-pill-dosette--clutter--DujtBoua3CYbGNCJbF_4u_nS4OERHkfDuA2_PmaYkqo-00299.jpg": {"object_bounding_box": [540, 429, 1080, 858], "object_presence": 1}, "P833--my-pill-dosette--clutter--DujtBoua3CYbGNCJbF_4u_nS4OERHkfDuA2_PmaYkqo-00300.jpg": {"object_bounding_box": [540, 427, 1080, 855], "object_presence": 1}, "P833--my-pill-dosette--clutter--DujtBoua3CYbGNCJbF_4u_nS4OERHkfDuA2_PmaYkqo-00301.jpg": {"object_bounding_box": [540, 421, 1080, 843], "object_presence": 1}, "P833--my-pill-dosette--clutter--DujtBoua3CYbGNCJbF_4u_nS4OERHkfDuA2_PmaYkqo-00302.jpg": {"object_bounding_box": [540, 427, 1080, 855], "object_presence": 1}, "P833--my-pill-dosette--clutter--DujtBoua3CYbGNCJbF_4u_nS4OERHkfDuA2_PmaYkqo-00303.jpg": {"object_bounding_box": [540, 435, 1080, 869], "object_presence": 1}, "P833--my-pill-dosette--clutter--DujtBoua3CYbGNCJbF_4u_nS4OERHkfDuA2_PmaYkqo-00304.jpg": {"object_bounding_box": [540, 436, 1080, 872], "object_presence": 1}, "P833--my-pill-dosette--clutter--DujtBoua3CYbGNCJbF_4u_nS4OERHkfDuA2_PmaYkqo-00305.jpg": {"object_bounding_box": [540, 433, 1080, 867], "object_presence": 1}, "P833--my-pill-dosette--clutter--DujtBoua3CYbGNCJbF_4u_nS4OERHkfDuA2_PmaYkqo-00306.jpg": {"object_bounding_box": [540, 431, 1080, 862], "object_presence": 1}, "P833--my-pill-dosette--clutter--DujtBoua3CYbGNCJbF_4u_nS4OERHkfDuA2_PmaYkqo-00307.jpg": {"object_bounding_box": [540, 435, 1080, 870], "object_presence": 1}, "P833--my-pill-dosette--clutter--DujtBoua3CYbGNCJbF_4u_nS4OERHkfDuA2_PmaYkqo-00308.jpg": {"object_bounding_box": [540, 435, 1080, 870], "object_presence": 1}, "P833--my-pill-dosette--clutter--DujtBoua3CYbGNCJbF_4u_nS4OERHkfDuA2_PmaYkqo-00309.jpg": {"object_bounding_box": [540, 437, 1080, 873], "object_presence": 1}, "P833--my-pill-dosette--clutter--DujtBoua3CYbGNCJbF_4u_nS4OERHkfDuA2_PmaYkqo-00310.jpg": {"object_bounding_box": [540, 421, 1080, 842], "object_presence": 1}, "P833--my-pill-dosette--clutter--DujtBoua3CYbGNCJbF_4u_nS4OERHkfDuA2_PmaYkqo-00311.jpg": {"object_bounding_box": [540, 402, 1080, 804], "object_presence": 1}, "P833--my-pill-dosette--clutter--DujtBoua3CYbGNCJbF_4u_nS4OERHkfDuA2_PmaYkqo-00312.jpg": {"object_bounding_box": [540, 391, 1080, 782], "object_presence": 1}, "P833--my-pill-dosette--clutter--DujtBoua3CYbGNCJbF_4u_nS4OERHkfDuA2_PmaYkqo-00313.jpg": {"object_bounding_box": [540, 390, 1080, 779], "object_presence": 1}, "P833--my-pill-dosette--clutter--DujtBoua3CYbGNCJbF_4u_nS4OERHkfDuA2_PmaYkqo-00314.jpg": {"object_bounding_box": [540, 387, 1080, 774], "object_presence": 1}, "P833--my-pill-dosette--clutter--DujtBoua3CYbGNCJbF_4u_nS4OERHkfDuA2_PmaYkqo-00315.jpg": {"object_bounding_box": [540, 391, 1080, 781], "object_presence": 1}, "P833--my-pill-dosette--clutter--DujtBoua3CYbGNCJbF_4u_nS4OERHkfDuA2_PmaYkqo-00316.jpg": {"object_bounding_box": [540, 393, 1080, 786], "object_presence": 1}, "P833--my-pill-dosette--clutter--DujtBoua3CYbGNCJbF_4u_nS4OERHkfDuA2_PmaYkqo-00317.jpg": {"object_bounding_box": [540, 401, 1080, 802], "object_presence": 1}, "P833--my-pill-dosette--clutter--DujtBoua3CYbGNCJbF_4u_nS4OERHkfDuA2_PmaYkqo-00318.jpg": {"object_bounding_box": [540, 408, 1080, 815], "object_presence": 1}, "P833--my-pill-dosette--clutter--DujtBoua3CYbGNCJbF_4u_nS4OERHkfDuA2_PmaYkqo-00319.jpg": {"object_bounding_box": [540, 409, 1080, 818], "object_presence": 1}, "P833--my-pill-dosette--clutter--DujtBoua3CYbGNCJbF_4u_nS4OERHkfDuA2_PmaYkqo-00320.jpg": {"object_bounding_box": [540, 404, 1080, 809], "object_presence": 1}, "P833--my-pill-dosette--clutter--DujtBoua3CYbGNCJbF_4u_nS4OERHkfDuA2_PmaYkqo-00321.jpg": {"object_bounding_box": [540, 391, 1080, 782], "object_presence": 1}, "P833--my-pill-dosette--clutter--DujtBoua3CYbGNCJbF_4u_nS4OERHkfDuA2_PmaYkqo-00322.jpg": {"object_bounding_box": [540, 380, 1080, 760], "object_presence": 1}, "P833--my-pill-dosette--clutter--DujtBoua3CYbGNCJbF_4u_nS4OERHkfDuA2_PmaYkqo-00323.jpg": {"object_bounding_box": [540, 371, 1080, 743], "object_presence": 1}, "P833--my-pill-dosette--clutter--DujtBoua3CYbGNCJbF_4u_nS4OERHkfDuA2_PmaYkqo-00324.jpg": {"object_bounding_box": [540, 365, 1080, 729], "object_presence": 1}, "P833--my-pill-dosette--clutter--DujtBoua3CYbGNCJbF_4u_nS4OERHkfDuA2_PmaYkqo-00325.jpg": {"object_bounding_box": [540, 369, 1080, 737], "object_presence": 1}, "P833--my-pill-dosette--clutter--DujtBoua3CYbGNCJbF_4u_nS4OERHkfDuA2_PmaYkqo-00326.jpg": {"object_bounding_box": [540, 389, 1080, 778], "object_presence": 1}, "P833--my-pill-dosette--clutter--DujtBoua3CYbGNCJbF_4u_nS4OERHkfDuA2_PmaYkqo-00327.jpg": {"object_bounding_box": [540, 410, 1080, 821], "object_presence": 1}, "P833--my-pill-dosette--clutter--DujtBoua3CYbGNCJbF_4u_nS4OERHkfDuA2_PmaYkqo-00328.jpg": {"object_bounding_box": [540, 403, 1080, 807], "object_presence": 1}, "P833--my-pill-dosette--clutter--DujtBoua3CYbGNCJbF_4u_nS4OERHkfDuA2_PmaYkqo-00329.jpg": {"object_bounding_box": [540, 418, 1080, 837], "object_presence": 1}, "P833--my-pill-dosette--clutter--DujtBoua3CYbGNCJbF_4u_nS4OERHkfDuA2_PmaYkqo-00330.jpg": {"object_bounding_box": [540, 425, 1080, 849], "object_presence": 1}, "P833--my-pill-dosette--clutter--DujtBoua3CYbGNCJbF_4u_nS4OERHkfDuA2_PmaYkqo-00331.jpg": {"object_bounding_box": [540, 427, 1080, 854], "object_presence": 1}, "P833--my-pill-dosette--clutter--DujtBoua3CYbGNCJbF_4u_nS4OERHkfDuA2_PmaYkqo-00332.jpg": {"object_bounding_box": [540, 438, 1080, 875], "object_presence": 1}, "P833--my-pill-dosette--clutter--DujtBoua3CYbGNCJbF_4u_nS4OERHkfDuA2_PmaYkqo-00333.jpg": {"object_bounding_box": [540, 450, 1080, 901], "object_presence": 1}, "P833--my-pill-dosette--clutter--DujtBoua3CYbGNCJbF_4u_nS4OERHkfDuA2_PmaYkqo-00334.jpg": {"object_bounding_box": [540, 463, 1080, 926], "object_presence": 1}, "P833--my-pill-dosette--clutter--DujtBoua3CYbGNCJbF_4u_nS4OERHkfDuA2_PmaYkqo-00335.jpg": {"object_bounding_box": [540, 466, 1080, 932], "object_presence": 1}, "P833--my-pill-dosette--clutter--DujtBoua3CYbGNCJbF_4u_nS4OERHkfDuA2_PmaYkqo-00336.jpg": {"object_bounding_box": [540, 501, 1080, 1002], "object_presence": 1}, "P833--my-pill-dosette--clutter--DujtBoua3CYbGNCJbF_4u_nS4OERHkfDuA2_PmaYkqo-00337.jpg": {"object_bounding_box": [540, 509, 1080, 1018], "object_presence": 1}, "P833--my-pill-dosette--clutter--DujtBoua3CYbGNCJbF_4u_nS4OERHkfDuA2_PmaYkqo-00338.jpg": {"object_bounding_box": [540, 509, 1080, 1018], "object_presence": 1}, "P833--my-pill-dosette--clutter--DujtBoua3CYbGNCJbF_4u_nS4OERHkfDuA2_PmaYkqo-00339.jpg": {"object_bounding_box": [540, 522, 1080, 1043], "object_presence": 1}, "P833--my-pill-dosette--clutter--DujtBoua3CYbGNCJbF_4u_nS4OERHkfDuA2_PmaYkqo-00340.jpg": {"object_bounding_box": [540, 533, 1080, 1067], "object_presence": 1}, "P833--my-pill-dosette--clutter--DujtBoua3CYbGNCJbF_4u_nS4OERHkfDuA2_PmaYkqo-00341.jpg": {"object_bounding_box": [540, 540, 1080, 1080], "object_presence": 1}, "P833--my-pill-dosette--clutter--DujtBoua3CYbGNCJbF_4u_nS4OERHkfDuA2_PmaYkqo-00342.jpg": {"object_bounding_box": [540, 540, 1080, 1080], "object_presence": 1}, "P833--my-pill-dosette--clutter--DujtBoua3CYbGNCJbF_4u_nS4OERHkfDuA2_PmaYkqo-00343.jpg": {"object_bounding_box": [540, 540, 1080, 1080], "object_presence": 1}, "P833--my-pill-dosette--clutter--DujtBoua3CYbGNCJbF_4u_nS4OERHkfDuA2_PmaYkqo-00344.jpg": {"object_bounding_box": [540, 540, 1080, 1080], "object_presence": 1}, "P833--my-pill-dosette--clutter--DujtBoua3CYbGNCJbF_4u_nS4OERHkfDuA2_PmaYkqo-00345.jpg": {"object_bounding_box": [540, 540, 1080, 1080], "object_presence": 1}, "P833--my-pill-dosette--clutter--DujtBoua3CYbGNCJbF_4u_nS4OERHkfDuA2_PmaYkqo-00346.jpg": {"object_bounding_box": [540, 540, 1080, 1080], "object_presence": 1}, "P833--my-pill-dosette--clutter--DujtBoua3CYbGNCJbF_4u_nS4OERHkfDuA2_PmaYkqo-00347.jpg": {"object_bounding_box": [540, 540, 1080, 1080], "object_presence": 1}, "P833--my-pill-dosette--clutter--DujtBoua3CYbGNCJbF_4u_nS4OERHkfDuA2_PmaYkqo-00348.jpg": {"object_bounding_box": [540, 540, 1080, 1080], "object_presence": 1}, "P833--my-pill-dosette--clutter--DujtBoua3CYbGNCJbF_4u_nS4OERHkfDuA2_PmaYkqo-00349.jpg": {"object_bounding_box": [540, 540, 1080, 1080], "object_presence": 1}, "P833--my-pill-dosette--clutter--DujtBoua3CYbGNCJbF_4u_nS4OERHkfDuA2_PmaYkqo-00350.jpg": {"object_bounding_box": [540, 540, 1080, 1080], "object_presence": 1}, "P833--my-pill-dosette--clutter--DujtBoua3CYbGNCJbF_4u_nS4OERHkfDuA2_PmaYkqo-00351.jpg": {"object_bounding_box": [540, 540, 1080, 1080], "object_presence": 1}, "P833--my-pill-dosette--clutter--DujtBoua3CYbGNCJbF_4u_nS4OERHkfDuA2_PmaYkqo-00352.jpg": {"object_bounding_box": [540, 540, 1080, 1080], "object_presence": 1}, "P833--my-pill-dosette--clutter--DujtBoua3CYbGNCJbF_4u_nS4OERHkfDuA2_PmaYkqo-00353.jpg": {"object_bounding_box": [540, 540, 1080, 1080], "object_presence": 1}, "P833--my-pill-dosette--clutter--DujtBoua3CYbGNCJbF_4u_nS4OERHkfDuA2_PmaYkqo-00354.jpg": {"object_bounding_box": [540, 540, 1080, 1080], "object_presence": 1}, "P833--my-pill-dosette--clutter--DujtBoua3CYbGNCJbF_4u_nS4OERHkfDuA2_PmaYkqo-00355.jpg": {"object_bounding_box": [540, 540, 1080, 1080], "object_presence": 1}, "P833--my-pill-dosette--clutter--DujtBoua3CYbGNCJbF_4u_nS4OERHkfDuA2_PmaYkqo-00356.jpg": {"object_bounding_box": [540, 540, 1080, 1080], "object_presence": 1}, "P833--my-pill-dosette--clutter--DujtBoua3CYbGNCJbF_4u_nS4OERHkfDuA2_PmaYkqo-00357.jpg": {"object_bounding_box": [540, 540, 1080, 1080], "object_presence": 1}, "P833--my-pill-dosette--clutter--DujtBoua3CYbGNCJbF_4u_nS4OERHkfDuA2_PmaYkqo-00358.jpg": {"object_bounding_box": [540, 540, 1080, 1080], "object_presence": 1}, "P833--my-pill-dosette--clutter--DujtBoua3CYbGNCJbF_4u_nS4OERHkfDuA2_PmaYkqo-00359.jpg": {"object_bounding_box": [540, 530, 1080, 1060], "object_presence": 1}, "P833--my-pill-dosette--clutter--DujtBoua3CYbGNCJbF_4u_nS4OERHkfDuA2_PmaYkqo-00360.jpg": {"object_bounding_box": [540, 530, 1080, 1060], "object_presence": 1}, "P833--my-pill-dosette--clutter--DujtBoua3CYbGNCJbF_4u_nS4OERHkfDuA2_PmaYkqo-00361.jpg": {"object_bounding_box": [540, 540, 1080, 1080], "object_presence": 1}, "P833--my-pill-dosette--clutter--DujtBoua3CYbGNCJbF_4u_nS4OERHkfDuA2_PmaYkqo-00362.jpg": {"object_bounding_box": [540, 540, 1080, 1080], "object_presence": 1}, "P833--my-pill-dosette--clutter--DujtBoua3CYbGNCJbF_4u_nS4OERHkfDuA2_PmaYkqo-00363.jpg": {"object_bounding_box": [540, 522, 1080, 1044], "object_presence": 1}, "P833--my-pill-dosette--clutter--DujtBoua3CYbGNCJbF_4u_nS4OERHkfDuA2_PmaYkqo-00364.jpg": {"object_bounding_box": [540, 522, 1080, 1044], "object_presence": 1}, "P833--my-pill-dosette--clutter--DujtBoua3CYbGNCJbF_4u_nS4OERHkfDuA2_PmaYkqo-00365.jpg": {"object_bounding_box": [540, 513, 1080, 1026], "object_presence": 1}, "P833--my-pill-dosette--clutter--DujtBoua3CYbGNCJbF_4u_nS4OERHkfDuA2_PmaYkqo-00366.jpg": {"object_bounding_box": [540, 519, 1080, 1038], "object_presence": 1}, "P833--my-pill-dosette--clutter--DujtBoua3CYbGNCJbF_4u_nS4OERHkfDuA2_PmaYkqo-00367.jpg": {"object_bounding_box": [540, 523, 1080, 1045], "object_presence": 1}, "P833--my-pill-dosette--clutter--DujtBoua3CYbGNCJbF_4u_nS4OERHkfDuA2_PmaYkqo-00368.jpg": {"object_bounding_box": [540, 521, 1080, 1042], "object_presence": 1}, "P833--my-pill-dosette--clutter--DujtBoua3CYbGNCJbF_4u_nS4OERHkfDuA2_PmaYkqo-00369.jpg": {"object_bounding_box": [540, 512, 1080, 1025], "object_presence": 1}, "P833--my-pill-dosette--clutter--DujtBoua3CYbGNCJbF_4u_nS4OERHkfDuA2_PmaYkqo-00370.jpg": {"object_bounding_box": [540, 514, 1080, 1028], "object_presence": 1}, "P833--my-pill-dosette--clutter--DujtBoua3CYbGNCJbF_4u_nS4OERHkfDuA2_PmaYkqo-00371.jpg": {"object_bounding_box": [540, 511, 1080, 1023], "object_presence": 1}, "P833--my-pill-dosette--clutter--DujtBoua3CYbGNCJbF_4u_nS4OERHkfDuA2_PmaYkqo-00372.jpg": {"object_bounding_box": [540, 505, 1080, 1010], "object_presence": 1}, "P833--my-pill-dosette--clutter--DujtBoua3CYbGNCJbF_4u_nS4OERHkfDuA2_PmaYkqo-00373.jpg": {"object_bounding_box": [540, 501, 1080, 1002], "object_presence": 1}, "P833--my-pill-dosette--clutter--DujtBoua3CYbGNCJbF_4u_nS4OERHkfDuA2_PmaYkqo-00374.jpg": {"object_bounding_box": [540, 498, 1080, 996], "object_presence": 1}, "P833--my-pill-dosette--clutter--DujtBoua3CYbGNCJbF_4u_nS4OERHkfDuA2_PmaYkqo-00375.jpg": {"object_bounding_box": [540, 498, 1080, 997], "object_presence": 1}, "P833--my-pill-dosette--clutter--DujtBoua3CYbGNCJbF_4u_nS4OERHkfDuA2_PmaYkqo-00376.jpg": {"object_bounding_box": [540, 496, 1080, 993], "object_presence": 1}, "P833--my-pill-dosette--clutter--DujtBoua3CYbGNCJbF_4u_nS4OERHkfDuA2_PmaYkqo-00377.jpg": {"object_bounding_box": [540, 495, 1080, 990], "object_presence": 1}, "P833--my-pill-dosette--clutter--DujtBoua3CYbGNCJbF_4u_nS4OERHkfDuA2_PmaYkqo-00378.jpg": {"object_bounding_box": [540, 491, 1080, 982], "object_presence": 1}, "P833--my-pill-dosette--clutter--DujtBoua3CYbGNCJbF_4u_nS4OERHkfDuA2_PmaYkqo-00379.jpg": {"object_bounding_box": [540, 491, 1080, 982], "object_presence": 1}, "P833--my-pill-dosette--clutter--DujtBoua3CYbGNCJbF_4u_nS4OERHkfDuA2_PmaYkqo-00380.jpg": {"object_bounding_box": [540, 486, 1080, 972], "object_presence": 1}, "P833--my-pill-dosette--clutter--DujtBoua3CYbGNCJbF_4u_nS4OERHkfDuA2_PmaYkqo-00381.jpg": {"object_bounding_box": [540, 483, 1080, 966], "object_presence": 1}, "P833--my-pill-dosette--clutter--DujtBoua3CYbGNCJbF_4u_nS4OERHkfDuA2_PmaYkqo-00382.jpg": {"object_bounding_box": [540, 483, 1080, 966], "object_presence": 1}, "P833--my-pill-dosette--clutter--DujtBoua3CYbGNCJbF_4u_nS4OERHkfDuA2_PmaYkqo-00383.jpg": {"object_bounding_box": [540, 484, 1080, 967], "object_presence": 1}, "P833--my-pill-dosette--clutter--DujtBoua3CYbGNCJbF_4u_nS4OERHkfDuA2_PmaYkqo-00384.jpg": {"object_bounding_box": [540, 487, 1080, 974], "object_presence": 1}, "P833--my-pill-dosette--clutter--DujtBoua3CYbGNCJbF_4u_nS4OERHkfDuA2_PmaYkqo-00385.jpg": {"object_bounding_box": [540, 487, 1080, 973], "object_presence": 1}, "P833--my-pill-dosette--clutter--DujtBoua3CYbGNCJbF_4u_nS4OERHkfDuA2_PmaYkqo-00386.jpg": {"object_bounding_box": [540, 491, 1080, 983], "object_presence": 1}, "P833--my-pill-dosette--clutter--DujtBoua3CYbGNCJbF_4u_nS4OERHkfDuA2_PmaYkqo-00387.jpg": {"object_bounding_box": [540, 488, 1080, 977], "object_presence": 1}, "P833--my-pill-dosette--clutter--DujtBoua3CYbGNCJbF_4u_nS4OERHkfDuA2_PmaYkqo-00388.jpg": {"object_bounding_box": [540, 485, 1080, 970], "object_presence": 1}, "P833--my-pill-dosette--clutter--DujtBoua3CYbGNCJbF_4u_nS4OERHkfDuA2_PmaYkqo-00389.jpg": {"object_bounding_box": [540, 482, 1080, 964], "object_presence": 1}, "P833--my-pill-dosette--clutter--DujtBoua3CYbGNCJbF_4u_nS4OERHkfDuA2_PmaYkqo-00390.jpg": {"object_bounding_box": [540, 481, 1080, 962], "object_presence": 1}, "P833--my-pill-dosette--clutter--DujtBoua3CYbGNCJbF_4u_nS4OERHkfDuA2_PmaYkqo-00391.jpg": {"object_bounding_box": [540, 481, 1080, 963], "object_presence": 1}, "P833--my-pill-dosette--clutter--DujtBoua3CYbGNCJbF_4u_nS4OERHkfDuA2_PmaYkqo-00392.jpg": {"object_bounding_box": [540, 478, 1080, 956], "object_presence": 1}, "P833--my-pill-dosette--clutter--DujtBoua3CYbGNCJbF_4u_nS4OERHkfDuA2_PmaYkqo-00393.jpg": {"object_bounding_box": [540, 478, 1080, 957], "object_presence": 1}, "P833--my-pill-dosette--clutter--DujtBoua3CYbGNCJbF_4u_nS4OERHkfDuA2_PmaYkqo-00394.jpg": {"object_bounding_box": [540, 470, 1080, 940], "object_presence": 1}, "P833--my-pill-dosette--clutter--DujtBoua3CYbGNCJbF_4u_nS4OERHkfDuA2_PmaYkqo-00395.jpg": {"object_bounding_box": [540, 467, 1080, 935], "object_presence": 1}, "P833--my-pill-dosette--clutter--DujtBoua3CYbGNCJbF_4u_nS4OERHkfDuA2_PmaYkqo-00396.jpg": {"object_bounding_box": [540, 464, 1080, 927], "object_presence": 1}, "P833--my-pill-dosette--clutter--DujtBoua3CYbGNCJbF_4u_nS4OERHkfDuA2_PmaYkqo-00397.jpg": {"object_bounding_box": [540, 452, 1080, 904], "object_presence": 1}, "P833--my-pill-dosette--clutter--DujtBoua3CYbGNCJbF_4u_nS4OERHkfDuA2_PmaYkqo-00398.jpg": {"object_bounding_box": [540, 444, 1080, 889], "object_presence": 1}, "P833--my-pill-dosette--clutter--DujtBoua3CYbGNCJbF_4u_nS4OERHkfDuA2_PmaYkqo-00399.jpg": {"object_bounding_box": [540, 442, 1080, 885], "object_presence": 1}, "P833--my-pill-dosette--clutter--DujtBoua3CYbGNCJbF_4u_nS4OERHkfDuA2_PmaYkqo-00400.jpg": {"object_bounding_box": [540, 435, 1080, 871], "object_presence": 1}, "P833--my-pill-dosette--clutter--DujtBoua3CYbGNCJbF_4u_nS4OERHkfDuA2_PmaYkqo-00401.jpg": {"object_bounding_box": [540, 426, 1080, 852], "object_presence": 1}, "P833--my-pill-dosette--clutter--DujtBoua3CYbGNCJbF_4u_nS4OERHkfDuA2_PmaYkqo-00402.jpg": {"object_bounding_box": [540, 419, 1080, 839], "object_presence": 1}, "P833--my-pill-dosette--clutter--DujtBoua3CYbGNCJbF_4u_nS4OERHkfDuA2_PmaYkqo-00403.jpg": {"object_bounding_box": [540, 411, 1080, 822], "object_presence": 1}, "P833--my-pill-dosette--clutter--DujtBoua3CYbGNCJbF_4u_nS4OERHkfDuA2_PmaYkqo-00404.jpg": {"object_bounding_box": [540, 407, 1080, 813], "object_presence": 1}, "P833--my-pill-dosette--clutter--DujtBoua3CYbGNCJbF_4u_nS4OERHkfDuA2_PmaYkqo-00405.jpg": {"object_bounding_box": [540, 399, 1080, 799], "object_presence": 1}, "P833--my-pill-dosette--clutter--DujtBoua3CYbGNCJbF_4u_nS4OERHkfDuA2_PmaYkqo-00406.jpg": {"object_bounding_box": [540, 393, 1080, 786], "object_presence": 1}, "P833--my-pill-dosette--clutter--DujtBoua3CYbGNCJbF_4u_nS4OERHkfDuA2_PmaYkqo-00407.jpg": {"object_bounding_box": [540, 390, 1080, 780], "object_presence": 1}, "P833--my-pill-dosette--clutter--DujtBoua3CYbGNCJbF_4u_nS4OERHkfDuA2_PmaYkqo-00408.jpg": {"object_bounding_box": [540, 387, 1080, 775], "object_presence": 1}, "P833--my-pill-dosette--clutter--DujtBoua3CYbGNCJbF_4u_nS4OERHkfDuA2_PmaYkqo-00409.jpg": {"object_bounding_box": [540, 388, 1080, 775], "object_presence": 1}, "P833--my-pill-dosette--clutter--DujtBoua3CYbGNCJbF_4u_nS4OERHkfDuA2_PmaYkqo-00410.jpg": {"object_bounding_box": [540, 391, 1080, 781], "object_presence": 1}, "P833--my-pill-dosette--clutter--DujtBoua3CYbGNCJbF_4u_nS4OERHkfDuA2_PmaYkqo-00411.jpg": {"object_bounding_box": [540, 389, 1080, 778], "object_presence": 1}, "P833--my-pill-dosette--clutter--DujtBoua3CYbGNCJbF_4u_nS4OERHkfDuA2_PmaYkqo-00412.jpg": {"object_bounding_box": [540, 391, 1080, 782], "object_presence": 1}, "P833--my-pill-dosette--clutter--DujtBoua3CYbGNCJbF_4u_nS4OERHkfDuA2_PmaYkqo-00413.jpg": {"object_bounding_box": [540, 388, 1080, 776], "object_presence": 1}, "P833--my-pill-dosette--clutter--DujtBoua3CYbGNCJbF_4u_nS4OERHkfDuA2_PmaYkqo-00414.jpg": {"object_bounding_box": [540, 387, 1080, 775], "object_presence": 1}, "P833--my-pill-dosette--clutter--DujtBoua3CYbGNCJbF_4u_nS4OERHkfDuA2_PmaYkqo-00415.jpg": {"object_bounding_box": [540, 382, 1080, 764], "object_presence": 1}, "P833--my-pill-dosette--clutter--DujtBoua3CYbGNCJbF_4u_nS4OERHkfDuA2_PmaYkqo-00416.jpg": {"object_bounding_box": [540, 381, 1080, 762], "object_presence": 1}, "P833--my-pill-dosette--clutter--DujtBoua3CYbGNCJbF_4u_nS4OERHkfDuA2_PmaYkqo-00417.jpg": {"object_bounding_box": [540, 376, 1080, 751], "object_presence": 1}, "P833--my-pill-dosette--clutter--DujtBoua3CYbGNCJbF_4u_nS4OERHkfDuA2_PmaYkqo-00418.jpg": {"object_bounding_box": [540, 382, 1080, 763], "object_presence": 1}, "P833--my-pill-dosette--clutter--DujtBoua3CYbGNCJbF_4u_nS4OERHkfDuA2_PmaYkqo-00419.jpg": {"object_bounding_box": [540, 384, 1080, 768], "object_presence": 1}, "P833--my-pill-dosette--clutter--DujtBoua3CYbGNCJbF_4u_nS4OERHkfDuA2_PmaYkqo-00420.jpg": {"object_bounding_box": [540, 383, 1080, 765], "object_presence": 1}, "P833--my-pill-dosette--clutter--DujtBoua3CYbGNCJbF_4u_nS4OERHkfDuA2_PmaYkqo-00421.jpg": {"object_bounding_box": [540, 389, 1080, 777], "object_presence": 1}, "P833--my-pill-dosette--clutter--DujtBoua3CYbGNCJbF_4u_nS4OERHkfDuA2_PmaYkqo-00422.jpg": {"object_bounding_box": [540, 391, 1080, 781], "object_presence": 1}, "P833--my-pill-dosette--clutter--DujtBoua3CYbGNCJbF_4u_nS4OERHkfDuA2_PmaYkqo-00423.jpg": {"object_bounding_box": [540, 393, 1080, 786], "object_presence": 1}, "P833--my-pill-dosette--clutter--DujtBoua3CYbGNCJbF_4u_nS4OERHkfDuA2_PmaYkqo-00424.jpg": {"object_bounding_box": [540, 395, 1080, 791], "object_presence": 1}, "P833--my-pill-dosette--clutter--DujtBoua3CYbGNCJbF_4u_nS4OERHkfDuA2_PmaYkqo-00425.jpg": {"object_bounding_box": [540, 397, 1080, 794], "object_presence": 1}, "P833--my-pill-dosette--clutter--DujtBoua3CYbGNCJbF_4u_nS4OERHkfDuA2_PmaYkqo-00426.jpg": {"object_bounding_box": [540, 398, 1080, 796], "object_presence": 1}, "P833--my-pill-dosette--clutter--DujtBoua3CYbGNCJbF_4u_nS4OERHkfDuA2_PmaYkqo-00427.jpg": {"object_bounding_box": [540, 403, 1080, 805], "object_presence": 1}, "P833--my-pill-dosette--clutter--DujtBoua3CYbGNCJbF_4u_nS4OERHkfDuA2_PmaYkqo-00428.jpg": {"object_bounding_box": [540, 407, 1080, 815], "object_presence": 1}, "P833--my-pill-dosette--clutter--DujtBoua3CYbGNCJbF_4u_nS4OERHkfDuA2_PmaYkqo-00429.jpg": {"object_bounding_box": [540, 413, 1080, 826], "object_presence": 1}, "P833--my-pill-dosette--clutter--DujtBoua3CYbGNCJbF_4u_nS4OERHkfDuA2_PmaYkqo-00430.jpg": {"object_bounding_box": [540, 422, 1080, 845], "object_presence": 1}, "P833--my-pill-dosette--clutter--DujtBoua3CYbGNCJbF_4u_nS4OERHkfDuA2_PmaYkqo-00431.jpg": {"object_bounding_box": [540, 426, 1080, 852], "object_presence": 1}, "P833--my-pill-dosette--clutter--DujtBoua3CYbGNCJbF_4u_nS4OERHkfDuA2_PmaYkqo-00432.jpg": {"object_bounding_box": [540, 432, 1080, 863], "object_presence": 1}, "P833--my-pill-dosette--clutter--DujtBoua3CYbGNCJbF_4u_nS4OERHkfDuA2_PmaYkqo-00433.jpg": {"object_bounding_box": [540, 437, 1080, 875], "object_presence": 1}, "P833--my-pill-dosette--clutter--DujtBoua3CYbGNCJbF_4u_nS4OERHkfDuA2_PmaYkqo-00434.jpg": {"object_bounding_box": [540, 442, 1080, 884], "object_presence": 1}, "P833--my-pill-dosette--clutter--DujtBoua3CYbGNCJbF_4u_nS4OERHkfDuA2_PmaYkqo-00435.jpg": {"object_bounding_box": [540, 449, 1080, 899], "object_presence": 1}, "P833--my-pill-dosette--clutter--DujtBoua3CYbGNCJbF_4u_nS4OERHkfDuA2_PmaYkqo-00436.jpg": {"object_bounding_box": [540, 455, 1080, 910], "object_presence": 1}, "P833--my-pill-dosette--clutter--DujtBoua3CYbGNCJbF_4u_nS4OERHkfDuA2_PmaYkqo-00437.jpg": {"object_bounding_box": [540, 456, 1080, 912], "object_presence": 1}, "P833--my-pill-dosette--clutter--DujtBoua3CYbGNCJbF_4u_nS4OERHkfDuA2_PmaYkqo-00438.jpg": {"object_bounding_box": [540, 459, 1080, 918], "object_presence": 1}, "P833--my-pill-dosette--clutter--DujtBoua3CYbGNCJbF_4u_nS4OERHkfDuA2_PmaYkqo-00439.jpg": {"object_bounding_box": [540, 460, 1080, 920], "object_presence": 1}, "P833--my-pill-dosette--clutter--DujtBoua3CYbGNCJbF_4u_nS4OERHkfDuA2_PmaYkqo-00440.jpg": {"object_bounding_box": [540, 462, 1080, 923], "object_presence": 1}, "P833--my-pill-dosette--clutter--DujtBoua3CYbGNCJbF_4u_nS4OERHkfDuA2_PmaYkqo-00441.jpg": {"object_bounding_box": [540, 462, 1080, 925], "object_presence": 1}, "P833--my-pill-dosette--clutter--DujtBoua3CYbGNCJbF_4u_nS4OERHkfDuA2_PmaYkqo-00442.jpg": {"object_bounding_box": [540, 465, 1080, 929], "object_presence": 1}, "P833--my-pill-dosette--clutter--DujtBoua3CYbGNCJbF_4u_nS4OERHkfDuA2_PmaYkqo-00443.jpg": {"object_bounding_box": [540, 464, 1080, 929], "object_presence": 1}, "P833--my-pill-dosette--clutter--DujtBoua3CYbGNCJbF_4u_nS4OERHkfDuA2_PmaYkqo-00444.jpg": {"object_bounding_box": [540, 463, 1080, 925], "object_presence": 1}, "P833--my-pill-dosette--clutter--DujtBoua3CYbGNCJbF_4u_nS4OERHkfDuA2_PmaYkqo-00445.jpg": {"object_bounding_box": [540, 463, 1080, 926], "object_presence": 1}, "P833--my-pill-dosette--clutter--DujtBoua3CYbGNCJbF_4u_nS4OERHkfDuA2_PmaYkqo-00446.jpg": {"object_bounding_box": [540, 468, 1080, 936], "object_presence": 1}, "P833--my-pill-dosette--clutter--DujtBoua3CYbGNCJbF_4u_nS4OERHkfDuA2_PmaYkqo-00447.jpg": {"object_bounding_box": [540, 462, 1080, 925], "object_presence": 1}, "P833--my-pill-dosette--clutter--DujtBoua3CYbGNCJbF_4u_nS4OERHkfDuA2_PmaYkqo-00448.jpg": {"object_bounding_box": [540, 457, 1080, 914], "object_presence": 1}, "P833--my-pill-dosette--clutter--DujtBoua3CYbGNCJbF_4u_nS4OERHkfDuA2_PmaYkqo-00449.jpg": {"object_bounding_box": [540, 456, 1080, 911], "object_presence": 1}, "P833--my-pill-dosette--clutter--DujtBoua3CYbGNCJbF_4u_nS4OERHkfDuA2_PmaYkqo-00450.jpg": {"object_bounding_box": [540, 454, 1080, 907], "object_presence": 1}, "P833--my-pill-dosette--clutter--DujtBoua3CYbGNCJbF_4u_nS4OERHkfDuA2_PmaYkqo-00451.jpg": {"object_bounding_box": [540, 448, 1080, 895], "object_presence": 1}, "P833--my-pill-dosette--clutter--DujtBoua3CYbGNCJbF_4u_nS4OERHkfDuA2_PmaYkqo-00452.jpg": {"object_bounding_box": [540, 441, 1080, 882], "object_presence": 1}, "P833--my-pill-dosette--clutter--DujtBoua3CYbGNCJbF_4u_nS4OERHkfDuA2_PmaYkqo-00453.jpg": {"object_bounding_box": [540, 439, 1080, 878], "object_presence": 1}, "P833--my-pill-dosette--clutter--DujtBoua3CYbGNCJbF_4u_nS4OERHkfDuA2_PmaYkqo-00454.jpg": {"object_bounding_box": [540, 437, 1080, 873], "object_presence": 1}, "P833--my-pill-dosette--clutter--DujtBoua3CYbGNCJbF_4u_nS4OERHkfDuA2_PmaYkqo-00455.jpg": {"object_bounding_box": [540, 432, 1080, 864], "object_presence": 1}, "P833--my-pill-dosette--clutter--DujtBoua3CYbGNCJbF_4u_nS4OERHkfDuA2_PmaYkqo-00456.jpg": {"object_bounding_box": [540, 428, 1080, 856], "object_presence": 1}, "P833--my-pill-dosette--clutter--DujtBoua3CYbGNCJbF_4u_nS4OERHkfDuA2_PmaYkqo-00457.jpg": {"object_bounding_box": [540, 423, 1080, 846], "object_presence": 1}, "P833--my-pill-dosette--clutter--DujtBoua3CYbGNCJbF_4u_nS4OERHkfDuA2_PmaYkqo-00458.jpg": {"object_bounding_box": [540, 420, 1080, 839], "object_presence": 1}, "P833--my-pill-dosette--clutter--DujtBoua3CYbGNCJbF_4u_nS4OERHkfDuA2_PmaYkqo-00459.jpg": {"object_bounding_box": [540, 416, 1080, 832], "object_presence": 1}, "P833--my-pill-dosette--clutter--DujtBoua3CYbGNCJbF_4u_nS4OERHkfDuA2_PmaYkqo-00460.jpg": {"object_bounding_box": [540, 414, 1080, 815], "object_presence": 1}, "P833--my-pill-dosette--clutter--DujtBoua3CYbGNCJbF_4u_nS4OERHkfDuA2_PmaYkqo-00461.jpg": {"object_bounding_box": [540, 405, 1080, 810], "object_presence": 1}, "P833--my-pill-dosette--clutter--DujtBoua3CYbGNCJbF_4u_nS4OERHkfDuA2_PmaYkqo-00462.jpg": {"object_bounding_box": [540, 399, 1080, 798], "object_presence": 1}, "P833--my-pill-dosette--clutter--DujtBoua3CYbGNCJbF_4u_nS4OERHkfDuA2_PmaYkqo-00463.jpg": {"object_bounding_box": [540, 392, 1080, 784], "object_presence": 1}, "P833--my-pill-dosette--clutter--DujtBoua3CYbGNCJbF_4u_nS4OERHkfDuA2_PmaYkqo-00464.jpg": {"object_bounding_box": [540, 388, 1080, 777], "object_presence": 1}, "P833--my-pill-dosette--clutter--DujtBoua3CYbGNCJbF_4u_nS4OERHkfDuA2_PmaYkqo-00465.jpg": {"object_bounding_box": [540, 384, 1080, 768], "object_presence": 1}, "P833--my-pill-dosette--clutter--DujtBoua3CYbGNCJbF_4u_nS4OERHkfDuA2_PmaYkqo-00466.jpg": {"object_bounding_box": [540, 380, 1080, 760], "object_presence": 1}, "P833--my-pill-dosette--clutter--DujtBoua3CYbGNCJbF_4u_nS4OERHkfDuA2_PmaYkqo-00467.jpg": {"object_bounding_box": [540, 378, 1080, 755], "object_presence": 1}, "P833--my-pill-dosette--clutter--DujtBoua3CYbGNCJbF_4u_nS4OERHkfDuA2_PmaYkqo-00468.jpg": {"object_bounding_box": [540, 375, 1080, 750], "object_presence": 1}, "P833--my-pill-dosette--clutter--DujtBoua3CYbGNCJbF_4u_nS4OERHkfDuA2_PmaYkqo-00469.jpg": {"object_bounding_box": [540, 373, 1080, 746], "object_presence": 1}, "P833--my-pill-dosette--clutter--DujtBoua3CYbGNCJbF_4u_nS4OERHkfDuA2_PmaYkqo-00470.jpg": {"object_bounding_box": [540, 373, 1080, 746], "object_presence": 1}, "P833--my-pill-dosette--clutter--DujtBoua3CYbGNCJbF_4u_nS4OERHkfDuA2_PmaYkqo-00471.jpg": {"object_bounding_box": [540, 370, 1080, 740], "object_presence": 1}, "P833--my-pill-dosette--clutter--DujtBoua3CYbGNCJbF_4u_nS4OERHkfDuA2_PmaYkqo-00472.jpg": {"object_bounding_box": [540, 369, 1080, 738], "object_presence": 1}, "P833--my-pill-dosette--clutter--DujtBoua3CYbGNCJbF_4u_nS4OERHkfDuA2_PmaYkqo-00473.jpg": {"object_bounding_box": [540, 370, 1080, 739], "object_presence": 1}, "P833--my-pill-dosette--clutter--DujtBoua3CYbGNCJbF_4u_nS4OERHkfDuA2_PmaYkqo-00474.jpg": {"object_bounding_box": [540, 370, 1080, 740], "object_presence": 1}, "P833--my-pill-dosette--clutter--DujtBoua3CYbGNCJbF_4u_nS4OERHkfDuA2_PmaYkqo-00475.jpg": {"object_bounding_box": [540, 373, 1080, 745], "object_presence": 1}, "P833--my-pill-dosette--clutter--DujtBoua3CYbGNCJbF_4u_nS4OERHkfDuA2_PmaYkqo-00476.jpg": {"object_bounding_box": [540, 380, 1080, 761], "object_presence": 1}, "P833--my-pill-dosette--clutter--DujtBoua3CYbGNCJbF_4u_nS4OERHkfDuA2_PmaYkqo-00477.jpg": {"object_bounding_box": [540, 386, 1080, 771], "object_presence": 1}, "P833--my-pill-dosette--clutter--DujtBoua3CYbGNCJbF_4u_nS4OERHkfDuA2_PmaYkqo-00478.jpg": {"object_bounding_box": [540, 394, 1080, 787], "object_presence": 1}, "P833--my-pill-dosette--clutter--DujtBoua3CYbGNCJbF_4u_nS4OERHkfDuA2_PmaYkqo-00479.jpg": {"object_bounding_box": [540, 399, 1080, 799], "object_presence": 1}, "P833--my-pill-dosette--clutter--DujtBoua3CYbGNCJbF_4u_nS4OERHkfDuA2_PmaYkqo-00480.jpg": {"object_bounding_box": [540, 403, 1080, 806], "object_presence": 1}, "P833--my-pill-dosette--clutter--DujtBoua3CYbGNCJbF_4u_nS4OERHkfDuA2_PmaYkqo-00481.jpg": {"object_bounding_box": [540, 404, 1080, 807], "object_presence": 1}, "P833--my-pill-dosette--clutter--DujtBoua3CYbGNCJbF_4u_nS4OERHkfDuA2_PmaYkqo-00482.jpg": {"object_bounding_box": [540, 401, 1080, 802], "object_presence": 1}, "P833--my-pill-dosette--clutter--DujtBoua3CYbGNCJbF_4u_nS4OERHkfDuA2_PmaYkqo-00483.jpg": {"object_bounding_box": [540, 399, 1080, 798], "object_presence": 1}, "P833--my-pill-dosette--clutter--DujtBoua3CYbGNCJbF_4u_nS4OERHkfDuA2_PmaYkqo-00484.jpg": {"object_bounding_box": [540, 398, 1080, 796], "object_presence": 1}, "P833--my-pill-dosette--clutter--DujtBoua3CYbGNCJbF_4u_nS4OERHkfDuA2_PmaYkqo-00485.jpg": {"object_bounding_box": [540, 398, 1080, 797], "object_presence": 1}, "P833--my-pill-dosette--clutter--DujtBoua3CYbGNCJbF_4u_nS4OERHkfDuA2_PmaYkqo-00486.jpg": {"object_bounding_box": [540, 399, 1080, 799], "object_presence": 1}, "P833--my-pill-dosette--clutter--DujtBoua3CYbGNCJbF_4u_nS4OERHkfDuA2_PmaYkqo-00487.jpg": {"object_bounding_box": [540, 398, 1080, 797], "object_presence": 1}, "P833--my-pill-dosette--clutter--DujtBoua3CYbGNCJbF_4u_nS4OERHkfDuA2_PmaYkqo-00488.jpg": {"object_bounding_box": [540, 394, 1080, 789], "object_presence": 1}, "P833--my-pill-dosette--clutter--DujtBoua3CYbGNCJbF_4u_nS4OERHkfDuA2_PmaYkqo-00489.jpg": {"object_bounding_box": [540, 394, 1080, 788], "object_presence": 1}, "P833--my-pill-dosette--clutter--DujtBoua3CYbGNCJbF_4u_nS4OERHkfDuA2_PmaYkqo-00490.jpg": {"object_bounding_box": [540, 394, 1080, 787], "object_presence": 1}, "P833--my-pill-dosette--clutter--DujtBoua3CYbGNCJbF_4u_nS4OERHkfDuA2_PmaYkqo-00491.jpg": {"object_bounding_box": [540, 395, 1080, 790], "object_presence": 1}, "P833--my-pill-dosette--clutter--DujtBoua3CYbGNCJbF_4u_nS4OERHkfDuA2_PmaYkqo-00492.jpg": {"object_bounding_box": [540, 389, 1080, 777], "object_presence": 1}, "P833--my-pill-dosette--clutter--DujtBoua3CYbGNCJbF_4u_nS4OERHkfDuA2_PmaYkqo-00493.jpg": {"object_bounding_box": [540, 387, 1080, 775], "object_presence": 1}, "P833--my-pill-dosette--clutter--DujtBoua3CYbGNCJbF_4u_nS4OERHkfDuA2_PmaYkqo-00494.jpg": {"object_bounding_box": [540, 388, 1080, 776], "object_presence": 1}, "P833--my-pill-dosette--clutter--DujtBoua3CYbGNCJbF_4u_nS4OERHkfDuA2_PmaYkqo-00495.jpg": {"object_bounding_box": [540, 388, 1080, 776], "object_presence": 1}, "P833--my-pill-dosette--clutter--DujtBoua3CYbGNCJbF_4u_nS4OERHkfDuA2_PmaYkqo-00496.jpg": {"object_bounding_box": [540, 384, 1080, 768], "object_presence": 1}, "P833--my-pill-dosette--clutter--DujtBoua3CYbGNCJbF_4u_nS4OERHkfDuA2_PmaYkqo-00497.jpg": {"object_bounding_box": [540, 380, 1080, 761], "object_presence": 1}, "P833--my-pill-dosette--clutter--DujtBoua3CYbGNCJbF_4u_nS4OERHkfDuA2_PmaYkqo-00498.jpg": {"object_bounding_box": [540, 378, 1080, 757], "object_presence": 1}, "P833--my-pill-dosette--clutter--DujtBoua3CYbGNCJbF_4u_nS4OERHkfDuA2_PmaYkqo-00499.jpg": {"object_bounding_box": [540, 376, 1080, 751], "object_presence": 1}, "P833--my-pill-dosette--clutter--DujtBoua3CYbGNCJbF_4u_nS4OERHkfDuA2_PmaYkqo-00500.jpg": {"object_bounding_box": [540, 375, 1080, 751], "object_presence": 1}, "P833--my-pill-dosette--clutter--DujtBoua3CYbGNCJbF_4u_nS4OERHkfDuA2_PmaYkqo-00501.jpg": {"object_bounding_box": [540, 376, 1080, 752], "object_presence": 1}, "P833--my-pill-dosette--clutter--DujtBoua3CYbGNCJbF_4u_nS4OERHkfDuA2_PmaYkqo-00502.jpg": {"object_bounding_box": [540, 374, 1080, 748], "object_presence": 1}, "P833--my-pill-dosette--clutter--DujtBoua3CYbGNCJbF_4u_nS4OERHkfDuA2_PmaYkqo-00503.jpg": {"object_bounding_box": [540, 372, 1080, 745], "object_presence": 1}, "P833--my-pill-dosette--clutter--DujtBoua3CYbGNCJbF_4u_nS4OERHkfDuA2_PmaYkqo-00504.jpg": {"object_bounding_box": [540, 371, 1080, 742], "object_presence": 1}, "P833--my-pill-dosette--clutter--DujtBoua3CYbGNCJbF_4u_nS4OERHkfDuA2_PmaYkqo-00505.jpg": {"object_bounding_box": [540, 371, 1080, 742], "object_presence": 1}, "P833--my-pill-dosette--clutter--DujtBoua3CYbGNCJbF_4u_nS4OERHkfDuA2_PmaYkqo-00506.jpg": {"object_bounding_box": [540, 366, 1080, 732], "object_presence": 1}, "P833--my-pill-dosette--clutter--DujtBoua3CYbGNCJbF_4u_nS4OERHkfDuA2_PmaYkqo-00507.jpg": {"object_bounding_box": [540, 368, 1080, 735], "object_presence": 1}, "P833--my-pill-dosette--clutter--DujtBoua3CYbGNCJbF_4u_nS4OERHkfDuA2_PmaYkqo-00508.jpg": {"object_bounding_box": [540, 363, 1080, 726], "object_presence": 1}, "P833--my-pill-dosette--clutter--DujtBoua3CYbGNCJbF_4u_nS4OERHkfDuA2_PmaYkqo-00509.jpg": {"object_bounding_box": [540, 362, 1080, 723], "object_presence": 1}, "P833--my-pill-dosette--clutter--DujtBoua3CYbGNCJbF_4u_nS4OERHkfDuA2_PmaYkqo-00510.jpg": {"object_bounding_box": [540, 359, 1080, 719], "object_presence": 1}, "P833--my-pill-dosette--clutter--DujtBoua3CYbGNCJbF_4u_nS4OERHkfDuA2_PmaYkqo-00511.jpg": {"object_bounding_box": [540, 361, 1080, 722], "object_presence": 1}, "P833--my-pill-dosette--clutter--DujtBoua3CYbGNCJbF_4u_nS4OERHkfDuA2_PmaYkqo-00512.jpg": {"object_bounding_box": [540, 360, 1080, 719], "object_presence": 1}, "P833--my-pill-dosette--clutter--DujtBoua3CYbGNCJbF_4u_nS4OERHkfDuA2_PmaYkqo-00513.jpg": {"object_bounding_box": [540, 363, 1080, 725], "object_presence": 1}, "P833--my-pill-dosette--clutter--DujtBoua3CYbGNCJbF_4u_nS4OERHkfDuA2_PmaYkqo-00514.jpg": {"object_bounding_box": [540, 358, 1080, 717], "object_presence": 1}, "P833--my-pill-dosette--clutter--DujtBoua3CYbGNCJbF_4u_nS4OERHkfDuA2_PmaYkqo-00515.jpg": {"object_bounding_box": [540, 353, 1080, 706], "object_presence": 1}, "P833--my-pill-dosette--clutter--DujtBoua3CYbGNCJbF_4u_nS4OERHkfDuA2_PmaYkqo-00516.jpg": {"object_bounding_box": [540, 347, 1080, 694], "object_presence": 1}, "P833--my-pill-dosette--clutter--DujtBoua3CYbGNCJbF_4u_nS4OERHkfDuA2_PmaYkqo-00517.jpg": {"object_bounding_box": [540, 346, 1080, 692], "object_presence": 1}, "P833--my-pill-dosette--clutter--DujtBoua3CYbGNCJbF_4u_nS4OERHkfDuA2_PmaYkqo-00518.jpg": {"object_bounding_box": [540, 340, 1080, 681], "object_presence": 1}, "P833--my-pill-dosette--clutter--DujtBoua3CYbGNCJbF_4u_nS4OERHkfDuA2_PmaYkqo-00519.jpg": {"object_bounding_box": [540, 344, 1080, 687], "object_presence": 1}, "P833--my-pill-dosette--clutter--DujtBoua3CYbGNCJbF_4u_nS4OERHkfDuA2_PmaYkqo-00520.jpg": {"object_bounding_box": [540, 345, 1080, 690], "object_presence": 1}, "P833--my-pill-dosette--clutter--DujtBoua3CYbGNCJbF_4u_nS4OERHkfDuA2_PmaYkqo-00521.jpg": {"object_bounding_box": [540, 341, 1080, 682], "object_presence": 1}, "P833--my-pill-dosette--clutter--DujtBoua3CYbGNCJbF_4u_nS4OERHkfDuA2_PmaYkqo-00522.jpg": {"object_bounding_box": [540, 339, 1080, 678], "object_presence": 1}, "P833--my-pill-dosette--clutter--DujtBoua3CYbGNCJbF_4u_nS4OERHkfDuA2_PmaYkqo-00523.jpg": {"object_bounding_box": [540, 340, 1080, 681], "object_presence": 1}, "P833--my-pill-dosette--clutter--DujtBoua3CYbGNCJbF_4u_nS4OERHkfDuA2_PmaYkqo-00524.jpg": {"object_bounding_box": [540, 342, 1080, 683], "object_presence": 1}, "P833--my-pill-dosette--clutter--DujtBoua3CYbGNCJbF_4u_nS4OERHkfDuA2_PmaYkqo-00525.jpg": {"object_bounding_box": [540, 340, 1080, 679], "object_presence": 1}, "P833--my-pill-dosette--clutter--DujtBoua3CYbGNCJbF_4u_nS4OERHkfDuA2_PmaYkqo-00526.jpg": {"object_bounding_box": [540, 341, 1080, 683], "object_presence": 1}, "P833--my-pill-dosette--clutter--DujtBoua3CYbGNCJbF_4u_nS4OERHkfDuA2_PmaYkqo-00527.jpg": {"object_bounding_box": [540, 343, 1080, 687], "object_presence": 1}, "P833--my-pill-dosette--clutter--DujtBoua3CYbGNCJbF_4u_nS4OERHkfDuA2_PmaYkqo-00528.jpg": {"object_bounding_box": [540, 345, 1080, 691], "object_presence": 1}, "P833--my-pill-dosette--clutter--DujtBoua3CYbGNCJbF_4u_nS4OERHkfDuA2_PmaYkqo-00529.jpg": {"object_bounding_box": [540, 347, 1080, 693], "object_presence": 1}, "P833--my-pill-dosette--clutter--DujtBoua3CYbGNCJbF_4u_nS4OERHkfDuA2_PmaYkqo-00530.jpg": {"object_bounding_box": [540, 346, 1080, 692], "object_presence": 1}, "P833--my-pill-dosette--clutter--DujtBoua3CYbGNCJbF_4u_nS4OERHkfDuA2_PmaYkqo-00531.jpg": {"object_bounding_box": [540, 345, 1080, 691], "object_presence": 1}, "P833--my-pill-dosette--clutter--DujtBoua3CYbGNCJbF_4u_nS4OERHkfDuA2_PmaYkqo-00532.jpg": {"object_bounding_box": [540, 343, 1080, 685], "object_presence": 1}, "P833--my-pill-dosette--clutter--DujtBoua3CYbGNCJbF_4u_nS4OERHkfDuA2_PmaYkqo-00533.jpg": {"object_bounding_box": [540, 340, 1080, 680], "object_presence": 1}, "P833--my-pill-dosette--clutter--DujtBoua3CYbGNCJbF_4u_nS4OERHkfDuA2_PmaYkqo-00534.jpg": {"object_bounding_box": [540, 339, 1080, 678], "object_presence": 1}, "P833--my-pill-dosette--clutter--DujtBoua3CYbGNCJbF_4u_nS4OERHkfDuA2_PmaYkqo-00535.jpg": {"object_bounding_box": [540, 338, 1080, 676], "object_presence": 1}, "P833--my-pill-dosette--clutter--DujtBoua3CYbGNCJbF_4u_nS4OERHkfDuA2_PmaYkqo-00536.jpg": {"object_bounding_box": [540, 335, 1080, 670], "object_presence": 1}, "P833--my-pill-dosette--clutter--DujtBoua3CYbGNCJbF_4u_nS4OERHkfDuA2_PmaYkqo-00537.jpg": {"object_bounding_box": [540, 335, 1080, 670], "object_presence": 1}, "P833--my-pill-dosette--clutter--DujtBoua3CYbGNCJbF_4u_nS4OERHkfDuA2_PmaYkqo-00538.jpg": {"object_bounding_box": [540, 333, 1080, 667], "object_presence": 1}, "P833--my-pill-dosette--clutter--DujtBoua3CYbGNCJbF_4u_nS4OERHkfDuA2_PmaYkqo-00539.jpg": {"object_bounding_box": [540, 332, 1080, 665], "object_presence": 1}, "P833--my-pill-dosette--clutter--DujtBoua3CYbGNCJbF_4u_nS4OERHkfDuA2_PmaYkqo-00540.jpg": {"object_bounding_box": [540, 332, 1080, 665], "object_presence": 1}, "P833--my-pill-dosette--clutter--DujtBoua3CYbGNCJbF_4u_nS4OERHkfDuA2_PmaYkqo-00541.jpg": {"object_bounding_box": [540, 329, 1080, 659], "object_presence": 1}, "P833--my-pill-dosette--clutter--DujtBoua3CYbGNCJbF_4u_nS4OERHkfDuA2_PmaYkqo-00542.jpg": {"object_bounding_box": [540, 331, 1080, 662], "object_presence": 1}, "P833--my-pill-dosette--clutter--DujtBoua3CYbGNCJbF_4u_nS4OERHkfDuA2_PmaYkqo-00543.jpg": {"object_bounding_box": [540, 332, 1080, 665], "object_presence": 1}, "P833--my-pill-dosette--clutter--DujtBoua3CYbGNCJbF_4u_nS4OERHkfDuA2_PmaYkqo-00544.jpg": {"object_bounding_box": [540, 330, 1080, 660], "object_presence": 1}, "P833--my-pill-dosette--clutter--DujtBoua3CYbGNCJbF_4u_nS4OERHkfDuA2_PmaYkqo-00545.jpg": {"object_bounding_box": [540, 328, 1080, 656], "object_presence": 1}, "P833--my-pill-dosette--clutter--DujtBoua3CYbGNCJbF_4u_nS4OERHkfDuA2_PmaYkqo-00546.jpg": {"object_bounding_box": [540, 329, 1080, 659], "object_presence": 1}, "P833--my-pill-dosette--clutter--DujtBoua3CYbGNCJbF_4u_nS4OERHkfDuA2_PmaYkqo-00547.jpg": {"object_bounding_box": [540, 326, 1080, 651], "object_presence": 1}, "P833--my-pill-dosette--clutter--DujtBoua3CYbGNCJbF_4u_nS4OERHkfDuA2_PmaYkqo-00548.jpg": {"object_bounding_box": [540, 324, 1080, 647], "object_presence": 1}, "P833--my-pill-dosette--clutter--DujtBoua3CYbGNCJbF_4u_nS4OERHkfDuA2_PmaYkqo-00549.jpg": {"object_bounding_box": [540, 325, 1080, 651], "object_presence": 1}, "P833--my-pill-dosette--clutter--DujtBoua3CYbGNCJbF_4u_nS4OERHkfDuA2_PmaYkqo-00550.jpg": {"object_bounding_box": [540, 322, 1080, 644], "object_presence": 1}, "P833--my-pill-dosette--clutter--DujtBoua3CYbGNCJbF_4u_nS4OERHkfDuA2_PmaYkqo-00551.jpg": {"object_bounding_box": [540, 320, 1080, 641], "object_presence": 1}, "P833--my-pill-dosette--clutter--DujtBoua3CYbGNCJbF_4u_nS4OERHkfDuA2_PmaYkqo-00552.jpg": {"object_bounding_box": [540, 319, 1080, 637], "object_presence": 1}, "P833--my-pill-dosette--clutter--DujtBoua3CYbGNCJbF_4u_nS4OERHkfDuA2_PmaYkqo-00553.jpg": {"object_bounding_box": [540, 314, 1080, 628], "object_presence": 1}, "P833--my-pill-dosette--clutter--DujtBoua3CYbGNCJbF_4u_nS4OERHkfDuA2_PmaYkqo-00554.jpg": {"object_bounding_box": [540, 312, 1080, 624], "object_presence": 1}, "P833--my-pill-dosette--clutter--DujtBoua3CYbGNCJbF_4u_nS4OERHkfDuA2_PmaYkqo-00555.jpg": {"object_bounding_box": [540, 305, 1080, 611], "object_presence": 1}, "P833--my-pill-dosette--clutter--DujtBoua3CYbGNCJbF_4u_nS4OERHkfDuA2_PmaYkqo-00556.jpg": {"object_bounding_box": [540, 302, 1080, 605], "object_presence": 1}, "P833--my-pill-dosette--clutter--DujtBoua3CYbGNCJbF_4u_nS4OERHkfDuA2_PmaYkqo-00557.jpg": {"object_bounding_box": [540, 298, 1080, 595], "object_presence": 1}, "P833--my-pill-dosette--clutter--DujtBoua3CYbGNCJbF_4u_nS4OERHkfDuA2_PmaYkqo-00558.jpg": {"object_bounding_box": [540, 297, 1080, 594], "object_presence": 1}, "P833--my-pill-dosette--clutter--DujtBoua3CYbGNCJbF_4u_nS4OERHkfDuA2_PmaYkqo-00559.jpg": {"object_bounding_box": [540, 295, 1080, 590], "object_presence": 1}, "P833--my-pill-dosette--clutter--DujtBoua3CYbGNCJbF_4u_nS4OERHkfDuA2_PmaYkqo-00560.jpg": {"object_bounding_box": [540, 295, 1080, 590], "object_presence": 1}, "P833--my-pill-dosette--clutter--DujtBoua3CYbGNCJbF_4u_nS4OERHkfDuA2_PmaYkqo-00561.jpg": {"object_bounding_box": [540, 291, 1080, 582], "object_presence": 1}, "P833--my-pill-dosette--clutter--DujtBoua3CYbGNCJbF_4u_nS4OERHkfDuA2_PmaYkqo-00562.jpg": {"object_bounding_box": [540, 286, 1080, 573], "object_presence": 1}, "P833--my-pill-dosette--clutter--DujtBoua3CYbGNCJbF_4u_nS4OERHkfDuA2_PmaYkqo-00563.jpg": {"object_bounding_box": [540, 285, 1080, 570], "object_presence": 1}, "P833--my-pill-dosette--clutter--DujtBoua3CYbGNCJbF_4u_nS4OERHkfDuA2_PmaYkqo-00564.jpg": {"object_bounding_box": [540, 284, 1080, 568], "object_presence": 1}, "P833--my-pill-dosette--clutter--DujtBoua3CYbGNCJbF_4u_nS4OERHkfDuA2_PmaYkqo-00565.jpg": {"object_bounding_box": [540, 279, 1080, 559], "object_presence": 1}, "P833--my-pill-dosette--clutter--DujtBoua3CYbGNCJbF_4u_nS4OERHkfDuA2_PmaYkqo-00566.jpg": {"object_bounding_box": [540, 275, 1080, 550], "object_presence": 1}, "P833--my-pill-dosette--clutter--DujtBoua3CYbGNCJbF_4u_nS4OERHkfDuA2_PmaYkqo-00567.jpg": {"object_bounding_box": [540, 275, 1080, 551], "object_presence": 1}, "P833--my-pill-dosette--clutter--DujtBoua3CYbGNCJbF_4u_nS4OERHkfDuA2_PmaYkqo-00568.jpg": {"object_bounding_box": [540, 273, 1080, 545], "object_presence": 1}, "P833--my-pill-dosette--clutter--DujtBoua3CYbGNCJbF_4u_nS4OERHkfDuA2_PmaYkqo-00569.jpg": {"object_bounding_box": [540, 269, 1080, 537], "object_presence": 1}, "P833--my-pill-dosette--clutter--DujtBoua3CYbGNCJbF_4u_nS4OERHkfDuA2_PmaYkqo-00570.jpg": {"object_bounding_box": [540, 269, 1080, 537], "object_presence": 1}, "P833--my-pill-dosette--clutter--DujtBoua3CYbGNCJbF_4u_nS4OERHkfDuA2_PmaYkqo-00571.jpg": {"object_bounding_box": [540, 269, 1080, 537], "object_presence": 1}, "P833--my-pill-dosette--clutter--DujtBoua3CYbGNCJbF_4u_nS4OERHkfDuA2_PmaYkqo-00572.jpg": {"object_bounding_box": [540, 264, 1080, 528], "object_presence": 1}, "P833--my-pill-dosette--clutter--DujtBoua3CYbGNCJbF_4u_nS4OERHkfDuA2_PmaYkqo-00573.jpg": {"object_bounding_box": [540, 262, 1080, 524], "object_presence": 1}, "P833--my-pill-dosette--clutter--DujtBoua3CYbGNCJbF_4u_nS4OERHkfDuA2_PmaYkqo-00574.jpg": {"object_bounding_box": [540, 262, 1080, 524], "object_presence": 1}, "P833--my-pill-dosette--clutter--DujtBoua3CYbGNCJbF_4u_nS4OERHkfDuA2_PmaYkqo-00575.jpg": {"object_bounding_box": [540, 262, 1080, 524], "object_presence": 1}, "P833--my-pill-dosette--clutter--DujtBoua3CYbGNCJbF_4u_nS4OERHkfDuA2_PmaYkqo-00576.jpg": {"object_bounding_box": [540, 262, 1080, 524], "object_presence": 1}, "P833--my-pill-dosette--clutter--DujtBoua3CYbGNCJbF_4u_nS4OERHkfDuA2_PmaYkqo-00577.jpg": {"object_bounding_box": [540, 262, 1080, 524], "object_presence": 1}, "P833--my-pill-dosette--clutter--DujtBoua3CYbGNCJbF_4u_nS4OERHkfDuA2_PmaYkqo-00578.jpg": {"object_bounding_box": [540, 262, 1080, 524], "object_presence": 1}, "P833--my-pill-dosette--clutter--DujtBoua3CYbGNCJbF_4u_nS4OERHkfDuA2_PmaYkqo-00579.jpg": {"object_bounding_box": [540, 262, 1080, 524], "object_presence": 1}, "P833--my-pill-dosette--clutter--DujtBoua3CYbGNCJbF_4u_nS4OERHkfDuA2_PmaYkqo-00580.jpg": {"object_bounding_box": [540, 262, 1080, 524], "object_presence": 1}, "P833--my-pill-dosette--clutter--DujtBoua3CYbGNCJbF_4u_nS4OERHkfDuA2_PmaYkqo-00581.jpg": {"object_bounding_box": [540, 262, 1080, 524], "object_presence": 1}, "P833--my-pill-dosette--clutter--DujtBoua3CYbGNCJbF_4u_nS4OERHkfDuA2_PmaYkqo-00582.jpg": {"object_bounding_box": [540, 262, 1080, 524], "object_presence": 1}, "P833--my-pill-dosette--clutter--DujtBoua3CYbGNCJbF_4u_nS4OERHkfDuA2_PmaYkqo-00583.jpg": {"object_bounding_box": [540, 262, 1080, 524], "object_presence": 1}, "P833--my-pill-dosette--clutter--DujtBoua3CYbGNCJbF_4u_nS4OERHkfDuA2_PmaYkqo-00584.jpg": {"object_bounding_box": [540, 265, 1080, 529], "object_presence": 1}, "P833--my-pill-dosette--clutter--DujtBoua3CYbGNCJbF_4u_nS4OERHkfDuA2_PmaYkqo-00585.jpg": {"object_bounding_box": [540, 265, 1080, 529], "object_presence": 1}, "P833--my-pill-dosette--clutter--DujtBoua3CYbGNCJbF_4u_nS4OERHkfDuA2_PmaYkqo-00586.jpg": {"object_bounding_box": [540, 265, 1080, 529], "object_presence": 1}, "P833--my-pill-dosette--clutter--DujtBoua3CYbGNCJbF_4u_nS4OERHkfDuA2_PmaYkqo-00587.jpg": {"object_bounding_box": [540, 265, 1080, 529], "object_presence": 1}, "P833--my-pill-dosette--clutter--DujtBoua3CYbGNCJbF_4u_nS4OERHkfDuA2_PmaYkqo-00588.jpg": {"object_bounding_box": [540, 265, 1080, 529], "object_presence": 1}, "P833--my-pill-dosette--clutter--DujtBoua3CYbGNCJbF_4u_nS4OERHkfDuA2_PmaYkqo-00589.jpg": {"object_bounding_box": [540, 265, 1080, 530], "object_presence": 1}, "P833--my-pill-dosette--clutter--DujtBoua3CYbGNCJbF_4u_nS4OERHkfDuA2_PmaYkqo-00590.jpg": {"object_bounding_box": [540, 268, 1080, 536], "object_presence": 1}, "P833--my-pill-dosette--clutter--DujtBoua3CYbGNCJbF_4u_nS4OERHkfDuA2_PmaYkqo-00591.jpg": {"object_bounding_box": [540, 268, 1080, 536], "object_presence": 1}, "P833--my-pill-dosette--clutter--DujtBoua3CYbGNCJbF_4u_nS4OERHkfDuA2_PmaYkqo-00592.jpg": {"object_bounding_box": [540, 269, 1080, 538], "object_presence": 1}, "P833--my-pill-dosette--clutter--DujtBoua3CYbGNCJbF_4u_nS4OERHkfDuA2_PmaYkqo-00593.jpg": {"object_bounding_box": [540, 270, 1080, 540], "object_presence": 1}, "P833--my-pill-dosette--clutter--DujtBoua3CYbGNCJbF_4u_nS4OERHkfDuA2_PmaYkqo-00594.jpg": {"object_bounding_box": [540, 270, 1080, 540], "object_presence": 1}, "P833--my-pill-dosette--clutter--DujtBoua3CYbGNCJbF_4u_nS4OERHkfDuA2_PmaYkqo-00595.jpg": {"object_bounding_box": [540, 271, 1080, 542], "object_presence": 1}, "P833--my-pill-dosette--clutter--DujtBoua3CYbGNCJbF_4u_nS4OERHkfDuA2_PmaYkqo-00596.jpg": {"object_bounding_box": [540, 271, 1080, 542], "object_presence": 1}, "P833--my-pill-dosette--clutter--DujtBoua3CYbGNCJbF_4u_nS4OERHkfDuA2_PmaYkqo-00597.jpg": {"object_bounding_box": [540, 274, 1080, 549], "object_presence": 1}, "P833--my-pill-dosette--clutter--DujtBoua3CYbGNCJbF_4u_nS4OERHkfDuA2_PmaYkqo-00598.jpg": {"object_bounding_box": [540, 277, 1080, 554], "object_presence": 1}, "P833--my-pill-dosette--clutter--DujtBoua3CYbGNCJbF_4u_nS4OERHkfDuA2_PmaYkqo-00599.jpg": {"object_bounding_box": [540, 278, 1080, 556], "object_presence": 1}, "P833--my-pill-dosette--clutter--DujtBoua3CYbGNCJbF_4u_nS4OERHkfDuA2_PmaYkqo-00600.jpg": {"object_bounding_box": [540, 280, 1080, 559], "object_presence": 1}}