{"P940--apple-airpods--clutter--5-6kibSKhuWLF3QF4lqGU4e4PTeksp55EROMsjLqies-00001.jpg": {"object_bounding_box": [408, 477, 119, 126], "object_presence": 1}, "P940--apple-airpods--clutter--5-6kibSKhuWLF3QF4lqGU4e4PTeksp55EROMsjLqies-00002.jpg": {"object_bounding_box": [408, 477, 118, 127], "object_presence": 1}, "P940--apple-airpods--clutter--5-6kibSKhuWLF3QF4lqGU4e4PTeksp55EROMsjLqies-00003.jpg": {"object_bounding_box": [430, 496, 123, 136], "object_presence": 1}, "P940--apple-airpods--clutter--5-6kibSKhuWLF3QF4lqGU4e4PTeksp55EROMsjLqies-00004.jpg": {"object_bounding_box": [468, 522, 127, 131], "object_presence": 1}, "P940--apple-airpods--clutter--5-6kibSKhuWLF3QF4lqGU4e4PTeksp55EROMsjLqies-00005.jpg": {"object_bounding_box": [427, 494, 149, 152], "object_presence": 1}, "P940--apple-airpods--clutter--5-6kibSKhuWLF3QF4lqGU4e4PTeksp55EROMsjLqies-00006.jpg": {"object_bounding_box": [395, 457, 118, 142], "object_presence": 1}, "P940--apple-airpods--clutter--5-6kibSKhuWLF3QF4lqGU4e4PTeksp55EROMsjLqies-00007.jpg": {"object_bounding_box": [402, 451, 117, 129], "object_presence": 1}, "P940--apple-airpods--clutter--5-6kibSKhuWLF3QF4lqGU4e4PTeksp55EROMsjLqies-00008.jpg": {"object_bounding_box": [433, 468, 126, 141], "object_presence": 1}, "P940--apple-airpods--clutter--5-6kibSKhuWLF3QF4lqGU4e4PTeksp55EROMsjLqies-00009.jpg": {"object_bounding_box": [454, 497, 120, 131], "object_presence": 1}, "P940--apple-airpods--clutter--5-6kibSKhuWLF3QF4lqGU4e4PTeksp55EROMsjLqies-00010.jpg": {"object_bounding_box": [438, 506, 121, 128], "object_presence": 1}, "P940--apple-airpods--clutter--5-6kibSKhuWLF3QF4lqGU4e4PTeksp55EROMsjLqies-00011.jpg": {"object_bounding_box": [430, 510, 130, 130], "object_presence": 1}, "P940--apple-airpods--clutter--5-6kibSKhuWLF3QF4lqGU4e4PTeksp55EROMsjLqies-00012.jpg": {"object_bounding_box": [392, 520, 138, 133], "object_presence": 1}, "P940--apple-airpods--clutter--5-6kibSKhuWLF3QF4lqGU4e4PTeksp55EROMsjLqies-00013.jpg": {"object_bounding_box": [389, 530, 133, 132], "object_presence": 1}, "P940--apple-airpods--clutter--5-6kibSKhuWLF3QF4lqGU4e4PTeksp55EROMsjLqies-00014.jpg": {"object_bounding_box": [419, 529, 142, 136], "object_presence": 1}, "P940--apple-airpods--clutter--5-6kibSKhuWLF3QF4lqGU4e4PTeksp55EROMsjLqies-00015.jpg": {"object_bounding_box": [305, 405, 197, 207], "object_presence": 1}, "P940--apple-airpods--clutter--5-6kibSKhuWLF3QF4lqGU4e4PTeksp55EROMsjLqies-00016.jpg": {"object_bounding_box": [256, 370, 138, 143], "object_presence": 1}, "P940--apple-airpods--clutter--5-6kibSKhuWLF3QF4lqGU4e4PTeksp55EROMsjLqies-00017.jpg": {"object_bounding_box": [267, 369, 147, 139], "object_presence": 1}, "P940--apple-airpods--clutter--5-6kibSKhuWLF3QF4lqGU4e4PTeksp55EROMsjLqies-00018.jpg": {"object_bounding_box": [359, 366, 182, 144], "object_presence": 1}, "P940--apple-airpods--clutter--5-6kibSKhuWLF3QF4lqGU4e4PTeksp55EROMsjLqies-00019.jpg": {"object_bounding_box": [441, 330, 136, 154], "object_presence": 1}, "P940--apple-airpods--clutter--5-6kibSKhuWLF3QF4lqGU4e4PTeksp55EROMsjLqies-00020.jpg": {"object_bounding_box": [448, 332, 144, 159], "object_presence": 1}, "P940--apple-airpods--clutter--5-6kibSKhuWLF3QF4lqGU4e4PTeksp55EROMsjLqies-00021.jpg": {"object_bounding_box": [397, 395, 139, 176], "object_presence": 1}, "P940--apple-airpods--clutter--5-6kibSKhuWLF3QF4lqGU4e4PTeksp55EROMsjLqies-00022.jpg": {"object_bounding_box": [389, 472, 131, 168], "object_presence": 1}, "P940--apple-airpods--clutter--5-6kibSKhuWLF3QF4lqGU4e4PTeksp55EROMsjLqies-00023.jpg": {"object_bounding_box": [413, 520, 132, 160], "object_presence": 1}, "P940--apple-airpods--clutter--5-6kibSKhuWLF3QF4lqGU4e4PTeksp55EROMsjLqies-00024.jpg": {"object_bounding_box": [426, 560, 130, 163], "object_presence": 1}, "P940--apple-airpods--clutter--5-6kibSKhuWLF3QF4lqGU4e4PTeksp55EROMsjLqies-00025.jpg": {"object_bounding_box": [415, 602, 137, 161], "object_presence": 1}, "P940--apple-airpods--clutter--5-6kibSKhuWLF3QF4lqGU4e4PTeksp55EROMsjLqies-00026.jpg": {"object_bounding_box": [398, 627, 143, 154], "object_presence": 1}, "P940--apple-airpods--clutter--5-6kibSKhuWLF3QF4lqGU4e4PTeksp55EROMsjLqies-00027.jpg": {"object_bounding_box": [376, 629, 147, 155], "object_presence": 1}, "P940--apple-airpods--clutter--5-6kibSKhuWLF3QF4lqGU4e4PTeksp55EROMsjLqies-00028.jpg": {"object_bounding_box": [344, 627, 151, 161], "object_presence": 1}, "P940--apple-airpods--clutter--5-6kibSKhuWLF3QF4lqGU4e4PTeksp55EROMsjLqies-00029.jpg": {"object_bounding_box": [343, 625, 152, 166], "object_presence": 1}, "P940--apple-airpods--clutter--5-6kibSKhuWLF3QF4lqGU4e4PTeksp55EROMsjLqies-00030.jpg": {"object_bounding_box": [351, 621, 157, 171], "object_presence": 1}, "P940--apple-airpods--clutter--5-6kibSKhuWLF3QF4lqGU4e4PTeksp55EROMsjLqies-00031.jpg": {"object_bounding_box": [336, 619, 167, 174], "object_presence": 1}, "P940--apple-airpods--clutter--5-6kibSKhuWLF3QF4lqGU4e4PTeksp55EROMsjLqies-00032.jpg": {"object_bounding_box": [313, 612, 165, 180], "object_presence": 1}, "P940--apple-airpods--clutter--5-6kibSKhuWLF3QF4lqGU4e4PTeksp55EROMsjLqies-00033.jpg": {"object_bounding_box": [296, 605, 172, 185], "object_presence": 1}, "P940--apple-airpods--clutter--5-6kibSKhuWLF3QF4lqGU4e4PTeksp55EROMsjLqies-00034.jpg": {"object_bounding_box": [288, 602, 175, 190], "object_presence": 1}, "P940--apple-airpods--clutter--5-6kibSKhuWLF3QF4lqGU4e4PTeksp55EROMsjLqies-00035.jpg": {"object_bounding_box": [286, 594, 177, 194], "object_presence": 1}, "P940--apple-airpods--clutter--5-6kibSKhuWLF3QF4lqGU4e4PTeksp55EROMsjLqies-00036.jpg": {"object_bounding_box": [279, 584, 181, 198], "object_presence": 1}, "P940--apple-airpods--clutter--5-6kibSKhuWLF3QF4lqGU4e4PTeksp55EROMsjLqies-00037.jpg": {"object_bounding_box": [271, 579, 185, 204], "object_presence": 1}, "P940--apple-airpods--clutter--5-6kibSKhuWLF3QF4lqGU4e4PTeksp55EROMsjLqies-00038.jpg": {"object_bounding_box": [275, 581, 187, 204], "object_presence": 1}, "P940--apple-airpods--clutter--5-6kibSKhuWLF3QF4lqGU4e4PTeksp55EROMsjLqies-00039.jpg": {"object_bounding_box": [300, 582, 189, 206], "object_presence": 1}, "P940--apple-airpods--clutter--5-6kibSKhuWLF3QF4lqGU4e4PTeksp55EROMsjLqies-00040.jpg": {"object_bounding_box": [322, 582, 193, 207], "object_presence": 1}, "P940--apple-airpods--clutter--5-6kibSKhuWLF3QF4lqGU4e4PTeksp55EROMsjLqies-00041.jpg": {"object_bounding_box": [354, 577, 188, 208], "object_presence": 1}, "P940--apple-airpods--clutter--5-6kibSKhuWLF3QF4lqGU4e4PTeksp55EROMsjLqies-00042.jpg": {"object_bounding_box": [378, 571, 191, 211], "object_presence": 1}, "P940--apple-airpods--clutter--5-6kibSKhuWLF3QF4lqGU4e4PTeksp55EROMsjLqies-00043.jpg": {"object_bounding_box": [386, 561, 193, 212], "object_presence": 1}, "P940--apple-airpods--clutter--5-6kibSKhuWLF3QF4lqGU4e4PTeksp55EROMsjLqies-00044.jpg": {"object_bounding_box": [396, 547, 195, 213], "object_presence": 1}, "P940--apple-airpods--clutter--5-6kibSKhuWLF3QF4lqGU4e4PTeksp55EROMsjLqies-00045.jpg": {"object_bounding_box": [408, 535, 193, 214], "object_presence": 1}, "P940--apple-airpods--clutter--5-6kibSKhuWLF3QF4lqGU4e4PTeksp55EROMsjLqies-00046.jpg": {"object_bounding_box": [415, 515, 196, 217], "object_presence": 1}, "P940--apple-airpods--clutter--5-6kibSKhuWLF3QF4lqGU4e4PTeksp55EROMsjLqies-00047.jpg": {"object_bounding_box": [421, 501, 201, 217], "object_presence": 1}, "P940--apple-airpods--clutter--5-6kibSKhuWLF3QF4lqGU4e4PTeksp55EROMsjLqies-00048.jpg": {"object_bounding_box": [428, 478, 201, 222], "object_presence": 1}, "P940--apple-airpods--clutter--5-6kibSKhuWLF3QF4lqGU4e4PTeksp55EROMsjLqies-00049.jpg": {"object_bounding_box": [433, 456, 204, 224], "object_presence": 1}, "P940--apple-airpods--clutter--5-6kibSKhuWLF3QF4lqGU4e4PTeksp55EROMsjLqies-00050.jpg": {"object_bounding_box": [443, 440, 205, 220], "object_presence": 1}, "P940--apple-airpods--clutter--5-6kibSKhuWLF3QF4lqGU4e4PTeksp55EROMsjLqies-00051.jpg": {"object_bounding_box": [462, 435, 206, 224], "object_presence": 1}, "P940--apple-airpods--clutter--5-6kibSKhuWLF3QF4lqGU4e4PTeksp55EROMsjLqies-00052.jpg": {"object_bounding_box": [475, 446, 205, 228], "object_presence": 1}, "P940--apple-airpods--clutter--5-6kibSKhuWLF3QF4lqGU4e4PTeksp55EROMsjLqies-00053.jpg": {"object_bounding_box": [491, 466, 204, 222], "object_presence": 1}, "P940--apple-airpods--clutter--5-6kibSKhuWLF3QF4lqGU4e4PTeksp55EROMsjLqies-00054.jpg": {"object_bounding_box": [507, 469, 210, 223], "object_presence": 1}, "P940--apple-airpods--clutter--5-6kibSKhuWLF3QF4lqGU4e4PTeksp55EROMsjLqies-00055.jpg": {"object_bounding_box": [521, 469, 211, 224], "object_presence": 1}, "P940--apple-airpods--clutter--5-6kibSKhuWLF3QF4lqGU4e4PTeksp55EROMsjLqies-00056.jpg": {"object_bounding_box": [531, 469, 213, 224], "object_presence": 1}, "P940--apple-airpods--clutter--5-6kibSKhuWLF3QF4lqGU4e4PTeksp55EROMsjLqies-00057.jpg": {"object_bounding_box": [544, 469, 215, 225], "object_presence": 1}, "P940--apple-airpods--clutter--5-6kibSKhuWLF3QF4lqGU4e4PTeksp55EROMsjLqies-00058.jpg": {"object_bounding_box": [554, 465, 216, 228], "object_presence": 1}, "P940--apple-airpods--clutter--5-6kibSKhuWLF3QF4lqGU4e4PTeksp55EROMsjLqies-00059.jpg": {"object_bounding_box": [560, 459, 218, 231], "object_presence": 1}, "P940--apple-airpods--clutter--5-6kibSKhuWLF3QF4lqGU4e4PTeksp55EROMsjLqies-00060.jpg": {"object_bounding_box": [562, 454, 218, 235], "object_presence": 1}, "P940--apple-airpods--clutter--5-6kibSKhuWLF3QF4lqGU4e4PTeksp55EROMsjLqies-00061.jpg": {"object_bounding_box": [563, 458, 220, 236], "object_presence": 1}, "P940--apple-airpods--clutter--5-6kibSKhuWLF3QF4lqGU4e4PTeksp55EROMsjLqies-00062.jpg": {"object_bounding_box": [566, 469, 220, 237], "object_presence": 1}, "P940--apple-airpods--clutter--5-6kibSKhuWLF3QF4lqGU4e4PTeksp55EROMsjLqies-00063.jpg": {"object_bounding_box": [564, 487, 221, 238], "object_presence": 1}, "P940--apple-airpods--clutter--5-6kibSKhuWLF3QF4lqGU4e4PTeksp55EROMsjLqies-00064.jpg": {"object_bounding_box": [556, 504, 223, 240], "object_presence": 1}, "P940--apple-airpods--clutter--5-6kibSKhuWLF3QF4lqGU4e4PTeksp55EROMsjLqies-00065.jpg": {"object_bounding_box": [539, 519, 224, 237], "object_presence": 1}, "P940--apple-airpods--clutter--5-6kibSKhuWLF3QF4lqGU4e4PTeksp55EROMsjLqies-00066.jpg": {"object_bounding_box": [523, 532, 223, 236], "object_presence": 1}, "P940--apple-airpods--clutter--5-6kibSKhuWLF3QF4lqGU4e4PTeksp55EROMsjLqies-00067.jpg": {"object_bounding_box": [510, 540, 221, 236], "object_presence": 1}, "P940--apple-airpods--clutter--5-6kibSKhuWLF3QF4lqGU4e4PTeksp55EROMsjLqies-00068.jpg": {"object_bounding_box": [505, 542, 221, 237], "object_presence": 1}, "P940--apple-airpods--clutter--5-6kibSKhuWLF3QF4lqGU4e4PTeksp55EROMsjLqies-00069.jpg": {"object_bounding_box": [497, 541, 221, 239], "object_presence": 1}, "P940--apple-airpods--clutter--5-6kibSKhuWLF3QF4lqGU4e4PTeksp55EROMsjLqies-00070.jpg": {"object_bounding_box": [490, 534, 222, 239], "object_presence": 1}, "P940--apple-airpods--clutter--5-6kibSKhuWLF3QF4lqGU4e4PTeksp55EROMsjLqies-00071.jpg": {"object_bounding_box": [487, 523, 223, 240], "object_presence": 1}, "P940--apple-airpods--clutter--5-6kibSKhuWLF3QF4lqGU4e4PTeksp55EROMsjLqies-00072.jpg": {"object_bounding_box": [484, 512, 226, 241], "object_presence": 1}, "P940--apple-airpods--clutter--5-6kibSKhuWLF3QF4lqGU4e4PTeksp55EROMsjLqies-00073.jpg": {"object_bounding_box": [483, 502, 225, 241], "object_presence": 1}, "P940--apple-airpods--clutter--5-6kibSKhuWLF3QF4lqGU4e4PTeksp55EROMsjLqies-00074.jpg": {"object_bounding_box": [487, 491, 226, 243], "object_presence": 1}, "P940--apple-airpods--clutter--5-6kibSKhuWLF3QF4lqGU4e4PTeksp55EROMsjLqies-00075.jpg": {"object_bounding_box": [490, 484, 226, 243], "object_presence": 1}, "P940--apple-airpods--clutter--5-6kibSKhuWLF3QF4lqGU4e4PTeksp55EROMsjLqies-00076.jpg": {"object_bounding_box": [492, 482, 225, 245], "object_presence": 1}, "P940--apple-airpods--clutter--5-6kibSKhuWLF3QF4lqGU4e4PTeksp55EROMsjLqies-00077.jpg": {"object_bounding_box": [495, 484, 226, 244], "object_presence": 1}, "P940--apple-airpods--clutter--5-6kibSKhuWLF3QF4lqGU4e4PTeksp55EROMsjLqies-00078.jpg": {"object_bounding_box": [495, 493, 226, 244], "object_presence": 1}, "P940--apple-airpods--clutter--5-6kibSKhuWLF3QF4lqGU4e4PTeksp55EROMsjLqies-00079.jpg": {"object_bounding_box": [491, 502, 225, 242], "object_presence": 1}, "P940--apple-airpods--clutter--5-6kibSKhuWLF3QF4lqGU4e4PTeksp55EROMsjLqies-00080.jpg": {"object_bounding_box": [487, 510, 226, 245], "object_presence": 1}, "P940--apple-airpods--clutter--5-6kibSKhuWLF3QF4lqGU4e4PTeksp55EROMsjLqies-00081.jpg": {"object_bounding_box": [480, 517, 226, 247], "object_presence": 1}, "P940--apple-airpods--clutter--5-6kibSKhuWLF3QF4lqGU4e4PTeksp55EROMsjLqies-00082.jpg": {"object_bounding_box": [475, 520, 225, 247], "object_presence": 1}, "P940--apple-airpods--clutter--5-6kibSKhuWLF3QF4lqGU4e4PTeksp55EROMsjLqies-00083.jpg": {"object_bounding_box": [471, 523, 227, 245], "object_presence": 1}, "P940--apple-airpods--clutter--5-6kibSKhuWLF3QF4lqGU4e4PTeksp55EROMsjLqies-00084.jpg": {"object_bounding_box": [471, 521, 225, 245], "object_presence": 1}, "P940--apple-airpods--clutter--5-6kibSKhuWLF3QF4lqGU4e4PTeksp55EROMsjLqies-00085.jpg": {"object_bounding_box": [471, 520, 225, 244], "object_presence": 1}, "P940--apple-airpods--clutter--5-6kibSKhuWLF3QF4lqGU4e4PTeksp55EROMsjLqies-00086.jpg": {"object_bounding_box": [474, 518, 227, 243], "object_presence": 1}, "P940--apple-airpods--clutter--5-6kibSKhuWLF3QF4lqGU4e4PTeksp55EROMsjLqies-00087.jpg": {"object_bounding_box": [483, 511, 225, 243], "object_presence": 1}, "P940--apple-airpods--clutter--5-6kibSKhuWLF3QF4lqGU4e4PTeksp55EROMsjLqies-00088.jpg": {"object_bounding_box": [488, 505, 225, 241], "object_presence": 1}, "P940--apple-airpods--clutter--5-6kibSKhuWLF3QF4lqGU4e4PTeksp55EROMsjLqies-00089.jpg": {"object_bounding_box": [498, 502, 224, 242], "object_presence": 1}, "P940--apple-airpods--clutter--5-6kibSKhuWLF3QF4lqGU4e4PTeksp55EROMsjLqies-00090.jpg": {"object_bounding_box": [505, 502, 225, 242], "object_presence": 1}, "P940--apple-airpods--clutter--5-6kibSKhuWLF3QF4lqGU4e4PTeksp55EROMsjLqies-00091.jpg": {"object_bounding_box": [517, 507, 223, 239], "object_presence": 1}, "P940--apple-airpods--clutter--5-6kibSKhuWLF3QF4lqGU4e4PTeksp55EROMsjLqies-00092.jpg": {"object_bounding_box": [526, 508, 223, 238], "object_presence": 1}, "P940--apple-airpods--clutter--5-6kibSKhuWLF3QF4lqGU4e4PTeksp55EROMsjLqies-00093.jpg": {"object_bounding_box": [533, 509, 224, 240], "object_presence": 1}, "P940--apple-airpods--clutter--5-6kibSKhuWLF3QF4lqGU4e4PTeksp55EROMsjLqies-00094.jpg": {"object_bounding_box": [537, 514, 225, 240], "object_presence": 1}, "P940--apple-airpods--clutter--5-6kibSKhuWLF3QF4lqGU4e4PTeksp55EROMsjLqies-00095.jpg": {"object_bounding_box": [542, 520, 223, 239], "object_presence": 1}, "P940--apple-airpods--clutter--5-6kibSKhuWLF3QF4lqGU4e4PTeksp55EROMsjLqies-00096.jpg": {"object_bounding_box": [544, 528, 223, 238], "object_presence": 1}, "P940--apple-airpods--clutter--5-6kibSKhuWLF3QF4lqGU4e4PTeksp55EROMsjLqies-00097.jpg": {"object_bounding_box": [546, 533, 222, 236], "object_presence": 1}, "P940--apple-airpods--clutter--5-6kibSKhuWLF3QF4lqGU4e4PTeksp55EROMsjLqies-00098.jpg": {"object_bounding_box": [546, 535, 219, 235], "object_presence": 1}, "P940--apple-airpods--clutter--5-6kibSKhuWLF3QF4lqGU4e4PTeksp55EROMsjLqies-00099.jpg": {"object_bounding_box": [547, 540, 219, 234], "object_presence": 1}, "P940--apple-airpods--clutter--5-6kibSKhuWLF3QF4lqGU4e4PTeksp55EROMsjLqies-00100.jpg": {"object_bounding_box": [547, 550, 216, 233], "object_presence": 1}, "P940--apple-airpods--clutter--5-6kibSKhuWLF3QF4lqGU4e4PTeksp55EROMsjLqies-00101.jpg": {"object_bounding_box": [547, 566, 214, 236], "object_presence": 1}, "P940--apple-airpods--clutter--5-6kibSKhuWLF3QF4lqGU4e4PTeksp55EROMsjLqies-00102.jpg": {"object_bounding_box": [543, 590, 212, 235], "object_presence": 1}, "P940--apple-airpods--clutter--5-6kibSKhuWLF3QF4lqGU4e4PTeksp55EROMsjLqies-00103.jpg": {"object_bounding_box": [543, 610, 210, 235], "object_presence": 1}, "P940--apple-airpods--clutter--5-6kibSKhuWLF3QF4lqGU4e4PTeksp55EROMsjLqies-00104.jpg": {"object_bounding_box": [543, 632, 208, 233], "object_presence": 1}, "P940--apple-airpods--clutter--5-6kibSKhuWLF3QF4lqGU4e4PTeksp55EROMsjLqies-00105.jpg": {"object_bounding_box": [543, 648, 208, 229], "object_presence": 1}, "P940--apple-airpods--clutter--5-6kibSKhuWLF3QF4lqGU4e4PTeksp55EROMsjLqies-00106.jpg": {"object_bounding_box": [543, 660, 208, 229], "object_presence": 1}, "P940--apple-airpods--clutter--5-6kibSKhuWLF3QF4lqGU4e4PTeksp55EROMsjLqies-00107.jpg": {"object_bounding_box": [545, 669, 206, 233], "object_presence": 1}, "P940--apple-airpods--clutter--5-6kibSKhuWLF3QF4lqGU4e4PTeksp55EROMsjLqies-00108.jpg": {"object_bounding_box": [549, 686, 205, 230], "object_presence": 1}, "P940--apple-airpods--clutter--5-6kibSKhuWLF3QF4lqGU4e4PTeksp55EROMsjLqies-00109.jpg": {"object_bounding_box": [551, 700, 203, 229], "object_presence": 1}, "P940--apple-airpods--clutter--5-6kibSKhuWLF3QF4lqGU4e4PTeksp55EROMsjLqies-00110.jpg": {"object_bounding_box": [553, 712, 204, 228], "object_presence": 1}, "P940--apple-airpods--clutter--5-6kibSKhuWLF3QF4lqGU4e4PTeksp55EROMsjLqies-00111.jpg": {"object_bounding_box": [559, 720, 202, 225], "object_presence": 1}, "P940--apple-airpods--clutter--5-6kibSKhuWLF3QF4lqGU4e4PTeksp55EROMsjLqies-00112.jpg": {"object_bounding_box": [566, 726, 201, 222], "object_presence": 1}, "P940--apple-airpods--clutter--5-6kibSKhuWLF3QF4lqGU4e4PTeksp55EROMsjLqies-00113.jpg": {"object_bounding_box": [572, 731, 201, 225], "object_presence": 1}, "P940--apple-airpods--clutter--5-6kibSKhuWLF3QF4lqGU4e4PTeksp55EROMsjLqies-00114.jpg": {"object_bounding_box": [580, 738, 204, 225], "object_presence": 1}, "P940--apple-airpods--clutter--5-6kibSKhuWLF3QF4lqGU4e4PTeksp55EROMsjLqies-00115.jpg": {"object_bounding_box": [588, 749, 199, 224], "object_presence": 1}, "P940--apple-airpods--clutter--5-6kibSKhuWLF3QF4lqGU4e4PTeksp55EROMsjLqies-00116.jpg": {"object_bounding_box": [597, 759, 200, 225], "object_presence": 1}, "P940--apple-airpods--clutter--5-6kibSKhuWLF3QF4lqGU4e4PTeksp55EROMsjLqies-00117.jpg": {"object_bounding_box": [607, 768, 198, 225], "object_presence": 1}, "P940--apple-airpods--clutter--5-6kibSKhuWLF3QF4lqGU4e4PTeksp55EROMsjLqies-00118.jpg": {"object_bounding_box": [612, 778, 200, 223], "object_presence": 1}, "P940--apple-airpods--clutter--5-6kibSKhuWLF3QF4lqGU4e4PTeksp55EROMsjLqies-00119.jpg": {"object_bounding_box": [622, 790, 197, 223], "object_presence": 1}, "P940--apple-airpods--clutter--5-6kibSKhuWLF3QF4lqGU4e4PTeksp55EROMsjLqies-00120.jpg": {"object_bounding_box": [629, 799, 200, 223], "object_presence": 1}, "P940--apple-airpods--clutter--5-6kibSKhuWLF3QF4lqGU4e4PTeksp55EROMsjLqies-00121.jpg": {"object_bounding_box": [636, 805, 197, 221], "object_presence": 1}, "P940--apple-airpods--clutter--5-6kibSKhuWLF3QF4lqGU4e4PTeksp55EROMsjLqies-00122.jpg": {"object_bounding_box": [643, 810, 197, 221], "object_presence": 1}, "P940--apple-airpods--clutter--5-6kibSKhuWLF3QF4lqGU4e4PTeksp55EROMsjLqies-00123.jpg": {"object_bounding_box": [651, 812, 196, 221], "object_presence": 1}, "P940--apple-airpods--clutter--5-6kibSKhuWLF3QF4lqGU4e4PTeksp55EROMsjLqies-00124.jpg": {"object_bounding_box": [669, 812, 192, 221], "object_presence": 1}, "P940--apple-airpods--clutter--5-6kibSKhuWLF3QF4lqGU4e4PTeksp55EROMsjLqies-00125.jpg": {"object_bounding_box": [680, 818, 195, 219], "object_presence": 1}, "P940--apple-airpods--clutter--5-6kibSKhuWLF3QF4lqGU4e4PTeksp55EROMsjLqies-00126.jpg": {"object_bounding_box": [687, 830, 192, 220], "object_presence": 1}, "P940--apple-airpods--clutter--5-6kibSKhuWLF3QF4lqGU4e4PTeksp55EROMsjLqies-00127.jpg": {"object_bounding_box": [690, 844, 196, 219], "object_presence": 1}, "P940--apple-airpods--clutter--5-6kibSKhuWLF3QF4lqGU4e4PTeksp55EROMsjLqies-00128.jpg": {"object_bounding_box": [699, 853, 195, 221], "object_presence": 1}, "P940--apple-airpods--clutter--5-6kibSKhuWLF3QF4lqGU4e4PTeksp55EROMsjLqies-00129.jpg": {"object_bounding_box": [706, 864, 193, 216], "object_presence": 1}, "P940--apple-airpods--clutter--5-6kibSKhuWLF3QF4lqGU4e4PTeksp55EROMsjLqies-00130.jpg": {"object_bounding_box": [724, 865, 190, 215], "object_presence": 1}, "P940--apple-airpods--clutter--5-6kibSKhuWLF3QF4lqGU4e4PTeksp55EROMsjLqies-00131.jpg": {"object_bounding_box": [739, 865, 191, 215], "object_presence": 1}, "P940--apple-airpods--clutter--5-6kibSKhuWLF3QF4lqGU4e4PTeksp55EROMsjLqies-00132.jpg": {"object_bounding_box": [752, 867, 194, 213], "object_presence": 1}, "P940--apple-airpods--clutter--5-6kibSKhuWLF3QF4lqGU4e4PTeksp55EROMsjLqies-00133.jpg": {"object_bounding_box": [769, 874, 194, 206], "object_presence": 1}, "P940--apple-airpods--clutter--5-6kibSKhuWLF3QF4lqGU4e4PTeksp55EROMsjLqies-00134.jpg": {"object_bounding_box": [789, 883, 194, 197], "object_presence": 1}, "P940--apple-airpods--clutter--5-6kibSKhuWLF3QF4lqGU4e4PTeksp55EROMsjLqies-00135.jpg": {"object_bounding_box": [805, 890, 194, 190], "object_presence": 1}, "P940--apple-airpods--clutter--5-6kibSKhuWLF3QF4lqGU4e4PTeksp55EROMsjLqies-00136.jpg": {"object_bounding_box": [817, 900, 191, 180], "object_presence": 1}, "P940--apple-airpods--clutter--5-6kibSKhuWLF3QF4lqGU4e4PTeksp55EROMsjLqies-00137.jpg": {"object_bounding_box": [830, 909, 191, 171], "object_presence": 1}, "P940--apple-airpods--clutter--5-6kibSKhuWLF3QF4lqGU4e4PTeksp55EROMsjLqies-00138.jpg": {"object_bounding_box": [846, 916, 191, 164], "object_presence": 1}, "P940--apple-airpods--clutter--5-6kibSKhuWLF3QF4lqGU4e4PTeksp55EROMsjLqies-00139.jpg": {"object_bounding_box": [860, 923, 187, 157], "object_presence": 1}, "P940--apple-airpods--clutter--5-6kibSKhuWLF3QF4lqGU4e4PTeksp55EROMsjLqies-00140.jpg": {"object_bounding_box": [878, 932, 187, 148], "object_presence": 1}, "P940--apple-airpods--clutter--5-6kibSKhuWLF3QF4lqGU4e4PTeksp55EROMsjLqies-00141.jpg": {"object_bounding_box": [898, 934, 182, 146], "object_presence": 1}, "P940--apple-airpods--clutter--5-6kibSKhuWLF3QF4lqGU4e4PTeksp55EROMsjLqies-00142.jpg": {"object_bounding_box": [919, 936, 161, 144], "object_presence": 1}, "P940--apple-airpods--clutter--5-6kibSKhuWLF3QF4lqGU4e4PTeksp55EROMsjLqies-00143.jpg": {"object_bounding_box": [932, 942, 148, 138], "object_presence": 1}, "P940--apple-airpods--clutter--5-6kibSKhuWLF3QF4lqGU4e4PTeksp55EROMsjLqies-00144.jpg": {"object_bounding_box": [944, 950, 136, 130], "object_presence": 1}, "P940--apple-airpods--clutter--5-6kibSKhuWLF3QF4lqGU4e4PTeksp55EROMsjLqies-00145.jpg": {"object_bounding_box": [961, 959, 119, 121], "object_presence": 1}, "P940--apple-airpods--clutter--5-6kibSKhuWLF3QF4lqGU4e4PTeksp55EROMsjLqies-00146.jpg": {"object_bounding_box": [967, 971, 113, 109], "object_presence": 1}, "P940--apple-airpods--clutter--5-6kibSKhuWLF3QF4lqGU4e4PTeksp55EROMsjLqies-00147.jpg": {"object_bounding_box": [973, 984, 107, 96], "object_presence": 1}, "P940--apple-airpods--clutter--5-6kibSKhuWLF3QF4lqGU4e4PTeksp55EROMsjLqies-00148.jpg": {"object_bounding_box": [982, 993, 98, 87], "object_presence": 1}, "P940--apple-airpods--clutter--5-6kibSKhuWLF3QF4lqGU4e4PTeksp55EROMsjLqies-00149.jpg": {"object_bounding_box": [992, 999, 88, 81], "object_presence": 1}, "P940--apple-airpods--clutter--5-6kibSKhuWLF3QF4lqGU4e4PTeksp55EROMsjLqies-00150.jpg": {"object_bounding_box": [1003, 1000, 77, 80], "object_presence": 1}, "P940--apple-airpods--clutter--5-6kibSKhuWLF3QF4lqGU4e4PTeksp55EROMsjLqies-00151.jpg": {"object_bounding_box": [1019, 1001, 61, 79], "object_presence": 1}, "P940--apple-airpods--clutter--5-6kibSKhuWLF3QF4lqGU4e4PTeksp55EROMsjLqies-00152.jpg": {"object_bounding_box": [1025, 1006, 55, 74], "object_presence": 1}, "P940--apple-airpods--clutter--5-6kibSKhuWLF3QF4lqGU4e4PTeksp55EROMsjLqies-00153.jpg": {"object_bounding_box": [1022, 1015, 58, 65], "object_presence": 1}, "P940--apple-airpods--clutter--5-6kibSKhuWLF3QF4lqGU4e4PTeksp55EROMsjLqies-00154.jpg": {"object_bounding_box": [1019, 1030, 61, 50], "object_presence": 1}, "P940--apple-airpods--clutter--5-6kibSKhuWLF3QF4lqGU4e4PTeksp55EROMsjLqies-00155.jpg": {"object_bounding_box": [1021, 1046, 59, 34], "object_presence": 1}, "P940--apple-airpods--clutter--5-6kibSKhuWLF3QF4lqGU4e4PTeksp55EROMsjLqies-00156.jpg": {"object_bounding_box": [1035, 1067, 45, 13], "object_presence": 1}, "P940--apple-airpods--clutter--5-6kibSKhuWLF3QF4lqGU4e4PTeksp55EROMsjLqies-00157.jpg": {"object_bounding_box": [0, 0, 0, 0], "object_presence": 0}, "P940--apple-airpods--clutter--5-6kibSKhuWLF3QF4lqGU4e4PTeksp55EROMsjLqies-00158.jpg": {"object_bounding_box": [0, 0, 0, 0], "object_presence": 0}, "P940--apple-airpods--clutter--5-6kibSKhuWLF3QF4lqGU4e4PTeksp55EROMsjLqies-00159.jpg": {"object_bounding_box": [0, 0, 0, 0], "object_presence": 0}, "P940--apple-airpods--clutter--5-6kibSKhuWLF3QF4lqGU4e4PTeksp55EROMsjLqies-00160.jpg": {"object_bounding_box": [0, 0, 0, 0], "object_presence": 0}, "P940--apple-airpods--clutter--5-6kibSKhuWLF3QF4lqGU4e4PTeksp55EROMsjLqies-00161.jpg": {"object_bounding_box": [0, 0, 0, 0], "object_presence": 0}, "P940--apple-airpods--clutter--5-6kibSKhuWLF3QF4lqGU4e4PTeksp55EROMsjLqies-00162.jpg": {"object_bounding_box": [0, 0, 0, 0], "object_presence": 0}, "P940--apple-airpods--clutter--5-6kibSKhuWLF3QF4lqGU4e4PTeksp55EROMsjLqies-00163.jpg": {"object_bounding_box": [0, 0, 0, 0], "object_presence": 0}, "P940--apple-airpods--clutter--5-6kibSKhuWLF3QF4lqGU4e4PTeksp55EROMsjLqies-00164.jpg": {"object_bounding_box": [0, 0, 0, 0], "object_presence": 0}, "P940--apple-airpods--clutter--5-6kibSKhuWLF3QF4lqGU4e4PTeksp55EROMsjLqies-00165.jpg": {"object_bounding_box": [0, 0, 0, 0], "object_presence": 0}, "P940--apple-airpods--clutter--5-6kibSKhuWLF3QF4lqGU4e4PTeksp55EROMsjLqies-00166.jpg": {"object_bounding_box": [0, 0, 0, 0], "object_presence": 0}, "P940--apple-airpods--clutter--5-6kibSKhuWLF3QF4lqGU4e4PTeksp55EROMsjLqies-00167.jpg": {"object_bounding_box": [0, 0, 0, 0], "object_presence": 0}, "P940--apple-airpods--clutter--5-6kibSKhuWLF3QF4lqGU4e4PTeksp55EROMsjLqies-00168.jpg": {"object_bounding_box": [0, 0, 0, 0], "object_presence": 0}, "P940--apple-airpods--clutter--5-6kibSKhuWLF3QF4lqGU4e4PTeksp55EROMsjLqies-00169.jpg": {"object_bounding_box": [0, 0, 0, 0], "object_presence": 0}, "P940--apple-airpods--clutter--5-6kibSKhuWLF3QF4lqGU4e4PTeksp55EROMsjLqies-00170.jpg": {"object_bounding_box": [0, 0, 0, 0], "object_presence": 0}, "P940--apple-airpods--clutter--5-6kibSKhuWLF3QF4lqGU4e4PTeksp55EROMsjLqies-00171.jpg": {"object_bounding_box": [0, 0, 0, 0], "object_presence": 0}, "P940--apple-airpods--clutter--5-6kibSKhuWLF3QF4lqGU4e4PTeksp55EROMsjLqies-00172.jpg": {"object_bounding_box": [0, 0, 0, 0], "object_presence": 0}, "P940--apple-airpods--clutter--5-6kibSKhuWLF3QF4lqGU4e4PTeksp55EROMsjLqies-00173.jpg": {"object_bounding_box": [0, 0, 0, 0], "object_presence": 0}, "P940--apple-airpods--clutter--5-6kibSKhuWLF3QF4lqGU4e4PTeksp55EROMsjLqies-00174.jpg": {"object_bounding_box": [0, 0, 0, 0], "object_presence": 0}, "P940--apple-airpods--clutter--5-6kibSKhuWLF3QF4lqGU4e4PTeksp55EROMsjLqies-00175.jpg": {"object_bounding_box": [0, 0, 0, 0], "object_presence": 0}, "P940--apple-airpods--clutter--5-6kibSKhuWLF3QF4lqGU4e4PTeksp55EROMsjLqies-00176.jpg": {"object_bounding_box": [0, 0, 0, 0], "object_presence": 0}, "P940--apple-airpods--clutter--5-6kibSKhuWLF3QF4lqGU4e4PTeksp55EROMsjLqies-00177.jpg": {"object_bounding_box": [0, 0, 0, 0], "object_presence": 0}, "P940--apple-airpods--clutter--5-6kibSKhuWLF3QF4lqGU4e4PTeksp55EROMsjLqies-00178.jpg": {"object_bounding_box": [0, 0, 0, 0], "object_presence": 0}, "P940--apple-airpods--clutter--5-6kibSKhuWLF3QF4lqGU4e4PTeksp55EROMsjLqies-00179.jpg": {"object_bounding_box": [0, 0, 0, 0], "object_presence": 0}, "P940--apple-airpods--clutter--5-6kibSKhuWLF3QF4lqGU4e4PTeksp55EROMsjLqies-00180.jpg": {"object_bounding_box": [0, 0, 0, 0], "object_presence": 0}, "P940--apple-airpods--clutter--5-6kibSKhuWLF3QF4lqGU4e4PTeksp55EROMsjLqies-00181.jpg": {"object_bounding_box": [0, 0, 0, 0], "object_presence": 0}, "P940--apple-airpods--clutter--5-6kibSKhuWLF3QF4lqGU4e4PTeksp55EROMsjLqies-00182.jpg": {"object_bounding_box": [0, 0, 0, 0], "object_presence": 0}, "P940--apple-airpods--clutter--5-6kibSKhuWLF3QF4lqGU4e4PTeksp55EROMsjLqies-00183.jpg": {"object_bounding_box": [0, 0, 0, 0], "object_presence": 0}, "P940--apple-airpods--clutter--5-6kibSKhuWLF3QF4lqGU4e4PTeksp55EROMsjLqies-00184.jpg": {"object_bounding_box": [0, 0, 0, 0], "object_presence": 0}, "P940--apple-airpods--clutter--5-6kibSKhuWLF3QF4lqGU4e4PTeksp55EROMsjLqies-00185.jpg": {"object_bounding_box": [0, 0, 0, 0], "object_presence": 0}, "P940--apple-airpods--clutter--5-6kibSKhuWLF3QF4lqGU4e4PTeksp55EROMsjLqies-00186.jpg": {"object_bounding_box": [0, 0, 0, 0], "object_presence": 0}, "P940--apple-airpods--clutter--5-6kibSKhuWLF3QF4lqGU4e4PTeksp55EROMsjLqies-00187.jpg": {"object_bounding_box": [0, 0, 0, 0], "object_presence": 0}, "P940--apple-airpods--clutter--5-6kibSKhuWLF3QF4lqGU4e4PTeksp55EROMsjLqies-00188.jpg": {"object_bounding_box": [0, 0, 0, 0], "object_presence": 0}, "P940--apple-airpods--clutter--5-6kibSKhuWLF3QF4lqGU4e4PTeksp55EROMsjLqies-00189.jpg": {"object_bounding_box": [0, 0, 0, 0], "object_presence": 0}, "P940--apple-airpods--clutter--5-6kibSKhuWLF3QF4lqGU4e4PTeksp55EROMsjLqies-00190.jpg": {"object_bounding_box": [0, 0, 0, 0], "object_presence": 0}, "P940--apple-airpods--clutter--5-6kibSKhuWLF3QF4lqGU4e4PTeksp55EROMsjLqies-00191.jpg": {"object_bounding_box": [0, 0, 0, 0], "object_presence": 0}, "P940--apple-airpods--clutter--5-6kibSKhuWLF3QF4lqGU4e4PTeksp55EROMsjLqies-00192.jpg": {"object_bounding_box": [0, 0, 0, 0], "object_presence": 0}, "P940--apple-airpods--clutter--5-6kibSKhuWLF3QF4lqGU4e4PTeksp55EROMsjLqies-00193.jpg": {"object_bounding_box": [0, 0, 0, 0], "object_presence": 0}, "P940--apple-airpods--clutter--5-6kibSKhuWLF3QF4lqGU4e4PTeksp55EROMsjLqies-00194.jpg": {"object_bounding_box": [0, 0, 0, 0], "object_presence": 0}, "P940--apple-airpods--clutter--5-6kibSKhuWLF3QF4lqGU4e4PTeksp55EROMsjLqies-00195.jpg": {"object_bounding_box": [0, 0, 0, 0], "object_presence": 0}, "P940--apple-airpods--clutter--5-6kibSKhuWLF3QF4lqGU4e4PTeksp55EROMsjLqies-00196.jpg": {"object_bounding_box": [0, 0, 0, 0], "object_presence": 0}, "P940--apple-airpods--clutter--5-6kibSKhuWLF3QF4lqGU4e4PTeksp55EROMsjLqies-00197.jpg": {"object_bounding_box": [0, 0, 0, 0], "object_presence": 0}, "P940--apple-airpods--clutter--5-6kibSKhuWLF3QF4lqGU4e4PTeksp55EROMsjLqies-00198.jpg": {"object_bounding_box": [0, 0, 0, 0], "object_presence": 0}, "P940--apple-airpods--clutter--5-6kibSKhuWLF3QF4lqGU4e4PTeksp55EROMsjLqies-00199.jpg": {"object_bounding_box": [0, 0, 0, 0], "object_presence": 0}, "P940--apple-airpods--clutter--5-6kibSKhuWLF3QF4lqGU4e4PTeksp55EROMsjLqies-00200.jpg": {"object_bounding_box": [0, 0, 0, 0], "object_presence": 0}, "P940--apple-airpods--clutter--5-6kibSKhuWLF3QF4lqGU4e4PTeksp55EROMsjLqies-00201.jpg": {"object_bounding_box": [0, 0, 0, 0], "object_presence": 0}, "P940--apple-airpods--clutter--5-6kibSKhuWLF3QF4lqGU4e4PTeksp55EROMsjLqies-00202.jpg": {"object_bounding_box": [0, 0, 0, 0], "object_presence": 0}, "P940--apple-airpods--clutter--5-6kibSKhuWLF3QF4lqGU4e4PTeksp55EROMsjLqies-00203.jpg": {"object_bounding_box": [0, 0, 0, 0], "object_presence": 0}, "P940--apple-airpods--clutter--5-6kibSKhuWLF3QF4lqGU4e4PTeksp55EROMsjLqies-00204.jpg": {"object_bounding_box": [0, 0, 0, 0], "object_presence": 0}, "P940--apple-airpods--clutter--5-6kibSKhuWLF3QF4lqGU4e4PTeksp55EROMsjLqies-00205.jpg": {"object_bounding_box": [0, 0, 0, 0], "object_presence": 0}, "P940--apple-airpods--clutter--5-6kibSKhuWLF3QF4lqGU4e4PTeksp55EROMsjLqies-00206.jpg": {"object_bounding_box": [0, 0, 0, 0], "object_presence": 0}, "P940--apple-airpods--clutter--5-6kibSKhuWLF3QF4lqGU4e4PTeksp55EROMsjLqies-00207.jpg": {"object_bounding_box": [0, 0, 0, 0], "object_presence": 0}, "P940--apple-airpods--clutter--5-6kibSKhuWLF3QF4lqGU4e4PTeksp55EROMsjLqies-00208.jpg": {"object_bounding_box": [0, 0, 0, 0], "object_presence": 0}, "P940--apple-airpods--clutter--5-6kibSKhuWLF3QF4lqGU4e4PTeksp55EROMsjLqies-00209.jpg": {"object_bounding_box": [0, 0, 0, 0], "object_presence": 0}, "P940--apple-airpods--clutter--5-6kibSKhuWLF3QF4lqGU4e4PTeksp55EROMsjLqies-00210.jpg": {"object_bounding_box": [0, 0, 0, 0], "object_presence": 0}, "P940--apple-airpods--clutter--5-6kibSKhuWLF3QF4lqGU4e4PTeksp55EROMsjLqies-00211.jpg": {"object_bounding_box": [0, 0, 0, 0], "object_presence": 0}, "P940--apple-airpods--clutter--5-6kibSKhuWLF3QF4lqGU4e4PTeksp55EROMsjLqies-00212.jpg": {"object_bounding_box": [0, 0, 0, 0], "object_presence": 0}, "P940--apple-airpods--clutter--5-6kibSKhuWLF3QF4lqGU4e4PTeksp55EROMsjLqies-00213.jpg": {"object_bounding_box": [0, 0, 0, 0], "object_presence": 0}, "P940--apple-airpods--clutter--5-6kibSKhuWLF3QF4lqGU4e4PTeksp55EROMsjLqies-00214.jpg": {"object_bounding_box": [0, 0, 0, 0], "object_presence": 0}, "P940--apple-airpods--clutter--5-6kibSKhuWLF3QF4lqGU4e4PTeksp55EROMsjLqies-00215.jpg": {"object_bounding_box": [0, 0, 0, 0], "object_presence": 0}, "P940--apple-airpods--clutter--5-6kibSKhuWLF3QF4lqGU4e4PTeksp55EROMsjLqies-00216.jpg": {"object_bounding_box": [0, 0, 0, 0], "object_presence": 0}, "P940--apple-airpods--clutter--5-6kibSKhuWLF3QF4lqGU4e4PTeksp55EROMsjLqies-00217.jpg": {"object_bounding_box": [0, 0, 0, 0], "object_presence": 0}, "P940--apple-airpods--clutter--5-6kibSKhuWLF3QF4lqGU4e4PTeksp55EROMsjLqies-00218.jpg": {"object_bounding_box": [0, 0, 0, 0], "object_presence": 0}, "P940--apple-airpods--clutter--5-6kibSKhuWLF3QF4lqGU4e4PTeksp55EROMsjLqies-00219.jpg": {"object_bounding_box": [0, 0, 0, 0], "object_presence": 0}, "P940--apple-airpods--clutter--5-6kibSKhuWLF3QF4lqGU4e4PTeksp55EROMsjLqies-00220.jpg": {"object_bounding_box": [0, 0, 0, 0], "object_presence": 0}, "P940--apple-airpods--clutter--5-6kibSKhuWLF3QF4lqGU4e4PTeksp55EROMsjLqies-00221.jpg": {"object_bounding_box": [0, 0, 0, 0], "object_presence": 0}, "P940--apple-airpods--clutter--5-6kibSKhuWLF3QF4lqGU4e4PTeksp55EROMsjLqies-00222.jpg": {"object_bounding_box": [0, 0, 0, 0], "object_presence": 0}, "P940--apple-airpods--clutter--5-6kibSKhuWLF3QF4lqGU4e4PTeksp55EROMsjLqies-00223.jpg": {"object_bounding_box": [0, 0, 0, 0], "object_presence": 0}, "P940--apple-airpods--clutter--5-6kibSKhuWLF3QF4lqGU4e4PTeksp55EROMsjLqies-00224.jpg": {"object_bounding_box": [0, 0, 0, 0], "object_presence": 0}, "P940--apple-airpods--clutter--5-6kibSKhuWLF3QF4lqGU4e4PTeksp55EROMsjLqies-00225.jpg": {"object_bounding_box": [0, 0, 0, 0], "object_presence": 0}, "P940--apple-airpods--clutter--5-6kibSKhuWLF3QF4lqGU4e4PTeksp55EROMsjLqies-00226.jpg": {"object_bounding_box": [0, 0, 0, 0], "object_presence": 0}, "P940--apple-airpods--clutter--5-6kibSKhuWLF3QF4lqGU4e4PTeksp55EROMsjLqies-00227.jpg": {"object_bounding_box": [0, 0, 0, 0], "object_presence": 0}, "P940--apple-airpods--clutter--5-6kibSKhuWLF3QF4lqGU4e4PTeksp55EROMsjLqies-00228.jpg": {"object_bounding_box": [0, 0, 0, 0], "object_presence": 0}, "P940--apple-airpods--clutter--5-6kibSKhuWLF3QF4lqGU4e4PTeksp55EROMsjLqies-00229.jpg": {"object_bounding_box": [0, 0, 0, 0], "object_presence": 0}, "P940--apple-airpods--clutter--5-6kibSKhuWLF3QF4lqGU4e4PTeksp55EROMsjLqies-00230.jpg": {"object_bounding_box": [0, 0, 0, 0], "object_presence": 0}, "P940--apple-airpods--clutter--5-6kibSKhuWLF3QF4lqGU4e4PTeksp55EROMsjLqies-00231.jpg": {"object_bounding_box": [0, 0, 0, 0], "object_presence": 0}, "P940--apple-airpods--clutter--5-6kibSKhuWLF3QF4lqGU4e4PTeksp55EROMsjLqies-00232.jpg": {"object_bounding_box": [0, 0, 0, 0], "object_presence": 0}, "P940--apple-airpods--clutter--5-6kibSKhuWLF3QF4lqGU4e4PTeksp55EROMsjLqies-00233.jpg": {"object_bounding_box": [0, 0, 0, 0], "object_presence": 0}, "P940--apple-airpods--clutter--5-6kibSKhuWLF3QF4lqGU4e4PTeksp55EROMsjLqies-00234.jpg": {"object_bounding_box": [0, 0, 0, 0], "object_presence": 0}, "P940--apple-airpods--clutter--5-6kibSKhuWLF3QF4lqGU4e4PTeksp55EROMsjLqies-00235.jpg": {"object_bounding_box": [0, 0, 0, 0], "object_presence": 0}, "P940--apple-airpods--clutter--5-6kibSKhuWLF3QF4lqGU4e4PTeksp55EROMsjLqies-00236.jpg": {"object_bounding_box": [0, 0, 0, 0], "object_presence": 0}, "P940--apple-airpods--clutter--5-6kibSKhuWLF3QF4lqGU4e4PTeksp55EROMsjLqies-00237.jpg": {"object_bounding_box": [0, 0, 0, 0], "object_presence": 0}, "P940--apple-airpods--clutter--5-6kibSKhuWLF3QF4lqGU4e4PTeksp55EROMsjLqies-00238.jpg": {"object_bounding_box": [0, 0, 0, 0], "object_presence": 0}, "P940--apple-airpods--clutter--5-6kibSKhuWLF3QF4lqGU4e4PTeksp55EROMsjLqies-00239.jpg": {"object_bounding_box": [0, 0, 0, 0], "object_presence": 0}, "P940--apple-airpods--clutter--5-6kibSKhuWLF3QF4lqGU4e4PTeksp55EROMsjLqies-00240.jpg": {"object_bounding_box": [0, 0, 0, 0], "object_presence": 0}, "P940--apple-airpods--clutter--5-6kibSKhuWLF3QF4lqGU4e4PTeksp55EROMsjLqies-00241.jpg": {"object_bounding_box": [0, 0, 0, 0], "object_presence": 0}, "P940--apple-airpods--clutter--5-6kibSKhuWLF3QF4lqGU4e4PTeksp55EROMsjLqies-00242.jpg": {"object_bounding_box": [0, 0, 0, 0], "object_presence": 0}, "P940--apple-airpods--clutter--5-6kibSKhuWLF3QF4lqGU4e4PTeksp55EROMsjLqies-00243.jpg": {"object_bounding_box": [0, 0, 0, 0], "object_presence": 0}, "P940--apple-airpods--clutter--5-6kibSKhuWLF3QF4lqGU4e4PTeksp55EROMsjLqies-00244.jpg": {"object_bounding_box": [0, 0, 0, 0], "object_presence": 0}, "P940--apple-airpods--clutter--5-6kibSKhuWLF3QF4lqGU4e4PTeksp55EROMsjLqies-00245.jpg": {"object_bounding_box": [0, 0, 0, 0], "object_presence": 0}, "P940--apple-airpods--clutter--5-6kibSKhuWLF3QF4lqGU4e4PTeksp55EROMsjLqies-00246.jpg": {"object_bounding_box": [0, 0, 0, 0], "object_presence": 0}, "P940--apple-airpods--clutter--5-6kibSKhuWLF3QF4lqGU4e4PTeksp55EROMsjLqies-00247.jpg": {"object_bounding_box": [0, 0, 0, 0], "object_presence": 0}, "P940--apple-airpods--clutter--5-6kibSKhuWLF3QF4lqGU4e4PTeksp55EROMsjLqies-00248.jpg": {"object_bounding_box": [0, 0, 0, 0], "object_presence": 0}, "P940--apple-airpods--clutter--5-6kibSKhuWLF3QF4lqGU4e4PTeksp55EROMsjLqies-00249.jpg": {"object_bounding_box": [0, 0, 0, 0], "object_presence": 0}, "P940--apple-airpods--clutter--5-6kibSKhuWLF3QF4lqGU4e4PTeksp55EROMsjLqies-00250.jpg": {"object_bounding_box": [0, 0, 0, 0], "object_presence": 0}, "P940--apple-airpods--clutter--5-6kibSKhuWLF3QF4lqGU4e4PTeksp55EROMsjLqies-00251.jpg": {"object_bounding_box": [0, 0, 0, 0], "object_presence": 0}, "P940--apple-airpods--clutter--5-6kibSKhuWLF3QF4lqGU4e4PTeksp55EROMsjLqies-00252.jpg": {"object_bounding_box": [0, 0, 0, 0], "object_presence": 0}, "P940--apple-airpods--clutter--5-6kibSKhuWLF3QF4lqGU4e4PTeksp55EROMsjLqies-00253.jpg": {"object_bounding_box": [0, 0, 0, 0], "object_presence": 0}, "P940--apple-airpods--clutter--5-6kibSKhuWLF3QF4lqGU4e4PTeksp55EROMsjLqies-00254.jpg": {"object_bounding_box": [0, 0, 0, 0], "object_presence": 0}, "P940--apple-airpods--clutter--5-6kibSKhuWLF3QF4lqGU4e4PTeksp55EROMsjLqies-00255.jpg": {"object_bounding_box": [0, 0, 0, 0], "object_presence": 0}, "P940--apple-airpods--clutter--5-6kibSKhuWLF3QF4lqGU4e4PTeksp55EROMsjLqies-00256.jpg": {"object_bounding_box": [0, 0, 0, 0], "object_presence": 0}, "P940--apple-airpods--clutter--5-6kibSKhuWLF3QF4lqGU4e4PTeksp55EROMsjLqies-00257.jpg": {"object_bounding_box": [0, 0, 0, 0], "object_presence": 0}, "P940--apple-airpods--clutter--5-6kibSKhuWLF3QF4lqGU4e4PTeksp55EROMsjLqies-00258.jpg": {"object_bounding_box": [0, 0, 0, 0], "object_presence": 0}, "P940--apple-airpods--clutter--5-6kibSKhuWLF3QF4lqGU4e4PTeksp55EROMsjLqies-00259.jpg": {"object_bounding_box": [0, 0, 0, 0], "object_presence": 0}, "P940--apple-airpods--clutter--5-6kibSKhuWLF3QF4lqGU4e4PTeksp55EROMsjLqies-00260.jpg": {"object_bounding_box": [0, 0, 0, 0], "object_presence": 0}, "P940--apple-airpods--clutter--5-6kibSKhuWLF3QF4lqGU4e4PTeksp55EROMsjLqies-00261.jpg": {"object_bounding_box": [0, 0, 0, 0], "object_presence": 0}, "P940--apple-airpods--clutter--5-6kibSKhuWLF3QF4lqGU4e4PTeksp55EROMsjLqies-00262.jpg": {"object_bounding_box": [0, 0, 0, 0], "object_presence": 0}, "P940--apple-airpods--clutter--5-6kibSKhuWLF3QF4lqGU4e4PTeksp55EROMsjLqies-00263.jpg": {"object_bounding_box": [0, 0, 0, 0], "object_presence": 0}, "P940--apple-airpods--clutter--5-6kibSKhuWLF3QF4lqGU4e4PTeksp55EROMsjLqies-00264.jpg": {"object_bounding_box": [0, 0, 0, 0], "object_presence": 0}, "P940--apple-airpods--clutter--5-6kibSKhuWLF3QF4lqGU4e4PTeksp55EROMsjLqies-00265.jpg": {"object_bounding_box": [0, 0, 0, 0], "object_presence": 0}, "P940--apple-airpods--clutter--5-6kibSKhuWLF3QF4lqGU4e4PTeksp55EROMsjLqies-00266.jpg": {"object_bounding_box": [0, 0, 0, 0], "object_presence": 0}, "P940--apple-airpods--clutter--5-6kibSKhuWLF3QF4lqGU4e4PTeksp55EROMsjLqies-00267.jpg": {"object_bounding_box": [0, 0, 0, 0], "object_presence": 0}, "P940--apple-airpods--clutter--5-6kibSKhuWLF3QF4lqGU4e4PTeksp55EROMsjLqies-00268.jpg": {"object_bounding_box": [0, 0, 0, 0], "object_presence": 0}, "P940--apple-airpods--clutter--5-6kibSKhuWLF3QF4lqGU4e4PTeksp55EROMsjLqies-00269.jpg": {"object_bounding_box": [0, 0, 0, 0], "object_presence": 0}, "P940--apple-airpods--clutter--5-6kibSKhuWLF3QF4lqGU4e4PTeksp55EROMsjLqies-00270.jpg": {"object_bounding_box": [0, 0, 0, 0], "object_presence": 0}, "P940--apple-airpods--clutter--5-6kibSKhuWLF3QF4lqGU4e4PTeksp55EROMsjLqies-00271.jpg": {"object_bounding_box": [0, 0, 0, 0], "object_presence": 0}, "P940--apple-airpods--clutter--5-6kibSKhuWLF3QF4lqGU4e4PTeksp55EROMsjLqies-00272.jpg": {"object_bounding_box": [0, 0, 0, 0], "object_presence": 0}, "P940--apple-airpods--clutter--5-6kibSKhuWLF3QF4lqGU4e4PTeksp55EROMsjLqies-00273.jpg": {"object_bounding_box": [0, 0, 0, 0], "object_presence": 0}, "P940--apple-airpods--clutter--5-6kibSKhuWLF3QF4lqGU4e4PTeksp55EROMsjLqies-00274.jpg": {"object_bounding_box": [0, 0, 0, 0], "object_presence": 0}, "P940--apple-airpods--clutter--5-6kibSKhuWLF3QF4lqGU4e4PTeksp55EROMsjLqies-00275.jpg": {"object_bounding_box": [0, 0, 0, 0], "object_presence": 0}, "P940--apple-airpods--clutter--5-6kibSKhuWLF3QF4lqGU4e4PTeksp55EROMsjLqies-00276.jpg": {"object_bounding_box": [0, 0, 0, 0], "object_presence": 0}, "P940--apple-airpods--clutter--5-6kibSKhuWLF3QF4lqGU4e4PTeksp55EROMsjLqies-00277.jpg": {"object_bounding_box": [0, 0, 0, 0], "object_presence": 0}, "P940--apple-airpods--clutter--5-6kibSKhuWLF3QF4lqGU4e4PTeksp55EROMsjLqies-00278.jpg": {"object_bounding_box": [0, 0, 0, 0], "object_presence": 0}, "P940--apple-airpods--clutter--5-6kibSKhuWLF3QF4lqGU4e4PTeksp55EROMsjLqies-00279.jpg": {"object_bounding_box": [0, 0, 0, 0], "object_presence": 0}, "P940--apple-airpods--clutter--5-6kibSKhuWLF3QF4lqGU4e4PTeksp55EROMsjLqies-00280.jpg": {"object_bounding_box": [0, 0, 0, 0], "object_presence": 0}, "P940--apple-airpods--clutter--5-6kibSKhuWLF3QF4lqGU4e4PTeksp55EROMsjLqies-00281.jpg": {"object_bounding_box": [0, 0, 0, 0], "object_presence": 0}, "P940--apple-airpods--clutter--5-6kibSKhuWLF3QF4lqGU4e4PTeksp55EROMsjLqies-00282.jpg": {"object_bounding_box": [0, 0, 0, 0], "object_presence": 0}, "P940--apple-airpods--clutter--5-6kibSKhuWLF3QF4lqGU4e4PTeksp55EROMsjLqies-00283.jpg": {"object_bounding_box": [0, 0, 0, 0], "object_presence": 0}, "P940--apple-airpods--clutter--5-6kibSKhuWLF3QF4lqGU4e4PTeksp55EROMsjLqies-00284.jpg": {"object_bounding_box": [0, 0, 0, 0], "object_presence": 0}, "P940--apple-airpods--clutter--5-6kibSKhuWLF3QF4lqGU4e4PTeksp55EROMsjLqies-00285.jpg": {"object_bounding_box": [0, 0, 0, 0], "object_presence": 0}, "P940--apple-airpods--clutter--5-6kibSKhuWLF3QF4lqGU4e4PTeksp55EROMsjLqies-00286.jpg": {"object_bounding_box": [0, 0, 0, 0], "object_presence": 0}, "P940--apple-airpods--clutter--5-6kibSKhuWLF3QF4lqGU4e4PTeksp55EROMsjLqies-00287.jpg": {"object_bounding_box": [0, 0, 0, 0], "object_presence": 0}, "P940--apple-airpods--clutter--5-6kibSKhuWLF3QF4lqGU4e4PTeksp55EROMsjLqies-00288.jpg": {"object_bounding_box": [0, 0, 0, 0], "object_presence": 0}, "P940--apple-airpods--clutter--5-6kibSKhuWLF3QF4lqGU4e4PTeksp55EROMsjLqies-00289.jpg": {"object_bounding_box": [0, 0, 0, 0], "object_presence": 0}, "P940--apple-airpods--clutter--5-6kibSKhuWLF3QF4lqGU4e4PTeksp55EROMsjLqies-00290.jpg": {"object_bounding_box": [0, 0, 0, 0], "object_presence": 0}, "P940--apple-airpods--clutter--5-6kibSKhuWLF3QF4lqGU4e4PTeksp55EROMsjLqies-00291.jpg": {"object_bounding_box": [0, 0, 0, 0], "object_presence": 0}, "P940--apple-airpods--clutter--5-6kibSKhuWLF3QF4lqGU4e4PTeksp55EROMsjLqies-00292.jpg": {"object_bounding_box": [0, 0, 0, 0], "object_presence": 0}, "P940--apple-airpods--clutter--5-6kibSKhuWLF3QF4lqGU4e4PTeksp55EROMsjLqies-00293.jpg": {"object_bounding_box": [0, 0, 0, 0], "object_presence": 0}, "P940--apple-airpods--clutter--5-6kibSKhuWLF3QF4lqGU4e4PTeksp55EROMsjLqies-00294.jpg": {"object_bounding_box": [0, 0, 0, 0], "object_presence": 0}, "P940--apple-airpods--clutter--5-6kibSKhuWLF3QF4lqGU4e4PTeksp55EROMsjLqies-00295.jpg": {"object_bounding_box": [0, 0, 0, 0], "object_presence": 0}, "P940--apple-airpods--clutter--5-6kibSKhuWLF3QF4lqGU4e4PTeksp55EROMsjLqies-00296.jpg": {"object_bounding_box": [0, 0, 0, 0], "object_presence": 0}, "P940--apple-airpods--clutter--5-6kibSKhuWLF3QF4lqGU4e4PTeksp55EROMsjLqies-00297.jpg": {"object_bounding_box": [0, 0, 0, 0], "object_presence": 0}, "P940--apple-airpods--clutter--5-6kibSKhuWLF3QF4lqGU4e4PTeksp55EROMsjLqies-00298.jpg": {"object_bounding_box": [0, 0, 0, 0], "object_presence": 0}, "P940--apple-airpods--clutter--5-6kibSKhuWLF3QF4lqGU4e4PTeksp55EROMsjLqies-00299.jpg": {"object_bounding_box": [0, 0, 0, 0], "object_presence": 0}, "P940--apple-airpods--clutter--5-6kibSKhuWLF3QF4lqGU4e4PTeksp55EROMsjLqies-00300.jpg": {"object_bounding_box": [0, 0, 0, 0], "object_presence": 0}, "P940--apple-airpods--clutter--5-6kibSKhuWLF3QF4lqGU4e4PTeksp55EROMsjLqies-00301.jpg": {"object_bounding_box": [0, 0, 0, 0], "object_presence": 0}, "P940--apple-airpods--clutter--5-6kibSKhuWLF3QF4lqGU4e4PTeksp55EROMsjLqies-00302.jpg": {"object_bounding_box": [0, 0, 0, 0], "object_presence": 0}, "P940--apple-airpods--clutter--5-6kibSKhuWLF3QF4lqGU4e4PTeksp55EROMsjLqies-00303.jpg": {"object_bounding_box": [0, 0, 0, 0], "object_presence": 0}, "P940--apple-airpods--clutter--5-6kibSKhuWLF3QF4lqGU4e4PTeksp55EROMsjLqies-00304.jpg": {"object_bounding_box": [0, 0, 0, 0], "object_presence": 0}, "P940--apple-airpods--clutter--5-6kibSKhuWLF3QF4lqGU4e4PTeksp55EROMsjLqies-00305.jpg": {"object_bounding_box": [0, 0, 0, 0], "object_presence": 0}, "P940--apple-airpods--clutter--5-6kibSKhuWLF3QF4lqGU4e4PTeksp55EROMsjLqies-00306.jpg": {"object_bounding_box": [0, 0, 0, 0], "object_presence": 0}, "P940--apple-airpods--clutter--5-6kibSKhuWLF3QF4lqGU4e4PTeksp55EROMsjLqies-00307.jpg": {"object_bounding_box": [0, 0, 0, 0], "object_presence": 0}, "P940--apple-airpods--clutter--5-6kibSKhuWLF3QF4lqGU4e4PTeksp55EROMsjLqies-00308.jpg": {"object_bounding_box": [0, 0, 0, 0], "object_presence": 0}, "P940--apple-airpods--clutter--5-6kibSKhuWLF3QF4lqGU4e4PTeksp55EROMsjLqies-00309.jpg": {"object_bounding_box": [0, 0, 0, 0], "object_presence": 0}, "P940--apple-airpods--clutter--5-6kibSKhuWLF3QF4lqGU4e4PTeksp55EROMsjLqies-00310.jpg": {"object_bounding_box": [0, 0, 0, 0], "object_presence": 0}, "P940--apple-airpods--clutter--5-6kibSKhuWLF3QF4lqGU4e4PTeksp55EROMsjLqies-00311.jpg": {"object_bounding_box": [0, 0, 0, 0], "object_presence": 0}, "P940--apple-airpods--clutter--5-6kibSKhuWLF3QF4lqGU4e4PTeksp55EROMsjLqies-00312.jpg": {"object_bounding_box": [0, 0, 0, 0], "object_presence": 0}, "P940--apple-airpods--clutter--5-6kibSKhuWLF3QF4lqGU4e4PTeksp55EROMsjLqies-00313.jpg": {"object_bounding_box": [0, 0, 0, 0], "object_presence": 0}, "P940--apple-airpods--clutter--5-6kibSKhuWLF3QF4lqGU4e4PTeksp55EROMsjLqies-00314.jpg": {"object_bounding_box": [0, 0, 0, 0], "object_presence": 0}, "P940--apple-airpods--clutter--5-6kibSKhuWLF3QF4lqGU4e4PTeksp55EROMsjLqies-00315.jpg": {"object_bounding_box": [0, 0, 0, 0], "object_presence": 0}, "P940--apple-airpods--clutter--5-6kibSKhuWLF3QF4lqGU4e4PTeksp55EROMsjLqies-00316.jpg": {"object_bounding_box": [0, 0, 0, 0], "object_presence": 0}, "P940--apple-airpods--clutter--5-6kibSKhuWLF3QF4lqGU4e4PTeksp55EROMsjLqies-00317.jpg": {"object_bounding_box": [0, 0, 0, 0], "object_presence": 0}, "P940--apple-airpods--clutter--5-6kibSKhuWLF3QF4lqGU4e4PTeksp55EROMsjLqies-00318.jpg": {"object_bounding_box": [0, 0, 0, 0], "object_presence": 0}, "P940--apple-airpods--clutter--5-6kibSKhuWLF3QF4lqGU4e4PTeksp55EROMsjLqies-00319.jpg": {"object_bounding_box": [0, 0, 0, 0], "object_presence": 0}, "P940--apple-airpods--clutter--5-6kibSKhuWLF3QF4lqGU4e4PTeksp55EROMsjLqies-00320.jpg": {"object_bounding_box": [0, 0, 0, 0], "object_presence": 0}, "P940--apple-airpods--clutter--5-6kibSKhuWLF3QF4lqGU4e4PTeksp55EROMsjLqies-00321.jpg": {"object_bounding_box": [0, 0, 0, 0], "object_presence": 0}, "P940--apple-airpods--clutter--5-6kibSKhuWLF3QF4lqGU4e4PTeksp55EROMsjLqies-00322.jpg": {"object_bounding_box": [0, 0, 0, 0], "object_presence": 0}, "P940--apple-airpods--clutter--5-6kibSKhuWLF3QF4lqGU4e4PTeksp55EROMsjLqies-00323.jpg": {"object_bounding_box": [0, 0, 0, 0], "object_presence": 0}, "P940--apple-airpods--clutter--5-6kibSKhuWLF3QF4lqGU4e4PTeksp55EROMsjLqies-00324.jpg": {"object_bounding_box": [0, 0, 0, 0], "object_presence": 0}, "P940--apple-airpods--clutter--5-6kibSKhuWLF3QF4lqGU4e4PTeksp55EROMsjLqies-00325.jpg": {"object_bounding_box": [0, 0, 0, 0], "object_presence": 0}, "P940--apple-airpods--clutter--5-6kibSKhuWLF3QF4lqGU4e4PTeksp55EROMsjLqies-00326.jpg": {"object_bounding_box": [0, 0, 0, 0], "object_presence": 0}, "P940--apple-airpods--clutter--5-6kibSKhuWLF3QF4lqGU4e4PTeksp55EROMsjLqies-00327.jpg": {"object_bounding_box": [0, 0, 0, 0], "object_presence": 0}, "P940--apple-airpods--clutter--5-6kibSKhuWLF3QF4lqGU4e4PTeksp55EROMsjLqies-00328.jpg": {"object_bounding_box": [0, 0, 0, 0], "object_presence": 0}, "P940--apple-airpods--clutter--5-6kibSKhuWLF3QF4lqGU4e4PTeksp55EROMsjLqies-00329.jpg": {"object_bounding_box": [0, 0, 0, 0], "object_presence": 0}, "P940--apple-airpods--clutter--5-6kibSKhuWLF3QF4lqGU4e4PTeksp55EROMsjLqies-00330.jpg": {"object_bounding_box": [0, 0, 0, 0], "object_presence": 0}, "P940--apple-airpods--clutter--5-6kibSKhuWLF3QF4lqGU4e4PTeksp55EROMsjLqies-00331.jpg": {"object_bounding_box": [0, 0, 0, 0], "object_presence": 0}, "P940--apple-airpods--clutter--5-6kibSKhuWLF3QF4lqGU4e4PTeksp55EROMsjLqies-00332.jpg": {"object_bounding_box": [0, 0, 0, 0], "object_presence": 0}, "P940--apple-airpods--clutter--5-6kibSKhuWLF3QF4lqGU4e4PTeksp55EROMsjLqies-00333.jpg": {"object_bounding_box": [0, 0, 0, 0], "object_presence": 0}, "P940--apple-airpods--clutter--5-6kibSKhuWLF3QF4lqGU4e4PTeksp55EROMsjLqies-00334.jpg": {"object_bounding_box": [0, 0, 0, 0], "object_presence": 0}, "P940--apple-airpods--clutter--5-6kibSKhuWLF3QF4lqGU4e4PTeksp55EROMsjLqies-00335.jpg": {"object_bounding_box": [0, 0, 0, 0], "object_presence": 0}, "P940--apple-airpods--clutter--5-6kibSKhuWLF3QF4lqGU4e4PTeksp55EROMsjLqies-00336.jpg": {"object_bounding_box": [0, 0, 0, 0], "object_presence": 0}, "P940--apple-airpods--clutter--5-6kibSKhuWLF3QF4lqGU4e4PTeksp55EROMsjLqies-00337.jpg": {"object_bounding_box": [0, 0, 0, 0], "object_presence": 0}, "P940--apple-airpods--clutter--5-6kibSKhuWLF3QF4lqGU4e4PTeksp55EROMsjLqies-00338.jpg": {"object_bounding_box": [0, 0, 0, 0], "object_presence": 0}, "P940--apple-airpods--clutter--5-6kibSKhuWLF3QF4lqGU4e4PTeksp55EROMsjLqies-00339.jpg": {"object_bounding_box": [0, 0, 0, 0], "object_presence": 0}, "P940--apple-airpods--clutter--5-6kibSKhuWLF3QF4lqGU4e4PTeksp55EROMsjLqies-00340.jpg": {"object_bounding_box": [0, 0, 0, 0], "object_presence": 0}, "P940--apple-airpods--clutter--5-6kibSKhuWLF3QF4lqGU4e4PTeksp55EROMsjLqies-00341.jpg": {"object_bounding_box": [0, 0, 0, 0], "object_presence": 0}, "P940--apple-airpods--clutter--5-6kibSKhuWLF3QF4lqGU4e4PTeksp55EROMsjLqies-00342.jpg": {"object_bounding_box": [1066, 653, 14, 154], "object_presence": 1}, "P940--apple-airpods--clutter--5-6kibSKhuWLF3QF4lqGU4e4PTeksp55EROMsjLqies-00343.jpg": {"object_bounding_box": [1060, 648, 20, 173], "object_presence": 1}, "P940--apple-airpods--clutter--5-6kibSKhuWLF3QF4lqGU4e4PTeksp55EROMsjLqies-00344.jpg": {"object_bounding_box": [1053, 641, 27, 184], "object_presence": 1}, "P940--apple-airpods--clutter--5-6kibSKhuWLF3QF4lqGU4e4PTeksp55EROMsjLqies-00345.jpg": {"object_bounding_box": [1045, 641, 35, 190], "object_presence": 1}, "P940--apple-airpods--clutter--5-6kibSKhuWLF3QF4lqGU4e4PTeksp55EROMsjLqies-00346.jpg": {"object_bounding_box": [1039, 639, 41, 192], "object_presence": 1}, "P940--apple-airpods--clutter--5-6kibSKhuWLF3QF4lqGU4e4PTeksp55EROMsjLqies-00347.jpg": {"object_bounding_box": [1039, 637, 41, 190], "object_presence": 1}, "P940--apple-airpods--clutter--5-6kibSKhuWLF3QF4lqGU4e4PTeksp55EROMsjLqies-00348.jpg": {"object_bounding_box": [1039, 626, 41, 195], "object_presence": 1}, "P940--apple-airpods--clutter--5-6kibSKhuWLF3QF4lqGU4e4PTeksp55EROMsjLqies-00349.jpg": {"object_bounding_box": [1042, 616, 38, 194], "object_presence": 1}, "P940--apple-airpods--clutter--5-6kibSKhuWLF3QF4lqGU4e4PTeksp55EROMsjLqies-00350.jpg": {"object_bounding_box": [1052, 607, 28, 185], "object_presence": 1}, "P940--apple-airpods--clutter--5-6kibSKhuWLF3QF4lqGU4e4PTeksp55EROMsjLqies-00351.jpg": {"object_bounding_box": [1065, 593, 15, 173], "object_presence": 1}, "P940--apple-airpods--clutter--5-6kibSKhuWLF3QF4lqGU4e4PTeksp55EROMsjLqies-00352.jpg": {"object_bounding_box": [1065, 581, 15, 173], "object_presence": 1}, "P940--apple-airpods--clutter--5-6kibSKhuWLF3QF4lqGU4e4PTeksp55EROMsjLqies-00353.jpg": {"object_bounding_box": [1065, 581, 15, 185], "object_presence": 1}, "P940--apple-airpods--clutter--5-6kibSKhuWLF3QF4lqGU4e4PTeksp55EROMsjLqies-00354.jpg": {"object_bounding_box": [1040, 581, 40, 189], "object_presence": 1}, "P940--apple-airpods--clutter--5-6kibSKhuWLF3QF4lqGU4e4PTeksp55EROMsjLqies-00355.jpg": {"object_bounding_box": [1012, 592, 68, 197], "object_presence": 1}, "P940--apple-airpods--clutter--5-6kibSKhuWLF3QF4lqGU4e4PTeksp55EROMsjLqies-00356.jpg": {"object_bounding_box": [996, 603, 84, 197], "object_presence": 1}, "P940--apple-airpods--clutter--5-6kibSKhuWLF3QF4lqGU4e4PTeksp55EROMsjLqies-00357.jpg": {"object_bounding_box": [995, 598, 85, 196], "object_presence": 1}, "P940--apple-airpods--clutter--5-6kibSKhuWLF3QF4lqGU4e4PTeksp55EROMsjLqies-00358.jpg": {"object_bounding_box": [977, 593, 103, 193], "object_presence": 1}, "P940--apple-airpods--clutter--5-6kibSKhuWLF3QF4lqGU4e4PTeksp55EROMsjLqies-00359.jpg": {"object_bounding_box": [956, 592, 124, 194], "object_presence": 1}, "P940--apple-airpods--clutter--5-6kibSKhuWLF3QF4lqGU4e4PTeksp55EROMsjLqies-00360.jpg": {"object_bounding_box": [937, 594, 143, 195], "object_presence": 1}, "P940--apple-airpods--clutter--5-6kibSKhuWLF3QF4lqGU4e4PTeksp55EROMsjLqies-00361.jpg": {"object_bounding_box": [915, 594, 165, 195], "object_presence": 1}, "P940--apple-airpods--clutter--5-6kibSKhuWLF3QF4lqGU4e4PTeksp55EROMsjLqies-00362.jpg": {"object_bounding_box": [900, 592, 180, 194], "object_presence": 1}, "P940--apple-airpods--clutter--5-6kibSKhuWLF3QF4lqGU4e4PTeksp55EROMsjLqies-00363.jpg": {"object_bounding_box": [889, 594, 185, 196], "object_presence": 1}, "P940--apple-airpods--clutter--5-6kibSKhuWLF3QF4lqGU4e4PTeksp55EROMsjLqies-00364.jpg": {"object_bounding_box": [874, 594, 185, 193], "object_presence": 1}, "P940--apple-airpods--clutter--5-6kibSKhuWLF3QF4lqGU4e4PTeksp55EROMsjLqies-00365.jpg": {"object_bounding_box": [858, 593, 185, 192], "object_presence": 1}, "P940--apple-airpods--clutter--5-6kibSKhuWLF3QF4lqGU4e4PTeksp55EROMsjLqies-00366.jpg": {"object_bounding_box": [846, 592, 183, 191], "object_presence": 1}, "P940--apple-airpods--clutter--5-6kibSKhuWLF3QF4lqGU4e4PTeksp55EROMsjLqies-00367.jpg": {"object_bounding_box": [836, 588, 182, 191], "object_presence": 1}, "P940--apple-airpods--clutter--5-6kibSKhuWLF3QF4lqGU4e4PTeksp55EROMsjLqies-00368.jpg": {"object_bounding_box": [829, 581, 182, 192], "object_presence": 1}, "P940--apple-airpods--clutter--5-6kibSKhuWLF3QF4lqGU4e4PTeksp55EROMsjLqies-00369.jpg": {"object_bounding_box": [819, 574, 180, 192], "object_presence": 1}, "P940--apple-airpods--clutter--5-6kibSKhuWLF3QF4lqGU4e4PTeksp55EROMsjLqies-00370.jpg": {"object_bounding_box": [812, 570, 180, 192], "object_presence": 1}, "P940--apple-airpods--clutter--5-6kibSKhuWLF3QF4lqGU4e4PTeksp55EROMsjLqies-00371.jpg": {"object_bounding_box": [806, 568, 180, 192], "object_presence": 1}, "P940--apple-airpods--clutter--5-6kibSKhuWLF3QF4lqGU4e4PTeksp55EROMsjLqies-00372.jpg": {"object_bounding_box": [797, 567, 179, 189], "object_presence": 1}, "P940--apple-airpods--clutter--5-6kibSKhuWLF3QF4lqGU4e4PTeksp55EROMsjLqies-00373.jpg": {"object_bounding_box": [792, 567, 179, 189], "object_presence": 1}, "P940--apple-airpods--clutter--5-6kibSKhuWLF3QF4lqGU4e4PTeksp55EROMsjLqies-00374.jpg": {"object_bounding_box": [787, 562, 179, 189], "object_presence": 1}, "P940--apple-airpods--clutter--5-6kibSKhuWLF3QF4lqGU4e4PTeksp55EROMsjLqies-00375.jpg": {"object_bounding_box": [783, 555, 178, 189], "object_presence": 1}, "P940--apple-airpods--clutter--5-6kibSKhuWLF3QF4lqGU4e4PTeksp55EROMsjLqies-00376.jpg": {"object_bounding_box": [780, 549, 178, 189], "object_presence": 1}, "P940--apple-airpods--clutter--5-6kibSKhuWLF3QF4lqGU4e4PTeksp55EROMsjLqies-00377.jpg": {"object_bounding_box": [774, 546, 178, 189], "object_presence": 1}, "P940--apple-airpods--clutter--5-6kibSKhuWLF3QF4lqGU4e4PTeksp55EROMsjLqies-00378.jpg": {"object_bounding_box": [769, 541, 178, 189], "object_presence": 1}, "P940--apple-airpods--clutter--5-6kibSKhuWLF3QF4lqGU4e4PTeksp55EROMsjLqies-00379.jpg": {"object_bounding_box": [766, 535, 178, 189], "object_presence": 1}, "P940--apple-airpods--clutter--5-6kibSKhuWLF3QF4lqGU4e4PTeksp55EROMsjLqies-00380.jpg": {"object_bounding_box": [765, 531, 178, 189], "object_presence": 1}, "P940--apple-airpods--clutter--5-6kibSKhuWLF3QF4lqGU4e4PTeksp55EROMsjLqies-00381.jpg": {"object_bounding_box": [764, 527, 178, 189], "object_presence": 1}, "P940--apple-airpods--clutter--5-6kibSKhuWLF3QF4lqGU4e4PTeksp55EROMsjLqies-00382.jpg": {"object_bounding_box": [763, 525, 178, 189], "object_presence": 1}, "P940--apple-airpods--clutter--5-6kibSKhuWLF3QF4lqGU4e4PTeksp55EROMsjLqies-00383.jpg": {"object_bounding_box": [764, 523, 178, 189], "object_presence": 1}, "P940--apple-airpods--clutter--5-6kibSKhuWLF3QF4lqGU4e4PTeksp55EROMsjLqies-00384.jpg": {"object_bounding_box": [764, 519, 178, 189], "object_presence": 1}, "P940--apple-airpods--clutter--5-6kibSKhuWLF3QF4lqGU4e4PTeksp55EROMsjLqies-00385.jpg": {"object_bounding_box": [763, 515, 178, 189], "object_presence": 1}, "P940--apple-airpods--clutter--5-6kibSKhuWLF3QF4lqGU4e4PTeksp55EROMsjLqies-00386.jpg": {"object_bounding_box": [766, 510, 177, 190], "object_presence": 1}, "P940--apple-airpods--clutter--5-6kibSKhuWLF3QF4lqGU4e4PTeksp55EROMsjLqies-00387.jpg": {"object_bounding_box": [765, 502, 178, 190], "object_presence": 1}, "P940--apple-airpods--clutter--5-6kibSKhuWLF3QF4lqGU4e4PTeksp55EROMsjLqies-00388.jpg": {"object_bounding_box": [764, 497, 178, 191], "object_presence": 1}, "P940--apple-airpods--clutter--5-6kibSKhuWLF3QF4lqGU4e4PTeksp55EROMsjLqies-00389.jpg": {"object_bounding_box": [764, 492, 178, 191], "object_presence": 1}, "P940--apple-airpods--clutter--5-6kibSKhuWLF3QF4lqGU4e4PTeksp55EROMsjLqies-00390.jpg": {"object_bounding_box": [761, 491, 178, 191], "object_presence": 1}, "P940--apple-airpods--clutter--5-6kibSKhuWLF3QF4lqGU4e4PTeksp55EROMsjLqies-00391.jpg": {"object_bounding_box": [757, 488, 178, 191], "object_presence": 1}, "P940--apple-airpods--clutter--5-6kibSKhuWLF3QF4lqGU4e4PTeksp55EROMsjLqies-00392.jpg": {"object_bounding_box": [753, 485, 178, 191], "object_presence": 1}, "P940--apple-airpods--clutter--5-6kibSKhuWLF3QF4lqGU4e4PTeksp55EROMsjLqies-00393.jpg": {"object_bounding_box": [754, 481, 178, 192], "object_presence": 1}, "P940--apple-airpods--clutter--5-6kibSKhuWLF3QF4lqGU4e4PTeksp55EROMsjLqies-00394.jpg": {"object_bounding_box": [757, 475, 177, 193], "object_presence": 1}, "P940--apple-airpods--clutter--5-6kibSKhuWLF3QF4lqGU4e4PTeksp55EROMsjLqies-00395.jpg": {"object_bounding_box": [760, 468, 178, 194], "object_presence": 1}, "P940--apple-airpods--clutter--5-6kibSKhuWLF3QF4lqGU4e4PTeksp55EROMsjLqies-00396.jpg": {"object_bounding_box": [762, 462, 180, 194], "object_presence": 1}, "P940--apple-airpods--clutter--5-6kibSKhuWLF3QF4lqGU4e4PTeksp55EROMsjLqies-00397.jpg": {"object_bounding_box": [769, 457, 180, 194], "object_presence": 1}, "P940--apple-airpods--clutter--5-6kibSKhuWLF3QF4lqGU4e4PTeksp55EROMsjLqies-00398.jpg": {"object_bounding_box": [771, 453, 180, 194], "object_presence": 1}, "P940--apple-airpods--clutter--5-6kibSKhuWLF3QF4lqGU4e4PTeksp55EROMsjLqies-00399.jpg": {"object_bounding_box": [773, 451, 180, 194], "object_presence": 1}, "P940--apple-airpods--clutter--5-6kibSKhuWLF3QF4lqGU4e4PTeksp55EROMsjLqies-00400.jpg": {"object_bounding_box": [776, 449, 181, 194], "object_presence": 1}, "P940--apple-airpods--clutter--5-6kibSKhuWLF3QF4lqGU4e4PTeksp55EROMsjLqies-00401.jpg": {"object_bounding_box": [779, 447, 182, 193], "object_presence": 1}, "P940--apple-airpods--clutter--5-6kibSKhuWLF3QF4lqGU4e4PTeksp55EROMsjLqies-00402.jpg": {"object_bounding_box": [780, 443, 182, 193], "object_presence": 1}, "P940--apple-airpods--clutter--5-6kibSKhuWLF3QF4lqGU4e4PTeksp55EROMsjLqies-00403.jpg": {"object_bounding_box": [782, 439, 182, 193], "object_presence": 1}, "P940--apple-airpods--clutter--5-6kibSKhuWLF3QF4lqGU4e4PTeksp55EROMsjLqies-00404.jpg": {"object_bounding_box": [787, 430, 182, 196], "object_presence": 1}, "P940--apple-airpods--clutter--5-6kibSKhuWLF3QF4lqGU4e4PTeksp55EROMsjLqies-00405.jpg": {"object_bounding_box": [792, 421, 182, 196], "object_presence": 1}, "P940--apple-airpods--clutter--5-6kibSKhuWLF3QF4lqGU4e4PTeksp55EROMsjLqies-00406.jpg": {"object_bounding_box": [796, 411, 182, 196], "object_presence": 1}, "P940--apple-airpods--clutter--5-6kibSKhuWLF3QF4lqGU4e4PTeksp55EROMsjLqies-00407.jpg": {"object_bounding_box": [801, 403, 182, 196], "object_presence": 1}, "P940--apple-airpods--clutter--5-6kibSKhuWLF3QF4lqGU4e4PTeksp55EROMsjLqies-00408.jpg": {"object_bounding_box": [804, 397, 182, 196], "object_presence": 1}, "P940--apple-airpods--clutter--5-6kibSKhuWLF3QF4lqGU4e4PTeksp55EROMsjLqies-00409.jpg": {"object_bounding_box": [805, 394, 182, 196], "object_presence": 1}, "P940--apple-airpods--clutter--5-6kibSKhuWLF3QF4lqGU4e4PTeksp55EROMsjLqies-00410.jpg": {"object_bounding_box": [807, 393, 181, 195], "object_presence": 1}, "P940--apple-airpods--clutter--5-6kibSKhuWLF3QF4lqGU4e4PTeksp55EROMsjLqies-00411.jpg": {"object_bounding_box": [807, 391, 182, 196], "object_presence": 1}, "P940--apple-airpods--clutter--5-6kibSKhuWLF3QF4lqGU4e4PTeksp55EROMsjLqies-00412.jpg": {"object_bounding_box": [807, 391, 182, 194], "object_presence": 1}, "P940--apple-airpods--clutter--5-6kibSKhuWLF3QF4lqGU4e4PTeksp55EROMsjLqies-00413.jpg": {"object_bounding_box": [807, 389, 182, 194], "object_presence": 1}, "P940--apple-airpods--clutter--5-6kibSKhuWLF3QF4lqGU4e4PTeksp55EROMsjLqies-00414.jpg": {"object_bounding_box": [807, 387, 182, 194], "object_presence": 1}, "P940--apple-airpods--clutter--5-6kibSKhuWLF3QF4lqGU4e4PTeksp55EROMsjLqies-00415.jpg": {"object_bounding_box": [806, 381, 182, 194], "object_presence": 1}, "P940--apple-airpods--clutter--5-6kibSKhuWLF3QF4lqGU4e4PTeksp55EROMsjLqies-00416.jpg": {"object_bounding_box": [804, 377, 182, 194], "object_presence": 1}, "P940--apple-airpods--clutter--5-6kibSKhuWLF3QF4lqGU4e4PTeksp55EROMsjLqies-00417.jpg": {"object_bounding_box": [802, 369, 182, 196], "object_presence": 1}, "P940--apple-airpods--clutter--5-6kibSKhuWLF3QF4lqGU4e4PTeksp55EROMsjLqies-00418.jpg": {"object_bounding_box": [797, 361, 182, 196], "object_presence": 1}, "P940--apple-airpods--clutter--5-6kibSKhuWLF3QF4lqGU4e4PTeksp55EROMsjLqies-00419.jpg": {"object_bounding_box": [782, 351, 184, 198], "object_presence": 1}, "P940--apple-airpods--clutter--5-6kibSKhuWLF3QF4lqGU4e4PTeksp55EROMsjLqies-00420.jpg": {"object_bounding_box": [766, 340, 184, 198], "object_presence": 1}, "P940--apple-airpods--clutter--5-6kibSKhuWLF3QF4lqGU4e4PTeksp55EROMsjLqies-00421.jpg": {"object_bounding_box": [750, 326, 186, 200], "object_presence": 1}, "P940--apple-airpods--clutter--5-6kibSKhuWLF3QF4lqGU4e4PTeksp55EROMsjLqies-00422.jpg": {"object_bounding_box": [730, 317, 189, 198], "object_presence": 1}, "P940--apple-airpods--clutter--5-6kibSKhuWLF3QF4lqGU4e4PTeksp55EROMsjLqies-00423.jpg": {"object_bounding_box": [711, 315, 189, 200], "object_presence": 1}, "P940--apple-airpods--clutter--5-6kibSKhuWLF3QF4lqGU4e4PTeksp55EROMsjLqies-00424.jpg": {"object_bounding_box": [695, 319, 189, 200], "object_presence": 1}, "P940--apple-airpods--clutter--5-6kibSKhuWLF3QF4lqGU4e4PTeksp55EROMsjLqies-00425.jpg": {"object_bounding_box": [687, 324, 186, 202], "object_presence": 1}, "P940--apple-airpods--clutter--5-6kibSKhuWLF3QF4lqGU4e4PTeksp55EROMsjLqies-00426.jpg": {"object_bounding_box": [676, 334, 186, 202], "object_presence": 1}, "P940--apple-airpods--clutter--5-6kibSKhuWLF3QF4lqGU4e4PTeksp55EROMsjLqies-00427.jpg": {"object_bounding_box": [665, 344, 186, 203], "object_presence": 1}, "P940--apple-airpods--clutter--5-6kibSKhuWLF3QF4lqGU4e4PTeksp55EROMsjLqies-00428.jpg": {"object_bounding_box": [654, 357, 186, 203], "object_presence": 1}, "P940--apple-airpods--clutter--5-6kibSKhuWLF3QF4lqGU4e4PTeksp55EROMsjLqies-00429.jpg": {"object_bounding_box": [651, 377, 182, 203], "object_presence": 1}, "P940--apple-airpods--clutter--5-6kibSKhuWLF3QF4lqGU4e4PTeksp55EROMsjLqies-00430.jpg": {"object_bounding_box": [647, 392, 182, 202], "object_presence": 1}, "P940--apple-airpods--clutter--5-6kibSKhuWLF3QF4lqGU4e4PTeksp55EROMsjLqies-00431.jpg": {"object_bounding_box": [645, 400, 181, 202], "object_presence": 1}, "P940--apple-airpods--clutter--5-6kibSKhuWLF3QF4lqGU4e4PTeksp55EROMsjLqies-00432.jpg": {"object_bounding_box": [649, 408, 181, 203], "object_presence": 1}, "P940--apple-airpods--clutter--5-6kibSKhuWLF3QF4lqGU4e4PTeksp55EROMsjLqies-00433.jpg": {"object_bounding_box": [654, 414, 181, 201], "object_presence": 1}, "P940--apple-airpods--clutter--5-6kibSKhuWLF3QF4lqGU4e4PTeksp55EROMsjLqies-00434.jpg": {"object_bounding_box": [656, 415, 181, 205], "object_presence": 1}, "P940--apple-airpods--clutter--5-6kibSKhuWLF3QF4lqGU4e4PTeksp55EROMsjLqies-00435.jpg": {"object_bounding_box": [663, 419, 183, 205], "object_presence": 1}, "P940--apple-airpods--clutter--5-6kibSKhuWLF3QF4lqGU4e4PTeksp55EROMsjLqies-00436.jpg": {"object_bounding_box": [672, 421, 183, 206], "object_presence": 1}, "P940--apple-airpods--clutter--5-6kibSKhuWLF3QF4lqGU4e4PTeksp55EROMsjLqies-00437.jpg": {"object_bounding_box": [677, 427, 183, 206], "object_presence": 1}, "P940--apple-airpods--clutter--5-6kibSKhuWLF3QF4lqGU4e4PTeksp55EROMsjLqies-00438.jpg": {"object_bounding_box": [677, 430, 185, 206], "object_presence": 1}, "P940--apple-airpods--clutter--5-6kibSKhuWLF3QF4lqGU4e4PTeksp55EROMsjLqies-00439.jpg": {"object_bounding_box": [678, 430, 185, 207], "object_presence": 1}, "P940--apple-airpods--clutter--5-6kibSKhuWLF3QF4lqGU4e4PTeksp55EROMsjLqies-00440.jpg": {"object_bounding_box": [678, 432, 185, 210], "object_presence": 1}, "P940--apple-airpods--clutter--5-6kibSKhuWLF3QF4lqGU4e4PTeksp55EROMsjLqies-00441.jpg": {"object_bounding_box": [675, 440, 186, 209], "object_presence": 1}, "P940--apple-airpods--clutter--5-6kibSKhuWLF3QF4lqGU4e4PTeksp55EROMsjLqies-00442.jpg": {"object_bounding_box": [669, 449, 186, 209], "object_presence": 1}, "P940--apple-airpods--clutter--5-6kibSKhuWLF3QF4lqGU4e4PTeksp55EROMsjLqies-00443.jpg": {"object_bounding_box": [667, 458, 186, 209], "object_presence": 1}, "P940--apple-airpods--clutter--5-6kibSKhuWLF3QF4lqGU4e4PTeksp55EROMsjLqies-00444.jpg": {"object_bounding_box": [665, 469, 186, 208], "object_presence": 1}, "P940--apple-airpods--clutter--5-6kibSKhuWLF3QF4lqGU4e4PTeksp55EROMsjLqies-00445.jpg": {"object_bounding_box": [663, 475, 184, 206], "object_presence": 1}, "P940--apple-airpods--clutter--5-6kibSKhuWLF3QF4lqGU4e4PTeksp55EROMsjLqies-00446.jpg": {"object_bounding_box": [660, 478, 184, 206], "object_presence": 1}, "P940--apple-airpods--clutter--5-6kibSKhuWLF3QF4lqGU4e4PTeksp55EROMsjLqies-00447.jpg": {"object_bounding_box": [661, 481, 185, 206], "object_presence": 1}, "P940--apple-airpods--clutter--5-6kibSKhuWLF3QF4lqGU4e4PTeksp55EROMsjLqies-00448.jpg": {"object_bounding_box": [662, 481, 186, 208], "object_presence": 1}, "P940--apple-airpods--clutter--5-6kibSKhuWLF3QF4lqGU4e4PTeksp55EROMsjLqies-00449.jpg": {"object_bounding_box": [663, 481, 186, 208], "object_presence": 1}, "P940--apple-airpods--clutter--5-6kibSKhuWLF3QF4lqGU4e4PTeksp55EROMsjLqies-00450.jpg": {"object_bounding_box": [665, 481, 186, 208], "object_presence": 1}, "P940--apple-airpods--clutter--5-6kibSKhuWLF3QF4lqGU4e4PTeksp55EROMsjLqies-00451.jpg": {"object_bounding_box": [667, 481, 186, 209], "object_presence": 1}, "P940--apple-airpods--clutter--5-6kibSKhuWLF3QF4lqGU4e4PTeksp55EROMsjLqies-00452.jpg": {"object_bounding_box": [667, 480, 188, 210], "object_presence": 1}, "P940--apple-airpods--clutter--5-6kibSKhuWLF3QF4lqGU4e4PTeksp55EROMsjLqies-00453.jpg": {"object_bounding_box": [668, 475, 187, 210], "object_presence": 1}, "P940--apple-airpods--clutter--5-6kibSKhuWLF3QF4lqGU4e4PTeksp55EROMsjLqies-00454.jpg": {"object_bounding_box": [671, 468, 187, 210], "object_presence": 1}, "P940--apple-airpods--clutter--5-6kibSKhuWLF3QF4lqGU4e4PTeksp55EROMsjLqies-00455.jpg": {"object_bounding_box": [673, 456, 187, 212], "object_presence": 1}, "P940--apple-airpods--clutter--5-6kibSKhuWLF3QF4lqGU4e4PTeksp55EROMsjLqies-00456.jpg": {"object_bounding_box": [674, 455, 188, 212], "object_presence": 1}, "P940--apple-airpods--clutter--5-6kibSKhuWLF3QF4lqGU4e4PTeksp55EROMsjLqies-00457.jpg": {"object_bounding_box": [673, 455, 189, 212], "object_presence": 1}, "P940--apple-airpods--clutter--5-6kibSKhuWLF3QF4lqGU4e4PTeksp55EROMsjLqies-00458.jpg": {"object_bounding_box": [672, 455, 189, 212], "object_presence": 1}, "P940--apple-airpods--clutter--5-6kibSKhuWLF3QF4lqGU4e4PTeksp55EROMsjLqies-00459.jpg": {"object_bounding_box": [672, 455, 190, 213], "object_presence": 1}, "P940--apple-airpods--clutter--5-6kibSKhuWLF3QF4lqGU4e4PTeksp55EROMsjLqies-00460.jpg": {"object_bounding_box": [672, 455, 190, 212], "object_presence": 1}, "P940--apple-airpods--clutter--5-6kibSKhuWLF3QF4lqGU4e4PTeksp55EROMsjLqies-00461.jpg": {"object_bounding_box": [672, 456, 190, 212], "object_presence": 1}, "P940--apple-airpods--clutter--5-6kibSKhuWLF3QF4lqGU4e4PTeksp55EROMsjLqies-00462.jpg": {"object_bounding_box": [674, 456, 188, 212], "object_presence": 1}, "P940--apple-airpods--clutter--5-6kibSKhuWLF3QF4lqGU4e4PTeksp55EROMsjLqies-00463.jpg": {"object_bounding_box": [676, 455, 188, 211], "object_presence": 1}, "P940--apple-airpods--clutter--5-6kibSKhuWLF3QF4lqGU4e4PTeksp55EROMsjLqies-00464.jpg": {"object_bounding_box": [678, 455, 186, 210], "object_presence": 1}, "P940--apple-airpods--clutter--5-6kibSKhuWLF3QF4lqGU4e4PTeksp55EROMsjLqies-00465.jpg": {"object_bounding_box": [678, 458, 188, 211], "object_presence": 1}, "P940--apple-airpods--clutter--5-6kibSKhuWLF3QF4lqGU4e4PTeksp55EROMsjLqies-00466.jpg": {"object_bounding_box": [679, 462, 187, 209], "object_presence": 1}, "P940--apple-airpods--clutter--5-6kibSKhuWLF3QF4lqGU4e4PTeksp55EROMsjLqies-00467.jpg": {"object_bounding_box": [681, 463, 187, 209], "object_presence": 1}, "P940--apple-airpods--clutter--5-6kibSKhuWLF3QF4lqGU4e4PTeksp55EROMsjLqies-00468.jpg": {"object_bounding_box": [685, 462, 186, 207], "object_presence": 1}, "P940--apple-airpods--clutter--5-6kibSKhuWLF3QF4lqGU4e4PTeksp55EROMsjLqies-00469.jpg": {"object_bounding_box": [687, 461, 186, 207], "object_presence": 1}, "P940--apple-airpods--clutter--5-6kibSKhuWLF3QF4lqGU4e4PTeksp55EROMsjLqies-00470.jpg": {"object_bounding_box": [693, 461, 186, 206], "object_presence": 1}, "P940--apple-airpods--clutter--5-6kibSKhuWLF3QF4lqGU4e4PTeksp55EROMsjLqies-00471.jpg": {"object_bounding_box": [696, 461, 186, 206], "object_presence": 1}, "P940--apple-airpods--clutter--5-6kibSKhuWLF3QF4lqGU4e4PTeksp55EROMsjLqies-00472.jpg": {"object_bounding_box": [698, 464, 186, 206], "object_presence": 1}, "P940--apple-airpods--clutter--5-6kibSKhuWLF3QF4lqGU4e4PTeksp55EROMsjLqies-00473.jpg": {"object_bounding_box": [702, 463, 186, 206], "object_presence": 1}, "P940--apple-airpods--clutter--5-6kibSKhuWLF3QF4lqGU4e4PTeksp55EROMsjLqies-00474.jpg": {"object_bounding_box": [708, 464, 186, 206], "object_presence": 1}, "P940--apple-airpods--clutter--5-6kibSKhuWLF3QF4lqGU4e4PTeksp55EROMsjLqies-00475.jpg": {"object_bounding_box": [713, 463, 185, 206], "object_presence": 1}, "P940--apple-airpods--clutter--5-6kibSKhuWLF3QF4lqGU4e4PTeksp55EROMsjLqies-00476.jpg": {"object_bounding_box": [716, 464, 182, 202], "object_presence": 1}, "P940--apple-airpods--clutter--5-6kibSKhuWLF3QF4lqGU4e4PTeksp55EROMsjLqies-00477.jpg": {"object_bounding_box": [721, 461, 182, 202], "object_presence": 1}, "P940--apple-airpods--clutter--5-6kibSKhuWLF3QF4lqGU4e4PTeksp55EROMsjLqies-00478.jpg": {"object_bounding_box": [726, 461, 182, 202], "object_presence": 1}, "P940--apple-airpods--clutter--5-6kibSKhuWLF3QF4lqGU4e4PTeksp55EROMsjLqies-00479.jpg": {"object_bounding_box": [729, 463, 182, 202], "object_presence": 1}, "P940--apple-airpods--clutter--5-6kibSKhuWLF3QF4lqGU4e4PTeksp55EROMsjLqies-00480.jpg": {"object_bounding_box": [733, 465, 182, 202], "object_presence": 1}, "P940--apple-airpods--clutter--5-6kibSKhuWLF3QF4lqGU4e4PTeksp55EROMsjLqies-00481.jpg": {"object_bounding_box": [737, 465, 182, 202], "object_presence": 1}, "P940--apple-airpods--clutter--5-6kibSKhuWLF3QF4lqGU4e4PTeksp55EROMsjLqies-00482.jpg": {"object_bounding_box": [743, 464, 182, 202], "object_presence": 1}, "P940--apple-airpods--clutter--5-6kibSKhuWLF3QF4lqGU4e4PTeksp55EROMsjLqies-00483.jpg": {"object_bounding_box": [745, 465, 182, 202], "object_presence": 1}, "P940--apple-airpods--clutter--5-6kibSKhuWLF3QF4lqGU4e4PTeksp55EROMsjLqies-00484.jpg": {"object_bounding_box": [745, 469, 179, 200], "object_presence": 1}, "P940--apple-airpods--clutter--5-6kibSKhuWLF3QF4lqGU4e4PTeksp55EROMsjLqies-00485.jpg": {"object_bounding_box": [747, 476, 179, 198], "object_presence": 1}, "P940--apple-airpods--clutter--5-6kibSKhuWLF3QF4lqGU4e4PTeksp55EROMsjLqies-00486.jpg": {"object_bounding_box": [747, 482, 179, 198], "object_presence": 1}, "P940--apple-airpods--clutter--5-6kibSKhuWLF3QF4lqGU4e4PTeksp55EROMsjLqies-00487.jpg": {"object_bounding_box": [749, 487, 177, 196], "object_presence": 1}, "P940--apple-airpods--clutter--5-6kibSKhuWLF3QF4lqGU4e4PTeksp55EROMsjLqies-00488.jpg": {"object_bounding_box": [755, 491, 175, 195], "object_presence": 1}, "P940--apple-airpods--clutter--5-6kibSKhuWLF3QF4lqGU4e4PTeksp55EROMsjLqies-00489.jpg": {"object_bounding_box": [759, 494, 175, 191], "object_presence": 1}, "P940--apple-airpods--clutter--5-6kibSKhuWLF3QF4lqGU4e4PTeksp55EROMsjLqies-00490.jpg": {"object_bounding_box": [760, 494, 176, 193], "object_presence": 1}, "P940--apple-airpods--clutter--5-6kibSKhuWLF3QF4lqGU4e4PTeksp55EROMsjLqies-00491.jpg": {"object_bounding_box": [763, 497, 175, 194], "object_presence": 1}, "P940--apple-airpods--clutter--5-6kibSKhuWLF3QF4lqGU4e4PTeksp55EROMsjLqies-00492.jpg": {"object_bounding_box": [766, 504, 174, 192], "object_presence": 1}, "P940--apple-airpods--clutter--5-6kibSKhuWLF3QF4lqGU4e4PTeksp55EROMsjLqies-00493.jpg": {"object_bounding_box": [768, 512, 173, 188], "object_presence": 1}, "P940--apple-airpods--clutter--5-6kibSKhuWLF3QF4lqGU4e4PTeksp55EROMsjLqies-00494.jpg": {"object_bounding_box": [770, 522, 171, 188], "object_presence": 1}, "P940--apple-airpods--clutter--5-6kibSKhuWLF3QF4lqGU4e4PTeksp55EROMsjLqies-00495.jpg": {"object_bounding_box": [772, 534, 168, 189], "object_presence": 1}, "P940--apple-airpods--clutter--5-6kibSKhuWLF3QF4lqGU4e4PTeksp55EROMsjLqies-00496.jpg": {"object_bounding_box": [772, 547, 166, 189], "object_presence": 1}, "P940--apple-airpods--clutter--5-6kibSKhuWLF3QF4lqGU4e4PTeksp55EROMsjLqies-00497.jpg": {"object_bounding_box": [771, 563, 166, 189], "object_presence": 1}, "P940--apple-airpods--clutter--5-6kibSKhuWLF3QF4lqGU4e4PTeksp55EROMsjLqies-00498.jpg": {"object_bounding_box": [772, 581, 165, 189], "object_presence": 1}, "P940--apple-airpods--clutter--5-6kibSKhuWLF3QF4lqGU4e4PTeksp55EROMsjLqies-00499.jpg": {"object_bounding_box": [777, 604, 161, 189], "object_presence": 1}, "P940--apple-airpods--clutter--5-6kibSKhuWLF3QF4lqGU4e4PTeksp55EROMsjLqies-00500.jpg": {"object_bounding_box": [778, 629, 159, 189], "object_presence": 1}, "P940--apple-airpods--clutter--5-6kibSKhuWLF3QF4lqGU4e4PTeksp55EROMsjLqies-00501.jpg": {"object_bounding_box": [777, 660, 157, 187], "object_presence": 1}, "P940--apple-airpods--clutter--5-6kibSKhuWLF3QF4lqGU4e4PTeksp55EROMsjLqies-00502.jpg": {"object_bounding_box": [785, 688, 157, 184], "object_presence": 1}, "P940--apple-airpods--clutter--5-6kibSKhuWLF3QF4lqGU4e4PTeksp55EROMsjLqies-00503.jpg": {"object_bounding_box": [796, 714, 155, 178], "object_presence": 1}, "P940--apple-airpods--clutter--5-6kibSKhuWLF3QF4lqGU4e4PTeksp55EROMsjLqies-00504.jpg": {"object_bounding_box": [805, 733, 154, 178], "object_presence": 1}, "P940--apple-airpods--clutter--5-6kibSKhuWLF3QF4lqGU4e4PTeksp55EROMsjLqies-00505.jpg": {"object_bounding_box": [814, 753, 151, 177], "object_presence": 1}, "P940--apple-airpods--clutter--5-6kibSKhuWLF3QF4lqGU4e4PTeksp55EROMsjLqies-00506.jpg": {"object_bounding_box": [826, 776, 151, 176], "object_presence": 1}, "P940--apple-airpods--clutter--5-6kibSKhuWLF3QF4lqGU4e4PTeksp55EROMsjLqies-00507.jpg": {"object_bounding_box": [843, 806, 151, 176], "object_presence": 1}, "P940--apple-airpods--clutter--5-6kibSKhuWLF3QF4lqGU4e4PTeksp55EROMsjLqies-00508.jpg": {"object_bounding_box": [853, 840, 151, 176], "object_presence": 1}, "P940--apple-airpods--clutter--5-6kibSKhuWLF3QF4lqGU4e4PTeksp55EROMsjLqies-00509.jpg": {"object_bounding_box": [860, 877, 149, 178], "object_presence": 1}, "P940--apple-airpods--clutter--5-6kibSKhuWLF3QF4lqGU4e4PTeksp55EROMsjLqies-00510.jpg": {"object_bounding_box": [863, 919, 149, 161], "object_presence": 1}, "P940--apple-airpods--clutter--5-6kibSKhuWLF3QF4lqGU4e4PTeksp55EROMsjLqies-00511.jpg": {"object_bounding_box": [858, 975, 145, 105], "object_presence": 1}, "P940--apple-airpods--clutter--5-6kibSKhuWLF3QF4lqGU4e4PTeksp55EROMsjLqies-00512.jpg": {"object_bounding_box": [847, 1030, 135, 50], "object_presence": 1}, "P940--apple-airpods--clutter--5-6kibSKhuWLF3QF4lqGU4e4PTeksp55EROMsjLqies-00513.jpg": {"object_bounding_box": [0, 0, 0, 0], "object_presence": 0}, "P940--apple-airpods--clutter--5-6kibSKhuWLF3QF4lqGU4e4PTeksp55EROMsjLqies-00514.jpg": {"object_bounding_box": [0, 0, 0, 0], "object_presence": 0}, "P940--apple-airpods--clutter--5-6kibSKhuWLF3QF4lqGU4e4PTeksp55EROMsjLqies-00515.jpg": {"object_bounding_box": [0, 0, 0, 0], "object_presence": 0}, "P940--apple-airpods--clutter--5-6kibSKhuWLF3QF4lqGU4e4PTeksp55EROMsjLqies-00516.jpg": {"object_bounding_box": [0, 0, 0, 0], "object_presence": 0}, "P940--apple-airpods--clutter--5-6kibSKhuWLF3QF4lqGU4e4PTeksp55EROMsjLqies-00517.jpg": {"object_bounding_box": [0, 0, 0, 0], "object_presence": 0}, "P940--apple-airpods--clutter--5-6kibSKhuWLF3QF4lqGU4e4PTeksp55EROMsjLqies-00518.jpg": {"object_bounding_box": [0, 0, 0, 0], "object_presence": 0}, "P940--apple-airpods--clutter--5-6kibSKhuWLF3QF4lqGU4e4PTeksp55EROMsjLqies-00519.jpg": {"object_bounding_box": [0, 0, 0, 0], "object_presence": 0}, "P940--apple-airpods--clutter--5-6kibSKhuWLF3QF4lqGU4e4PTeksp55EROMsjLqies-00520.jpg": {"object_bounding_box": [0, 0, 0, 0], "object_presence": 0}, "P940--apple-airpods--clutter--5-6kibSKhuWLF3QF4lqGU4e4PTeksp55EROMsjLqies-00521.jpg": {"object_bounding_box": [0, 0, 0, 0], "object_presence": 0}, "P940--apple-airpods--clutter--5-6kibSKhuWLF3QF4lqGU4e4PTeksp55EROMsjLqies-00522.jpg": {"object_bounding_box": [0, 0, 0, 0], "object_presence": 0}, "P940--apple-airpods--clutter--5-6kibSKhuWLF3QF4lqGU4e4PTeksp55EROMsjLqies-00523.jpg": {"object_bounding_box": [0, 0, 0, 0], "object_presence": 0}, "P940--apple-airpods--clutter--5-6kibSKhuWLF3QF4lqGU4e4PTeksp55EROMsjLqies-00524.jpg": {"object_bounding_box": [0, 0, 0, 0], "object_presence": 0}, "P940--apple-airpods--clutter--5-6kibSKhuWLF3QF4lqGU4e4PTeksp55EROMsjLqies-00525.jpg": {"object_bounding_box": [0, 0, 0, 0], "object_presence": 0}, "P940--apple-airpods--clutter--5-6kibSKhuWLF3QF4lqGU4e4PTeksp55EROMsjLqies-00526.jpg": {"object_bounding_box": [0, 0, 0, 0], "object_presence": 0}, "P940--apple-airpods--clutter--5-6kibSKhuWLF3QF4lqGU4e4PTeksp55EROMsjLqies-00527.jpg": {"object_bounding_box": [0, 0, 0, 0], "object_presence": 0}, "P940--apple-airpods--clutter--5-6kibSKhuWLF3QF4lqGU4e4PTeksp55EROMsjLqies-00528.jpg": {"object_bounding_box": [0, 0, 0, 0], "object_presence": 0}, "P940--apple-airpods--clutter--5-6kibSKhuWLF3QF4lqGU4e4PTeksp55EROMsjLqies-00529.jpg": {"object_bounding_box": [0, 0, 0, 0], "object_presence": 0}, "P940--apple-airpods--clutter--5-6kibSKhuWLF3QF4lqGU4e4PTeksp55EROMsjLqies-00530.jpg": {"object_bounding_box": [0, 0, 0, 0], "object_presence": 0}, "P940--apple-airpods--clutter--5-6kibSKhuWLF3QF4lqGU4e4PTeksp55EROMsjLqies-00531.jpg": {"object_bounding_box": [0, 0, 0, 0], "object_presence": 0}, "P940--apple-airpods--clutter--5-6kibSKhuWLF3QF4lqGU4e4PTeksp55EROMsjLqies-00532.jpg": {"object_bounding_box": [0, 0, 0, 0], "object_presence": 0}, "P940--apple-airpods--clutter--5-6kibSKhuWLF3QF4lqGU4e4PTeksp55EROMsjLqies-00533.jpg": {"object_bounding_box": [0, 0, 0, 0], "object_presence": 0}, "P940--apple-airpods--clutter--5-6kibSKhuWLF3QF4lqGU4e4PTeksp55EROMsjLqies-00534.jpg": {"object_bounding_box": [0, 0, 0, 0], "object_presence": 0}, "P940--apple-airpods--clutter--5-6kibSKhuWLF3QF4lqGU4e4PTeksp55EROMsjLqies-00535.jpg": {"object_bounding_box": [0, 0, 0, 0], "object_presence": 0}, "P940--apple-airpods--clutter--5-6kibSKhuWLF3QF4lqGU4e4PTeksp55EROMsjLqies-00536.jpg": {"object_bounding_box": [0, 0, 0, 0], "object_presence": 0}, "P940--apple-airpods--clutter--5-6kibSKhuWLF3QF4lqGU4e4PTeksp55EROMsjLqies-00537.jpg": {"object_bounding_box": [0, 0, 0, 0], "object_presence": 0}, "P940--apple-airpods--clutter--5-6kibSKhuWLF3QF4lqGU4e4PTeksp55EROMsjLqies-00538.jpg": {"object_bounding_box": [0, 0, 0, 0], "object_presence": 0}, "P940--apple-airpods--clutter--5-6kibSKhuWLF3QF4lqGU4e4PTeksp55EROMsjLqies-00539.jpg": {"object_bounding_box": [0, 0, 0, 0], "object_presence": 0}, "P940--apple-airpods--clutter--5-6kibSKhuWLF3QF4lqGU4e4PTeksp55EROMsjLqies-00540.jpg": {"object_bounding_box": [0, 0, 0, 0], "object_presence": 0}, "P940--apple-airpods--clutter--5-6kibSKhuWLF3QF4lqGU4e4PTeksp55EROMsjLqies-00541.jpg": {"object_bounding_box": [0, 0, 0, 0], "object_presence": 0}, "P940--apple-airpods--clutter--5-6kibSKhuWLF3QF4lqGU4e4PTeksp55EROMsjLqies-00542.jpg": {"object_bounding_box": [0, 0, 0, 0], "object_presence": 0}, "P940--apple-airpods--clutter--5-6kibSKhuWLF3QF4lqGU4e4PTeksp55EROMsjLqies-00543.jpg": {"object_bounding_box": [0, 0, 0, 0], "object_presence": 0}, "P940--apple-airpods--clutter--5-6kibSKhuWLF3QF4lqGU4e4PTeksp55EROMsjLqies-00544.jpg": {"object_bounding_box": [0, 0, 0, 0], "object_presence": 0}, "P940--apple-airpods--clutter--5-6kibSKhuWLF3QF4lqGU4e4PTeksp55EROMsjLqies-00545.jpg": {"object_bounding_box": [0, 0, 0, 0], "object_presence": 0}, "P940--apple-airpods--clutter--5-6kibSKhuWLF3QF4lqGU4e4PTeksp55EROMsjLqies-00546.jpg": {"object_bounding_box": [0, 0, 0, 0], "object_presence": 0}, "P940--apple-airpods--clutter--5-6kibSKhuWLF3QF4lqGU4e4PTeksp55EROMsjLqies-00547.jpg": {"object_bounding_box": [0, 0, 0, 0], "object_presence": 0}, "P940--apple-airpods--clutter--5-6kibSKhuWLF3QF4lqGU4e4PTeksp55EROMsjLqies-00548.jpg": {"object_bounding_box": [0, 0, 0, 0], "object_presence": 0}, "P940--apple-airpods--clutter--5-6kibSKhuWLF3QF4lqGU4e4PTeksp55EROMsjLqies-00549.jpg": {"object_bounding_box": [0, 0, 0, 0], "object_presence": 0}, "P940--apple-airpods--clutter--5-6kibSKhuWLF3QF4lqGU4e4PTeksp55EROMsjLqies-00550.jpg": {"object_bounding_box": [0, 0, 0, 0], "object_presence": 0}, "P940--apple-airpods--clutter--5-6kibSKhuWLF3QF4lqGU4e4PTeksp55EROMsjLqies-00551.jpg": {"object_bounding_box": [0, 0, 0, 0], "object_presence": 0}, "P940--apple-airpods--clutter--5-6kibSKhuWLF3QF4lqGU4e4PTeksp55EROMsjLqies-00552.jpg": {"object_bounding_box": [0, 0, 0, 0], "object_presence": 0}, "P940--apple-airpods--clutter--5-6kibSKhuWLF3QF4lqGU4e4PTeksp55EROMsjLqies-00553.jpg": {"object_bounding_box": [0, 0, 0, 0], "object_presence": 0}, "P940--apple-airpods--clutter--5-6kibSKhuWLF3QF4lqGU4e4PTeksp55EROMsjLqies-00554.jpg": {"object_bounding_box": [0, 0, 0, 0], "object_presence": 0}, "P940--apple-airpods--clutter--5-6kibSKhuWLF3QF4lqGU4e4PTeksp55EROMsjLqies-00555.jpg": {"object_bounding_box": [0, 0, 0, 0], "object_presence": 0}, "P940--apple-airpods--clutter--5-6kibSKhuWLF3QF4lqGU4e4PTeksp55EROMsjLqies-00556.jpg": {"object_bounding_box": [0, 0, 0, 0], "object_presence": 0}, "P940--apple-airpods--clutter--5-6kibSKhuWLF3QF4lqGU4e4PTeksp55EROMsjLqies-00557.jpg": {"object_bounding_box": [0, 0, 0, 0], "object_presence": 0}, "P940--apple-airpods--clutter--5-6kibSKhuWLF3QF4lqGU4e4PTeksp55EROMsjLqies-00558.jpg": {"object_bounding_box": [0, 0, 0, 0], "object_presence": 0}, "P940--apple-airpods--clutter--5-6kibSKhuWLF3QF4lqGU4e4PTeksp55EROMsjLqies-00559.jpg": {"object_bounding_box": [0, 0, 0, 0], "object_presence": 0}, "P940--apple-airpods--clutter--5-6kibSKhuWLF3QF4lqGU4e4PTeksp55EROMsjLqies-00560.jpg": {"object_bounding_box": [0, 0, 0, 0], "object_presence": 0}, "P940--apple-airpods--clutter--5-6kibSKhuWLF3QF4lqGU4e4PTeksp55EROMsjLqies-00561.jpg": {"object_bounding_box": [0, 0, 0, 0], "object_presence": 0}, "P940--apple-airpods--clutter--5-6kibSKhuWLF3QF4lqGU4e4PTeksp55EROMsjLqies-00562.jpg": {"object_bounding_box": [0, 0, 0, 0], "object_presence": 0}, "P940--apple-airpods--clutter--5-6kibSKhuWLF3QF4lqGU4e4PTeksp55EROMsjLqies-00563.jpg": {"object_bounding_box": [0, 0, 0, 0], "object_presence": 0}, "P940--apple-airpods--clutter--5-6kibSKhuWLF3QF4lqGU4e4PTeksp55EROMsjLqies-00564.jpg": {"object_bounding_box": [0, 0, 0, 0], "object_presence": 0}, "P940--apple-airpods--clutter--5-6kibSKhuWLF3QF4lqGU4e4PTeksp55EROMsjLqies-00565.jpg": {"object_bounding_box": [0, 0, 0, 0], "object_presence": 0}, "P940--apple-airpods--clutter--5-6kibSKhuWLF3QF4lqGU4e4PTeksp55EROMsjLqies-00566.jpg": {"object_bounding_box": [0, 0, 0, 0], "object_presence": 0}, "P940--apple-airpods--clutter--5-6kibSKhuWLF3QF4lqGU4e4PTeksp55EROMsjLqies-00567.jpg": {"object_bounding_box": [0, 0, 0, 0], "object_presence": 0}, "P940--apple-airpods--clutter--5-6kibSKhuWLF3QF4lqGU4e4PTeksp55EROMsjLqies-00568.jpg": {"object_bounding_box": [0, 0, 0, 0], "object_presence": 0}, "P940--apple-airpods--clutter--5-6kibSKhuWLF3QF4lqGU4e4PTeksp55EROMsjLqies-00569.jpg": {"object_bounding_box": [0, 0, 0, 0], "object_presence": 0}, "P940--apple-airpods--clutter--5-6kibSKhuWLF3QF4lqGU4e4PTeksp55EROMsjLqies-00570.jpg": {"object_bounding_box": [0, 0, 0, 0], "object_presence": 0}, "P940--apple-airpods--clutter--5-6kibSKhuWLF3QF4lqGU4e4PTeksp55EROMsjLqies-00571.jpg": {"object_bounding_box": [0, 0, 0, 0], "object_presence": 0}, "P940--apple-airpods--clutter--5-6kibSKhuWLF3QF4lqGU4e4PTeksp55EROMsjLqies-00572.jpg": {"object_bounding_box": [0, 0, 0, 0], "object_presence": 0}, "P940--apple-airpods--clutter--5-6kibSKhuWLF3QF4lqGU4e4PTeksp55EROMsjLqies-00573.jpg": {"object_bounding_box": [0, 0, 0, 0], "object_presence": 0}, "P940--apple-airpods--clutter--5-6kibSKhuWLF3QF4lqGU4e4PTeksp55EROMsjLqies-00574.jpg": {"object_bounding_box": [0, 0, 0, 0], "object_presence": 0}, "P940--apple-airpods--clutter--5-6kibSKhuWLF3QF4lqGU4e4PTeksp55EROMsjLqies-00575.jpg": {"object_bounding_box": [0, 0, 0, 0], "object_presence": 0}, "P940--apple-airpods--clutter--5-6kibSKhuWLF3QF4lqGU4e4PTeksp55EROMsjLqies-00576.jpg": {"object_bounding_box": [0, 0, 0, 0], "object_presence": 0}, "P940--apple-airpods--clutter--5-6kibSKhuWLF3QF4lqGU4e4PTeksp55EROMsjLqies-00577.jpg": {"object_bounding_box": [0, 0, 0, 0], "object_presence": 0}, "P940--apple-airpods--clutter--5-6kibSKhuWLF3QF4lqGU4e4PTeksp55EROMsjLqies-00578.jpg": {"object_bounding_box": [0, 0, 0, 0], "object_presence": 0}, "P940--apple-airpods--clutter--5-6kibSKhuWLF3QF4lqGU4e4PTeksp55EROMsjLqies-00579.jpg": {"object_bounding_box": [0, 0, 0, 0], "object_presence": 0}, "P940--apple-airpods--clutter--5-6kibSKhuWLF3QF4lqGU4e4PTeksp55EROMsjLqies-00580.jpg": {"object_bounding_box": [0, 0, 0, 0], "object_presence": 0}, "P940--apple-airpods--clutter--5-6kibSKhuWLF3QF4lqGU4e4PTeksp55EROMsjLqies-00581.jpg": {"object_bounding_box": [0, 0, 0, 0], "object_presence": 0}, "P940--apple-airpods--clutter--5-6kibSKhuWLF3QF4lqGU4e4PTeksp55EROMsjLqies-00582.jpg": {"object_bounding_box": [0, 0, 0, 0], "object_presence": 0}, "P940--apple-airpods--clutter--5-6kibSKhuWLF3QF4lqGU4e4PTeksp55EROMsjLqies-00583.jpg": {"object_bounding_box": [0, 0, 0, 0], "object_presence": 0}, "P940--apple-airpods--clutter--5-6kibSKhuWLF3QF4lqGU4e4PTeksp55EROMsjLqies-00584.jpg": {"object_bounding_box": [0, 0, 0, 0], "object_presence": 0}, "P940--apple-airpods--clutter--5-6kibSKhuWLF3QF4lqGU4e4PTeksp55EROMsjLqies-00585.jpg": {"object_bounding_box": [0, 0, 0, 0], "object_presence": 0}, "P940--apple-airpods--clutter--5-6kibSKhuWLF3QF4lqGU4e4PTeksp55EROMsjLqies-00586.jpg": {"object_bounding_box": [0, 0, 0, 0], "object_presence": 0}, "P940--apple-airpods--clutter--5-6kibSKhuWLF3QF4lqGU4e4PTeksp55EROMsjLqies-00587.jpg": {"object_bounding_box": [0, 0, 0, 0], "object_presence": 0}, "P940--apple-airpods--clutter--5-6kibSKhuWLF3QF4lqGU4e4PTeksp55EROMsjLqies-00588.jpg": {"object_bounding_box": [0, 0, 0, 0], "object_presence": 0}, "P940--apple-airpods--clutter--5-6kibSKhuWLF3QF4lqGU4e4PTeksp55EROMsjLqies-00589.jpg": {"object_bounding_box": [0, 0, 0, 0], "object_presence": 0}, "P940--apple-airpods--clutter--5-6kibSKhuWLF3QF4lqGU4e4PTeksp55EROMsjLqies-00590.jpg": {"object_bounding_box": [0, 0, 0, 0], "object_presence": 0}, "P940--apple-airpods--clutter--5-6kibSKhuWLF3QF4lqGU4e4PTeksp55EROMsjLqies-00591.jpg": {"object_bounding_box": [0, 0, 0, 0], "object_presence": 0}, "P940--apple-airpods--clutter--5-6kibSKhuWLF3QF4lqGU4e4PTeksp55EROMsjLqies-00592.jpg": {"object_bounding_box": [0, 0, 0, 0], "object_presence": 0}, "P940--apple-airpods--clutter--5-6kibSKhuWLF3QF4lqGU4e4PTeksp55EROMsjLqies-00593.jpg": {"object_bounding_box": [0, 0, 0, 0], "object_presence": 0}, "P940--apple-airpods--clutter--5-6kibSKhuWLF3QF4lqGU4e4PTeksp55EROMsjLqies-00594.jpg": {"object_bounding_box": [0, 0, 0, 0], "object_presence": 0}, "P940--apple-airpods--clutter--5-6kibSKhuWLF3QF4lqGU4e4PTeksp55EROMsjLqies-00595.jpg": {"object_bounding_box": [0, 0, 0, 0], "object_presence": 0}, "P940--apple-airpods--clutter--5-6kibSKhuWLF3QF4lqGU4e4PTeksp55EROMsjLqies-00596.jpg": {"object_bounding_box": [0, 0, 0, 0], "object_presence": 0}, "P940--apple-airpods--clutter--5-6kibSKhuWLF3QF4lqGU4e4PTeksp55EROMsjLqies-00597.jpg": {"object_bounding_box": [0, 0, 0, 0], "object_presence": 0}, "P940--apple-airpods--clutter--5-6kibSKhuWLF3QF4lqGU4e4PTeksp55EROMsjLqies-00598.jpg": {"object_bounding_box": [0, 0, 0, 0], "object_presence": 0}, "P940--apple-airpods--clutter--5-6kibSKhuWLF3QF4lqGU4e4PTeksp55EROMsjLqies-00599.jpg": {"object_bounding_box": [0, 0, 0, 0], "object_presence": 0}}