{"P996--usb--clutter--UNfjuR3LYMWqdQajU3Yyt3a7CbgdX0m_kXD-jiGLlN8-00001.jpg": {"object_bounding_box": [327, 622, 655, 228], "object_presence": 1}, "P996--usb--clutter--UNfjuR3LYMWqdQajU3Yyt3a7CbgdX0m_kXD-jiGLlN8-00002.jpg": {"object_bounding_box": [324, 614, 648, 228], "object_presence": 1}, "P996--usb--clutter--UNfjuR3LYMWqdQajU3Yyt3a7CbgdX0m_kXD-jiGLlN8-00003.jpg": {"object_bounding_box": [322, 614, 645, 228], "object_presence": 1}, "P996--usb--clutter--UNfjuR3LYMWqdQajU3Yyt3a7CbgdX0m_kXD-jiGLlN8-00004.jpg": {"object_bounding_box": [323, 612, 645, 229], "object_presence": 1}, "P996--usb--clutter--UNfjuR3LYMWqdQajU3Yyt3a7CbgdX0m_kXD-jiGLlN8-00005.jpg": {"object_bounding_box": [320, 603, 640, 227], "object_presence": 1}, "P996--usb--clutter--UNfjuR3LYMWqdQajU3Yyt3a7CbgdX0m_kXD-jiGLlN8-00006.jpg": {"object_bounding_box": [318, 596, 636, 228], "object_presence": 1}, "P996--usb--clutter--UNfjuR3LYMWqdQajU3Yyt3a7CbgdX0m_kXD-jiGLlN8-00007.jpg": {"object_bounding_box": [317, 591, 634, 227], "object_presence": 1}, "P996--usb--clutter--UNfjuR3LYMWqdQajU3Yyt3a7CbgdX0m_kXD-jiGLlN8-00008.jpg": {"object_bounding_box": [317, 587, 634, 225], "object_presence": 1}, "P996--usb--clutter--UNfjuR3LYMWqdQajU3Yyt3a7CbgdX0m_kXD-jiGLlN8-00009.jpg": {"object_bounding_box": [317, 586, 635, 230], "object_presence": 1}, "P996--usb--clutter--UNfjuR3LYMWqdQajU3Yyt3a7CbgdX0m_kXD-jiGLlN8-00010.jpg": {"object_bounding_box": [317, 585, 635, 229], "object_presence": 1}, "P996--usb--clutter--UNfjuR3LYMWqdQajU3Yyt3a7CbgdX0m_kXD-jiGLlN8-00011.jpg": {"object_bounding_box": [318, 588, 636, 230], "object_presence": 1}, "P996--usb--clutter--UNfjuR3LYMWqdQajU3Yyt3a7CbgdX0m_kXD-jiGLlN8-00012.jpg": {"object_bounding_box": [320, 590, 639, 232], "object_presence": 1}, "P996--usb--clutter--UNfjuR3LYMWqdQajU3Yyt3a7CbgdX0m_kXD-jiGLlN8-00013.jpg": {"object_bounding_box": [320, 591, 640, 235], "object_presence": 1}, "P996--usb--clutter--UNfjuR3LYMWqdQajU3Yyt3a7CbgdX0m_kXD-jiGLlN8-00014.jpg": {"object_bounding_box": [320, 589, 640, 227], "object_presence": 1}, "P996--usb--clutter--UNfjuR3LYMWqdQajU3Yyt3a7CbgdX0m_kXD-jiGLlN8-00015.jpg": {"object_bounding_box": [321, 588, 642, 223], "object_presence": 1}, "P996--usb--clutter--UNfjuR3LYMWqdQajU3Yyt3a7CbgdX0m_kXD-jiGLlN8-00016.jpg": {"object_bounding_box": [322, 588, 643, 229], "object_presence": 1}, "P996--usb--clutter--UNfjuR3LYMWqdQajU3Yyt3a7CbgdX0m_kXD-jiGLlN8-00017.jpg": {"object_bounding_box": [322, 588, 644, 230], "object_presence": 1}, "P996--usb--clutter--UNfjuR3LYMWqdQajU3Yyt3a7CbgdX0m_kXD-jiGLlN8-00018.jpg": {"object_bounding_box": [322, 587, 643, 233], "object_presence": 1}, "P996--usb--clutter--UNfjuR3LYMWqdQajU3Yyt3a7CbgdX0m_kXD-jiGLlN8-00019.jpg": {"object_bounding_box": [322, 587, 643, 232], "object_presence": 1}, "P996--usb--clutter--UNfjuR3LYMWqdQajU3Yyt3a7CbgdX0m_kXD-jiGLlN8-00020.jpg": {"object_bounding_box": [322, 586, 645, 231], "object_presence": 1}, "P996--usb--clutter--UNfjuR3LYMWqdQajU3Yyt3a7CbgdX0m_kXD-jiGLlN8-00021.jpg": {"object_bounding_box": [323, 588, 646, 236], "object_presence": 1}, "P996--usb--clutter--UNfjuR3LYMWqdQajU3Yyt3a7CbgdX0m_kXD-jiGLlN8-00022.jpg": {"object_bounding_box": [323, 587, 646, 234], "object_presence": 1}, "P996--usb--clutter--UNfjuR3LYMWqdQajU3Yyt3a7CbgdX0m_kXD-jiGLlN8-00023.jpg": {"object_bounding_box": [324, 588, 648, 230], "object_presence": 1}, "P996--usb--clutter--UNfjuR3LYMWqdQajU3Yyt3a7CbgdX0m_kXD-jiGLlN8-00024.jpg": {"object_bounding_box": [325, 591, 651, 233], "object_presence": 1}, "P996--usb--clutter--UNfjuR3LYMWqdQajU3Yyt3a7CbgdX0m_kXD-jiGLlN8-00025.jpg": {"object_bounding_box": [326, 589, 652, 230], "object_presence": 1}, "P996--usb--clutter--UNfjuR3LYMWqdQajU3Yyt3a7CbgdX0m_kXD-jiGLlN8-00026.jpg": {"object_bounding_box": [326, 589, 653, 229], "object_presence": 1}, "P996--usb--clutter--UNfjuR3LYMWqdQajU3Yyt3a7CbgdX0m_kXD-jiGLlN8-00027.jpg": {"object_bounding_box": [328, 590, 656, 228], "object_presence": 1}, "P996--usb--clutter--UNfjuR3LYMWqdQajU3Yyt3a7CbgdX0m_kXD-jiGLlN8-00028.jpg": {"object_bounding_box": [329, 595, 658, 233], "object_presence": 1}, "P996--usb--clutter--UNfjuR3LYMWqdQajU3Yyt3a7CbgdX0m_kXD-jiGLlN8-00029.jpg": {"object_bounding_box": [330, 599, 660, 237], "object_presence": 1}, "P996--usb--clutter--UNfjuR3LYMWqdQajU3Yyt3a7CbgdX0m_kXD-jiGLlN8-00030.jpg": {"object_bounding_box": [331, 600, 662, 234], "object_presence": 1}, "P996--usb--clutter--UNfjuR3LYMWqdQajU3Yyt3a7CbgdX0m_kXD-jiGLlN8-00031.jpg": {"object_bounding_box": [333, 600, 666, 234], "object_presence": 1}, "P996--usb--clutter--UNfjuR3LYMWqdQajU3Yyt3a7CbgdX0m_kXD-jiGLlN8-00032.jpg": {"object_bounding_box": [335, 599, 669, 235], "object_presence": 1}, "P996--usb--clutter--UNfjuR3LYMWqdQajU3Yyt3a7CbgdX0m_kXD-jiGLlN8-00033.jpg": {"object_bounding_box": [338, 600, 675, 234], "object_presence": 1}, "P996--usb--clutter--UNfjuR3LYMWqdQajU3Yyt3a7CbgdX0m_kXD-jiGLlN8-00034.jpg": {"object_bounding_box": [339, 598, 678, 229], "object_presence": 1}, "P996--usb--clutter--UNfjuR3LYMWqdQajU3Yyt3a7CbgdX0m_kXD-jiGLlN8-00035.jpg": {"object_bounding_box": [344, 599, 677, 230], "object_presence": 1}, "P996--usb--clutter--UNfjuR3LYMWqdQajU3Yyt3a7CbgdX0m_kXD-jiGLlN8-00036.jpg": {"object_bounding_box": [347, 602, 674, 230], "object_presence": 1}, "P996--usb--clutter--UNfjuR3LYMWqdQajU3Yyt3a7CbgdX0m_kXD-jiGLlN8-00037.jpg": {"object_bounding_box": [349, 602, 674, 230], "object_presence": 1}, "P996--usb--clutter--UNfjuR3LYMWqdQajU3Yyt3a7CbgdX0m_kXD-jiGLlN8-00038.jpg": {"object_bounding_box": [351, 602, 674, 230], "object_presence": 1}, "P996--usb--clutter--UNfjuR3LYMWqdQajU3Yyt3a7CbgdX0m_kXD-jiGLlN8-00039.jpg": {"object_bounding_box": [351, 598, 674, 227], "object_presence": 1}, "P996--usb--clutter--UNfjuR3LYMWqdQajU3Yyt3a7CbgdX0m_kXD-jiGLlN8-00040.jpg": {"object_bounding_box": [350, 596, 675, 228], "object_presence": 1}, "P996--usb--clutter--UNfjuR3LYMWqdQajU3Yyt3a7CbgdX0m_kXD-jiGLlN8-00041.jpg": {"object_bounding_box": [349, 593, 677, 230], "object_presence": 1}, "P996--usb--clutter--UNfjuR3LYMWqdQajU3Yyt3a7CbgdX0m_kXD-jiGLlN8-00042.jpg": {"object_bounding_box": [349, 592, 678, 228], "object_presence": 1}, "P996--usb--clutter--UNfjuR3LYMWqdQajU3Yyt3a7CbgdX0m_kXD-jiGLlN8-00043.jpg": {"object_bounding_box": [349, 593, 678, 226], "object_presence": 1}, "P996--usb--clutter--UNfjuR3LYMWqdQajU3Yyt3a7CbgdX0m_kXD-jiGLlN8-00044.jpg": {"object_bounding_box": [349, 592, 678, 228], "object_presence": 1}, "P996--usb--clutter--UNfjuR3LYMWqdQajU3Yyt3a7CbgdX0m_kXD-jiGLlN8-00045.jpg": {"object_bounding_box": [350, 590, 675, 231], "object_presence": 1}, "P996--usb--clutter--UNfjuR3LYMWqdQajU3Yyt3a7CbgdX0m_kXD-jiGLlN8-00046.jpg": {"object_bounding_box": [352, 591, 674, 229], "object_presence": 1}, "P996--usb--clutter--UNfjuR3LYMWqdQajU3Yyt3a7CbgdX0m_kXD-jiGLlN8-00047.jpg": {"object_bounding_box": [353, 592, 675, 227], "object_presence": 1}, "P996--usb--clutter--UNfjuR3LYMWqdQajU3Yyt3a7CbgdX0m_kXD-jiGLlN8-00048.jpg": {"object_bounding_box": [355, 593, 674, 225], "object_presence": 1}, "P996--usb--clutter--UNfjuR3LYMWqdQajU3Yyt3a7CbgdX0m_kXD-jiGLlN8-00049.jpg": {"object_bounding_box": [356, 593, 674, 225], "object_presence": 1}, "P996--usb--clutter--UNfjuR3LYMWqdQajU3Yyt3a7CbgdX0m_kXD-jiGLlN8-00050.jpg": {"object_bounding_box": [357, 594, 674, 224], "object_presence": 1}, "P996--usb--clutter--UNfjuR3LYMWqdQajU3Yyt3a7CbgdX0m_kXD-jiGLlN8-00051.jpg": {"object_bounding_box": [358, 593, 675, 225], "object_presence": 1}, "P996--usb--clutter--UNfjuR3LYMWqdQajU3Yyt3a7CbgdX0m_kXD-jiGLlN8-00052.jpg": {"object_bounding_box": [358, 593, 674, 226], "object_presence": 1}, "P996--usb--clutter--UNfjuR3LYMWqdQajU3Yyt3a7CbgdX0m_kXD-jiGLlN8-00053.jpg": {"object_bounding_box": [358, 593, 674, 226], "object_presence": 1}, "P996--usb--clutter--UNfjuR3LYMWqdQajU3Yyt3a7CbgdX0m_kXD-jiGLlN8-00054.jpg": {"object_bounding_box": [359, 593, 673, 226], "object_presence": 1}, "P996--usb--clutter--UNfjuR3LYMWqdQajU3Yyt3a7CbgdX0m_kXD-jiGLlN8-00055.jpg": {"object_bounding_box": [358, 593, 674, 226], "object_presence": 1}, "P996--usb--clutter--UNfjuR3LYMWqdQajU3Yyt3a7CbgdX0m_kXD-jiGLlN8-00056.jpg": {"object_bounding_box": [358, 593, 674, 225], "object_presence": 1}, "P996--usb--clutter--UNfjuR3LYMWqdQajU3Yyt3a7CbgdX0m_kXD-jiGLlN8-00057.jpg": {"object_bounding_box": [358, 593, 673, 226], "object_presence": 1}, "P996--usb--clutter--UNfjuR3LYMWqdQajU3Yyt3a7CbgdX0m_kXD-jiGLlN8-00058.jpg": {"object_bounding_box": [358, 593, 673, 226], "object_presence": 1}, "P996--usb--clutter--UNfjuR3LYMWqdQajU3Yyt3a7CbgdX0m_kXD-jiGLlN8-00059.jpg": {"object_bounding_box": [360, 592, 675, 228], "object_presence": 1}, "P996--usb--clutter--UNfjuR3LYMWqdQajU3Yyt3a7CbgdX0m_kXD-jiGLlN8-00060.jpg": {"object_bounding_box": [361, 590, 675, 228], "object_presence": 1}, "P996--usb--clutter--UNfjuR3LYMWqdQajU3Yyt3a7CbgdX0m_kXD-jiGLlN8-00061.jpg": {"object_bounding_box": [363, 590, 676, 225], "object_presence": 1}, "P996--usb--clutter--UNfjuR3LYMWqdQajU3Yyt3a7CbgdX0m_kXD-jiGLlN8-00062.jpg": {"object_bounding_box": [364, 589, 675, 224], "object_presence": 1}, "P996--usb--clutter--UNfjuR3LYMWqdQajU3Yyt3a7CbgdX0m_kXD-jiGLlN8-00063.jpg": {"object_bounding_box": [365, 588, 675, 224], "object_presence": 1}, "P996--usb--clutter--UNfjuR3LYMWqdQajU3Yyt3a7CbgdX0m_kXD-jiGLlN8-00064.jpg": {"object_bounding_box": [367, 589, 679, 229], "object_presence": 1}, "P996--usb--clutter--UNfjuR3LYMWqdQajU3Yyt3a7CbgdX0m_kXD-jiGLlN8-00065.jpg": {"object_bounding_box": [367, 588, 679, 227], "object_presence": 1}, "P996--usb--clutter--UNfjuR3LYMWqdQajU3Yyt3a7CbgdX0m_kXD-jiGLlN8-00066.jpg": {"object_bounding_box": [369, 586, 679, 224], "object_presence": 1}, "P996--usb--clutter--UNfjuR3LYMWqdQajU3Yyt3a7CbgdX0m_kXD-jiGLlN8-00067.jpg": {"object_bounding_box": [369, 586, 682, 227], "object_presence": 1}, "P996--usb--clutter--UNfjuR3LYMWqdQajU3Yyt3a7CbgdX0m_kXD-jiGLlN8-00068.jpg": {"object_bounding_box": [370, 587, 680, 231], "object_presence": 1}, "P996--usb--clutter--UNfjuR3LYMWqdQajU3Yyt3a7CbgdX0m_kXD-jiGLlN8-00069.jpg": {"object_bounding_box": [371, 586, 683, 227], "object_presence": 1}, "P996--usb--clutter--UNfjuR3LYMWqdQajU3Yyt3a7CbgdX0m_kXD-jiGLlN8-00070.jpg": {"object_bounding_box": [371, 586, 681, 227], "object_presence": 1}, "P996--usb--clutter--UNfjuR3LYMWqdQajU3Yyt3a7CbgdX0m_kXD-jiGLlN8-00071.jpg": {"object_bounding_box": [373, 586, 683, 227], "object_presence": 1}, "P996--usb--clutter--UNfjuR3LYMWqdQajU3Yyt3a7CbgdX0m_kXD-jiGLlN8-00072.jpg": {"object_bounding_box": [375, 586, 684, 227], "object_presence": 1}, "P996--usb--clutter--UNfjuR3LYMWqdQajU3Yyt3a7CbgdX0m_kXD-jiGLlN8-00073.jpg": {"object_bounding_box": [376, 586, 686, 227], "object_presence": 1}, "P996--usb--clutter--UNfjuR3LYMWqdQajU3Yyt3a7CbgdX0m_kXD-jiGLlN8-00074.jpg": {"object_bounding_box": [377, 587, 684, 229], "object_presence": 1}, "P996--usb--clutter--UNfjuR3LYMWqdQajU3Yyt3a7CbgdX0m_kXD-jiGLlN8-00075.jpg": {"object_bounding_box": [377, 587, 683, 229], "object_presence": 1}, "P996--usb--clutter--UNfjuR3LYMWqdQajU3Yyt3a7CbgdX0m_kXD-jiGLlN8-00076.jpg": {"object_bounding_box": [376, 585, 684, 226], "object_presence": 1}, "P996--usb--clutter--UNfjuR3LYMWqdQajU3Yyt3a7CbgdX0m_kXD-jiGLlN8-00077.jpg": {"object_bounding_box": [374, 587, 684, 228], "object_presence": 1}, "P996--usb--clutter--UNfjuR3LYMWqdQajU3Yyt3a7CbgdX0m_kXD-jiGLlN8-00078.jpg": {"object_bounding_box": [375, 587, 684, 230], "object_presence": 1}, "P996--usb--clutter--UNfjuR3LYMWqdQajU3Yyt3a7CbgdX0m_kXD-jiGLlN8-00079.jpg": {"object_bounding_box": [374, 587, 682, 229], "object_presence": 1}, "P996--usb--clutter--UNfjuR3LYMWqdQajU3Yyt3a7CbgdX0m_kXD-jiGLlN8-00080.jpg": {"object_bounding_box": [373, 586, 684, 227], "object_presence": 1}, "P996--usb--clutter--UNfjuR3LYMWqdQajU3Yyt3a7CbgdX0m_kXD-jiGLlN8-00081.jpg": {"object_bounding_box": [373, 584, 681, 225], "object_presence": 1}, "P996--usb--clutter--UNfjuR3LYMWqdQajU3Yyt3a7CbgdX0m_kXD-jiGLlN8-00082.jpg": {"object_bounding_box": [374, 584, 684, 224], "object_presence": 1}, "P996--usb--clutter--UNfjuR3LYMWqdQajU3Yyt3a7CbgdX0m_kXD-jiGLlN8-00083.jpg": {"object_bounding_box": [373, 586, 683, 227], "object_presence": 1}, "P996--usb--clutter--UNfjuR3LYMWqdQajU3Yyt3a7CbgdX0m_kXD-jiGLlN8-00084.jpg": {"object_bounding_box": [373, 585, 684, 226], "object_presence": 1}, "P996--usb--clutter--UNfjuR3LYMWqdQajU3Yyt3a7CbgdX0m_kXD-jiGLlN8-00085.jpg": {"object_bounding_box": [373, 587, 683, 228], "object_presence": 1}, "P996--usb--clutter--UNfjuR3LYMWqdQajU3Yyt3a7CbgdX0m_kXD-jiGLlN8-00086.jpg": {"object_bounding_box": [373, 586, 683, 228], "object_presence": 1}, "P996--usb--clutter--UNfjuR3LYMWqdQajU3Yyt3a7CbgdX0m_kXD-jiGLlN8-00087.jpg": {"object_bounding_box": [375, 587, 681, 230], "object_presence": 1}, "P996--usb--clutter--UNfjuR3LYMWqdQajU3Yyt3a7CbgdX0m_kXD-jiGLlN8-00088.jpg": {"object_bounding_box": [377, 587, 682, 230], "object_presence": 1}, "P996--usb--clutter--UNfjuR3LYMWqdQajU3Yyt3a7CbgdX0m_kXD-jiGLlN8-00089.jpg": {"object_bounding_box": [379, 590, 680, 229], "object_presence": 1}, "P996--usb--clutter--UNfjuR3LYMWqdQajU3Yyt3a7CbgdX0m_kXD-jiGLlN8-00090.jpg": {"object_bounding_box": [378, 589, 682, 233], "object_presence": 1}, "P996--usb--clutter--UNfjuR3LYMWqdQajU3Yyt3a7CbgdX0m_kXD-jiGLlN8-00091.jpg": {"object_bounding_box": [378, 589, 682, 233], "object_presence": 1}, "P996--usb--clutter--UNfjuR3LYMWqdQajU3Yyt3a7CbgdX0m_kXD-jiGLlN8-00092.jpg": {"object_bounding_box": [378, 588, 682, 233], "object_presence": 1}, "P996--usb--clutter--UNfjuR3LYMWqdQajU3Yyt3a7CbgdX0m_kXD-jiGLlN8-00093.jpg": {"object_bounding_box": [377, 586, 681, 231], "object_presence": 1}, "P996--usb--clutter--UNfjuR3LYMWqdQajU3Yyt3a7CbgdX0m_kXD-jiGLlN8-00094.jpg": {"object_bounding_box": [378, 587, 681, 233], "object_presence": 1}, "P996--usb--clutter--UNfjuR3LYMWqdQajU3Yyt3a7CbgdX0m_kXD-jiGLlN8-00095.jpg": {"object_bounding_box": [377, 586, 681, 233], "object_presence": 1}, "P996--usb--clutter--UNfjuR3LYMWqdQajU3Yyt3a7CbgdX0m_kXD-jiGLlN8-00096.jpg": {"object_bounding_box": [377, 585, 681, 234], "object_presence": 1}, "P996--usb--clutter--UNfjuR3LYMWqdQajU3Yyt3a7CbgdX0m_kXD-jiGLlN8-00097.jpg": {"object_bounding_box": [378, 585, 684, 234], "object_presence": 1}, "P996--usb--clutter--UNfjuR3LYMWqdQajU3Yyt3a7CbgdX0m_kXD-jiGLlN8-00098.jpg": {"object_bounding_box": [377, 584, 684, 234], "object_presence": 1}, "P996--usb--clutter--UNfjuR3LYMWqdQajU3Yyt3a7CbgdX0m_kXD-jiGLlN8-00099.jpg": {"object_bounding_box": [379, 584, 683, 231], "object_presence": 1}, "P996--usb--clutter--UNfjuR3LYMWqdQajU3Yyt3a7CbgdX0m_kXD-jiGLlN8-00100.jpg": {"object_bounding_box": [379, 584, 684, 231], "object_presence": 1}, "P996--usb--clutter--UNfjuR3LYMWqdQajU3Yyt3a7CbgdX0m_kXD-jiGLlN8-00101.jpg": {"object_bounding_box": [379, 583, 685, 233], "object_presence": 1}, "P996--usb--clutter--UNfjuR3LYMWqdQajU3Yyt3a7CbgdX0m_kXD-jiGLlN8-00102.jpg": {"object_bounding_box": [374, 582, 694, 234], "object_presence": 1}, "P996--usb--clutter--UNfjuR3LYMWqdQajU3Yyt3a7CbgdX0m_kXD-jiGLlN8-00103.jpg": {"object_bounding_box": [377, 583, 687, 232], "object_presence": 1}, "P996--usb--clutter--UNfjuR3LYMWqdQajU3Yyt3a7CbgdX0m_kXD-jiGLlN8-00104.jpg": {"object_bounding_box": [376, 582, 688, 234], "object_presence": 1}, "P996--usb--clutter--UNfjuR3LYMWqdQajU3Yyt3a7CbgdX0m_kXD-jiGLlN8-00105.jpg": {"object_bounding_box": [376, 582, 686, 234], "object_presence": 1}, "P996--usb--clutter--UNfjuR3LYMWqdQajU3Yyt3a7CbgdX0m_kXD-jiGLlN8-00106.jpg": {"object_bounding_box": [377, 582, 688, 235], "object_presence": 1}, "P996--usb--clutter--UNfjuR3LYMWqdQajU3Yyt3a7CbgdX0m_kXD-jiGLlN8-00107.jpg": {"object_bounding_box": [378, 582, 688, 235], "object_presence": 1}, "P996--usb--clutter--UNfjuR3LYMWqdQajU3Yyt3a7CbgdX0m_kXD-jiGLlN8-00108.jpg": {"object_bounding_box": [379, 580, 687, 228], "object_presence": 1}, "P996--usb--clutter--UNfjuR3LYMWqdQajU3Yyt3a7CbgdX0m_kXD-jiGLlN8-00109.jpg": {"object_bounding_box": [379, 582, 686, 234], "object_presence": 1}, "P996--usb--clutter--UNfjuR3LYMWqdQajU3Yyt3a7CbgdX0m_kXD-jiGLlN8-00110.jpg": {"object_bounding_box": [381, 583, 687, 232], "object_presence": 1}, "P996--usb--clutter--UNfjuR3LYMWqdQajU3Yyt3a7CbgdX0m_kXD-jiGLlN8-00111.jpg": {"object_bounding_box": [381, 583, 686, 232], "object_presence": 1}, "P996--usb--clutter--UNfjuR3LYMWqdQajU3Yyt3a7CbgdX0m_kXD-jiGLlN8-00112.jpg": {"object_bounding_box": [381, 582, 686, 234], "object_presence": 1}, "P996--usb--clutter--UNfjuR3LYMWqdQajU3Yyt3a7CbgdX0m_kXD-jiGLlN8-00113.jpg": {"object_bounding_box": [381, 583, 687, 232], "object_presence": 1}, "P996--usb--clutter--UNfjuR3LYMWqdQajU3Yyt3a7CbgdX0m_kXD-jiGLlN8-00114.jpg": {"object_bounding_box": [379, 582, 688, 234], "object_presence": 1}, "P996--usb--clutter--UNfjuR3LYMWqdQajU3Yyt3a7CbgdX0m_kXD-jiGLlN8-00115.jpg": {"object_bounding_box": [377, 583, 688, 233], "object_presence": 1}, "P996--usb--clutter--UNfjuR3LYMWqdQajU3Yyt3a7CbgdX0m_kXD-jiGLlN8-00116.jpg": {"object_bounding_box": [376, 583, 689, 233], "object_presence": 1}, "P996--usb--clutter--UNfjuR3LYMWqdQajU3Yyt3a7CbgdX0m_kXD-jiGLlN8-00117.jpg": {"object_bounding_box": [376, 582, 687, 234], "object_presence": 1}, "P996--usb--clutter--UNfjuR3LYMWqdQajU3Yyt3a7CbgdX0m_kXD-jiGLlN8-00118.jpg": {"object_bounding_box": [376, 583, 687, 233], "object_presence": 1}, "P996--usb--clutter--UNfjuR3LYMWqdQajU3Yyt3a7CbgdX0m_kXD-jiGLlN8-00119.jpg": {"object_bounding_box": [378, 583, 686, 233], "object_presence": 1}, "P996--usb--clutter--UNfjuR3LYMWqdQajU3Yyt3a7CbgdX0m_kXD-jiGLlN8-00120.jpg": {"object_bounding_box": [380, 584, 687, 231], "object_presence": 1}, "P996--usb--clutter--UNfjuR3LYMWqdQajU3Yyt3a7CbgdX0m_kXD-jiGLlN8-00121.jpg": {"object_bounding_box": [385, 584, 689, 231], "object_presence": 1}, "P996--usb--clutter--UNfjuR3LYMWqdQajU3Yyt3a7CbgdX0m_kXD-jiGLlN8-00122.jpg": {"object_bounding_box": [389, 583, 690, 232], "object_presence": 1}, "P996--usb--clutter--UNfjuR3LYMWqdQajU3Yyt3a7CbgdX0m_kXD-jiGLlN8-00123.jpg": {"object_bounding_box": [391, 584, 688, 231], "object_presence": 1}, "P996--usb--clutter--UNfjuR3LYMWqdQajU3Yyt3a7CbgdX0m_kXD-jiGLlN8-00124.jpg": {"object_bounding_box": [391, 584, 689, 231], "object_presence": 1}, "P996--usb--clutter--UNfjuR3LYMWqdQajU3Yyt3a7CbgdX0m_kXD-jiGLlN8-00125.jpg": {"object_bounding_box": [390, 583, 690, 232], "object_presence": 1}, "P996--usb--clutter--UNfjuR3LYMWqdQajU3Yyt3a7CbgdX0m_kXD-jiGLlN8-00126.jpg": {"object_bounding_box": [389, 583, 691, 232], "object_presence": 1}, "P996--usb--clutter--UNfjuR3LYMWqdQajU3Yyt3a7CbgdX0m_kXD-jiGLlN8-00127.jpg": {"object_bounding_box": [391, 583, 692, 232], "object_presence": 1}, "P996--usb--clutter--UNfjuR3LYMWqdQajU3Yyt3a7CbgdX0m_kXD-jiGLlN8-00128.jpg": {"object_bounding_box": [392, 584, 692, 230], "object_presence": 1}, "P996--usb--clutter--UNfjuR3LYMWqdQajU3Yyt3a7CbgdX0m_kXD-jiGLlN8-00129.jpg": {"object_bounding_box": [395, 585, 691, 229], "object_presence": 1}, "P996--usb--clutter--UNfjuR3LYMWqdQajU3Yyt3a7CbgdX0m_kXD-jiGLlN8-00130.jpg": {"object_bounding_box": [400, 584, 691, 230], "object_presence": 1}, "P996--usb--clutter--UNfjuR3LYMWqdQajU3Yyt3a7CbgdX0m_kXD-jiGLlN8-00131.jpg": {"object_bounding_box": [400, 584, 694, 231], "object_presence": 1}, "P996--usb--clutter--UNfjuR3LYMWqdQajU3Yyt3a7CbgdX0m_kXD-jiGLlN8-00132.jpg": {"object_bounding_box": [400, 583, 696, 232], "object_presence": 1}, "P996--usb--clutter--UNfjuR3LYMWqdQajU3Yyt3a7CbgdX0m_kXD-jiGLlN8-00133.jpg": {"object_bounding_box": [398, 582, 697, 234], "object_presence": 1}, "P996--usb--clutter--UNfjuR3LYMWqdQajU3Yyt3a7CbgdX0m_kXD-jiGLlN8-00134.jpg": {"object_bounding_box": [398, 582, 698, 234], "object_presence": 1}, "P996--usb--clutter--UNfjuR3LYMWqdQajU3Yyt3a7CbgdX0m_kXD-jiGLlN8-00135.jpg": {"object_bounding_box": [398, 584, 699, 231], "object_presence": 1}, "P996--usb--clutter--UNfjuR3LYMWqdQajU3Yyt3a7CbgdX0m_kXD-jiGLlN8-00136.jpg": {"object_bounding_box": [397, 584, 699, 231], "object_presence": 1}, "P996--usb--clutter--UNfjuR3LYMWqdQajU3Yyt3a7CbgdX0m_kXD-jiGLlN8-00137.jpg": {"object_bounding_box": [397, 585, 698, 229], "object_presence": 1}, "P996--usb--clutter--UNfjuR3LYMWqdQajU3Yyt3a7CbgdX0m_kXD-jiGLlN8-00138.jpg": {"object_bounding_box": [399, 584, 697, 230], "object_presence": 1}, "P996--usb--clutter--UNfjuR3LYMWqdQajU3Yyt3a7CbgdX0m_kXD-jiGLlN8-00139.jpg": {"object_bounding_box": [399, 585, 696, 228], "object_presence": 1}, "P996--usb--clutter--UNfjuR3LYMWqdQajU3Yyt3a7CbgdX0m_kXD-jiGLlN8-00140.jpg": {"object_bounding_box": [400, 585, 696, 229], "object_presence": 1}, "P996--usb--clutter--UNfjuR3LYMWqdQajU3Yyt3a7CbgdX0m_kXD-jiGLlN8-00141.jpg": {"object_bounding_box": [401, 585, 696, 229], "object_presence": 1}, "P996--usb--clutter--UNfjuR3LYMWqdQajU3Yyt3a7CbgdX0m_kXD-jiGLlN8-00142.jpg": {"object_bounding_box": [400, 585, 695, 229], "object_presence": 1}, "P996--usb--clutter--UNfjuR3LYMWqdQajU3Yyt3a7CbgdX0m_kXD-jiGLlN8-00143.jpg": {"object_bounding_box": [401, 585, 695, 229], "object_presence": 1}, "P996--usb--clutter--UNfjuR3LYMWqdQajU3Yyt3a7CbgdX0m_kXD-jiGLlN8-00144.jpg": {"object_bounding_box": [400, 584, 696, 230], "object_presence": 1}, "P996--usb--clutter--UNfjuR3LYMWqdQajU3Yyt3a7CbgdX0m_kXD-jiGLlN8-00145.jpg": {"object_bounding_box": [400, 585, 697, 229], "object_presence": 1}, "P996--usb--clutter--UNfjuR3LYMWqdQajU3Yyt3a7CbgdX0m_kXD-jiGLlN8-00146.jpg": {"object_bounding_box": [398, 585, 697, 229], "object_presence": 1}, "P996--usb--clutter--UNfjuR3LYMWqdQajU3Yyt3a7CbgdX0m_kXD-jiGLlN8-00147.jpg": {"object_bounding_box": [398, 585, 696, 229], "object_presence": 1}, "P996--usb--clutter--UNfjuR3LYMWqdQajU3Yyt3a7CbgdX0m_kXD-jiGLlN8-00148.jpg": {"object_bounding_box": [399, 584, 695, 230], "object_presence": 1}, "P996--usb--clutter--UNfjuR3LYMWqdQajU3Yyt3a7CbgdX0m_kXD-jiGLlN8-00149.jpg": {"object_bounding_box": [400, 584, 693, 230], "object_presence": 1}, "P996--usb--clutter--UNfjuR3LYMWqdQajU3Yyt3a7CbgdX0m_kXD-jiGLlN8-00150.jpg": {"object_bounding_box": [401, 585, 693, 229], "object_presence": 1}, "P996--usb--clutter--UNfjuR3LYMWqdQajU3Yyt3a7CbgdX0m_kXD-jiGLlN8-00151.jpg": {"object_bounding_box": [405, 585, 695, 229], "object_presence": 1}, "P996--usb--clutter--UNfjuR3LYMWqdQajU3Yyt3a7CbgdX0m_kXD-jiGLlN8-00152.jpg": {"object_bounding_box": [407, 584, 700, 231], "object_presence": 1}, "P996--usb--clutter--UNfjuR3LYMWqdQajU3Yyt3a7CbgdX0m_kXD-jiGLlN8-00153.jpg": {"object_bounding_box": [405, 582, 700, 234], "object_presence": 1}, "P996--usb--clutter--UNfjuR3LYMWqdQajU3Yyt3a7CbgdX0m_kXD-jiGLlN8-00154.jpg": {"object_bounding_box": [402, 581, 701, 236], "object_presence": 1}, "P996--usb--clutter--UNfjuR3LYMWqdQajU3Yyt3a7CbgdX0m_kXD-jiGLlN8-00155.jpg": {"object_bounding_box": [400, 581, 701, 236], "object_presence": 1}, "P996--usb--clutter--UNfjuR3LYMWqdQajU3Yyt3a7CbgdX0m_kXD-jiGLlN8-00156.jpg": {"object_bounding_box": [398, 581, 701, 237], "object_presence": 1}, "P996--usb--clutter--UNfjuR3LYMWqdQajU3Yyt3a7CbgdX0m_kXD-jiGLlN8-00157.jpg": {"object_bounding_box": [396, 581, 701, 237], "object_presence": 1}, "P996--usb--clutter--UNfjuR3LYMWqdQajU3Yyt3a7CbgdX0m_kXD-jiGLlN8-00158.jpg": {"object_bounding_box": [395, 580, 700, 238], "object_presence": 1}, "P996--usb--clutter--UNfjuR3LYMWqdQajU3Yyt3a7CbgdX0m_kXD-jiGLlN8-00159.jpg": {"object_bounding_box": [396, 580, 699, 238], "object_presence": 1}, "P996--usb--clutter--UNfjuR3LYMWqdQajU3Yyt3a7CbgdX0m_kXD-jiGLlN8-00160.jpg": {"object_bounding_box": [396, 580, 700, 238], "object_presence": 1}, "P996--usb--clutter--UNfjuR3LYMWqdQajU3Yyt3a7CbgdX0m_kXD-jiGLlN8-00161.jpg": {"object_bounding_box": [397, 581, 701, 237], "object_presence": 1}, "P996--usb--clutter--UNfjuR3LYMWqdQajU3Yyt3a7CbgdX0m_kXD-jiGLlN8-00162.jpg": {"object_bounding_box": [400, 580, 699, 238], "object_presence": 1}, "P996--usb--clutter--UNfjuR3LYMWqdQajU3Yyt3a7CbgdX0m_kXD-jiGLlN8-00163.jpg": {"object_bounding_box": [400, 579, 699, 240], "object_presence": 1}, "P996--usb--clutter--UNfjuR3LYMWqdQajU3Yyt3a7CbgdX0m_kXD-jiGLlN8-00164.jpg": {"object_bounding_box": [401, 578, 695, 237], "object_presence": 1}, "P996--usb--clutter--UNfjuR3LYMWqdQajU3Yyt3a7CbgdX0m_kXD-jiGLlN8-00165.jpg": {"object_bounding_box": [403, 579, 691, 238], "object_presence": 1}, "P996--usb--clutter--UNfjuR3LYMWqdQajU3Yyt3a7CbgdX0m_kXD-jiGLlN8-00166.jpg": {"object_bounding_box": [402, 578, 688, 239], "object_presence": 1}, "P996--usb--clutter--UNfjuR3LYMWqdQajU3Yyt3a7CbgdX0m_kXD-jiGLlN8-00167.jpg": {"object_bounding_box": [401, 580, 690, 239], "object_presence": 1}, "P996--usb--clutter--UNfjuR3LYMWqdQajU3Yyt3a7CbgdX0m_kXD-jiGLlN8-00168.jpg": {"object_bounding_box": [402, 577, 691, 234], "object_presence": 1}, "P996--usb--clutter--UNfjuR3LYMWqdQajU3Yyt3a7CbgdX0m_kXD-jiGLlN8-00169.jpg": {"object_bounding_box": [402, 577, 694, 237], "object_presence": 1}, "P996--usb--clutter--UNfjuR3LYMWqdQajU3Yyt3a7CbgdX0m_kXD-jiGLlN8-00170.jpg": {"object_bounding_box": [403, 579, 694, 239], "object_presence": 1}, "P996--usb--clutter--UNfjuR3LYMWqdQajU3Yyt3a7CbgdX0m_kXD-jiGLlN8-00171.jpg": {"object_bounding_box": [400, 577, 699, 239], "object_presence": 1}, "P996--usb--clutter--UNfjuR3LYMWqdQajU3Yyt3a7CbgdX0m_kXD-jiGLlN8-00172.jpg": {"object_bounding_box": [401, 576, 698, 238], "object_presence": 1}, "P996--usb--clutter--UNfjuR3LYMWqdQajU3Yyt3a7CbgdX0m_kXD-jiGLlN8-00173.jpg": {"object_bounding_box": [398, 573, 703, 239], "object_presence": 1}, "P996--usb--clutter--UNfjuR3LYMWqdQajU3Yyt3a7CbgdX0m_kXD-jiGLlN8-00174.jpg": {"object_bounding_box": [397, 573, 705, 237], "object_presence": 1}, "P996--usb--clutter--UNfjuR3LYMWqdQajU3Yyt3a7CbgdX0m_kXD-jiGLlN8-00175.jpg": {"object_bounding_box": [395, 573, 705, 239], "object_presence": 1}, "P996--usb--clutter--UNfjuR3LYMWqdQajU3Yyt3a7CbgdX0m_kXD-jiGLlN8-00176.jpg": {"object_bounding_box": [395, 572, 707, 240], "object_presence": 1}, "P996--usb--clutter--UNfjuR3LYMWqdQajU3Yyt3a7CbgdX0m_kXD-jiGLlN8-00177.jpg": {"object_bounding_box": [395, 572, 700, 239], "object_presence": 1}, "P996--usb--clutter--UNfjuR3LYMWqdQajU3Yyt3a7CbgdX0m_kXD-jiGLlN8-00178.jpg": {"object_bounding_box": [394, 571, 696, 235], "object_presence": 1}, "P996--usb--clutter--UNfjuR3LYMWqdQajU3Yyt3a7CbgdX0m_kXD-jiGLlN8-00179.jpg": {"object_bounding_box": [394, 570, 695, 237], "object_presence": 1}, "P996--usb--clutter--UNfjuR3LYMWqdQajU3Yyt3a7CbgdX0m_kXD-jiGLlN8-00180.jpg": {"object_bounding_box": [398, 568, 691, 232], "object_presence": 1}, "P996--usb--clutter--UNfjuR3LYMWqdQajU3Yyt3a7CbgdX0m_kXD-jiGLlN8-00181.jpg": {"object_bounding_box": [403, 576, 689, 247], "object_presence": 1}, "P996--usb--clutter--UNfjuR3LYMWqdQajU3Yyt3a7CbgdX0m_kXD-jiGLlN8-00182.jpg": {"object_bounding_box": [409, 573, 681, 242], "object_presence": 1}, "P996--usb--clutter--UNfjuR3LYMWqdQajU3Yyt3a7CbgdX0m_kXD-jiGLlN8-00183.jpg": {"object_bounding_box": [415, 569, 678, 233], "object_presence": 1}, "P996--usb--clutter--UNfjuR3LYMWqdQajU3Yyt3a7CbgdX0m_kXD-jiGLlN8-00184.jpg": {"object_bounding_box": [420, 568, 672, 234], "object_presence": 1}, "P996--usb--clutter--UNfjuR3LYMWqdQajU3Yyt3a7CbgdX0m_kXD-jiGLlN8-00185.jpg": {"object_bounding_box": [424, 566, 666, 229], "object_presence": 1}, "P996--usb--clutter--UNfjuR3LYMWqdQajU3Yyt3a7CbgdX0m_kXD-jiGLlN8-00186.jpg": {"object_bounding_box": [427, 564, 661, 224], "object_presence": 1}, "P996--usb--clutter--UNfjuR3LYMWqdQajU3Yyt3a7CbgdX0m_kXD-jiGLlN8-00187.jpg": {"object_bounding_box": [429, 565, 654, 223], "object_presence": 1}, "P996--usb--clutter--UNfjuR3LYMWqdQajU3Yyt3a7CbgdX0m_kXD-jiGLlN8-00188.jpg": {"object_bounding_box": [432, 567, 644, 219], "object_presence": 1}, "P996--usb--clutter--UNfjuR3LYMWqdQajU3Yyt3a7CbgdX0m_kXD-jiGLlN8-00189.jpg": {"object_bounding_box": [432, 569, 639, 218], "object_presence": 1}, "P996--usb--clutter--UNfjuR3LYMWqdQajU3Yyt3a7CbgdX0m_kXD-jiGLlN8-00190.jpg": {"object_bounding_box": [432, 568, 632, 216], "object_presence": 1}, "P996--usb--clutter--UNfjuR3LYMWqdQajU3Yyt3a7CbgdX0m_kXD-jiGLlN8-00191.jpg": {"object_bounding_box": [430, 568, 627, 212], "object_presence": 1}, "P996--usb--clutter--UNfjuR3LYMWqdQajU3Yyt3a7CbgdX0m_kXD-jiGLlN8-00192.jpg": {"object_bounding_box": [429, 568, 623, 210], "object_presence": 1}, "P996--usb--clutter--UNfjuR3LYMWqdQajU3Yyt3a7CbgdX0m_kXD-jiGLlN8-00193.jpg": {"object_bounding_box": [428, 567, 615, 208], "object_presence": 1}, "P996--usb--clutter--UNfjuR3LYMWqdQajU3Yyt3a7CbgdX0m_kXD-jiGLlN8-00194.jpg": {"object_bounding_box": [427, 566, 612, 207], "object_presence": 1}, "P996--usb--clutter--UNfjuR3LYMWqdQajU3Yyt3a7CbgdX0m_kXD-jiGLlN8-00195.jpg": {"object_bounding_box": [425, 565, 607, 207], "object_presence": 1}, "P996--usb--clutter--UNfjuR3LYMWqdQajU3Yyt3a7CbgdX0m_kXD-jiGLlN8-00196.jpg": {"object_bounding_box": [423, 565, 604, 204], "object_presence": 1}, "P996--usb--clutter--UNfjuR3LYMWqdQajU3Yyt3a7CbgdX0m_kXD-jiGLlN8-00197.jpg": {"object_bounding_box": [421, 563, 601, 204], "object_presence": 1}, "P996--usb--clutter--UNfjuR3LYMWqdQajU3Yyt3a7CbgdX0m_kXD-jiGLlN8-00198.jpg": {"object_bounding_box": [419, 563, 597, 201], "object_presence": 1}, "P996--usb--clutter--UNfjuR3LYMWqdQajU3Yyt3a7CbgdX0m_kXD-jiGLlN8-00199.jpg": {"object_bounding_box": [416, 560, 594, 205], "object_presence": 1}, "P996--usb--clutter--UNfjuR3LYMWqdQajU3Yyt3a7CbgdX0m_kXD-jiGLlN8-00200.jpg": {"object_bounding_box": [414, 560, 590, 200], "object_presence": 1}, "P996--usb--clutter--UNfjuR3LYMWqdQajU3Yyt3a7CbgdX0m_kXD-jiGLlN8-00201.jpg": {"object_bounding_box": [413, 560, 585, 198], "object_presence": 1}, "P996--usb--clutter--UNfjuR3LYMWqdQajU3Yyt3a7CbgdX0m_kXD-jiGLlN8-00202.jpg": {"object_bounding_box": [413, 560, 580, 195], "object_presence": 1}, "P996--usb--clutter--UNfjuR3LYMWqdQajU3Yyt3a7CbgdX0m_kXD-jiGLlN8-00203.jpg": {"object_bounding_box": [410, 558, 578, 195], "object_presence": 1}, "P996--usb--clutter--UNfjuR3LYMWqdQajU3Yyt3a7CbgdX0m_kXD-jiGLlN8-00204.jpg": {"object_bounding_box": [407, 559, 577, 193], "object_presence": 1}, "P996--usb--clutter--UNfjuR3LYMWqdQajU3Yyt3a7CbgdX0m_kXD-jiGLlN8-00205.jpg": {"object_bounding_box": [404, 559, 574, 193], "object_presence": 1}, "P996--usb--clutter--UNfjuR3LYMWqdQajU3Yyt3a7CbgdX0m_kXD-jiGLlN8-00206.jpg": {"object_bounding_box": [404, 559, 570, 193], "object_presence": 1}, "P996--usb--clutter--UNfjuR3LYMWqdQajU3Yyt3a7CbgdX0m_kXD-jiGLlN8-00207.jpg": {"object_bounding_box": [401, 560, 567, 192], "object_presence": 1}, "P996--usb--clutter--UNfjuR3LYMWqdQajU3Yyt3a7CbgdX0m_kXD-jiGLlN8-00208.jpg": {"object_bounding_box": [400, 561, 564, 190], "object_presence": 1}, "P996--usb--clutter--UNfjuR3LYMWqdQajU3Yyt3a7CbgdX0m_kXD-jiGLlN8-00209.jpg": {"object_bounding_box": [398, 559, 561, 193], "object_presence": 1}, "P996--usb--clutter--UNfjuR3LYMWqdQajU3Yyt3a7CbgdX0m_kXD-jiGLlN8-00210.jpg": {"object_bounding_box": [396, 561, 559, 191], "object_presence": 1}, "P996--usb--clutter--UNfjuR3LYMWqdQajU3Yyt3a7CbgdX0m_kXD-jiGLlN8-00211.jpg": {"object_bounding_box": [396, 562, 556, 188], "object_presence": 1}, "P996--usb--clutter--UNfjuR3LYMWqdQajU3Yyt3a7CbgdX0m_kXD-jiGLlN8-00212.jpg": {"object_bounding_box": [397, 564, 551, 184], "object_presence": 1}, "P996--usb--clutter--UNfjuR3LYMWqdQajU3Yyt3a7CbgdX0m_kXD-jiGLlN8-00213.jpg": {"object_bounding_box": [398, 563, 547, 185], "object_presence": 1}, "P996--usb--clutter--UNfjuR3LYMWqdQajU3Yyt3a7CbgdX0m_kXD-jiGLlN8-00214.jpg": {"object_bounding_box": [402, 564, 544, 182], "object_presence": 1}, "P996--usb--clutter--UNfjuR3LYMWqdQajU3Yyt3a7CbgdX0m_kXD-jiGLlN8-00215.jpg": {"object_bounding_box": [404, 564, 543, 182], "object_presence": 1}, "P996--usb--clutter--UNfjuR3LYMWqdQajU3Yyt3a7CbgdX0m_kXD-jiGLlN8-00216.jpg": {"object_bounding_box": [405, 565, 538, 179], "object_presence": 1}, "P996--usb--clutter--UNfjuR3LYMWqdQajU3Yyt3a7CbgdX0m_kXD-jiGLlN8-00217.jpg": {"object_bounding_box": [406, 565, 529, 178], "object_presence": 1}, "P996--usb--clutter--UNfjuR3LYMWqdQajU3Yyt3a7CbgdX0m_kXD-jiGLlN8-00218.jpg": {"object_bounding_box": [403, 564, 528, 179], "object_presence": 1}, "P996--usb--clutter--UNfjuR3LYMWqdQajU3Yyt3a7CbgdX0m_kXD-jiGLlN8-00219.jpg": {"object_bounding_box": [402, 564, 528, 179], "object_presence": 1}, "P996--usb--clutter--UNfjuR3LYMWqdQajU3Yyt3a7CbgdX0m_kXD-jiGLlN8-00220.jpg": {"object_bounding_box": [401, 562, 527, 181], "object_presence": 1}, "P996--usb--clutter--UNfjuR3LYMWqdQajU3Yyt3a7CbgdX0m_kXD-jiGLlN8-00221.jpg": {"object_bounding_box": [398, 562, 528, 181], "object_presence": 1}, "P996--usb--clutter--UNfjuR3LYMWqdQajU3Yyt3a7CbgdX0m_kXD-jiGLlN8-00222.jpg": {"object_bounding_box": [397, 560, 527, 181], "object_presence": 1}, "P996--usb--clutter--UNfjuR3LYMWqdQajU3Yyt3a7CbgdX0m_kXD-jiGLlN8-00223.jpg": {"object_bounding_box": [396, 558, 528, 180], "object_presence": 1}, "P996--usb--clutter--UNfjuR3LYMWqdQajU3Yyt3a7CbgdX0m_kXD-jiGLlN8-00224.jpg": {"object_bounding_box": [395, 558, 527, 175], "object_presence": 1}, "P996--usb--clutter--UNfjuR3LYMWqdQajU3Yyt3a7CbgdX0m_kXD-jiGLlN8-00225.jpg": {"object_bounding_box": [391, 558, 531, 176], "object_presence": 1}, "P996--usb--clutter--UNfjuR3LYMWqdQajU3Yyt3a7CbgdX0m_kXD-jiGLlN8-00226.jpg": {"object_bounding_box": [389, 553, 530, 177], "object_presence": 1}, "P996--usb--clutter--UNfjuR3LYMWqdQajU3Yyt3a7CbgdX0m_kXD-jiGLlN8-00227.jpg": {"object_bounding_box": [388, 549, 529, 180], "object_presence": 1}, "P996--usb--clutter--UNfjuR3LYMWqdQajU3Yyt3a7CbgdX0m_kXD-jiGLlN8-00228.jpg": {"object_bounding_box": [386, 547, 529, 179], "object_presence": 1}, "P996--usb--clutter--UNfjuR3LYMWqdQajU3Yyt3a7CbgdX0m_kXD-jiGLlN8-00229.jpg": {"object_bounding_box": [388, 546, 523, 177], "object_presence": 1}, "P996--usb--clutter--UNfjuR3LYMWqdQajU3Yyt3a7CbgdX0m_kXD-jiGLlN8-00230.jpg": {"object_bounding_box": [387, 543, 520, 176], "object_presence": 1}, "P996--usb--clutter--UNfjuR3LYMWqdQajU3Yyt3a7CbgdX0m_kXD-jiGLlN8-00231.jpg": {"object_bounding_box": [386, 541, 521, 176], "object_presence": 1}, "P996--usb--clutter--UNfjuR3LYMWqdQajU3Yyt3a7CbgdX0m_kXD-jiGLlN8-00232.jpg": {"object_bounding_box": [387, 541, 518, 178], "object_presence": 1}, "P996--usb--clutter--UNfjuR3LYMWqdQajU3Yyt3a7CbgdX0m_kXD-jiGLlN8-00233.jpg": {"object_bounding_box": [388, 541, 519, 176], "object_presence": 1}, "P996--usb--clutter--UNfjuR3LYMWqdQajU3Yyt3a7CbgdX0m_kXD-jiGLlN8-00234.jpg": {"object_bounding_box": [391, 543, 517, 177], "object_presence": 1}, "P996--usb--clutter--UNfjuR3LYMWqdQajU3Yyt3a7CbgdX0m_kXD-jiGLlN8-00235.jpg": {"object_bounding_box": [395, 546, 516, 175], "object_presence": 1}, "P996--usb--clutter--UNfjuR3LYMWqdQajU3Yyt3a7CbgdX0m_kXD-jiGLlN8-00236.jpg": {"object_bounding_box": [400, 547, 516, 173], "object_presence": 1}, "P996--usb--clutter--UNfjuR3LYMWqdQajU3Yyt3a7CbgdX0m_kXD-jiGLlN8-00237.jpg": {"object_bounding_box": [403, 549, 513, 172], "object_presence": 1}, "P996--usb--clutter--UNfjuR3LYMWqdQajU3Yyt3a7CbgdX0m_kXD-jiGLlN8-00238.jpg": {"object_bounding_box": [405, 550, 516, 172], "object_presence": 1}, "P996--usb--clutter--UNfjuR3LYMWqdQajU3Yyt3a7CbgdX0m_kXD-jiGLlN8-00239.jpg": {"object_bounding_box": [406, 551, 516, 171], "object_presence": 1}, "P996--usb--clutter--UNfjuR3LYMWqdQajU3Yyt3a7CbgdX0m_kXD-jiGLlN8-00240.jpg": {"object_bounding_box": [406, 552, 514, 170], "object_presence": 1}, "P996--usb--clutter--UNfjuR3LYMWqdQajU3Yyt3a7CbgdX0m_kXD-jiGLlN8-00241.jpg": {"object_bounding_box": [406, 551, 514, 174], "object_presence": 1}, "P996--usb--clutter--UNfjuR3LYMWqdQajU3Yyt3a7CbgdX0m_kXD-jiGLlN8-00242.jpg": {"object_bounding_box": [406, 550, 515, 176], "object_presence": 1}, "P996--usb--clutter--UNfjuR3LYMWqdQajU3Yyt3a7CbgdX0m_kXD-jiGLlN8-00243.jpg": {"object_bounding_box": [406, 550, 513, 175], "object_presence": 1}, "P996--usb--clutter--UNfjuR3LYMWqdQajU3Yyt3a7CbgdX0m_kXD-jiGLlN8-00244.jpg": {"object_bounding_box": [405, 551, 514, 174], "object_presence": 1}, "P996--usb--clutter--UNfjuR3LYMWqdQajU3Yyt3a7CbgdX0m_kXD-jiGLlN8-00245.jpg": {"object_bounding_box": [405, 549, 513, 178], "object_presence": 1}, "P996--usb--clutter--UNfjuR3LYMWqdQajU3Yyt3a7CbgdX0m_kXD-jiGLlN8-00246.jpg": {"object_bounding_box": [405, 548, 513, 176], "object_presence": 1}, "P996--usb--clutter--UNfjuR3LYMWqdQajU3Yyt3a7CbgdX0m_kXD-jiGLlN8-00247.jpg": {"object_bounding_box": [405, 548, 511, 177], "object_presence": 1}, "P996--usb--clutter--UNfjuR3LYMWqdQajU3Yyt3a7CbgdX0m_kXD-jiGLlN8-00248.jpg": {"object_bounding_box": [405, 548, 511, 179], "object_presence": 1}, "P996--usb--clutter--UNfjuR3LYMWqdQajU3Yyt3a7CbgdX0m_kXD-jiGLlN8-00249.jpg": {"object_bounding_box": [404, 547, 512, 178], "object_presence": 1}, "P996--usb--clutter--UNfjuR3LYMWqdQajU3Yyt3a7CbgdX0m_kXD-jiGLlN8-00250.jpg": {"object_bounding_box": [401, 546, 512, 179], "object_presence": 1}, "P996--usb--clutter--UNfjuR3LYMWqdQajU3Yyt3a7CbgdX0m_kXD-jiGLlN8-00251.jpg": {"object_bounding_box": [399, 544, 510, 179], "object_presence": 1}, "P996--usb--clutter--UNfjuR3LYMWqdQajU3Yyt3a7CbgdX0m_kXD-jiGLlN8-00252.jpg": {"object_bounding_box": [396, 544, 507, 178], "object_presence": 1}, "P996--usb--clutter--UNfjuR3LYMWqdQajU3Yyt3a7CbgdX0m_kXD-jiGLlN8-00253.jpg": {"object_bounding_box": [393, 541, 506, 176], "object_presence": 1}, "P996--usb--clutter--UNfjuR3LYMWqdQajU3Yyt3a7CbgdX0m_kXD-jiGLlN8-00254.jpg": {"object_bounding_box": [389, 541, 506, 178], "object_presence": 1}, "P996--usb--clutter--UNfjuR3LYMWqdQajU3Yyt3a7CbgdX0m_kXD-jiGLlN8-00255.jpg": {"object_bounding_box": [384, 539, 506, 180], "object_presence": 1}, "P996--usb--clutter--UNfjuR3LYMWqdQajU3Yyt3a7CbgdX0m_kXD-jiGLlN8-00256.jpg": {"object_bounding_box": [382, 539, 506, 178], "object_presence": 1}, "P996--usb--clutter--UNfjuR3LYMWqdQajU3Yyt3a7CbgdX0m_kXD-jiGLlN8-00257.jpg": {"object_bounding_box": [379, 539, 507, 181], "object_presence": 1}, "P996--usb--clutter--UNfjuR3LYMWqdQajU3Yyt3a7CbgdX0m_kXD-jiGLlN8-00258.jpg": {"object_bounding_box": [378, 538, 503, 179], "object_presence": 1}, "P996--usb--clutter--UNfjuR3LYMWqdQajU3Yyt3a7CbgdX0m_kXD-jiGLlN8-00259.jpg": {"object_bounding_box": [375, 537, 504, 179], "object_presence": 1}, "P996--usb--clutter--UNfjuR3LYMWqdQajU3Yyt3a7CbgdX0m_kXD-jiGLlN8-00260.jpg": {"object_bounding_box": [376, 537, 503, 183], "object_presence": 1}, "P996--usb--clutter--UNfjuR3LYMWqdQajU3Yyt3a7CbgdX0m_kXD-jiGLlN8-00261.jpg": {"object_bounding_box": [378, 539, 501, 179], "object_presence": 1}, "P996--usb--clutter--UNfjuR3LYMWqdQajU3Yyt3a7CbgdX0m_kXD-jiGLlN8-00262.jpg": {"object_bounding_box": [383, 545, 501, 175], "object_presence": 1}, "P996--usb--clutter--UNfjuR3LYMWqdQajU3Yyt3a7CbgdX0m_kXD-jiGLlN8-00263.jpg": {"object_bounding_box": [390, 553, 496, 175], "object_presence": 1}, "P996--usb--clutter--UNfjuR3LYMWqdQajU3Yyt3a7CbgdX0m_kXD-jiGLlN8-00264.jpg": {"object_bounding_box": [397, 562, 494, 176], "object_presence": 1}, "P996--usb--clutter--UNfjuR3LYMWqdQajU3Yyt3a7CbgdX0m_kXD-jiGLlN8-00265.jpg": {"object_bounding_box": [403, 572, 491, 177], "object_presence": 1}, "P996--usb--clutter--UNfjuR3LYMWqdQajU3Yyt3a7CbgdX0m_kXD-jiGLlN8-00266.jpg": {"object_bounding_box": [409, 575, 491, 174], "object_presence": 1}, "P996--usb--clutter--UNfjuR3LYMWqdQajU3Yyt3a7CbgdX0m_kXD-jiGLlN8-00267.jpg": {"object_bounding_box": [414, 579, 488, 171], "object_presence": 1}, "P996--usb--clutter--UNfjuR3LYMWqdQajU3Yyt3a7CbgdX0m_kXD-jiGLlN8-00268.jpg": {"object_bounding_box": [418, 582, 483, 171], "object_presence": 1}, "P996--usb--clutter--UNfjuR3LYMWqdQajU3Yyt3a7CbgdX0m_kXD-jiGLlN8-00269.jpg": {"object_bounding_box": [421, 584, 486, 170], "object_presence": 1}, "P996--usb--clutter--UNfjuR3LYMWqdQajU3Yyt3a7CbgdX0m_kXD-jiGLlN8-00270.jpg": {"object_bounding_box": [426, 587, 483, 169], "object_presence": 1}, "P996--usb--clutter--UNfjuR3LYMWqdQajU3Yyt3a7CbgdX0m_kXD-jiGLlN8-00271.jpg": {"object_bounding_box": [427, 589, 483, 170], "object_presence": 1}, "P996--usb--clutter--UNfjuR3LYMWqdQajU3Yyt3a7CbgdX0m_kXD-jiGLlN8-00272.jpg": {"object_bounding_box": [427, 590, 486, 170], "object_presence": 1}, "P996--usb--clutter--UNfjuR3LYMWqdQajU3Yyt3a7CbgdX0m_kXD-jiGLlN8-00273.jpg": {"object_bounding_box": [426, 591, 487, 172], "object_presence": 1}, "P996--usb--clutter--UNfjuR3LYMWqdQajU3Yyt3a7CbgdX0m_kXD-jiGLlN8-00274.jpg": {"object_bounding_box": [424, 592, 488, 173], "object_presence": 1}, "P996--usb--clutter--UNfjuR3LYMWqdQajU3Yyt3a7CbgdX0m_kXD-jiGLlN8-00275.jpg": {"object_bounding_box": [423, 594, 489, 174], "object_presence": 1}, "P996--usb--clutter--UNfjuR3LYMWqdQajU3Yyt3a7CbgdX0m_kXD-jiGLlN8-00276.jpg": {"object_bounding_box": [420, 594, 491, 177], "object_presence": 1}, "P996--usb--clutter--UNfjuR3LYMWqdQajU3Yyt3a7CbgdX0m_kXD-jiGLlN8-00277.jpg": {"object_bounding_box": [420, 595, 484, 174], "object_presence": 1}, "P996--usb--clutter--UNfjuR3LYMWqdQajU3Yyt3a7CbgdX0m_kXD-jiGLlN8-00278.jpg": {"object_bounding_box": [419, 596, 481, 175], "object_presence": 1}, "P996--usb--clutter--UNfjuR3LYMWqdQajU3Yyt3a7CbgdX0m_kXD-jiGLlN8-00279.jpg": {"object_bounding_box": [417, 595, 482, 173], "object_presence": 1}, "P996--usb--clutter--UNfjuR3LYMWqdQajU3Yyt3a7CbgdX0m_kXD-jiGLlN8-00280.jpg": {"object_bounding_box": [415, 596, 480, 170], "object_presence": 1}, "P996--usb--clutter--UNfjuR3LYMWqdQajU3Yyt3a7CbgdX0m_kXD-jiGLlN8-00281.jpg": {"object_bounding_box": [415, 596, 480, 172], "object_presence": 1}, "P996--usb--clutter--UNfjuR3LYMWqdQajU3Yyt3a7CbgdX0m_kXD-jiGLlN8-00282.jpg": {"object_bounding_box": [413, 594, 479, 172], "object_presence": 1}, "P996--usb--clutter--UNfjuR3LYMWqdQajU3Yyt3a7CbgdX0m_kXD-jiGLlN8-00283.jpg": {"object_bounding_box": [412, 592, 479, 173], "object_presence": 1}, "P996--usb--clutter--UNfjuR3LYMWqdQajU3Yyt3a7CbgdX0m_kXD-jiGLlN8-00284.jpg": {"object_bounding_box": [411, 592, 479, 172], "object_presence": 1}, "P996--usb--clutter--UNfjuR3LYMWqdQajU3Yyt3a7CbgdX0m_kXD-jiGLlN8-00285.jpg": {"object_bounding_box": [411, 592, 477, 173], "object_presence": 1}, "P996--usb--clutter--UNfjuR3LYMWqdQajU3Yyt3a7CbgdX0m_kXD-jiGLlN8-00286.jpg": {"object_bounding_box": [410, 590, 479, 175], "object_presence": 1}, "P996--usb--clutter--UNfjuR3LYMWqdQajU3Yyt3a7CbgdX0m_kXD-jiGLlN8-00287.jpg": {"object_bounding_box": [410, 591, 478, 174], "object_presence": 1}, "P996--usb--clutter--UNfjuR3LYMWqdQajU3Yyt3a7CbgdX0m_kXD-jiGLlN8-00288.jpg": {"object_bounding_box": [409, 592, 476, 170], "object_presence": 1}, "P996--usb--clutter--UNfjuR3LYMWqdQajU3Yyt3a7CbgdX0m_kXD-jiGLlN8-00289.jpg": {"object_bounding_box": [409, 593, 475, 171], "object_presence": 1}, "P996--usb--clutter--UNfjuR3LYMWqdQajU3Yyt3a7CbgdX0m_kXD-jiGLlN8-00290.jpg": {"object_bounding_box": [410, 593, 476, 169], "object_presence": 1}, "P996--usb--clutter--UNfjuR3LYMWqdQajU3Yyt3a7CbgdX0m_kXD-jiGLlN8-00291.jpg": {"object_bounding_box": [413, 593, 473, 168], "object_presence": 1}, "P996--usb--clutter--UNfjuR3LYMWqdQajU3Yyt3a7CbgdX0m_kXD-jiGLlN8-00292.jpg": {"object_bounding_box": [414, 595, 471, 171], "object_presence": 1}, "P996--usb--clutter--UNfjuR3LYMWqdQajU3Yyt3a7CbgdX0m_kXD-jiGLlN8-00293.jpg": {"object_bounding_box": [414, 597, 470, 171], "object_presence": 1}, "P996--usb--clutter--UNfjuR3LYMWqdQajU3Yyt3a7CbgdX0m_kXD-jiGLlN8-00294.jpg": {"object_bounding_box": [413, 596, 469, 171], "object_presence": 1}, "P996--usb--clutter--UNfjuR3LYMWqdQajU3Yyt3a7CbgdX0m_kXD-jiGLlN8-00295.jpg": {"object_bounding_box": [413, 595, 468, 173], "object_presence": 1}, "P996--usb--clutter--UNfjuR3LYMWqdQajU3Yyt3a7CbgdX0m_kXD-jiGLlN8-00296.jpg": {"object_bounding_box": [412, 592, 466, 170], "object_presence": 1}, "P996--usb--clutter--UNfjuR3LYMWqdQajU3Yyt3a7CbgdX0m_kXD-jiGLlN8-00297.jpg": {"object_bounding_box": [412, 590, 466, 169], "object_presence": 1}, "P996--usb--clutter--UNfjuR3LYMWqdQajU3Yyt3a7CbgdX0m_kXD-jiGLlN8-00298.jpg": {"object_bounding_box": [413, 586, 466, 167], "object_presence": 1}, "P996--usb--clutter--UNfjuR3LYMWqdQajU3Yyt3a7CbgdX0m_kXD-jiGLlN8-00299.jpg": {"object_bounding_box": [412, 581, 466, 169], "object_presence": 1}, "P996--usb--clutter--UNfjuR3LYMWqdQajU3Yyt3a7CbgdX0m_kXD-jiGLlN8-00300.jpg": {"object_bounding_box": [412, 578, 465, 167], "object_presence": 1}, "P996--usb--clutter--UNfjuR3LYMWqdQajU3Yyt3a7CbgdX0m_kXD-jiGLlN8-00301.jpg": {"object_bounding_box": [410, 575, 466, 166], "object_presence": 1}, "P996--usb--clutter--UNfjuR3LYMWqdQajU3Yyt3a7CbgdX0m_kXD-jiGLlN8-00302.jpg": {"object_bounding_box": [409, 571, 465, 163], "object_presence": 1}, "P996--usb--clutter--UNfjuR3LYMWqdQajU3Yyt3a7CbgdX0m_kXD-jiGLlN8-00303.jpg": {"object_bounding_box": [408, 569, 463, 164], "object_presence": 1}, "P996--usb--clutter--UNfjuR3LYMWqdQajU3Yyt3a7CbgdX0m_kXD-jiGLlN8-00304.jpg": {"object_bounding_box": [410, 571, 460, 161], "object_presence": 1}, "P996--usb--clutter--UNfjuR3LYMWqdQajU3Yyt3a7CbgdX0m_kXD-jiGLlN8-00305.jpg": {"object_bounding_box": [413, 574, 458, 161], "object_presence": 1}, "P996--usb--clutter--UNfjuR3LYMWqdQajU3Yyt3a7CbgdX0m_kXD-jiGLlN8-00306.jpg": {"object_bounding_box": [416, 575, 457, 161], "object_presence": 1}, "P996--usb--clutter--UNfjuR3LYMWqdQajU3Yyt3a7CbgdX0m_kXD-jiGLlN8-00307.jpg": {"object_bounding_box": [418, 577, 455, 162], "object_presence": 1}, "P996--usb--clutter--UNfjuR3LYMWqdQajU3Yyt3a7CbgdX0m_kXD-jiGLlN8-00308.jpg": {"object_bounding_box": [420, 579, 455, 162], "object_presence": 1}, "P996--usb--clutter--UNfjuR3LYMWqdQajU3Yyt3a7CbgdX0m_kXD-jiGLlN8-00309.jpg": {"object_bounding_box": [422, 580, 454, 161], "object_presence": 1}, "P996--usb--clutter--UNfjuR3LYMWqdQajU3Yyt3a7CbgdX0m_kXD-jiGLlN8-00310.jpg": {"object_bounding_box": [422, 581, 452, 160], "object_presence": 1}, "P996--usb--clutter--UNfjuR3LYMWqdQajU3Yyt3a7CbgdX0m_kXD-jiGLlN8-00311.jpg": {"object_bounding_box": [422, 583, 451, 159], "object_presence": 1}, "P996--usb--clutter--UNfjuR3LYMWqdQajU3Yyt3a7CbgdX0m_kXD-jiGLlN8-00312.jpg": {"object_bounding_box": [422, 587, 451, 159], "object_presence": 1}, "P996--usb--clutter--UNfjuR3LYMWqdQajU3Yyt3a7CbgdX0m_kXD-jiGLlN8-00313.jpg": {"object_bounding_box": [423, 592, 448, 160], "object_presence": 1}, "P996--usb--clutter--UNfjuR3LYMWqdQajU3Yyt3a7CbgdX0m_kXD-jiGLlN8-00314.jpg": {"object_bounding_box": [425, 595, 446, 155], "object_presence": 1}, "P996--usb--clutter--UNfjuR3LYMWqdQajU3Yyt3a7CbgdX0m_kXD-jiGLlN8-00315.jpg": {"object_bounding_box": [427, 599, 445, 156], "object_presence": 1}, "P996--usb--clutter--UNfjuR3LYMWqdQajU3Yyt3a7CbgdX0m_kXD-jiGLlN8-00316.jpg": {"object_bounding_box": [428, 603, 444, 158], "object_presence": 1}, "P996--usb--clutter--UNfjuR3LYMWqdQajU3Yyt3a7CbgdX0m_kXD-jiGLlN8-00317.jpg": {"object_bounding_box": [430, 607, 443, 159], "object_presence": 1}, "P996--usb--clutter--UNfjuR3LYMWqdQajU3Yyt3a7CbgdX0m_kXD-jiGLlN8-00318.jpg": {"object_bounding_box": [431, 611, 442, 161], "object_presence": 1}, "P996--usb--clutter--UNfjuR3LYMWqdQajU3Yyt3a7CbgdX0m_kXD-jiGLlN8-00319.jpg": {"object_bounding_box": [432, 614, 441, 165], "object_presence": 1}, "P996--usb--clutter--UNfjuR3LYMWqdQajU3Yyt3a7CbgdX0m_kXD-jiGLlN8-00320.jpg": {"object_bounding_box": [432, 614, 441, 163], "object_presence": 1}, "P996--usb--clutter--UNfjuR3LYMWqdQajU3Yyt3a7CbgdX0m_kXD-jiGLlN8-00321.jpg": {"object_bounding_box": [434, 615, 440, 161], "object_presence": 1}, "P996--usb--clutter--UNfjuR3LYMWqdQajU3Yyt3a7CbgdX0m_kXD-jiGLlN8-00322.jpg": {"object_bounding_box": [433, 614, 441, 161], "object_presence": 1}, "P996--usb--clutter--UNfjuR3LYMWqdQajU3Yyt3a7CbgdX0m_kXD-jiGLlN8-00323.jpg": {"object_bounding_box": [432, 613, 441, 160], "object_presence": 1}, "P996--usb--clutter--UNfjuR3LYMWqdQajU3Yyt3a7CbgdX0m_kXD-jiGLlN8-00324.jpg": {"object_bounding_box": [432, 613, 442, 159], "object_presence": 1}, "P996--usb--clutter--UNfjuR3LYMWqdQajU3Yyt3a7CbgdX0m_kXD-jiGLlN8-00325.jpg": {"object_bounding_box": [433, 611, 442, 159], "object_presence": 1}, "P996--usb--clutter--UNfjuR3LYMWqdQajU3Yyt3a7CbgdX0m_kXD-jiGLlN8-00326.jpg": {"object_bounding_box": [432, 610, 441, 160], "object_presence": 1}, "P996--usb--clutter--UNfjuR3LYMWqdQajU3Yyt3a7CbgdX0m_kXD-jiGLlN8-00327.jpg": {"object_bounding_box": [431, 608, 443, 161], "object_presence": 1}, "P996--usb--clutter--UNfjuR3LYMWqdQajU3Yyt3a7CbgdX0m_kXD-jiGLlN8-00328.jpg": {"object_bounding_box": [429, 607, 443, 161], "object_presence": 1}, "P996--usb--clutter--UNfjuR3LYMWqdQajU3Yyt3a7CbgdX0m_kXD-jiGLlN8-00329.jpg": {"object_bounding_box": [429, 607, 442, 161], "object_presence": 1}, "P996--usb--clutter--UNfjuR3LYMWqdQajU3Yyt3a7CbgdX0m_kXD-jiGLlN8-00330.jpg": {"object_bounding_box": [428, 607, 443, 161], "object_presence": 1}, "P996--usb--clutter--UNfjuR3LYMWqdQajU3Yyt3a7CbgdX0m_kXD-jiGLlN8-00331.jpg": {"object_bounding_box": [428, 607, 444, 161], "object_presence": 1}, "P996--usb--clutter--UNfjuR3LYMWqdQajU3Yyt3a7CbgdX0m_kXD-jiGLlN8-00332.jpg": {"object_bounding_box": [427, 608, 445, 159], "object_presence": 1}, "P996--usb--clutter--UNfjuR3LYMWqdQajU3Yyt3a7CbgdX0m_kXD-jiGLlN8-00333.jpg": {"object_bounding_box": [427, 608, 444, 159], "object_presence": 1}, "P996--usb--clutter--UNfjuR3LYMWqdQajU3Yyt3a7CbgdX0m_kXD-jiGLlN8-00334.jpg": {"object_bounding_box": [426, 608, 443, 159], "object_presence": 1}, "P996--usb--clutter--UNfjuR3LYMWqdQajU3Yyt3a7CbgdX0m_kXD-jiGLlN8-00335.jpg": {"object_bounding_box": [424, 608, 445, 159], "object_presence": 1}, "P996--usb--clutter--UNfjuR3LYMWqdQajU3Yyt3a7CbgdX0m_kXD-jiGLlN8-00336.jpg": {"object_bounding_box": [423, 608, 444, 158], "object_presence": 1}, "P996--usb--clutter--UNfjuR3LYMWqdQajU3Yyt3a7CbgdX0m_kXD-jiGLlN8-00337.jpg": {"object_bounding_box": [421, 607, 441, 160], "object_presence": 1}, "P996--usb--clutter--UNfjuR3LYMWqdQajU3Yyt3a7CbgdX0m_kXD-jiGLlN8-00338.jpg": {"object_bounding_box": [420, 607, 442, 161], "object_presence": 1}, "P996--usb--clutter--UNfjuR3LYMWqdQajU3Yyt3a7CbgdX0m_kXD-jiGLlN8-00339.jpg": {"object_bounding_box": [419, 607, 440, 161], "object_presence": 1}, "P996--usb--clutter--UNfjuR3LYMWqdQajU3Yyt3a7CbgdX0m_kXD-jiGLlN8-00340.jpg": {"object_bounding_box": [419, 607, 440, 160], "object_presence": 1}, "P996--usb--clutter--UNfjuR3LYMWqdQajU3Yyt3a7CbgdX0m_kXD-jiGLlN8-00341.jpg": {"object_bounding_box": [418, 608, 440, 159], "object_presence": 1}, "P996--usb--clutter--UNfjuR3LYMWqdQajU3Yyt3a7CbgdX0m_kXD-jiGLlN8-00342.jpg": {"object_bounding_box": [422, 609, 438, 157], "object_presence": 1}, "P996--usb--clutter--UNfjuR3LYMWqdQajU3Yyt3a7CbgdX0m_kXD-jiGLlN8-00343.jpg": {"object_bounding_box": [426, 609, 436, 156], "object_presence": 1}, "P996--usb--clutter--UNfjuR3LYMWqdQajU3Yyt3a7CbgdX0m_kXD-jiGLlN8-00344.jpg": {"object_bounding_box": [430, 611, 439, 156], "object_presence": 1}, "P996--usb--clutter--UNfjuR3LYMWqdQajU3Yyt3a7CbgdX0m_kXD-jiGLlN8-00345.jpg": {"object_bounding_box": [432, 612, 440, 158], "object_presence": 1}, "P996--usb--clutter--UNfjuR3LYMWqdQajU3Yyt3a7CbgdX0m_kXD-jiGLlN8-00346.jpg": {"object_bounding_box": [434, 614, 440, 159], "object_presence": 1}, "P996--usb--clutter--UNfjuR3LYMWqdQajU3Yyt3a7CbgdX0m_kXD-jiGLlN8-00347.jpg": {"object_bounding_box": [436, 615, 439, 161], "object_presence": 1}, "P996--usb--clutter--UNfjuR3LYMWqdQajU3Yyt3a7CbgdX0m_kXD-jiGLlN8-00348.jpg": {"object_bounding_box": [436, 615, 440, 161], "object_presence": 1}, "P996--usb--clutter--UNfjuR3LYMWqdQajU3Yyt3a7CbgdX0m_kXD-jiGLlN8-00349.jpg": {"object_bounding_box": [437, 616, 442, 162], "object_presence": 1}, "P996--usb--clutter--UNfjuR3LYMWqdQajU3Yyt3a7CbgdX0m_kXD-jiGLlN8-00350.jpg": {"object_bounding_box": [437, 617, 443, 162], "object_presence": 1}, "P996--usb--clutter--UNfjuR3LYMWqdQajU3Yyt3a7CbgdX0m_kXD-jiGLlN8-00351.jpg": {"object_bounding_box": [438, 618, 443, 163], "object_presence": 1}, "P996--usb--clutter--UNfjuR3LYMWqdQajU3Yyt3a7CbgdX0m_kXD-jiGLlN8-00352.jpg": {"object_bounding_box": [438, 620, 444, 161], "object_presence": 1}, "P996--usb--clutter--UNfjuR3LYMWqdQajU3Yyt3a7CbgdX0m_kXD-jiGLlN8-00353.jpg": {"object_bounding_box": [437, 619, 443, 163], "object_presence": 1}, "P996--usb--clutter--UNfjuR3LYMWqdQajU3Yyt3a7CbgdX0m_kXD-jiGLlN8-00354.jpg": {"object_bounding_box": [436, 621, 442, 164], "object_presence": 1}, "P996--usb--clutter--UNfjuR3LYMWqdQajU3Yyt3a7CbgdX0m_kXD-jiGLlN8-00355.jpg": {"object_bounding_box": [436, 621, 442, 162], "object_presence": 1}, "P996--usb--clutter--UNfjuR3LYMWqdQajU3Yyt3a7CbgdX0m_kXD-jiGLlN8-00356.jpg": {"object_bounding_box": [435, 623, 442, 163], "object_presence": 1}, "P996--usb--clutter--UNfjuR3LYMWqdQajU3Yyt3a7CbgdX0m_kXD-jiGLlN8-00357.jpg": {"object_bounding_box": [435, 624, 442, 164], "object_presence": 1}, "P996--usb--clutter--UNfjuR3LYMWqdQajU3Yyt3a7CbgdX0m_kXD-jiGLlN8-00358.jpg": {"object_bounding_box": [435, 623, 443, 166], "object_presence": 1}, "P996--usb--clutter--UNfjuR3LYMWqdQajU3Yyt3a7CbgdX0m_kXD-jiGLlN8-00359.jpg": {"object_bounding_box": [435, 623, 443, 165], "object_presence": 1}, "P996--usb--clutter--UNfjuR3LYMWqdQajU3Yyt3a7CbgdX0m_kXD-jiGLlN8-00360.jpg": {"object_bounding_box": [434, 623, 444, 165], "object_presence": 1}, "P996--usb--clutter--UNfjuR3LYMWqdQajU3Yyt3a7CbgdX0m_kXD-jiGLlN8-00361.jpg": {"object_bounding_box": [433, 624, 443, 164], "object_presence": 1}, "P996--usb--clutter--UNfjuR3LYMWqdQajU3Yyt3a7CbgdX0m_kXD-jiGLlN8-00362.jpg": {"object_bounding_box": [432, 624, 442, 163], "object_presence": 1}, "P996--usb--clutter--UNfjuR3LYMWqdQajU3Yyt3a7CbgdX0m_kXD-jiGLlN8-00363.jpg": {"object_bounding_box": [432, 624, 443, 163], "object_presence": 1}, "P996--usb--clutter--UNfjuR3LYMWqdQajU3Yyt3a7CbgdX0m_kXD-jiGLlN8-00364.jpg": {"object_bounding_box": [433, 626, 443, 162], "object_presence": 1}, "P996--usb--clutter--UNfjuR3LYMWqdQajU3Yyt3a7CbgdX0m_kXD-jiGLlN8-00365.jpg": {"object_bounding_box": [434, 628, 444, 162], "object_presence": 1}, "P996--usb--clutter--UNfjuR3LYMWqdQajU3Yyt3a7CbgdX0m_kXD-jiGLlN8-00366.jpg": {"object_bounding_box": [434, 627, 443, 166], "object_presence": 1}, "P996--usb--clutter--UNfjuR3LYMWqdQajU3Yyt3a7CbgdX0m_kXD-jiGLlN8-00367.jpg": {"object_bounding_box": [435, 628, 443, 167], "object_presence": 1}, "P996--usb--clutter--UNfjuR3LYMWqdQajU3Yyt3a7CbgdX0m_kXD-jiGLlN8-00368.jpg": {"object_bounding_box": [436, 629, 443, 166], "object_presence": 1}, "P996--usb--clutter--UNfjuR3LYMWqdQajU3Yyt3a7CbgdX0m_kXD-jiGLlN8-00369.jpg": {"object_bounding_box": [437, 630, 442, 165], "object_presence": 1}, "P996--usb--clutter--UNfjuR3LYMWqdQajU3Yyt3a7CbgdX0m_kXD-jiGLlN8-00370.jpg": {"object_bounding_box": [438, 632, 442, 166], "object_presence": 1}, "P996--usb--clutter--UNfjuR3LYMWqdQajU3Yyt3a7CbgdX0m_kXD-jiGLlN8-00371.jpg": {"object_bounding_box": [438, 632, 441, 164], "object_presence": 1}, "P996--usb--clutter--UNfjuR3LYMWqdQajU3Yyt3a7CbgdX0m_kXD-jiGLlN8-00372.jpg": {"object_bounding_box": [439, 632, 440, 164], "object_presence": 1}, "P996--usb--clutter--UNfjuR3LYMWqdQajU3Yyt3a7CbgdX0m_kXD-jiGLlN8-00373.jpg": {"object_bounding_box": [439, 630, 438, 162], "object_presence": 1}, "P996--usb--clutter--UNfjuR3LYMWqdQajU3Yyt3a7CbgdX0m_kXD-jiGLlN8-00374.jpg": {"object_bounding_box": [438, 629, 435, 161], "object_presence": 1}, "P996--usb--clutter--UNfjuR3LYMWqdQajU3Yyt3a7CbgdX0m_kXD-jiGLlN8-00375.jpg": {"object_bounding_box": [438, 629, 437, 161], "object_presence": 1}, "P996--usb--clutter--UNfjuR3LYMWqdQajU3Yyt3a7CbgdX0m_kXD-jiGLlN8-00376.jpg": {"object_bounding_box": [437, 630, 438, 163], "object_presence": 1}, "P996--usb--clutter--UNfjuR3LYMWqdQajU3Yyt3a7CbgdX0m_kXD-jiGLlN8-00377.jpg": {"object_bounding_box": [437, 630, 440, 163], "object_presence": 1}, "P996--usb--clutter--UNfjuR3LYMWqdQajU3Yyt3a7CbgdX0m_kXD-jiGLlN8-00378.jpg": {"object_bounding_box": [436, 629, 441, 164], "object_presence": 1}, "P996--usb--clutter--UNfjuR3LYMWqdQajU3Yyt3a7CbgdX0m_kXD-jiGLlN8-00379.jpg": {"object_bounding_box": [436, 630, 443, 166], "object_presence": 1}, "P996--usb--clutter--UNfjuR3LYMWqdQajU3Yyt3a7CbgdX0m_kXD-jiGLlN8-00380.jpg": {"object_bounding_box": [435, 630, 444, 165], "object_presence": 1}, "P996--usb--clutter--UNfjuR3LYMWqdQajU3Yyt3a7CbgdX0m_kXD-jiGLlN8-00381.jpg": {"object_bounding_box": [435, 628, 446, 164], "object_presence": 1}, "P996--usb--clutter--UNfjuR3LYMWqdQajU3Yyt3a7CbgdX0m_kXD-jiGLlN8-00382.jpg": {"object_bounding_box": [434, 627, 448, 164], "object_presence": 1}, "P996--usb--clutter--UNfjuR3LYMWqdQajU3Yyt3a7CbgdX0m_kXD-jiGLlN8-00383.jpg": {"object_bounding_box": [436, 628, 442, 163], "object_presence": 1}, "P996--usb--clutter--UNfjuR3LYMWqdQajU3Yyt3a7CbgdX0m_kXD-jiGLlN8-00384.jpg": {"object_bounding_box": [437, 628, 439, 164], "object_presence": 1}, "P996--usb--clutter--UNfjuR3LYMWqdQajU3Yyt3a7CbgdX0m_kXD-jiGLlN8-00385.jpg": {"object_bounding_box": [437, 627, 438, 163], "object_presence": 1}, "P996--usb--clutter--UNfjuR3LYMWqdQajU3Yyt3a7CbgdX0m_kXD-jiGLlN8-00386.jpg": {"object_bounding_box": [438, 628, 441, 160], "object_presence": 1}, "P996--usb--clutter--UNfjuR3LYMWqdQajU3Yyt3a7CbgdX0m_kXD-jiGLlN8-00387.jpg": {"object_bounding_box": [438, 630, 441, 163], "object_presence": 1}, "P996--usb--clutter--UNfjuR3LYMWqdQajU3Yyt3a7CbgdX0m_kXD-jiGLlN8-00388.jpg": {"object_bounding_box": [438, 629, 440, 162], "object_presence": 1}, "P996--usb--clutter--UNfjuR3LYMWqdQajU3Yyt3a7CbgdX0m_kXD-jiGLlN8-00389.jpg": {"object_bounding_box": [437, 629, 439, 161], "object_presence": 1}, "P996--usb--clutter--UNfjuR3LYMWqdQajU3Yyt3a7CbgdX0m_kXD-jiGLlN8-00390.jpg": {"object_bounding_box": [437, 629, 439, 161], "object_presence": 1}, "P996--usb--clutter--UNfjuR3LYMWqdQajU3Yyt3a7CbgdX0m_kXD-jiGLlN8-00391.jpg": {"object_bounding_box": [437, 629, 439, 166], "object_presence": 1}, "P996--usb--clutter--UNfjuR3LYMWqdQajU3Yyt3a7CbgdX0m_kXD-jiGLlN8-00392.jpg": {"object_bounding_box": [437, 629, 439, 165], "object_presence": 1}, "P996--usb--clutter--UNfjuR3LYMWqdQajU3Yyt3a7CbgdX0m_kXD-jiGLlN8-00393.jpg": {"object_bounding_box": [437, 628, 439, 167], "object_presence": 1}, "P996--usb--clutter--UNfjuR3LYMWqdQajU3Yyt3a7CbgdX0m_kXD-jiGLlN8-00394.jpg": {"object_bounding_box": [437, 628, 438, 166], "object_presence": 1}, "P996--usb--clutter--UNfjuR3LYMWqdQajU3Yyt3a7CbgdX0m_kXD-jiGLlN8-00395.jpg": {"object_bounding_box": [437, 628, 439, 165], "object_presence": 1}, "P996--usb--clutter--UNfjuR3LYMWqdQajU3Yyt3a7CbgdX0m_kXD-jiGLlN8-00396.jpg": {"object_bounding_box": [437, 628, 439, 164], "object_presence": 1}, "P996--usb--clutter--UNfjuR3LYMWqdQajU3Yyt3a7CbgdX0m_kXD-jiGLlN8-00397.jpg": {"object_bounding_box": [438, 628, 440, 163], "object_presence": 1}, "P996--usb--clutter--UNfjuR3LYMWqdQajU3Yyt3a7CbgdX0m_kXD-jiGLlN8-00398.jpg": {"object_bounding_box": [438, 627, 440, 163], "object_presence": 1}, "P996--usb--clutter--UNfjuR3LYMWqdQajU3Yyt3a7CbgdX0m_kXD-jiGLlN8-00399.jpg": {"object_bounding_box": [438, 627, 440, 163], "object_presence": 1}, "P996--usb--clutter--UNfjuR3LYMWqdQajU3Yyt3a7CbgdX0m_kXD-jiGLlN8-00400.jpg": {"object_bounding_box": [437, 626, 439, 163], "object_presence": 1}, "P996--usb--clutter--UNfjuR3LYMWqdQajU3Yyt3a7CbgdX0m_kXD-jiGLlN8-00401.jpg": {"object_bounding_box": [436, 626, 439, 165], "object_presence": 1}, "P996--usb--clutter--UNfjuR3LYMWqdQajU3Yyt3a7CbgdX0m_kXD-jiGLlN8-00402.jpg": {"object_bounding_box": [436, 624, 439, 162], "object_presence": 1}, "P996--usb--clutter--UNfjuR3LYMWqdQajU3Yyt3a7CbgdX0m_kXD-jiGLlN8-00403.jpg": {"object_bounding_box": [435, 623, 439, 164], "object_presence": 1}, "P996--usb--clutter--UNfjuR3LYMWqdQajU3Yyt3a7CbgdX0m_kXD-jiGLlN8-00404.jpg": {"object_bounding_box": [435, 626, 439, 164], "object_presence": 1}, "P996--usb--clutter--UNfjuR3LYMWqdQajU3Yyt3a7CbgdX0m_kXD-jiGLlN8-00405.jpg": {"object_bounding_box": [435, 626, 440, 162], "object_presence": 1}, "P996--usb--clutter--UNfjuR3LYMWqdQajU3Yyt3a7CbgdX0m_kXD-jiGLlN8-00406.jpg": {"object_bounding_box": [434, 625, 440, 162], "object_presence": 1}, "P996--usb--clutter--UNfjuR3LYMWqdQajU3Yyt3a7CbgdX0m_kXD-jiGLlN8-00407.jpg": {"object_bounding_box": [433, 624, 439, 162], "object_presence": 1}, "P996--usb--clutter--UNfjuR3LYMWqdQajU3Yyt3a7CbgdX0m_kXD-jiGLlN8-00408.jpg": {"object_bounding_box": [432, 624, 439, 160], "object_presence": 1}, "P996--usb--clutter--UNfjuR3LYMWqdQajU3Yyt3a7CbgdX0m_kXD-jiGLlN8-00409.jpg": {"object_bounding_box": [432, 625, 439, 161], "object_presence": 1}, "P996--usb--clutter--UNfjuR3LYMWqdQajU3Yyt3a7CbgdX0m_kXD-jiGLlN8-00410.jpg": {"object_bounding_box": [431, 623, 439, 160], "object_presence": 1}, "P996--usb--clutter--UNfjuR3LYMWqdQajU3Yyt3a7CbgdX0m_kXD-jiGLlN8-00411.jpg": {"object_bounding_box": [430, 622, 438, 160], "object_presence": 1}, "P996--usb--clutter--UNfjuR3LYMWqdQajU3Yyt3a7CbgdX0m_kXD-jiGLlN8-00412.jpg": {"object_bounding_box": [430, 622, 438, 160], "object_presence": 1}, "P996--usb--clutter--UNfjuR3LYMWqdQajU3Yyt3a7CbgdX0m_kXD-jiGLlN8-00413.jpg": {"object_bounding_box": [429, 622, 437, 160], "object_presence": 1}, "P996--usb--clutter--UNfjuR3LYMWqdQajU3Yyt3a7CbgdX0m_kXD-jiGLlN8-00414.jpg": {"object_bounding_box": [429, 622, 437, 159], "object_presence": 1}, "P996--usb--clutter--UNfjuR3LYMWqdQajU3Yyt3a7CbgdX0m_kXD-jiGLlN8-00415.jpg": {"object_bounding_box": [429, 622, 438, 159], "object_presence": 1}, "P996--usb--clutter--UNfjuR3LYMWqdQajU3Yyt3a7CbgdX0m_kXD-jiGLlN8-00416.jpg": {"object_bounding_box": [428, 620, 437, 160], "object_presence": 1}, "P996--usb--clutter--UNfjuR3LYMWqdQajU3Yyt3a7CbgdX0m_kXD-jiGLlN8-00417.jpg": {"object_bounding_box": [428, 621, 436, 161], "object_presence": 1}, "P996--usb--clutter--UNfjuR3LYMWqdQajU3Yyt3a7CbgdX0m_kXD-jiGLlN8-00418.jpg": {"object_bounding_box": [427, 620, 436, 160], "object_presence": 1}, "P996--usb--clutter--UNfjuR3LYMWqdQajU3Yyt3a7CbgdX0m_kXD-jiGLlN8-00419.jpg": {"object_bounding_box": [426, 619, 440, 161], "object_presence": 1}, "P996--usb--clutter--UNfjuR3LYMWqdQajU3Yyt3a7CbgdX0m_kXD-jiGLlN8-00420.jpg": {"object_bounding_box": [427, 619, 439, 162], "object_presence": 1}, "P996--usb--clutter--UNfjuR3LYMWqdQajU3Yyt3a7CbgdX0m_kXD-jiGLlN8-00421.jpg": {"object_bounding_box": [427, 619, 437, 160], "object_presence": 1}, "P996--usb--clutter--UNfjuR3LYMWqdQajU3Yyt3a7CbgdX0m_kXD-jiGLlN8-00422.jpg": {"object_bounding_box": [427, 618, 437, 160], "object_presence": 1}, "P996--usb--clutter--UNfjuR3LYMWqdQajU3Yyt3a7CbgdX0m_kXD-jiGLlN8-00423.jpg": {"object_bounding_box": [427, 619, 438, 159], "object_presence": 1}, "P996--usb--clutter--UNfjuR3LYMWqdQajU3Yyt3a7CbgdX0m_kXD-jiGLlN8-00424.jpg": {"object_bounding_box": [426, 618, 438, 158], "object_presence": 1}, "P996--usb--clutter--UNfjuR3LYMWqdQajU3Yyt3a7CbgdX0m_kXD-jiGLlN8-00425.jpg": {"object_bounding_box": [425, 618, 439, 161], "object_presence": 1}, "P996--usb--clutter--UNfjuR3LYMWqdQajU3Yyt3a7CbgdX0m_kXD-jiGLlN8-00426.jpg": {"object_bounding_box": [425, 617, 440, 161], "object_presence": 1}, "P996--usb--clutter--UNfjuR3LYMWqdQajU3Yyt3a7CbgdX0m_kXD-jiGLlN8-00427.jpg": {"object_bounding_box": [424, 616, 439, 159], "object_presence": 1}, "P996--usb--clutter--UNfjuR3LYMWqdQajU3Yyt3a7CbgdX0m_kXD-jiGLlN8-00428.jpg": {"object_bounding_box": [422, 616, 439, 158], "object_presence": 1}, "P996--usb--clutter--UNfjuR3LYMWqdQajU3Yyt3a7CbgdX0m_kXD-jiGLlN8-00429.jpg": {"object_bounding_box": [422, 616, 439, 159], "object_presence": 1}, "P996--usb--clutter--UNfjuR3LYMWqdQajU3Yyt3a7CbgdX0m_kXD-jiGLlN8-00430.jpg": {"object_bounding_box": [421, 616, 439, 160], "object_presence": 1}, "P996--usb--clutter--UNfjuR3LYMWqdQajU3Yyt3a7CbgdX0m_kXD-jiGLlN8-00431.jpg": {"object_bounding_box": [421, 616, 439, 158], "object_presence": 1}, "P996--usb--clutter--UNfjuR3LYMWqdQajU3Yyt3a7CbgdX0m_kXD-jiGLlN8-00432.jpg": {"object_bounding_box": [421, 614, 438, 156], "object_presence": 1}, "P996--usb--clutter--UNfjuR3LYMWqdQajU3Yyt3a7CbgdX0m_kXD-jiGLlN8-00433.jpg": {"object_bounding_box": [421, 615, 439, 158], "object_presence": 1}, "P996--usb--clutter--UNfjuR3LYMWqdQajU3Yyt3a7CbgdX0m_kXD-jiGLlN8-00434.jpg": {"object_bounding_box": [421, 614, 439, 157], "object_presence": 1}, "P996--usb--clutter--UNfjuR3LYMWqdQajU3Yyt3a7CbgdX0m_kXD-jiGLlN8-00435.jpg": {"object_bounding_box": [421, 615, 439, 158], "object_presence": 1}, "P996--usb--clutter--UNfjuR3LYMWqdQajU3Yyt3a7CbgdX0m_kXD-jiGLlN8-00436.jpg": {"object_bounding_box": [421, 615, 439, 160], "object_presence": 1}, "P996--usb--clutter--UNfjuR3LYMWqdQajU3Yyt3a7CbgdX0m_kXD-jiGLlN8-00437.jpg": {"object_bounding_box": [421, 615, 438, 159], "object_presence": 1}, "P996--usb--clutter--UNfjuR3LYMWqdQajU3Yyt3a7CbgdX0m_kXD-jiGLlN8-00438.jpg": {"object_bounding_box": [421, 614, 438, 157], "object_presence": 1}, "P996--usb--clutter--UNfjuR3LYMWqdQajU3Yyt3a7CbgdX0m_kXD-jiGLlN8-00439.jpg": {"object_bounding_box": [421, 614, 438, 158], "object_presence": 1}, "P996--usb--clutter--UNfjuR3LYMWqdQajU3Yyt3a7CbgdX0m_kXD-jiGLlN8-00440.jpg": {"object_bounding_box": [422, 614, 439, 158], "object_presence": 1}, "P996--usb--clutter--UNfjuR3LYMWqdQajU3Yyt3a7CbgdX0m_kXD-jiGLlN8-00441.jpg": {"object_bounding_box": [422, 615, 439, 160], "object_presence": 1}, "P996--usb--clutter--UNfjuR3LYMWqdQajU3Yyt3a7CbgdX0m_kXD-jiGLlN8-00442.jpg": {"object_bounding_box": [423, 615, 440, 159], "object_presence": 1}, "P996--usb--clutter--UNfjuR3LYMWqdQajU3Yyt3a7CbgdX0m_kXD-jiGLlN8-00443.jpg": {"object_bounding_box": [423, 616, 440, 160], "object_presence": 1}, "P996--usb--clutter--UNfjuR3LYMWqdQajU3Yyt3a7CbgdX0m_kXD-jiGLlN8-00444.jpg": {"object_bounding_box": [423, 616, 440, 160], "object_presence": 1}, "P996--usb--clutter--UNfjuR3LYMWqdQajU3Yyt3a7CbgdX0m_kXD-jiGLlN8-00445.jpg": {"object_bounding_box": [424, 616, 438, 159], "object_presence": 1}, "P996--usb--clutter--UNfjuR3LYMWqdQajU3Yyt3a7CbgdX0m_kXD-jiGLlN8-00446.jpg": {"object_bounding_box": [425, 616, 437, 159], "object_presence": 1}, "P996--usb--clutter--UNfjuR3LYMWqdQajU3Yyt3a7CbgdX0m_kXD-jiGLlN8-00447.jpg": {"object_bounding_box": [425, 616, 437, 158], "object_presence": 1}, "P996--usb--clutter--UNfjuR3LYMWqdQajU3Yyt3a7CbgdX0m_kXD-jiGLlN8-00448.jpg": {"object_bounding_box": [424, 615, 438, 158], "object_presence": 1}, "P996--usb--clutter--UNfjuR3LYMWqdQajU3Yyt3a7CbgdX0m_kXD-jiGLlN8-00449.jpg": {"object_bounding_box": [424, 614, 438, 159], "object_presence": 1}, "P996--usb--clutter--UNfjuR3LYMWqdQajU3Yyt3a7CbgdX0m_kXD-jiGLlN8-00450.jpg": {"object_bounding_box": [423, 612, 439, 158], "object_presence": 1}, "P996--usb--clutter--UNfjuR3LYMWqdQajU3Yyt3a7CbgdX0m_kXD-jiGLlN8-00451.jpg": {"object_bounding_box": [423, 613, 438, 160], "object_presence": 1}, "P996--usb--clutter--UNfjuR3LYMWqdQajU3Yyt3a7CbgdX0m_kXD-jiGLlN8-00452.jpg": {"object_bounding_box": [422, 613, 441, 160], "object_presence": 1}, "P996--usb--clutter--UNfjuR3LYMWqdQajU3Yyt3a7CbgdX0m_kXD-jiGLlN8-00453.jpg": {"object_bounding_box": [423, 613, 439, 160], "object_presence": 1}, "P996--usb--clutter--UNfjuR3LYMWqdQajU3Yyt3a7CbgdX0m_kXD-jiGLlN8-00454.jpg": {"object_bounding_box": [423, 613, 438, 160], "object_presence": 1}, "P996--usb--clutter--UNfjuR3LYMWqdQajU3Yyt3a7CbgdX0m_kXD-jiGLlN8-00455.jpg": {"object_bounding_box": [422, 614, 437, 159], "object_presence": 1}, "P996--usb--clutter--UNfjuR3LYMWqdQajU3Yyt3a7CbgdX0m_kXD-jiGLlN8-00456.jpg": {"object_bounding_box": [423, 614, 438, 161], "object_presence": 1}, "P996--usb--clutter--UNfjuR3LYMWqdQajU3Yyt3a7CbgdX0m_kXD-jiGLlN8-00457.jpg": {"object_bounding_box": [424, 613, 437, 159], "object_presence": 1}, "P996--usb--clutter--UNfjuR3LYMWqdQajU3Yyt3a7CbgdX0m_kXD-jiGLlN8-00458.jpg": {"object_bounding_box": [424, 613, 437, 159], "object_presence": 1}, "P996--usb--clutter--UNfjuR3LYMWqdQajU3Yyt3a7CbgdX0m_kXD-jiGLlN8-00459.jpg": {"object_bounding_box": [423, 613, 436, 160], "object_presence": 1}, "P996--usb--clutter--UNfjuR3LYMWqdQajU3Yyt3a7CbgdX0m_kXD-jiGLlN8-00460.jpg": {"object_bounding_box": [424, 613, 436, 159], "object_presence": 1}, "P996--usb--clutter--UNfjuR3LYMWqdQajU3Yyt3a7CbgdX0m_kXD-jiGLlN8-00461.jpg": {"object_bounding_box": [425, 613, 437, 159], "object_presence": 1}, "P996--usb--clutter--UNfjuR3LYMWqdQajU3Yyt3a7CbgdX0m_kXD-jiGLlN8-00462.jpg": {"object_bounding_box": [427, 613, 436, 159], "object_presence": 1}, "P996--usb--clutter--UNfjuR3LYMWqdQajU3Yyt3a7CbgdX0m_kXD-jiGLlN8-00463.jpg": {"object_bounding_box": [429, 613, 439, 159], "object_presence": 1}, "P996--usb--clutter--UNfjuR3LYMWqdQajU3Yyt3a7CbgdX0m_kXD-jiGLlN8-00464.jpg": {"object_bounding_box": [430, 615, 437, 160], "object_presence": 1}, "P996--usb--clutter--UNfjuR3LYMWqdQajU3Yyt3a7CbgdX0m_kXD-jiGLlN8-00465.jpg": {"object_bounding_box": [432, 615, 438, 160], "object_presence": 1}, "P996--usb--clutter--UNfjuR3LYMWqdQajU3Yyt3a7CbgdX0m_kXD-jiGLlN8-00466.jpg": {"object_bounding_box": [430, 615, 440, 160], "object_presence": 1}, "P996--usb--clutter--UNfjuR3LYMWqdQajU3Yyt3a7CbgdX0m_kXD-jiGLlN8-00467.jpg": {"object_bounding_box": [430, 615, 441, 159], "object_presence": 1}, "P996--usb--clutter--UNfjuR3LYMWqdQajU3Yyt3a7CbgdX0m_kXD-jiGLlN8-00468.jpg": {"object_bounding_box": [431, 615, 440, 160], "object_presence": 1}, "P996--usb--clutter--UNfjuR3LYMWqdQajU3Yyt3a7CbgdX0m_kXD-jiGLlN8-00469.jpg": {"object_bounding_box": [430, 616, 441, 160], "object_presence": 1}, "P996--usb--clutter--UNfjuR3LYMWqdQajU3Yyt3a7CbgdX0m_kXD-jiGLlN8-00470.jpg": {"object_bounding_box": [429, 615, 439, 160], "object_presence": 1}, "P996--usb--clutter--UNfjuR3LYMWqdQajU3Yyt3a7CbgdX0m_kXD-jiGLlN8-00471.jpg": {"object_bounding_box": [429, 615, 438, 160], "object_presence": 1}, "P996--usb--clutter--UNfjuR3LYMWqdQajU3Yyt3a7CbgdX0m_kXD-jiGLlN8-00472.jpg": {"object_bounding_box": [429, 615, 437, 159], "object_presence": 1}, "P996--usb--clutter--UNfjuR3LYMWqdQajU3Yyt3a7CbgdX0m_kXD-jiGLlN8-00473.jpg": {"object_bounding_box": [430, 615, 439, 160], "object_presence": 1}, "P996--usb--clutter--UNfjuR3LYMWqdQajU3Yyt3a7CbgdX0m_kXD-jiGLlN8-00474.jpg": {"object_bounding_box": [431, 616, 441, 159], "object_presence": 1}, "P996--usb--clutter--UNfjuR3LYMWqdQajU3Yyt3a7CbgdX0m_kXD-jiGLlN8-00475.jpg": {"object_bounding_box": [431, 617, 440, 160], "object_presence": 1}, "P996--usb--clutter--UNfjuR3LYMWqdQajU3Yyt3a7CbgdX0m_kXD-jiGLlN8-00476.jpg": {"object_bounding_box": [431, 619, 439, 161], "object_presence": 1}, "P996--usb--clutter--UNfjuR3LYMWqdQajU3Yyt3a7CbgdX0m_kXD-jiGLlN8-00477.jpg": {"object_bounding_box": [431, 619, 436, 160], "object_presence": 1}, "P996--usb--clutter--UNfjuR3LYMWqdQajU3Yyt3a7CbgdX0m_kXD-jiGLlN8-00478.jpg": {"object_bounding_box": [431, 620, 435, 155], "object_presence": 1}, "P996--usb--clutter--UNfjuR3LYMWqdQajU3Yyt3a7CbgdX0m_kXD-jiGLlN8-00479.jpg": {"object_bounding_box": [431, 622, 433, 156], "object_presence": 1}, "P996--usb--clutter--UNfjuR3LYMWqdQajU3Yyt3a7CbgdX0m_kXD-jiGLlN8-00480.jpg": {"object_bounding_box": [430, 622, 434, 156], "object_presence": 1}, "P996--usb--clutter--UNfjuR3LYMWqdQajU3Yyt3a7CbgdX0m_kXD-jiGLlN8-00481.jpg": {"object_bounding_box": [428, 622, 434, 156], "object_presence": 1}, "P996--usb--clutter--UNfjuR3LYMWqdQajU3Yyt3a7CbgdX0m_kXD-jiGLlN8-00482.jpg": {"object_bounding_box": [427, 623, 435, 155], "object_presence": 1}, "P996--usb--clutter--UNfjuR3LYMWqdQajU3Yyt3a7CbgdX0m_kXD-jiGLlN8-00483.jpg": {"object_bounding_box": [425, 622, 435, 156], "object_presence": 1}, "P996--usb--clutter--UNfjuR3LYMWqdQajU3Yyt3a7CbgdX0m_kXD-jiGLlN8-00484.jpg": {"object_bounding_box": [424, 622, 434, 156], "object_presence": 1}, "P996--usb--clutter--UNfjuR3LYMWqdQajU3Yyt3a7CbgdX0m_kXD-jiGLlN8-00485.jpg": {"object_bounding_box": [421, 623, 436, 156], "object_presence": 1}, "P996--usb--clutter--UNfjuR3LYMWqdQajU3Yyt3a7CbgdX0m_kXD-jiGLlN8-00486.jpg": {"object_bounding_box": [420, 622, 435, 157], "object_presence": 1}, "P996--usb--clutter--UNfjuR3LYMWqdQajU3Yyt3a7CbgdX0m_kXD-jiGLlN8-00487.jpg": {"object_bounding_box": [419, 623, 434, 155], "object_presence": 1}, "P996--usb--clutter--UNfjuR3LYMWqdQajU3Yyt3a7CbgdX0m_kXD-jiGLlN8-00488.jpg": {"object_bounding_box": [418, 623, 435, 155], "object_presence": 1}, "P996--usb--clutter--UNfjuR3LYMWqdQajU3Yyt3a7CbgdX0m_kXD-jiGLlN8-00489.jpg": {"object_bounding_box": [417, 622, 435, 157], "object_presence": 1}, "P996--usb--clutter--UNfjuR3LYMWqdQajU3Yyt3a7CbgdX0m_kXD-jiGLlN8-00490.jpg": {"object_bounding_box": [414, 622, 436, 157], "object_presence": 1}, "P996--usb--clutter--UNfjuR3LYMWqdQajU3Yyt3a7CbgdX0m_kXD-jiGLlN8-00491.jpg": {"object_bounding_box": [415, 622, 434, 157], "object_presence": 1}, "P996--usb--clutter--UNfjuR3LYMWqdQajU3Yyt3a7CbgdX0m_kXD-jiGLlN8-00492.jpg": {"object_bounding_box": [415, 621, 434, 159], "object_presence": 1}, "P996--usb--clutter--UNfjuR3LYMWqdQajU3Yyt3a7CbgdX0m_kXD-jiGLlN8-00493.jpg": {"object_bounding_box": [416, 621, 436, 158], "object_presence": 1}, "P996--usb--clutter--UNfjuR3LYMWqdQajU3Yyt3a7CbgdX0m_kXD-jiGLlN8-00494.jpg": {"object_bounding_box": [417, 622, 436, 157], "object_presence": 1}, "P996--usb--clutter--UNfjuR3LYMWqdQajU3Yyt3a7CbgdX0m_kXD-jiGLlN8-00495.jpg": {"object_bounding_box": [418, 621, 436, 159], "object_presence": 1}, "P996--usb--clutter--UNfjuR3LYMWqdQajU3Yyt3a7CbgdX0m_kXD-jiGLlN8-00496.jpg": {"object_bounding_box": [419, 621, 434, 159], "object_presence": 1}, "P996--usb--clutter--UNfjuR3LYMWqdQajU3Yyt3a7CbgdX0m_kXD-jiGLlN8-00497.jpg": {"object_bounding_box": [420, 621, 434, 159], "object_presence": 1}, "P996--usb--clutter--UNfjuR3LYMWqdQajU3Yyt3a7CbgdX0m_kXD-jiGLlN8-00498.jpg": {"object_bounding_box": [421, 622, 433, 161], "object_presence": 1}, "P996--usb--clutter--UNfjuR3LYMWqdQajU3Yyt3a7CbgdX0m_kXD-jiGLlN8-00499.jpg": {"object_bounding_box": [421, 622, 435, 163], "object_presence": 1}, "P996--usb--clutter--UNfjuR3LYMWqdQajU3Yyt3a7CbgdX0m_kXD-jiGLlN8-00500.jpg": {"object_bounding_box": [421, 621, 436, 161], "object_presence": 1}, "P996--usb--clutter--UNfjuR3LYMWqdQajU3Yyt3a7CbgdX0m_kXD-jiGLlN8-00501.jpg": {"object_bounding_box": [421, 621, 436, 160], "object_presence": 1}, "P996--usb--clutter--UNfjuR3LYMWqdQajU3Yyt3a7CbgdX0m_kXD-jiGLlN8-00502.jpg": {"object_bounding_box": [422, 621, 434, 160], "object_presence": 1}, "P996--usb--clutter--UNfjuR3LYMWqdQajU3Yyt3a7CbgdX0m_kXD-jiGLlN8-00503.jpg": {"object_bounding_box": [423, 621, 433, 160], "object_presence": 1}, "P996--usb--clutter--UNfjuR3LYMWqdQajU3Yyt3a7CbgdX0m_kXD-jiGLlN8-00504.jpg": {"object_bounding_box": [424, 621, 435, 160], "object_presence": 1}, "P996--usb--clutter--UNfjuR3LYMWqdQajU3Yyt3a7CbgdX0m_kXD-jiGLlN8-00505.jpg": {"object_bounding_box": [424, 621, 436, 160], "object_presence": 1}, "P996--usb--clutter--UNfjuR3LYMWqdQajU3Yyt3a7CbgdX0m_kXD-jiGLlN8-00506.jpg": {"object_bounding_box": [423, 621, 435, 160], "object_presence": 1}, "P996--usb--clutter--UNfjuR3LYMWqdQajU3Yyt3a7CbgdX0m_kXD-jiGLlN8-00507.jpg": {"object_bounding_box": [423, 621, 433, 160], "object_presence": 1}, "P996--usb--clutter--UNfjuR3LYMWqdQajU3Yyt3a7CbgdX0m_kXD-jiGLlN8-00508.jpg": {"object_bounding_box": [421, 621, 435, 160], "object_presence": 1}, "P996--usb--clutter--UNfjuR3LYMWqdQajU3Yyt3a7CbgdX0m_kXD-jiGLlN8-00509.jpg": {"object_bounding_box": [422, 621, 434, 160], "object_presence": 1}, "P996--usb--clutter--UNfjuR3LYMWqdQajU3Yyt3a7CbgdX0m_kXD-jiGLlN8-00510.jpg": {"object_bounding_box": [422, 621, 435, 160], "object_presence": 1}, "P996--usb--clutter--UNfjuR3LYMWqdQajU3Yyt3a7CbgdX0m_kXD-jiGLlN8-00511.jpg": {"object_bounding_box": [422, 622, 434, 162], "object_presence": 1}, "P996--usb--clutter--UNfjuR3LYMWqdQajU3Yyt3a7CbgdX0m_kXD-jiGLlN8-00512.jpg": {"object_bounding_box": [422, 619, 435, 161], "object_presence": 1}, "P996--usb--clutter--UNfjuR3LYMWqdQajU3Yyt3a7CbgdX0m_kXD-jiGLlN8-00513.jpg": {"object_bounding_box": [422, 618, 436, 159], "object_presence": 1}, "P996--usb--clutter--UNfjuR3LYMWqdQajU3Yyt3a7CbgdX0m_kXD-jiGLlN8-00514.jpg": {"object_bounding_box": [423, 617, 435, 160], "object_presence": 1}, "P996--usb--clutter--UNfjuR3LYMWqdQajU3Yyt3a7CbgdX0m_kXD-jiGLlN8-00515.jpg": {"object_bounding_box": [424, 617, 436, 159], "object_presence": 1}, "P996--usb--clutter--UNfjuR3LYMWqdQajU3Yyt3a7CbgdX0m_kXD-jiGLlN8-00516.jpg": {"object_bounding_box": [425, 616, 436, 162], "object_presence": 1}, "P996--usb--clutter--UNfjuR3LYMWqdQajU3Yyt3a7CbgdX0m_kXD-jiGLlN8-00517.jpg": {"object_bounding_box": [424, 617, 436, 161], "object_presence": 1}, "P996--usb--clutter--UNfjuR3LYMWqdQajU3Yyt3a7CbgdX0m_kXD-jiGLlN8-00518.jpg": {"object_bounding_box": [423, 617, 436, 160], "object_presence": 1}, "P996--usb--clutter--UNfjuR3LYMWqdQajU3Yyt3a7CbgdX0m_kXD-jiGLlN8-00519.jpg": {"object_bounding_box": [423, 617, 437, 159], "object_presence": 1}, "P996--usb--clutter--UNfjuR3LYMWqdQajU3Yyt3a7CbgdX0m_kXD-jiGLlN8-00520.jpg": {"object_bounding_box": [424, 617, 435, 159], "object_presence": 1}, "P996--usb--clutter--UNfjuR3LYMWqdQajU3Yyt3a7CbgdX0m_kXD-jiGLlN8-00521.jpg": {"object_bounding_box": [424, 617, 434, 158], "object_presence": 1}, "P996--usb--clutter--UNfjuR3LYMWqdQajU3Yyt3a7CbgdX0m_kXD-jiGLlN8-00522.jpg": {"object_bounding_box": [423, 616, 435, 158], "object_presence": 1}, "P996--usb--clutter--UNfjuR3LYMWqdQajU3Yyt3a7CbgdX0m_kXD-jiGLlN8-00523.jpg": {"object_bounding_box": [422, 616, 435, 158], "object_presence": 1}, "P996--usb--clutter--UNfjuR3LYMWqdQajU3Yyt3a7CbgdX0m_kXD-jiGLlN8-00524.jpg": {"object_bounding_box": [421, 615, 435, 158], "object_presence": 1}, "P996--usb--clutter--UNfjuR3LYMWqdQajU3Yyt3a7CbgdX0m_kXD-jiGLlN8-00525.jpg": {"object_bounding_box": [419, 615, 435, 158], "object_presence": 1}, "P996--usb--clutter--UNfjuR3LYMWqdQajU3Yyt3a7CbgdX0m_kXD-jiGLlN8-00526.jpg": {"object_bounding_box": [418, 614, 436, 159], "object_presence": 1}, "P996--usb--clutter--UNfjuR3LYMWqdQajU3Yyt3a7CbgdX0m_kXD-jiGLlN8-00527.jpg": {"object_bounding_box": [417, 614, 435, 159], "object_presence": 1}, "P996--usb--clutter--UNfjuR3LYMWqdQajU3Yyt3a7CbgdX0m_kXD-jiGLlN8-00528.jpg": {"object_bounding_box": [418, 613, 435, 158], "object_presence": 1}, "P996--usb--clutter--UNfjuR3LYMWqdQajU3Yyt3a7CbgdX0m_kXD-jiGLlN8-00529.jpg": {"object_bounding_box": [421, 614, 434, 160], "object_presence": 1}, "P996--usb--clutter--UNfjuR3LYMWqdQajU3Yyt3a7CbgdX0m_kXD-jiGLlN8-00530.jpg": {"object_bounding_box": [423, 614, 435, 160], "object_presence": 1}, "P996--usb--clutter--UNfjuR3LYMWqdQajU3Yyt3a7CbgdX0m_kXD-jiGLlN8-00531.jpg": {"object_bounding_box": [425, 613, 438, 160], "object_presence": 1}, "P996--usb--clutter--UNfjuR3LYMWqdQajU3Yyt3a7CbgdX0m_kXD-jiGLlN8-00532.jpg": {"object_bounding_box": [423, 611, 438, 159], "object_presence": 1}, "P996--usb--clutter--UNfjuR3LYMWqdQajU3Yyt3a7CbgdX0m_kXD-jiGLlN8-00533.jpg": {"object_bounding_box": [420, 611, 439, 159], "object_presence": 1}, "P996--usb--clutter--UNfjuR3LYMWqdQajU3Yyt3a7CbgdX0m_kXD-jiGLlN8-00534.jpg": {"object_bounding_box": [418, 610, 438, 160], "object_presence": 1}, "P996--usb--clutter--UNfjuR3LYMWqdQajU3Yyt3a7CbgdX0m_kXD-jiGLlN8-00535.jpg": {"object_bounding_box": [416, 609, 440, 160], "object_presence": 1}, "P996--usb--clutter--UNfjuR3LYMWqdQajU3Yyt3a7CbgdX0m_kXD-jiGLlN8-00536.jpg": {"object_bounding_box": [416, 609, 440, 160], "object_presence": 1}, "P996--usb--clutter--UNfjuR3LYMWqdQajU3Yyt3a7CbgdX0m_kXD-jiGLlN8-00537.jpg": {"object_bounding_box": [415, 608, 441, 161], "object_presence": 1}, "P996--usb--clutter--UNfjuR3LYMWqdQajU3Yyt3a7CbgdX0m_kXD-jiGLlN8-00538.jpg": {"object_bounding_box": [415, 607, 440, 161], "object_presence": 1}, "P996--usb--clutter--UNfjuR3LYMWqdQajU3Yyt3a7CbgdX0m_kXD-jiGLlN8-00539.jpg": {"object_bounding_box": [415, 606, 439, 162], "object_presence": 1}, "P996--usb--clutter--UNfjuR3LYMWqdQajU3Yyt3a7CbgdX0m_kXD-jiGLlN8-00540.jpg": {"object_bounding_box": [414, 606, 440, 162], "object_presence": 1}, "P996--usb--clutter--UNfjuR3LYMWqdQajU3Yyt3a7CbgdX0m_kXD-jiGLlN8-00541.jpg": {"object_bounding_box": [414, 605, 439, 162], "object_presence": 1}, "P996--usb--clutter--UNfjuR3LYMWqdQajU3Yyt3a7CbgdX0m_kXD-jiGLlN8-00542.jpg": {"object_bounding_box": [413, 604, 440, 161], "object_presence": 1}, "P996--usb--clutter--UNfjuR3LYMWqdQajU3Yyt3a7CbgdX0m_kXD-jiGLlN8-00543.jpg": {"object_bounding_box": [412, 604, 439, 163], "object_presence": 1}, "P996--usb--clutter--UNfjuR3LYMWqdQajU3Yyt3a7CbgdX0m_kXD-jiGLlN8-00544.jpg": {"object_bounding_box": [412, 604, 439, 162], "object_presence": 1}, "P996--usb--clutter--UNfjuR3LYMWqdQajU3Yyt3a7CbgdX0m_kXD-jiGLlN8-00545.jpg": {"object_bounding_box": [411, 603, 438, 161], "object_presence": 1}, "P996--usb--clutter--UNfjuR3LYMWqdQajU3Yyt3a7CbgdX0m_kXD-jiGLlN8-00546.jpg": {"object_bounding_box": [410, 602, 439, 162], "object_presence": 1}, "P996--usb--clutter--UNfjuR3LYMWqdQajU3Yyt3a7CbgdX0m_kXD-jiGLlN8-00547.jpg": {"object_bounding_box": [409, 601, 441, 161], "object_presence": 1}, "P996--usb--clutter--UNfjuR3LYMWqdQajU3Yyt3a7CbgdX0m_kXD-jiGLlN8-00548.jpg": {"object_bounding_box": [410, 601, 439, 161], "object_presence": 1}, "P996--usb--clutter--UNfjuR3LYMWqdQajU3Yyt3a7CbgdX0m_kXD-jiGLlN8-00549.jpg": {"object_bounding_box": [409, 600, 440, 159], "object_presence": 1}, "P996--usb--clutter--UNfjuR3LYMWqdQajU3Yyt3a7CbgdX0m_kXD-jiGLlN8-00550.jpg": {"object_bounding_box": [409, 601, 440, 160], "object_presence": 1}, "P996--usb--clutter--UNfjuR3LYMWqdQajU3Yyt3a7CbgdX0m_kXD-jiGLlN8-00551.jpg": {"object_bounding_box": [410, 600, 439, 161], "object_presence": 1}, "P996--usb--clutter--UNfjuR3LYMWqdQajU3Yyt3a7CbgdX0m_kXD-jiGLlN8-00552.jpg": {"object_bounding_box": [408, 599, 439, 161], "object_presence": 1}, "P996--usb--clutter--UNfjuR3LYMWqdQajU3Yyt3a7CbgdX0m_kXD-jiGLlN8-00553.jpg": {"object_bounding_box": [407, 599, 439, 160], "object_presence": 1}, "P996--usb--clutter--UNfjuR3LYMWqdQajU3Yyt3a7CbgdX0m_kXD-jiGLlN8-00554.jpg": {"object_bounding_box": [406, 599, 438, 160], "object_presence": 1}, "P996--usb--clutter--UNfjuR3LYMWqdQajU3Yyt3a7CbgdX0m_kXD-jiGLlN8-00555.jpg": {"object_bounding_box": [406, 599, 440, 159], "object_presence": 1}, "P996--usb--clutter--UNfjuR3LYMWqdQajU3Yyt3a7CbgdX0m_kXD-jiGLlN8-00556.jpg": {"object_bounding_box": [406, 598, 441, 159], "object_presence": 1}, "P996--usb--clutter--UNfjuR3LYMWqdQajU3Yyt3a7CbgdX0m_kXD-jiGLlN8-00557.jpg": {"object_bounding_box": [407, 599, 439, 160], "object_presence": 1}, "P996--usb--clutter--UNfjuR3LYMWqdQajU3Yyt3a7CbgdX0m_kXD-jiGLlN8-00558.jpg": {"object_bounding_box": [407, 598, 439, 162], "object_presence": 1}, "P996--usb--clutter--UNfjuR3LYMWqdQajU3Yyt3a7CbgdX0m_kXD-jiGLlN8-00559.jpg": {"object_bounding_box": [406, 597, 440, 161], "object_presence": 1}, "P996--usb--clutter--UNfjuR3LYMWqdQajU3Yyt3a7CbgdX0m_kXD-jiGLlN8-00560.jpg": {"object_bounding_box": [405, 596, 440, 160], "object_presence": 1}, "P996--usb--clutter--UNfjuR3LYMWqdQajU3Yyt3a7CbgdX0m_kXD-jiGLlN8-00561.jpg": {"object_bounding_box": [404, 595, 440, 160], "object_presence": 1}, "P996--usb--clutter--UNfjuR3LYMWqdQajU3Yyt3a7CbgdX0m_kXD-jiGLlN8-00562.jpg": {"object_bounding_box": [403, 595, 441, 160], "object_presence": 1}, "P996--usb--clutter--UNfjuR3LYMWqdQajU3Yyt3a7CbgdX0m_kXD-jiGLlN8-00563.jpg": {"object_bounding_box": [402, 594, 440, 160], "object_presence": 1}, "P996--usb--clutter--UNfjuR3LYMWqdQajU3Yyt3a7CbgdX0m_kXD-jiGLlN8-00564.jpg": {"object_bounding_box": [401, 594, 441, 159], "object_presence": 1}, "P996--usb--clutter--UNfjuR3LYMWqdQajU3Yyt3a7CbgdX0m_kXD-jiGLlN8-00565.jpg": {"object_bounding_box": [401, 594, 442, 160], "object_presence": 1}, "P996--usb--clutter--UNfjuR3LYMWqdQajU3Yyt3a7CbgdX0m_kXD-jiGLlN8-00566.jpg": {"object_bounding_box": [400, 593, 442, 160], "object_presence": 1}, "P996--usb--clutter--UNfjuR3LYMWqdQajU3Yyt3a7CbgdX0m_kXD-jiGLlN8-00567.jpg": {"object_bounding_box": [401, 593, 441, 160], "object_presence": 1}, "P996--usb--clutter--UNfjuR3LYMWqdQajU3Yyt3a7CbgdX0m_kXD-jiGLlN8-00568.jpg": {"object_bounding_box": [401, 595, 440, 158], "object_presence": 1}, "P996--usb--clutter--UNfjuR3LYMWqdQajU3Yyt3a7CbgdX0m_kXD-jiGLlN8-00569.jpg": {"object_bounding_box": [402, 595, 440, 157], "object_presence": 1}, "P996--usb--clutter--UNfjuR3LYMWqdQajU3Yyt3a7CbgdX0m_kXD-jiGLlN8-00570.jpg": {"object_bounding_box": [403, 595, 439, 157], "object_presence": 1}, "P996--usb--clutter--UNfjuR3LYMWqdQajU3Yyt3a7CbgdX0m_kXD-jiGLlN8-00571.jpg": {"object_bounding_box": [404, 595, 441, 156], "object_presence": 1}, "P996--usb--clutter--UNfjuR3LYMWqdQajU3Yyt3a7CbgdX0m_kXD-jiGLlN8-00572.jpg": {"object_bounding_box": [403, 594, 440, 158], "object_presence": 1}, "P996--usb--clutter--UNfjuR3LYMWqdQajU3Yyt3a7CbgdX0m_kXD-jiGLlN8-00573.jpg": {"object_bounding_box": [404, 595, 440, 157], "object_presence": 1}, "P996--usb--clutter--UNfjuR3LYMWqdQajU3Yyt3a7CbgdX0m_kXD-jiGLlN8-00574.jpg": {"object_bounding_box": [404, 595, 440, 156], "object_presence": 1}, "P996--usb--clutter--UNfjuR3LYMWqdQajU3Yyt3a7CbgdX0m_kXD-jiGLlN8-00575.jpg": {"object_bounding_box": [405, 596, 441, 154], "object_presence": 1}, "P996--usb--clutter--UNfjuR3LYMWqdQajU3Yyt3a7CbgdX0m_kXD-jiGLlN8-00576.jpg": {"object_bounding_box": [406, 597, 441, 153], "object_presence": 1}, "P996--usb--clutter--UNfjuR3LYMWqdQajU3Yyt3a7CbgdX0m_kXD-jiGLlN8-00577.jpg": {"object_bounding_box": [406, 598, 439, 154], "object_presence": 1}, "P996--usb--clutter--UNfjuR3LYMWqdQajU3Yyt3a7CbgdX0m_kXD-jiGLlN8-00578.jpg": {"object_bounding_box": [408, 599, 439, 155], "object_presence": 1}, "P996--usb--clutter--UNfjuR3LYMWqdQajU3Yyt3a7CbgdX0m_kXD-jiGLlN8-00579.jpg": {"object_bounding_box": [409, 600, 438, 156], "object_presence": 1}, "P996--usb--clutter--UNfjuR3LYMWqdQajU3Yyt3a7CbgdX0m_kXD-jiGLlN8-00580.jpg": {"object_bounding_box": [409, 601, 439, 158], "object_presence": 1}, "P996--usb--clutter--UNfjuR3LYMWqdQajU3Yyt3a7CbgdX0m_kXD-jiGLlN8-00581.jpg": {"object_bounding_box": [408, 602, 439, 159], "object_presence": 1}, "P996--usb--clutter--UNfjuR3LYMWqdQajU3Yyt3a7CbgdX0m_kXD-jiGLlN8-00582.jpg": {"object_bounding_box": [408, 603, 439, 158], "object_presence": 1}, "P996--usb--clutter--UNfjuR3LYMWqdQajU3Yyt3a7CbgdX0m_kXD-jiGLlN8-00583.jpg": {"object_bounding_box": [409, 602, 439, 159], "object_presence": 1}, "P996--usb--clutter--UNfjuR3LYMWqdQajU3Yyt3a7CbgdX0m_kXD-jiGLlN8-00584.jpg": {"object_bounding_box": [408, 602, 439, 159], "object_presence": 1}, "P996--usb--clutter--UNfjuR3LYMWqdQajU3Yyt3a7CbgdX0m_kXD-jiGLlN8-00585.jpg": {"object_bounding_box": [406, 603, 438, 159], "object_presence": 1}, "P996--usb--clutter--UNfjuR3LYMWqdQajU3Yyt3a7CbgdX0m_kXD-jiGLlN8-00586.jpg": {"object_bounding_box": [405, 603, 440, 159], "object_presence": 1}, "P996--usb--clutter--UNfjuR3LYMWqdQajU3Yyt3a7CbgdX0m_kXD-jiGLlN8-00587.jpg": {"object_bounding_box": [406, 603, 438, 158], "object_presence": 1}, "P996--usb--clutter--UNfjuR3LYMWqdQajU3Yyt3a7CbgdX0m_kXD-jiGLlN8-00588.jpg": {"object_bounding_box": [406, 603, 437, 158], "object_presence": 1}, "P996--usb--clutter--UNfjuR3LYMWqdQajU3Yyt3a7CbgdX0m_kXD-jiGLlN8-00589.jpg": {"object_bounding_box": [405, 603, 439, 158], "object_presence": 1}, "P996--usb--clutter--UNfjuR3LYMWqdQajU3Yyt3a7CbgdX0m_kXD-jiGLlN8-00590.jpg": {"object_bounding_box": [405, 603, 438, 158], "object_presence": 1}, "P996--usb--clutter--UNfjuR3LYMWqdQajU3Yyt3a7CbgdX0m_kXD-jiGLlN8-00591.jpg": {"object_bounding_box": [405, 603, 437, 158], "object_presence": 1}, "P996--usb--clutter--UNfjuR3LYMWqdQajU3Yyt3a7CbgdX0m_kXD-jiGLlN8-00592.jpg": {"object_bounding_box": [404, 603, 438, 157], "object_presence": 1}, "P996--usb--clutter--UNfjuR3LYMWqdQajU3Yyt3a7CbgdX0m_kXD-jiGLlN8-00593.jpg": {"object_bounding_box": [404, 604, 437, 157], "object_presence": 1}, "P996--usb--clutter--UNfjuR3LYMWqdQajU3Yyt3a7CbgdX0m_kXD-jiGLlN8-00594.jpg": {"object_bounding_box": [403, 603, 440, 157], "object_presence": 1}, "P996--usb--clutter--UNfjuR3LYMWqdQajU3Yyt3a7CbgdX0m_kXD-jiGLlN8-00595.jpg": {"object_bounding_box": [402, 603, 440, 157], "object_presence": 1}, "P996--usb--clutter--UNfjuR3LYMWqdQajU3Yyt3a7CbgdX0m_kXD-jiGLlN8-00596.jpg": {"object_bounding_box": [403, 604, 440, 156], "object_presence": 1}, "P996--usb--clutter--UNfjuR3LYMWqdQajU3Yyt3a7CbgdX0m_kXD-jiGLlN8-00597.jpg": {"object_bounding_box": [404, 604, 440, 159], "object_presence": 1}, "P996--usb--clutter--UNfjuR3LYMWqdQajU3Yyt3a7CbgdX0m_kXD-jiGLlN8-00598.jpg": {"object_bounding_box": [405, 605, 439, 160], "object_presence": 1}}