{"P100--skipping-rope--clutter--060yMtbvOg-JReD3K2xm41utDjGPEuRsCVe2Uy4ryY0-00001.jpg": {"object_bounding_box": {"x": 0, "y": 402, "w": 791, "h": 678}, "object_present": true}, "P100--skipping-rope--clutter--060yMtbvOg-JReD3K2xm41utDjGPEuRsCVe2Uy4ryY0-00002.jpg": {"object_bounding_box": {"x": 0, "y": 383, "w": 795, "h": 697}, "object_present": true}, "P100--skipping-rope--clutter--060yMtbvOg-JReD3K2xm41utDjGPEuRsCVe2Uy4ryY0-00003.jpg": {"object_bounding_box": {"x": 0, "y": 366, "w": 804, "h": 714}, "object_present": true}, "P100--skipping-rope--clutter--060yMtbvOg-JReD3K2xm41utDjGPEuRsCVe2Uy4ryY0-00004.jpg": {"object_bounding_box": {"x": 0, "y": 367, "w": 804, "h": 713}, "object_present": true}, "P100--skipping-rope--clutter--060yMtbvOg-JReD3K2xm41utDjGPEuRsCVe2Uy4ryY0-00005.jpg": {"object_bounding_box": {"x": 0, "y": 368, "w": 793, "h": 712}, "object_present": true}, "P100--skipping-rope--clutter--060yMtbvOg-JReD3K2xm41utDjGPEuRsCVe2Uy4ryY0-00006.jpg": {"object_bounding_box": {"x": 0, "y": 369, "w": 778, "h": 711}, "object_present": true}, "P100--skipping-rope--clutter--060yMtbvOg-JReD3K2xm41utDjGPEuRsCVe2Uy4ryY0-00007.jpg": {"object_bounding_box": {"x": 0, "y": 361, "w": 779, "h": 719}, "object_present": true}, "P100--skipping-rope--clutter--060yMtbvOg-JReD3K2xm41utDjGPEuRsCVe2Uy4ryY0-00008.jpg": {"object_bounding_box": {"x": 0, "y": 342, "w": 776, "h": 738}, "object_present": true}, "P100--skipping-rope--clutter--060yMtbvOg-JReD3K2xm41utDjGPEuRsCVe2Uy4ryY0-00009.jpg": {"object_bounding_box": {"x": 0, "y": 314, "w": 770, "h": 766}, "object_present": true}, "P100--skipping-rope--clutter--060yMtbvOg-JReD3K2xm41utDjGPEuRsCVe2Uy4ryY0-00010.jpg": {"object_bounding_box": {"x": 0, "y": 285, "w": 765, "h": 795}, "object_present": true}, "P100--skipping-rope--clutter--060yMtbvOg-JReD3K2xm41utDjGPEuRsCVe2Uy4ryY0-00011.jpg": {"object_bounding_box": {"x": 0, "y": 262, "w": 771, "h": 818}, "object_present": true}, "P100--skipping-rope--clutter--060yMtbvOg-JReD3K2xm41utDjGPEuRsCVe2Uy4ryY0-00012.jpg": {"object_bounding_box": {"x": 0, "y": 232, "w": 775, "h": 848}, "object_present": true}, "P100--skipping-rope--clutter--060yMtbvOg-JReD3K2xm41utDjGPEuRsCVe2Uy4ryY0-00013.jpg": {"object_bounding_box": {"x": 0, "y": 214, "w": 768, "h": 866}, "object_present": true}, "P100--skipping-rope--clutter--060yMtbvOg-JReD3K2xm41utDjGPEuRsCVe2Uy4ryY0-00014.jpg": {"object_bounding_box": {"x": 0, "y": 202, "w": 747, "h": 878}, "object_present": true}, "P100--skipping-rope--clutter--060yMtbvOg-JReD3K2xm41utDjGPEuRsCVe2Uy4ryY0-00015.jpg": {"object_bounding_box": {"x": 0, "y": 193, "w": 716, "h": 887}, "object_present": true}, "P100--skipping-rope--clutter--060yMtbvOg-JReD3K2xm41utDjGPEuRsCVe2Uy4ryY0-00016.jpg": {"object_bounding_box": {"x": 0, "y": 150, "w": 688, "h": 930}, "object_present": true}, "P100--skipping-rope--clutter--060yMtbvOg-JReD3K2xm41utDjGPEuRsCVe2Uy4ryY0-00017.jpg": {"object_bounding_box": {"x": 0, "y": 105, "w": 672, "h": 975}, "object_present": true}, "P100--skipping-rope--clutter--060yMtbvOg-JReD3K2xm41utDjGPEuRsCVe2Uy4ryY0-00018.jpg": {"object_bounding_box": {"x": 0, "y": 59, "w": 664, "h": 1021}, "object_present": true}, "P100--skipping-rope--clutter--060yMtbvOg-JReD3K2xm41utDjGPEuRsCVe2Uy4ryY0-00019.jpg": {"object_bounding_box": {"x": 0, "y": 59, "w": 664, "h": 1021}, "object_present": true}, "P100--skipping-rope--clutter--060yMtbvOg-JReD3K2xm41utDjGPEuRsCVe2Uy4ryY0-00020.jpg": {"object_bounding_box": {"x": 0, "y": 10, "w": 646, "h": 1070}, "object_present": true}, "P100--skipping-rope--clutter--060yMtbvOg-JReD3K2xm41utDjGPEuRsCVe2Uy4ryY0-00021.jpg": {"object_bounding_box": {"x": 0, "y": 0, "w": 636, "h": 1080}, "object_present": true}, "P100--skipping-rope--clutter--060yMtbvOg-JReD3K2xm41utDjGPEuRsCVe2Uy4ryY0-00022.jpg": {"object_bounding_box": {"x": 0, "y": 0, "w": 632, "h": 1080}, "object_present": true}, "P100--skipping-rope--clutter--060yMtbvOg-JReD3K2xm41utDjGPEuRsCVe2Uy4ryY0-00023.jpg": {"object_bounding_box": {"x": 0, "y": 0, "w": 619, "h": 1080}, "object_present": true}, "P100--skipping-rope--clutter--060yMtbvOg-JReD3K2xm41utDjGPEuRsCVe2Uy4ryY0-00024.jpg": {"object_bounding_box": {"x": 0, "y": 0, "w": 604, "h": 1080}, "object_present": true}, "P100--skipping-rope--clutter--060yMtbvOg-JReD3K2xm41utDjGPEuRsCVe2Uy4ryY0-00025.jpg": {"object_bounding_box": {"x": 0, "y": 0, "w": 617, "h": 1080}, "object_present": true}, "P100--skipping-rope--clutter--060yMtbvOg-JReD3K2xm41utDjGPEuRsCVe2Uy4ryY0-00026.jpg": {"object_bounding_box": {"x": 0, "y": 0, "w": 617, "h": 1080}, "object_present": true}, "P100--skipping-rope--clutter--060yMtbvOg-JReD3K2xm41utDjGPEuRsCVe2Uy4ryY0-00027.jpg": {"object_bounding_box": {"x": 0, "y": 0, "w": 617, "h": 1080}, "object_present": true}, "P100--skipping-rope--clutter--060yMtbvOg-JReD3K2xm41utDjGPEuRsCVe2Uy4ryY0-00028.jpg": {"object_bounding_box": {"x": 0, "y": 0, "w": 608, "h": 1080}, "object_present": true}, "P100--skipping-rope--clutter--060yMtbvOg-JReD3K2xm41utDjGPEuRsCVe2Uy4ryY0-00029.jpg": {"object_bounding_box": {"x": 0, "y": 0, "w": 592, "h": 1080}, "object_present": true}, "P100--skipping-rope--clutter--060yMtbvOg-JReD3K2xm41utDjGPEuRsCVe2Uy4ryY0-00030.jpg": {"object_bounding_box": {"x": 0, "y": 7, "w": 585, "h": 1073}, "object_present": true}, "P100--skipping-rope--clutter--060yMtbvOg-JReD3K2xm41utDjGPEuRsCVe2Uy4ryY0-00031.jpg": {"object_bounding_box": {"x": 0, "y": 23, "w": 579, "h": 1057}, "object_present": true}, "P100--skipping-rope--clutter--060yMtbvOg-JReD3K2xm41utDjGPEuRsCVe2Uy4ryY0-00032.jpg": {"object_bounding_box": {"x": 0, "y": 52, "w": 566, "h": 1028}, "object_present": true}, "P100--skipping-rope--clutter--060yMtbvOg-JReD3K2xm41utDjGPEuRsCVe2Uy4ryY0-00033.jpg": {"object_bounding_box": {"x": 0, "y": 87, "w": 547, "h": 993}, "object_present": true}, "P100--skipping-rope--clutter--060yMtbvOg-JReD3K2xm41utDjGPEuRsCVe2Uy4ryY0-00034.jpg": {"object_bounding_box": {"x": 0, "y": 115, "w": 532, "h": 965}, "object_present": true}, "P100--skipping-rope--clutter--060yMtbvOg-JReD3K2xm41utDjGPEuRsCVe2Uy4ryY0-00035.jpg": {"object_bounding_box": {"x": 0, "y": 138, "w": 519, "h": 942}, "object_present": true}, "P100--skipping-rope--clutter--060yMtbvOg-JReD3K2xm41utDjGPEuRsCVe2Uy4ryY0-00036.jpg": {"object_bounding_box": {"x": 0, "y": 163, "w": 510, "h": 917}, "object_present": true}, "P100--skipping-rope--clutter--060yMtbvOg-JReD3K2xm41utDjGPEuRsCVe2Uy4ryY0-00037.jpg": {"object_bounding_box": {"x": 0, "y": 196, "w": 504, "h": 884}, "object_present": true}, "P100--skipping-rope--clutter--060yMtbvOg-JReD3K2xm41utDjGPEuRsCVe2Uy4ryY0-00038.jpg": {"object_bounding_box": {"x": 0, "y": 224, "w": 503, "h": 856}, "object_present": true}, "P100--skipping-rope--clutter--060yMtbvOg-JReD3K2xm41utDjGPEuRsCVe2Uy4ryY0-00039.jpg": {"object_bounding_box": {"x": 0, "y": 238, "w": 506, "h": 842}, "object_present": true}, "P100--skipping-rope--clutter--060yMtbvOg-JReD3K2xm41utDjGPEuRsCVe2Uy4ryY0-00040.jpg": {"object_bounding_box": {"x": 0, "y": 240, "w": 510, "h": 840}, "object_present": true}, "P100--skipping-rope--clutter--060yMtbvOg-JReD3K2xm41utDjGPEuRsCVe2Uy4ryY0-00041.jpg": {"object_bounding_box": {"x": 0, "y": 231, "w": 512, "h": 849}, "object_present": true}, "P100--skipping-rope--clutter--060yMtbvOg-JReD3K2xm41utDjGPEuRsCVe2Uy4ryY0-00042.jpg": {"object_bounding_box": {"x": 0, "y": 217, "w": 519, "h": 863}, "object_present": true}, "P100--skipping-rope--clutter--060yMtbvOg-JReD3K2xm41utDjGPEuRsCVe2Uy4ryY0-00043.jpg": {"object_bounding_box": {"x": 0, "y": 198, "w": 524, "h": 882}, "object_present": true}, "P100--skipping-rope--clutter--060yMtbvOg-JReD3K2xm41utDjGPEuRsCVe2Uy4ryY0-00044.jpg": {"object_bounding_box": {"x": 0, "y": 183, "w": 526, "h": 897}, "object_present": true}, "P100--skipping-rope--clutter--060yMtbvOg-JReD3K2xm41utDjGPEuRsCVe2Uy4ryY0-00045.jpg": {"object_bounding_box": {"x": 0, "y": 171, "w": 523, "h": 909}, "object_present": true}, "P100--skipping-rope--clutter--060yMtbvOg-JReD3K2xm41utDjGPEuRsCVe2Uy4ryY0-00046.jpg": {"object_bounding_box": {"x": 0, "y": 165, "w": 514, "h": 915}, "object_present": true}, "P100--skipping-rope--clutter--060yMtbvOg-JReD3K2xm41utDjGPEuRsCVe2Uy4ryY0-00047.jpg": {"object_bounding_box": {"x": 0, "y": 160, "w": 509, "h": 846}, "object_present": true}, "P100--skipping-rope--clutter--060yMtbvOg-JReD3K2xm41utDjGPEuRsCVe2Uy4ryY0-00048.jpg": {"object_bounding_box": {"x": 0, "y": 161, "w": 505, "h": 840}, "object_present": true}, "P100--skipping-rope--clutter--060yMtbvOg-JReD3K2xm41utDjGPEuRsCVe2Uy4ryY0-00049.jpg": {"object_bounding_box": {"x": 0, "y": 163, "w": 504, "h": 852}, "object_present": true}, "P100--skipping-rope--clutter--060yMtbvOg-JReD3K2xm41utDjGPEuRsCVe2Uy4ryY0-00050.jpg": {"object_bounding_box": {"x": 0, "y": 167, "w": 505, "h": 870}, "object_present": true}, "P100--skipping-rope--clutter--060yMtbvOg-JReD3K2xm41utDjGPEuRsCVe2Uy4ryY0-00051.jpg": {"object_bounding_box": {"x": 0, "y": 174, "w": 512, "h": 881}, "object_present": true}, "P100--skipping-rope--clutter--060yMtbvOg-JReD3K2xm41utDjGPEuRsCVe2Uy4ryY0-00052.jpg": {"object_bounding_box": {"x": 0, "y": 179, "w": 522, "h": 878}, "object_present": true}, "P100--skipping-rope--clutter--060yMtbvOg-JReD3K2xm41utDjGPEuRsCVe2Uy4ryY0-00053.jpg": {"object_bounding_box": {"x": 0, "y": 174, "w": 534, "h": 866}, "object_present": true}, "P100--skipping-rope--clutter--060yMtbvOg-JReD3K2xm41utDjGPEuRsCVe2Uy4ryY0-00054.jpg": {"object_bounding_box": {"x": 0, "y": 166, "w": 547, "h": 847}, "object_present": true}, "P100--skipping-rope--clutter--060yMtbvOg-JReD3K2xm41utDjGPEuRsCVe2Uy4ryY0-00055.jpg": {"object_bounding_box": {"x": 0, "y": 139, "w": 562, "h": 846}, "object_present": true}, "P100--skipping-rope--clutter--060yMtbvOg-JReD3K2xm41utDjGPEuRsCVe2Uy4ryY0-00056.jpg": {"object_bounding_box": {"x": 0, "y": 117, "w": 583, "h": 839}, "object_present": true}, "P100--skipping-rope--clutter--060yMtbvOg-JReD3K2xm41utDjGPEuRsCVe2Uy4ryY0-00057.jpg": {"object_bounding_box": {"x": 0, "y": 120, "w": 604, "h": 822}, "object_present": true}, "P100--skipping-rope--clutter--060yMtbvOg-JReD3K2xm41utDjGPEuRsCVe2Uy4ryY0-00058.jpg": {"object_bounding_box": {"x": 0, "y": 129, "w": 614, "h": 801}, "object_present": true}, "P100--skipping-rope--clutter--060yMtbvOg-JReD3K2xm41utDjGPEuRsCVe2Uy4ryY0-00059.jpg": {"object_bounding_box": {"x": 0, "y": 65, "w": 615, "h": 849}, "object_present": true}, "P100--skipping-rope--clutter--060yMtbvOg-JReD3K2xm41utDjGPEuRsCVe2Uy4ryY0-00060.jpg": {"object_bounding_box": {"x": 0, "y": 57, "w": 623, "h": 840}, "object_present": true}, "P100--skipping-rope--clutter--060yMtbvOg-JReD3K2xm41utDjGPEuRsCVe2Uy4ryY0-00061.jpg": {"object_bounding_box": {"x": 0, "y": 67, "w": 623, "h": 824}, "object_present": true}, "P100--skipping-rope--clutter--060yMtbvOg-JReD3K2xm41utDjGPEuRsCVe2Uy4ryY0-00062.jpg": {"object_bounding_box": {"x": 0, "y": 83, "w": 609, "h": 810}, "object_present": true}, "P100--skipping-rope--clutter--060yMtbvOg-JReD3K2xm41utDjGPEuRsCVe2Uy4ryY0-00063.jpg": {"object_bounding_box": {"x": 0, "y": 93, "w": 601, "h": 798}, "object_present": true}, "P100--skipping-rope--clutter--060yMtbvOg-JReD3K2xm41utDjGPEuRsCVe2Uy4ryY0-00064.jpg": {"object_bounding_box": {"x": 0, "y": 103, "w": 602, "h": 784}, "object_present": true}, "P100--skipping-rope--clutter--060yMtbvOg-JReD3K2xm41utDjGPEuRsCVe2Uy4ryY0-00065.jpg": {"object_bounding_box": {"x": 0, "y": 121, "w": 612, "h": 771}, "object_present": true}, "P100--skipping-rope--clutter--060yMtbvOg-JReD3K2xm41utDjGPEuRsCVe2Uy4ryY0-00066.jpg": {"object_bounding_box": {"x": 0, "y": 138, "w": 620, "h": 756}, "object_present": true}, "P100--skipping-rope--clutter--060yMtbvOg-JReD3K2xm41utDjGPEuRsCVe2Uy4ryY0-00067.jpg": {"object_bounding_box": {"x": 0, "y": 143, "w": 622, "h": 747}, "object_present": true}, "P100--skipping-rope--clutter--060yMtbvOg-JReD3K2xm41utDjGPEuRsCVe2Uy4ryY0-00068.jpg": {"object_bounding_box": {"x": 0, "y": 138, "w": 617, "h": 735}, "object_present": true}, "P100--skipping-rope--clutter--060yMtbvOg-JReD3K2xm41utDjGPEuRsCVe2Uy4ryY0-00069.jpg": {"object_bounding_box": {"x": 0, "y": 115, "w": 606, "h": 731}, "object_present": true}, "P100--skipping-rope--clutter--060yMtbvOg-JReD3K2xm41utDjGPEuRsCVe2Uy4ryY0-00070.jpg": {"object_bounding_box": {"x": 0, "y": 104, "w": 594, "h": 722}, "object_present": true}, "P100--skipping-rope--clutter--060yMtbvOg-JReD3K2xm41utDjGPEuRsCVe2Uy4ryY0-00071.jpg": {"object_bounding_box": {"x": 0, "y": 100, "w": 576, "h": 711}, "object_present": true}, "P100--skipping-rope--clutter--060yMtbvOg-JReD3K2xm41utDjGPEuRsCVe2Uy4ryY0-00072.jpg": {"object_bounding_box": {"x": 0, "y": 91, "w": 567, "h": 699}, "object_present": true}, "P100--skipping-rope--clutter--060yMtbvOg-JReD3K2xm41utDjGPEuRsCVe2Uy4ryY0-00073.jpg": {"object_bounding_box": {"x": 0, "y": 84, "w": 571, "h": 686}, "object_present": true}, "P100--skipping-rope--clutter--060yMtbvOg-JReD3K2xm41utDjGPEuRsCVe2Uy4ryY0-00074.jpg": {"object_bounding_box": {"x": 0, "y": 84, "w": 573, "h": 672}, "object_present": true}, "P100--skipping-rope--clutter--060yMtbvOg-JReD3K2xm41utDjGPEuRsCVe2Uy4ryY0-00075.jpg": {"object_bounding_box": {"x": 0, "y": 80, "w": 569, "h": 661}, "object_present": true}, "P100--skipping-rope--clutter--060yMtbvOg-JReD3K2xm41utDjGPEuRsCVe2Uy4ryY0-00076.jpg": {"object_bounding_box": {"x": 0, "y": 66, "w": 558, "h": 652}, "object_present": true}, "P100--skipping-rope--clutter--060yMtbvOg-JReD3K2xm41utDjGPEuRsCVe2Uy4ryY0-00077.jpg": {"object_bounding_box": {"x": 0, "y": 53, "w": 547, "h": 643}, "object_present": true}, "P100--skipping-rope--clutter--060yMtbvOg-JReD3K2xm41utDjGPEuRsCVe2Uy4ryY0-00078.jpg": {"object_bounding_box": {"x": 0, "y": 47, "w": 536, "h": 632}, "object_present": true}, "P100--skipping-rope--clutter--060yMtbvOg-JReD3K2xm41utDjGPEuRsCVe2Uy4ryY0-00079.jpg": {"object_bounding_box": {"x": 0, "y": 56, "w": 525, "h": 621}, "object_present": true}, "P100--skipping-rope--clutter--060yMtbvOg-JReD3K2xm41utDjGPEuRsCVe2Uy4ryY0-00080.jpg": {"object_bounding_box": {"x": 0, "y": 68, "w": 510, "h": 608}, "object_present": true}, "P100--skipping-rope--clutter--060yMtbvOg-JReD3K2xm41utDjGPEuRsCVe2Uy4ryY0-00081.jpg": {"object_bounding_box": {"x": 0, "y": 63, "w": 502, "h": 601}, "object_present": true}, "P100--skipping-rope--clutter--060yMtbvOg-JReD3K2xm41utDjGPEuRsCVe2Uy4ryY0-00082.jpg": {"object_bounding_box": {"x": 0, "y": 47, "w": 494, "h": 595}, "object_present": true}, "P100--skipping-rope--clutter--060yMtbvOg-JReD3K2xm41utDjGPEuRsCVe2Uy4ryY0-00083.jpg": {"object_bounding_box": {"x": 0, "y": 38, "w": 485, "h": 588}, "object_present": true}, "P100--skipping-rope--clutter--060yMtbvOg-JReD3K2xm41utDjGPEuRsCVe2Uy4ryY0-00084.jpg": {"object_bounding_box": {"x": 0, "y": 43, "w": 471, "h": 578}, "object_present": true}, "P100--skipping-rope--clutter--060yMtbvOg-JReD3K2xm41utDjGPEuRsCVe2Uy4ryY0-00085.jpg": {"object_bounding_box": {"x": 0, "y": 48, "w": 457, "h": 571}, "object_present": true}, "P100--skipping-rope--clutter--060yMtbvOg-JReD3K2xm41utDjGPEuRsCVe2Uy4ryY0-00086.jpg": {"object_bounding_box": {"x": 0, "y": 62, "w": 450, "h": 557}, "object_present": true}, "P100--skipping-rope--clutter--060yMtbvOg-JReD3K2xm41utDjGPEuRsCVe2Uy4ryY0-00087.jpg": {"object_bounding_box": {"x": 0, "y": 84, "w": 449, "h": 544}, "object_present": true}, "P100--skipping-rope--clutter--060yMtbvOg-JReD3K2xm41utDjGPEuRsCVe2Uy4ryY0-00088.jpg": {"object_bounding_box": {"x": 0, "y": 107, "w": 450, "h": 530}, "object_present": true}, "P100--skipping-rope--clutter--060yMtbvOg-JReD3K2xm41utDjGPEuRsCVe2Uy4ryY0-00089.jpg": {"object_bounding_box": {"x": 0, "y": 125, "w": 465, "h": 519}, "object_present": true}, "P100--skipping-rope--clutter--060yMtbvOg-JReD3K2xm41utDjGPEuRsCVe2Uy4ryY0-00090.jpg": {"object_bounding_box": {"x": 0, "y": 131, "w": 478, "h": 510}, "object_present": true}, "P100--skipping-rope--clutter--060yMtbvOg-JReD3K2xm41utDjGPEuRsCVe2Uy4ryY0-00091.jpg": {"object_bounding_box": {"x": 0, "y": 123, "w": 476, "h": 504}, "object_present": true}, "P100--skipping-rope--clutter--060yMtbvOg-JReD3K2xm41utDjGPEuRsCVe2Uy4ryY0-00092.jpg": {"object_bounding_box": {"x": 0, "y": 113, "w": 464, "h": 498}, "object_present": true}, "P100--skipping-rope--clutter--060yMtbvOg-JReD3K2xm41utDjGPEuRsCVe2Uy4ryY0-00093.jpg": {"object_bounding_box": {"x": 0, "y": 107, "w": 448, "h": 491}, "object_present": true}, "P100--skipping-rope--clutter--060yMtbvOg-JReD3K2xm41utDjGPEuRsCVe2Uy4ryY0-00094.jpg": {"object_bounding_box": {"x": 0, "y": 100, "w": 437, "h": 484}, "object_present": true}, "P100--skipping-rope--clutter--060yMtbvOg-JReD3K2xm41utDjGPEuRsCVe2Uy4ryY0-00095.jpg": {"object_bounding_box": {"x": 0, "y": 86, "w": 432, "h": 479}, "object_present": true}, "P100--skipping-rope--clutter--060yMtbvOg-JReD3K2xm41utDjGPEuRsCVe2Uy4ryY0-00096.jpg": {"object_bounding_box": {"x": 0, "y": 62, "w": 432, "h": 475}, "object_present": true}, "P100--skipping-rope--clutter--060yMtbvOg-JReD3K2xm41utDjGPEuRsCVe2Uy4ryY0-00097.jpg": {"object_bounding_box": {"x": 0, "y": 35, "w": 422, "h": 471}, "object_present": true}, "P100--skipping-rope--clutter--060yMtbvOg-JReD3K2xm41utDjGPEuRsCVe2Uy4ryY0-00098.jpg": {"object_bounding_box": {"x": 0, "y": 8, "w": 403, "h": 468}, "object_present": true}, "P100--skipping-rope--clutter--060yMtbvOg-JReD3K2xm41utDjGPEuRsCVe2Uy4ryY0-00099.jpg": {"object_bounding_box": {"x": 0, "y": 0, "w": 378, "h": 455}, "object_present": true}, "P100--skipping-rope--clutter--060yMtbvOg-JReD3K2xm41utDjGPEuRsCVe2Uy4ryY0-00100.jpg": {"object_bounding_box": {"x": 0, "y": 21, "w": 347, "h": 427}, "object_present": true}, "P100--skipping-rope--clutter--060yMtbvOg-JReD3K2xm41utDjGPEuRsCVe2Uy4ryY0-00101.jpg": {"object_bounding_box": {"x": 0, "y": 30, "w": 321, "h": 417}, "object_present": true}, "P100--skipping-rope--clutter--060yMtbvOg-JReD3K2xm41utDjGPEuRsCVe2Uy4ryY0-00102.jpg": {"object_bounding_box": {"x": 0, "y": 39, "w": 305, "h": 410}, "object_present": true}, "P100--skipping-rope--clutter--060yMtbvOg-JReD3K2xm41utDjGPEuRsCVe2Uy4ryY0-00103.jpg": {"object_bounding_box": {"x": 0, "y": 49, "w": 297, "h": 403}, "object_present": true}, "P100--skipping-rope--clutter--060yMtbvOg-JReD3K2xm41utDjGPEuRsCVe2Uy4ryY0-00104.jpg": {"object_bounding_box": {"x": 0, "y": 45, "w": 298, "h": 399}, "object_present": true}, "P100--skipping-rope--clutter--060yMtbvOg-JReD3K2xm41utDjGPEuRsCVe2Uy4ryY0-00105.jpg": {"object_bounding_box": {"x": 0, "y": 38, "w": 303, "h": 396}, "object_present": true}, "P100--skipping-rope--clutter--060yMtbvOg-JReD3K2xm41utDjGPEuRsCVe2Uy4ryY0-00106.jpg": {"object_bounding_box": {"x": 0, "y": 44, "w": 300, "h": 389}, "object_present": true}, "P100--skipping-rope--clutter--060yMtbvOg-JReD3K2xm41utDjGPEuRsCVe2Uy4ryY0-00107.jpg": {"object_bounding_box": {"x": 0, "y": 65, "w": 292, "h": 382}, "object_present": true}, "P100--skipping-rope--clutter--060yMtbvOg-JReD3K2xm41utDjGPEuRsCVe2Uy4ryY0-00108.jpg": {"object_bounding_box": {"x": 0, "y": 86, "w": 281, "h": 374}, "object_present": true}, "P100--skipping-rope--clutter--060yMtbvOg-JReD3K2xm41utDjGPEuRsCVe2Uy4ryY0-00109.jpg": {"object_bounding_box": {"x": 0, "y": 88, "w": 290, "h": 373}, "object_present": true}, "P100--skipping-rope--clutter--060yMtbvOg-JReD3K2xm41utDjGPEuRsCVe2Uy4ryY0-00110.jpg": {"object_bounding_box": {"x": 0, "y": 87, "w": 302, "h": 367}, "object_present": true}, "P100--skipping-rope--clutter--060yMtbvOg-JReD3K2xm41utDjGPEuRsCVe2Uy4ryY0-00111.jpg": {"object_bounding_box": {"x": 0, "y": 71, "w": 316, "h": 383}, "object_present": true}, "P100--skipping-rope--clutter--060yMtbvOg-JReD3K2xm41utDjGPEuRsCVe2Uy4ryY0-00112.jpg": {"object_bounding_box": {"x": 0, "y": 85, "w": 314, "h": 376}, "object_present": true}, "P100--skipping-rope--clutter--060yMtbvOg-JReD3K2xm41utDjGPEuRsCVe2Uy4ryY0-00113.jpg": {"object_bounding_box": {"x": 0, "y": 97, "w": 307, "h": 369}, "object_present": true}, "P100--skipping-rope--clutter--060yMtbvOg-JReD3K2xm41utDjGPEuRsCVe2Uy4ryY0-00114.jpg": {"object_bounding_box": {"x": 0, "y": 96, "w": 307, "h": 364}, "object_present": true}, "P100--skipping-rope--clutter--060yMtbvOg-JReD3K2xm41utDjGPEuRsCVe2Uy4ryY0-00115.jpg": {"object_bounding_box": {"x": 0, "y": 81, "w": 307, "h": 361}, "object_present": true}, "P100--skipping-rope--clutter--060yMtbvOg-JReD3K2xm41utDjGPEuRsCVe2Uy4ryY0-00116.jpg": {"object_bounding_box": {"x": 0, "y": 63, "w": 310, "h": 359}, "object_present": true}, "P100--skipping-rope--clutter--060yMtbvOg-JReD3K2xm41utDjGPEuRsCVe2Uy4ryY0-00117.jpg": {"object_bounding_box": {"x": 0, "y": 42, "w": 315, "h": 355}, "object_present": true}, "P100--skipping-rope--clutter--060yMtbvOg-JReD3K2xm41utDjGPEuRsCVe2Uy4ryY0-00118.jpg": {"object_bounding_box": {"x": 0, "y": 29, "w": 321, "h": 353}, "object_present": true}, "P100--skipping-rope--clutter--060yMtbvOg-JReD3K2xm41utDjGPEuRsCVe2Uy4ryY0-00119.jpg": {"object_bounding_box": {"x": 0, "y": 26, "w": 319, "h": 348}, "object_present": true}, "P100--skipping-rope--clutter--060yMtbvOg-JReD3K2xm41utDjGPEuRsCVe2Uy4ryY0-00120.jpg": {"object_bounding_box": {"x": 0, "y": 18, "w": 325, "h": 346}, "object_present": true}, "P100--skipping-rope--clutter--060yMtbvOg-JReD3K2xm41utDjGPEuRsCVe2Uy4ryY0-00121.jpg": {"object_bounding_box": {"x": 0, "y": 14, "w": 326, "h": 341}, "object_present": true}, "P100--skipping-rope--clutter--060yMtbvOg-JReD3K2xm41utDjGPEuRsCVe2Uy4ryY0-00122.jpg": {"object_bounding_box": {"x": 0, "y": 10, "w": 325, "h": 340}, "object_present": true}, "P100--skipping-rope--clutter--060yMtbvOg-JReD3K2xm41utDjGPEuRsCVe2Uy4ryY0-00123.jpg": {"object_bounding_box": {"x": 0, "y": 3, "w": 317, "h": 337}, "object_present": true}, "P100--skipping-rope--clutter--060yMtbvOg-JReD3K2xm41utDjGPEuRsCVe2Uy4ryY0-00124.jpg": {"object_bounding_box": {"x": 0, "y": 0, "w": 322, "h": 329}, "object_present": true}, "P100--skipping-rope--clutter--060yMtbvOg-JReD3K2xm41utDjGPEuRsCVe2Uy4ryY0-00125.jpg": {"object_bounding_box": {"x": 0, "y": 0, "w": 327, "h": 316}, "object_present": true}, "P100--skipping-rope--clutter--060yMtbvOg-JReD3K2xm41utDjGPEuRsCVe2Uy4ryY0-00126.jpg": {"object_bounding_box": {"x": 0, "y": 0, "w": 335, "h": 307}, "object_present": true}, "P100--skipping-rope--clutter--060yMtbvOg-JReD3K2xm41utDjGPEuRsCVe2Uy4ryY0-00127.jpg": {"object_bounding_box": {"x": 0, "y": 0, "w": 333, "h": 304}, "object_present": true}, "P100--skipping-rope--clutter--060yMtbvOg-JReD3K2xm41utDjGPEuRsCVe2Uy4ryY0-00128.jpg": {"object_bounding_box": {"x": 0, "y": 0, "w": 334, "h": 313}, "object_present": true}, "P100--skipping-rope--clutter--060yMtbvOg-JReD3K2xm41utDjGPEuRsCVe2Uy4ryY0-00129.jpg": {"object_bounding_box": {"x": 1, "y": 2, "w": 332, "h": 317}, "object_present": true}, "P100--skipping-rope--clutter--060yMtbvOg-JReD3K2xm41utDjGPEuRsCVe2Uy4ryY0-00130.jpg": {"object_bounding_box": {"x": 14, "y": 6, "w": 329, "h": 314}, "object_present": true}, "P100--skipping-rope--clutter--060yMtbvOg-JReD3K2xm41utDjGPEuRsCVe2Uy4ryY0-00131.jpg": {"object_bounding_box": {"x": 31, "y": 12, "w": 323, "h": 310}, "object_present": true}, "P100--skipping-rope--clutter--060yMtbvOg-JReD3K2xm41utDjGPEuRsCVe2Uy4ryY0-00132.jpg": {"object_bounding_box": {"x": 41, "y": 19, "w": 319, "h": 304}, "object_present": true}, "P100--skipping-rope--clutter--060yMtbvOg-JReD3K2xm41utDjGPEuRsCVe2Uy4ryY0-00133.jpg": {"object_bounding_box": {"x": 46, "y": 20, "w": 315, "h": 302}, "object_present": true}, "P100--skipping-rope--clutter--060yMtbvOg-JReD3K2xm41utDjGPEuRsCVe2Uy4ryY0-00134.jpg": {"object_bounding_box": {"x": 48, "y": 12, "w": 315, "h": 301}, "object_present": true}, "P100--skipping-rope--clutter--060yMtbvOg-JReD3K2xm41utDjGPEuRsCVe2Uy4ryY0-00135.jpg": {"object_bounding_box": {"x": 46, "y": 6, "w": 312, "h": 296}, "object_present": true}, "P100--skipping-rope--clutter--060yMtbvOg-JReD3K2xm41utDjGPEuRsCVe2Uy4ryY0-00136.jpg": {"object_bounding_box": {"x": 49, "y": 4, "w": 308, "h": 293}, "object_present": true}, "P100--skipping-rope--clutter--060yMtbvOg-JReD3K2xm41utDjGPEuRsCVe2Uy4ryY0-00137.jpg": {"object_bounding_box": {"x": 55, "y": 0, "w": 306, "h": 287}, "object_present": true}, "P100--skipping-rope--clutter--060yMtbvOg-JReD3K2xm41utDjGPEuRsCVe2Uy4ryY0-00138.jpg": {"object_bounding_box": {"x": 62, "y": 0, "w": 302, "h": 272}, "object_present": true}, "P100--skipping-rope--clutter--060yMtbvOg-JReD3K2xm41utDjGPEuRsCVe2Uy4ryY0-00139.jpg": {"object_bounding_box": {"x": 73, "y": 0, "w": 299, "h": 263}, "object_present": true}, "P100--skipping-rope--clutter--060yMtbvOg-JReD3K2xm41utDjGPEuRsCVe2Uy4ryY0-00140.jpg": {"object_bounding_box": {"x": 74, "y": 0, "w": 299, "h": 258}, "object_present": true}, "P100--skipping-rope--clutter--060yMtbvOg-JReD3K2xm41utDjGPEuRsCVe2Uy4ryY0-00141.jpg": {"object_bounding_box": {"x": 71, "y": 0, "w": 299, "h": 241}, "object_present": true}, "P100--skipping-rope--clutter--060yMtbvOg-JReD3K2xm41utDjGPEuRsCVe2Uy4ryY0-00142.jpg": {"object_bounding_box": {"x": 83, "y": 0, "w": 268, "h": 214}, "object_present": true}, "P100--skipping-rope--clutter--060yMtbvOg-JReD3K2xm41utDjGPEuRsCVe2Uy4ryY0-00143.jpg": {"object_bounding_box": {"x": 88, "y": 0, "w": 262, "h": 187}, "object_present": true}, "P100--skipping-rope--clutter--060yMtbvOg-JReD3K2xm41utDjGPEuRsCVe2Uy4ryY0-00144.jpg": {"object_bounding_box": {"x": 151, "y": 0, "w": 190, "h": 159}, "object_present": true}, "P100--skipping-rope--clutter--060yMtbvOg-JReD3K2xm41utDjGPEuRsCVe2Uy4ryY0-00145.jpg": {"object_bounding_box": {"x": 142, "y": 0, "w": 191, "h": 133}, "object_present": true}, "P100--skipping-rope--clutter--060yMtbvOg-JReD3K2xm41utDjGPEuRsCVe2Uy4ryY0-00146.jpg": {"object_bounding_box": {"x": 142, "y": 0, "w": 184, "h": 113}, "object_present": true}, "P100--skipping-rope--clutter--060yMtbvOg-JReD3K2xm41utDjGPEuRsCVe2Uy4ryY0-00147.jpg": {"object_bounding_box": {"x": 152, "y": 0, "w": 178, "h": 99}, "object_present": true}, "P100--skipping-rope--clutter--060yMtbvOg-JReD3K2xm41utDjGPEuRsCVe2Uy4ryY0-00148.jpg": {"object_bounding_box": {"x": 159, "y": 0, "w": 175, "h": 99}, "object_present": true}, "P100--skipping-rope--clutter--060yMtbvOg-JReD3K2xm41utDjGPEuRsCVe2Uy4ryY0-00149.jpg": {"object_bounding_box": {"x": 164, "y": 0, "w": 174, "h": 106}, "object_present": true}, "P100--skipping-rope--clutter--060yMtbvOg-JReD3K2xm41utDjGPEuRsCVe2Uy4ryY0-00150.jpg": {"object_bounding_box": {"x": 166, "y": 0, "w": 174, "h": 107}, "object_present": true}, "P100--skipping-rope--clutter--060yMtbvOg-JReD3K2xm41utDjGPEuRsCVe2Uy4ryY0-00151.jpg": {"object_bounding_box": {"x": 163, "y": 0, "w": 172, "h": 101}, "object_present": true}, "P100--skipping-rope--clutter--060yMtbvOg-JReD3K2xm41utDjGPEuRsCVe2Uy4ryY0-00152.jpg": {"object_bounding_box": {"x": 162, "y": 0, "w": 172, "h": 94}, "object_present": true}, "P100--skipping-rope--clutter--060yMtbvOg-JReD3K2xm41utDjGPEuRsCVe2Uy4ryY0-00153.jpg": {"object_bounding_box": {"x": 159, "y": 0, "w": 173, "h": 86}, "object_present": true}, "P100--skipping-rope--clutter--060yMtbvOg-JReD3K2xm41utDjGPEuRsCVe2Uy4ryY0-00154.jpg": {"object_bounding_box": {"x": 150, "y": 0, "w": 171, "h": 78}, "object_present": true}, "P100--skipping-rope--clutter--060yMtbvOg-JReD3K2xm41utDjGPEuRsCVe2Uy4ryY0-00155.jpg": {"object_bounding_box": {"x": 150, "y": 0, "w": 170, "h": 64}, "object_present": true}, "P100--skipping-rope--clutter--060yMtbvOg-JReD3K2xm41utDjGPEuRsCVe2Uy4ryY0-00156.jpg": {"object_bounding_box": {"x": 144, "y": 0, "w": 167, "h": 52}, "object_present": true}, "P100--skipping-rope--clutter--060yMtbvOg-JReD3K2xm41utDjGPEuRsCVe2Uy4ryY0-00157.jpg": {"object_bounding_box": {"x": 143, "y": 0, "w": 167, "h": 53}, "object_present": true}, "P100--skipping-rope--clutter--060yMtbvOg-JReD3K2xm41utDjGPEuRsCVe2Uy4ryY0-00158.jpg": {"object_bounding_box": {"x": 137, "y": 0, "w": 166, "h": 56}, "object_present": true}, "P100--skipping-rope--clutter--060yMtbvOg-JReD3K2xm41utDjGPEuRsCVe2Uy4ryY0-00159.jpg": {"object_bounding_box": {"x": 110, "y": 0, "w": 167, "h": 72}, "object_present": true}, "P100--skipping-rope--clutter--060yMtbvOg-JReD3K2xm41utDjGPEuRsCVe2Uy4ryY0-00160.jpg": {"object_bounding_box": {"x": 100, "y": 0, "w": 164, "h": 87}, "object_present": true}, "P100--skipping-rope--clutter--060yMtbvOg-JReD3K2xm41utDjGPEuRsCVe2Uy4ryY0-00161.jpg": {"object_bounding_box": {"x": 103, "y": 0, "w": 163, "h": 79}, "object_present": true}, "P100--skipping-rope--clutter--060yMtbvOg-JReD3K2xm41utDjGPEuRsCVe2Uy4ryY0-00162.jpg": {"object_bounding_box": {"x": 105, "y": 0, "w": 160, "h": 59}, "object_present": true}, "P100--skipping-rope--clutter--060yMtbvOg-JReD3K2xm41utDjGPEuRsCVe2Uy4ryY0-00163.jpg": {"object_bounding_box": {"x": 113, "y": 0, "w": 50, "h": 27}, "object_present": true}, "P100--skipping-rope--clutter--060yMtbvOg-JReD3K2xm41utDjGPEuRsCVe2Uy4ryY0-00164.jpg": {"object_bounding_box": null, "object_present": false}, "P100--skipping-rope--clutter--060yMtbvOg-JReD3K2xm41utDjGPEuRsCVe2Uy4ryY0-00165.jpg": {"object_bounding_box": null, "object_present": false}, "P100--skipping-rope--clutter--060yMtbvOg-JReD3K2xm41utDjGPEuRsCVe2Uy4ryY0-00166.jpg": {"object_bounding_box": null, "object_present": false}, "P100--skipping-rope--clutter--060yMtbvOg-JReD3K2xm41utDjGPEuRsCVe2Uy4ryY0-00167.jpg": {"object_bounding_box": null, "object_present": false}, "P100--skipping-rope--clutter--060yMtbvOg-JReD3K2xm41utDjGPEuRsCVe2Uy4ryY0-00168.jpg": {"object_bounding_box": null, "object_present": false}, "P100--skipping-rope--clutter--060yMtbvOg-JReD3K2xm41utDjGPEuRsCVe2Uy4ryY0-00169.jpg": {"object_bounding_box": null, "object_present": false}, "P100--skipping-rope--clutter--060yMtbvOg-JReD3K2xm41utDjGPEuRsCVe2Uy4ryY0-00170.jpg": {"object_bounding_box": null, "object_present": false}, "P100--skipping-rope--clutter--060yMtbvOg-JReD3K2xm41utDjGPEuRsCVe2Uy4ryY0-00171.jpg": {"object_bounding_box": null, "object_present": false}, "P100--skipping-rope--clutter--060yMtbvOg-JReD3K2xm41utDjGPEuRsCVe2Uy4ryY0-00172.jpg": {"object_bounding_box": null, "object_present": false}, "P100--skipping-rope--clutter--060yMtbvOg-JReD3K2xm41utDjGPEuRsCVe2Uy4ryY0-00173.jpg": {"object_bounding_box": null, "object_present": false}, "P100--skipping-rope--clutter--060yMtbvOg-JReD3K2xm41utDjGPEuRsCVe2Uy4ryY0-00174.jpg": {"object_bounding_box": null, "object_present": false}, "P100--skipping-rope--clutter--060yMtbvOg-JReD3K2xm41utDjGPEuRsCVe2Uy4ryY0-00175.jpg": {"object_bounding_box": null, "object_present": false}, "P100--skipping-rope--clutter--060yMtbvOg-JReD3K2xm41utDjGPEuRsCVe2Uy4ryY0-00176.jpg": {"object_bounding_box": null, "object_present": false}, "P100--skipping-rope--clutter--060yMtbvOg-JReD3K2xm41utDjGPEuRsCVe2Uy4ryY0-00177.jpg": {"object_bounding_box": null, "object_present": false}, "P100--skipping-rope--clutter--060yMtbvOg-JReD3K2xm41utDjGPEuRsCVe2Uy4ryY0-00178.jpg": {"object_bounding_box": null, "object_present": false}, "P100--skipping-rope--clutter--060yMtbvOg-JReD3K2xm41utDjGPEuRsCVe2Uy4ryY0-00179.jpg": {"object_bounding_box": null, "object_present": false}, "P100--skipping-rope--clutter--060yMtbvOg-JReD3K2xm41utDjGPEuRsCVe2Uy4ryY0-00180.jpg": {"object_bounding_box": null, "object_present": false}, "P100--skipping-rope--clutter--060yMtbvOg-JReD3K2xm41utDjGPEuRsCVe2Uy4ryY0-00181.jpg": {"object_bounding_box": null, "object_present": false}, "P100--skipping-rope--clutter--060yMtbvOg-JReD3K2xm41utDjGPEuRsCVe2Uy4ryY0-00182.jpg": {"object_bounding_box": null, "object_present": false}, "P100--skipping-rope--clutter--060yMtbvOg-JReD3K2xm41utDjGPEuRsCVe2Uy4ryY0-00183.jpg": {"object_bounding_box": null, "object_present": false}, "P100--skipping-rope--clutter--060yMtbvOg-JReD3K2xm41utDjGPEuRsCVe2Uy4ryY0-00184.jpg": {"object_bounding_box": null, "object_present": false}, "P100--skipping-rope--clutter--060yMtbvOg-JReD3K2xm41utDjGPEuRsCVe2Uy4ryY0-00185.jpg": {"object_bounding_box": {"x": 57, "y": 0, "w": 42, "h": 22}, "object_present": true}, "P100--skipping-rope--clutter--060yMtbvOg-JReD3K2xm41utDjGPEuRsCVe2Uy4ryY0-00186.jpg": {"object_bounding_box": {"x": 61, "y": 0, "w": 143, "h": 48}, "object_present": true}, "P100--skipping-rope--clutter--060yMtbvOg-JReD3K2xm41utDjGPEuRsCVe2Uy4ryY0-00187.jpg": {"object_bounding_box": {"x": 61, "y": 0, "w": 145, "h": 60}, "object_present": true}, "P100--skipping-rope--clutter--060yMtbvOg-JReD3K2xm41utDjGPEuRsCVe2Uy4ryY0-00188.jpg": {"object_bounding_box": {"x": 57, "y": 0, "w": 145, "h": 61}, "object_present": true}, "P100--skipping-rope--clutter--060yMtbvOg-JReD3K2xm41utDjGPEuRsCVe2Uy4ryY0-00189.jpg": {"object_bounding_box": {"x": 48, "y": 0, "w": 145, "h": 58}, "object_present": true}, "P100--skipping-rope--clutter--060yMtbvOg-JReD3K2xm41utDjGPEuRsCVe2Uy4ryY0-00190.jpg": {"object_bounding_box": {"x": 40, "y": 0, "w": 144, "h": 51}, "object_present": true}, "P100--skipping-rope--clutter--060yMtbvOg-JReD3K2xm41utDjGPEuRsCVe2Uy4ryY0-00191.jpg": {"object_bounding_box": {"x": 33, "y": 0, "w": 143, "h": 50}, "object_present": true}, "P100--skipping-rope--clutter--060yMtbvOg-JReD3K2xm41utDjGPEuRsCVe2Uy4ryY0-00192.jpg": {"object_bounding_box": {"x": 30, "y": 0, "w": 143, "h": 57}, "object_present": true}, "P100--skipping-rope--clutter--060yMtbvOg-JReD3K2xm41utDjGPEuRsCVe2Uy4ryY0-00193.jpg": {"object_bounding_box": {"x": 33, "y": 0, "w": 143, "h": 62}, "object_present": true}, "P100--skipping-rope--clutter--060yMtbvOg-JReD3K2xm41utDjGPEuRsCVe2Uy4ryY0-00194.jpg": {"object_bounding_box": {"x": 39, "y": 0, "w": 141, "h": 66}, "object_present": true}, "P100--skipping-rope--clutter--060yMtbvOg-JReD3K2xm41utDjGPEuRsCVe2Uy4ryY0-00195.jpg": {"object_bounding_box": {"x": 44, "y": 0, "w": 141, "h": 66}, "object_present": true}, "P100--skipping-rope--clutter--060yMtbvOg-JReD3K2xm41utDjGPEuRsCVe2Uy4ryY0-00196.jpg": {"object_bounding_box": {"x": 50, "y": 0, "w": 140, "h": 61}, "object_present": true}, "P100--skipping-rope--clutter--060yMtbvOg-JReD3K2xm41utDjGPEuRsCVe2Uy4ryY0-00197.jpg": {"object_bounding_box": {"x": 42, "y": 0, "w": 139, "h": 43}, "object_present": true}, "P100--skipping-rope--clutter--060yMtbvOg-JReD3K2xm41utDjGPEuRsCVe2Uy4ryY0-00198.jpg": {"object_bounding_box": {"x": 35, "y": 0, "w": 43, "h": 23}, "object_present": true}, "P100--skipping-rope--clutter--060yMtbvOg-JReD3K2xm41utDjGPEuRsCVe2Uy4ryY0-00199.jpg": {"object_bounding_box": {"x": 27, "y": 0, "w": 20, "h": 3}, "object_present": true}, "P100--skipping-rope--clutter--060yMtbvOg-JReD3K2xm41utDjGPEuRsCVe2Uy4ryY0-00200.jpg": {"object_bounding_box": null, "object_present": false}, "P100--skipping-rope--clutter--060yMtbvOg-JReD3K2xm41utDjGPEuRsCVe2Uy4ryY0-00201.jpg": {"object_bounding_box": null, "object_present": false}, "P100--skipping-rope--clutter--060yMtbvOg-JReD3K2xm41utDjGPEuRsCVe2Uy4ryY0-00202.jpg": {"object_bounding_box": null, "object_present": false}, "P100--skipping-rope--clutter--060yMtbvOg-JReD3K2xm41utDjGPEuRsCVe2Uy4ryY0-00203.jpg": {"object_bounding_box": null, "object_present": false}, "P100--skipping-rope--clutter--060yMtbvOg-JReD3K2xm41utDjGPEuRsCVe2Uy4ryY0-00204.jpg": {"object_bounding_box": null, "object_present": false}, "P100--skipping-rope--clutter--060yMtbvOg-JReD3K2xm41utDjGPEuRsCVe2Uy4ryY0-00205.jpg": {"object_bounding_box": null, "object_present": false}, "P100--skipping-rope--clutter--060yMtbvOg-JReD3K2xm41utDjGPEuRsCVe2Uy4ryY0-00206.jpg": {"object_bounding_box": null, "object_present": false}, "P100--skipping-rope--clutter--060yMtbvOg-JReD3K2xm41utDjGPEuRsCVe2Uy4ryY0-00207.jpg": {"object_bounding_box": null, "object_present": false}, "P100--skipping-rope--clutter--060yMtbvOg-JReD3K2xm41utDjGPEuRsCVe2Uy4ryY0-00208.jpg": {"object_bounding_box": null, "object_present": false}, "P100--skipping-rope--clutter--060yMtbvOg-JReD3K2xm41utDjGPEuRsCVe2Uy4ryY0-00209.jpg": {"object_bounding_box": null, "object_present": false}, "P100--skipping-rope--clutter--060yMtbvOg-JReD3K2xm41utDjGPEuRsCVe2Uy4ryY0-00210.jpg": {"object_bounding_box": null, "object_present": false}, "P100--skipping-rope--clutter--060yMtbvOg-JReD3K2xm41utDjGPEuRsCVe2Uy4ryY0-00211.jpg": {"object_bounding_box": null, "object_present": false}, "P100--skipping-rope--clutter--060yMtbvOg-JReD3K2xm41utDjGPEuRsCVe2Uy4ryY0-00212.jpg": {"object_bounding_box": null, "object_present": false}, "P100--skipping-rope--clutter--060yMtbvOg-JReD3K2xm41utDjGPEuRsCVe2Uy4ryY0-00213.jpg": {"object_bounding_box": null, "object_present": false}, "P100--skipping-rope--clutter--060yMtbvOg-JReD3K2xm41utDjGPEuRsCVe2Uy4ryY0-00214.jpg": {"object_bounding_box": null, "object_present": false}, "P100--skipping-rope--clutter--060yMtbvOg-JReD3K2xm41utDjGPEuRsCVe2Uy4ryY0-00215.jpg": {"object_bounding_box": null, "object_present": false}, "P100--skipping-rope--clutter--060yMtbvOg-JReD3K2xm41utDjGPEuRsCVe2Uy4ryY0-00216.jpg": {"object_bounding_box": null, "object_present": false}, "P100--skipping-rope--clutter--060yMtbvOg-JReD3K2xm41utDjGPEuRsCVe2Uy4ryY0-00217.jpg": {"object_bounding_box": null, "object_present": false}, "P100--skipping-rope--clutter--060yMtbvOg-JReD3K2xm41utDjGPEuRsCVe2Uy4ryY0-00218.jpg": {"object_bounding_box": null, "object_present": false}, "P100--skipping-rope--clutter--060yMtbvOg-JReD3K2xm41utDjGPEuRsCVe2Uy4ryY0-00219.jpg": {"object_bounding_box": null, "object_present": false}, "P100--skipping-rope--clutter--060yMtbvOg-JReD3K2xm41utDjGPEuRsCVe2Uy4ryY0-00220.jpg": {"object_bounding_box": null, "object_present": false}, "P100--skipping-rope--clutter--060yMtbvOg-JReD3K2xm41utDjGPEuRsCVe2Uy4ryY0-00221.jpg": {"object_bounding_box": null, "object_present": false}, "P100--skipping-rope--clutter--060yMtbvOg-JReD3K2xm41utDjGPEuRsCVe2Uy4ryY0-00222.jpg": {"object_bounding_box": null, "object_present": false}, "P100--skipping-rope--clutter--060yMtbvOg-JReD3K2xm41utDjGPEuRsCVe2Uy4ryY0-00223.jpg": {"object_bounding_box": null, "object_present": false}, "P100--skipping-rope--clutter--060yMtbvOg-JReD3K2xm41utDjGPEuRsCVe2Uy4ryY0-00224.jpg": {"object_bounding_box": null, "object_present": false}, "P100--skipping-rope--clutter--060yMtbvOg-JReD3K2xm41utDjGPEuRsCVe2Uy4ryY0-00225.jpg": {"object_bounding_box": null, "object_present": false}, "P100--skipping-rope--clutter--060yMtbvOg-JReD3K2xm41utDjGPEuRsCVe2Uy4ryY0-00226.jpg": {"object_bounding_box": null, "object_present": false}, "P100--skipping-rope--clutter--060yMtbvOg-JReD3K2xm41utDjGPEuRsCVe2Uy4ryY0-00227.jpg": {"object_bounding_box": null, "object_present": false}, "P100--skipping-rope--clutter--060yMtbvOg-JReD3K2xm41utDjGPEuRsCVe2Uy4ryY0-00228.jpg": {"object_bounding_box": null, "object_present": false}, "P100--skipping-rope--clutter--060yMtbvOg-JReD3K2xm41utDjGPEuRsCVe2Uy4ryY0-00229.jpg": {"object_bounding_box": null, "object_present": false}, "P100--skipping-rope--clutter--060yMtbvOg-JReD3K2xm41utDjGPEuRsCVe2Uy4ryY0-00230.jpg": {"object_bounding_box": null, "object_present": false}, "P100--skipping-rope--clutter--060yMtbvOg-JReD3K2xm41utDjGPEuRsCVe2Uy4ryY0-00231.jpg": {"object_bounding_box": null, "object_present": false}, "P100--skipping-rope--clutter--060yMtbvOg-JReD3K2xm41utDjGPEuRsCVe2Uy4ryY0-00232.jpg": {"object_bounding_box": null, "object_present": false}, "P100--skipping-rope--clutter--060yMtbvOg-JReD3K2xm41utDjGPEuRsCVe2Uy4ryY0-00233.jpg": {"object_bounding_box": null, "object_present": false}, "P100--skipping-rope--clutter--060yMtbvOg-JReD3K2xm41utDjGPEuRsCVe2Uy4ryY0-00234.jpg": {"object_bounding_box": null, "object_present": false}, "P100--skipping-rope--clutter--060yMtbvOg-JReD3K2xm41utDjGPEuRsCVe2Uy4ryY0-00235.jpg": {"object_bounding_box": null, "object_present": false}, "P100--skipping-rope--clutter--060yMtbvOg-JReD3K2xm41utDjGPEuRsCVe2Uy4ryY0-00236.jpg": {"object_bounding_box": null, "object_present": false}, "P100--skipping-rope--clutter--060yMtbvOg-JReD3K2xm41utDjGPEuRsCVe2Uy4ryY0-00237.jpg": {"object_bounding_box": null, "object_present": false}, "P100--skipping-rope--clutter--060yMtbvOg-JReD3K2xm41utDjGPEuRsCVe2Uy4ryY0-00238.jpg": {"object_bounding_box": null, "object_present": false}, "P100--skipping-rope--clutter--060yMtbvOg-JReD3K2xm41utDjGPEuRsCVe2Uy4ryY0-00239.jpg": {"object_bounding_box": null, "object_present": false}, "P100--skipping-rope--clutter--060yMtbvOg-JReD3K2xm41utDjGPEuRsCVe2Uy4ryY0-00240.jpg": {"object_bounding_box": null, "object_present": false}, "P100--skipping-rope--clutter--060yMtbvOg-JReD3K2xm41utDjGPEuRsCVe2Uy4ryY0-00241.jpg": {"object_bounding_box": null, "object_present": false}}