{"P106--speaker--clutter--krd9t3tzPSxBF8VLFzEmtpgnJQWMglnzzYwsPNO5IcA-00001.jpg": {"object_bounding_box": {"x": 759, "y": 5, "w": 321, "h": 228}, "object_not_present": false}, "P106--speaker--clutter--krd9t3tzPSxBF8VLFzEmtpgnJQWMglnzzYwsPNO5IcA-00002.jpg": {"object_bounding_box": {"x": 752, "y": 0, "w": 328, "h": 239}, "object_not_present": false}, "P106--speaker--clutter--krd9t3tzPSxBF8VLFzEmtpgnJQWMglnzzYwsPNO5IcA-00003.jpg": {"object_bounding_box": {"x": 761, "y": 32, "w": 319, "h": 224}, "object_not_present": false}, "P106--speaker--clutter--krd9t3tzPSxBF8VLFzEmtpgnJQWMglnzzYwsPNO5IcA-00004.jpg": {"object_bounding_box": {"x": 763, "y": 45, "w": 317, "h": 203}, "object_not_present": false}, "P106--speaker--clutter--krd9t3tzPSxBF8VLFzEmtpgnJQWMglnzzYwsPNO5IcA-00005.jpg": {"object_bounding_box": {"x": 763, "y": 51, "w": 317, "h": 203}, "object_not_present": false}, "P106--speaker--clutter--krd9t3tzPSxBF8VLFzEmtpgnJQWMglnzzYwsPNO5IcA-00006.jpg": {"object_bounding_box": {"x": 747, "y": 45, "w": 333, "h": 203}, "object_not_present": false}, "P106--speaker--clutter--krd9t3tzPSxBF8VLFzEmtpgnJQWMglnzzYwsPNO5IcA-00007.jpg": {"object_bounding_box": {"x": 750, "y": 59, "w": 330, "h": 197}, "object_not_present": false}, "P106--speaker--clutter--krd9t3tzPSxBF8VLFzEmtpgnJQWMglnzzYwsPNO5IcA-00008.jpg": {"object_bounding_box": {"x": 750, "y": 64, "w": 330, "h": 192}, "object_not_present": false}, "P106--speaker--clutter--krd9t3tzPSxBF8VLFzEmtpgnJQWMglnzzYwsPNO5IcA-00009.jpg": {"object_bounding_box": {"x": 750, "y": 54, "w": 330, "h": 192}, "object_not_present": false}, "P106--speaker--clutter--krd9t3tzPSxBF8VLFzEmtpgnJQWMglnzzYwsPNO5IcA-00010.jpg": {"object_bounding_box": {"x": 750, "y": 50, "w": 330, "h": 196}, "object_not_present": false}, "P106--speaker--clutter--krd9t3tzPSxBF8VLFzEmtpgnJQWMglnzzYwsPNO5IcA-00011.jpg": {"object_bounding_box": {"x": 750, "y": 62, "w": 330, "h": 196}, "object_not_present": false}, "P106--speaker--clutter--krd9t3tzPSxBF8VLFzEmtpgnJQWMglnzzYwsPNO5IcA-00012.jpg": {"object_bounding_box": {"x": 748, "y": 75, "w": 330, "h": 192}, "object_not_present": false}, "P106--speaker--clutter--krd9t3tzPSxBF8VLFzEmtpgnJQWMglnzzYwsPNO5IcA-00013.jpg": {"object_bounding_box": {"x": 747, "y": 75, "w": 331, "h": 192}, "object_not_present": false}, "P106--speaker--clutter--krd9t3tzPSxBF8VLFzEmtpgnJQWMglnzzYwsPNO5IcA-00014.jpg": {"object_bounding_box": {"x": 747, "y": 64, "w": 331, "h": 192}, "object_not_present": false}, "P106--speaker--clutter--krd9t3tzPSxBF8VLFzEmtpgnJQWMglnzzYwsPNO5IcA-00015.jpg": {"object_bounding_box": {"x": 731, "y": 52, "w": 347, "h": 202}, "object_not_present": false}, "P106--speaker--clutter--krd9t3tzPSxBF8VLFzEmtpgnJQWMglnzzYwsPNO5IcA-00016.jpg": {"object_bounding_box": {"x": 731, "y": 56, "w": 347, "h": 202}, "object_not_present": false}, "P106--speaker--clutter--krd9t3tzPSxBF8VLFzEmtpgnJQWMglnzzYwsPNO5IcA-00017.jpg": {"object_bounding_box": {"x": 733, "y": 70, "w": 347, "h": 202}, "object_not_present": false}, "P106--speaker--clutter--krd9t3tzPSxBF8VLFzEmtpgnJQWMglnzzYwsPNO5IcA-00018.jpg": {"object_bounding_box": {"x": 741, "y": 116, "w": 339, "h": 196}, "object_not_present": false}, "P106--speaker--clutter--krd9t3tzPSxBF8VLFzEmtpgnJQWMglnzzYwsPNO5IcA-00019.jpg": {"object_bounding_box": {"x": 774, "y": 146, "w": 306, "h": 196}, "object_not_present": false}, "P106--speaker--clutter--krd9t3tzPSxBF8VLFzEmtpgnJQWMglnzzYwsPNO5IcA-00020.jpg": {"object_bounding_box": {"x": 803, "y": 155, "w": 277, "h": 196}, "object_not_present": false}, "P106--speaker--clutter--krd9t3tzPSxBF8VLFzEmtpgnJQWMglnzzYwsPNO5IcA-00021.jpg": {"object_bounding_box": {"x": 808, "y": 155, "w": 272, "h": 196}, "object_not_present": false}, "P106--speaker--clutter--krd9t3tzPSxBF8VLFzEmtpgnJQWMglnzzYwsPNO5IcA-00022.jpg": {"object_bounding_box": {"x": 795, "y": 106, "w": 285, "h": 196}, "object_not_present": false}, "P106--speaker--clutter--krd9t3tzPSxBF8VLFzEmtpgnJQWMglnzzYwsPNO5IcA-00023.jpg": {"object_bounding_box": {"x": 752, "y": 33, "w": 328, "h": 211}, "object_not_present": false}, "P106--speaker--clutter--krd9t3tzPSxBF8VLFzEmtpgnJQWMglnzzYwsPNO5IcA-00024.jpg": {"object_bounding_box": {"x": 714, "y": 14, "w": 366, "h": 231}, "object_not_present": false}, "P106--speaker--clutter--krd9t3tzPSxBF8VLFzEmtpgnJQWMglnzzYwsPNO5IcA-00025.jpg": {"object_bounding_box": {"x": 658, "y": 56, "w": 422, "h": 246}, "object_not_present": false}, "P106--speaker--clutter--krd9t3tzPSxBF8VLFzEmtpgnJQWMglnzzYwsPNO5IcA-00026.jpg": {"object_bounding_box": {"x": 635, "y": 75, "w": 443, "h": 258}, "object_not_present": false}, "P106--speaker--clutter--krd9t3tzPSxBF8VLFzEmtpgnJQWMglnzzYwsPNO5IcA-00027.jpg": {"object_bounding_box": {"x": 606, "y": 106, "w": 470, "h": 258}, "object_not_present": false}, "P106--speaker--clutter--krd9t3tzPSxBF8VLFzEmtpgnJQWMglnzzYwsPNO5IcA-00028.jpg": {"object_bounding_box": {"x": 553, "y": 114, "w": 524, "h": 250}, "object_not_present": false}, "P106--speaker--clutter--krd9t3tzPSxBF8VLFzEmtpgnJQWMglnzzYwsPNO5IcA-00029.jpg": {"object_bounding_box": {"x": 527, "y": 114, "w": 549, "h": 250}, "object_not_present": false}, "P106--speaker--clutter--krd9t3tzPSxBF8VLFzEmtpgnJQWMglnzzYwsPNO5IcA-00030.jpg": {"object_bounding_box": {"x": 491, "y": 112, "w": 585, "h": 283}, "object_not_present": false}, "P106--speaker--clutter--krd9t3tzPSxBF8VLFzEmtpgnJQWMglnzzYwsPNO5IcA-00031.jpg": {"object_bounding_box": {"x": 489, "y": 131, "w": 587, "h": 281}, "object_not_present": false}, "P106--speaker--clutter--krd9t3tzPSxBF8VLFzEmtpgnJQWMglnzzYwsPNO5IcA-00032.jpg": {"object_bounding_box": {"x": 506, "y": 148, "w": 574, "h": 281}, "object_not_present": false}, "P106--speaker--clutter--krd9t3tzPSxBF8VLFzEmtpgnJQWMglnzzYwsPNO5IcA-00033.jpg": {"object_bounding_box": {"x": 506, "y": 152, "w": 574, "h": 290}, "object_not_present": false}, "P106--speaker--clutter--krd9t3tzPSxBF8VLFzEmtpgnJQWMglnzzYwsPNO5IcA-00034.jpg": {"object_bounding_box": {"x": 501, "y": 157, "w": 579, "h": 286}, "object_not_present": false}, "P106--speaker--clutter--krd9t3tzPSxBF8VLFzEmtpgnJQWMglnzzYwsPNO5IcA-00035.jpg": {"object_bounding_box": {"x": 497, "y": 148, "w": 583, "h": 325}, "object_not_present": false}, "P106--speaker--clutter--krd9t3tzPSxBF8VLFzEmtpgnJQWMglnzzYwsPNO5IcA-00036.jpg": {"object_bounding_box": {"x": 483, "y": 164, "w": 593, "h": 325}, "object_not_present": false}, "P106--speaker--clutter--krd9t3tzPSxBF8VLFzEmtpgnJQWMglnzzYwsPNO5IcA-00037.jpg": {"object_bounding_box": {"x": 478, "y": 189, "w": 601, "h": 327}, "object_not_present": false}, "P106--speaker--clutter--krd9t3tzPSxBF8VLFzEmtpgnJQWMglnzzYwsPNO5IcA-00038.jpg": {"object_bounding_box": {"x": 474, "y": 191, "w": 606, "h": 350}, "object_not_present": false}, "P106--speaker--clutter--krd9t3tzPSxBF8VLFzEmtpgnJQWMglnzzYwsPNO5IcA-00039.jpg": {"object_bounding_box": {"x": 462, "y": 202, "w": 618, "h": 347}, "object_not_present": false}, "P106--speaker--clutter--krd9t3tzPSxBF8VLFzEmtpgnJQWMglnzzYwsPNO5IcA-00040.jpg": {"object_bounding_box": {"x": 443, "y": 184, "w": 637, "h": 338}, "object_not_present": false}, "P106--speaker--clutter--krd9t3tzPSxBF8VLFzEmtpgnJQWMglnzzYwsPNO5IcA-00041.jpg": {"object_bounding_box": {"x": 443, "y": 171, "w": 637, "h": 348}, "object_not_present": false}, "P106--speaker--clutter--krd9t3tzPSxBF8VLFzEmtpgnJQWMglnzzYwsPNO5IcA-00042.jpg": {"object_bounding_box": {"x": 435, "y": 160, "w": 645, "h": 355}, "object_not_present": false}, "P106--speaker--clutter--krd9t3tzPSxBF8VLFzEmtpgnJQWMglnzzYwsPNO5IcA-00043.jpg": {"object_bounding_box": {"x": 414, "y": 160, "w": 666, "h": 360}, "object_not_present": false}, "P106--speaker--clutter--krd9t3tzPSxBF8VLFzEmtpgnJQWMglnzzYwsPNO5IcA-00044.jpg": {"object_bounding_box": {"x": 411, "y": 148, "w": 669, "h": 367}, "object_not_present": false}, "P106--speaker--clutter--krd9t3tzPSxBF8VLFzEmtpgnJQWMglnzzYwsPNO5IcA-00045.jpg": {"object_bounding_box": {"x": 398, "y": 122, "w": 682, "h": 389}, "object_not_present": false}, "P106--speaker--clutter--krd9t3tzPSxBF8VLFzEmtpgnJQWMglnzzYwsPNO5IcA-00046.jpg": {"object_bounding_box": {"x": 377, "y": 110, "w": 703, "h": 381}, "object_not_present": false}, "P106--speaker--clutter--krd9t3tzPSxBF8VLFzEmtpgnJQWMglnzzYwsPNO5IcA-00047.jpg": {"object_bounding_box": {"x": 396, "y": 84, "w": 684, "h": 371}, "object_not_present": false}, "P106--speaker--clutter--krd9t3tzPSxBF8VLFzEmtpgnJQWMglnzzYwsPNO5IcA-00048.jpg": {"object_bounding_box": {"x": 431, "y": 82, "w": 649, "h": 371}, "object_not_present": false}, "P106--speaker--clutter--krd9t3tzPSxBF8VLFzEmtpgnJQWMglnzzYwsPNO5IcA-00049.jpg": {"object_bounding_box": {"x": 449, "y": 105, "w": 631, "h": 348}, "object_not_present": false}, "P106--speaker--clutter--krd9t3tzPSxBF8VLFzEmtpgnJQWMglnzzYwsPNO5IcA-00050.jpg": {"object_bounding_box": {"x": 468, "y": 96, "w": 612, "h": 351}, "object_not_present": false}, "P106--speaker--clutter--krd9t3tzPSxBF8VLFzEmtpgnJQWMglnzzYwsPNO5IcA-00051.jpg": {"object_bounding_box": {"x": 468, "y": 66, "w": 612, "h": 362}, "object_not_present": false}, "P106--speaker--clutter--krd9t3tzPSxBF8VLFzEmtpgnJQWMglnzzYwsPNO5IcA-00052.jpg": {"object_bounding_box": {"x": 468, "y": 20, "w": 612, "h": 363}, "object_not_present": false}, "P106--speaker--clutter--krd9t3tzPSxBF8VLFzEmtpgnJQWMglnzzYwsPNO5IcA-00053.jpg": {"object_bounding_box": {"x": 468, "y": 0, "w": 612, "h": 329}, "object_not_present": false}, "P106--speaker--clutter--krd9t3tzPSxBF8VLFzEmtpgnJQWMglnzzYwsPNO5IcA-00054.jpg": {"object_bounding_box": {"x": 479, "y": 0, "w": 601, "h": 308}, "object_not_present": false}, "P106--speaker--clutter--krd9t3tzPSxBF8VLFzEmtpgnJQWMglnzzYwsPNO5IcA-00055.jpg": {"object_bounding_box": {"x": 479, "y": 0, "w": 601, "h": 294}, "object_not_present": false}, "P106--speaker--clutter--krd9t3tzPSxBF8VLFzEmtpgnJQWMglnzzYwsPNO5IcA-00056.jpg": {"object_bounding_box": {"x": 512, "y": 0, "w": 568, "h": 287}, "object_not_present": false}, "P106--speaker--clutter--krd9t3tzPSxBF8VLFzEmtpgnJQWMglnzzYwsPNO5IcA-00057.jpg": {"object_bounding_box": {"x": 556, "y": 0, "w": 524, "h": 279}, "object_not_present": false}, "P106--speaker--clutter--krd9t3tzPSxBF8VLFzEmtpgnJQWMglnzzYwsPNO5IcA-00058.jpg": {"object_bounding_box": {"x": 585, "y": 29, "w": 495, "h": 271}, "object_not_present": false}, "P106--speaker--clutter--krd9t3tzPSxBF8VLFzEmtpgnJQWMglnzzYwsPNO5IcA-00059.jpg": {"object_bounding_box": {"x": 614, "y": 31, "w": 466, "h": 269}, "object_not_present": false}, "P106--speaker--clutter--krd9t3tzPSxBF8VLFzEmtpgnJQWMglnzzYwsPNO5IcA-00060.jpg": {"object_bounding_box": {"x": 631, "y": 21, "w": 449, "h": 279}, "object_not_present": false}, "P106--speaker--clutter--krd9t3tzPSxBF8VLFzEmtpgnJQWMglnzzYwsPNO5IcA-00061.jpg": {"object_bounding_box": {"x": 639, "y": 10, "w": 441, "h": 269}, "object_not_present": false}, "P106--speaker--clutter--krd9t3tzPSxBF8VLFzEmtpgnJQWMglnzzYwsPNO5IcA-00062.jpg": {"object_bounding_box": {"x": 666, "y": 0, "w": 414, "h": 264}, "object_not_present": false}, "P106--speaker--clutter--krd9t3tzPSxBF8VLFzEmtpgnJQWMglnzzYwsPNO5IcA-00063.jpg": {"object_bounding_box": {"x": 685, "y": 0, "w": 395, "h": 223}, "object_not_present": false}, "P106--speaker--clutter--krd9t3tzPSxBF8VLFzEmtpgnJQWMglnzzYwsPNO5IcA-00064.jpg": {"object_bounding_box": {"x": 708, "y": 0, "w": 372, "h": 198}, "object_not_present": false}, "P106--speaker--clutter--krd9t3tzPSxBF8VLFzEmtpgnJQWMglnzzYwsPNO5IcA-00065.jpg": {"object_bounding_box": {"x": 718, "y": 0, "w": 362, "h": 164}, "object_not_present": false}, "P106--speaker--clutter--krd9t3tzPSxBF8VLFzEmtpgnJQWMglnzzYwsPNO5IcA-00066.jpg": {"object_bounding_box": {"x": 704, "y": 0, "w": 376, "h": 114}, "object_not_present": false}, "P106--speaker--clutter--krd9t3tzPSxBF8VLFzEmtpgnJQWMglnzzYwsPNO5IcA-00067.jpg": {"object_bounding_box": {"x": 689, "y": 0, "w": 391, "h": 102}, "object_not_present": false}, "P106--speaker--clutter--krd9t3tzPSxBF8VLFzEmtpgnJQWMglnzzYwsPNO5IcA-00068.jpg": {"object_bounding_box": {"x": 676, "y": 0, "w": 404, "h": 102}, "object_not_present": false}, "P106--speaker--clutter--krd9t3tzPSxBF8VLFzEmtpgnJQWMglnzzYwsPNO5IcA-00069.jpg": {"object_bounding_box": {"x": 658, "y": 0, "w": 422, "h": 102}, "object_not_present": false}, "P106--speaker--clutter--krd9t3tzPSxBF8VLFzEmtpgnJQWMglnzzYwsPNO5IcA-00070.jpg": {"object_bounding_box": {"x": 649, "y": 0, "w": 431, "h": 120}, "object_not_present": false}, "P106--speaker--clutter--krd9t3tzPSxBF8VLFzEmtpgnJQWMglnzzYwsPNO5IcA-00071.jpg": {"object_bounding_box": {"x": 635, "y": 0, "w": 445, "h": 116}, "object_not_present": false}, "P106--speaker--clutter--krd9t3tzPSxBF8VLFzEmtpgnJQWMglnzzYwsPNO5IcA-00072.jpg": {"object_bounding_box": {"x": 633, "y": 0, "w": 447, "h": 116}, "object_not_present": false}, "P106--speaker--clutter--krd9t3tzPSxBF8VLFzEmtpgnJQWMglnzzYwsPNO5IcA-00073.jpg": {"object_bounding_box": {"x": 652, "y": 0, "w": 428, "h": 116}, "object_not_present": false}, "P106--speaker--clutter--krd9t3tzPSxBF8VLFzEmtpgnJQWMglnzzYwsPNO5IcA-00074.jpg": {"object_bounding_box": {"x": 664, "y": 0, "w": 416, "h": 106}, "object_not_present": false}, "P106--speaker--clutter--krd9t3tzPSxBF8VLFzEmtpgnJQWMglnzzYwsPNO5IcA-00075.jpg": {"object_bounding_box": {"x": 687, "y": 0, "w": 393, "h": 106}, "object_not_present": false}, "P106--speaker--clutter--krd9t3tzPSxBF8VLFzEmtpgnJQWMglnzzYwsPNO5IcA-00076.jpg": {"object_bounding_box": {"x": 712, "y": 0, "w": 368, "h": 106}, "object_not_present": false}, "P106--speaker--clutter--krd9t3tzPSxBF8VLFzEmtpgnJQWMglnzzYwsPNO5IcA-00077.jpg": {"object_bounding_box": {"x": 720, "y": 0, "w": 360, "h": 95}, "object_not_present": false}, "P106--speaker--clutter--krd9t3tzPSxBF8VLFzEmtpgnJQWMglnzzYwsPNO5IcA-00078.jpg": {"object_bounding_box": {"x": 736, "y": 0, "w": 344, "h": 95}, "object_not_present": false}, "P106--speaker--clutter--krd9t3tzPSxBF8VLFzEmtpgnJQWMglnzzYwsPNO5IcA-00079.jpg": {"object_bounding_box": {"x": 780, "y": 0, "w": 300, "h": 84}, "object_not_present": false}, "P106--speaker--clutter--krd9t3tzPSxBF8VLFzEmtpgnJQWMglnzzYwsPNO5IcA-00080.jpg": {"object_bounding_box": {"x": 807, "y": 0, "w": 273, "h": 78}, "object_not_present": false}, "P106--speaker--clutter--krd9t3tzPSxBF8VLFzEmtpgnJQWMglnzzYwsPNO5IcA-00081.jpg": {"object_bounding_box": {"x": 807, "y": 0, "w": 273, "h": 71}, "object_not_present": false}, "P106--speaker--clutter--krd9t3tzPSxBF8VLFzEmtpgnJQWMglnzzYwsPNO5IcA-00082.jpg": {"object_bounding_box": {"x": 807, "y": 0, "w": 273, "h": 71}, "object_not_present": false}, "P106--speaker--clutter--krd9t3tzPSxBF8VLFzEmtpgnJQWMglnzzYwsPNO5IcA-00083.jpg": {"object_bounding_box": {"x": 790, "y": 0, "w": 290, "h": 71}, "object_not_present": false}, "P106--speaker--clutter--krd9t3tzPSxBF8VLFzEmtpgnJQWMglnzzYwsPNO5IcA-00084.jpg": {"object_bounding_box": {"x": 769, "y": 0, "w": 311, "h": 74}, "object_not_present": false}, "P106--speaker--clutter--krd9t3tzPSxBF8VLFzEmtpgnJQWMglnzzYwsPNO5IcA-00085.jpg": {"object_bounding_box": {"x": 760, "y": 0, "w": 320, "h": 87}, "object_not_present": false}, "P106--speaker--clutter--krd9t3tzPSxBF8VLFzEmtpgnJQWMglnzzYwsPNO5IcA-00086.jpg": {"object_bounding_box": {"x": 760, "y": 0, "w": 320, "h": 125}, "object_not_present": false}, "P106--speaker--clutter--krd9t3tzPSxBF8VLFzEmtpgnJQWMglnzzYwsPNO5IcA-00087.jpg": {"object_bounding_box": {"x": 741, "y": 10, "w": 328, "h": 175}, "object_not_present": false}, "P106--speaker--clutter--krd9t3tzPSxBF8VLFzEmtpgnJQWMglnzzYwsPNO5IcA-00088.jpg": {"object_bounding_box": {"x": 704, "y": 29, "w": 376, "h": 227}, "object_not_present": false}, "P106--speaker--clutter--krd9t3tzPSxBF8VLFzEmtpgnJQWMglnzzYwsPNO5IcA-00089.jpg": {"object_bounding_box": {"x": 689, "y": 104, "w": 391, "h": 244}, "object_not_present": false}, "P106--speaker--clutter--krd9t3tzPSxBF8VLFzEmtpgnJQWMglnzzYwsPNO5IcA-00090.jpg": {"object_bounding_box": {"x": 641, "y": 158, "w": 439, "h": 261}, "object_not_present": false}, "P106--speaker--clutter--krd9t3tzPSxBF8VLFzEmtpgnJQWMglnzzYwsPNO5IcA-00091.jpg": {"object_bounding_box": {"x": 641, "y": 174, "w": 439, "h": 266}, "object_not_present": false}, "P106--speaker--clutter--krd9t3tzPSxBF8VLFzEmtpgnJQWMglnzzYwsPNO5IcA-00092.jpg": {"object_bounding_box": {"x": 635, "y": 175, "w": 445, "h": 288}, "object_not_present": false}, "P106--speaker--clutter--krd9t3tzPSxBF8VLFzEmtpgnJQWMglnzzYwsPNO5IcA-00093.jpg": {"object_bounding_box": {"x": 606, "y": 225, "w": 474, "h": 257}, "object_not_present": false}, "P106--speaker--clutter--krd9t3tzPSxBF8VLFzEmtpgnJQWMglnzzYwsPNO5IcA-00094.jpg": {"object_bounding_box": {"x": 614, "y": 223, "w": 466, "h": 271}, "object_not_present": false}, "P106--speaker--clutter--krd9t3tzPSxBF8VLFzEmtpgnJQWMglnzzYwsPNO5IcA-00095.jpg": {"object_bounding_box": {"x": 618, "y": 252, "w": 462, "h": 275}, "object_not_present": false}, "P106--speaker--clutter--krd9t3tzPSxBF8VLFzEmtpgnJQWMglnzzYwsPNO5IcA-00096.jpg": {"object_bounding_box": {"x": 573, "y": 346, "w": 507, "h": 288}, "object_not_present": false}, "P106--speaker--clutter--krd9t3tzPSxBF8VLFzEmtpgnJQWMglnzzYwsPNO5IcA-00097.jpg": {"object_bounding_box": {"x": 562, "y": 346, "w": 518, "h": 288}, "object_not_present": false}, "P106--speaker--clutter--krd9t3tzPSxBF8VLFzEmtpgnJQWMglnzzYwsPNO5IcA-00098.jpg": {"object_bounding_box": {"x": 552, "y": 349, "w": 528, "h": 298}, "object_not_present": false}, "P106--speaker--clutter--krd9t3tzPSxBF8VLFzEmtpgnJQWMglnzzYwsPNO5IcA-00099.jpg": {"object_bounding_box": {"x": 522, "y": 372, "w": 558, "h": 286}, "object_not_present": false}, "P106--speaker--clutter--krd9t3tzPSxBF8VLFzEmtpgnJQWMglnzzYwsPNO5IcA-00100.jpg": {"object_bounding_box": {"x": 522, "y": 368, "w": 558, "h": 303}, "object_not_present": false}, "P106--speaker--clutter--krd9t3tzPSxBF8VLFzEmtpgnJQWMglnzzYwsPNO5IcA-00101.jpg": {"object_bounding_box": {"x": 522, "y": 354, "w": 558, "h": 304}, "object_not_present": false}, "P106--speaker--clutter--krd9t3tzPSxBF8VLFzEmtpgnJQWMglnzzYwsPNO5IcA-00102.jpg": {"object_bounding_box": {"x": 522, "y": 359, "w": 558, "h": 298}, "object_not_present": false}, "P106--speaker--clutter--krd9t3tzPSxBF8VLFzEmtpgnJQWMglnzzYwsPNO5IcA-00103.jpg": {"object_bounding_box": {"x": 489, "y": 367, "w": 591, "h": 319}, "object_not_present": false}, "P106--speaker--clutter--krd9t3tzPSxBF8VLFzEmtpgnJQWMglnzzYwsPNO5IcA-00104.jpg": {"object_bounding_box": {"x": 514, "y": 381, "w": 566, "h": 328}, "object_not_present": false}, "P106--speaker--clutter--krd9t3tzPSxBF8VLFzEmtpgnJQWMglnzzYwsPNO5IcA-00105.jpg": {"object_bounding_box": {"x": 581, "y": 396, "w": 499, "h": 314}, "object_not_present": false}, "P106--speaker--clutter--krd9t3tzPSxBF8VLFzEmtpgnJQWMglnzzYwsPNO5IcA-00106.jpg": {"object_bounding_box": {"x": 577, "y": 419, "w": 503, "h": 320}, "object_not_present": false}, "P106--speaker--clutter--krd9t3tzPSxBF8VLFzEmtpgnJQWMglnzzYwsPNO5IcA-00107.jpg": {"object_bounding_box": {"x": 543, "y": 435, "w": 529, "h": 306}, "object_not_present": false}, "P106--speaker--clutter--krd9t3tzPSxBF8VLFzEmtpgnJQWMglnzzYwsPNO5IcA-00108.jpg": {"object_bounding_box": {"x": 551, "y": 424, "w": 521, "h": 329}, "object_not_present": false}, "P106--speaker--clutter--krd9t3tzPSxBF8VLFzEmtpgnJQWMglnzzYwsPNO5IcA-00109.jpg": {"object_bounding_box": {"x": 551, "y": 411, "w": 521, "h": 337}, "object_not_present": false}, "P106--speaker--clutter--krd9t3tzPSxBF8VLFzEmtpgnJQWMglnzzYwsPNO5IcA-00110.jpg": {"object_bounding_box": {"x": 520, "y": 410, "w": 552, "h": 339}, "object_not_present": false}, "P106--speaker--clutter--krd9t3tzPSxBF8VLFzEmtpgnJQWMglnzzYwsPNO5IcA-00111.jpg": {"object_bounding_box": {"x": 527, "y": 396, "w": 545, "h": 352}, "object_not_present": false}, "P106--speaker--clutter--krd9t3tzPSxBF8VLFzEmtpgnJQWMglnzzYwsPNO5IcA-00112.jpg": {"object_bounding_box": {"x": 533, "y": 389, "w": 545, "h": 347}, "object_not_present": false}, "P106--speaker--clutter--krd9t3tzPSxBF8VLFzEmtpgnJQWMglnzzYwsPNO5IcA-00113.jpg": {"object_bounding_box": {"x": 518, "y": 394, "w": 560, "h": 354}, "object_not_present": false}, "P106--speaker--clutter--krd9t3tzPSxBF8VLFzEmtpgnJQWMglnzzYwsPNO5IcA-00114.jpg": {"object_bounding_box": {"x": 497, "y": 398, "w": 581, "h": 350}, "object_not_present": false}, "P106--speaker--clutter--krd9t3tzPSxBF8VLFzEmtpgnJQWMglnzzYwsPNO5IcA-00115.jpg": {"object_bounding_box": {"x": 464, "y": 390, "w": 614, "h": 357}, "object_not_present": false}, "P106--speaker--clutter--krd9t3tzPSxBF8VLFzEmtpgnJQWMglnzzYwsPNO5IcA-00116.jpg": {"object_bounding_box": {"x": 399, "y": 379, "w": 679, "h": 369}, "object_not_present": false}, "P106--speaker--clutter--krd9t3tzPSxBF8VLFzEmtpgnJQWMglnzzYwsPNO5IcA-00117.jpg": {"object_bounding_box": {"x": 376, "y": 366, "w": 695, "h": 382}, "object_not_present": false}, "P106--speaker--clutter--krd9t3tzPSxBF8VLFzEmtpgnJQWMglnzzYwsPNO5IcA-00118.jpg": {"object_bounding_box": {"x": 347, "y": 341, "w": 704, "h": 396}, "object_not_present": false}, "P106--speaker--clutter--krd9t3tzPSxBF8VLFzEmtpgnJQWMglnzzYwsPNO5IcA-00119.jpg": {"object_bounding_box": {"x": 314, "y": 319, "w": 708, "h": 390}, "object_not_present": false}, "P106--speaker--clutter--krd9t3tzPSxBF8VLFzEmtpgnJQWMglnzzYwsPNO5IcA-00120.jpg": {"object_bounding_box": {"x": 314, "y": 277, "w": 699, "h": 392}, "object_not_present": false}, "P106--speaker--clutter--krd9t3tzPSxBF8VLFzEmtpgnJQWMglnzzYwsPNO5IcA-00121.jpg": {"object_bounding_box": {"x": 331, "y": 258, "w": 693, "h": 379}, "object_not_present": false}, "P106--speaker--clutter--krd9t3tzPSxBF8VLFzEmtpgnJQWMglnzzYwsPNO5IcA-00122.jpg": {"object_bounding_box": {"x": 345, "y": 250, "w": 688, "h": 361}, "object_not_present": false}, "P106--speaker--clutter--krd9t3tzPSxBF8VLFzEmtpgnJQWMglnzzYwsPNO5IcA-00123.jpg": {"object_bounding_box": {"x": 364, "y": 252, "w": 669, "h": 349}, "object_not_present": false}, "P106--speaker--clutter--krd9t3tzPSxBF8VLFzEmtpgnJQWMglnzzYwsPNO5IcA-00124.jpg": {"object_bounding_box": {"x": 380, "y": 223, "w": 664, "h": 341}, "object_not_present": false}, "P106--speaker--clutter--krd9t3tzPSxBF8VLFzEmtpgnJQWMglnzzYwsPNO5IcA-00125.jpg": {"object_bounding_box": {"x": 380, "y": 206, "w": 655, "h": 336}, "object_not_present": false}, "P106--speaker--clutter--krd9t3tzPSxBF8VLFzEmtpgnJQWMglnzzYwsPNO5IcA-00126.jpg": {"object_bounding_box": {"x": 404, "y": 225, "w": 631, "h": 297}, "object_not_present": false}, "P106--speaker--clutter--krd9t3tzPSxBF8VLFzEmtpgnJQWMglnzzYwsPNO5IcA-00127.jpg": {"object_bounding_box": {"x": 458, "y": 200, "w": 622, "h": 286}, "object_not_present": false}, "P106--speaker--clutter--krd9t3tzPSxBF8VLFzEmtpgnJQWMglnzzYwsPNO5IcA-00128.jpg": {"object_bounding_box": {"x": 493, "y": 180, "w": 587, "h": 288}, "object_not_present": false}, "P106--speaker--clutter--krd9t3tzPSxBF8VLFzEmtpgnJQWMglnzzYwsPNO5IcA-00129.jpg": {"object_bounding_box": {"x": 477, "y": 171, "w": 603, "h": 290}, "object_not_present": false}, "P106--speaker--clutter--krd9t3tzPSxBF8VLFzEmtpgnJQWMglnzzYwsPNO5IcA-00130.jpg": {"object_bounding_box": {"x": 437, "y": 152, "w": 627, "h": 297}, "object_not_present": false}, "P106--speaker--clutter--krd9t3tzPSxBF8VLFzEmtpgnJQWMglnzzYwsPNO5IcA-00131.jpg": {"object_bounding_box": {"x": 417, "y": 112, "w": 617, "h": 282}, "object_not_present": false}, "P106--speaker--clutter--krd9t3tzPSxBF8VLFzEmtpgnJQWMglnzzYwsPNO5IcA-00132.jpg": {"object_bounding_box": {"x": 387, "y": 73, "w": 617, "h": 276}, "object_not_present": false}, "P106--speaker--clutter--krd9t3tzPSxBF8VLFzEmtpgnJQWMglnzzYwsPNO5IcA-00133.jpg": {"object_bounding_box": {"x": 368, "y": 41, "w": 602, "h": 268}, "object_not_present": false}, "P106--speaker--clutter--krd9t3tzPSxBF8VLFzEmtpgnJQWMglnzzYwsPNO5IcA-00134.jpg": {"object_bounding_box": {"x": 377, "y": 10, "w": 584, "h": 267}, "object_not_present": false}, "P106--speaker--clutter--krd9t3tzPSxBF8VLFzEmtpgnJQWMglnzzYwsPNO5IcA-00135.jpg": {"object_bounding_box": {"x": 400, "y": 0, "w": 584, "h": 249}, "object_not_present": false}, "P106--speaker--clutter--krd9t3tzPSxBF8VLFzEmtpgnJQWMglnzzYwsPNO5IcA-00136.jpg": {"object_bounding_box": {"x": 410, "y": 0, "w": 584, "h": 225}, "object_not_present": false}, "P106--speaker--clutter--krd9t3tzPSxBF8VLFzEmtpgnJQWMglnzzYwsPNO5IcA-00137.jpg": {"object_bounding_box": {"x": 445, "y": 0, "w": 569, "h": 204}, "object_not_present": false}, "P106--speaker--clutter--krd9t3tzPSxBF8VLFzEmtpgnJQWMglnzzYwsPNO5IcA-00138.jpg": {"object_bounding_box": {"x": 479, "y": 0, "w": 569, "h": 170}, "object_not_present": false}, "P106--speaker--clutter--krd9t3tzPSxBF8VLFzEmtpgnJQWMglnzzYwsPNO5IcA-00139.jpg": {"object_bounding_box": {"x": 522, "y": 0, "w": 551, "h": 152}, "object_not_present": false}, "P106--speaker--clutter--krd9t3tzPSxBF8VLFzEmtpgnJQWMglnzzYwsPNO5IcA-00140.jpg": {"object_bounding_box": {"x": 560, "y": 0, "w": 520, "h": 118}, "object_not_present": false}, "P106--speaker--clutter--krd9t3tzPSxBF8VLFzEmtpgnJQWMglnzzYwsPNO5IcA-00141.jpg": {"object_bounding_box": {"x": 581, "y": 0, "w": 499, "h": 108}, "object_not_present": false}, "P106--speaker--clutter--krd9t3tzPSxBF8VLFzEmtpgnJQWMglnzzYwsPNO5IcA-00142.jpg": {"object_bounding_box": {"x": 629, "y": 0, "w": 451, "h": 162}, "object_not_present": false}, "P106--speaker--clutter--krd9t3tzPSxBF8VLFzEmtpgnJQWMglnzzYwsPNO5IcA-00143.jpg": {"object_bounding_box": {"x": 679, "y": 0, "w": 401, "h": 212}, "object_not_present": false}, "P106--speaker--clutter--krd9t3tzPSxBF8VLFzEmtpgnJQWMglnzzYwsPNO5IcA-00144.jpg": {"object_bounding_box": {"x": 748, "y": 0, "w": 332, "h": 194}, "object_not_present": false}, "P106--speaker--clutter--krd9t3tzPSxBF8VLFzEmtpgnJQWMglnzzYwsPNO5IcA-00145.jpg": {"object_bounding_box": {"x": 822, "y": 0, "w": 258, "h": 133}, "object_not_present": false}, "P106--speaker--clutter--krd9t3tzPSxBF8VLFzEmtpgnJQWMglnzzYwsPNO5IcA-00146.jpg": {"object_bounding_box": {"x": 889, "y": 0, "w": 191, "h": 145}, "object_not_present": false}, "P106--speaker--clutter--krd9t3tzPSxBF8VLFzEmtpgnJQWMglnzzYwsPNO5IcA-00147.jpg": {"object_bounding_box": {"x": 914, "y": 0, "w": 166, "h": 145}, "object_not_present": false}, "P106--speaker--clutter--krd9t3tzPSxBF8VLFzEmtpgnJQWMglnzzYwsPNO5IcA-00148.jpg": {"object_bounding_box": {"x": 963, "y": 0, "w": 117, "h": 151}, "object_not_present": false}, "P106--speaker--clutter--krd9t3tzPSxBF8VLFzEmtpgnJQWMglnzzYwsPNO5IcA-00149.jpg": {"object_bounding_box": {"x": 948, "y": 0, "w": 132, "h": 202}, "object_not_present": false}, "P106--speaker--clutter--krd9t3tzPSxBF8VLFzEmtpgnJQWMglnzzYwsPNO5IcA-00150.jpg": {"object_bounding_box": {"x": 887, "y": 0, "w": 193, "h": 202}, "object_not_present": false}, "P106--speaker--clutter--krd9t3tzPSxBF8VLFzEmtpgnJQWMglnzzYwsPNO5IcA-00151.jpg": {"object_bounding_box": {"x": 831, "y": 12, "w": 249, "h": 179}, "object_not_present": false}, "P106--speaker--clutter--krd9t3tzPSxBF8VLFzEmtpgnJQWMglnzzYwsPNO5IcA-00152.jpg": {"object_bounding_box": {"x": 785, "y": 4, "w": 295, "h": 198}, "object_not_present": false}, "P106--speaker--clutter--krd9t3tzPSxBF8VLFzEmtpgnJQWMglnzzYwsPNO5IcA-00153.jpg": {"object_bounding_box": {"x": 722, "y": 14, "w": 358, "h": 242}, "object_not_present": false}, "P106--speaker--clutter--krd9t3tzPSxBF8VLFzEmtpgnJQWMglnzzYwsPNO5IcA-00154.jpg": {"object_bounding_box": {"x": 704, "y": 35, "w": 376, "h": 256}, "object_not_present": false}, "P106--speaker--clutter--krd9t3tzPSxBF8VLFzEmtpgnJQWMglnzzYwsPNO5IcA-00155.jpg": {"object_bounding_box": {"x": 695, "y": 93, "w": 385, "h": 248}, "object_not_present": false}, "P106--speaker--clutter--krd9t3tzPSxBF8VLFzEmtpgnJQWMglnzzYwsPNO5IcA-00156.jpg": {"object_bounding_box": {"x": 627, "y": 127, "w": 453, "h": 273}, "object_not_present": false}, "P106--speaker--clutter--krd9t3tzPSxBF8VLFzEmtpgnJQWMglnzzYwsPNO5IcA-00157.jpg": {"object_bounding_box": {"x": 572, "y": 135, "w": 508, "h": 267}, "object_not_present": false}, "P106--speaker--clutter--krd9t3tzPSxBF8VLFzEmtpgnJQWMglnzzYwsPNO5IcA-00158.jpg": {"object_bounding_box": {"x": 551, "y": 135, "w": 529, "h": 283}, "object_not_present": false}, "P106--speaker--clutter--krd9t3tzPSxBF8VLFzEmtpgnJQWMglnzzYwsPNO5IcA-00159.jpg": {"object_bounding_box": {"x": 501, "y": 177, "w": 577, "h": 283}, "object_not_present": false}, "P106--speaker--clutter--krd9t3tzPSxBF8VLFzEmtpgnJQWMglnzzYwsPNO5IcA-00160.jpg": {"object_bounding_box": {"x": 466, "y": 210, "w": 612, "h": 288}, "object_not_present": false}, "P106--speaker--clutter--krd9t3tzPSxBF8VLFzEmtpgnJQWMglnzzYwsPNO5IcA-00161.jpg": {"object_bounding_box": {"x": 493, "y": 248, "w": 587, "h": 300}, "object_not_present": false}, "P106--speaker--clutter--krd9t3tzPSxBF8VLFzEmtpgnJQWMglnzzYwsPNO5IcA-00162.jpg": {"object_bounding_box": {"x": 481, "y": 320, "w": 599, "h": 305}, "object_not_present": false}, "P106--speaker--clutter--krd9t3tzPSxBF8VLFzEmtpgnJQWMglnzzYwsPNO5IcA-00163.jpg": {"object_bounding_box": {"x": 481, "y": 348, "w": 599, "h": 332}, "object_not_present": false}, "P106--speaker--clutter--krd9t3tzPSxBF8VLFzEmtpgnJQWMglnzzYwsPNO5IcA-00164.jpg": {"object_bounding_box": {"x": 468, "y": 361, "w": 612, "h": 342}, "object_not_present": false}, "P106--speaker--clutter--krd9t3tzPSxBF8VLFzEmtpgnJQWMglnzzYwsPNO5IcA-00165.jpg": {"object_bounding_box": {"x": 426, "y": 376, "w": 654, "h": 364}, "object_not_present": false}, "P106--speaker--clutter--krd9t3tzPSxBF8VLFzEmtpgnJQWMglnzzYwsPNO5IcA-00166.jpg": {"object_bounding_box": {"x": 405, "y": 388, "w": 674, "h": 375}, "object_not_present": false}, "P106--speaker--clutter--krd9t3tzPSxBF8VLFzEmtpgnJQWMglnzzYwsPNO5IcA-00167.jpg": {"object_bounding_box": {"x": 389, "y": 402, "w": 687, "h": 375}, "object_not_present": false}, "P106--speaker--clutter--krd9t3tzPSxBF8VLFzEmtpgnJQWMglnzzYwsPNO5IcA-00168.jpg": {"object_bounding_box": {"x": 368, "y": 431, "w": 712, "h": 411}, "object_not_present": false}, "P106--speaker--clutter--krd9t3tzPSxBF8VLFzEmtpgnJQWMglnzzYwsPNO5IcA-00169.jpg": {"object_bounding_box": {"x": 366, "y": 460, "w": 714, "h": 449}, "object_not_present": false}, "P106--speaker--clutter--krd9t3tzPSxBF8VLFzEmtpgnJQWMglnzzYwsPNO5IcA-00170.jpg": {"object_bounding_box": {"x": 366, "y": 469, "w": 714, "h": 467}, "object_not_present": false}, "P106--speaker--clutter--krd9t3tzPSxBF8VLFzEmtpgnJQWMglnzzYwsPNO5IcA-00171.jpg": {"object_bounding_box": {"x": 364, "y": 465, "w": 716, "h": 472}, "object_not_present": false}, "P106--speaker--clutter--krd9t3tzPSxBF8VLFzEmtpgnJQWMglnzzYwsPNO5IcA-00172.jpg": {"object_bounding_box": {"x": 364, "y": 437, "w": 716, "h": 480}, "object_not_present": false}, "P106--speaker--clutter--krd9t3tzPSxBF8VLFzEmtpgnJQWMglnzzYwsPNO5IcA-00173.jpg": {"object_bounding_box": {"x": 376, "y": 427, "w": 704, "h": 466}, "object_not_present": false}, "P106--speaker--clutter--krd9t3tzPSxBF8VLFzEmtpgnJQWMglnzzYwsPNO5IcA-00174.jpg": {"object_bounding_box": {"x": 403, "y": 404, "w": 677, "h": 453}, "object_not_present": false}, "P106--speaker--clutter--krd9t3tzPSxBF8VLFzEmtpgnJQWMglnzzYwsPNO5IcA-00175.jpg": {"object_bounding_box": {"x": 447, "y": 368, "w": 633, "h": 436}, "object_not_present": false}, "P106--speaker--clutter--krd9t3tzPSxBF8VLFzEmtpgnJQWMglnzzYwsPNO5IcA-00176.jpg": {"object_bounding_box": {"x": 493, "y": 333, "w": 587, "h": 398}, "object_not_present": false}, "P106--speaker--clutter--krd9t3tzPSxBF8VLFzEmtpgnJQWMglnzzYwsPNO5IcA-00177.jpg": {"object_bounding_box": {"x": 527, "y": 266, "w": 553, "h": 369}, "object_not_present": false}, "P106--speaker--clutter--krd9t3tzPSxBF8VLFzEmtpgnJQWMglnzzYwsPNO5IcA-00178.jpg": {"object_bounding_box": {"x": 576, "y": 189, "w": 504, "h": 338}, "object_not_present": false}, "P106--speaker--clutter--krd9t3tzPSxBF8VLFzEmtpgnJQWMglnzzYwsPNO5IcA-00179.jpg": {"object_bounding_box": {"x": 599, "y": 108, "w": 481, "h": 308}, "object_not_present": false}, "P106--speaker--clutter--krd9t3tzPSxBF8VLFzEmtpgnJQWMglnzzYwsPNO5IcA-00180.jpg": {"object_bounding_box": {"x": 599, "y": 15, "w": 481, "h": 315}, "object_not_present": false}, "P106--speaker--clutter--krd9t3tzPSxBF8VLFzEmtpgnJQWMglnzzYwsPNO5IcA-00181.jpg": {"object_bounding_box": {"x": 604, "y": 0, "w": 476, "h": 275}, "object_not_present": false}, "P106--speaker--clutter--krd9t3tzPSxBF8VLFzEmtpgnJQWMglnzzYwsPNO5IcA-00182.jpg": {"object_bounding_box": {"x": 624, "y": 0, "w": 456, "h": 204}, "object_not_present": false}, "P106--speaker--clutter--krd9t3tzPSxBF8VLFzEmtpgnJQWMglnzzYwsPNO5IcA-00183.jpg": {"object_bounding_box": {"x": 631, "y": 0, "w": 449, "h": 154}, "object_not_present": false}, "P106--speaker--clutter--krd9t3tzPSxBF8VLFzEmtpgnJQWMglnzzYwsPNO5IcA-00184.jpg": {"object_bounding_box": {"x": 668, "y": 0, "w": 412, "h": 95}, "object_not_present": false}, "P106--speaker--clutter--krd9t3tzPSxBF8VLFzEmtpgnJQWMglnzzYwsPNO5IcA-00185.jpg": {"object_bounding_box": {"x": 716, "y": 0, "w": 364, "h": 56}, "object_not_present": false}, "P106--speaker--clutter--krd9t3tzPSxBF8VLFzEmtpgnJQWMglnzzYwsPNO5IcA-00186.jpg": {"object_bounding_box": {"x": 736, "y": 0, "w": 344, "h": 18}, "object_not_present": false}, "P106--speaker--clutter--krd9t3tzPSxBF8VLFzEmtpgnJQWMglnzzYwsPNO5IcA-00187.jpg": {"object_bounding_box": null, "object_not_present": true}, "P106--speaker--clutter--krd9t3tzPSxBF8VLFzEmtpgnJQWMglnzzYwsPNO5IcA-00188.jpg": {"object_bounding_box": null, "object_not_present": true}, "P106--speaker--clutter--krd9t3tzPSxBF8VLFzEmtpgnJQWMglnzzYwsPNO5IcA-00189.jpg": {"object_bounding_box": null, "object_not_present": true}, "P106--speaker--clutter--krd9t3tzPSxBF8VLFzEmtpgnJQWMglnzzYwsPNO5IcA-00190.jpg": {"object_bounding_box": null, "object_not_present": true}, "P106--speaker--clutter--krd9t3tzPSxBF8VLFzEmtpgnJQWMglnzzYwsPNO5IcA-00191.jpg": {"object_bounding_box": null, "object_not_present": true}, "P106--speaker--clutter--krd9t3tzPSxBF8VLFzEmtpgnJQWMglnzzYwsPNO5IcA-00192.jpg": {"object_bounding_box": null, "object_not_present": true}, "P106--speaker--clutter--krd9t3tzPSxBF8VLFzEmtpgnJQWMglnzzYwsPNO5IcA-00193.jpg": {"object_bounding_box": null, "object_not_present": true}, "P106--speaker--clutter--krd9t3tzPSxBF8VLFzEmtpgnJQWMglnzzYwsPNO5IcA-00194.jpg": {"object_bounding_box": null, "object_not_present": true}, "P106--speaker--clutter--krd9t3tzPSxBF8VLFzEmtpgnJQWMglnzzYwsPNO5IcA-00195.jpg": {"object_bounding_box": null, "object_not_present": true}, "P106--speaker--clutter--krd9t3tzPSxBF8VLFzEmtpgnJQWMglnzzYwsPNO5IcA-00196.jpg": {"object_bounding_box": null, "object_not_present": true}, "P106--speaker--clutter--krd9t3tzPSxBF8VLFzEmtpgnJQWMglnzzYwsPNO5IcA-00197.jpg": {"object_bounding_box": null, "object_not_present": true}, "P106--speaker--clutter--krd9t3tzPSxBF8VLFzEmtpgnJQWMglnzzYwsPNO5IcA-00198.jpg": {"object_bounding_box": null, "object_not_present": true}, "P106--speaker--clutter--krd9t3tzPSxBF8VLFzEmtpgnJQWMglnzzYwsPNO5IcA-00199.jpg": {"object_bounding_box": null, "object_not_present": true}, "P106--speaker--clutter--krd9t3tzPSxBF8VLFzEmtpgnJQWMglnzzYwsPNO5IcA-00200.jpg": {"object_bounding_box": null, "object_not_present": true}, "P106--speaker--clutter--krd9t3tzPSxBF8VLFzEmtpgnJQWMglnzzYwsPNO5IcA-00201.jpg": {"object_bounding_box": null, "object_not_present": true}, "P106--speaker--clutter--krd9t3tzPSxBF8VLFzEmtpgnJQWMglnzzYwsPNO5IcA-00202.jpg": {"object_bounding_box": {"x": 853, "y": 0, "w": 227, "h": 29}, "object_not_present": false}, "P106--speaker--clutter--krd9t3tzPSxBF8VLFzEmtpgnJQWMglnzzYwsPNO5IcA-00203.jpg": {"object_bounding_box": {"x": 853, "y": 0, "w": 227, "h": 34}, "object_not_present": false}, "P106--speaker--clutter--krd9t3tzPSxBF8VLFzEmtpgnJQWMglnzzYwsPNO5IcA-00204.jpg": {"object_bounding_box": {"x": 839, "y": 0, "w": 241, "h": 34}, "object_not_present": false}, "P106--speaker--clutter--krd9t3tzPSxBF8VLFzEmtpgnJQWMglnzzYwsPNO5IcA-00205.jpg": {"object_bounding_box": {"x": 839, "y": 0, "w": 241, "h": 42}, "object_not_present": false}, "P106--speaker--clutter--krd9t3tzPSxBF8VLFzEmtpgnJQWMglnzzYwsPNO5IcA-00206.jpg": {"object_bounding_box": {"x": 827, "y": 0, "w": 253, "h": 42}, "object_not_present": false}, "P106--speaker--clutter--krd9t3tzPSxBF8VLFzEmtpgnJQWMglnzzYwsPNO5IcA-00207.jpg": {"object_bounding_box": {"x": 827, "y": 0, "w": 253, "h": 42}, "object_not_present": false}, "P106--speaker--clutter--krd9t3tzPSxBF8VLFzEmtpgnJQWMglnzzYwsPNO5IcA-00208.jpg": {"object_bounding_box": {"x": 811, "y": 0, "w": 269, "h": 42}, "object_not_present": false}, "P106--speaker--clutter--krd9t3tzPSxBF8VLFzEmtpgnJQWMglnzzYwsPNO5IcA-00209.jpg": {"object_bounding_box": {"x": 822, "y": 0, "w": 258, "h": 29}, "object_not_present": false}, "P106--speaker--clutter--krd9t3tzPSxBF8VLFzEmtpgnJQWMglnzzYwsPNO5IcA-00210.jpg": {"object_bounding_box": {"x": 853, "y": 0, "w": 227, "h": 18}, "object_not_present": false}, "P106--speaker--clutter--krd9t3tzPSxBF8VLFzEmtpgnJQWMglnzzYwsPNO5IcA-00211.jpg": {"object_bounding_box": {"x": 859, "y": 0, "w": 221, "h": 18}, "object_not_present": false}, "P106--speaker--clutter--krd9t3tzPSxBF8VLFzEmtpgnJQWMglnzzYwsPNO5IcA-00212.jpg": {"object_bounding_box": null, "object_not_present": true}, "P106--speaker--clutter--krd9t3tzPSxBF8VLFzEmtpgnJQWMglnzzYwsPNO5IcA-00213.jpg": {"object_bounding_box": null, "object_not_present": true}, "P106--speaker--clutter--krd9t3tzPSxBF8VLFzEmtpgnJQWMglnzzYwsPNO5IcA-00214.jpg": {"object_bounding_box": null, "object_not_present": true}, "P106--speaker--clutter--krd9t3tzPSxBF8VLFzEmtpgnJQWMglnzzYwsPNO5IcA-00215.jpg": {"object_bounding_box": null, "object_not_present": true}, "P106--speaker--clutter--krd9t3tzPSxBF8VLFzEmtpgnJQWMglnzzYwsPNO5IcA-00216.jpg": {"object_bounding_box": null, "object_not_present": true}, "P106--speaker--clutter--krd9t3tzPSxBF8VLFzEmtpgnJQWMglnzzYwsPNO5IcA-00217.jpg": {"object_bounding_box": null, "object_not_present": true}, "P106--speaker--clutter--krd9t3tzPSxBF8VLFzEmtpgnJQWMglnzzYwsPNO5IcA-00218.jpg": {"object_bounding_box": null, "object_not_present": true}, "P106--speaker--clutter--krd9t3tzPSxBF8VLFzEmtpgnJQWMglnzzYwsPNO5IcA-00219.jpg": {"object_bounding_box": null, "object_not_present": true}, "P106--speaker--clutter--krd9t3tzPSxBF8VLFzEmtpgnJQWMglnzzYwsPNO5IcA-00220.jpg": {"object_bounding_box": null, "object_not_present": true}, "P106--speaker--clutter--krd9t3tzPSxBF8VLFzEmtpgnJQWMglnzzYwsPNO5IcA-00221.jpg": {"object_bounding_box": null, "object_not_present": true}, "P106--speaker--clutter--krd9t3tzPSxBF8VLFzEmtpgnJQWMglnzzYwsPNO5IcA-00222.jpg": {"object_bounding_box": null, "object_not_present": true}, "P106--speaker--clutter--krd9t3tzPSxBF8VLFzEmtpgnJQWMglnzzYwsPNO5IcA-00223.jpg": {"object_bounding_box": null, "object_not_present": true}, "P106--speaker--clutter--krd9t3tzPSxBF8VLFzEmtpgnJQWMglnzzYwsPNO5IcA-00224.jpg": {"object_bounding_box": null, "object_not_present": true}, "P106--speaker--clutter--krd9t3tzPSxBF8VLFzEmtpgnJQWMglnzzYwsPNO5IcA-00225.jpg": {"object_bounding_box": null, "object_not_present": true}, "P106--speaker--clutter--krd9t3tzPSxBF8VLFzEmtpgnJQWMglnzzYwsPNO5IcA-00226.jpg": {"object_bounding_box": null, "object_not_present": true}, "P106--speaker--clutter--krd9t3tzPSxBF8VLFzEmtpgnJQWMglnzzYwsPNO5IcA-00227.jpg": {"object_bounding_box": null, "object_not_present": true}, "P106--speaker--clutter--krd9t3tzPSxBF8VLFzEmtpgnJQWMglnzzYwsPNO5IcA-00228.jpg": {"object_bounding_box": null, "object_not_present": true}, "P106--speaker--clutter--krd9t3tzPSxBF8VLFzEmtpgnJQWMglnzzYwsPNO5IcA-00229.jpg": {"object_bounding_box": null, "object_not_present": true}, "P106--speaker--clutter--krd9t3tzPSxBF8VLFzEmtpgnJQWMglnzzYwsPNO5IcA-00230.jpg": {"object_bounding_box": null, "object_not_present": true}, "P106--speaker--clutter--krd9t3tzPSxBF8VLFzEmtpgnJQWMglnzzYwsPNO5IcA-00231.jpg": {"object_bounding_box": null, "object_not_present": true}, "P106--speaker--clutter--krd9t3tzPSxBF8VLFzEmtpgnJQWMglnzzYwsPNO5IcA-00232.jpg": {"object_bounding_box": null, "object_not_present": true}, "P106--speaker--clutter--krd9t3tzPSxBF8VLFzEmtpgnJQWMglnzzYwsPNO5IcA-00233.jpg": {"object_bounding_box": null, "object_not_present": true}, "P106--speaker--clutter--krd9t3tzPSxBF8VLFzEmtpgnJQWMglnzzYwsPNO5IcA-00234.jpg": {"object_bounding_box": null, "object_not_present": true}, "P106--speaker--clutter--krd9t3tzPSxBF8VLFzEmtpgnJQWMglnzzYwsPNO5IcA-00235.jpg": {"object_bounding_box": null, "object_not_present": true}, "P106--speaker--clutter--krd9t3tzPSxBF8VLFzEmtpgnJQWMglnzzYwsPNO5IcA-00236.jpg": {"object_bounding_box": null, "object_not_present": true}, "P106--speaker--clutter--krd9t3tzPSxBF8VLFzEmtpgnJQWMglnzzYwsPNO5IcA-00237.jpg": {"object_bounding_box": null, "object_not_present": true}, "P106--speaker--clutter--krd9t3tzPSxBF8VLFzEmtpgnJQWMglnzzYwsPNO5IcA-00238.jpg": {"object_bounding_box": null, "object_not_present": true}, "P106--speaker--clutter--krd9t3tzPSxBF8VLFzEmtpgnJQWMglnzzYwsPNO5IcA-00239.jpg": {"object_bounding_box": null, "object_not_present": true}, "P106--speaker--clutter--krd9t3tzPSxBF8VLFzEmtpgnJQWMglnzzYwsPNO5IcA-00240.jpg": {"object_bounding_box": null, "object_not_present": true}, "P106--speaker--clutter--krd9t3tzPSxBF8VLFzEmtpgnJQWMglnzzYwsPNO5IcA-00241.jpg": {"object_bounding_box": null, "object_not_present": true}, "P106--speaker--clutter--krd9t3tzPSxBF8VLFzEmtpgnJQWMglnzzYwsPNO5IcA-00242.jpg": {"object_bounding_box": null, "object_not_present": true}, "P106--speaker--clutter--krd9t3tzPSxBF8VLFzEmtpgnJQWMglnzzYwsPNO5IcA-00243.jpg": {"object_bounding_box": null, "object_not_present": true}, "P106--speaker--clutter--krd9t3tzPSxBF8VLFzEmtpgnJQWMglnzzYwsPNO5IcA-00244.jpg": {"object_bounding_box": null, "object_not_present": true}, "P106--speaker--clutter--krd9t3tzPSxBF8VLFzEmtpgnJQWMglnzzYwsPNO5IcA-00245.jpg": {"object_bounding_box": null, "object_not_present": true}, "P106--speaker--clutter--krd9t3tzPSxBF8VLFzEmtpgnJQWMglnzzYwsPNO5IcA-00246.jpg": {"object_bounding_box": null, "object_not_present": true}, "P106--speaker--clutter--krd9t3tzPSxBF8VLFzEmtpgnJQWMglnzzYwsPNO5IcA-00247.jpg": {"object_bounding_box": null, "object_not_present": true}, "P106--speaker--clutter--krd9t3tzPSxBF8VLFzEmtpgnJQWMglnzzYwsPNO5IcA-00248.jpg": {"object_bounding_box": null, "object_not_present": true}, "P106--speaker--clutter--krd9t3tzPSxBF8VLFzEmtpgnJQWMglnzzYwsPNO5IcA-00249.jpg": {"object_bounding_box": null, "object_not_present": true}, "P106--speaker--clutter--krd9t3tzPSxBF8VLFzEmtpgnJQWMglnzzYwsPNO5IcA-00250.jpg": {"object_bounding_box": null, "object_not_present": true}, "P106--speaker--clutter--krd9t3tzPSxBF8VLFzEmtpgnJQWMglnzzYwsPNO5IcA-00251.jpg": {"object_bounding_box": null, "object_not_present": true}, "P106--speaker--clutter--krd9t3tzPSxBF8VLFzEmtpgnJQWMglnzzYwsPNO5IcA-00252.jpg": {"object_bounding_box": null, "object_not_present": true}, "P106--speaker--clutter--krd9t3tzPSxBF8VLFzEmtpgnJQWMglnzzYwsPNO5IcA-00253.jpg": {"object_bounding_box": null, "object_not_present": true}, "P106--speaker--clutter--krd9t3tzPSxBF8VLFzEmtpgnJQWMglnzzYwsPNO5IcA-00254.jpg": {"object_bounding_box": null, "object_not_present": true}, "P106--speaker--clutter--krd9t3tzPSxBF8VLFzEmtpgnJQWMglnzzYwsPNO5IcA-00255.jpg": {"object_bounding_box": null, "object_not_present": true}, "P106--speaker--clutter--krd9t3tzPSxBF8VLFzEmtpgnJQWMglnzzYwsPNO5IcA-00256.jpg": {"object_bounding_box": null, "object_not_present": true}, "P106--speaker--clutter--krd9t3tzPSxBF8VLFzEmtpgnJQWMglnzzYwsPNO5IcA-00257.jpg": {"object_bounding_box": null, "object_not_present": true}, "P106--speaker--clutter--krd9t3tzPSxBF8VLFzEmtpgnJQWMglnzzYwsPNO5IcA-00258.jpg": {"object_bounding_box": null, "object_not_present": true}, "P106--speaker--clutter--krd9t3tzPSxBF8VLFzEmtpgnJQWMglnzzYwsPNO5IcA-00259.jpg": {"object_bounding_box": null, "object_not_present": true}, "P106--speaker--clutter--krd9t3tzPSxBF8VLFzEmtpgnJQWMglnzzYwsPNO5IcA-00260.jpg": {"object_bounding_box": null, "object_not_present": true}, "P106--speaker--clutter--krd9t3tzPSxBF8VLFzEmtpgnJQWMglnzzYwsPNO5IcA-00261.jpg": {"object_bounding_box": null, "object_not_present": true}, "P106--speaker--clutter--krd9t3tzPSxBF8VLFzEmtpgnJQWMglnzzYwsPNO5IcA-00262.jpg": {"object_bounding_box": null, "object_not_present": true}, "P106--speaker--clutter--krd9t3tzPSxBF8VLFzEmtpgnJQWMglnzzYwsPNO5IcA-00263.jpg": {"object_bounding_box": null, "object_not_present": true}, "P106--speaker--clutter--krd9t3tzPSxBF8VLFzEmtpgnJQWMglnzzYwsPNO5IcA-00264.jpg": {"object_bounding_box": null, "object_not_present": true}, "P106--speaker--clutter--krd9t3tzPSxBF8VLFzEmtpgnJQWMglnzzYwsPNO5IcA-00265.jpg": {"object_bounding_box": null, "object_not_present": true}, "P106--speaker--clutter--krd9t3tzPSxBF8VLFzEmtpgnJQWMglnzzYwsPNO5IcA-00266.jpg": {"object_bounding_box": null, "object_not_present": true}, "P106--speaker--clutter--krd9t3tzPSxBF8VLFzEmtpgnJQWMglnzzYwsPNO5IcA-00267.jpg": {"object_bounding_box": null, "object_not_present": true}, "P106--speaker--clutter--krd9t3tzPSxBF8VLFzEmtpgnJQWMglnzzYwsPNO5IcA-00268.jpg": {"object_bounding_box": null, "object_not_present": true}, "P106--speaker--clutter--krd9t3tzPSxBF8VLFzEmtpgnJQWMglnzzYwsPNO5IcA-00269.jpg": {"object_bounding_box": null, "object_not_present": true}, "P106--speaker--clutter--krd9t3tzPSxBF8VLFzEmtpgnJQWMglnzzYwsPNO5IcA-00270.jpg": {"object_bounding_box": null, "object_not_present": true}, "P106--speaker--clutter--krd9t3tzPSxBF8VLFzEmtpgnJQWMglnzzYwsPNO5IcA-00271.jpg": {"object_bounding_box": null, "object_not_present": true}, "P106--speaker--clutter--krd9t3tzPSxBF8VLFzEmtpgnJQWMglnzzYwsPNO5IcA-00272.jpg": {"object_bounding_box": null, "object_not_present": true}, "P106--speaker--clutter--krd9t3tzPSxBF8VLFzEmtpgnJQWMglnzzYwsPNO5IcA-00273.jpg": {"object_bounding_box": null, "object_not_present": true}, "P106--speaker--clutter--krd9t3tzPSxBF8VLFzEmtpgnJQWMglnzzYwsPNO5IcA-00274.jpg": {"object_bounding_box": null, "object_not_present": true}, "P106--speaker--clutter--krd9t3tzPSxBF8VLFzEmtpgnJQWMglnzzYwsPNO5IcA-00275.jpg": {"object_bounding_box": null, "object_not_present": true}, "P106--speaker--clutter--krd9t3tzPSxBF8VLFzEmtpgnJQWMglnzzYwsPNO5IcA-00276.jpg": {"object_bounding_box": null, "object_not_present": true}, "P106--speaker--clutter--krd9t3tzPSxBF8VLFzEmtpgnJQWMglnzzYwsPNO5IcA-00277.jpg": {"object_bounding_box": null, "object_not_present": true}, "P106--speaker--clutter--krd9t3tzPSxBF8VLFzEmtpgnJQWMglnzzYwsPNO5IcA-00278.jpg": {"object_bounding_box": null, "object_not_present": true}, "P106--speaker--clutter--krd9t3tzPSxBF8VLFzEmtpgnJQWMglnzzYwsPNO5IcA-00279.jpg": {"object_bounding_box": null, "object_not_present": true}, "P106--speaker--clutter--krd9t3tzPSxBF8VLFzEmtpgnJQWMglnzzYwsPNO5IcA-00280.jpg": {"object_bounding_box": null, "object_not_present": true}, "P106--speaker--clutter--krd9t3tzPSxBF8VLFzEmtpgnJQWMglnzzYwsPNO5IcA-00281.jpg": {"object_bounding_box": null, "object_not_present": true}, "P106--speaker--clutter--krd9t3tzPSxBF8VLFzEmtpgnJQWMglnzzYwsPNO5IcA-00282.jpg": {"object_bounding_box": null, "object_not_present": true}, "P106--speaker--clutter--krd9t3tzPSxBF8VLFzEmtpgnJQWMglnzzYwsPNO5IcA-00283.jpg": {"object_bounding_box": null, "object_not_present": true}, "P106--speaker--clutter--krd9t3tzPSxBF8VLFzEmtpgnJQWMglnzzYwsPNO5IcA-00284.jpg": {"object_bounding_box": null, "object_not_present": true}}