{"P141--glasses--clutter--WhByvqCgHHF78BzaloPjyj9Mh8PbKmU9Z1gk2qrtdYo-00001.jpg": {"object_bounding_box": {"x": 0, "y": 0, "w": 677, "h": 1080}, "object_present": true}, "P141--glasses--clutter--WhByvqCgHHF78BzaloPjyj9Mh8PbKmU9Z1gk2qrtdYo-00002.jpg": {"object_bounding_box": {"x": 0, "y": 0, "w": 675, "h": 1080}, "object_present": true}, "P141--glasses--clutter--WhByvqCgHHF78BzaloPjyj9Mh8PbKmU9Z1gk2qrtdYo-00003.jpg": {"object_bounding_box": {"x": 0, "y": 0, "w": 673, "h": 1080}, "object_present": true}, "P141--glasses--clutter--WhByvqCgHHF78BzaloPjyj9Mh8PbKmU9Z1gk2qrtdYo-00004.jpg": {"object_bounding_box": {"x": 0, "y": 0, "w": 672, "h": 1080}, "object_present": true}, "P141--glasses--clutter--WhByvqCgHHF78BzaloPjyj9Mh8PbKmU9Z1gk2qrtdYo-00005.jpg": {"object_bounding_box": {"x": 0, "y": 0, "w": 671, "h": 1080}, "object_present": true}, "P141--glasses--clutter--WhByvqCgHHF78BzaloPjyj9Mh8PbKmU9Z1gk2qrtdYo-00006.jpg": {"object_bounding_box": {"x": 0, "y": 0, "w": 672, "h": 1080}, "object_present": true}, "P141--glasses--clutter--WhByvqCgHHF78BzaloPjyj9Mh8PbKmU9Z1gk2qrtdYo-00007.jpg": {"object_bounding_box": {"x": 0, "y": 0, "w": 673, "h": 1080}, "object_present": true}, "P141--glasses--clutter--WhByvqCgHHF78BzaloPjyj9Mh8PbKmU9Z1gk2qrtdYo-00008.jpg": {"object_bounding_box": {"x": 0, "y": 0, "w": 672, "h": 1080}, "object_present": true}, "P141--glasses--clutter--WhByvqCgHHF78BzaloPjyj9Mh8PbKmU9Z1gk2qrtdYo-00009.jpg": {"object_bounding_box": {"x": 0, "y": 0, "w": 671, "h": 1080}, "object_present": true}, "P141--glasses--clutter--WhByvqCgHHF78BzaloPjyj9Mh8PbKmU9Z1gk2qrtdYo-00010.jpg": {"object_bounding_box": {"x": 0, "y": 0, "w": 673, "h": 1080}, "object_present": true}, "P141--glasses--clutter--WhByvqCgHHF78BzaloPjyj9Mh8PbKmU9Z1gk2qrtdYo-00011.jpg": {"object_bounding_box": {"x": 0, "y": 0, "w": 672, "h": 1080}, "object_present": true}, "P141--glasses--clutter--WhByvqCgHHF78BzaloPjyj9Mh8PbKmU9Z1gk2qrtdYo-00012.jpg": {"object_bounding_box": {"x": 0, "y": 0, "w": 671, "h": 1080}, "object_present": true}, "P141--glasses--clutter--WhByvqCgHHF78BzaloPjyj9Mh8PbKmU9Z1gk2qrtdYo-00013.jpg": {"object_bounding_box": {"x": 0, "y": 0, "w": 672, "h": 1080}, "object_present": true}, "P141--glasses--clutter--WhByvqCgHHF78BzaloPjyj9Mh8PbKmU9Z1gk2qrtdYo-00014.jpg": {"object_bounding_box": {"x": 0, "y": 0, "w": 670, "h": 1080}, "object_present": true}, "P141--glasses--clutter--WhByvqCgHHF78BzaloPjyj9Mh8PbKmU9Z1gk2qrtdYo-00015.jpg": {"object_bounding_box": {"x": 0, "y": 0, "w": 671, "h": 1080}, "object_present": true}, "P141--glasses--clutter--WhByvqCgHHF78BzaloPjyj9Mh8PbKmU9Z1gk2qrtdYo-00016.jpg": {"object_bounding_box": {"x": 0, "y": 0, "w": 667, "h": 1080}, "object_present": true}, "P141--glasses--clutter--WhByvqCgHHF78BzaloPjyj9Mh8PbKmU9Z1gk2qrtdYo-00017.jpg": {"object_bounding_box": {"x": 0, "y": 0, "w": 668, "h": 1080}, "object_present": true}, "P141--glasses--clutter--WhByvqCgHHF78BzaloPjyj9Mh8PbKmU9Z1gk2qrtdYo-00018.jpg": {"object_bounding_box": {"x": 0, "y": 0, "w": 669, "h": 1075}, "object_present": true}, "P141--glasses--clutter--WhByvqCgHHF78BzaloPjyj9Mh8PbKmU9Z1gk2qrtdYo-00019.jpg": {"object_bounding_box": {"x": 0, "y": 0, "w": 668, "h": 1080}, "object_present": true}, "P141--glasses--clutter--WhByvqCgHHF78BzaloPjyj9Mh8PbKmU9Z1gk2qrtdYo-00020.jpg": {"object_bounding_box": {"x": 0, "y": 0, "w": 669, "h": 1080}, "object_present": true}, "P141--glasses--clutter--WhByvqCgHHF78BzaloPjyj9Mh8PbKmU9Z1gk2qrtdYo-00021.jpg": {"object_bounding_box": {"x": 0, "y": 0, "w": 667, "h": 1080}, "object_present": true}, "P141--glasses--clutter--WhByvqCgHHF78BzaloPjyj9Mh8PbKmU9Z1gk2qrtdYo-00022.jpg": {"object_bounding_box": {"x": 0, "y": 0, "w": 663, "h": 1075}, "object_present": true}, "P141--glasses--clutter--WhByvqCgHHF78BzaloPjyj9Mh8PbKmU9Z1gk2qrtdYo-00023.jpg": {"object_bounding_box": {"x": 0, "y": 0, "w": 662, "h": 1080}, "object_present": true}, "P141--glasses--clutter--WhByvqCgHHF78BzaloPjyj9Mh8PbKmU9Z1gk2qrtdYo-00024.jpg": {"object_bounding_box": {"x": 0, "y": 0, "w": 662, "h": 1080}, "object_present": true}, "P141--glasses--clutter--WhByvqCgHHF78BzaloPjyj9Mh8PbKmU9Z1gk2qrtdYo-00025.jpg": {"object_bounding_box": {"x": 0, "y": 0, "w": 656, "h": 1075}, "object_present": true}, "P141--glasses--clutter--WhByvqCgHHF78BzaloPjyj9Mh8PbKmU9Z1gk2qrtdYo-00026.jpg": {"object_bounding_box": {"x": 0, "y": 0, "w": 658, "h": 1080}, "object_present": true}, "P141--glasses--clutter--WhByvqCgHHF78BzaloPjyj9Mh8PbKmU9Z1gk2qrtdYo-00027.jpg": {"object_bounding_box": {"x": 0, "y": 6, "w": 660, "h": 1074}, "object_present": true}, "P141--glasses--clutter--WhByvqCgHHF78BzaloPjyj9Mh8PbKmU9Z1gk2qrtdYo-00028.jpg": {"object_bounding_box": {"x": 0, "y": 8, "w": 662, "h": 1068}, "object_present": true}, "P141--glasses--clutter--WhByvqCgHHF78BzaloPjyj9Mh8PbKmU9Z1gk2qrtdYo-00029.jpg": {"object_bounding_box": {"x": 0, "y": 6, "w": 666, "h": 1069}, "object_present": true}, "P141--glasses--clutter--WhByvqCgHHF78BzaloPjyj9Mh8PbKmU9Z1gk2qrtdYo-00030.jpg": {"object_bounding_box": {"x": 0, "y": 10, "w": 678, "h": 1065}, "object_present": true}, "P141--glasses--clutter--WhByvqCgHHF78BzaloPjyj9Mh8PbKmU9Z1gk2qrtdYo-00031.jpg": {"object_bounding_box": {"x": 0, "y": 13, "w": 699, "h": 1067}, "object_present": true}, "P141--glasses--clutter--WhByvqCgHHF78BzaloPjyj9Mh8PbKmU9Z1gk2qrtdYo-00032.jpg": {"object_bounding_box": {"x": 0, "y": 12, "w": 711, "h": 1068}, "object_present": true}, "P141--glasses--clutter--WhByvqCgHHF78BzaloPjyj9Mh8PbKmU9Z1gk2qrtdYo-00033.jpg": {"object_bounding_box": {"x": 0, "y": 6, "w": 721, "h": 1074}, "object_present": true}, "P141--glasses--clutter--WhByvqCgHHF78BzaloPjyj9Mh8PbKmU9Z1gk2qrtdYo-00034.jpg": {"object_bounding_box": {"x": 0, "y": 0, "w": 733, "h": 1080}, "object_present": true}, "P141--glasses--clutter--WhByvqCgHHF78BzaloPjyj9Mh8PbKmU9Z1gk2qrtdYo-00035.jpg": {"object_bounding_box": {"x": 0, "y": 0, "w": 735, "h": 1080}, "object_present": true}, "P141--glasses--clutter--WhByvqCgHHF78BzaloPjyj9Mh8PbKmU9Z1gk2qrtdYo-00036.jpg": {"object_bounding_box": {"x": 0, "y": 0, "w": 745, "h": 1080}, "object_present": true}, "P141--glasses--clutter--WhByvqCgHHF78BzaloPjyj9Mh8PbKmU9Z1gk2qrtdYo-00037.jpg": {"object_bounding_box": {"x": 0, "y": 0, "w": 755, "h": 1080}, "object_present": true}, "P141--glasses--clutter--WhByvqCgHHF78BzaloPjyj9Mh8PbKmU9Z1gk2qrtdYo-00038.jpg": {"object_bounding_box": {"x": 0, "y": 0, "w": 758, "h": 1079}, "object_present": true}, "P141--glasses--clutter--WhByvqCgHHF78BzaloPjyj9Mh8PbKmU9Z1gk2qrtdYo-00039.jpg": {"object_bounding_box": {"x": 0, "y": 0, "w": 762, "h": 1079}, "object_present": true}, "P141--glasses--clutter--WhByvqCgHHF78BzaloPjyj9Mh8PbKmU9Z1gk2qrtdYo-00040.jpg": {"object_bounding_box": {"x": 0, "y": 1, "w": 766, "h": 1079}, "object_present": true}, "P141--glasses--clutter--WhByvqCgHHF78BzaloPjyj9Mh8PbKmU9Z1gk2qrtdYo-00041.jpg": {"object_bounding_box": {"x": 0, "y": 6, "w": 764, "h": 1074}, "object_present": true}, "P141--glasses--clutter--WhByvqCgHHF78BzaloPjyj9Mh8PbKmU9Z1gk2qrtdYo-00042.jpg": {"object_bounding_box": {"x": 0, "y": 15, "w": 763, "h": 1060}, "object_present": true}, "P141--glasses--clutter--WhByvqCgHHF78BzaloPjyj9Mh8PbKmU9Z1gk2qrtdYo-00043.jpg": {"object_bounding_box": {"x": 0, "y": 24, "w": 770, "h": 1051}, "object_present": true}, "P141--glasses--clutter--WhByvqCgHHF78BzaloPjyj9Mh8PbKmU9Z1gk2qrtdYo-00044.jpg": {"object_bounding_box": {"x": 0, "y": 31, "w": 770, "h": 1049}, "object_present": true}, "P141--glasses--clutter--WhByvqCgHHF78BzaloPjyj9Mh8PbKmU9Z1gk2qrtdYo-00045.jpg": {"object_bounding_box": {"x": 0, "y": 46, "w": 770, "h": 1034}, "object_present": true}, "P141--glasses--clutter--WhByvqCgHHF78BzaloPjyj9Mh8PbKmU9Z1gk2qrtdYo-00046.jpg": {"object_bounding_box": {"x": 0, "y": 57, "w": 777, "h": 1023}, "object_present": true}, "P141--glasses--clutter--WhByvqCgHHF78BzaloPjyj9Mh8PbKmU9Z1gk2qrtdYo-00047.jpg": {"object_bounding_box": {"x": 0, "y": 61, "w": 770, "h": 1019}, "object_present": true}, "P141--glasses--clutter--WhByvqCgHHF78BzaloPjyj9Mh8PbKmU9Z1gk2qrtdYo-00048.jpg": {"object_bounding_box": {"x": 0, "y": 67, "w": 773, "h": 1013}, "object_present": true}, "P141--glasses--clutter--WhByvqCgHHF78BzaloPjyj9Mh8PbKmU9Z1gk2qrtdYo-00049.jpg": {"object_bounding_box": {"x": 0, "y": 73, "w": 781, "h": 1007}, "object_present": true}, "P141--glasses--clutter--WhByvqCgHHF78BzaloPjyj9Mh8PbKmU9Z1gk2qrtdYo-00050.jpg": {"object_bounding_box": {"x": 0, "y": 73, "w": 792, "h": 1007}, "object_present": true}, "P141--glasses--clutter--WhByvqCgHHF78BzaloPjyj9Mh8PbKmU9Z1gk2qrtdYo-00051.jpg": {"object_bounding_box": {"x": 0, "y": 72, "w": 812, "h": 1008}, "object_present": true}, "P141--glasses--clutter--WhByvqCgHHF78BzaloPjyj9Mh8PbKmU9Z1gk2qrtdYo-00052.jpg": {"object_bounding_box": {"x": 0, "y": 66, "w": 830, "h": 1013}, "object_present": true}, "P141--glasses--clutter--WhByvqCgHHF78BzaloPjyj9Mh8PbKmU9Z1gk2qrtdYo-00053.jpg": {"object_bounding_box": {"x": 0, "y": 59, "w": 844, "h": 1006}, "object_present": true}, "P141--glasses--clutter--WhByvqCgHHF78BzaloPjyj9Mh8PbKmU9Z1gk2qrtdYo-00054.jpg": {"object_bounding_box": {"x": 0, "y": 47, "w": 858, "h": 992}, "object_present": true}, "P141--glasses--clutter--WhByvqCgHHF78BzaloPjyj9Mh8PbKmU9Z1gk2qrtdYo-00055.jpg": {"object_bounding_box": {"x": 0, "y": 40, "w": 860, "h": 991}, "object_present": true}, "P141--glasses--clutter--WhByvqCgHHF78BzaloPjyj9Mh8PbKmU9Z1gk2qrtdYo-00056.jpg": {"object_bounding_box": {"x": 0, "y": 29, "w": 867, "h": 972}, "object_present": true}, "P141--glasses--clutter--WhByvqCgHHF78BzaloPjyj9Mh8PbKmU9Z1gk2qrtdYo-00057.jpg": {"object_bounding_box": {"x": 0, "y": 16, "w": 856, "h": 956}, "object_present": true}, "P141--glasses--clutter--WhByvqCgHHF78BzaloPjyj9Mh8PbKmU9Z1gk2qrtdYo-00058.jpg": {"object_bounding_box": {"x": 0, "y": 6, "w": 852, "h": 940}, "object_present": true}, "P141--glasses--clutter--WhByvqCgHHF78BzaloPjyj9Mh8PbKmU9Z1gk2qrtdYo-00059.jpg": {"object_bounding_box": {"x": 0, "y": 17, "w": 848, "h": 924}, "object_present": true}, "P141--glasses--clutter--WhByvqCgHHF78BzaloPjyj9Mh8PbKmU9Z1gk2qrtdYo-00060.jpg": {"object_bounding_box": {"x": 0, "y": 23, "w": 842, "h": 907}, "object_present": true}, "P141--glasses--clutter--WhByvqCgHHF78BzaloPjyj9Mh8PbKmU9Z1gk2qrtdYo-00061.jpg": {"object_bounding_box": {"x": 0, "y": 27, "w": 836, "h": 894}, "object_present": true}, "P141--glasses--clutter--WhByvqCgHHF78BzaloPjyj9Mh8PbKmU9Z1gk2qrtdYo-00062.jpg": {"object_bounding_box": {"x": 0, "y": 34, "w": 827, "h": 879}, "object_present": true}, "P141--glasses--clutter--WhByvqCgHHF78BzaloPjyj9Mh8PbKmU9Z1gk2qrtdYo-00063.jpg": {"object_bounding_box": {"x": 0, "y": 46, "w": 826, "h": 866}, "object_present": true}, "P141--glasses--clutter--WhByvqCgHHF78BzaloPjyj9Mh8PbKmU9Z1gk2qrtdYo-00064.jpg": {"object_bounding_box": {"x": 0, "y": 60, "w": 834, "h": 851}, "object_present": true}, "P141--glasses--clutter--WhByvqCgHHF78BzaloPjyj9Mh8PbKmU9Z1gk2qrtdYo-00065.jpg": {"object_bounding_box": {"x": 0, "y": 73, "w": 834, "h": 838}, "object_present": true}, "P141--glasses--clutter--WhByvqCgHHF78BzaloPjyj9Mh8PbKmU9Z1gk2qrtdYo-00066.jpg": {"object_bounding_box": {"x": 0, "y": 79, "w": 838, "h": 827}, "object_present": true}, "P141--glasses--clutter--WhByvqCgHHF78BzaloPjyj9Mh8PbKmU9Z1gk2qrtdYo-00067.jpg": {"object_bounding_box": {"x": 0, "y": 88, "w": 852, "h": 818}, "object_present": true}, "P141--glasses--clutter--WhByvqCgHHF78BzaloPjyj9Mh8PbKmU9Z1gk2qrtdYo-00068.jpg": {"object_bounding_box": {"x": 0, "y": 99, "w": 859, "h": 805}, "object_present": true}, "P141--glasses--clutter--WhByvqCgHHF78BzaloPjyj9Mh8PbKmU9Z1gk2qrtdYo-00069.jpg": {"object_bounding_box": {"x": 0, "y": 104, "w": 865, "h": 797}, "object_present": true}, "P141--glasses--clutter--WhByvqCgHHF78BzaloPjyj9Mh8PbKmU9Z1gk2qrtdYo-00070.jpg": {"object_bounding_box": {"x": 0, "y": 107, "w": 879, "h": 792}, "object_present": true}, "P141--glasses--clutter--WhByvqCgHHF78BzaloPjyj9Mh8PbKmU9Z1gk2qrtdYo-00071.jpg": {"object_bounding_box": {"x": 0, "y": 109, "w": 884, "h": 782}, "object_present": true}, "P141--glasses--clutter--WhByvqCgHHF78BzaloPjyj9Mh8PbKmU9Z1gk2qrtdYo-00072.jpg": {"object_bounding_box": {"x": 0, "y": 110, "w": 886, "h": 777}, "object_present": true}, "P141--glasses--clutter--WhByvqCgHHF78BzaloPjyj9Mh8PbKmU9Z1gk2qrtdYo-00073.jpg": {"object_bounding_box": {"x": 0, "y": 118, "w": 895, "h": 770}, "object_present": true}, "P141--glasses--clutter--WhByvqCgHHF78BzaloPjyj9Mh8PbKmU9Z1gk2qrtdYo-00074.jpg": {"object_bounding_box": {"x": 0, "y": 128, "w": 889, "h": 767}, "object_present": true}, "P141--glasses--clutter--WhByvqCgHHF78BzaloPjyj9Mh8PbKmU9Z1gk2qrtdYo-00075.jpg": {"object_bounding_box": {"x": 0, "y": 140, "w": 895, "h": 757}, "object_present": true}, "P141--glasses--clutter--WhByvqCgHHF78BzaloPjyj9Mh8PbKmU9Z1gk2qrtdYo-00076.jpg": {"object_bounding_box": {"x": 0, "y": 141, "w": 899, "h": 753}, "object_present": true}, "P141--glasses--clutter--WhByvqCgHHF78BzaloPjyj9Mh8PbKmU9Z1gk2qrtdYo-00077.jpg": {"object_bounding_box": {"x": 0, "y": 138, "w": 891, "h": 751}, "object_present": true}, "P141--glasses--clutter--WhByvqCgHHF78BzaloPjyj9Mh8PbKmU9Z1gk2qrtdYo-00078.jpg": {"object_bounding_box": {"x": 0, "y": 136, "w": 892, "h": 749}, "object_present": true}, "P141--glasses--clutter--WhByvqCgHHF78BzaloPjyj9Mh8PbKmU9Z1gk2qrtdYo-00079.jpg": {"object_bounding_box": {"x": 0, "y": 129, "w": 890, "h": 746}, "object_present": true}, "P141--glasses--clutter--WhByvqCgHHF78BzaloPjyj9Mh8PbKmU9Z1gk2qrtdYo-00080.jpg": {"object_bounding_box": {"x": 0, "y": 126, "w": 886, "h": 746}, "object_present": true}, "P141--glasses--clutter--WhByvqCgHHF78BzaloPjyj9Mh8PbKmU9Z1gk2qrtdYo-00081.jpg": {"object_bounding_box": {"x": 0, "y": 117, "w": 885, "h": 745}, "object_present": true}, "P141--glasses--clutter--WhByvqCgHHF78BzaloPjyj9Mh8PbKmU9Z1gk2qrtdYo-00082.jpg": {"object_bounding_box": {"x": 0, "y": 113, "w": 886, "h": 739}, "object_present": true}, "P141--glasses--clutter--WhByvqCgHHF78BzaloPjyj9Mh8PbKmU9Z1gk2qrtdYo-00083.jpg": {"object_bounding_box": {"x": 0, "y": 108, "w": 888, "h": 738}, "object_present": true}, "P141--glasses--clutter--WhByvqCgHHF78BzaloPjyj9Mh8PbKmU9Z1gk2qrtdYo-00084.jpg": {"object_bounding_box": {"x": 0, "y": 101, "w": 892, "h": 733}, "object_present": true}, "P141--glasses--clutter--WhByvqCgHHF78BzaloPjyj9Mh8PbKmU9Z1gk2qrtdYo-00085.jpg": {"object_bounding_box": {"x": 0, "y": 100, "w": 884, "h": 728}, "object_present": true}, "P141--glasses--clutter--WhByvqCgHHF78BzaloPjyj9Mh8PbKmU9Z1gk2qrtdYo-00086.jpg": {"object_bounding_box": {"x": 0, "y": 104, "w": 874, "h": 723}, "object_present": true}, "P141--glasses--clutter--WhByvqCgHHF78BzaloPjyj9Mh8PbKmU9Z1gk2qrtdYo-00087.jpg": {"object_bounding_box": {"x": 0, "y": 117, "w": 872, "h": 721}, "object_present": true}, "P141--glasses--clutter--WhByvqCgHHF78BzaloPjyj9Mh8PbKmU9Z1gk2qrtdYo-00088.jpg": {"object_bounding_box": {"x": 0, "y": 122, "w": 849, "h": 710}, "object_present": true}, "P141--glasses--clutter--WhByvqCgHHF78BzaloPjyj9Mh8PbKmU9Z1gk2qrtdYo-00089.jpg": {"object_bounding_box": {"x": 0, "y": 111, "w": 815, "h": 714}, "object_present": true}, "P141--glasses--clutter--WhByvqCgHHF78BzaloPjyj9Mh8PbKmU9Z1gk2qrtdYo-00090.jpg": {"object_bounding_box": {"x": 0, "y": 110, "w": 808, "h": 708}, "object_present": true}, "P141--glasses--clutter--WhByvqCgHHF78BzaloPjyj9Mh8PbKmU9Z1gk2qrtdYo-00091.jpg": {"object_bounding_box": {"x": 0, "y": 104, "w": 827, "h": 712}, "object_present": true}, "P141--glasses--clutter--WhByvqCgHHF78BzaloPjyj9Mh8PbKmU9Z1gk2qrtdYo-00092.jpg": {"object_bounding_box": {"x": 0, "y": 106, "w": 844, "h": 712}, "object_present": true}, "P141--glasses--clutter--WhByvqCgHHF78BzaloPjyj9Mh8PbKmU9Z1gk2qrtdYo-00093.jpg": {"object_bounding_box": {"x": 0, "y": 114, "w": 848, "h": 705}, "object_present": true}, "P141--glasses--clutter--WhByvqCgHHF78BzaloPjyj9Mh8PbKmU9Z1gk2qrtdYo-00094.jpg": {"object_bounding_box": {"x": 0, "y": 122, "w": 849, "h": 700}, "object_present": true}, "P141--glasses--clutter--WhByvqCgHHF78BzaloPjyj9Mh8PbKmU9Z1gk2qrtdYo-00095.jpg": {"object_bounding_box": {"x": 6, "y": 131, "w": 850, "h": 695}, "object_present": true}, "P141--glasses--clutter--WhByvqCgHHF78BzaloPjyj9Mh8PbKmU9Z1gk2qrtdYo-00096.jpg": {"object_bounding_box": {"x": 16, "y": 141, "w": 848, "h": 689}, "object_present": true}, "P141--glasses--clutter--WhByvqCgHHF78BzaloPjyj9Mh8PbKmU9Z1gk2qrtdYo-00097.jpg": {"object_bounding_box": {"x": 22, "y": 143, "w": 843, "h": 687}, "object_present": true}, "P141--glasses--clutter--WhByvqCgHHF78BzaloPjyj9Mh8PbKmU9Z1gk2qrtdYo-00098.jpg": {"object_bounding_box": {"x": 30, "y": 145, "w": 836, "h": 682}, "object_present": true}, "P141--glasses--clutter--WhByvqCgHHF78BzaloPjyj9Mh8PbKmU9Z1gk2qrtdYo-00099.jpg": {"object_bounding_box": {"x": 45, "y": 141, "w": 831, "h": 680}, "object_present": true}, "P141--glasses--clutter--WhByvqCgHHF78BzaloPjyj9Mh8PbKmU9Z1gk2qrtdYo-00100.jpg": {"object_bounding_box": {"x": 63, "y": 148, "w": 822, "h": 672}, "object_present": true}, "P141--glasses--clutter--WhByvqCgHHF78BzaloPjyj9Mh8PbKmU9Z1gk2qrtdYo-00101.jpg": {"object_bounding_box": {"x": 84, "y": 156, "w": 810, "h": 661}, "object_present": true}, "P141--glasses--clutter--WhByvqCgHHF78BzaloPjyj9Mh8PbKmU9Z1gk2qrtdYo-00102.jpg": {"object_bounding_box": {"x": 93, "y": 167, "w": 809, "h": 654}, "object_present": true}, "P141--glasses--clutter--WhByvqCgHHF78BzaloPjyj9Mh8PbKmU9Z1gk2qrtdYo-00103.jpg": {"object_bounding_box": {"x": 94, "y": 174, "w": 805, "h": 652}, "object_present": true}, "P141--glasses--clutter--WhByvqCgHHF78BzaloPjyj9Mh8PbKmU9Z1gk2qrtdYo-00104.jpg": {"object_bounding_box": {"x": 104, "y": 181, "w": 794, "h": 646}, "object_present": true}, "P141--glasses--clutter--WhByvqCgHHF78BzaloPjyj9Mh8PbKmU9Z1gk2qrtdYo-00105.jpg": {"object_bounding_box": {"x": 116, "y": 193, "w": 788, "h": 638}, "object_present": true}, "P141--glasses--clutter--WhByvqCgHHF78BzaloPjyj9Mh8PbKmU9Z1gk2qrtdYo-00106.jpg": {"object_bounding_box": {"x": 115, "y": 200, "w": 786, "h": 629}, "object_present": true}, "P141--glasses--clutter--WhByvqCgHHF78BzaloPjyj9Mh8PbKmU9Z1gk2qrtdYo-00107.jpg": {"object_bounding_box": {"x": 115, "y": 203, "w": 778, "h": 626}, "object_present": true}, "P141--glasses--clutter--WhByvqCgHHF78BzaloPjyj9Mh8PbKmU9Z1gk2qrtdYo-00108.jpg": {"object_bounding_box": {"x": 123, "y": 212, "w": 766, "h": 623}, "object_present": true}, "P141--glasses--clutter--WhByvqCgHHF78BzaloPjyj9Mh8PbKmU9Z1gk2qrtdYo-00109.jpg": {"object_bounding_box": {"x": 128, "y": 218, "w": 762, "h": 618}, "object_present": true}, "P141--glasses--clutter--WhByvqCgHHF78BzaloPjyj9Mh8PbKmU9Z1gk2qrtdYo-00110.jpg": {"object_bounding_box": {"x": 125, "y": 223, "w": 755, "h": 611}, "object_present": true}, "P141--glasses--clutter--WhByvqCgHHF78BzaloPjyj9Mh8PbKmU9Z1gk2qrtdYo-00111.jpg": {"object_bounding_box": {"x": 124, "y": 223, "w": 751, "h": 607}, "object_present": true}, "P141--glasses--clutter--WhByvqCgHHF78BzaloPjyj9Mh8PbKmU9Z1gk2qrtdYo-00112.jpg": {"object_bounding_box": {"x": 133, "y": 222, "w": 746, "h": 600}, "object_present": true}, "P141--glasses--clutter--WhByvqCgHHF78BzaloPjyj9Mh8PbKmU9Z1gk2qrtdYo-00113.jpg": {"object_bounding_box": {"x": 141, "y": 220, "w": 742, "h": 596}, "object_present": true}, "P141--glasses--clutter--WhByvqCgHHF78BzaloPjyj9Mh8PbKmU9Z1gk2qrtdYo-00114.jpg": {"object_bounding_box": {"x": 144, "y": 218, "w": 742, "h": 598}, "object_present": true}, "P141--glasses--clutter--WhByvqCgHHF78BzaloPjyj9Mh8PbKmU9Z1gk2qrtdYo-00115.jpg": {"object_bounding_box": {"x": 137, "y": 217, "w": 744, "h": 597}, "object_present": true}, "P141--glasses--clutter--WhByvqCgHHF78BzaloPjyj9Mh8PbKmU9Z1gk2qrtdYo-00116.jpg": {"object_bounding_box": {"x": 131, "y": 216, "w": 737, "h": 593}, "object_present": true}, "P141--glasses--clutter--WhByvqCgHHF78BzaloPjyj9Mh8PbKmU9Z1gk2qrtdYo-00117.jpg": {"object_bounding_box": {"x": 127, "y": 212, "w": 735, "h": 591}, "object_present": true}, "P141--glasses--clutter--WhByvqCgHHF78BzaloPjyj9Mh8PbKmU9Z1gk2qrtdYo-00118.jpg": {"object_bounding_box": {"x": 128, "y": 208, "w": 731, "h": 590}, "object_present": true}, "P141--glasses--clutter--WhByvqCgHHF78BzaloPjyj9Mh8PbKmU9Z1gk2qrtdYo-00119.jpg": {"object_bounding_box": {"x": 133, "y": 208, "w": 729, "h": 587}, "object_present": true}, "P141--glasses--clutter--WhByvqCgHHF78BzaloPjyj9Mh8PbKmU9Z1gk2qrtdYo-00120.jpg": {"object_bounding_box": {"x": 138, "y": 215, "w": 724, "h": 588}, "object_present": true}, "P141--glasses--clutter--WhByvqCgHHF78BzaloPjyj9Mh8PbKmU9Z1gk2qrtdYo-00121.jpg": {"object_bounding_box": {"x": 146, "y": 227, "w": 718, "h": 582}, "object_present": true}, "P141--glasses--clutter--WhByvqCgHHF78BzaloPjyj9Mh8PbKmU9Z1gk2qrtdYo-00122.jpg": {"object_bounding_box": {"x": 162, "y": 239, "w": 715, "h": 582}, "object_present": true}, "P141--glasses--clutter--WhByvqCgHHF78BzaloPjyj9Mh8PbKmU9Z1gk2qrtdYo-00123.jpg": {"object_bounding_box": {"x": 172, "y": 254, "w": 710, "h": 573}, "object_present": true}, "P141--glasses--clutter--WhByvqCgHHF78BzaloPjyj9Mh8PbKmU9Z1gk2qrtdYo-00124.jpg": {"object_bounding_box": {"x": 176, "y": 261, "w": 706, "h": 569}, "object_present": true}, "P141--glasses--clutter--WhByvqCgHHF78BzaloPjyj9Mh8PbKmU9Z1gk2qrtdYo-00125.jpg": {"object_bounding_box": {"x": 180, "y": 263, "w": 698, "h": 568}, "object_present": true}, "P141--glasses--clutter--WhByvqCgHHF78BzaloPjyj9Mh8PbKmU9Z1gk2qrtdYo-00126.jpg": {"object_bounding_box": {"x": 181, "y": 273, "w": 697, "h": 563}, "object_present": true}, "P141--glasses--clutter--WhByvqCgHHF78BzaloPjyj9Mh8PbKmU9Z1gk2qrtdYo-00127.jpg": {"object_bounding_box": {"x": 184, "y": 281, "w": 691, "h": 562}, "object_present": true}, "P141--glasses--clutter--WhByvqCgHHF78BzaloPjyj9Mh8PbKmU9Z1gk2qrtdYo-00128.jpg": {"object_bounding_box": {"x": 188, "y": 289, "w": 687, "h": 555}, "object_present": true}, "P141--glasses--clutter--WhByvqCgHHF78BzaloPjyj9Mh8PbKmU9Z1gk2qrtdYo-00129.jpg": {"object_bounding_box": {"x": 185, "y": 295, "w": 681, "h": 550}, "object_present": true}, "P141--glasses--clutter--WhByvqCgHHF78BzaloPjyj9Mh8PbKmU9Z1gk2qrtdYo-00130.jpg": {"object_bounding_box": {"x": 182, "y": 291, "w": 680, "h": 545}, "object_present": true}, "P141--glasses--clutter--WhByvqCgHHF78BzaloPjyj9Mh8PbKmU9Z1gk2qrtdYo-00131.jpg": {"object_bounding_box": {"x": 181, "y": 283, "w": 678, "h": 548}, "object_present": true}, "P141--glasses--clutter--WhByvqCgHHF78BzaloPjyj9Mh8PbKmU9Z1gk2qrtdYo-00132.jpg": {"object_bounding_box": {"x": 177, "y": 269, "w": 675, "h": 545}, "object_present": true}, "P141--glasses--clutter--WhByvqCgHHF78BzaloPjyj9Mh8PbKmU9Z1gk2qrtdYo-00133.jpg": {"object_bounding_box": {"x": 171, "y": 254, "w": 668, "h": 537}, "object_present": true}, "P141--glasses--clutter--WhByvqCgHHF78BzaloPjyj9Mh8PbKmU9Z1gk2qrtdYo-00134.jpg": {"object_bounding_box": {"x": 168, "y": 253, "w": 664, "h": 533}, "object_present": true}, "P141--glasses--clutter--WhByvqCgHHF78BzaloPjyj9Mh8PbKmU9Z1gk2qrtdYo-00135.jpg": {"object_bounding_box": {"x": 170, "y": 257, "w": 667, "h": 532}, "object_present": true}, "P141--glasses--clutter--WhByvqCgHHF78BzaloPjyj9Mh8PbKmU9Z1gk2qrtdYo-00136.jpg": {"object_bounding_box": {"x": 177, "y": 266, "w": 661, "h": 524}, "object_present": true}, "P141--glasses--clutter--WhByvqCgHHF78BzaloPjyj9Mh8PbKmU9Z1gk2qrtdYo-00137.jpg": {"object_bounding_box": {"x": 177, "y": 270, "w": 658, "h": 525}, "object_present": true}, "P141--glasses--clutter--WhByvqCgHHF78BzaloPjyj9Mh8PbKmU9Z1gk2qrtdYo-00138.jpg": {"object_bounding_box": {"x": 180, "y": 278, "w": 654, "h": 520}, "object_present": true}, "P141--glasses--clutter--WhByvqCgHHF78BzaloPjyj9Mh8PbKmU9Z1gk2qrtdYo-00139.jpg": {"object_bounding_box": {"x": 187, "y": 284, "w": 646, "h": 517}, "object_present": true}, "P141--glasses--clutter--WhByvqCgHHF78BzaloPjyj9Mh8PbKmU9Z1gk2qrtdYo-00140.jpg": {"object_bounding_box": {"x": 195, "y": 286, "w": 638, "h": 516}, "object_present": true}, "P141--glasses--clutter--WhByvqCgHHF78BzaloPjyj9Mh8PbKmU9Z1gk2qrtdYo-00141.jpg": {"object_bounding_box": {"x": 195, "y": 286, "w": 641, "h": 512}, "object_present": true}, "P141--glasses--clutter--WhByvqCgHHF78BzaloPjyj9Mh8PbKmU9Z1gk2qrtdYo-00142.jpg": {"object_bounding_box": {"x": 198, "y": 288, "w": 638, "h": 508}, "object_present": true}, "P141--glasses--clutter--WhByvqCgHHF78BzaloPjyj9Mh8PbKmU9Z1gk2qrtdYo-00143.jpg": {"object_bounding_box": {"x": 203, "y": 289, "w": 642, "h": 509}, "object_present": true}, "P141--glasses--clutter--WhByvqCgHHF78BzaloPjyj9Mh8PbKmU9Z1gk2qrtdYo-00144.jpg": {"object_bounding_box": {"x": 202, "y": 286, "w": 639, "h": 506}, "object_present": true}, "P141--glasses--clutter--WhByvqCgHHF78BzaloPjyj9Mh8PbKmU9Z1gk2qrtdYo-00145.jpg": {"object_bounding_box": {"x": 200, "y": 283, "w": 634, "h": 507}, "object_present": true}, "P141--glasses--clutter--WhByvqCgHHF78BzaloPjyj9Mh8PbKmU9Z1gk2qrtdYo-00146.jpg": {"object_bounding_box": {"x": 202, "y": 284, "w": 634, "h": 504}, "object_present": true}, "P141--glasses--clutter--WhByvqCgHHF78BzaloPjyj9Mh8PbKmU9Z1gk2qrtdYo-00147.jpg": {"object_bounding_box": {"x": 202, "y": 284, "w": 635, "h": 502}, "object_present": true}, "P141--glasses--clutter--WhByvqCgHHF78BzaloPjyj9Mh8PbKmU9Z1gk2qrtdYo-00148.jpg": {"object_bounding_box": {"x": 201, "y": 281, "w": 632, "h": 502}, "object_present": true}, "P141--glasses--clutter--WhByvqCgHHF78BzaloPjyj9Mh8PbKmU9Z1gk2qrtdYo-00149.jpg": {"object_bounding_box": {"x": 202, "y": 277, "w": 634, "h": 496}, "object_present": true}, "P141--glasses--clutter--WhByvqCgHHF78BzaloPjyj9Mh8PbKmU9Z1gk2qrtdYo-00150.jpg": {"object_bounding_box": {"x": 205, "y": 273, "w": 627, "h": 496}, "object_present": true}, "P141--glasses--clutter--WhByvqCgHHF78BzaloPjyj9Mh8PbKmU9Z1gk2qrtdYo-00151.jpg": {"object_bounding_box": {"x": 203, "y": 273, "w": 630, "h": 498}, "object_present": true}, "P141--glasses--clutter--WhByvqCgHHF78BzaloPjyj9Mh8PbKmU9Z1gk2qrtdYo-00152.jpg": {"object_bounding_box": {"x": 203, "y": 271, "w": 626, "h": 490}, "object_present": true}, "P141--glasses--clutter--WhByvqCgHHF78BzaloPjyj9Mh8PbKmU9Z1gk2qrtdYo-00153.jpg": {"object_bounding_box": {"x": 199, "y": 271, "w": 626, "h": 486}, "object_present": true}, "P141--glasses--clutter--WhByvqCgHHF78BzaloPjyj9Mh8PbKmU9Z1gk2qrtdYo-00154.jpg": {"object_bounding_box": {"x": 201, "y": 271, "w": 621, "h": 487}, "object_present": true}, "P141--glasses--clutter--WhByvqCgHHF78BzaloPjyj9Mh8PbKmU9Z1gk2qrtdYo-00155.jpg": {"object_bounding_box": {"x": 203, "y": 274, "w": 619, "h": 484}, "object_present": true}, "P141--glasses--clutter--WhByvqCgHHF78BzaloPjyj9Mh8PbKmU9Z1gk2qrtdYo-00156.jpg": {"object_bounding_box": {"x": 201, "y": 277, "w": 619, "h": 485}, "object_present": true}, "P141--glasses--clutter--WhByvqCgHHF78BzaloPjyj9Mh8PbKmU9Z1gk2qrtdYo-00157.jpg": {"object_bounding_box": {"x": 199, "y": 277, "w": 616, "h": 483}, "object_present": true}, "P141--glasses--clutter--WhByvqCgHHF78BzaloPjyj9Mh8PbKmU9Z1gk2qrtdYo-00158.jpg": {"object_bounding_box": {"x": 194, "y": 275, "w": 616, "h": 482}, "object_present": true}, "P141--glasses--clutter--WhByvqCgHHF78BzaloPjyj9Mh8PbKmU9Z1gk2qrtdYo-00159.jpg": {"object_bounding_box": {"x": 191, "y": 275, "w": 613, "h": 476}, "object_present": true}, "P141--glasses--clutter--WhByvqCgHHF78BzaloPjyj9Mh8PbKmU9Z1gk2qrtdYo-00160.jpg": {"object_bounding_box": {"x": 191, "y": 273, "w": 609, "h": 475}, "object_present": true}, "P141--glasses--clutter--WhByvqCgHHF78BzaloPjyj9Mh8PbKmU9Z1gk2qrtdYo-00161.jpg": {"object_bounding_box": {"x": 186, "y": 273, "w": 611, "h": 475}, "object_present": true}, "P141--glasses--clutter--WhByvqCgHHF78BzaloPjyj9Mh8PbKmU9Z1gk2qrtdYo-00162.jpg": {"object_bounding_box": {"x": 181, "y": 276, "w": 608, "h": 473}, "object_present": true}, "P141--glasses--clutter--WhByvqCgHHF78BzaloPjyj9Mh8PbKmU9Z1gk2qrtdYo-00163.jpg": {"object_bounding_box": {"x": 179, "y": 279, "w": 602, "h": 471}, "object_present": true}, "P141--glasses--clutter--WhByvqCgHHF78BzaloPjyj9Mh8PbKmU9Z1gk2qrtdYo-00164.jpg": {"object_bounding_box": {"x": 179, "y": 281, "w": 603, "h": 470}, "object_present": true}, "P141--glasses--clutter--WhByvqCgHHF78BzaloPjyj9Mh8PbKmU9Z1gk2qrtdYo-00165.jpg": {"object_bounding_box": {"x": 182, "y": 282, "w": 598, "h": 470}, "object_present": true}, "P141--glasses--clutter--WhByvqCgHHF78BzaloPjyj9Mh8PbKmU9Z1gk2qrtdYo-00166.jpg": {"object_bounding_box": {"x": 182, "y": 282, "w": 596, "h": 464}, "object_present": true}, "P141--glasses--clutter--WhByvqCgHHF78BzaloPjyj9Mh8PbKmU9Z1gk2qrtdYo-00167.jpg": {"object_bounding_box": {"x": 180, "y": 285, "w": 594, "h": 463}, "object_present": true}, "P141--glasses--clutter--WhByvqCgHHF78BzaloPjyj9Mh8PbKmU9Z1gk2qrtdYo-00168.jpg": {"object_bounding_box": {"x": 181, "y": 288, "w": 592, "h": 460}, "object_present": true}, "P141--glasses--clutter--WhByvqCgHHF78BzaloPjyj9Mh8PbKmU9Z1gk2qrtdYo-00169.jpg": {"object_bounding_box": {"x": 177, "y": 288, "w": 596, "h": 462}, "object_present": true}, "P141--glasses--clutter--WhByvqCgHHF78BzaloPjyj9Mh8PbKmU9Z1gk2qrtdYo-00170.jpg": {"object_bounding_box": {"x": 164, "y": 290, "w": 595, "h": 458}, "object_present": true}, "P141--glasses--clutter--WhByvqCgHHF78BzaloPjyj9Mh8PbKmU9Z1gk2qrtdYo-00171.jpg": {"object_bounding_box": {"x": 161, "y": 293, "w": 590, "h": 456}, "object_present": true}, "P141--glasses--clutter--WhByvqCgHHF78BzaloPjyj9Mh8PbKmU9Z1gk2qrtdYo-00172.jpg": {"object_bounding_box": {"x": 166, "y": 296, "w": 586, "h": 454}, "object_present": true}, "P141--glasses--clutter--WhByvqCgHHF78BzaloPjyj9Mh8PbKmU9Z1gk2qrtdYo-00173.jpg": {"object_bounding_box": {"x": 167, "y": 300, "w": 586, "h": 453}, "object_present": true}, "P141--glasses--clutter--WhByvqCgHHF78BzaloPjyj9Mh8PbKmU9Z1gk2qrtdYo-00174.jpg": {"object_bounding_box": {"x": 173, "y": 303, "w": 586, "h": 454}, "object_present": true}, "P141--glasses--clutter--WhByvqCgHHF78BzaloPjyj9Mh8PbKmU9Z1gk2qrtdYo-00175.jpg": {"object_bounding_box": {"x": 179, "y": 304, "w": 587, "h": 455}, "object_present": true}, "P141--glasses--clutter--WhByvqCgHHF78BzaloPjyj9Mh8PbKmU9Z1gk2qrtdYo-00176.jpg": {"object_bounding_box": {"x": 184, "y": 303, "w": 581, "h": 453}, "object_present": true}, "P141--glasses--clutter--WhByvqCgHHF78BzaloPjyj9Mh8PbKmU9Z1gk2qrtdYo-00177.jpg": {"object_bounding_box": {"x": 186, "y": 302, "w": 581, "h": 452}, "object_present": true}, "P141--glasses--clutter--WhByvqCgHHF78BzaloPjyj9Mh8PbKmU9Z1gk2qrtdYo-00178.jpg": {"object_bounding_box": {"x": 193, "y": 303, "w": 582, "h": 453}, "object_present": true}, "P141--glasses--clutter--WhByvqCgHHF78BzaloPjyj9Mh8PbKmU9Z1gk2qrtdYo-00179.jpg": {"object_bounding_box": {"x": 204, "y": 303, "w": 584, "h": 453}, "object_present": true}, "P141--glasses--clutter--WhByvqCgHHF78BzaloPjyj9Mh8PbKmU9Z1gk2qrtdYo-00180.jpg": {"object_bounding_box": {"x": 209, "y": 295, "w": 581, "h": 455}, "object_present": true}, "P141--glasses--clutter--WhByvqCgHHF78BzaloPjyj9Mh8PbKmU9Z1gk2qrtdYo-00181.jpg": {"object_bounding_box": {"x": 212, "y": 286, "w": 581, "h": 451}, "object_present": true}, "P141--glasses--clutter--WhByvqCgHHF78BzaloPjyj9Mh8PbKmU9Z1gk2qrtdYo-00182.jpg": {"object_bounding_box": {"x": 215, "y": 284, "w": 583, "h": 453}, "object_present": true}, "P141--glasses--clutter--WhByvqCgHHF78BzaloPjyj9Mh8PbKmU9Z1gk2qrtdYo-00183.jpg": {"object_bounding_box": {"x": 219, "y": 286, "w": 580, "h": 450}, "object_present": true}, "P141--glasses--clutter--WhByvqCgHHF78BzaloPjyj9Mh8PbKmU9Z1gk2qrtdYo-00184.jpg": {"object_bounding_box": {"x": 222, "y": 285, "w": 581, "h": 451}, "object_present": true}, "P141--glasses--clutter--WhByvqCgHHF78BzaloPjyj9Mh8PbKmU9Z1gk2qrtdYo-00185.jpg": {"object_bounding_box": {"x": 223, "y": 292, "w": 578, "h": 455}, "object_present": true}, "P141--glasses--clutter--WhByvqCgHHF78BzaloPjyj9Mh8PbKmU9Z1gk2qrtdYo-00186.jpg": {"object_bounding_box": {"x": 233, "y": 311, "w": 576, "h": 449}, "object_present": true}, "P141--glasses--clutter--WhByvqCgHHF78BzaloPjyj9Mh8PbKmU9Z1gk2qrtdYo-00187.jpg": {"object_bounding_box": {"x": 247, "y": 321, "w": 577, "h": 453}, "object_present": true}, "P141--glasses--clutter--WhByvqCgHHF78BzaloPjyj9Mh8PbKmU9Z1gk2qrtdYo-00188.jpg": {"object_bounding_box": {"x": 244, "y": 332, "w": 573, "h": 449}, "object_present": true}, "P141--glasses--clutter--WhByvqCgHHF78BzaloPjyj9Mh8PbKmU9Z1gk2qrtdYo-00189.jpg": {"object_bounding_box": {"x": 243, "y": 340, "w": 572, "h": 448}, "object_present": true}, "P141--glasses--clutter--WhByvqCgHHF78BzaloPjyj9Mh8PbKmU9Z1gk2qrtdYo-00190.jpg": {"object_bounding_box": {"x": 241, "y": 339, "w": 573, "h": 450}, "object_present": true}, "P141--glasses--clutter--WhByvqCgHHF78BzaloPjyj9Mh8PbKmU9Z1gk2qrtdYo-00191.jpg": {"object_bounding_box": {"x": 232, "y": 333, "w": 569, "h": 449}, "object_present": true}, "P141--glasses--clutter--WhByvqCgHHF78BzaloPjyj9Mh8PbKmU9Z1gk2qrtdYo-00192.jpg": {"object_bounding_box": {"x": 226, "y": 332, "w": 572, "h": 450}, "object_present": true}, "P141--glasses--clutter--WhByvqCgHHF78BzaloPjyj9Mh8PbKmU9Z1gk2qrtdYo-00193.jpg": {"object_bounding_box": {"x": 220, "y": 330, "w": 573, "h": 449}, "object_present": true}, "P141--glasses--clutter--WhByvqCgHHF78BzaloPjyj9Mh8PbKmU9Z1gk2qrtdYo-00194.jpg": {"object_bounding_box": {"x": 220, "y": 331, "w": 572, "h": 449}, "object_present": true}, "P141--glasses--clutter--WhByvqCgHHF78BzaloPjyj9Mh8PbKmU9Z1gk2qrtdYo-00195.jpg": {"object_bounding_box": {"x": 224, "y": 333, "w": 570, "h": 450}, "object_present": true}, "P141--glasses--clutter--WhByvqCgHHF78BzaloPjyj9Mh8PbKmU9Z1gk2qrtdYo-00196.jpg": {"object_bounding_box": {"x": 237, "y": 340, "w": 564, "h": 452}, "object_present": true}, "P141--glasses--clutter--WhByvqCgHHF78BzaloPjyj9Mh8PbKmU9Z1gk2qrtdYo-00197.jpg": {"object_bounding_box": {"x": 246, "y": 348, "w": 568, "h": 450}, "object_present": true}, "P141--glasses--clutter--WhByvqCgHHF78BzaloPjyj9Mh8PbKmU9Z1gk2qrtdYo-00198.jpg": {"object_bounding_box": {"x": 251, "y": 353, "w": 567, "h": 453}, "object_present": true}, "P141--glasses--clutter--WhByvqCgHHF78BzaloPjyj9Mh8PbKmU9Z1gk2qrtdYo-00199.jpg": {"object_bounding_box": {"x": 255, "y": 352, "w": 573, "h": 450}, "object_present": true}, "P141--glasses--clutter--WhByvqCgHHF78BzaloPjyj9Mh8PbKmU9Z1gk2qrtdYo-00200.jpg": {"object_bounding_box": {"x": 251, "y": 350, "w": 577, "h": 450}, "object_present": true}, "P141--glasses--clutter--WhByvqCgHHF78BzaloPjyj9Mh8PbKmU9Z1gk2qrtdYo-00201.jpg": {"object_bounding_box": {"x": 253, "y": 355, "w": 574, "h": 451}, "object_present": true}, "P141--glasses--clutter--WhByvqCgHHF78BzaloPjyj9Mh8PbKmU9Z1gk2qrtdYo-00202.jpg": {"object_bounding_box": {"x": 259, "y": 360, "w": 572, "h": 450}, "object_present": true}, "P141--glasses--clutter--WhByvqCgHHF78BzaloPjyj9Mh8PbKmU9Z1gk2qrtdYo-00203.jpg": {"object_bounding_box": {"x": 261, "y": 359, "w": 574, "h": 452}, "object_present": true}, "P141--glasses--clutter--WhByvqCgHHF78BzaloPjyj9Mh8PbKmU9Z1gk2qrtdYo-00204.jpg": {"object_bounding_box": {"x": 260, "y": 356, "w": 578, "h": 453}, "object_present": true}, "P141--glasses--clutter--WhByvqCgHHF78BzaloPjyj9Mh8PbKmU9Z1gk2qrtdYo-00205.jpg": {"object_bounding_box": {"x": 254, "y": 358, "w": 577, "h": 449}, "object_present": true}, "P141--glasses--clutter--WhByvqCgHHF78BzaloPjyj9Mh8PbKmU9Z1gk2qrtdYo-00206.jpg": {"object_bounding_box": {"x": 256, "y": 356, "w": 576, "h": 450}, "object_present": true}, "P141--glasses--clutter--WhByvqCgHHF78BzaloPjyj9Mh8PbKmU9Z1gk2qrtdYo-00207.jpg": {"object_bounding_box": {"x": 260, "y": 352, "w": 578, "h": 450}, "object_present": true}, "P141--glasses--clutter--WhByvqCgHHF78BzaloPjyj9Mh8PbKmU9Z1gk2qrtdYo-00208.jpg": {"object_bounding_box": {"x": 262, "y": 354, "w": 577, "h": 455}, "object_present": true}, "P141--glasses--clutter--WhByvqCgHHF78BzaloPjyj9Mh8PbKmU9Z1gk2qrtdYo-00209.jpg": {"object_bounding_box": {"x": 266, "y": 361, "w": 578, "h": 450}, "object_present": true}, "P141--glasses--clutter--WhByvqCgHHF78BzaloPjyj9Mh8PbKmU9Z1gk2qrtdYo-00210.jpg": {"object_bounding_box": {"x": 268, "y": 362, "w": 576, "h": 452}, "object_present": true}, "P141--glasses--clutter--WhByvqCgHHF78BzaloPjyj9Mh8PbKmU9Z1gk2qrtdYo-00211.jpg": {"object_bounding_box": {"x": 264, "y": 362, "w": 580, "h": 447}, "object_present": true}, "P141--glasses--clutter--WhByvqCgHHF78BzaloPjyj9Mh8PbKmU9Z1gk2qrtdYo-00212.jpg": {"object_bounding_box": {"x": 259, "y": 361, "w": 582, "h": 450}, "object_present": true}, "P141--glasses--clutter--WhByvqCgHHF78BzaloPjyj9Mh8PbKmU9Z1gk2qrtdYo-00213.jpg": {"object_bounding_box": {"x": 253, "y": 357, "w": 582, "h": 447}, "object_present": true}, "P141--glasses--clutter--WhByvqCgHHF78BzaloPjyj9Mh8PbKmU9Z1gk2qrtdYo-00214.jpg": {"object_bounding_box": {"x": 251, "y": 350, "w": 584, "h": 448}, "object_present": true}, "P141--glasses--clutter--WhByvqCgHHF78BzaloPjyj9Mh8PbKmU9Z1gk2qrtdYo-00215.jpg": {"object_bounding_box": {"x": 251, "y": 341, "w": 582, "h": 447}, "object_present": true}, "P141--glasses--clutter--WhByvqCgHHF78BzaloPjyj9Mh8PbKmU9Z1gk2qrtdYo-00216.jpg": {"object_bounding_box": {"x": 249, "y": 334, "w": 589, "h": 451}, "object_present": true}, "P141--glasses--clutter--WhByvqCgHHF78BzaloPjyj9Mh8PbKmU9Z1gk2qrtdYo-00217.jpg": {"object_bounding_box": {"x": 246, "y": 331, "w": 589, "h": 452}, "object_present": true}, "P141--glasses--clutter--WhByvqCgHHF78BzaloPjyj9Mh8PbKmU9Z1gk2qrtdYo-00218.jpg": {"object_bounding_box": {"x": 237, "y": 327, "w": 587, "h": 451}, "object_present": true}, "P141--glasses--clutter--WhByvqCgHHF78BzaloPjyj9Mh8PbKmU9Z1gk2qrtdYo-00219.jpg": {"object_bounding_box": {"x": 233, "y": 320, "w": 586, "h": 454}, "object_present": true}, "P141--glasses--clutter--WhByvqCgHHF78BzaloPjyj9Mh8PbKmU9Z1gk2qrtdYo-00220.jpg": {"object_bounding_box": {"x": 234, "y": 318, "w": 587, "h": 452}, "object_present": true}, "P141--glasses--clutter--WhByvqCgHHF78BzaloPjyj9Mh8PbKmU9Z1gk2qrtdYo-00221.jpg": {"object_bounding_box": {"x": 235, "y": 325, "w": 588, "h": 449}, "object_present": true}, "P141--glasses--clutter--WhByvqCgHHF78BzaloPjyj9Mh8PbKmU9Z1gk2qrtdYo-00222.jpg": {"object_bounding_box": {"x": 235, "y": 328, "w": 590, "h": 446}, "object_present": true}, "P141--glasses--clutter--WhByvqCgHHF78BzaloPjyj9Mh8PbKmU9Z1gk2qrtdYo-00223.jpg": {"object_bounding_box": {"x": 240, "y": 325, "w": 587, "h": 446}, "object_present": true}, "P141--glasses--clutter--WhByvqCgHHF78BzaloPjyj9Mh8PbKmU9Z1gk2qrtdYo-00224.jpg": {"object_bounding_box": {"x": 247, "y": 326, "w": 584, "h": 448}, "object_present": true}, "P141--glasses--clutter--WhByvqCgHHF78BzaloPjyj9Mh8PbKmU9Z1gk2qrtdYo-00225.jpg": {"object_bounding_box": {"x": 256, "y": 325, "w": 584, "h": 451}, "object_present": true}, "P141--glasses--clutter--WhByvqCgHHF78BzaloPjyj9Mh8PbKmU9Z1gk2qrtdYo-00226.jpg": {"object_bounding_box": {"x": 270, "y": 323, "w": 590, "h": 449}, "object_present": true}, "P141--glasses--clutter--WhByvqCgHHF78BzaloPjyj9Mh8PbKmU9Z1gk2qrtdYo-00227.jpg": {"object_bounding_box": {"x": 287, "y": 321, "w": 591, "h": 454}, "object_present": true}, "P141--glasses--clutter--WhByvqCgHHF78BzaloPjyj9Mh8PbKmU9Z1gk2qrtdYo-00228.jpg": {"object_bounding_box": {"x": 307, "y": 327, "w": 591, "h": 458}, "object_present": true}, "P141--glasses--clutter--WhByvqCgHHF78BzaloPjyj9Mh8PbKmU9Z1gk2qrtdYo-00229.jpg": {"object_bounding_box": {"x": 336, "y": 334, "w": 595, "h": 458}, "object_present": true}, "P141--glasses--clutter--WhByvqCgHHF78BzaloPjyj9Mh8PbKmU9Z1gk2qrtdYo-00230.jpg": {"object_bounding_box": {"x": 363, "y": 337, "w": 600, "h": 458}, "object_present": true}, "P141--glasses--clutter--WhByvqCgHHF78BzaloPjyj9Mh8PbKmU9Z1gk2qrtdYo-00231.jpg": {"object_bounding_box": {"x": 377, "y": 341, "w": 603, "h": 461}, "object_present": true}, "P141--glasses--clutter--WhByvqCgHHF78BzaloPjyj9Mh8PbKmU9Z1gk2qrtdYo-00232.jpg": {"object_bounding_box": {"x": 378, "y": 339, "w": 603, "h": 461}, "object_present": true}, "P141--glasses--clutter--WhByvqCgHHF78BzaloPjyj9Mh8PbKmU9Z1gk2qrtdYo-00233.jpg": {"object_bounding_box": {"x": 373, "y": 336, "w": 602, "h": 460}, "object_present": true}, "P141--glasses--clutter--WhByvqCgHHF78BzaloPjyj9Mh8PbKmU9Z1gk2qrtdYo-00234.jpg": {"object_bounding_box": {"x": 375, "y": 335, "w": 602, "h": 458}, "object_present": true}, "P141--glasses--clutter--WhByvqCgHHF78BzaloPjyj9Mh8PbKmU9Z1gk2qrtdYo-00235.jpg": {"object_bounding_box": {"x": 378, "y": 340, "w": 599, "h": 460}, "object_present": true}, "P141--glasses--clutter--WhByvqCgHHF78BzaloPjyj9Mh8PbKmU9Z1gk2qrtdYo-00236.jpg": {"object_bounding_box": {"x": 381, "y": 344, "w": 600, "h": 461}, "object_present": true}, "P141--glasses--clutter--WhByvqCgHHF78BzaloPjyj9Mh8PbKmU9Z1gk2qrtdYo-00237.jpg": {"object_bounding_box": {"x": 377, "y": 342, "w": 600, "h": 462}, "object_present": true}, "P141--glasses--clutter--WhByvqCgHHF78BzaloPjyj9Mh8PbKmU9Z1gk2qrtdYo-00238.jpg": {"object_bounding_box": {"x": 371, "y": 338, "w": 600, "h": 464}, "object_present": true}, "P141--glasses--clutter--WhByvqCgHHF78BzaloPjyj9Mh8PbKmU9Z1gk2qrtdYo-00239.jpg": {"object_bounding_box": {"x": 366, "y": 335, "w": 599, "h": 463}, "object_present": true}, "P141--glasses--clutter--WhByvqCgHHF78BzaloPjyj9Mh8PbKmU9Z1gk2qrtdYo-00240.jpg": {"object_bounding_box": {"x": 365, "y": 330, "w": 600, "h": 464}, "object_present": true}, "P141--glasses--clutter--WhByvqCgHHF78BzaloPjyj9Mh8PbKmU9Z1gk2qrtdYo-00241.jpg": {"object_bounding_box": {"x": 363, "y": 328, "w": 602, "h": 457}, "object_present": true}, "P141--glasses--clutter--WhByvqCgHHF78BzaloPjyj9Mh8PbKmU9Z1gk2qrtdYo-00242.jpg": {"object_bounding_box": {"x": 359, "y": 326, "w": 600, "h": 458}, "object_present": true}, "P141--glasses--clutter--WhByvqCgHHF78BzaloPjyj9Mh8PbKmU9Z1gk2qrtdYo-00243.jpg": {"object_bounding_box": {"x": 354, "y": 323, "w": 603, "h": 459}, "object_present": true}, "P141--glasses--clutter--WhByvqCgHHF78BzaloPjyj9Mh8PbKmU9Z1gk2qrtdYo-00244.jpg": {"object_bounding_box": {"x": 355, "y": 319, "w": 598, "h": 458}, "object_present": true}, "P141--glasses--clutter--WhByvqCgHHF78BzaloPjyj9Mh8PbKmU9Z1gk2qrtdYo-00245.jpg": {"object_bounding_box": {"x": 356, "y": 320, "w": 597, "h": 460}, "object_present": true}, "P141--glasses--clutter--WhByvqCgHHF78BzaloPjyj9Mh8PbKmU9Z1gk2qrtdYo-00246.jpg": {"object_bounding_box": {"x": 352, "y": 319, "w": 602, "h": 460}, "object_present": true}, "P141--glasses--clutter--WhByvqCgHHF78BzaloPjyj9Mh8PbKmU9Z1gk2qrtdYo-00247.jpg": {"object_bounding_box": {"x": 348, "y": 313, "w": 599, "h": 461}, "object_present": true}, "P141--glasses--clutter--WhByvqCgHHF78BzaloPjyj9Mh8PbKmU9Z1gk2qrtdYo-00248.jpg": {"object_bounding_box": {"x": 342, "y": 312, "w": 607, "h": 458}, "object_present": true}, "P141--glasses--clutter--WhByvqCgHHF78BzaloPjyj9Mh8PbKmU9Z1gk2qrtdYo-00249.jpg": {"object_bounding_box": {"x": 339, "y": 311, "w": 606, "h": 457}, "object_present": true}, "P141--glasses--clutter--WhByvqCgHHF78BzaloPjyj9Mh8PbKmU9Z1gk2qrtdYo-00250.jpg": {"object_bounding_box": {"x": 342, "y": 311, "w": 604, "h": 463}, "object_present": true}, "P141--glasses--clutter--WhByvqCgHHF78BzaloPjyj9Mh8PbKmU9Z1gk2qrtdYo-00251.jpg": {"object_bounding_box": {"x": 345, "y": 314, "w": 610, "h": 460}, "object_present": true}, "P141--glasses--clutter--WhByvqCgHHF78BzaloPjyj9Mh8PbKmU9Z1gk2qrtdYo-00252.jpg": {"object_bounding_box": {"x": 340, "y": 311, "w": 611, "h": 462}, "object_present": true}, "P141--glasses--clutter--WhByvqCgHHF78BzaloPjyj9Mh8PbKmU9Z1gk2qrtdYo-00253.jpg": {"object_bounding_box": {"x": 338, "y": 310, "w": 606, "h": 461}, "object_present": true}, "P141--glasses--clutter--WhByvqCgHHF78BzaloPjyj9Mh8PbKmU9Z1gk2qrtdYo-00254.jpg": {"object_bounding_box": {"x": 329, "y": 307, "w": 619, "h": 459}, "object_present": true}, "P141--glasses--clutter--WhByvqCgHHF78BzaloPjyj9Mh8PbKmU9Z1gk2qrtdYo-00255.jpg": {"object_bounding_box": {"x": 320, "y": 304, "w": 617, "h": 457}, "object_present": true}, "P141--glasses--clutter--WhByvqCgHHF78BzaloPjyj9Mh8PbKmU9Z1gk2qrtdYo-00256.jpg": {"object_bounding_box": {"x": 314, "y": 305, "w": 606, "h": 458}, "object_present": true}, "P141--glasses--clutter--WhByvqCgHHF78BzaloPjyj9Mh8PbKmU9Z1gk2qrtdYo-00257.jpg": {"object_bounding_box": {"x": 310, "y": 307, "w": 588, "h": 457}, "object_present": true}, "P141--glasses--clutter--WhByvqCgHHF78BzaloPjyj9Mh8PbKmU9Z1gk2qrtdYo-00258.jpg": {"object_bounding_box": {"x": 307, "y": 309, "w": 582, "h": 457}, "object_present": true}, "P141--glasses--clutter--WhByvqCgHHF78BzaloPjyj9Mh8PbKmU9Z1gk2qrtdYo-00259.jpg": {"object_bounding_box": {"x": 302, "y": 311, "w": 587, "h": 456}, "object_present": true}, "P141--glasses--clutter--WhByvqCgHHF78BzaloPjyj9Mh8PbKmU9Z1gk2qrtdYo-00260.jpg": {"object_bounding_box": {"x": 298, "y": 306, "w": 587, "h": 456}, "object_present": true}, "P141--glasses--clutter--WhByvqCgHHF78BzaloPjyj9Mh8PbKmU9Z1gk2qrtdYo-00261.jpg": {"object_bounding_box": {"x": 301, "y": 305, "w": 584, "h": 455}, "object_present": true}, "P141--glasses--clutter--WhByvqCgHHF78BzaloPjyj9Mh8PbKmU9Z1gk2qrtdYo-00262.jpg": {"object_bounding_box": {"x": 303, "y": 307, "w": 582, "h": 455}, "object_present": true}, "P141--glasses--clutter--WhByvqCgHHF78BzaloPjyj9Mh8PbKmU9Z1gk2qrtdYo-00263.jpg": {"object_bounding_box": {"x": 301, "y": 307, "w": 584, "h": 457}, "object_present": true}, "P141--glasses--clutter--WhByvqCgHHF78BzaloPjyj9Mh8PbKmU9Z1gk2qrtdYo-00264.jpg": {"object_bounding_box": {"x": 300, "y": 308, "w": 585, "h": 457}, "object_present": true}, "P141--glasses--clutter--WhByvqCgHHF78BzaloPjyj9Mh8PbKmU9Z1gk2qrtdYo-00265.jpg": {"object_bounding_box": {"x": 299, "y": 308, "w": 586, "h": 459}, "object_present": true}, "P141--glasses--clutter--WhByvqCgHHF78BzaloPjyj9Mh8PbKmU9Z1gk2qrtdYo-00266.jpg": {"object_bounding_box": {"x": 300, "y": 305, "w": 584, "h": 459}, "object_present": true}, "P141--glasses--clutter--WhByvqCgHHF78BzaloPjyj9Mh8PbKmU9Z1gk2qrtdYo-00267.jpg": {"object_bounding_box": {"x": 299, "y": 304, "w": 585, "h": 456}, "object_present": true}, "P141--glasses--clutter--WhByvqCgHHF78BzaloPjyj9Mh8PbKmU9Z1gk2qrtdYo-00268.jpg": {"object_bounding_box": {"x": 299, "y": 305, "w": 585, "h": 456}, "object_present": true}, "P141--glasses--clutter--WhByvqCgHHF78BzaloPjyj9Mh8PbKmU9Z1gk2qrtdYo-00269.jpg": {"object_bounding_box": {"x": 299, "y": 302, "w": 585, "h": 457}, "object_present": true}, "P141--glasses--clutter--WhByvqCgHHF78BzaloPjyj9Mh8PbKmU9Z1gk2qrtdYo-00270.jpg": {"object_bounding_box": {"x": 298, "y": 298, "w": 585, "h": 459}, "object_present": true}, "P141--glasses--clutter--WhByvqCgHHF78BzaloPjyj9Mh8PbKmU9Z1gk2qrtdYo-00271.jpg": {"object_bounding_box": {"x": 300, "y": 302, "w": 584, "h": 455}, "object_present": true}, "P141--glasses--clutter--WhByvqCgHHF78BzaloPjyj9Mh8PbKmU9Z1gk2qrtdYo-00272.jpg": {"object_bounding_box": {"x": 301, "y": 302, "w": 583, "h": 457}, "object_present": true}, "P141--glasses--clutter--WhByvqCgHHF78BzaloPjyj9Mh8PbKmU9Z1gk2qrtdYo-00273.jpg": {"object_bounding_box": {"x": 301, "y": 301, "w": 583, "h": 460}, "object_present": true}, "P141--glasses--clutter--WhByvqCgHHF78BzaloPjyj9Mh8PbKmU9Z1gk2qrtdYo-00274.jpg": {"object_bounding_box": {"x": 307, "y": 302, "w": 589, "h": 462}, "object_present": true}, "P141--glasses--clutter--WhByvqCgHHF78BzaloPjyj9Mh8PbKmU9Z1gk2qrtdYo-00275.jpg": {"object_bounding_box": {"x": 311, "y": 308, "w": 592, "h": 462}, "object_present": true}, "P141--glasses--clutter--WhByvqCgHHF78BzaloPjyj9Mh8PbKmU9Z1gk2qrtdYo-00276.jpg": {"object_bounding_box": {"x": 312, "y": 314, "w": 591, "h": 460}, "object_present": true}, "P141--glasses--clutter--WhByvqCgHHF78BzaloPjyj9Mh8PbKmU9Z1gk2qrtdYo-00277.jpg": {"object_bounding_box": {"x": 310, "y": 313, "w": 598, "h": 461}, "object_present": true}, "P141--glasses--clutter--WhByvqCgHHF78BzaloPjyj9Mh8PbKmU9Z1gk2qrtdYo-00278.jpg": {"object_bounding_box": {"x": 315, "y": 314, "w": 597, "h": 460}, "object_present": true}, "P141--glasses--clutter--WhByvqCgHHF78BzaloPjyj9Mh8PbKmU9Z1gk2qrtdYo-00279.jpg": {"object_bounding_box": {"x": 322, "y": 315, "w": 596, "h": 459}, "object_present": true}, "P141--glasses--clutter--WhByvqCgHHF78BzaloPjyj9Mh8PbKmU9Z1gk2qrtdYo-00280.jpg": {"object_bounding_box": {"x": 321, "y": 316, "w": 601, "h": 457}, "object_present": true}, "P141--glasses--clutter--WhByvqCgHHF78BzaloPjyj9Mh8PbKmU9Z1gk2qrtdYo-00281.jpg": {"object_bounding_box": {"x": 322, "y": 322, "w": 598, "h": 451}, "object_present": true}, "P141--glasses--clutter--WhByvqCgHHF78BzaloPjyj9Mh8PbKmU9Z1gk2qrtdYo-00282.jpg": {"object_bounding_box": {"x": 326, "y": 329, "w": 596, "h": 447}, "object_present": true}, "P141--glasses--clutter--WhByvqCgHHF78BzaloPjyj9Mh8PbKmU9Z1gk2qrtdYo-00283.jpg": {"object_bounding_box": {"x": 330, "y": 339, "w": 597, "h": 429}, "object_present": true}, "P141--glasses--clutter--WhByvqCgHHF78BzaloPjyj9Mh8PbKmU9Z1gk2qrtdYo-00284.jpg": {"object_bounding_box": {"x": 328, "y": 336, "w": 599, "h": 424}, "object_present": true}, "P141--glasses--clutter--WhByvqCgHHF78BzaloPjyj9Mh8PbKmU9Z1gk2qrtdYo-00285.jpg": {"object_bounding_box": {"x": 325, "y": 328, "w": 593, "h": 429}, "object_present": true}, "P141--glasses--clutter--WhByvqCgHHF78BzaloPjyj9Mh8PbKmU9Z1gk2qrtdYo-00286.jpg": {"object_bounding_box": {"x": 321, "y": 322, "w": 595, "h": 440}, "object_present": true}, "P141--glasses--clutter--WhByvqCgHHF78BzaloPjyj9Mh8PbKmU9Z1gk2qrtdYo-00287.jpg": {"object_bounding_box": {"x": 317, "y": 316, "w": 602, "h": 449}, "object_present": true}, "P141--glasses--clutter--WhByvqCgHHF78BzaloPjyj9Mh8PbKmU9Z1gk2qrtdYo-00288.jpg": {"object_bounding_box": {"x": 315, "y": 303, "w": 604, "h": 466}, "object_present": true}, "P141--glasses--clutter--WhByvqCgHHF78BzaloPjyj9Mh8PbKmU9Z1gk2qrtdYo-00289.jpg": {"object_bounding_box": {"x": 311, "y": 297, "w": 604, "h": 471}, "object_present": true}, "P141--glasses--clutter--WhByvqCgHHF78BzaloPjyj9Mh8PbKmU9Z1gk2qrtdYo-00290.jpg": {"object_bounding_box": {"x": 312, "y": 298, "w": 608, "h": 471}, "object_present": true}, "P141--glasses--clutter--WhByvqCgHHF78BzaloPjyj9Mh8PbKmU9Z1gk2qrtdYo-00291.jpg": {"object_bounding_box": {"x": 314, "y": 297, "w": 606, "h": 469}, "object_present": true}, "P141--glasses--clutter--WhByvqCgHHF78BzaloPjyj9Mh8PbKmU9Z1gk2qrtdYo-00292.jpg": {"object_bounding_box": {"x": 315, "y": 299, "w": 605, "h": 465}, "object_present": true}, "P141--glasses--clutter--WhByvqCgHHF78BzaloPjyj9Mh8PbKmU9Z1gk2qrtdYo-00293.jpg": {"object_bounding_box": {"x": 320, "y": 300, "w": 603, "h": 465}, "object_present": true}, "P141--glasses--clutter--WhByvqCgHHF78BzaloPjyj9Mh8PbKmU9Z1gk2qrtdYo-00294.jpg": {"object_bounding_box": {"x": 329, "y": 300, "w": 599, "h": 460}, "object_present": true}, "P141--glasses--clutter--WhByvqCgHHF78BzaloPjyj9Mh8PbKmU9Z1gk2qrtdYo-00295.jpg": {"object_bounding_box": {"x": 334, "y": 303, "w": 595, "h": 453}, "object_present": true}, "P141--glasses--clutter--WhByvqCgHHF78BzaloPjyj9Mh8PbKmU9Z1gk2qrtdYo-00296.jpg": {"object_bounding_box": {"x": 333, "y": 304, "w": 595, "h": 447}, "object_present": true}, "P141--glasses--clutter--WhByvqCgHHF78BzaloPjyj9Mh8PbKmU9Z1gk2qrtdYo-00297.jpg": {"object_bounding_box": {"x": 333, "y": 301, "w": 595, "h": 447}, "object_present": true}, "P141--glasses--clutter--WhByvqCgHHF78BzaloPjyj9Mh8PbKmU9Z1gk2qrtdYo-00298.jpg": {"object_bounding_box": {"x": 337, "y": 299, "w": 592, "h": 447}, "object_present": true}, "P141--glasses--clutter--WhByvqCgHHF78BzaloPjyj9Mh8PbKmU9Z1gk2qrtdYo-00299.jpg": {"object_bounding_box": {"x": 340, "y": 299, "w": 589, "h": 449}, "object_present": true}, "P141--glasses--clutter--WhByvqCgHHF78BzaloPjyj9Mh8PbKmU9Z1gk2qrtdYo-00300.jpg": {"object_bounding_box": {"x": 339, "y": 295, "w": 586, "h": 446}, "object_present": true}, "P141--glasses--clutter--WhByvqCgHHF78BzaloPjyj9Mh8PbKmU9Z1gk2qrtdYo-00301.jpg": {"object_bounding_box": {"x": 341, "y": 296, "w": 585, "h": 436}, "object_present": true}, "P141--glasses--clutter--WhByvqCgHHF78BzaloPjyj9Mh8PbKmU9Z1gk2qrtdYo-00302.jpg": {"object_bounding_box": {"x": 347, "y": 297, "w": 578, "h": 430}, "object_present": true}, "P141--glasses--clutter--WhByvqCgHHF78BzaloPjyj9Mh8PbKmU9Z1gk2qrtdYo-00303.jpg": {"object_bounding_box": {"x": 350, "y": 301, "w": 575, "h": 418}, "object_present": true}, "P141--glasses--clutter--WhByvqCgHHF78BzaloPjyj9Mh8PbKmU9Z1gk2qrtdYo-00304.jpg": {"object_bounding_box": {"x": 361, "y": 312, "w": 567, "h": 391}, "object_present": true}, "P141--glasses--clutter--WhByvqCgHHF78BzaloPjyj9Mh8PbKmU9Z1gk2qrtdYo-00305.jpg": {"object_bounding_box": {"x": 364, "y": 313, "w": 564, "h": 378}, "object_present": true}, "P141--glasses--clutter--WhByvqCgHHF78BzaloPjyj9Mh8PbKmU9Z1gk2qrtdYo-00306.jpg": {"object_bounding_box": {"x": 381, "y": 318, "w": 555, "h": 358}, "object_present": true}, "P141--glasses--clutter--WhByvqCgHHF78BzaloPjyj9Mh8PbKmU9Z1gk2qrtdYo-00307.jpg": {"object_bounding_box": {"x": 393, "y": 328, "w": 552, "h": 333}, "object_present": true}, "P141--glasses--clutter--WhByvqCgHHF78BzaloPjyj9Mh8PbKmU9Z1gk2qrtdYo-00308.jpg": {"object_bounding_box": {"x": 397, "y": 336, "w": 553, "h": 314}, "object_present": true}, "P141--glasses--clutter--WhByvqCgHHF78BzaloPjyj9Mh8PbKmU9Z1gk2qrtdYo-00309.jpg": {"object_bounding_box": {"x": 406, "y": 342, "w": 549, "h": 301}, "object_present": true}, "P141--glasses--clutter--WhByvqCgHHF78BzaloPjyj9Mh8PbKmU9Z1gk2qrtdYo-00310.jpg": {"object_bounding_box": {"x": 416, "y": 342, "w": 548, "h": 278}, "object_present": true}, "P141--glasses--clutter--WhByvqCgHHF78BzaloPjyj9Mh8PbKmU9Z1gk2qrtdYo-00311.jpg": {"object_bounding_box": {"x": 425, "y": 349, "w": 546, "h": 266}, "object_present": true}, "P141--glasses--clutter--WhByvqCgHHF78BzaloPjyj9Mh8PbKmU9Z1gk2qrtdYo-00312.jpg": {"object_bounding_box": {"x": 433, "y": 353, "w": 546, "h": 261}, "object_present": true}, "P141--glasses--clutter--WhByvqCgHHF78BzaloPjyj9Mh8PbKmU9Z1gk2qrtdYo-00313.jpg": {"object_bounding_box": {"x": 433, "y": 349, "w": 549, "h": 263}, "object_present": true}, "P141--glasses--clutter--WhByvqCgHHF78BzaloPjyj9Mh8PbKmU9Z1gk2qrtdYo-00314.jpg": {"object_bounding_box": {"x": 429, "y": 351, "w": 548, "h": 261}, "object_present": true}, "P141--glasses--clutter--WhByvqCgHHF78BzaloPjyj9Mh8PbKmU9Z1gk2qrtdYo-00315.jpg": {"object_bounding_box": {"x": 428, "y": 355, "w": 548, "h": 258}, "object_present": true}, "P141--glasses--clutter--WhByvqCgHHF78BzaloPjyj9Mh8PbKmU9Z1gk2qrtdYo-00316.jpg": {"object_bounding_box": {"x": 426, "y": 355, "w": 548, "h": 261}, "object_present": true}, "P141--glasses--clutter--WhByvqCgHHF78BzaloPjyj9Mh8PbKmU9Z1gk2qrtdYo-00317.jpg": {"object_bounding_box": {"x": 420, "y": 352, "w": 547, "h": 261}, "object_present": true}, "P141--glasses--clutter--WhByvqCgHHF78BzaloPjyj9Mh8PbKmU9Z1gk2qrtdYo-00318.jpg": {"object_bounding_box": {"x": 418, "y": 351, "w": 545, "h": 258}, "object_present": true}, "P141--glasses--clutter--WhByvqCgHHF78BzaloPjyj9Mh8PbKmU9Z1gk2qrtdYo-00319.jpg": {"object_bounding_box": {"x": 420, "y": 342, "w": 543, "h": 258}, "object_present": true}, "P141--glasses--clutter--WhByvqCgHHF78BzaloPjyj9Mh8PbKmU9Z1gk2qrtdYo-00320.jpg": {"object_bounding_box": {"x": 421, "y": 334, "w": 544, "h": 263}, "object_present": true}, "P141--glasses--clutter--WhByvqCgHHF78BzaloPjyj9Mh8PbKmU9Z1gk2qrtdYo-00321.jpg": {"object_bounding_box": {"x": 422, "y": 327, "w": 540, "h": 267}, "object_present": true}, "P141--glasses--clutter--WhByvqCgHHF78BzaloPjyj9Mh8PbKmU9Z1gk2qrtdYo-00322.jpg": {"object_bounding_box": {"x": 422, "y": 321, "w": 537, "h": 265}, "object_present": true}, "P141--glasses--clutter--WhByvqCgHHF78BzaloPjyj9Mh8PbKmU9Z1gk2qrtdYo-00323.jpg": {"object_bounding_box": {"x": 425, "y": 307, "w": 531, "h": 275}, "object_present": true}, "P141--glasses--clutter--WhByvqCgHHF78BzaloPjyj9Mh8PbKmU9Z1gk2qrtdYo-00324.jpg": {"object_bounding_box": {"x": 427, "y": 301, "w": 528, "h": 273}, "object_present": true}, "P141--glasses--clutter--WhByvqCgHHF78BzaloPjyj9Mh8PbKmU9Z1gk2qrtdYo-00325.jpg": {"object_bounding_box": {"x": 421, "y": 291, "w": 531, "h": 277}, "object_present": true}, "P141--glasses--clutter--WhByvqCgHHF78BzaloPjyj9Mh8PbKmU9Z1gk2qrtdYo-00326.jpg": {"object_bounding_box": {"x": 420, "y": 282, "w": 534, "h": 278}, "object_present": true}, "P141--glasses--clutter--WhByvqCgHHF78BzaloPjyj9Mh8PbKmU9Z1gk2qrtdYo-00327.jpg": {"object_bounding_box": {"x": 421, "y": 269, "w": 533, "h": 285}, "object_present": true}, "P141--glasses--clutter--WhByvqCgHHF78BzaloPjyj9Mh8PbKmU9Z1gk2qrtdYo-00328.jpg": {"object_bounding_box": {"x": 422, "y": 245, "w": 532, "h": 298}, "object_present": true}, "P141--glasses--clutter--WhByvqCgHHF78BzaloPjyj9Mh8PbKmU9Z1gk2qrtdYo-00329.jpg": {"object_bounding_box": {"x": 429, "y": 218, "w": 531, "h": 313}, "object_present": true}, "P141--glasses--clutter--WhByvqCgHHF78BzaloPjyj9Mh8PbKmU9Z1gk2qrtdYo-00330.jpg": {"object_bounding_box": {"x": 433, "y": 205, "w": 530, "h": 315}, "object_present": true}, "P141--glasses--clutter--WhByvqCgHHF78BzaloPjyj9Mh8PbKmU9Z1gk2qrtdYo-00331.jpg": {"object_bounding_box": {"x": 433, "y": 172, "w": 538, "h": 339}, "object_present": true}, "P141--glasses--clutter--WhByvqCgHHF78BzaloPjyj9Mh8PbKmU9Z1gk2qrtdYo-00332.jpg": {"object_bounding_box": {"x": 431, "y": 156, "w": 544, "h": 349}, "object_present": true}, "P141--glasses--clutter--WhByvqCgHHF78BzaloPjyj9Mh8PbKmU9Z1gk2qrtdYo-00333.jpg": {"object_bounding_box": {"x": 424, "y": 140, "w": 553, "h": 358}, "object_present": true}, "P141--glasses--clutter--WhByvqCgHHF78BzaloPjyj9Mh8PbKmU9Z1gk2qrtdYo-00334.jpg": {"object_bounding_box": {"x": 419, "y": 137, "w": 559, "h": 359}, "object_present": true}, "P141--glasses--clutter--WhByvqCgHHF78BzaloPjyj9Mh8PbKmU9Z1gk2qrtdYo-00335.jpg": {"object_bounding_box": {"x": 418, "y": 132, "w": 561, "h": 360}, "object_present": true}, "P141--glasses--clutter--WhByvqCgHHF78BzaloPjyj9Mh8PbKmU9Z1gk2qrtdYo-00336.jpg": {"object_bounding_box": {"x": 417, "y": 142, "w": 563, "h": 353}, "object_present": true}, "P141--glasses--clutter--WhByvqCgHHF78BzaloPjyj9Mh8PbKmU9Z1gk2qrtdYo-00337.jpg": {"object_bounding_box": {"x": 412, "y": 144, "w": 565, "h": 352}, "object_present": true}, "P141--glasses--clutter--WhByvqCgHHF78BzaloPjyj9Mh8PbKmU9Z1gk2qrtdYo-00338.jpg": {"object_bounding_box": {"x": 409, "y": 146, "w": 566, "h": 349}, "object_present": true}, "P141--glasses--clutter--WhByvqCgHHF78BzaloPjyj9Mh8PbKmU9Z1gk2qrtdYo-00339.jpg": {"object_bounding_box": {"x": 407, "y": 147, "w": 567, "h": 348}, "object_present": true}, "P141--glasses--clutter--WhByvqCgHHF78BzaloPjyj9Mh8PbKmU9Z1gk2qrtdYo-00340.jpg": {"object_bounding_box": {"x": 407, "y": 147, "w": 567, "h": 349}, "object_present": true}, "P141--glasses--clutter--WhByvqCgHHF78BzaloPjyj9Mh8PbKmU9Z1gk2qrtdYo-00341.jpg": {"object_bounding_box": {"x": 408, "y": 145, "w": 566, "h": 349}, "object_present": true}, "P141--glasses--clutter--WhByvqCgHHF78BzaloPjyj9Mh8PbKmU9Z1gk2qrtdYo-00342.jpg": {"object_bounding_box": {"x": 404, "y": 143, "w": 570, "h": 351}, "object_present": true}, "P141--glasses--clutter--WhByvqCgHHF78BzaloPjyj9Mh8PbKmU9Z1gk2qrtdYo-00343.jpg": {"object_bounding_box": {"x": 401, "y": 142, "w": 573, "h": 351}, "object_present": true}, "P141--glasses--clutter--WhByvqCgHHF78BzaloPjyj9Mh8PbKmU9Z1gk2qrtdYo-00344.jpg": {"object_bounding_box": {"x": 399, "y": 134, "w": 574, "h": 356}, "object_present": true}, "P141--glasses--clutter--WhByvqCgHHF78BzaloPjyj9Mh8PbKmU9Z1gk2qrtdYo-00345.jpg": {"object_bounding_box": {"x": 398, "y": 133, "w": 574, "h": 355}, "object_present": true}, "P141--glasses--clutter--WhByvqCgHHF78BzaloPjyj9Mh8PbKmU9Z1gk2qrtdYo-00346.jpg": {"object_bounding_box": {"x": 397, "y": 134, "w": 573, "h": 353}, "object_present": true}, "P141--glasses--clutter--WhByvqCgHHF78BzaloPjyj9Mh8PbKmU9Z1gk2qrtdYo-00347.jpg": {"object_bounding_box": {"x": 396, "y": 133, "w": 575, "h": 352}, "object_present": true}, "P141--glasses--clutter--WhByvqCgHHF78BzaloPjyj9Mh8PbKmU9Z1gk2qrtdYo-00348.jpg": {"object_bounding_box": {"x": 397, "y": 134, "w": 574, "h": 353}, "object_present": true}, "P141--glasses--clutter--WhByvqCgHHF78BzaloPjyj9Mh8PbKmU9Z1gk2qrtdYo-00349.jpg": {"object_bounding_box": {"x": 394, "y": 129, "w": 576, "h": 358}, "object_present": true}, "P141--glasses--clutter--WhByvqCgHHF78BzaloPjyj9Mh8PbKmU9Z1gk2qrtdYo-00350.jpg": {"object_bounding_box": {"x": 392, "y": 128, "w": 578, "h": 357}, "object_present": true}, "P141--glasses--clutter--WhByvqCgHHF78BzaloPjyj9Mh8PbKmU9Z1gk2qrtdYo-00351.jpg": {"object_bounding_box": {"x": 393, "y": 124, "w": 578, "h": 361}, "object_present": true}, "P141--glasses--clutter--WhByvqCgHHF78BzaloPjyj9Mh8PbKmU9Z1gk2qrtdYo-00352.jpg": {"object_bounding_box": {"x": 393, "y": 122, "w": 578, "h": 363}, "object_present": true}, "P141--glasses--clutter--WhByvqCgHHF78BzaloPjyj9Mh8PbKmU9Z1gk2qrtdYo-00353.jpg": {"object_bounding_box": {"x": 391, "y": 119, "w": 583, "h": 363}, "object_present": true}, "P141--glasses--clutter--WhByvqCgHHF78BzaloPjyj9Mh8PbKmU9Z1gk2qrtdYo-00354.jpg": {"object_bounding_box": {"x": 387, "y": 120, "w": 588, "h": 363}, "object_present": true}, "P141--glasses--clutter--WhByvqCgHHF78BzaloPjyj9Mh8PbKmU9Z1gk2qrtdYo-00355.jpg": {"object_bounding_box": {"x": 388, "y": 121, "w": 585, "h": 361}, "object_present": true}, "P141--glasses--clutter--WhByvqCgHHF78BzaloPjyj9Mh8PbKmU9Z1gk2qrtdYo-00356.jpg": {"object_bounding_box": {"x": 387, "y": 121, "w": 586, "h": 364}, "object_present": true}, "P141--glasses--clutter--WhByvqCgHHF78BzaloPjyj9Mh8PbKmU9Z1gk2qrtdYo-00357.jpg": {"object_bounding_box": {"x": 388, "y": 130, "w": 588, "h": 359}, "object_present": true}, "P141--glasses--clutter--WhByvqCgHHF78BzaloPjyj9Mh8PbKmU9Z1gk2qrtdYo-00358.jpg": {"object_bounding_box": {"x": 385, "y": 126, "w": 590, "h": 365}, "object_present": true}, "P141--glasses--clutter--WhByvqCgHHF78BzaloPjyj9Mh8PbKmU9Z1gk2qrtdYo-00359.jpg": {"object_bounding_box": {"x": 383, "y": 129, "w": 591, "h": 363}, "object_present": true}, "P141--glasses--clutter--WhByvqCgHHF78BzaloPjyj9Mh8PbKmU9Z1gk2qrtdYo-00360.jpg": {"object_bounding_box": {"x": 381, "y": 130, "w": 591, "h": 364}, "object_present": true}, "P141--glasses--clutter--WhByvqCgHHF78BzaloPjyj9Mh8PbKmU9Z1gk2qrtdYo-00361.jpg": {"object_bounding_box": {"x": 380, "y": 137, "w": 591, "h": 360}, "object_present": true}, "P141--glasses--clutter--WhByvqCgHHF78BzaloPjyj9Mh8PbKmU9Z1gk2qrtdYo-00362.jpg": {"object_bounding_box": {"x": 378, "y": 139, "w": 594, "h": 356}, "object_present": true}, "P141--glasses--clutter--WhByvqCgHHF78BzaloPjyj9Mh8PbKmU9Z1gk2qrtdYo-00363.jpg": {"object_bounding_box": {"x": 376, "y": 138, "w": 593, "h": 355}, "object_present": true}, "P141--glasses--clutter--WhByvqCgHHF78BzaloPjyj9Mh8PbKmU9Z1gk2qrtdYo-00364.jpg": {"object_bounding_box": {"x": 378, "y": 141, "w": 591, "h": 355}, "object_present": true}, "P141--glasses--clutter--WhByvqCgHHF78BzaloPjyj9Mh8PbKmU9Z1gk2qrtdYo-00365.jpg": {"object_bounding_box": {"x": 380, "y": 149, "w": 590, "h": 350}, "object_present": true}, "P141--glasses--clutter--WhByvqCgHHF78BzaloPjyj9Mh8PbKmU9Z1gk2qrtdYo-00366.jpg": {"object_bounding_box": {"x": 378, "y": 152, "w": 593, "h": 348}, "object_present": true}, "P141--glasses--clutter--WhByvqCgHHF78BzaloPjyj9Mh8PbKmU9Z1gk2qrtdYo-00367.jpg": {"object_bounding_box": {"x": 378, "y": 150, "w": 591, "h": 351}, "object_present": true}, "P141--glasses--clutter--WhByvqCgHHF78BzaloPjyj9Mh8PbKmU9Z1gk2qrtdYo-00368.jpg": {"object_bounding_box": {"x": 380, "y": 149, "w": 591, "h": 353}, "object_present": true}, "P141--glasses--clutter--WhByvqCgHHF78BzaloPjyj9Mh8PbKmU9Z1gk2qrtdYo-00369.jpg": {"object_bounding_box": {"x": 385, "y": 153, "w": 586, "h": 352}, "object_present": true}, "P141--glasses--clutter--WhByvqCgHHF78BzaloPjyj9Mh8PbKmU9Z1gk2qrtdYo-00370.jpg": {"object_bounding_box": {"x": 387, "y": 158, "w": 587, "h": 350}, "object_present": true}, "P141--glasses--clutter--WhByvqCgHHF78BzaloPjyj9Mh8PbKmU9Z1gk2qrtdYo-00371.jpg": {"object_bounding_box": {"x": 387, "y": 160, "w": 587, "h": 348}, "object_present": true}, "P141--glasses--clutter--WhByvqCgHHF78BzaloPjyj9Mh8PbKmU9Z1gk2qrtdYo-00372.jpg": {"object_bounding_box": {"x": 390, "y": 161, "w": 586, "h": 350}, "object_present": true}, "P141--glasses--clutter--WhByvqCgHHF78BzaloPjyj9Mh8PbKmU9Z1gk2qrtdYo-00373.jpg": {"object_bounding_box": {"x": 391, "y": 162, "w": 589, "h": 352}, "object_present": true}, "P141--glasses--clutter--WhByvqCgHHF78BzaloPjyj9Mh8PbKmU9Z1gk2qrtdYo-00374.jpg": {"object_bounding_box": {"x": 391, "y": 160, "w": 590, "h": 355}, "object_present": true}, "P141--glasses--clutter--WhByvqCgHHF78BzaloPjyj9Mh8PbKmU9Z1gk2qrtdYo-00375.jpg": {"object_bounding_box": {"x": 391, "y": 160, "w": 590, "h": 356}, "object_present": true}, "P141--glasses--clutter--WhByvqCgHHF78BzaloPjyj9Mh8PbKmU9Z1gk2qrtdYo-00376.jpg": {"object_bounding_box": {"x": 392, "y": 160, "w": 589, "h": 355}, "object_present": true}, "P141--glasses--clutter--WhByvqCgHHF78BzaloPjyj9Mh8PbKmU9Z1gk2qrtdYo-00377.jpg": {"object_bounding_box": {"x": 392, "y": 162, "w": 587, "h": 356}, "object_present": true}, "P141--glasses--clutter--WhByvqCgHHF78BzaloPjyj9Mh8PbKmU9Z1gk2qrtdYo-00378.jpg": {"object_bounding_box": {"x": 391, "y": 172, "w": 585, "h": 350}, "object_present": true}, "P141--glasses--clutter--WhByvqCgHHF78BzaloPjyj9Mh8PbKmU9Z1gk2qrtdYo-00379.jpg": {"object_bounding_box": {"x": 390, "y": 183, "w": 584, "h": 346}, "object_present": true}, "P141--glasses--clutter--WhByvqCgHHF78BzaloPjyj9Mh8PbKmU9Z1gk2qrtdYo-00380.jpg": {"object_bounding_box": {"x": 389, "y": 195, "w": 583, "h": 341}, "object_present": true}, "P141--glasses--clutter--WhByvqCgHHF78BzaloPjyj9Mh8PbKmU9Z1gk2qrtdYo-00381.jpg": {"object_bounding_box": {"x": 394, "y": 210, "w": 577, "h": 335}, "object_present": true}, "P141--glasses--clutter--WhByvqCgHHF78BzaloPjyj9Mh8PbKmU9Z1gk2qrtdYo-00382.jpg": {"object_bounding_box": {"x": 390, "y": 222, "w": 576, "h": 334}, "object_present": true}, "P141--glasses--clutter--WhByvqCgHHF78BzaloPjyj9Mh8PbKmU9Z1gk2qrtdYo-00383.jpg": {"object_bounding_box": {"x": 389, "y": 255, "w": 572, "h": 317}, "object_present": true}, "P141--glasses--clutter--WhByvqCgHHF78BzaloPjyj9Mh8PbKmU9Z1gk2qrtdYo-00384.jpg": {"object_bounding_box": {"x": 385, "y": 274, "w": 565, "h": 306}, "object_present": true}, "P141--glasses--clutter--WhByvqCgHHF78BzaloPjyj9Mh8PbKmU9Z1gk2qrtdYo-00385.jpg": {"object_bounding_box": {"x": 389, "y": 277, "w": 552, "h": 313}, "object_present": true}, "P141--glasses--clutter--WhByvqCgHHF78BzaloPjyj9Mh8PbKmU9Z1gk2qrtdYo-00386.jpg": {"object_bounding_box": {"x": 396, "y": 282, "w": 543, "h": 330}, "object_present": true}, "P141--glasses--clutter--WhByvqCgHHF78BzaloPjyj9Mh8PbKmU9Z1gk2qrtdYo-00387.jpg": {"object_bounding_box": {"x": 405, "y": 278, "w": 525, "h": 340}, "object_present": true}, "P141--glasses--clutter--WhByvqCgHHF78BzaloPjyj9Mh8PbKmU9Z1gk2qrtdYo-00388.jpg": {"object_bounding_box": {"x": 412, "y": 271, "w": 521, "h": 355}, "object_present": true}, "P141--glasses--clutter--WhByvqCgHHF78BzaloPjyj9Mh8PbKmU9Z1gk2qrtdYo-00389.jpg": {"object_bounding_box": {"x": 418, "y": 263, "w": 519, "h": 372}, "object_present": true}, "P141--glasses--clutter--WhByvqCgHHF78BzaloPjyj9Mh8PbKmU9Z1gk2qrtdYo-00390.jpg": {"object_bounding_box": {"x": 419, "y": 254, "w": 516, "h": 378}, "object_present": true}, "P141--glasses--clutter--WhByvqCgHHF78BzaloPjyj9Mh8PbKmU9Z1gk2qrtdYo-00391.jpg": {"object_bounding_box": {"x": 411, "y": 257, "w": 519, "h": 371}, "object_present": true}, "P141--glasses--clutter--WhByvqCgHHF78BzaloPjyj9Mh8PbKmU9Z1gk2qrtdYo-00392.jpg": {"object_bounding_box": {"x": 409, "y": 266, "w": 518, "h": 356}, "object_present": true}, "P141--glasses--clutter--WhByvqCgHHF78BzaloPjyj9Mh8PbKmU9Z1gk2qrtdYo-00393.jpg": {"object_bounding_box": {"x": 409, "y": 267, "w": 516, "h": 359}, "object_present": true}, "P141--glasses--clutter--WhByvqCgHHF78BzaloPjyj9Mh8PbKmU9Z1gk2qrtdYo-00394.jpg": {"object_bounding_box": {"x": 411, "y": 262, "w": 511, "h": 376}, "object_present": true}, "P141--glasses--clutter--WhByvqCgHHF78BzaloPjyj9Mh8PbKmU9Z1gk2qrtdYo-00395.jpg": {"object_bounding_box": {"x": 403, "y": 271, "w": 512, "h": 369}, "object_present": true}, "P141--glasses--clutter--WhByvqCgHHF78BzaloPjyj9Mh8PbKmU9Z1gk2qrtdYo-00396.jpg": {"object_bounding_box": {"x": 403, "y": 275, "w": 511, "h": 376}, "object_present": true}, "P141--glasses--clutter--WhByvqCgHHF78BzaloPjyj9Mh8PbKmU9Z1gk2qrtdYo-00397.jpg": {"object_bounding_box": {"x": 403, "y": 287, "w": 514, "h": 369}, "object_present": true}, "P141--glasses--clutter--WhByvqCgHHF78BzaloPjyj9Mh8PbKmU9Z1gk2qrtdYo-00398.jpg": {"object_bounding_box": {"x": 407, "y": 294, "w": 519, "h": 367}, "object_present": true}, "P141--glasses--clutter--WhByvqCgHHF78BzaloPjyj9Mh8PbKmU9Z1gk2qrtdYo-00399.jpg": {"object_bounding_box": {"x": 404, "y": 297, "w": 517, "h": 363}, "object_present": true}, "P141--glasses--clutter--WhByvqCgHHF78BzaloPjyj9Mh8PbKmU9Z1gk2qrtdYo-00400.jpg": {"object_bounding_box": {"x": 404, "y": 295, "w": 518, "h": 360}, "object_present": true}, "P141--glasses--clutter--WhByvqCgHHF78BzaloPjyj9Mh8PbKmU9Z1gk2qrtdYo-00401.jpg": {"object_bounding_box": {"x": 404, "y": 293, "w": 519, "h": 358}, "object_present": true}, "P141--glasses--clutter--WhByvqCgHHF78BzaloPjyj9Mh8PbKmU9Z1gk2qrtdYo-00402.jpg": {"object_bounding_box": {"x": 401, "y": 291, "w": 521, "h": 358}, "object_present": true}, "P141--glasses--clutter--WhByvqCgHHF78BzaloPjyj9Mh8PbKmU9Z1gk2qrtdYo-00403.jpg": {"object_bounding_box": {"x": 401, "y": 291, "w": 520, "h": 357}, "object_present": true}, "P141--glasses--clutter--WhByvqCgHHF78BzaloPjyj9Mh8PbKmU9Z1gk2qrtdYo-00404.jpg": {"object_bounding_box": {"x": 403, "y": 294, "w": 522, "h": 356}, "object_present": true}, "P141--glasses--clutter--WhByvqCgHHF78BzaloPjyj9Mh8PbKmU9Z1gk2qrtdYo-00405.jpg": {"object_bounding_box": {"x": 403, "y": 295, "w": 530, "h": 356}, "object_present": true}, "P141--glasses--clutter--WhByvqCgHHF78BzaloPjyj9Mh8PbKmU9Z1gk2qrtdYo-00406.jpg": {"object_bounding_box": {"x": 403, "y": 296, "w": 533, "h": 357}, "object_present": true}, "P141--glasses--clutter--WhByvqCgHHF78BzaloPjyj9Mh8PbKmU9Z1gk2qrtdYo-00407.jpg": {"object_bounding_box": {"x": 399, "y": 299, "w": 521, "h": 356}, "object_present": true}, "P141--glasses--clutter--WhByvqCgHHF78BzaloPjyj9Mh8PbKmU9Z1gk2qrtdYo-00408.jpg": {"object_bounding_box": {"x": 398, "y": 303, "w": 521, "h": 355}, "object_present": true}, "P141--glasses--clutter--WhByvqCgHHF78BzaloPjyj9Mh8PbKmU9Z1gk2qrtdYo-00409.jpg": {"object_bounding_box": {"x": 395, "y": 308, "w": 522, "h": 355}, "object_present": true}, "P141--glasses--clutter--WhByvqCgHHF78BzaloPjyj9Mh8PbKmU9Z1gk2qrtdYo-00410.jpg": {"object_bounding_box": {"x": 392, "y": 311, "w": 521, "h": 356}, "object_present": true}, "P141--glasses--clutter--WhByvqCgHHF78BzaloPjyj9Mh8PbKmU9Z1gk2qrtdYo-00411.jpg": {"object_bounding_box": {"x": 386, "y": 311, "w": 523, "h": 356}, "object_present": true}, "P141--glasses--clutter--WhByvqCgHHF78BzaloPjyj9Mh8PbKmU9Z1gk2qrtdYo-00412.jpg": {"object_bounding_box": {"x": 387, "y": 318, "w": 519, "h": 356}, "object_present": true}, "P141--glasses--clutter--WhByvqCgHHF78BzaloPjyj9Mh8PbKmU9Z1gk2qrtdYo-00413.jpg": {"object_bounding_box": {"x": 388, "y": 322, "w": 521, "h": 358}, "object_present": true}, "P141--glasses--clutter--WhByvqCgHHF78BzaloPjyj9Mh8PbKmU9Z1gk2qrtdYo-00414.jpg": {"object_bounding_box": {"x": 385, "y": 323, "w": 526, "h": 357}, "object_present": true}, "P141--glasses--clutter--WhByvqCgHHF78BzaloPjyj9Mh8PbKmU9Z1gk2qrtdYo-00415.jpg": {"object_bounding_box": {"x": 391, "y": 322, "w": 524, "h": 358}, "object_present": true}, "P141--glasses--clutter--WhByvqCgHHF78BzaloPjyj9Mh8PbKmU9Z1gk2qrtdYo-00416.jpg": {"object_bounding_box": {"x": 398, "y": 318, "w": 528, "h": 359}, "object_present": true}, "P141--glasses--clutter--WhByvqCgHHF78BzaloPjyj9Mh8PbKmU9Z1gk2qrtdYo-00417.jpg": {"object_bounding_box": {"x": 402, "y": 319, "w": 533, "h": 359}, "object_present": true}, "P141--glasses--clutter--WhByvqCgHHF78BzaloPjyj9Mh8PbKmU9Z1gk2qrtdYo-00418.jpg": {"object_bounding_box": {"x": 404, "y": 319, "w": 534, "h": 360}, "object_present": true}, "P141--glasses--clutter--WhByvqCgHHF78BzaloPjyj9Mh8PbKmU9Z1gk2qrtdYo-00419.jpg": {"object_bounding_box": {"x": 409, "y": 321, "w": 531, "h": 360}, "object_present": true}, "P141--glasses--clutter--WhByvqCgHHF78BzaloPjyj9Mh8PbKmU9Z1gk2qrtdYo-00420.jpg": {"object_bounding_box": {"x": 405, "y": 320, "w": 534, "h": 362}, "object_present": true}, "P141--glasses--clutter--WhByvqCgHHF78BzaloPjyj9Mh8PbKmU9Z1gk2qrtdYo-00421.jpg": {"object_bounding_box": {"x": 397, "y": 320, "w": 534, "h": 361}, "object_present": true}, "P141--glasses--clutter--WhByvqCgHHF78BzaloPjyj9Mh8PbKmU9Z1gk2qrtdYo-00422.jpg": {"object_bounding_box": {"x": 392, "y": 329, "w": 532, "h": 355}, "object_present": true}, "P141--glasses--clutter--WhByvqCgHHF78BzaloPjyj9Mh8PbKmU9Z1gk2qrtdYo-00423.jpg": {"object_bounding_box": {"x": 393, "y": 337, "w": 531, "h": 354}, "object_present": true}, "P141--glasses--clutter--WhByvqCgHHF78BzaloPjyj9Mh8PbKmU9Z1gk2qrtdYo-00424.jpg": {"object_bounding_box": {"x": 393, "y": 349, "w": 530, "h": 353}, "object_present": true}, "P141--glasses--clutter--WhByvqCgHHF78BzaloPjyj9Mh8PbKmU9Z1gk2qrtdYo-00425.jpg": {"object_bounding_box": {"x": 386, "y": 357, "w": 533, "h": 358}, "object_present": true}, "P141--glasses--clutter--WhByvqCgHHF78BzaloPjyj9Mh8PbKmU9Z1gk2qrtdYo-00426.jpg": {"object_bounding_box": {"x": 373, "y": 357, "w": 534, "h": 358}, "object_present": true}, "P141--glasses--clutter--WhByvqCgHHF78BzaloPjyj9Mh8PbKmU9Z1gk2qrtdYo-00427.jpg": {"object_bounding_box": {"x": 364, "y": 362, "w": 534, "h": 358}, "object_present": true}, "P141--glasses--clutter--WhByvqCgHHF78BzaloPjyj9Mh8PbKmU9Z1gk2qrtdYo-00428.jpg": {"object_bounding_box": {"x": 347, "y": 372, "w": 541, "h": 357}, "object_present": true}, "P141--glasses--clutter--WhByvqCgHHF78BzaloPjyj9Mh8PbKmU9Z1gk2qrtdYo-00429.jpg": {"object_bounding_box": {"x": 332, "y": 378, "w": 543, "h": 358}, "object_present": true}, "P141--glasses--clutter--WhByvqCgHHF78BzaloPjyj9Mh8PbKmU9Z1gk2qrtdYo-00430.jpg": {"object_bounding_box": {"x": 310, "y": 393, "w": 543, "h": 360}, "object_present": true}, "P141--glasses--clutter--WhByvqCgHHF78BzaloPjyj9Mh8PbKmU9Z1gk2qrtdYo-00431.jpg": {"object_bounding_box": {"x": 297, "y": 412, "w": 549, "h": 358}, "object_present": true}, "P141--glasses--clutter--WhByvqCgHHF78BzaloPjyj9Mh8PbKmU9Z1gk2qrtdYo-00432.jpg": {"object_bounding_box": {"x": 281, "y": 426, "w": 546, "h": 364}, "object_present": true}, "P141--glasses--clutter--WhByvqCgHHF78BzaloPjyj9Mh8PbKmU9Z1gk2qrtdYo-00433.jpg": {"object_bounding_box": {"x": 270, "y": 449, "w": 549, "h": 369}, "object_present": true}, "P141--glasses--clutter--WhByvqCgHHF78BzaloPjyj9Mh8PbKmU9Z1gk2qrtdYo-00434.jpg": {"object_bounding_box": {"x": 257, "y": 469, "w": 552, "h": 365}, "object_present": true}, "P141--glasses--clutter--WhByvqCgHHF78BzaloPjyj9Mh8PbKmU9Z1gk2qrtdYo-00435.jpg": {"object_bounding_box": {"x": 238, "y": 483, "w": 556, "h": 371}, "object_present": true}, "P141--glasses--clutter--WhByvqCgHHF78BzaloPjyj9Mh8PbKmU9Z1gk2qrtdYo-00436.jpg": {"object_bounding_box": {"x": 235, "y": 492, "w": 555, "h": 376}, "object_present": true}, "P141--glasses--clutter--WhByvqCgHHF78BzaloPjyj9Mh8PbKmU9Z1gk2qrtdYo-00437.jpg": {"object_bounding_box": {"x": 228, "y": 507, "w": 563, "h": 374}, "object_present": true}, "P141--glasses--clutter--WhByvqCgHHF78BzaloPjyj9Mh8PbKmU9Z1gk2qrtdYo-00438.jpg": {"object_bounding_box": {"x": 220, "y": 513, "w": 570, "h": 380}, "object_present": true}, "P141--glasses--clutter--WhByvqCgHHF78BzaloPjyj9Mh8PbKmU9Z1gk2qrtdYo-00439.jpg": {"object_bounding_box": {"x": 214, "y": 511, "w": 570, "h": 386}, "object_present": true}, "P141--glasses--clutter--WhByvqCgHHF78BzaloPjyj9Mh8PbKmU9Z1gk2qrtdYo-00440.jpg": {"object_bounding_box": {"x": 208, "y": 517, "w": 574, "h": 389}, "object_present": true}, "P141--glasses--clutter--WhByvqCgHHF78BzaloPjyj9Mh8PbKmU9Z1gk2qrtdYo-00441.jpg": {"object_bounding_box": {"x": 208, "y": 522, "w": 577, "h": 392}, "object_present": true}, "P141--glasses--clutter--WhByvqCgHHF78BzaloPjyj9Mh8PbKmU9Z1gk2qrtdYo-00442.jpg": {"object_bounding_box": {"x": 208, "y": 522, "w": 582, "h": 392}, "object_present": true}, "P141--glasses--clutter--WhByvqCgHHF78BzaloPjyj9Mh8PbKmU9Z1gk2qrtdYo-00443.jpg": {"object_bounding_box": {"x": 205, "y": 516, "w": 586, "h": 391}, "object_present": true}, "P141--glasses--clutter--WhByvqCgHHF78BzaloPjyj9Mh8PbKmU9Z1gk2qrtdYo-00444.jpg": {"object_bounding_box": {"x": 215, "y": 506, "w": 584, "h": 395}, "object_present": true}, "P141--glasses--clutter--WhByvqCgHHF78BzaloPjyj9Mh8PbKmU9Z1gk2qrtdYo-00445.jpg": {"object_bounding_box": {"x": 220, "y": 489, "w": 593, "h": 398}, "object_present": true}, "P141--glasses--clutter--WhByvqCgHHF78BzaloPjyj9Mh8PbKmU9Z1gk2qrtdYo-00446.jpg": {"object_bounding_box": {"x": 218, "y": 467, "w": 597, "h": 401}, "object_present": true}, "P141--glasses--clutter--WhByvqCgHHF78BzaloPjyj9Mh8PbKmU9Z1gk2qrtdYo-00447.jpg": {"object_bounding_box": {"x": 224, "y": 458, "w": 597, "h": 398}, "object_present": true}, "P141--glasses--clutter--WhByvqCgHHF78BzaloPjyj9Mh8PbKmU9Z1gk2qrtdYo-00448.jpg": {"object_bounding_box": {"x": 223, "y": 451, "w": 603, "h": 400}, "object_present": true}, "P141--glasses--clutter--WhByvqCgHHF78BzaloPjyj9Mh8PbKmU9Z1gk2qrtdYo-00449.jpg": {"object_bounding_box": {"x": 221, "y": 445, "w": 602, "h": 400}, "object_present": true}, "P141--glasses--clutter--WhByvqCgHHF78BzaloPjyj9Mh8PbKmU9Z1gk2qrtdYo-00450.jpg": {"object_bounding_box": {"x": 213, "y": 440, "w": 607, "h": 396}, "object_present": true}, "P141--glasses--clutter--WhByvqCgHHF78BzaloPjyj9Mh8PbKmU9Z1gk2qrtdYo-00451.jpg": {"object_bounding_box": {"x": 204, "y": 436, "w": 610, "h": 397}, "object_present": true}, "P141--glasses--clutter--WhByvqCgHHF78BzaloPjyj9Mh8PbKmU9Z1gk2qrtdYo-00452.jpg": {"object_bounding_box": {"x": 204, "y": 438, "w": 613, "h": 398}, "object_present": true}, "P141--glasses--clutter--WhByvqCgHHF78BzaloPjyj9Mh8PbKmU9Z1gk2qrtdYo-00453.jpg": {"object_bounding_box": {"x": 192, "y": 439, "w": 618, "h": 404}, "object_present": true}, "P141--glasses--clutter--WhByvqCgHHF78BzaloPjyj9Mh8PbKmU9Z1gk2qrtdYo-00454.jpg": {"object_bounding_box": {"x": 186, "y": 446, "w": 618, "h": 402}, "object_present": true}, "P141--glasses--clutter--WhByvqCgHHF78BzaloPjyj9Mh8PbKmU9Z1gk2qrtdYo-00455.jpg": {"object_bounding_box": {"x": 181, "y": 444, "w": 617, "h": 404}, "object_present": true}, "P141--glasses--clutter--WhByvqCgHHF78BzaloPjyj9Mh8PbKmU9Z1gk2qrtdYo-00456.jpg": {"object_bounding_box": {"x": 169, "y": 439, "w": 627, "h": 409}, "object_present": true}, "P141--glasses--clutter--WhByvqCgHHF78BzaloPjyj9Mh8PbKmU9Z1gk2qrtdYo-00457.jpg": {"object_bounding_box": {"x": 160, "y": 430, "w": 631, "h": 412}, "object_present": true}, "P141--glasses--clutter--WhByvqCgHHF78BzaloPjyj9Mh8PbKmU9Z1gk2qrtdYo-00458.jpg": {"object_bounding_box": {"x": 151, "y": 429, "w": 636, "h": 411}, "object_present": true}, "P141--glasses--clutter--WhByvqCgHHF78BzaloPjyj9Mh8PbKmU9Z1gk2qrtdYo-00459.jpg": {"object_bounding_box": {"x": 148, "y": 419, "w": 642, "h": 415}, "object_present": true}, "P141--glasses--clutter--WhByvqCgHHF78BzaloPjyj9Mh8PbKmU9Z1gk2qrtdYo-00460.jpg": {"object_bounding_box": {"x": 132, "y": 409, "w": 654, "h": 416}, "object_present": true}, "P141--glasses--clutter--WhByvqCgHHF78BzaloPjyj9Mh8PbKmU9Z1gk2qrtdYo-00461.jpg": {"object_bounding_box": {"x": 120, "y": 398, "w": 660, "h": 419}, "object_present": true}, "P141--glasses--clutter--WhByvqCgHHF78BzaloPjyj9Mh8PbKmU9Z1gk2qrtdYo-00462.jpg": {"object_bounding_box": {"x": 107, "y": 389, "w": 671, "h": 425}, "object_present": true}, "P141--glasses--clutter--WhByvqCgHHF78BzaloPjyj9Mh8PbKmU9Z1gk2qrtdYo-00463.jpg": {"object_bounding_box": {"x": 95, "y": 390, "w": 678, "h": 427}, "object_present": true}, "P141--glasses--clutter--WhByvqCgHHF78BzaloPjyj9Mh8PbKmU9Z1gk2qrtdYo-00464.jpg": {"object_bounding_box": {"x": 94, "y": 390, "w": 684, "h": 433}, "object_present": true}, "P141--glasses--clutter--WhByvqCgHHF78BzaloPjyj9Mh8PbKmU9Z1gk2qrtdYo-00465.jpg": {"object_bounding_box": {"x": 90, "y": 392, "w": 694, "h": 436}, "object_present": true}, "P141--glasses--clutter--WhByvqCgHHF78BzaloPjyj9Mh8PbKmU9Z1gk2qrtdYo-00466.jpg": {"object_bounding_box": {"x": 81, "y": 390, "w": 706, "h": 437}, "object_present": true}, "P141--glasses--clutter--WhByvqCgHHF78BzaloPjyj9Mh8PbKmU9Z1gk2qrtdYo-00467.jpg": {"object_bounding_box": {"x": 82, "y": 379, "w": 714, "h": 440}, "object_present": true}, "P141--glasses--clutter--WhByvqCgHHF78BzaloPjyj9Mh8PbKmU9Z1gk2qrtdYo-00468.jpg": {"object_bounding_box": {"x": 82, "y": 370, "w": 725, "h": 447}, "object_present": true}, "P141--glasses--clutter--WhByvqCgHHF78BzaloPjyj9Mh8PbKmU9Z1gk2qrtdYo-00469.jpg": {"object_bounding_box": {"x": 89, "y": 360, "w": 736, "h": 453}, "object_present": true}, "P141--glasses--clutter--WhByvqCgHHF78BzaloPjyj9Mh8PbKmU9Z1gk2qrtdYo-00470.jpg": {"object_bounding_box": {"x": 91, "y": 346, "w": 753, "h": 459}, "object_present": true}, "P141--glasses--clutter--WhByvqCgHHF78BzaloPjyj9Mh8PbKmU9Z1gk2qrtdYo-00471.jpg": {"object_bounding_box": {"x": 87, "y": 334, "w": 760, "h": 467}, "object_present": true}, "P141--glasses--clutter--WhByvqCgHHF78BzaloPjyj9Mh8PbKmU9Z1gk2qrtdYo-00472.jpg": {"object_bounding_box": {"x": 87, "y": 318, "w": 766, "h": 469}, "object_present": true}, "P141--glasses--clutter--WhByvqCgHHF78BzaloPjyj9Mh8PbKmU9Z1gk2qrtdYo-00473.jpg": {"object_bounding_box": {"x": 87, "y": 313, "w": 773, "h": 474}, "object_present": true}, "P141--glasses--clutter--WhByvqCgHHF78BzaloPjyj9Mh8PbKmU9Z1gk2qrtdYo-00474.jpg": {"object_bounding_box": {"x": 87, "y": 305, "w": 786, "h": 476}, "object_present": true}, "P141--glasses--clutter--WhByvqCgHHF78BzaloPjyj9Mh8PbKmU9Z1gk2qrtdYo-00475.jpg": {"object_bounding_box": {"x": 85, "y": 299, "w": 791, "h": 479}, "object_present": true}, "P141--glasses--clutter--WhByvqCgHHF78BzaloPjyj9Mh8PbKmU9Z1gk2qrtdYo-00476.jpg": {"object_bounding_box": {"x": 93, "y": 299, "w": 796, "h": 486}, "object_present": true}, "P141--glasses--clutter--WhByvqCgHHF78BzaloPjyj9Mh8PbKmU9Z1gk2qrtdYo-00477.jpg": {"object_bounding_box": {"x": 94, "y": 297, "w": 804, "h": 487}, "object_present": true}, "P141--glasses--clutter--WhByvqCgHHF78BzaloPjyj9Mh8PbKmU9Z1gk2qrtdYo-00478.jpg": {"object_bounding_box": {"x": 87, "y": 290, "w": 805, "h": 487}, "object_present": true}, "P141--glasses--clutter--WhByvqCgHHF78BzaloPjyj9Mh8PbKmU9Z1gk2qrtdYo-00479.jpg": {"object_bounding_box": {"x": 93, "y": 293, "w": 807, "h": 485}, "object_present": true}, "P141--glasses--clutter--WhByvqCgHHF78BzaloPjyj9Mh8PbKmU9Z1gk2qrtdYo-00480.jpg": {"object_bounding_box": {"x": 90, "y": 296, "w": 810, "h": 486}, "object_present": true}, "P141--glasses--clutter--WhByvqCgHHF78BzaloPjyj9Mh8PbKmU9Z1gk2qrtdYo-00481.jpg": {"object_bounding_box": {"x": 87, "y": 297, "w": 808, "h": 484}, "object_present": true}, "P141--glasses--clutter--WhByvqCgHHF78BzaloPjyj9Mh8PbKmU9Z1gk2qrtdYo-00482.jpg": {"object_bounding_box": {"x": 93, "y": 300, "w": 810, "h": 483}, "object_present": true}, "P141--glasses--clutter--WhByvqCgHHF78BzaloPjyj9Mh8PbKmU9Z1gk2qrtdYo-00483.jpg": {"object_bounding_box": {"x": 82, "y": 299, "w": 813, "h": 482}, "object_present": true}, "P141--glasses--clutter--WhByvqCgHHF78BzaloPjyj9Mh8PbKmU9Z1gk2qrtdYo-00484.jpg": {"object_bounding_box": {"x": 76, "y": 292, "w": 812, "h": 481}, "object_present": true}, "P141--glasses--clutter--WhByvqCgHHF78BzaloPjyj9Mh8PbKmU9Z1gk2qrtdYo-00485.jpg": {"object_bounding_box": {"x": 74, "y": 290, "w": 815, "h": 480}, "object_present": true}, "P141--glasses--clutter--WhByvqCgHHF78BzaloPjyj9Mh8PbKmU9Z1gk2qrtdYo-00486.jpg": {"object_bounding_box": {"x": 65, "y": 285, "w": 816, "h": 481}, "object_present": true}, "P141--glasses--clutter--WhByvqCgHHF78BzaloPjyj9Mh8PbKmU9Z1gk2qrtdYo-00487.jpg": {"object_bounding_box": {"x": 63, "y": 279, "w": 815, "h": 481}, "object_present": true}, "P141--glasses--clutter--WhByvqCgHHF78BzaloPjyj9Mh8PbKmU9Z1gk2qrtdYo-00488.jpg": {"object_bounding_box": {"x": 63, "y": 274, "w": 817, "h": 482}, "object_present": true}, "P141--glasses--clutter--WhByvqCgHHF78BzaloPjyj9Mh8PbKmU9Z1gk2qrtdYo-00489.jpg": {"object_bounding_box": {"x": 57, "y": 267, "w": 821, "h": 484}, "object_present": true}, "P141--glasses--clutter--WhByvqCgHHF78BzaloPjyj9Mh8PbKmU9Z1gk2qrtdYo-00490.jpg": {"object_bounding_box": {"x": 54, "y": 264, "w": 823, "h": 484}, "object_present": true}, "P141--glasses--clutter--WhByvqCgHHF78BzaloPjyj9Mh8PbKmU9Z1gk2qrtdYo-00491.jpg": {"object_bounding_box": {"x": 56, "y": 264, "w": 824, "h": 487}, "object_present": true}, "P141--glasses--clutter--WhByvqCgHHF78BzaloPjyj9Mh8PbKmU9Z1gk2qrtdYo-00492.jpg": {"object_bounding_box": {"x": 55, "y": 264, "w": 824, "h": 486}, "object_present": true}, "P141--glasses--clutter--WhByvqCgHHF78BzaloPjyj9Mh8PbKmU9Z1gk2qrtdYo-00493.jpg": {"object_bounding_box": {"x": 50, "y": 261, "w": 830, "h": 487}, "object_present": true}, "P141--glasses--clutter--WhByvqCgHHF78BzaloPjyj9Mh8PbKmU9Z1gk2qrtdYo-00494.jpg": {"object_bounding_box": {"x": 45, "y": 254, "w": 833, "h": 488}, "object_present": true}, "P141--glasses--clutter--WhByvqCgHHF78BzaloPjyj9Mh8PbKmU9Z1gk2qrtdYo-00495.jpg": {"object_bounding_box": {"x": 41, "y": 248, "w": 836, "h": 488}, "object_present": true}, "P141--glasses--clutter--WhByvqCgHHF78BzaloPjyj9Mh8PbKmU9Z1gk2qrtdYo-00496.jpg": {"object_bounding_box": {"x": 41, "y": 247, "w": 836, "h": 490}, "object_present": true}, "P141--glasses--clutter--WhByvqCgHHF78BzaloPjyj9Mh8PbKmU9Z1gk2qrtdYo-00497.jpg": {"object_bounding_box": {"x": 39, "y": 244, "w": 839, "h": 490}, "object_present": true}, "P141--glasses--clutter--WhByvqCgHHF78BzaloPjyj9Mh8PbKmU9Z1gk2qrtdYo-00498.jpg": {"object_bounding_box": {"x": 35, "y": 242, "w": 840, "h": 490}, "object_present": true}, "P141--glasses--clutter--WhByvqCgHHF78BzaloPjyj9Mh8PbKmU9Z1gk2qrtdYo-00499.jpg": {"object_bounding_box": {"x": 35, "y": 239, "w": 840, "h": 492}, "object_present": true}, "P141--glasses--clutter--WhByvqCgHHF78BzaloPjyj9Mh8PbKmU9Z1gk2qrtdYo-00500.jpg": {"object_bounding_box": {"x": 36, "y": 237, "w": 841, "h": 493}, "object_present": true}, "P141--glasses--clutter--WhByvqCgHHF78BzaloPjyj9Mh8PbKmU9Z1gk2qrtdYo-00501.jpg": {"object_bounding_box": {"x": 32, "y": 235, "w": 844, "h": 493}, "object_present": true}, "P141--glasses--clutter--WhByvqCgHHF78BzaloPjyj9Mh8PbKmU9Z1gk2qrtdYo-00502.jpg": {"object_bounding_box": {"x": 32, "y": 236, "w": 845, "h": 493}, "object_present": true}, "P141--glasses--clutter--WhByvqCgHHF78BzaloPjyj9Mh8PbKmU9Z1gk2qrtdYo-00503.jpg": {"object_bounding_box": {"x": 33, "y": 238, "w": 846, "h": 493}, "object_present": true}, "P141--glasses--clutter--WhByvqCgHHF78BzaloPjyj9Mh8PbKmU9Z1gk2qrtdYo-00504.jpg": {"object_bounding_box": {"x": 29, "y": 237, "w": 847, "h": 494}, "object_present": true}, "P141--glasses--clutter--WhByvqCgHHF78BzaloPjyj9Mh8PbKmU9Z1gk2qrtdYo-00505.jpg": {"object_bounding_box": {"x": 29, "y": 237, "w": 848, "h": 493}, "object_present": true}, "P141--glasses--clutter--WhByvqCgHHF78BzaloPjyj9Mh8PbKmU9Z1gk2qrtdYo-00506.jpg": {"object_bounding_box": {"x": 31, "y": 237, "w": 848, "h": 493}, "object_present": true}, "P141--glasses--clutter--WhByvqCgHHF78BzaloPjyj9Mh8PbKmU9Z1gk2qrtdYo-00507.jpg": {"object_bounding_box": {"x": 33, "y": 239, "w": 845, "h": 491}, "object_present": true}, "P141--glasses--clutter--WhByvqCgHHF78BzaloPjyj9Mh8PbKmU9Z1gk2qrtdYo-00508.jpg": {"object_bounding_box": {"x": 32, "y": 240, "w": 846, "h": 492}, "object_present": true}, "P141--glasses--clutter--WhByvqCgHHF78BzaloPjyj9Mh8PbKmU9Z1gk2qrtdYo-00509.jpg": {"object_bounding_box": {"x": 32, "y": 242, "w": 846, "h": 493}, "object_present": true}, "P141--glasses--clutter--WhByvqCgHHF78BzaloPjyj9Mh8PbKmU9Z1gk2qrtdYo-00510.jpg": {"object_bounding_box": {"x": 32, "y": 240, "w": 848, "h": 491}, "object_present": true}}