{"P174--grinder--clutter--aHOBIBF5qAyWZWADALWuqqsNKWzfrK8M98ckQZmRmKk-00001.jpg": {"object_bounding_box": {"x": 319, "y": 34, "w": 566, "h": 574}, "object_not_present": false}, "P174--grinder--clutter--aHOBIBF5qAyWZWADALWuqqsNKWzfrK8M98ckQZmRmKk-00002.jpg": {"object_bounding_box": {"x": 321, "y": 36, "w": 560, "h": 566}, "object_not_present": false}, "P174--grinder--clutter--aHOBIBF5qAyWZWADALWuqqsNKWzfrK8M98ckQZmRmKk-00003.jpg": {"object_bounding_box": {"x": 364, "y": 36, "w": 535, "h": 542}, "object_not_present": false}, "P174--grinder--clutter--aHOBIBF5qAyWZWADALWuqqsNKWzfrK8M98ckQZmRmKk-00004.jpg": {"object_bounding_box": {"x": 364, "y": 63, "w": 517, "h": 521}, "object_not_present": false}, "P174--grinder--clutter--aHOBIBF5qAyWZWADALWuqqsNKWzfrK8M98ckQZmRmKk-00005.jpg": {"object_bounding_box": {"x": 346, "y": 79, "w": 502, "h": 509}, "object_not_present": false}, "P174--grinder--clutter--aHOBIBF5qAyWZWADALWuqqsNKWzfrK8M98ckQZmRmKk-00006.jpg": {"object_bounding_box": {"x": 353, "y": 105, "w": 489, "h": 492}, "object_not_present": false}, "P174--grinder--clutter--aHOBIBF5qAyWZWADALWuqqsNKWzfrK8M98ckQZmRmKk-00007.jpg": {"object_bounding_box": {"x": 453, "y": 123, "w": 469, "h": 487}, "object_not_present": false}, "P174--grinder--clutter--aHOBIBF5qAyWZWADALWuqqsNKWzfrK8M98ckQZmRmKk-00008.jpg": {"object_bounding_box": {"x": 535, "y": 173, "w": 469, "h": 482}, "object_not_present": false}, "P174--grinder--clutter--aHOBIBF5qAyWZWADALWuqqsNKWzfrK8M98ckQZmRmKk-00009.jpg": {"object_bounding_box": {"x": 564, "y": 289, "w": 454, "h": 442}, "object_not_present": false}, "P174--grinder--clutter--aHOBIBF5qAyWZWADALWuqqsNKWzfrK8M98ckQZmRmKk-00010.jpg": {"object_bounding_box": {"x": 552, "y": 310, "w": 439, "h": 424}, "object_not_present": false}, "P174--grinder--clutter--aHOBIBF5qAyWZWADALWuqqsNKWzfrK8M98ckQZmRmKk-00011.jpg": {"object_bounding_box": {"x": 510, "y": 343, "w": 421, "h": 406}, "object_not_present": false}, "P174--grinder--clutter--aHOBIBF5qAyWZWADALWuqqsNKWzfrK8M98ckQZmRmKk-00012.jpg": {"object_bounding_box": {"x": 464, "y": 373, "w": 400, "h": 388}, "object_not_present": false}, "P174--grinder--clutter--aHOBIBF5qAyWZWADALWuqqsNKWzfrK8M98ckQZmRmKk-00013.jpg": {"object_bounding_box": {"x": 435, "y": 402, "w": 375, "h": 365}, "object_not_present": false}, "P174--grinder--clutter--aHOBIBF5qAyWZWADALWuqqsNKWzfrK8M98ckQZmRmKk-00014.jpg": {"object_bounding_box": {"x": 418, "y": 408, "w": 365, "h": 350}, "object_not_present": false}, "P174--grinder--clutter--aHOBIBF5qAyWZWADALWuqqsNKWzfrK8M98ckQZmRmKk-00015.jpg": {"object_bounding_box": {"x": 390, "y": 397, "w": 351, "h": 344}, "object_not_present": false}, "P174--grinder--clutter--aHOBIBF5qAyWZWADALWuqqsNKWzfrK8M98ckQZmRmKk-00016.jpg": {"object_bounding_box": {"x": 388, "y": 392, "w": 335, "h": 337}, "object_not_present": false}, "P174--grinder--clutter--aHOBIBF5qAyWZWADALWuqqsNKWzfrK8M98ckQZmRmKk-00017.jpg": {"object_bounding_box": {"x": 411, "y": 392, "w": 332, "h": 328}, "object_not_present": false}, "P174--grinder--clutter--aHOBIBF5qAyWZWADALWuqqsNKWzfrK8M98ckQZmRmKk-00018.jpg": {"object_bounding_box": {"x": 412, "y": 379, "w": 330, "h": 329}, "object_not_present": false}, "P174--grinder--clutter--aHOBIBF5qAyWZWADALWuqqsNKWzfrK8M98ckQZmRmKk-00019.jpg": {"object_bounding_box": {"x": 415, "y": 374, "w": 326, "h": 323}, "object_not_present": false}, "P174--grinder--clutter--aHOBIBF5qAyWZWADALWuqqsNKWzfrK8M98ckQZmRmKk-00020.jpg": {"object_bounding_box": {"x": 442, "y": 376, "w": 328, "h": 324}, "object_not_present": false}, "P174--grinder--clutter--aHOBIBF5qAyWZWADALWuqqsNKWzfrK8M98ckQZmRmKk-00021.jpg": {"object_bounding_box": {"x": 477, "y": 385, "w": 331, "h": 324}, "object_not_present": false}, "P174--grinder--clutter--aHOBIBF5qAyWZWADALWuqqsNKWzfrK8M98ckQZmRmKk-00022.jpg": {"object_bounding_box": {"x": 517, "y": 400, "w": 335, "h": 341}, "object_not_present": false}, "P174--grinder--clutter--aHOBIBF5qAyWZWADALWuqqsNKWzfrK8M98ckQZmRmKk-00023.jpg": {"object_bounding_box": {"x": 537, "y": 444, "w": 345, "h": 355}, "object_not_present": false}, "P174--grinder--clutter--aHOBIBF5qAyWZWADALWuqqsNKWzfrK8M98ckQZmRmKk-00024.jpg": {"object_bounding_box": {"x": 548, "y": 498, "w": 361, "h": 365}, "object_not_present": false}, "P174--grinder--clutter--aHOBIBF5qAyWZWADALWuqqsNKWzfrK8M98ckQZmRmKk-00025.jpg": {"object_bounding_box": {"x": 584, "y": 555, "w": 382, "h": 386}, "object_not_present": false}, "P174--grinder--clutter--aHOBIBF5qAyWZWADALWuqqsNKWzfrK8M98ckQZmRmKk-00026.jpg": {"object_bounding_box": {"x": 674, "y": 600, "w": 393, "h": 422}, "object_not_present": false}, "P174--grinder--clutter--aHOBIBF5qAyWZWADALWuqqsNKWzfrK8M98ckQZmRmKk-00027.jpg": {"object_bounding_box": {"x": 667, "y": 591, "w": 413, "h": 453}, "object_not_present": false}, "P174--grinder--clutter--aHOBIBF5qAyWZWADALWuqqsNKWzfrK8M98ckQZmRmKk-00028.jpg": {"object_bounding_box": {"x": 610, "y": 591, "w": 470, "h": 489}, "object_not_present": false}, "P174--grinder--clutter--aHOBIBF5qAyWZWADALWuqqsNKWzfrK8M98ckQZmRmKk-00029.jpg": {"object_bounding_box": {"x": 535, "y": 602, "w": 533, "h": 478}, "object_not_present": false}, "P174--grinder--clutter--aHOBIBF5qAyWZWADALWuqqsNKWzfrK8M98ckQZmRmKk-00030.jpg": {"object_bounding_box": {"x": 482, "y": 559, "w": 586, "h": 521}, "object_not_present": false}, "P174--grinder--clutter--aHOBIBF5qAyWZWADALWuqqsNKWzfrK8M98ckQZmRmKk-00031.jpg": {"object_bounding_box": {"x": 404, "y": 481, "w": 668, "h": 599}, "object_not_present": false}, "P174--grinder--clutter--aHOBIBF5qAyWZWADALWuqqsNKWzfrK8M98ckQZmRmKk-00032.jpg": {"object_bounding_box": {"x": 290, "y": 381, "w": 762, "h": 699}, "object_not_present": false}, "P174--grinder--clutter--aHOBIBF5qAyWZWADALWuqqsNKWzfrK8M98ckQZmRmKk-00033.jpg": {"object_bounding_box": {"x": 159, "y": 338, "w": 854, "h": 742}, "object_not_present": false}, "P174--grinder--clutter--aHOBIBF5qAyWZWADALWuqqsNKWzfrK8M98ckQZmRmKk-00034.jpg": {"object_bounding_box": {"x": 51, "y": 360, "w": 917, "h": 720}, "object_not_present": false}, "P174--grinder--clutter--aHOBIBF5qAyWZWADALWuqqsNKWzfrK8M98ckQZmRmKk-00035.jpg": {"object_bounding_box": {"x": 0, "y": 394, "w": 935, "h": 686}, "object_not_present": false}, "P174--grinder--clutter--aHOBIBF5qAyWZWADALWuqqsNKWzfrK8M98ckQZmRmKk-00036.jpg": {"object_bounding_box": {"x": 0, "y": 437, "w": 911, "h": 643}, "object_not_present": false}, "P174--grinder--clutter--aHOBIBF5qAyWZWADALWuqqsNKWzfrK8M98ckQZmRmKk-00037.jpg": {"object_bounding_box": {"x": 0, "y": 453, "w": 906, "h": 627}, "object_not_present": false}, "P174--grinder--clutter--aHOBIBF5qAyWZWADALWuqqsNKWzfrK8M98ckQZmRmKk-00038.jpg": {"object_bounding_box": {"x": 0, "y": 430, "w": 931, "h": 650}, "object_not_present": false}, "P174--grinder--clutter--aHOBIBF5qAyWZWADALWuqqsNKWzfrK8M98ckQZmRmKk-00039.jpg": {"object_bounding_box": {"x": 0, "y": 383, "w": 953, "h": 697}, "object_not_present": false}, "P174--grinder--clutter--aHOBIBF5qAyWZWADALWuqqsNKWzfrK8M98ckQZmRmKk-00040.jpg": {"object_bounding_box": {"x": 0, "y": 358, "w": 970, "h": 722}, "object_not_present": false}, "P174--grinder--clutter--aHOBIBF5qAyWZWADALWuqqsNKWzfrK8M98ckQZmRmKk-00041.jpg": {"object_bounding_box": {"x": 0, "y": 358, "w": 994, "h": 722}, "object_not_present": false}, "P174--grinder--clutter--aHOBIBF5qAyWZWADALWuqqsNKWzfrK8M98ckQZmRmKk-00042.jpg": {"object_bounding_box": {"x": 0, "y": 367, "w": 1080, "h": 713}, "object_not_present": false}, "P174--grinder--clutter--aHOBIBF5qAyWZWADALWuqqsNKWzfrK8M98ckQZmRmKk-00043.jpg": {"object_bounding_box": {"x": 35, "y": 367, "w": 1045, "h": 713}, "object_not_present": false}, "P174--grinder--clutter--aHOBIBF5qAyWZWADALWuqqsNKWzfrK8M98ckQZmRmKk-00044.jpg": {"object_bounding_box": {"x": 95, "y": 333, "w": 985, "h": 747}, "object_not_present": false}, "P174--grinder--clutter--aHOBIBF5qAyWZWADALWuqqsNKWzfrK8M98ckQZmRmKk-00045.jpg": {"object_bounding_box": {"x": 101, "y": 299, "w": 979, "h": 781}, "object_not_present": false}, "P174--grinder--clutter--aHOBIBF5qAyWZWADALWuqqsNKWzfrK8M98ckQZmRmKk-00046.jpg": {"object_bounding_box": {"x": 101, "y": 291, "w": 979, "h": 789}, "object_not_present": false}, "P174--grinder--clutter--aHOBIBF5qAyWZWADALWuqqsNKWzfrK8M98ckQZmRmKk-00047.jpg": {"object_bounding_box": {"x": 120, "y": 299, "w": 960, "h": 781}, "object_not_present": false}, "P174--grinder--clutter--aHOBIBF5qAyWZWADALWuqqsNKWzfrK8M98ckQZmRmKk-00048.jpg": {"object_bounding_box": {"x": 153, "y": 352, "w": 890, "h": 728}, "object_not_present": false}, "P174--grinder--clutter--aHOBIBF5qAyWZWADALWuqqsNKWzfrK8M98ckQZmRmKk-00049.jpg": {"object_bounding_box": {"x": 184, "y": 410, "w": 805, "h": 670}, "object_not_present": false}, "P174--grinder--clutter--aHOBIBF5qAyWZWADALWuqqsNKWzfrK8M98ckQZmRmKk-00050.jpg": {"object_bounding_box": {"x": 228, "y": 417, "w": 726, "h": 663}, "object_not_present": false}, "P174--grinder--clutter--aHOBIBF5qAyWZWADALWuqqsNKWzfrK8M98ckQZmRmKk-00051.jpg": {"object_bounding_box": {"x": 266, "y": 353, "w": 692, "h": 718}, "object_not_present": false}, "P174--grinder--clutter--aHOBIBF5qAyWZWADALWuqqsNKWzfrK8M98ckQZmRmKk-00052.jpg": {"object_bounding_box": {"x": 280, "y": 342, "w": 657, "h": 658}, "object_not_present": false}, "P174--grinder--clutter--aHOBIBF5qAyWZWADALWuqqsNKWzfrK8M98ckQZmRmKk-00053.jpg": {"object_bounding_box": {"x": 280, "y": 374, "w": 603, "h": 607}, "object_not_present": false}, "P174--grinder--clutter--aHOBIBF5qAyWZWADALWuqqsNKWzfrK8M98ckQZmRmKk-00054.jpg": {"object_bounding_box": {"x": 284, "y": 413, "w": 550, "h": 558}, "object_not_present": false}, "P174--grinder--clutter--aHOBIBF5qAyWZWADALWuqqsNKWzfrK8M98ckQZmRmKk-00055.jpg": {"object_bounding_box": {"x": 278, "y": 447, "w": 517, "h": 520}, "object_not_present": false}, "P174--grinder--clutter--aHOBIBF5qAyWZWADALWuqqsNKWzfrK8M98ckQZmRmKk-00056.jpg": {"object_bounding_box": {"x": 276, "y": 472, "w": 485, "h": 491}, "object_not_present": false}, "P174--grinder--clutter--aHOBIBF5qAyWZWADALWuqqsNKWzfrK8M98ckQZmRmKk-00057.jpg": {"object_bounding_box": {"x": 280, "y": 490, "w": 459, "h": 462}, "object_not_present": false}, "P174--grinder--clutter--aHOBIBF5qAyWZWADALWuqqsNKWzfrK8M98ckQZmRmKk-00058.jpg": {"object_bounding_box": {"x": 284, "y": 505, "w": 434, "h": 438}, "object_not_present": false}, "P174--grinder--clutter--aHOBIBF5qAyWZWADALWuqqsNKWzfrK8M98ckQZmRmKk-00059.jpg": {"object_bounding_box": {"x": 284, "y": 505, "w": 432, "h": 438}, "object_not_present": false}, "P174--grinder--clutter--aHOBIBF5qAyWZWADALWuqqsNKWzfrK8M98ckQZmRmKk-00060.jpg": {"object_bounding_box": {"x": 301, "y": 510, "w": 393, "h": 402}, "object_not_present": false}, "P174--grinder--clutter--aHOBIBF5qAyWZWADALWuqqsNKWzfrK8M98ckQZmRmKk-00061.jpg": {"object_bounding_box": {"x": 311, "y": 505, "w": 374, "h": 380}, "object_not_present": false}, "P174--grinder--clutter--aHOBIBF5qAyWZWADALWuqqsNKWzfrK8M98ckQZmRmKk-00062.jpg": {"object_bounding_box": {"x": 321, "y": 505, "w": 359, "h": 364}, "object_not_present": false}, "P174--grinder--clutter--aHOBIBF5qAyWZWADALWuqqsNKWzfrK8M98ckQZmRmKk-00063.jpg": {"object_bounding_box": {"x": 339, "y": 512, "w": 344, "h": 351}, "object_not_present": false}, "P174--grinder--clutter--aHOBIBF5qAyWZWADALWuqqsNKWzfrK8M98ckQZmRmKk-00064.jpg": {"object_bounding_box": {"x": 354, "y": 512, "w": 332, "h": 339}, "object_not_present": false}, "P174--grinder--clutter--aHOBIBF5qAyWZWADALWuqqsNKWzfrK8M98ckQZmRmKk-00065.jpg": {"object_bounding_box": {"x": 354, "y": 517, "w": 320, "h": 326}, "object_not_present": false}, "P174--grinder--clutter--aHOBIBF5qAyWZWADALWuqqsNKWzfrK8M98ckQZmRmKk-00066.jpg": {"object_bounding_box": {"x": 356, "y": 532, "w": 310, "h": 317}, "object_not_present": false}, "P174--grinder--clutter--aHOBIBF5qAyWZWADALWuqqsNKWzfrK8M98ckQZmRmKk-00067.jpg": {"object_bounding_box": {"x": 363, "y": 554, "w": 295, "h": 300}, "object_not_present": false}, "P174--grinder--clutter--aHOBIBF5qAyWZWADALWuqqsNKWzfrK8M98ckQZmRmKk-00068.jpg": {"object_bounding_box": {"x": 374, "y": 577, "w": 283, "h": 290}, "object_not_present": false}, "P174--grinder--clutter--aHOBIBF5qAyWZWADALWuqqsNKWzfrK8M98ckQZmRmKk-00069.jpg": {"object_bounding_box": {"x": 395, "y": 598, "w": 270, "h": 279}, "object_not_present": false}, "P174--grinder--clutter--aHOBIBF5qAyWZWADALWuqqsNKWzfrK8M98ckQZmRmKk-00070.jpg": {"object_bounding_box": {"x": 408, "y": 616, "w": 263, "h": 267}, "object_not_present": false}, "P174--grinder--clutter--aHOBIBF5qAyWZWADALWuqqsNKWzfrK8M98ckQZmRmKk-00071.jpg": {"object_bounding_box": {"x": 428, "y": 620, "w": 255, "h": 261}, "object_not_present": false}, "P174--grinder--clutter--aHOBIBF5qAyWZWADALWuqqsNKWzfrK8M98ckQZmRmKk-00072.jpg": {"object_bounding_box": {"x": 458, "y": 621, "w": 245, "h": 254}, "object_not_present": false}, "P174--grinder--clutter--aHOBIBF5qAyWZWADALWuqqsNKWzfrK8M98ckQZmRmKk-00073.jpg": {"object_bounding_box": {"x": 479, "y": 625, "w": 240, "h": 245}, "object_not_present": false}, "P174--grinder--clutter--aHOBIBF5qAyWZWADALWuqqsNKWzfrK8M98ckQZmRmKk-00074.jpg": {"object_bounding_box": {"x": 502, "y": 629, "w": 233, "h": 240}, "object_not_present": false}, "P174--grinder--clutter--aHOBIBF5qAyWZWADALWuqqsNKWzfrK8M98ckQZmRmKk-00075.jpg": {"object_bounding_box": {"x": 524, "y": 636, "w": 227, "h": 230}, "object_not_present": false}, "P174--grinder--clutter--aHOBIBF5qAyWZWADALWuqqsNKWzfrK8M98ckQZmRmKk-00076.jpg": {"object_bounding_box": {"x": 542, "y": 642, "w": 219, "h": 225}, "object_not_present": false}, "P174--grinder--clutter--aHOBIBF5qAyWZWADALWuqqsNKWzfrK8M98ckQZmRmKk-00077.jpg": {"object_bounding_box": {"x": 559, "y": 659, "w": 214, "h": 217}, "object_not_present": false}, "P174--grinder--clutter--aHOBIBF5qAyWZWADALWuqqsNKWzfrK8M98ckQZmRmKk-00078.jpg": {"object_bounding_box": {"x": 576, "y": 671, "w": 209, "h": 213}, "object_not_present": false}, "P174--grinder--clutter--aHOBIBF5qAyWZWADALWuqqsNKWzfrK8M98ckQZmRmKk-00079.jpg": {"object_bounding_box": {"x": 594, "y": 678, "w": 205, "h": 206}, "object_not_present": false}, "P174--grinder--clutter--aHOBIBF5qAyWZWADALWuqqsNKWzfrK8M98ckQZmRmKk-00080.jpg": {"object_bounding_box": {"x": 606, "y": 683, "w": 200, "h": 201}, "object_not_present": false}, "P174--grinder--clutter--aHOBIBF5qAyWZWADALWuqqsNKWzfrK8M98ckQZmRmKk-00081.jpg": {"object_bounding_box": {"x": 621, "y": 684, "w": 196, "h": 198}, "object_not_present": false}, "P174--grinder--clutter--aHOBIBF5qAyWZWADALWuqqsNKWzfrK8M98ckQZmRmKk-00082.jpg": {"object_bounding_box": {"x": 637, "y": 680, "w": 192, "h": 194}, "object_not_present": false}, "P174--grinder--clutter--aHOBIBF5qAyWZWADALWuqqsNKWzfrK8M98ckQZmRmKk-00083.jpg": {"object_bounding_box": {"x": 643, "y": 674, "w": 189, "h": 191}, "object_not_present": false}, "P174--grinder--clutter--aHOBIBF5qAyWZWADALWuqqsNKWzfrK8M98ckQZmRmKk-00084.jpg": {"object_bounding_box": {"x": 628, "y": 662, "w": 185, "h": 186}, "object_not_present": false}, "P174--grinder--clutter--aHOBIBF5qAyWZWADALWuqqsNKWzfrK8M98ckQZmRmKk-00085.jpg": {"object_bounding_box": {"x": 611, "y": 642, "w": 184, "h": 186}, "object_not_present": false}, "P174--grinder--clutter--aHOBIBF5qAyWZWADALWuqqsNKWzfrK8M98ckQZmRmKk-00086.jpg": {"object_bounding_box": {"x": 604, "y": 620, "w": 180, "h": 184}, "object_not_present": false}, "P174--grinder--clutter--aHOBIBF5qAyWZWADALWuqqsNKWzfrK8M98ckQZmRmKk-00087.jpg": {"object_bounding_box": {"x": 585, "y": 606, "w": 180, "h": 179}, "object_not_present": false}, "P174--grinder--clutter--aHOBIBF5qAyWZWADALWuqqsNKWzfrK8M98ckQZmRmKk-00088.jpg": {"object_bounding_box": {"x": 571, "y": 600, "w": 175, "h": 176}, "object_not_present": false}, "P174--grinder--clutter--aHOBIBF5qAyWZWADALWuqqsNKWzfrK8M98ckQZmRmKk-00089.jpg": {"object_bounding_box": {"x": 571, "y": 598, "w": 172, "h": 173}, "object_not_present": false}, "P174--grinder--clutter--aHOBIBF5qAyWZWADALWuqqsNKWzfrK8M98ckQZmRmKk-00090.jpg": {"object_bounding_box": {"x": 573, "y": 600, "w": 169, "h": 170}, "object_not_present": false}, "P174--grinder--clutter--aHOBIBF5qAyWZWADALWuqqsNKWzfrK8M98ckQZmRmKk-00091.jpg": {"object_bounding_box": {"x": 584, "y": 608, "w": 167, "h": 168}, "object_not_present": false}, "P174--grinder--clutter--aHOBIBF5qAyWZWADALWuqqsNKWzfrK8M98ckQZmRmKk-00092.jpg": {"object_bounding_box": {"x": 595, "y": 620, "w": 166, "h": 167}, "object_not_present": false}, "P174--grinder--clutter--aHOBIBF5qAyWZWADALWuqqsNKWzfrK8M98ckQZmRmKk-00093.jpg": {"object_bounding_box": {"x": 608, "y": 634, "w": 163, "h": 165}, "object_not_present": false}, "P174--grinder--clutter--aHOBIBF5qAyWZWADALWuqqsNKWzfrK8M98ckQZmRmKk-00094.jpg": {"object_bounding_box": {"x": 617, "y": 650, "w": 162, "h": 163}, "object_not_present": false}, "P174--grinder--clutter--aHOBIBF5qAyWZWADALWuqqsNKWzfrK8M98ckQZmRmKk-00095.jpg": {"object_bounding_box": {"x": 614, "y": 666, "w": 162, "h": 162}, "object_not_present": false}, "P174--grinder--clutter--aHOBIBF5qAyWZWADALWuqqsNKWzfrK8M98ckQZmRmKk-00096.jpg": {"object_bounding_box": {"x": 603, "y": 682, "w": 158, "h": 158}, "object_not_present": false}, "P174--grinder--clutter--aHOBIBF5qAyWZWADALWuqqsNKWzfrK8M98ckQZmRmKk-00097.jpg": {"object_bounding_box": {"x": 590, "y": 688, "w": 156, "h": 156}, "object_not_present": false}, "P174--grinder--clutter--aHOBIBF5qAyWZWADALWuqqsNKWzfrK8M98ckQZmRmKk-00098.jpg": {"object_bounding_box": {"x": 579, "y": 686, "w": 154, "h": 155}, "object_not_present": false}, "P174--grinder--clutter--aHOBIBF5qAyWZWADALWuqqsNKWzfrK8M98ckQZmRmKk-00099.jpg": {"object_bounding_box": {"x": 577, "y": 687, "w": 151, "h": 153}, "object_not_present": false}, "P174--grinder--clutter--aHOBIBF5qAyWZWADALWuqqsNKWzfrK8M98ckQZmRmKk-00100.jpg": {"object_bounding_box": {"x": 579, "y": 690, "w": 149, "h": 151}, "object_not_present": false}, "P174--grinder--clutter--aHOBIBF5qAyWZWADALWuqqsNKWzfrK8M98ckQZmRmKk-00101.jpg": {"object_bounding_box": {"x": 580, "y": 693, "w": 148, "h": 148}, "object_not_present": false}, "P174--grinder--clutter--aHOBIBF5qAyWZWADALWuqqsNKWzfrK8M98ckQZmRmKk-00102.jpg": {"object_bounding_box": {"x": 584, "y": 697, "w": 145, "h": 146}, "object_not_present": false}, "P174--grinder--clutter--aHOBIBF5qAyWZWADALWuqqsNKWzfrK8M98ckQZmRmKk-00103.jpg": {"object_bounding_box": {"x": 593, "y": 702, "w": 143, "h": 145}, "object_not_present": false}, "P174--grinder--clutter--aHOBIBF5qAyWZWADALWuqqsNKWzfrK8M98ckQZmRmKk-00104.jpg": {"object_bounding_box": {"x": 600, "y": 709, "w": 140, "h": 141}, "object_not_present": false}, "P174--grinder--clutter--aHOBIBF5qAyWZWADALWuqqsNKWzfrK8M98ckQZmRmKk-00105.jpg": {"object_bounding_box": {"x": 610, "y": 714, "w": 136, "h": 140}, "object_not_present": false}, "P174--grinder--clutter--aHOBIBF5qAyWZWADALWuqqsNKWzfrK8M98ckQZmRmKk-00106.jpg": {"object_bounding_box": {"x": 617, "y": 720, "w": 136, "h": 137}, "object_not_present": false}, "P174--grinder--clutter--aHOBIBF5qAyWZWADALWuqqsNKWzfrK8M98ckQZmRmKk-00107.jpg": {"object_bounding_box": {"x": 611, "y": 729, "w": 133, "h": 135}, "object_not_present": false}, "P174--grinder--clutter--aHOBIBF5qAyWZWADALWuqqsNKWzfrK8M98ckQZmRmKk-00108.jpg": {"object_bounding_box": {"x": 587, "y": 743, "w": 133, "h": 133}, "object_not_present": false}, "P174--grinder--clutter--aHOBIBF5qAyWZWADALWuqqsNKWzfrK8M98ckQZmRmKk-00109.jpg": {"object_bounding_box": {"x": 524, "y": 762, "w": 128, "h": 131}, "object_not_present": false}, "P174--grinder--clutter--aHOBIBF5qAyWZWADALWuqqsNKWzfrK8M98ckQZmRmKk-00110.jpg": {"object_bounding_box": {"x": 477, "y": 777, "w": 125, "h": 130}, "object_not_present": false}, "P174--grinder--clutter--aHOBIBF5qAyWZWADALWuqqsNKWzfrK8M98ckQZmRmKk-00111.jpg": {"object_bounding_box": {"x": 470, "y": 789, "w": 123, "h": 126}, "object_not_present": false}, "P174--grinder--clutter--aHOBIBF5qAyWZWADALWuqqsNKWzfrK8M98ckQZmRmKk-00112.jpg": {"object_bounding_box": {"x": 456, "y": 797, "w": 123, "h": 126}, "object_not_present": false}, "P174--grinder--clutter--aHOBIBF5qAyWZWADALWuqqsNKWzfrK8M98ckQZmRmKk-00113.jpg": {"object_bounding_box": {"x": 445, "y": 809, "w": 120, "h": 125}, "object_not_present": false}, "P174--grinder--clutter--aHOBIBF5qAyWZWADALWuqqsNKWzfrK8M98ckQZmRmKk-00114.jpg": {"object_bounding_box": {"x": 450, "y": 818, "w": 119, "h": 124}, "object_not_present": false}, "P174--grinder--clutter--aHOBIBF5qAyWZWADALWuqqsNKWzfrK8M98ckQZmRmKk-00115.jpg": {"object_bounding_box": {"x": 451, "y": 826, "w": 118, "h": 123}, "object_not_present": false}, "P174--grinder--clutter--aHOBIBF5qAyWZWADALWuqqsNKWzfrK8M98ckQZmRmKk-00116.jpg": {"object_bounding_box": {"x": 454, "y": 834, "w": 116, "h": 121}, "object_not_present": false}, "P174--grinder--clutter--aHOBIBF5qAyWZWADALWuqqsNKWzfrK8M98ckQZmRmKk-00117.jpg": {"object_bounding_box": {"x": 459, "y": 839, "w": 115, "h": 120}, "object_not_present": false}, "P174--grinder--clutter--aHOBIBF5qAyWZWADALWuqqsNKWzfrK8M98ckQZmRmKk-00118.jpg": {"object_bounding_box": {"x": 467, "y": 840, "w": 114, "h": 119}, "object_not_present": false}, "P174--grinder--clutter--aHOBIBF5qAyWZWADALWuqqsNKWzfrK8M98ckQZmRmKk-00119.jpg": {"object_bounding_box": {"x": 472, "y": 842, "w": 114, "h": 118}, "object_not_present": false}, "P174--grinder--clutter--aHOBIBF5qAyWZWADALWuqqsNKWzfrK8M98ckQZmRmKk-00120.jpg": {"object_bounding_box": {"x": 475, "y": 844, "w": 112, "h": 117}, "object_not_present": false}, "P174--grinder--clutter--aHOBIBF5qAyWZWADALWuqqsNKWzfrK8M98ckQZmRmKk-00121.jpg": {"object_bounding_box": {"x": 467, "y": 839, "w": 112, "h": 117}, "object_not_present": false}, "P174--grinder--clutter--aHOBIBF5qAyWZWADALWuqqsNKWzfrK8M98ckQZmRmKk-00122.jpg": {"object_bounding_box": {"x": 454, "y": 834, "w": 112, "h": 116}, "object_not_present": false}, "P174--grinder--clutter--aHOBIBF5qAyWZWADALWuqqsNKWzfrK8M98ckQZmRmKk-00123.jpg": {"object_bounding_box": {"x": 444, "y": 825, "w": 111, "h": 115}, "object_not_present": false}, "P174--grinder--clutter--aHOBIBF5qAyWZWADALWuqqsNKWzfrK8M98ckQZmRmKk-00124.jpg": {"object_bounding_box": {"x": 431, "y": 810, "w": 111, "h": 114}, "object_not_present": false}, "P174--grinder--clutter--aHOBIBF5qAyWZWADALWuqqsNKWzfrK8M98ckQZmRmKk-00125.jpg": {"object_bounding_box": {"x": 409, "y": 794, "w": 111, "h": 114}, "object_not_present": false}, "P174--grinder--clutter--aHOBIBF5qAyWZWADALWuqqsNKWzfrK8M98ckQZmRmKk-00126.jpg": {"object_bounding_box": {"x": 394, "y": 776, "w": 109, "h": 112}, "object_not_present": false}, "P174--grinder--clutter--aHOBIBF5qAyWZWADALWuqqsNKWzfrK8M98ckQZmRmKk-00127.jpg": {"object_bounding_box": {"x": 373, "y": 753, "w": 110, "h": 112}, "object_not_present": false}, "P174--grinder--clutter--aHOBIBF5qAyWZWADALWuqqsNKWzfrK8M98ckQZmRmKk-00128.jpg": {"object_bounding_box": {"x": 360, "y": 731, "w": 109, "h": 112}, "object_not_present": false}, "P174--grinder--clutter--aHOBIBF5qAyWZWADALWuqqsNKWzfrK8M98ckQZmRmKk-00129.jpg": {"object_bounding_box": {"x": 344, "y": 714, "w": 109, "h": 109}, "object_not_present": false}, "P174--grinder--clutter--aHOBIBF5qAyWZWADALWuqqsNKWzfrK8M98ckQZmRmKk-00130.jpg": {"object_bounding_box": {"x": 324, "y": 696, "w": 111, "h": 109}, "object_not_present": false}, "P174--grinder--clutter--aHOBIBF5qAyWZWADALWuqqsNKWzfrK8M98ckQZmRmKk-00131.jpg": {"object_bounding_box": {"x": 305, "y": 687, "w": 111, "h": 108}, "object_not_present": false}, "P174--grinder--clutter--aHOBIBF5qAyWZWADALWuqqsNKWzfrK8M98ckQZmRmKk-00132.jpg": {"object_bounding_box": {"x": 290, "y": 682, "w": 109, "h": 109}, "object_not_present": false}, "P174--grinder--clutter--aHOBIBF5qAyWZWADALWuqqsNKWzfrK8M98ckQZmRmKk-00133.jpg": {"object_bounding_box": {"x": 274, "y": 678, "w": 111, "h": 110}, "object_not_present": false}, "P174--grinder--clutter--aHOBIBF5qAyWZWADALWuqqsNKWzfrK8M98ckQZmRmKk-00134.jpg": {"object_bounding_box": {"x": 269, "y": 682, "w": 110, "h": 110}, "object_not_present": false}, "P174--grinder--clutter--aHOBIBF5qAyWZWADALWuqqsNKWzfrK8M98ckQZmRmKk-00135.jpg": {"object_bounding_box": {"x": 265, "y": 695, "w": 111, "h": 112}, "object_not_present": false}, "P174--grinder--clutter--aHOBIBF5qAyWZWADALWuqqsNKWzfrK8M98ckQZmRmKk-00136.jpg": {"object_bounding_box": {"x": 262, "y": 706, "w": 110, "h": 112}, "object_not_present": false}, "P174--grinder--clutter--aHOBIBF5qAyWZWADALWuqqsNKWzfrK8M98ckQZmRmKk-00137.jpg": {"object_bounding_box": {"x": 270, "y": 723, "w": 110, "h": 112}, "object_not_present": false}, "P174--grinder--clutter--aHOBIBF5qAyWZWADALWuqqsNKWzfrK8M98ckQZmRmKk-00138.jpg": {"object_bounding_box": {"x": 279, "y": 743, "w": 110, "h": 111}, "object_not_present": false}, "P174--grinder--clutter--aHOBIBF5qAyWZWADALWuqqsNKWzfrK8M98ckQZmRmKk-00139.jpg": {"object_bounding_box": {"x": 287, "y": 758, "w": 110, "h": 112}, "object_not_present": false}, "P174--grinder--clutter--aHOBIBF5qAyWZWADALWuqqsNKWzfrK8M98ckQZmRmKk-00140.jpg": {"object_bounding_box": {"x": 299, "y": 770, "w": 110, "h": 112}, "object_not_present": false}, "P174--grinder--clutter--aHOBIBF5qAyWZWADALWuqqsNKWzfrK8M98ckQZmRmKk-00141.jpg": {"object_bounding_box": {"x": 304, "y": 781, "w": 110, "h": 112}, "object_not_present": false}, "P174--grinder--clutter--aHOBIBF5qAyWZWADALWuqqsNKWzfrK8M98ckQZmRmKk-00142.jpg": {"object_bounding_box": {"x": 313, "y": 799, "w": 109, "h": 111}, "object_not_present": false}, "P174--grinder--clutter--aHOBIBF5qAyWZWADALWuqqsNKWzfrK8M98ckQZmRmKk-00143.jpg": {"object_bounding_box": {"x": 316, "y": 818, "w": 108, "h": 111}, "object_not_present": false}, "P174--grinder--clutter--aHOBIBF5qAyWZWADALWuqqsNKWzfrK8M98ckQZmRmKk-00144.jpg": {"object_bounding_box": {"x": 317, "y": 842, "w": 106, "h": 111}, "object_not_present": false}, "P174--grinder--clutter--aHOBIBF5qAyWZWADALWuqqsNKWzfrK8M98ckQZmRmKk-00145.jpg": {"object_bounding_box": {"x": 314, "y": 866, "w": 106, "h": 109}, "object_not_present": false}, "P174--grinder--clutter--aHOBIBF5qAyWZWADALWuqqsNKWzfrK8M98ckQZmRmKk-00146.jpg": {"object_bounding_box": {"x": 312, "y": 889, "w": 105, "h": 109}, "object_not_present": false}, "P174--grinder--clutter--aHOBIBF5qAyWZWADALWuqqsNKWzfrK8M98ckQZmRmKk-00147.jpg": {"object_bounding_box": {"x": 305, "y": 909, "w": 105, "h": 109}, "object_not_present": false}, "P174--grinder--clutter--aHOBIBF5qAyWZWADALWuqqsNKWzfrK8M98ckQZmRmKk-00148.jpg": {"object_bounding_box": {"x": 295, "y": 928, "w": 105, "h": 109}, "object_not_present": false}, "P174--grinder--clutter--aHOBIBF5qAyWZWADALWuqqsNKWzfrK8M98ckQZmRmKk-00149.jpg": {"object_bounding_box": {"x": 284, "y": 945, "w": 105, "h": 108}, "object_not_present": false}, "P174--grinder--clutter--aHOBIBF5qAyWZWADALWuqqsNKWzfrK8M98ckQZmRmKk-00150.jpg": {"object_bounding_box": {"x": 272, "y": 954, "w": 106, "h": 108}, "object_not_present": false}, "P174--grinder--clutter--aHOBIBF5qAyWZWADALWuqqsNKWzfrK8M98ckQZmRmKk-00151.jpg": {"object_bounding_box": {"x": 257, "y": 956, "w": 108, "h": 111}, "object_not_present": false}, "P174--grinder--clutter--aHOBIBF5qAyWZWADALWuqqsNKWzfrK8M98ckQZmRmKk-00152.jpg": {"object_bounding_box": {"x": 242, "y": 960, "w": 109, "h": 112}, "object_not_present": false}, "P174--grinder--clutter--aHOBIBF5qAyWZWADALWuqqsNKWzfrK8M98ckQZmRmKk-00153.jpg": {"object_bounding_box": {"x": 240, "y": 962, "w": 110, "h": 115}, "object_not_present": false}, "P174--grinder--clutter--aHOBIBF5qAyWZWADALWuqqsNKWzfrK8M98ckQZmRmKk-00154.jpg": {"object_bounding_box": {"x": 209, "y": 966, "w": 117, "h": 114}, "object_not_present": false}, "P174--grinder--clutter--aHOBIBF5qAyWZWADALWuqqsNKWzfrK8M98ckQZmRmKk-00155.jpg": {"object_bounding_box": {"x": 109, "y": 1021, "w": 124, "h": 59}, "object_not_present": false}, "P174--grinder--clutter--aHOBIBF5qAyWZWADALWuqqsNKWzfrK8M98ckQZmRmKk-00156.jpg": {"object_bounding_box": null, "object_not_present": true}, "P174--grinder--clutter--aHOBIBF5qAyWZWADALWuqqsNKWzfrK8M98ckQZmRmKk-00157.jpg": {"object_bounding_box": null, "object_not_present": true}, "P174--grinder--clutter--aHOBIBF5qAyWZWADALWuqqsNKWzfrK8M98ckQZmRmKk-00158.jpg": {"object_bounding_box": null, "object_not_present": true}, "P174--grinder--clutter--aHOBIBF5qAyWZWADALWuqqsNKWzfrK8M98ckQZmRmKk-00159.jpg": {"object_bounding_box": null, "object_not_present": true}, "P174--grinder--clutter--aHOBIBF5qAyWZWADALWuqqsNKWzfrK8M98ckQZmRmKk-00160.jpg": {"object_bounding_box": null, "object_not_present": true}, "P174--grinder--clutter--aHOBIBF5qAyWZWADALWuqqsNKWzfrK8M98ckQZmRmKk-00161.jpg": {"object_bounding_box": null, "object_not_present": true}, "P174--grinder--clutter--aHOBIBF5qAyWZWADALWuqqsNKWzfrK8M98ckQZmRmKk-00162.jpg": {"object_bounding_box": null, "object_not_present": true}, "P174--grinder--clutter--aHOBIBF5qAyWZWADALWuqqsNKWzfrK8M98ckQZmRmKk-00163.jpg": {"object_bounding_box": null, "object_not_present": true}, "P174--grinder--clutter--aHOBIBF5qAyWZWADALWuqqsNKWzfrK8M98ckQZmRmKk-00164.jpg": {"object_bounding_box": null, "object_not_present": true}, "P174--grinder--clutter--aHOBIBF5qAyWZWADALWuqqsNKWzfrK8M98ckQZmRmKk-00165.jpg": {"object_bounding_box": null, "object_not_present": true}, "P174--grinder--clutter--aHOBIBF5qAyWZWADALWuqqsNKWzfrK8M98ckQZmRmKk-00166.jpg": {"object_bounding_box": {"x": 338, "y": 1038, "w": 154, "h": 42}, "object_not_present": false}, "P174--grinder--clutter--aHOBIBF5qAyWZWADALWuqqsNKWzfrK8M98ckQZmRmKk-00167.jpg": {"object_bounding_box": {"x": 268, "y": 1009, "w": 211, "h": 71}, "object_not_present": false}, "P174--grinder--clutter--aHOBIBF5qAyWZWADALWuqqsNKWzfrK8M98ckQZmRmKk-00168.jpg": {"object_bounding_box": {"x": 201, "y": 984, "w": 240, "h": 96}, "object_not_present": false}, "P174--grinder--clutter--aHOBIBF5qAyWZWADALWuqqsNKWzfrK8M98ckQZmRmKk-00169.jpg": {"object_bounding_box": {"x": 197, "y": 940, "w": 266, "h": 140}, "object_not_present": false}, "P174--grinder--clutter--aHOBIBF5qAyWZWADALWuqqsNKWzfrK8M98ckQZmRmKk-00170.jpg": {"object_bounding_box": {"x": 233, "y": 889, "w": 289, "h": 191}, "object_not_present": false}, "P174--grinder--clutter--aHOBIBF5qAyWZWADALWuqqsNKWzfrK8M98ckQZmRmKk-00171.jpg": {"object_bounding_box": {"x": 243, "y": 855, "w": 318, "h": 225}, "object_not_present": false}, "P174--grinder--clutter--aHOBIBF5qAyWZWADALWuqqsNKWzfrK8M98ckQZmRmKk-00172.jpg": {"object_bounding_box": {"x": 248, "y": 831, "w": 341, "h": 249}, "object_not_present": false}, "P174--grinder--clutter--aHOBIBF5qAyWZWADALWuqqsNKWzfrK8M98ckQZmRmKk-00173.jpg": {"object_bounding_box": {"x": 260, "y": 818, "w": 362, "h": 262}, "object_not_present": false}, "P174--grinder--clutter--aHOBIBF5qAyWZWADALWuqqsNKWzfrK8M98ckQZmRmKk-00174.jpg": {"object_bounding_box": {"x": 260, "y": 804, "w": 387, "h": 276}, "object_not_present": false}, "P174--grinder--clutter--aHOBIBF5qAyWZWADALWuqqsNKWzfrK8M98ckQZmRmKk-00175.jpg": {"object_bounding_box": {"x": 269, "y": 774, "w": 410, "h": 306}, "object_not_present": false}, "P174--grinder--clutter--aHOBIBF5qAyWZWADALWuqqsNKWzfrK8M98ckQZmRmKk-00176.jpg": {"object_bounding_box": {"x": 288, "y": 725, "w": 439, "h": 355}, "object_not_present": false}, "P174--grinder--clutter--aHOBIBF5qAyWZWADALWuqqsNKWzfrK8M98ckQZmRmKk-00177.jpg": {"object_bounding_box": {"x": 300, "y": 665, "w": 471, "h": 415}, "object_not_present": false}, "P174--grinder--clutter--aHOBIBF5qAyWZWADALWuqqsNKWzfrK8M98ckQZmRmKk-00178.jpg": {"object_bounding_box": {"x": 300, "y": 600, "w": 506, "h": 480}, "object_not_present": false}, "P174--grinder--clutter--aHOBIBF5qAyWZWADALWuqqsNKWzfrK8M98ckQZmRmKk-00179.jpg": {"object_bounding_box": {"x": 272, "y": 518, "w": 554, "h": 562}, "object_not_present": false}, "P174--grinder--clutter--aHOBIBF5qAyWZWADALWuqqsNKWzfrK8M98ckQZmRmKk-00180.jpg": {"object_bounding_box": {"x": 235, "y": 448, "w": 597, "h": 615}, "object_not_present": false}, "P174--grinder--clutter--aHOBIBF5qAyWZWADALWuqqsNKWzfrK8M98ckQZmRmKk-00181.jpg": {"object_bounding_box": {"x": 193, "y": 384, "w": 638, "h": 661}, "object_not_present": false}, "P174--grinder--clutter--aHOBIBF5qAyWZWADALWuqqsNKWzfrK8M98ckQZmRmKk-00182.jpg": {"object_bounding_box": {"x": 151, "y": 296, "w": 693, "h": 723}, "object_not_present": false}, "P174--grinder--clutter--aHOBIBF5qAyWZWADALWuqqsNKWzfrK8M98ckQZmRmKk-00183.jpg": {"object_bounding_box": {"x": 90, "y": 173, "w": 776, "h": 784}, "object_not_present": false}, "P174--grinder--clutter--aHOBIBF5qAyWZWADALWuqqsNKWzfrK8M98ckQZmRmKk-00184.jpg": {"object_bounding_box": {"x": 14, "y": 41, "w": 874, "h": 867}, "object_not_present": false}, "P174--grinder--clutter--aHOBIBF5qAyWZWADALWuqqsNKWzfrK8M98ckQZmRmKk-00185.jpg": {"object_bounding_box": {"x": 0, "y": 0, "w": 906, "h": 888}, "object_not_present": false}, "P174--grinder--clutter--aHOBIBF5qAyWZWADALWuqqsNKWzfrK8M98ckQZmRmKk-00186.jpg": {"object_bounding_box": {"x": 0, "y": 0, "w": 924, "h": 895}, "object_not_present": false}, "P174--grinder--clutter--aHOBIBF5qAyWZWADALWuqqsNKWzfrK8M98ckQZmRmKk-00187.jpg": {"object_bounding_box": {"x": 0, "y": 0, "w": 903, "h": 852}, "object_not_present": false}, "P174--grinder--clutter--aHOBIBF5qAyWZWADALWuqqsNKWzfrK8M98ckQZmRmKk-00188.jpg": {"object_bounding_box": {"x": 0, "y": 0, "w": 787, "h": 995}, "object_not_present": false}, "P174--grinder--clutter--aHOBIBF5qAyWZWADALWuqqsNKWzfrK8M98ckQZmRmKk-00189.jpg": {"object_bounding_box": {"x": 0, "y": 0, "w": 638, "h": 1051}, "object_not_present": false}, "P174--grinder--clutter--aHOBIBF5qAyWZWADALWuqqsNKWzfrK8M98ckQZmRmKk-00190.jpg": {"object_bounding_box": {"x": 0, "y": 0, "w": 495, "h": 1051}, "object_not_present": false}, "P174--grinder--clutter--aHOBIBF5qAyWZWADALWuqqsNKWzfrK8M98ckQZmRmKk-00191.jpg": {"object_bounding_box": {"x": 0, "y": 0, "w": 384, "h": 931}, "object_not_present": false}, "P174--grinder--clutter--aHOBIBF5qAyWZWADALWuqqsNKWzfrK8M98ckQZmRmKk-00192.jpg": {"object_bounding_box": {"x": 0, "y": 74, "w": 258, "h": 822}, "object_not_present": false}, "P174--grinder--clutter--aHOBIBF5qAyWZWADALWuqqsNKWzfrK8M98ckQZmRmKk-00193.jpg": {"object_bounding_box": {"x": 0, "y": 62, "w": 179, "h": 794}, "object_not_present": false}, "P174--grinder--clutter--aHOBIBF5qAyWZWADALWuqqsNKWzfrK8M98ckQZmRmKk-00194.jpg": {"object_bounding_box": {"x": 0, "y": 34, "w": 160, "h": 761}, "object_not_present": false}, "P174--grinder--clutter--aHOBIBF5qAyWZWADALWuqqsNKWzfrK8M98ckQZmRmKk-00195.jpg": {"object_bounding_box": {"x": 0, "y": 0, "w": 128, "h": 681}, "object_not_present": false}, "P174--grinder--clutter--aHOBIBF5qAyWZWADALWuqqsNKWzfrK8M98ckQZmRmKk-00196.jpg": {"object_bounding_box": {"x": 0, "y": 0, "w": 73, "h": 352}, "object_not_present": false}, "P174--grinder--clutter--aHOBIBF5qAyWZWADALWuqqsNKWzfrK8M98ckQZmRmKk-00197.jpg": {"object_bounding_box": null, "object_not_present": true}, "P174--grinder--clutter--aHOBIBF5qAyWZWADALWuqqsNKWzfrK8M98ckQZmRmKk-00198.jpg": {"object_bounding_box": null, "object_not_present": true}, "P174--grinder--clutter--aHOBIBF5qAyWZWADALWuqqsNKWzfrK8M98ckQZmRmKk-00199.jpg": {"object_bounding_box": null, "object_not_present": true}, "P174--grinder--clutter--aHOBIBF5qAyWZWADALWuqqsNKWzfrK8M98ckQZmRmKk-00200.jpg": {"object_bounding_box": null, "object_not_present": true}, "P174--grinder--clutter--aHOBIBF5qAyWZWADALWuqqsNKWzfrK8M98ckQZmRmKk-00201.jpg": {"object_bounding_box": null, "object_not_present": true}, "P174--grinder--clutter--aHOBIBF5qAyWZWADALWuqqsNKWzfrK8M98ckQZmRmKk-00202.jpg": {"object_bounding_box": null, "object_not_present": true}, "P174--grinder--clutter--aHOBIBF5qAyWZWADALWuqqsNKWzfrK8M98ckQZmRmKk-00203.jpg": {"object_bounding_box": null, "object_not_present": true}, "P174--grinder--clutter--aHOBIBF5qAyWZWADALWuqqsNKWzfrK8M98ckQZmRmKk-00204.jpg": {"object_bounding_box": null, "object_not_present": true}, "P174--grinder--clutter--aHOBIBF5qAyWZWADALWuqqsNKWzfrK8M98ckQZmRmKk-00205.jpg": {"object_bounding_box": null, "object_not_present": true}, "P174--grinder--clutter--aHOBIBF5qAyWZWADALWuqqsNKWzfrK8M98ckQZmRmKk-00206.jpg": {"object_bounding_box": null, "object_not_present": true}, "P174--grinder--clutter--aHOBIBF5qAyWZWADALWuqqsNKWzfrK8M98ckQZmRmKk-00207.jpg": {"object_bounding_box": null, "object_not_present": true}, "P174--grinder--clutter--aHOBIBF5qAyWZWADALWuqqsNKWzfrK8M98ckQZmRmKk-00208.jpg": {"object_bounding_box": null, "object_not_present": true}, "P174--grinder--clutter--aHOBIBF5qAyWZWADALWuqqsNKWzfrK8M98ckQZmRmKk-00209.jpg": {"object_bounding_box": null, "object_not_present": true}, "P174--grinder--clutter--aHOBIBF5qAyWZWADALWuqqsNKWzfrK8M98ckQZmRmKk-00210.jpg": {"object_bounding_box": null, "object_not_present": true}, "P174--grinder--clutter--aHOBIBF5qAyWZWADALWuqqsNKWzfrK8M98ckQZmRmKk-00211.jpg": {"object_bounding_box": null, "object_not_present": true}, "P174--grinder--clutter--aHOBIBF5qAyWZWADALWuqqsNKWzfrK8M98ckQZmRmKk-00212.jpg": {"object_bounding_box": null, "object_not_present": true}, "P174--grinder--clutter--aHOBIBF5qAyWZWADALWuqqsNKWzfrK8M98ckQZmRmKk-00213.jpg": {"object_bounding_box": null, "object_not_present": true}, "P174--grinder--clutter--aHOBIBF5qAyWZWADALWuqqsNKWzfrK8M98ckQZmRmKk-00214.jpg": {"object_bounding_box": null, "object_not_present": true}, "P174--grinder--clutter--aHOBIBF5qAyWZWADALWuqqsNKWzfrK8M98ckQZmRmKk-00215.jpg": {"object_bounding_box": null, "object_not_present": true}, "P174--grinder--clutter--aHOBIBF5qAyWZWADALWuqqsNKWzfrK8M98ckQZmRmKk-00216.jpg": {"object_bounding_box": null, "object_not_present": true}, "P174--grinder--clutter--aHOBIBF5qAyWZWADALWuqqsNKWzfrK8M98ckQZmRmKk-00217.jpg": {"object_bounding_box": null, "object_not_present": true}, "P174--grinder--clutter--aHOBIBF5qAyWZWADALWuqqsNKWzfrK8M98ckQZmRmKk-00218.jpg": {"object_bounding_box": null, "object_not_present": true}, "P174--grinder--clutter--aHOBIBF5qAyWZWADALWuqqsNKWzfrK8M98ckQZmRmKk-00219.jpg": {"object_bounding_box": null, "object_not_present": true}, "P174--grinder--clutter--aHOBIBF5qAyWZWADALWuqqsNKWzfrK8M98ckQZmRmKk-00220.jpg": {"object_bounding_box": null, "object_not_present": true}, "P174--grinder--clutter--aHOBIBF5qAyWZWADALWuqqsNKWzfrK8M98ckQZmRmKk-00221.jpg": {"object_bounding_box": null, "object_not_present": true}, "P174--grinder--clutter--aHOBIBF5qAyWZWADALWuqqsNKWzfrK8M98ckQZmRmKk-00222.jpg": {"object_bounding_box": null, "object_not_present": true}, "P174--grinder--clutter--aHOBIBF5qAyWZWADALWuqqsNKWzfrK8M98ckQZmRmKk-00223.jpg": {"object_bounding_box": null, "object_not_present": true}, "P174--grinder--clutter--aHOBIBF5qAyWZWADALWuqqsNKWzfrK8M98ckQZmRmKk-00224.jpg": {"object_bounding_box": null, "object_not_present": true}, "P174--grinder--clutter--aHOBIBF5qAyWZWADALWuqqsNKWzfrK8M98ckQZmRmKk-00225.jpg": {"object_bounding_box": null, "object_not_present": true}, "P174--grinder--clutter--aHOBIBF5qAyWZWADALWuqqsNKWzfrK8M98ckQZmRmKk-00226.jpg": {"object_bounding_box": null, "object_not_present": true}, "P174--grinder--clutter--aHOBIBF5qAyWZWADALWuqqsNKWzfrK8M98ckQZmRmKk-00227.jpg": {"object_bounding_box": {"x": 0, "y": 183, "w": 23, "h": 162}, "object_not_present": false}, "P174--grinder--clutter--aHOBIBF5qAyWZWADALWuqqsNKWzfrK8M98ckQZmRmKk-00228.jpg": {"object_bounding_box": {"x": 0, "y": 244, "w": 40, "h": 271}, "object_not_present": false}, "P174--grinder--clutter--aHOBIBF5qAyWZWADALWuqqsNKWzfrK8M98ckQZmRmKk-00229.jpg": {"object_bounding_box": {"x": 0, "y": 309, "w": 66, "h": 361}, "object_not_present": false}, "P174--grinder--clutter--aHOBIBF5qAyWZWADALWuqqsNKWzfrK8M98ckQZmRmKk-00230.jpg": {"object_bounding_box": {"x": 0, "y": 381, "w": 83, "h": 365}, "object_not_present": false}, "P174--grinder--clutter--aHOBIBF5qAyWZWADALWuqqsNKWzfrK8M98ckQZmRmKk-00231.jpg": {"object_bounding_box": {"x": 0, "y": 466, "w": 106, "h": 461}, "object_not_present": false}, "P174--grinder--clutter--aHOBIBF5qAyWZWADALWuqqsNKWzfrK8M98ckQZmRmKk-00232.jpg": {"object_bounding_box": {"x": 0, "y": 481, "w": 127, "h": 519}, "object_not_present": false}, "P174--grinder--clutter--aHOBIBF5qAyWZWADALWuqqsNKWzfrK8M98ckQZmRmKk-00233.jpg": {"object_bounding_box": {"x": 0, "y": 544, "w": 135, "h": 513}, "object_not_present": false}, "P174--grinder--clutter--aHOBIBF5qAyWZWADALWuqqsNKWzfrK8M98ckQZmRmKk-00234.jpg": {"object_bounding_box": {"x": 0, "y": 576, "w": 155, "h": 504}, "object_not_present": false}, "P174--grinder--clutter--aHOBIBF5qAyWZWADALWuqqsNKWzfrK8M98ckQZmRmKk-00235.jpg": {"object_bounding_box": {"x": 0, "y": 613, "w": 173, "h": 467}, "object_not_present": false}, "P174--grinder--clutter--aHOBIBF5qAyWZWADALWuqqsNKWzfrK8M98ckQZmRmKk-00236.jpg": {"object_bounding_box": {"x": 0, "y": 634, "w": 187, "h": 446}, "object_not_present": false}, "P174--grinder--clutter--aHOBIBF5qAyWZWADALWuqqsNKWzfrK8M98ckQZmRmKk-00237.jpg": {"object_bounding_box": {"x": 0, "y": 659, "w": 202, "h": 421}, "object_not_present": false}, "P174--grinder--clutter--aHOBIBF5qAyWZWADALWuqqsNKWzfrK8M98ckQZmRmKk-00238.jpg": {"object_bounding_box": {"x": 0, "y": 674, "w": 202, "h": 406}, "object_not_present": false}, "P174--grinder--clutter--aHOBIBF5qAyWZWADALWuqqsNKWzfrK8M98ckQZmRmKk-00239.jpg": {"object_bounding_box": {"x": 0, "y": 688, "w": 212, "h": 392}, "object_not_present": false}, "P174--grinder--clutter--aHOBIBF5qAyWZWADALWuqqsNKWzfrK8M98ckQZmRmKk-00240.jpg": {"object_bounding_box": {"x": 0, "y": 695, "w": 217, "h": 385}, "object_not_present": false}, "P174--grinder--clutter--aHOBIBF5qAyWZWADALWuqqsNKWzfrK8M98ckQZmRmKk-00241.jpg": {"object_bounding_box": {"x": 0, "y": 705, "w": 217, "h": 375}, "object_not_present": false}, "P174--grinder--clutter--aHOBIBF5qAyWZWADALWuqqsNKWzfrK8M98ckQZmRmKk-00242.jpg": {"object_bounding_box": {"x": 0, "y": 719, "w": 227, "h": 361}, "object_not_present": false}, "P174--grinder--clutter--aHOBIBF5qAyWZWADALWuqqsNKWzfrK8M98ckQZmRmKk-00243.jpg": {"object_bounding_box": {"x": 0, "y": 730, "w": 227, "h": 350}, "object_not_present": false}, "P174--grinder--clutter--aHOBIBF5qAyWZWADALWuqqsNKWzfrK8M98ckQZmRmKk-00244.jpg": {"object_bounding_box": {"x": 0, "y": 740, "w": 227, "h": 340}, "object_not_present": false}, "P174--grinder--clutter--aHOBIBF5qAyWZWADALWuqqsNKWzfrK8M98ckQZmRmKk-00245.jpg": {"object_bounding_box": {"x": 0, "y": 730, "w": 227, "h": 350}, "object_not_present": false}, "P174--grinder--clutter--aHOBIBF5qAyWZWADALWuqqsNKWzfrK8M98ckQZmRmKk-00246.jpg": {"object_bounding_box": {"x": 0, "y": 716, "w": 227, "h": 364}, "object_not_present": false}, "P174--grinder--clutter--aHOBIBF5qAyWZWADALWuqqsNKWzfrK8M98ckQZmRmKk-00247.jpg": {"object_bounding_box": {"x": 0, "y": 695, "w": 210, "h": 385}, "object_not_present": false}, "P174--grinder--clutter--aHOBIBF5qAyWZWADALWuqqsNKWzfrK8M98ckQZmRmKk-00248.jpg": {"object_bounding_box": {"x": 0, "y": 673, "w": 213, "h": 407}, "object_not_present": false}, "P174--grinder--clutter--aHOBIBF5qAyWZWADALWuqqsNKWzfrK8M98ckQZmRmKk-00249.jpg": {"object_bounding_box": {"x": 0, "y": 647, "w": 202, "h": 433}, "object_not_present": false}, "P174--grinder--clutter--aHOBIBF5qAyWZWADALWuqqsNKWzfrK8M98ckQZmRmKk-00250.jpg": {"object_bounding_box": {"x": 0, "y": 630, "w": 185, "h": 429}, "object_not_present": false}, "P174--grinder--clutter--aHOBIBF5qAyWZWADALWuqqsNKWzfrK8M98ckQZmRmKk-00251.jpg": {"object_bounding_box": {"x": 0, "y": 620, "w": 174, "h": 420}, "object_not_present": false}, "P174--grinder--clutter--aHOBIBF5qAyWZWADALWuqqsNKWzfrK8M98ckQZmRmKk-00252.jpg": {"object_bounding_box": {"x": 0, "y": 622, "w": 167, "h": 406}, "object_not_present": false}, "P174--grinder--clutter--aHOBIBF5qAyWZWADALWuqqsNKWzfrK8M98ckQZmRmKk-00253.jpg": {"object_bounding_box": {"x": 0, "y": 628, "w": 162, "h": 399}, "object_not_present": false}, "P174--grinder--clutter--aHOBIBF5qAyWZWADALWuqqsNKWzfrK8M98ckQZmRmKk-00254.jpg": {"object_bounding_box": {"x": 0, "y": 648, "w": 152, "h": 382}, "object_not_present": false}, "P174--grinder--clutter--aHOBIBF5qAyWZWADALWuqqsNKWzfrK8M98ckQZmRmKk-00255.jpg": {"object_bounding_box": {"x": 0, "y": 674, "w": 155, "h": 372}, "object_not_present": false}, "P174--grinder--clutter--aHOBIBF5qAyWZWADALWuqqsNKWzfrK8M98ckQZmRmKk-00256.jpg": {"object_bounding_box": {"x": 0, "y": 698, "w": 149, "h": 359}, "object_not_present": false}, "P174--grinder--clutter--aHOBIBF5qAyWZWADALWuqqsNKWzfrK8M98ckQZmRmKk-00257.jpg": {"object_bounding_box": {"x": 0, "y": 728, "w": 157, "h": 352}, "object_not_present": false}, "P174--grinder--clutter--aHOBIBF5qAyWZWADALWuqqsNKWzfrK8M98ckQZmRmKk-00258.jpg": {"object_bounding_box": {"x": 0, "y": 763, "w": 163, "h": 317}, "object_not_present": false}, "P174--grinder--clutter--aHOBIBF5qAyWZWADALWuqqsNKWzfrK8M98ckQZmRmKk-00259.jpg": {"object_bounding_box": {"x": 0, "y": 795, "w": 174, "h": 285}, "object_not_present": false}, "P174--grinder--clutter--aHOBIBF5qAyWZWADALWuqqsNKWzfrK8M98ckQZmRmKk-00260.jpg": {"object_bounding_box": {"x": 0, "y": 822, "w": 188, "h": 258}, "object_not_present": false}, "P174--grinder--clutter--aHOBIBF5qAyWZWADALWuqqsNKWzfrK8M98ckQZmRmKk-00261.jpg": {"object_bounding_box": {"x": 0, "y": 848, "w": 200, "h": 232}, "object_not_present": false}, "P174--grinder--clutter--aHOBIBF5qAyWZWADALWuqqsNKWzfrK8M98ckQZmRmKk-00262.jpg": {"object_bounding_box": {"x": 0, "y": 865, "w": 204, "h": 215}, "object_not_present": false}, "P174--grinder--clutter--aHOBIBF5qAyWZWADALWuqqsNKWzfrK8M98ckQZmRmKk-00263.jpg": {"object_bounding_box": {"x": 0, "y": 872, "w": 219, "h": 208}, "object_not_present": false}, "P174--grinder--clutter--aHOBIBF5qAyWZWADALWuqqsNKWzfrK8M98ckQZmRmKk-00264.jpg": {"object_bounding_box": {"x": 0, "y": 884, "w": 235, "h": 196}, "object_not_present": false}, "P174--grinder--clutter--aHOBIBF5qAyWZWADALWuqqsNKWzfrK8M98ckQZmRmKk-00265.jpg": {"object_bounding_box": {"x": 0, "y": 884, "w": 250, "h": 196}, "object_not_present": false}, "P174--grinder--clutter--aHOBIBF5qAyWZWADALWuqqsNKWzfrK8M98ckQZmRmKk-00266.jpg": {"object_bounding_box": {"x": 34, "y": 880, "w": 243, "h": 200}, "object_not_present": false}, "P174--grinder--clutter--aHOBIBF5qAyWZWADALWuqqsNKWzfrK8M98ckQZmRmKk-00267.jpg": {"object_bounding_box": {"x": 67, "y": 871, "w": 236, "h": 209}, "object_not_present": false}, "P174--grinder--clutter--aHOBIBF5qAyWZWADALWuqqsNKWzfrK8M98ckQZmRmKk-00268.jpg": {"object_bounding_box": {"x": 97, "y": 855, "w": 228, "h": 225}, "object_not_present": false}, "P174--grinder--clutter--aHOBIBF5qAyWZWADALWuqqsNKWzfrK8M98ckQZmRmKk-00269.jpg": {"object_bounding_box": {"x": 129, "y": 837, "w": 224, "h": 235}, "object_not_present": false}, "P174--grinder--clutter--aHOBIBF5qAyWZWADALWuqqsNKWzfrK8M98ckQZmRmKk-00270.jpg": {"object_bounding_box": {"x": 146, "y": 832, "w": 219, "h": 229}, "object_not_present": false}, "P174--grinder--clutter--aHOBIBF5qAyWZWADALWuqqsNKWzfrK8M98ckQZmRmKk-00271.jpg": {"object_bounding_box": {"x": 142, "y": 832, "w": 220, "h": 222}, "object_not_present": false}, "P174--grinder--clutter--aHOBIBF5qAyWZWADALWuqqsNKWzfrK8M98ckQZmRmKk-00272.jpg": {"object_bounding_box": {"x": 151, "y": 837, "w": 212, "h": 217}, "object_not_present": false}, "P174--grinder--clutter--aHOBIBF5qAyWZWADALWuqqsNKWzfrK8M98ckQZmRmKk-00273.jpg": {"object_bounding_box": {"x": 151, "y": 843, "w": 206, "h": 211}, "object_not_present": false}, "P174--grinder--clutter--aHOBIBF5qAyWZWADALWuqqsNKWzfrK8M98ckQZmRmKk-00274.jpg": {"object_bounding_box": {"x": 138, "y": 849, "w": 203, "h": 205}, "object_not_present": false}, "P174--grinder--clutter--aHOBIBF5qAyWZWADALWuqqsNKWzfrK8M98ckQZmRmKk-00275.jpg": {"object_bounding_box": {"x": 132, "y": 856, "w": 200, "h": 198}, "object_not_present": false}, "P174--grinder--clutter--aHOBIBF5qAyWZWADALWuqqsNKWzfrK8M98ckQZmRmKk-00276.jpg": {"object_bounding_box": {"x": 135, "y": 859, "w": 193, "h": 195}, "object_not_present": false}, "P174--grinder--clutter--aHOBIBF5qAyWZWADALWuqqsNKWzfrK8M98ckQZmRmKk-00277.jpg": {"object_bounding_box": {"x": 138, "y": 859, "w": 189, "h": 189}, "object_not_present": false}, "P174--grinder--clutter--aHOBIBF5qAyWZWADALWuqqsNKWzfrK8M98ckQZmRmKk-00278.jpg": {"object_bounding_box": {"x": 137, "y": 855, "w": 185, "h": 186}, "object_not_present": false}, "P174--grinder--clutter--aHOBIBF5qAyWZWADALWuqqsNKWzfrK8M98ckQZmRmKk-00279.jpg": {"object_bounding_box": {"x": 150, "y": 849, "w": 179, "h": 181}, "object_not_present": false}, "P174--grinder--clutter--aHOBIBF5qAyWZWADALWuqqsNKWzfrK8M98ckQZmRmKk-00280.jpg": {"object_bounding_box": {"x": 170, "y": 837, "w": 176, "h": 177}, "object_not_present": false}, "P174--grinder--clutter--aHOBIBF5qAyWZWADALWuqqsNKWzfrK8M98ckQZmRmKk-00281.jpg": {"object_bounding_box": {"x": 195, "y": 823, "w": 172, "h": 173}, "object_not_present": false}, "P174--grinder--clutter--aHOBIBF5qAyWZWADALWuqqsNKWzfrK8M98ckQZmRmKk-00282.jpg": {"object_bounding_box": {"x": 235, "y": 813, "w": 165, "h": 170}, "object_not_present": false}, "P174--grinder--clutter--aHOBIBF5qAyWZWADALWuqqsNKWzfrK8M98ckQZmRmKk-00283.jpg": {"object_bounding_box": {"x": 275, "y": 810, "w": 161, "h": 166}, "object_not_present": false}, "P174--grinder--clutter--aHOBIBF5qAyWZWADALWuqqsNKWzfrK8M98ckQZmRmKk-00284.jpg": {"object_bounding_box": {"x": 297, "y": 810, "w": 160, "h": 164}, "object_not_present": false}, "P174--grinder--clutter--aHOBIBF5qAyWZWADALWuqqsNKWzfrK8M98ckQZmRmKk-00285.jpg": {"object_bounding_box": {"x": 323, "y": 815, "w": 155, "h": 163}, "object_not_present": false}, "P174--grinder--clutter--aHOBIBF5qAyWZWADALWuqqsNKWzfrK8M98ckQZmRmKk-00286.jpg": {"object_bounding_box": {"x": 365, "y": 824, "w": 153, "h": 161}, "object_not_present": false}, "P174--grinder--clutter--aHOBIBF5qAyWZWADALWuqqsNKWzfrK8M98ckQZmRmKk-00287.jpg": {"object_bounding_box": {"x": 399, "y": 836, "w": 151, "h": 160}, "object_not_present": false}, "P174--grinder--clutter--aHOBIBF5qAyWZWADALWuqqsNKWzfrK8M98ckQZmRmKk-00288.jpg": {"object_bounding_box": {"x": 429, "y": 847, "w": 151, "h": 160}, "object_not_present": false}, "P174--grinder--clutter--aHOBIBF5qAyWZWADALWuqqsNKWzfrK8M98ckQZmRmKk-00289.jpg": {"object_bounding_box": {"x": 473, "y": 859, "w": 148, "h": 158}, "object_not_present": false}, "P174--grinder--clutter--aHOBIBF5qAyWZWADALWuqqsNKWzfrK8M98ckQZmRmKk-00290.jpg": {"object_bounding_box": {"x": 490, "y": 871, "w": 147, "h": 155}, "object_not_present": false}, "P174--grinder--clutter--aHOBIBF5qAyWZWADALWuqqsNKWzfrK8M98ckQZmRmKk-00291.jpg": {"object_bounding_box": {"x": 498, "y": 884, "w": 147, "h": 155}, "object_not_present": false}, "P174--grinder--clutter--aHOBIBF5qAyWZWADALWuqqsNKWzfrK8M98ckQZmRmKk-00292.jpg": {"object_bounding_box": {"x": 523, "y": 894, "w": 144, "h": 155}, "object_not_present": false}, "P174--grinder--clutter--aHOBIBF5qAyWZWADALWuqqsNKWzfrK8M98ckQZmRmKk-00293.jpg": {"object_bounding_box": {"x": 540, "y": 900, "w": 145, "h": 153}, "object_not_present": false}, "P174--grinder--clutter--aHOBIBF5qAyWZWADALWuqqsNKWzfrK8M98ckQZmRmKk-00294.jpg": {"object_bounding_box": {"x": 543, "y": 905, "w": 145, "h": 152}, "object_not_present": false}, "P174--grinder--clutter--aHOBIBF5qAyWZWADALWuqqsNKWzfrK8M98ckQZmRmKk-00295.jpg": {"object_bounding_box": {"x": 556, "y": 904, "w": 145, "h": 153}, "object_not_present": false}, "P174--grinder--clutter--aHOBIBF5qAyWZWADALWuqqsNKWzfrK8M98ckQZmRmKk-00296.jpg": {"object_bounding_box": {"x": 563, "y": 901, "w": 145, "h": 153}, "object_not_present": false}, "P174--grinder--clutter--aHOBIBF5qAyWZWADALWuqqsNKWzfrK8M98ckQZmRmKk-00297.jpg": {"object_bounding_box": {"x": 549, "y": 898, "w": 148, "h": 153}, "object_not_present": false}, "P174--grinder--clutter--aHOBIBF5qAyWZWADALWuqqsNKWzfrK8M98ckQZmRmKk-00298.jpg": {"object_bounding_box": {"x": 525, "y": 906, "w": 145, "h": 153}, "object_not_present": false}, "P174--grinder--clutter--aHOBIBF5qAyWZWADALWuqqsNKWzfrK8M98ckQZmRmKk-00299.jpg": {"object_bounding_box": {"x": 511, "y": 926, "w": 146, "h": 154}, "object_not_present": false}, "P174--grinder--clutter--aHOBIBF5qAyWZWADALWuqqsNKWzfrK8M98ckQZmRmKk-00300.jpg": {"object_bounding_box": {"x": 509, "y": 942, "w": 144, "h": 138}, "object_not_present": false}, "P174--grinder--clutter--aHOBIBF5qAyWZWADALWuqqsNKWzfrK8M98ckQZmRmKk-00301.jpg": {"object_bounding_box": {"x": 496, "y": 956, "w": 146, "h": 124}, "object_not_present": false}, "P174--grinder--clutter--aHOBIBF5qAyWZWADALWuqqsNKWzfrK8M98ckQZmRmKk-00302.jpg": {"object_bounding_box": {"x": 490, "y": 967, "w": 143, "h": 113}, "object_not_present": false}, "P174--grinder--clutter--aHOBIBF5qAyWZWADALWuqqsNKWzfrK8M98ckQZmRmKk-00303.jpg": {"object_bounding_box": {"x": 475, "y": 971, "w": 142, "h": 109}, "object_not_present": false}, "P174--grinder--clutter--aHOBIBF5qAyWZWADALWuqqsNKWzfrK8M98ckQZmRmKk-00304.jpg": {"object_bounding_box": {"x": 462, "y": 972, "w": 138, "h": 108}, "object_not_present": false}, "P174--grinder--clutter--aHOBIBF5qAyWZWADALWuqqsNKWzfrK8M98ckQZmRmKk-00305.jpg": {"object_bounding_box": {"x": 441, "y": 977, "w": 141, "h": 103}, "object_not_present": false}, "P174--grinder--clutter--aHOBIBF5qAyWZWADALWuqqsNKWzfrK8M98ckQZmRmKk-00306.jpg": {"object_bounding_box": {"x": 400, "y": 981, "w": 144, "h": 99}, "object_not_present": false}, "P174--grinder--clutter--aHOBIBF5qAyWZWADALWuqqsNKWzfrK8M98ckQZmRmKk-00307.jpg": {"object_bounding_box": {"x": 371, "y": 975, "w": 144, "h": 105}, "object_not_present": false}, "P174--grinder--clutter--aHOBIBF5qAyWZWADALWuqqsNKWzfrK8M98ckQZmRmKk-00308.jpg": {"object_bounding_box": {"x": 354, "y": 970, "w": 140, "h": 110}, "object_not_present": false}, "P174--grinder--clutter--aHOBIBF5qAyWZWADALWuqqsNKWzfrK8M98ckQZmRmKk-00309.jpg": {"object_bounding_box": {"x": 326, "y": 968, "w": 137, "h": 112}, "object_not_present": false}, "P174--grinder--clutter--aHOBIBF5qAyWZWADALWuqqsNKWzfrK8M98ckQZmRmKk-00310.jpg": {"object_bounding_box": {"x": 287, "y": 969, "w": 147, "h": 111}, "object_not_present": false}, "P174--grinder--clutter--aHOBIBF5qAyWZWADALWuqqsNKWzfrK8M98ckQZmRmKk-00311.jpg": {"object_bounding_box": {"x": 217, "y": 962, "w": 145, "h": 118}, "object_not_present": false}, "P174--grinder--clutter--aHOBIBF5qAyWZWADALWuqqsNKWzfrK8M98ckQZmRmKk-00312.jpg": {"object_bounding_box": {"x": 131, "y": 967, "w": 146, "h": 113}, "object_not_present": false}, "P174--grinder--clutter--aHOBIBF5qAyWZWADALWuqqsNKWzfrK8M98ckQZmRmKk-00313.jpg": {"object_bounding_box": {"x": 78, "y": 971, "w": 145, "h": 108}, "object_not_present": false}, "P174--grinder--clutter--aHOBIBF5qAyWZWADALWuqqsNKWzfrK8M98ckQZmRmKk-00314.jpg": {"object_bounding_box": {"x": 72, "y": 967, "w": 141, "h": 113}, "object_not_present": false}, "P174--grinder--clutter--aHOBIBF5qAyWZWADALWuqqsNKWzfrK8M98ckQZmRmKk-00315.jpg": {"object_bounding_box": {"x": 48, "y": 944, "w": 131, "h": 136}, "object_not_present": false}, "P174--grinder--clutter--aHOBIBF5qAyWZWADALWuqqsNKWzfrK8M98ckQZmRmKk-00316.jpg": {"object_bounding_box": {"x": 0, "y": 910, "w": 135, "h": 153}, "object_not_present": false}, "P174--grinder--clutter--aHOBIBF5qAyWZWADALWuqqsNKWzfrK8M98ckQZmRmKk-00317.jpg": {"object_bounding_box": {"x": 0, "y": 886, "w": 87, "h": 154}, "object_not_present": false}, "P174--grinder--clutter--aHOBIBF5qAyWZWADALWuqqsNKWzfrK8M98ckQZmRmKk-00318.jpg": {"object_bounding_box": {"x": 0, "y": 864, "w": 67, "h": 167}, "object_not_present": false}, "P174--grinder--clutter--aHOBIBF5qAyWZWADALWuqqsNKWzfrK8M98ckQZmRmKk-00319.jpg": {"object_bounding_box": {"x": 0, "y": 843, "w": 50, "h": 167}, "object_not_present": false}, "P174--grinder--clutter--aHOBIBF5qAyWZWADALWuqqsNKWzfrK8M98ckQZmRmKk-00320.jpg": {"object_bounding_box": {"x": 0, "y": 843, "w": 34, "h": 119}, "object_not_present": false}, "P174--grinder--clutter--aHOBIBF5qAyWZWADALWuqqsNKWzfrK8M98ckQZmRmKk-00321.jpg": {"object_bounding_box": {"x": 0, "y": 808, "w": 50, "h": 156}, "object_not_present": false}, "P174--grinder--clutter--aHOBIBF5qAyWZWADALWuqqsNKWzfrK8M98ckQZmRmKk-00322.jpg": {"object_bounding_box": {"x": 0, "y": 753, "w": 91, "h": 169}, "object_not_present": false}, "P174--grinder--clutter--aHOBIBF5qAyWZWADALWuqqsNKWzfrK8M98ckQZmRmKk-00323.jpg": {"object_bounding_box": {"x": 0, "y": 710, "w": 137, "h": 195}, "object_not_present": false}, "P174--grinder--clutter--aHOBIBF5qAyWZWADALWuqqsNKWzfrK8M98ckQZmRmKk-00324.jpg": {"object_bounding_box": {"x": 0, "y": 679, "w": 185, "h": 200}, "object_not_present": false}, "P174--grinder--clutter--aHOBIBF5qAyWZWADALWuqqsNKWzfrK8M98ckQZmRmKk-00325.jpg": {"object_bounding_box": {"x": 0, "y": 649, "w": 222, "h": 203}, "object_not_present": false}, "P174--grinder--clutter--aHOBIBF5qAyWZWADALWuqqsNKWzfrK8M98ckQZmRmKk-00326.jpg": {"object_bounding_box": {"x": 47, "y": 596, "w": 214, "h": 221}, "object_not_present": false}, "P174--grinder--clutter--aHOBIBF5qAyWZWADALWuqqsNKWzfrK8M98ckQZmRmKk-00327.jpg": {"object_bounding_box": {"x": 123, "y": 556, "w": 218, "h": 225}, "object_not_present": false}, "P174--grinder--clutter--aHOBIBF5qAyWZWADALWuqqsNKWzfrK8M98ckQZmRmKk-00328.jpg": {"object_bounding_box": {"x": 207, "y": 509, "w": 227, "h": 229}, "object_not_present": false}, "P174--grinder--clutter--aHOBIBF5qAyWZWADALWuqqsNKWzfrK8M98ckQZmRmKk-00329.jpg": {"object_bounding_box": {"x": 245, "y": 450, "w": 253, "h": 242}, "object_not_present": false}, "P174--grinder--clutter--aHOBIBF5qAyWZWADALWuqqsNKWzfrK8M98ckQZmRmKk-00330.jpg": {"object_bounding_box": {"x": 289, "y": 392, "w": 268, "h": 256}, "object_not_present": false}, "P174--grinder--clutter--aHOBIBF5qAyWZWADALWuqqsNKWzfrK8M98ckQZmRmKk-00331.jpg": {"object_bounding_box": {"x": 363, "y": 364, "w": 277, "h": 255}, "object_not_present": false}, "P174--grinder--clutter--aHOBIBF5qAyWZWADALWuqqsNKWzfrK8M98ckQZmRmKk-00332.jpg": {"object_bounding_box": {"x": 420, "y": 327, "w": 269, "h": 261}, "object_not_present": false}, "P174--grinder--clutter--aHOBIBF5qAyWZWADALWuqqsNKWzfrK8M98ckQZmRmKk-00333.jpg": {"object_bounding_box": {"x": 436, "y": 296, "w": 276, "h": 294}, "object_not_present": false}, "P174--grinder--clutter--aHOBIBF5qAyWZWADALWuqqsNKWzfrK8M98ckQZmRmKk-00334.jpg": {"object_bounding_box": {"x": 444, "y": 283, "w": 289, "h": 288}, "object_not_present": false}, "P174--grinder--clutter--aHOBIBF5qAyWZWADALWuqqsNKWzfrK8M98ckQZmRmKk-00335.jpg": {"object_bounding_box": {"x": 480, "y": 280, "w": 280, "h": 285}, "object_not_present": false}, "P174--grinder--clutter--aHOBIBF5qAyWZWADALWuqqsNKWzfrK8M98ckQZmRmKk-00336.jpg": {"object_bounding_box": {"x": 511, "y": 271, "w": 256, "h": 287}, "object_not_present": false}, "P174--grinder--clutter--aHOBIBF5qAyWZWADALWuqqsNKWzfrK8M98ckQZmRmKk-00337.jpg": {"object_bounding_box": {"x": 497, "y": 284, "w": 258, "h": 280}, "object_not_present": false}, "P174--grinder--clutter--aHOBIBF5qAyWZWADALWuqqsNKWzfrK8M98ckQZmRmKk-00338.jpg": {"object_bounding_box": {"x": 478, "y": 303, "w": 270, "h": 275}, "object_not_present": false}, "P174--grinder--clutter--aHOBIBF5qAyWZWADALWuqqsNKWzfrK8M98ckQZmRmKk-00339.jpg": {"object_bounding_box": {"x": 478, "y": 316, "w": 267, "h": 277}, "object_not_present": false}, "P174--grinder--clutter--aHOBIBF5qAyWZWADALWuqqsNKWzfrK8M98ckQZmRmKk-00340.jpg": {"object_bounding_box": {"x": 464, "y": 335, "w": 282, "h": 291}, "object_not_present": false}, "P174--grinder--clutter--aHOBIBF5qAyWZWADALWuqqsNKWzfrK8M98ckQZmRmKk-00341.jpg": {"object_bounding_box": {"x": 458, "y": 358, "w": 282, "h": 289}, "object_not_present": false}, "P174--grinder--clutter--aHOBIBF5qAyWZWADALWuqqsNKWzfrK8M98ckQZmRmKk-00342.jpg": {"object_bounding_box": {"x": 440, "y": 380, "w": 288, "h": 293}, "object_not_present": false}, "P174--grinder--clutter--aHOBIBF5qAyWZWADALWuqqsNKWzfrK8M98ckQZmRmKk-00343.jpg": {"object_bounding_box": {"x": 435, "y": 393, "w": 289, "h": 293}, "object_not_present": false}, "P174--grinder--clutter--aHOBIBF5qAyWZWADALWuqqsNKWzfrK8M98ckQZmRmKk-00344.jpg": {"object_bounding_box": {"x": 431, "y": 407, "w": 290, "h": 299}, "object_not_present": false}, "P174--grinder--clutter--aHOBIBF5qAyWZWADALWuqqsNKWzfrK8M98ckQZmRmKk-00345.jpg": {"object_bounding_box": {"x": 421, "y": 424, "w": 296, "h": 302}, "object_not_present": false}, "P174--grinder--clutter--aHOBIBF5qAyWZWADALWuqqsNKWzfrK8M98ckQZmRmKk-00346.jpg": {"object_bounding_box": {"x": 397, "y": 453, "w": 305, "h": 305}, "object_not_present": false}, "P174--grinder--clutter--aHOBIBF5qAyWZWADALWuqqsNKWzfrK8M98ckQZmRmKk-00347.jpg": {"object_bounding_box": {"x": 367, "y": 477, "w": 308, "h": 311}, "object_not_present": false}, "P174--grinder--clutter--aHOBIBF5qAyWZWADALWuqqsNKWzfrK8M98ckQZmRmKk-00348.jpg": {"object_bounding_box": {"x": 340, "y": 497, "w": 314, "h": 337}, "object_not_present": false}, "P174--grinder--clutter--aHOBIBF5qAyWZWADALWuqqsNKWzfrK8M98ckQZmRmKk-00349.jpg": {"object_bounding_box": {"x": 321, "y": 514, "w": 329, "h": 363}, "object_not_present": false}, "P174--grinder--clutter--aHOBIBF5qAyWZWADALWuqqsNKWzfrK8M98ckQZmRmKk-00350.jpg": {"object_bounding_box": {"x": 286, "y": 536, "w": 356, "h": 394}, "object_not_present": false}, "P174--grinder--clutter--aHOBIBF5qAyWZWADALWuqqsNKWzfrK8M98ckQZmRmKk-00351.jpg": {"object_bounding_box": {"x": 219, "y": 598, "w": 397, "h": 449}, "object_not_present": false}, "P174--grinder--clutter--aHOBIBF5qAyWZWADALWuqqsNKWzfrK8M98ckQZmRmKk-00352.jpg": {"object_bounding_box": {"x": 130, "y": 672, "w": 449, "h": 408}, "object_not_present": false}, "P174--grinder--clutter--aHOBIBF5qAyWZWADALWuqqsNKWzfrK8M98ckQZmRmKk-00353.jpg": {"object_bounding_box": {"x": 38, "y": 763, "w": 499, "h": 317}, "object_not_present": false}, "P174--grinder--clutter--aHOBIBF5qAyWZWADALWuqqsNKWzfrK8M98ckQZmRmKk-00354.jpg": {"object_bounding_box": {"x": 0, "y": 852, "w": 485, "h": 228}, "object_not_present": false}, "P174--grinder--clutter--aHOBIBF5qAyWZWADALWuqqsNKWzfrK8M98ckQZmRmKk-00355.jpg": {"object_bounding_box": {"x": 0, "y": 932, "w": 426, "h": 148}, "object_not_present": false}, "P174--grinder--clutter--aHOBIBF5qAyWZWADALWuqqsNKWzfrK8M98ckQZmRmKk-00356.jpg": {"object_bounding_box": {"x": 0, "y": 1016, "w": 347, "h": 64}, "object_not_present": false}, "P174--grinder--clutter--aHOBIBF5qAyWZWADALWuqqsNKWzfrK8M98ckQZmRmKk-00357.jpg": {"object_bounding_box": null, "object_not_present": true}, "P174--grinder--clutter--aHOBIBF5qAyWZWADALWuqqsNKWzfrK8M98ckQZmRmKk-00358.jpg": {"object_bounding_box": null, "object_not_present": true}, "P174--grinder--clutter--aHOBIBF5qAyWZWADALWuqqsNKWzfrK8M98ckQZmRmKk-00359.jpg": {"object_bounding_box": null, "object_not_present": true}, "P174--grinder--clutter--aHOBIBF5qAyWZWADALWuqqsNKWzfrK8M98ckQZmRmKk-00360.jpg": {"object_bounding_box": null, "object_not_present": true}, "P174--grinder--clutter--aHOBIBF5qAyWZWADALWuqqsNKWzfrK8M98ckQZmRmKk-00361.jpg": {"object_bounding_box": null, "object_not_present": true}, "P174--grinder--clutter--aHOBIBF5qAyWZWADALWuqqsNKWzfrK8M98ckQZmRmKk-00362.jpg": {"object_bounding_box": null, "object_not_present": true}, "P174--grinder--clutter--aHOBIBF5qAyWZWADALWuqqsNKWzfrK8M98ckQZmRmKk-00363.jpg": {"object_bounding_box": null, "object_not_present": true}, "P174--grinder--clutter--aHOBIBF5qAyWZWADALWuqqsNKWzfrK8M98ckQZmRmKk-00364.jpg": {"object_bounding_box": null, "object_not_present": true}, "P174--grinder--clutter--aHOBIBF5qAyWZWADALWuqqsNKWzfrK8M98ckQZmRmKk-00365.jpg": {"object_bounding_box": null, "object_not_present": true}, "P174--grinder--clutter--aHOBIBF5qAyWZWADALWuqqsNKWzfrK8M98ckQZmRmKk-00366.jpg": {"object_bounding_box": null, "object_not_present": true}, "P174--grinder--clutter--aHOBIBF5qAyWZWADALWuqqsNKWzfrK8M98ckQZmRmKk-00367.jpg": {"object_bounding_box": null, "object_not_present": true}, "P174--grinder--clutter--aHOBIBF5qAyWZWADALWuqqsNKWzfrK8M98ckQZmRmKk-00368.jpg": {"object_bounding_box": null, "object_not_present": true}, "P174--grinder--clutter--aHOBIBF5qAyWZWADALWuqqsNKWzfrK8M98ckQZmRmKk-00369.jpg": {"object_bounding_box": null, "object_not_present": true}, "P174--grinder--clutter--aHOBIBF5qAyWZWADALWuqqsNKWzfrK8M98ckQZmRmKk-00370.jpg": {"object_bounding_box": null, "object_not_present": true}, "P174--grinder--clutter--aHOBIBF5qAyWZWADALWuqqsNKWzfrK8M98ckQZmRmKk-00371.jpg": {"object_bounding_box": null, "object_not_present": true}, "P174--grinder--clutter--aHOBIBF5qAyWZWADALWuqqsNKWzfrK8M98ckQZmRmKk-00372.jpg": {"object_bounding_box": null, "object_not_present": true}, "P174--grinder--clutter--aHOBIBF5qAyWZWADALWuqqsNKWzfrK8M98ckQZmRmKk-00373.jpg": {"object_bounding_box": null, "object_not_present": true}, "P174--grinder--clutter--aHOBIBF5qAyWZWADALWuqqsNKWzfrK8M98ckQZmRmKk-00374.jpg": {"object_bounding_box": null, "object_not_present": true}, "P174--grinder--clutter--aHOBIBF5qAyWZWADALWuqqsNKWzfrK8M98ckQZmRmKk-00375.jpg": {"object_bounding_box": null, "object_not_present": true}, "P174--grinder--clutter--aHOBIBF5qAyWZWADALWuqqsNKWzfrK8M98ckQZmRmKk-00376.jpg": {"object_bounding_box": null, "object_not_present": true}, "P174--grinder--clutter--aHOBIBF5qAyWZWADALWuqqsNKWzfrK8M98ckQZmRmKk-00377.jpg": {"object_bounding_box": null, "object_not_present": true}, "P174--grinder--clutter--aHOBIBF5qAyWZWADALWuqqsNKWzfrK8M98ckQZmRmKk-00378.jpg": {"object_bounding_box": null, "object_not_present": true}, "P174--grinder--clutter--aHOBIBF5qAyWZWADALWuqqsNKWzfrK8M98ckQZmRmKk-00379.jpg": {"object_bounding_box": null, "object_not_present": true}, "P174--grinder--clutter--aHOBIBF5qAyWZWADALWuqqsNKWzfrK8M98ckQZmRmKk-00380.jpg": {"object_bounding_box": null, "object_not_present": true}, "P174--grinder--clutter--aHOBIBF5qAyWZWADALWuqqsNKWzfrK8M98ckQZmRmKk-00381.jpg": {"object_bounding_box": null, "object_not_present": true}, "P174--grinder--clutter--aHOBIBF5qAyWZWADALWuqqsNKWzfrK8M98ckQZmRmKk-00382.jpg": {"object_bounding_box": null, "object_not_present": true}, "P174--grinder--clutter--aHOBIBF5qAyWZWADALWuqqsNKWzfrK8M98ckQZmRmKk-00383.jpg": {"object_bounding_box": null, "object_not_present": true}, "P174--grinder--clutter--aHOBIBF5qAyWZWADALWuqqsNKWzfrK8M98ckQZmRmKk-00384.jpg": {"object_bounding_box": null, "object_not_present": true}, "P174--grinder--clutter--aHOBIBF5qAyWZWADALWuqqsNKWzfrK8M98ckQZmRmKk-00385.jpg": {"object_bounding_box": null, "object_not_present": true}, "P174--grinder--clutter--aHOBIBF5qAyWZWADALWuqqsNKWzfrK8M98ckQZmRmKk-00386.jpg": {"object_bounding_box": null, "object_not_present": true}, "P174--grinder--clutter--aHOBIBF5qAyWZWADALWuqqsNKWzfrK8M98ckQZmRmKk-00387.jpg": {"object_bounding_box": {"x": 78, "y": 1064, "w": 93, "h": 16}, "object_not_present": false}, "P174--grinder--clutter--aHOBIBF5qAyWZWADALWuqqsNKWzfrK8M98ckQZmRmKk-00388.jpg": {"object_bounding_box": {"x": 0, "y": 1036, "w": 163, "h": 44}, "object_not_present": false}, "P174--grinder--clutter--aHOBIBF5qAyWZWADALWuqqsNKWzfrK8M98ckQZmRmKk-00389.jpg": {"object_bounding_box": {"x": 0, "y": 1009, "w": 152, "h": 71}, "object_not_present": false}, "P174--grinder--clutter--aHOBIBF5qAyWZWADALWuqqsNKWzfrK8M98ckQZmRmKk-00390.jpg": {"object_bounding_box": {"x": 0, "y": 995, "w": 129, "h": 85}, "object_not_present": false}, "P174--grinder--clutter--aHOBIBF5qAyWZWADALWuqqsNKWzfrK8M98ckQZmRmKk-00391.jpg": {"object_bounding_box": {"x": 0, "y": 1005, "w": 114, "h": 75}, "object_not_present": false}, "P174--grinder--clutter--aHOBIBF5qAyWZWADALWuqqsNKWzfrK8M98ckQZmRmKk-00392.jpg": {"object_bounding_box": {"x": 0, "y": 1025, "w": 101, "h": 55}, "object_not_present": false}, "P174--grinder--clutter--aHOBIBF5qAyWZWADALWuqqsNKWzfrK8M98ckQZmRmKk-00393.jpg": {"object_bounding_box": {"x": 0, "y": 1040, "w": 118, "h": 40}, "object_not_present": false}, "P174--grinder--clutter--aHOBIBF5qAyWZWADALWuqqsNKWzfrK8M98ckQZmRmKk-00394.jpg": {"object_bounding_box": {"x": 0, "y": 1052, "w": 128, "h": 28}, "object_not_present": false}, "P174--grinder--clutter--aHOBIBF5qAyWZWADALWuqqsNKWzfrK8M98ckQZmRmKk-00395.jpg": {"object_bounding_box": {"x": 81, "y": 1073, "w": 55, "h": 7}, "object_not_present": false}, "P174--grinder--clutter--aHOBIBF5qAyWZWADALWuqqsNKWzfrK8M98ckQZmRmKk-00396.jpg": {"object_bounding_box": null, "object_not_present": true}, "P174--grinder--clutter--aHOBIBF5qAyWZWADALWuqqsNKWzfrK8M98ckQZmRmKk-00397.jpg": {"object_bounding_box": null, "object_not_present": true}, "P174--grinder--clutter--aHOBIBF5qAyWZWADALWuqqsNKWzfrK8M98ckQZmRmKk-00398.jpg": {"object_bounding_box": null, "object_not_present": true}, "P174--grinder--clutter--aHOBIBF5qAyWZWADALWuqqsNKWzfrK8M98ckQZmRmKk-00399.jpg": {"object_bounding_box": null, "object_not_present": true}, "P174--grinder--clutter--aHOBIBF5qAyWZWADALWuqqsNKWzfrK8M98ckQZmRmKk-00400.jpg": {"object_bounding_box": null, "object_not_present": true}, "P174--grinder--clutter--aHOBIBF5qAyWZWADALWuqqsNKWzfrK8M98ckQZmRmKk-00401.jpg": {"object_bounding_box": null, "object_not_present": true}, "P174--grinder--clutter--aHOBIBF5qAyWZWADALWuqqsNKWzfrK8M98ckQZmRmKk-00402.jpg": {"object_bounding_box": null, "object_not_present": true}, "P174--grinder--clutter--aHOBIBF5qAyWZWADALWuqqsNKWzfrK8M98ckQZmRmKk-00403.jpg": {"object_bounding_box": null, "object_not_present": true}, "P174--grinder--clutter--aHOBIBF5qAyWZWADALWuqqsNKWzfrK8M98ckQZmRmKk-00404.jpg": {"object_bounding_box": {"x": 189, "y": 1072, "w": 49, "h": 8}, "object_not_present": false}, "P174--grinder--clutter--aHOBIBF5qAyWZWADALWuqqsNKWzfrK8M98ckQZmRmKk-00405.jpg": {"object_bounding_box": {"x": 205, "y": 1077, "w": 20, "h": 3}, "object_not_present": false}, "P174--grinder--clutter--aHOBIBF5qAyWZWADALWuqqsNKWzfrK8M98ckQZmRmKk-00406.jpg": {"object_bounding_box": {"x": 134, "y": 1072, "w": 55, "h": 8}, "object_not_present": false}, "P174--grinder--clutter--aHOBIBF5qAyWZWADALWuqqsNKWzfrK8M98ckQZmRmKk-00407.jpg": {"object_bounding_box": {"x": 94, "y": 1066, "w": 76, "h": 14}, "object_not_present": false}, "P174--grinder--clutter--aHOBIBF5qAyWZWADALWuqqsNKWzfrK8M98ckQZmRmKk-00408.jpg": {"object_bounding_box": {"x": 115, "y": 1061, "w": 82, "h": 19}, "object_not_present": false}, "P174--grinder--clutter--aHOBIBF5qAyWZWADALWuqqsNKWzfrK8M98ckQZmRmKk-00409.jpg": {"object_bounding_box": {"x": 153, "y": 1059, "w": 81, "h": 21}, "object_not_present": false}, "P174--grinder--clutter--aHOBIBF5qAyWZWADALWuqqsNKWzfrK8M98ckQZmRmKk-00410.jpg": {"object_bounding_box": {"x": 177, "y": 1060, "w": 75, "h": 20}, "object_not_present": false}, "P174--grinder--clutter--aHOBIBF5qAyWZWADALWuqqsNKWzfrK8M98ckQZmRmKk-00411.jpg": {"object_bounding_box": {"x": 212, "y": 1066, "w": 69, "h": 14}, "object_not_present": false}, "P174--grinder--clutter--aHOBIBF5qAyWZWADALWuqqsNKWzfrK8M98ckQZmRmKk-00412.jpg": {"object_bounding_box": {"x": 256, "y": 1073, "w": 56, "h": 7}, "object_not_present": false}, "P174--grinder--clutter--aHOBIBF5qAyWZWADALWuqqsNKWzfrK8M98ckQZmRmKk-00413.jpg": {"object_bounding_box": null, "object_not_present": true}, "P174--grinder--clutter--aHOBIBF5qAyWZWADALWuqqsNKWzfrK8M98ckQZmRmKk-00414.jpg": {"object_bounding_box": null, "object_not_present": true}, "P174--grinder--clutter--aHOBIBF5qAyWZWADALWuqqsNKWzfrK8M98ckQZmRmKk-00415.jpg": {"object_bounding_box": null, "object_not_present": true}, "P174--grinder--clutter--aHOBIBF5qAyWZWADALWuqqsNKWzfrK8M98ckQZmRmKk-00416.jpg": {"object_bounding_box": null, "object_not_present": true}, "P174--grinder--clutter--aHOBIBF5qAyWZWADALWuqqsNKWzfrK8M98ckQZmRmKk-00417.jpg": {"object_bounding_box": null, "object_not_present": true}, "P174--grinder--clutter--aHOBIBF5qAyWZWADALWuqqsNKWzfrK8M98ckQZmRmKk-00418.jpg": {"object_bounding_box": null, "object_not_present": true}, "P174--grinder--clutter--aHOBIBF5qAyWZWADALWuqqsNKWzfrK8M98ckQZmRmKk-00419.jpg": {"object_bounding_box": {"x": 293, "y": 1070, "w": 71, "h": 10}, "object_not_present": false}, "P174--grinder--clutter--aHOBIBF5qAyWZWADALWuqqsNKWzfrK8M98ckQZmRmKk-00420.jpg": {"object_bounding_box": {"x": 300, "y": 1063, "w": 133, "h": 17}, "object_not_present": false}, "P174--grinder--clutter--aHOBIBF5qAyWZWADALWuqqsNKWzfrK8M98ckQZmRmKk-00421.jpg": {"object_bounding_box": {"x": 304, "y": 1063, "w": 129, "h": 17}, "object_not_present": false}, "P174--grinder--clutter--aHOBIBF5qAyWZWADALWuqqsNKWzfrK8M98ckQZmRmKk-00422.jpg": {"object_bounding_box": {"x": 326, "y": 1058, "w": 117, "h": 22}, "object_not_present": false}, "P174--grinder--clutter--aHOBIBF5qAyWZWADALWuqqsNKWzfrK8M98ckQZmRmKk-00423.jpg": {"object_bounding_box": {"x": 332, "y": 1048, "w": 117, "h": 32}, "object_not_present": false}, "P174--grinder--clutter--aHOBIBF5qAyWZWADALWuqqsNKWzfrK8M98ckQZmRmKk-00424.jpg": {"object_bounding_box": {"x": 333, "y": 1048, "w": 120, "h": 32}, "object_not_present": false}, "P174--grinder--clutter--aHOBIBF5qAyWZWADALWuqqsNKWzfrK8M98ckQZmRmKk-00425.jpg": {"object_bounding_box": {"x": 329, "y": 1041, "w": 119, "h": 39}, "object_not_present": false}, "P174--grinder--clutter--aHOBIBF5qAyWZWADALWuqqsNKWzfrK8M98ckQZmRmKk-00426.jpg": {"object_bounding_box": {"x": 318, "y": 1032, "w": 118, "h": 48}, "object_not_present": false}, "P174--grinder--clutter--aHOBIBF5qAyWZWADALWuqqsNKWzfrK8M98ckQZmRmKk-00427.jpg": {"object_bounding_box": {"x": 305, "y": 1021, "w": 121, "h": 59}, "object_not_present": false}, "P174--grinder--clutter--aHOBIBF5qAyWZWADALWuqqsNKWzfrK8M98ckQZmRmKk-00428.jpg": {"object_bounding_box": {"x": 300, "y": 1012, "w": 121, "h": 68}, "object_not_present": false}, "P174--grinder--clutter--aHOBIBF5qAyWZWADALWuqqsNKWzfrK8M98ckQZmRmKk-00429.jpg": {"object_bounding_box": {"x": 305, "y": 994, "w": 127, "h": 86}, "object_not_present": false}, "P174--grinder--clutter--aHOBIBF5qAyWZWADALWuqqsNKWzfrK8M98ckQZmRmKk-00430.jpg": {"object_bounding_box": {"x": 317, "y": 970, "w": 132, "h": 110}, "object_not_present": false}, "P174--grinder--clutter--aHOBIBF5qAyWZWADALWuqqsNKWzfrK8M98ckQZmRmKk-00431.jpg": {"object_bounding_box": {"x": 338, "y": 937, "w": 128, "h": 143}, "object_not_present": false}, "P174--grinder--clutter--aHOBIBF5qAyWZWADALWuqqsNKWzfrK8M98ckQZmRmKk-00432.jpg": {"object_bounding_box": {"x": 344, "y": 892, "w": 130, "h": 139}, "object_not_present": false}, "P174--grinder--clutter--aHOBIBF5qAyWZWADALWuqqsNKWzfrK8M98ckQZmRmKk-00433.jpg": {"object_bounding_box": {"x": 338, "y": 856, "w": 129, "h": 138}, "object_not_present": false}, "P174--grinder--clutter--aHOBIBF5qAyWZWADALWuqqsNKWzfrK8M98ckQZmRmKk-00434.jpg": {"object_bounding_box": {"x": 314, "y": 834, "w": 131, "h": 138}, "object_not_present": false}, "P174--grinder--clutter--aHOBIBF5qAyWZWADALWuqqsNKWzfrK8M98ckQZmRmKk-00435.jpg": {"object_bounding_box": {"x": 298, "y": 821, "w": 128, "h": 138}, "object_not_present": false}, "P174--grinder--clutter--aHOBIBF5qAyWZWADALWuqqsNKWzfrK8M98ckQZmRmKk-00436.jpg": {"object_bounding_box": {"x": 296, "y": 807, "w": 130, "h": 139}, "object_not_present": false}, "P174--grinder--clutter--aHOBIBF5qAyWZWADALWuqqsNKWzfrK8M98ckQZmRmKk-00437.jpg": {"object_bounding_box": {"x": 302, "y": 798, "w": 130, "h": 138}, "object_not_present": false}, "P174--grinder--clutter--aHOBIBF5qAyWZWADALWuqqsNKWzfrK8M98ckQZmRmKk-00438.jpg": {"object_bounding_box": {"x": 311, "y": 795, "w": 128, "h": 141}, "object_not_present": false}, "P174--grinder--clutter--aHOBIBF5qAyWZWADALWuqqsNKWzfrK8M98ckQZmRmKk-00439.jpg": {"object_bounding_box": {"x": 317, "y": 801, "w": 130, "h": 140}, "object_not_present": false}, "P174--grinder--clutter--aHOBIBF5qAyWZWADALWuqqsNKWzfrK8M98ckQZmRmKk-00440.jpg": {"object_bounding_box": {"x": 319, "y": 810, "w": 122, "h": 140}, "object_not_present": false}, "P174--grinder--clutter--aHOBIBF5qAyWZWADALWuqqsNKWzfrK8M98ckQZmRmKk-00441.jpg": {"object_bounding_box": {"x": 317, "y": 818, "w": 125, "h": 140}, "object_not_present": false}, "P174--grinder--clutter--aHOBIBF5qAyWZWADALWuqqsNKWzfrK8M98ckQZmRmKk-00442.jpg": {"object_bounding_box": {"x": 328, "y": 829, "w": 122, "h": 134}, "object_not_present": false}, "P174--grinder--clutter--aHOBIBF5qAyWZWADALWuqqsNKWzfrK8M98ckQZmRmKk-00443.jpg": {"object_bounding_box": {"x": 333, "y": 830, "w": 122, "h": 137}, "object_not_present": false}, "P174--grinder--clutter--aHOBIBF5qAyWZWADALWuqqsNKWzfrK8M98ckQZmRmKk-00444.jpg": {"object_bounding_box": {"x": 329, "y": 837, "w": 124, "h": 136}, "object_not_present": false}, "P174--grinder--clutter--aHOBIBF5qAyWZWADALWuqqsNKWzfrK8M98ckQZmRmKk-00445.jpg": {"object_bounding_box": {"x": 323, "y": 847, "w": 124, "h": 138}, "object_not_present": false}, "P174--grinder--clutter--aHOBIBF5qAyWZWADALWuqqsNKWzfrK8M98ckQZmRmKk-00446.jpg": {"object_bounding_box": {"x": 317, "y": 853, "w": 124, "h": 138}, "object_not_present": false}, "P174--grinder--clutter--aHOBIBF5qAyWZWADALWuqqsNKWzfrK8M98ckQZmRmKk-00447.jpg": {"object_bounding_box": {"x": 323, "y": 863, "w": 121, "h": 136}, "object_not_present": false}, "P174--grinder--clutter--aHOBIBF5qAyWZWADALWuqqsNKWzfrK8M98ckQZmRmKk-00448.jpg": {"object_bounding_box": {"x": 323, "y": 869, "w": 122, "h": 135}, "object_not_present": false}, "P174--grinder--clutter--aHOBIBF5qAyWZWADALWuqqsNKWzfrK8M98ckQZmRmKk-00449.jpg": {"object_bounding_box": {"x": 318, "y": 881, "w": 120, "h": 134}, "object_not_present": false}, "P174--grinder--clutter--aHOBIBF5qAyWZWADALWuqqsNKWzfrK8M98ckQZmRmKk-00450.jpg": {"object_bounding_box": {"x": 317, "y": 891, "w": 120, "h": 134}, "object_not_present": false}, "P174--grinder--clutter--aHOBIBF5qAyWZWADALWuqqsNKWzfrK8M98ckQZmRmKk-00451.jpg": {"object_bounding_box": {"x": 315, "y": 898, "w": 117, "h": 133}, "object_not_present": false}, "P174--grinder--clutter--aHOBIBF5qAyWZWADALWuqqsNKWzfrK8M98ckQZmRmKk-00452.jpg": {"object_bounding_box": {"x": 304, "y": 901, "w": 118, "h": 132}, "object_not_present": false}, "P174--grinder--clutter--aHOBIBF5qAyWZWADALWuqqsNKWzfrK8M98ckQZmRmKk-00453.jpg": {"object_bounding_box": {"x": 303, "y": 910, "w": 116, "h": 130}, "object_not_present": false}, "P174--grinder--clutter--aHOBIBF5qAyWZWADALWuqqsNKWzfrK8M98ckQZmRmKk-00454.jpg": {"object_bounding_box": {"x": 303, "y": 920, "w": 117, "h": 128}, "object_not_present": false}, "P174--grinder--clutter--aHOBIBF5qAyWZWADALWuqqsNKWzfrK8M98ckQZmRmKk-00455.jpg": {"object_bounding_box": {"x": 302, "y": 927, "w": 114, "h": 129}, "object_not_present": false}, "P174--grinder--clutter--aHOBIBF5qAyWZWADALWuqqsNKWzfrK8M98ckQZmRmKk-00456.jpg": {"object_bounding_box": {"x": 309, "y": 941, "w": 112, "h": 125}, "object_not_present": false}, "P174--grinder--clutter--aHOBIBF5qAyWZWADALWuqqsNKWzfrK8M98ckQZmRmKk-00457.jpg": {"object_bounding_box": {"x": 316, "y": 948, "w": 117, "h": 128}, "object_not_present": false}, "P174--grinder--clutter--aHOBIBF5qAyWZWADALWuqqsNKWzfrK8M98ckQZmRmKk-00458.jpg": {"object_bounding_box": {"x": 325, "y": 954, "w": 110, "h": 126}, "object_not_present": false}, "P174--grinder--clutter--aHOBIBF5qAyWZWADALWuqqsNKWzfrK8M98ckQZmRmKk-00459.jpg": {"object_bounding_box": {"x": 320, "y": 957, "w": 113, "h": 123}, "object_not_present": false}, "P174--grinder--clutter--aHOBIBF5qAyWZWADALWuqqsNKWzfrK8M98ckQZmRmKk-00460.jpg": {"object_bounding_box": {"x": 323, "y": 966, "w": 113, "h": 114}, "object_not_present": false}, "P174--grinder--clutter--aHOBIBF5qAyWZWADALWuqqsNKWzfrK8M98ckQZmRmKk-00461.jpg": {"object_bounding_box": {"x": 315, "y": 977, "w": 114, "h": 103}, "object_not_present": false}, "P174--grinder--clutter--aHOBIBF5qAyWZWADALWuqqsNKWzfrK8M98ckQZmRmKk-00462.jpg": {"object_bounding_box": {"x": 300, "y": 1001, "w": 108, "h": 79}, "object_not_present": false}, "P174--grinder--clutter--aHOBIBF5qAyWZWADALWuqqsNKWzfrK8M98ckQZmRmKk-00463.jpg": {"object_bounding_box": {"x": 271, "y": 1044, "w": 103, "h": 36}, "object_not_present": false}, "P174--grinder--clutter--aHOBIBF5qAyWZWADALWuqqsNKWzfrK8M98ckQZmRmKk-00464.jpg": {"object_bounding_box": null, "object_not_present": true}, "P174--grinder--clutter--aHOBIBF5qAyWZWADALWuqqsNKWzfrK8M98ckQZmRmKk-00465.jpg": {"object_bounding_box": null, "object_not_present": true}, "P174--grinder--clutter--aHOBIBF5qAyWZWADALWuqqsNKWzfrK8M98ckQZmRmKk-00466.jpg": {"object_bounding_box": null, "object_not_present": true}, "P174--grinder--clutter--aHOBIBF5qAyWZWADALWuqqsNKWzfrK8M98ckQZmRmKk-00467.jpg": {"object_bounding_box": null, "object_not_present": true}, "P174--grinder--clutter--aHOBIBF5qAyWZWADALWuqqsNKWzfrK8M98ckQZmRmKk-00468.jpg": {"object_bounding_box": null, "object_not_present": true}, "P174--grinder--clutter--aHOBIBF5qAyWZWADALWuqqsNKWzfrK8M98ckQZmRmKk-00469.jpg": {"object_bounding_box": null, "object_not_present": true}, "P174--grinder--clutter--aHOBIBF5qAyWZWADALWuqqsNKWzfrK8M98ckQZmRmKk-00470.jpg": {"object_bounding_box": null, "object_not_present": true}, "P174--grinder--clutter--aHOBIBF5qAyWZWADALWuqqsNKWzfrK8M98ckQZmRmKk-00471.jpg": {"object_bounding_box": null, "object_not_present": true}, "P174--grinder--clutter--aHOBIBF5qAyWZWADALWuqqsNKWzfrK8M98ckQZmRmKk-00472.jpg": {"object_bounding_box": null, "object_not_present": true}, "P174--grinder--clutter--aHOBIBF5qAyWZWADALWuqqsNKWzfrK8M98ckQZmRmKk-00473.jpg": {"object_bounding_box": null, "object_not_present": true}, "P174--grinder--clutter--aHOBIBF5qAyWZWADALWuqqsNKWzfrK8M98ckQZmRmKk-00474.jpg": {"object_bounding_box": null, "object_not_present": true}, "P174--grinder--clutter--aHOBIBF5qAyWZWADALWuqqsNKWzfrK8M98ckQZmRmKk-00475.jpg": {"object_bounding_box": null, "object_not_present": true}, "P174--grinder--clutter--aHOBIBF5qAyWZWADALWuqqsNKWzfrK8M98ckQZmRmKk-00476.jpg": {"object_bounding_box": null, "object_not_present": true}, "P174--grinder--clutter--aHOBIBF5qAyWZWADALWuqqsNKWzfrK8M98ckQZmRmKk-00477.jpg": {"object_bounding_box": null, "object_not_present": true}, "P174--grinder--clutter--aHOBIBF5qAyWZWADALWuqqsNKWzfrK8M98ckQZmRmKk-00478.jpg": {"object_bounding_box": null, "object_not_present": true}, "P174--grinder--clutter--aHOBIBF5qAyWZWADALWuqqsNKWzfrK8M98ckQZmRmKk-00479.jpg": {"object_bounding_box": null, "object_not_present": true}, "P174--grinder--clutter--aHOBIBF5qAyWZWADALWuqqsNKWzfrK8M98ckQZmRmKk-00480.jpg": {"object_bounding_box": null, "object_not_present": true}, "P174--grinder--clutter--aHOBIBF5qAyWZWADALWuqqsNKWzfrK8M98ckQZmRmKk-00481.jpg": {"object_bounding_box": null, "object_not_present": true}, "P174--grinder--clutter--aHOBIBF5qAyWZWADALWuqqsNKWzfrK8M98ckQZmRmKk-00482.jpg": {"object_bounding_box": {"x": 87, "y": 935, "w": 372, "h": 145}, "object_not_present": false}, "P174--grinder--clutter--aHOBIBF5qAyWZWADALWuqqsNKWzfrK8M98ckQZmRmKk-00483.jpg": {"object_bounding_box": {"x": 87, "y": 898, "w": 283, "h": 182}, "object_not_present": false}, "P174--grinder--clutter--aHOBIBF5qAyWZWADALWuqqsNKWzfrK8M98ckQZmRmKk-00484.jpg": {"object_bounding_box": {"x": 48, "y": 898, "w": 353, "h": 182}, "object_not_present": false}, "P174--grinder--clutter--aHOBIBF5qAyWZWADALWuqqsNKWzfrK8M98ckQZmRmKk-00485.jpg": {"object_bounding_box": {"x": 0, "y": 888, "w": 342, "h": 192}, "object_not_present": false}, "P174--grinder--clutter--aHOBIBF5qAyWZWADALWuqqsNKWzfrK8M98ckQZmRmKk-00486.jpg": {"object_bounding_box": {"x": 0, "y": 828, "w": 284, "h": 252}, "object_not_present": false}, "P174--grinder--clutter--aHOBIBF5qAyWZWADALWuqqsNKWzfrK8M98ckQZmRmKk-00487.jpg": {"object_bounding_box": {"x": 0, "y": 685, "w": 259, "h": 395}, "object_not_present": false}, "P174--grinder--clutter--aHOBIBF5qAyWZWADALWuqqsNKWzfrK8M98ckQZmRmKk-00488.jpg": {"object_bounding_box": {"x": 0, "y": 508, "w": 231, "h": 572}, "object_not_present": false}, "P174--grinder--clutter--aHOBIBF5qAyWZWADALWuqqsNKWzfrK8M98ckQZmRmKk-00489.jpg": {"object_bounding_box": {"x": 0, "y": 373, "w": 145, "h": 489}, "object_not_present": false}, "P174--grinder--clutter--aHOBIBF5qAyWZWADALWuqqsNKWzfrK8M98ckQZmRmKk-00490.jpg": {"object_bounding_box": {"x": 0, "y": 327, "w": 77, "h": 350}, "object_not_present": false}, "P174--grinder--clutter--aHOBIBF5qAyWZWADALWuqqsNKWzfrK8M98ckQZmRmKk-00491.jpg": {"object_bounding_box": null, "object_not_present": true}, "P174--grinder--clutter--aHOBIBF5qAyWZWADALWuqqsNKWzfrK8M98ckQZmRmKk-00492.jpg": {"object_bounding_box": null, "object_not_present": true}, "P174--grinder--clutter--aHOBIBF5qAyWZWADALWuqqsNKWzfrK8M98ckQZmRmKk-00493.jpg": {"object_bounding_box": null, "object_not_present": true}, "P174--grinder--clutter--aHOBIBF5qAyWZWADALWuqqsNKWzfrK8M98ckQZmRmKk-00494.jpg": {"object_bounding_box": null, "object_not_present": true}, "P174--grinder--clutter--aHOBIBF5qAyWZWADALWuqqsNKWzfrK8M98ckQZmRmKk-00495.jpg": {"object_bounding_box": null, "object_not_present": true}, "P174--grinder--clutter--aHOBIBF5qAyWZWADALWuqqsNKWzfrK8M98ckQZmRmKk-00496.jpg": {"object_bounding_box": null, "object_not_present": true}, "P174--grinder--clutter--aHOBIBF5qAyWZWADALWuqqsNKWzfrK8M98ckQZmRmKk-00497.jpg": {"object_bounding_box": null, "object_not_present": true}, "P174--grinder--clutter--aHOBIBF5qAyWZWADALWuqqsNKWzfrK8M98ckQZmRmKk-00498.jpg": {"object_bounding_box": null, "object_not_present": true}, "P174--grinder--clutter--aHOBIBF5qAyWZWADALWuqqsNKWzfrK8M98ckQZmRmKk-00499.jpg": {"object_bounding_box": null, "object_not_present": true}, "P174--grinder--clutter--aHOBIBF5qAyWZWADALWuqqsNKWzfrK8M98ckQZmRmKk-00500.jpg": {"object_bounding_box": null, "object_not_present": true}, "P174--grinder--clutter--aHOBIBF5qAyWZWADALWuqqsNKWzfrK8M98ckQZmRmKk-00501.jpg": {"object_bounding_box": null, "object_not_present": true}, "P174--grinder--clutter--aHOBIBF5qAyWZWADALWuqqsNKWzfrK8M98ckQZmRmKk-00502.jpg": {"object_bounding_box": null, "object_not_present": true}, "P174--grinder--clutter--aHOBIBF5qAyWZWADALWuqqsNKWzfrK8M98ckQZmRmKk-00503.jpg": {"object_bounding_box": null, "object_not_present": true}, "P174--grinder--clutter--aHOBIBF5qAyWZWADALWuqqsNKWzfrK8M98ckQZmRmKk-00504.jpg": {"object_bounding_box": null, "object_not_present": true}, "P174--grinder--clutter--aHOBIBF5qAyWZWADALWuqqsNKWzfrK8M98ckQZmRmKk-00505.jpg": {"object_bounding_box": null, "object_not_present": true}, "P174--grinder--clutter--aHOBIBF5qAyWZWADALWuqqsNKWzfrK8M98ckQZmRmKk-00506.jpg": {"object_bounding_box": null, "object_not_present": true}, "P174--grinder--clutter--aHOBIBF5qAyWZWADALWuqqsNKWzfrK8M98ckQZmRmKk-00507.jpg": {"object_bounding_box": null, "object_not_present": true}, "P174--grinder--clutter--aHOBIBF5qAyWZWADALWuqqsNKWzfrK8M98ckQZmRmKk-00508.jpg": {"object_bounding_box": null, "object_not_present": true}, "P174--grinder--clutter--aHOBIBF5qAyWZWADALWuqqsNKWzfrK8M98ckQZmRmKk-00509.jpg": {"object_bounding_box": null, "object_not_present": true}, "P174--grinder--clutter--aHOBIBF5qAyWZWADALWuqqsNKWzfrK8M98ckQZmRmKk-00510.jpg": {"object_bounding_box": null, "object_not_present": true}, "P174--grinder--clutter--aHOBIBF5qAyWZWADALWuqqsNKWzfrK8M98ckQZmRmKk-00511.jpg": {"object_bounding_box": null, "object_not_present": true}, "P174--grinder--clutter--aHOBIBF5qAyWZWADALWuqqsNKWzfrK8M98ckQZmRmKk-00512.jpg": {"object_bounding_box": null, "object_not_present": true}, "P174--grinder--clutter--aHOBIBF5qAyWZWADALWuqqsNKWzfrK8M98ckQZmRmKk-00513.jpg": {"object_bounding_box": null, "object_not_present": true}, "P174--grinder--clutter--aHOBIBF5qAyWZWADALWuqqsNKWzfrK8M98ckQZmRmKk-00514.jpg": {"object_bounding_box": null, "object_not_present": true}, "P174--grinder--clutter--aHOBIBF5qAyWZWADALWuqqsNKWzfrK8M98ckQZmRmKk-00515.jpg": {"object_bounding_box": null, "object_not_present": true}, "P174--grinder--clutter--aHOBIBF5qAyWZWADALWuqqsNKWzfrK8M98ckQZmRmKk-00516.jpg": {"object_bounding_box": null, "object_not_present": true}, "P174--grinder--clutter--aHOBIBF5qAyWZWADALWuqqsNKWzfrK8M98ckQZmRmKk-00517.jpg": {"object_bounding_box": null, "object_not_present": true}, "P174--grinder--clutter--aHOBIBF5qAyWZWADALWuqqsNKWzfrK8M98ckQZmRmKk-00518.jpg": {"object_bounding_box": null, "object_not_present": true}, "P174--grinder--clutter--aHOBIBF5qAyWZWADALWuqqsNKWzfrK8M98ckQZmRmKk-00519.jpg": {"object_bounding_box": null, "object_not_present": true}, "P174--grinder--clutter--aHOBIBF5qAyWZWADALWuqqsNKWzfrK8M98ckQZmRmKk-00520.jpg": {"object_bounding_box": null, "object_not_present": true}, "P174--grinder--clutter--aHOBIBF5qAyWZWADALWuqqsNKWzfrK8M98ckQZmRmKk-00521.jpg": {"object_bounding_box": null, "object_not_present": true}, "P174--grinder--clutter--aHOBIBF5qAyWZWADALWuqqsNKWzfrK8M98ckQZmRmKk-00522.jpg": {"object_bounding_box": null, "object_not_present": true}, "P174--grinder--clutter--aHOBIBF5qAyWZWADALWuqqsNKWzfrK8M98ckQZmRmKk-00523.jpg": {"object_bounding_box": null, "object_not_present": true}, "P174--grinder--clutter--aHOBIBF5qAyWZWADALWuqqsNKWzfrK8M98ckQZmRmKk-00524.jpg": {"object_bounding_box": null, "object_not_present": true}, "P174--grinder--clutter--aHOBIBF5qAyWZWADALWuqqsNKWzfrK8M98ckQZmRmKk-00525.jpg": {"object_bounding_box": null, "object_not_present": true}, "P174--grinder--clutter--aHOBIBF5qAyWZWADALWuqqsNKWzfrK8M98ckQZmRmKk-00526.jpg": {"object_bounding_box": null, "object_not_present": true}, "P174--grinder--clutter--aHOBIBF5qAyWZWADALWuqqsNKWzfrK8M98ckQZmRmKk-00527.jpg": {"object_bounding_box": null, "object_not_present": true}, "P174--grinder--clutter--aHOBIBF5qAyWZWADALWuqqsNKWzfrK8M98ckQZmRmKk-00528.jpg": {"object_bounding_box": null, "object_not_present": true}, "P174--grinder--clutter--aHOBIBF5qAyWZWADALWuqqsNKWzfrK8M98ckQZmRmKk-00529.jpg": {"object_bounding_box": null, "object_not_present": true}, "P174--grinder--clutter--aHOBIBF5qAyWZWADALWuqqsNKWzfrK8M98ckQZmRmKk-00530.jpg": {"object_bounding_box": null, "object_not_present": true}, "P174--grinder--clutter--aHOBIBF5qAyWZWADALWuqqsNKWzfrK8M98ckQZmRmKk-00531.jpg": {"object_bounding_box": null, "object_not_present": true}, "P174--grinder--clutter--aHOBIBF5qAyWZWADALWuqqsNKWzfrK8M98ckQZmRmKk-00532.jpg": {"object_bounding_box": null, "object_not_present": true}, "P174--grinder--clutter--aHOBIBF5qAyWZWADALWuqqsNKWzfrK8M98ckQZmRmKk-00533.jpg": {"object_bounding_box": null, "object_not_present": true}, "P174--grinder--clutter--aHOBIBF5qAyWZWADALWuqqsNKWzfrK8M98ckQZmRmKk-00534.jpg": {"object_bounding_box": null, "object_not_present": true}, "P174--grinder--clutter--aHOBIBF5qAyWZWADALWuqqsNKWzfrK8M98ckQZmRmKk-00535.jpg": {"object_bounding_box": null, "object_not_present": true}, "P174--grinder--clutter--aHOBIBF5qAyWZWADALWuqqsNKWzfrK8M98ckQZmRmKk-00536.jpg": {"object_bounding_box": null, "object_not_present": true}, "P174--grinder--clutter--aHOBIBF5qAyWZWADALWuqqsNKWzfrK8M98ckQZmRmKk-00537.jpg": {"object_bounding_box": null, "object_not_present": true}, "P174--grinder--clutter--aHOBIBF5qAyWZWADALWuqqsNKWzfrK8M98ckQZmRmKk-00538.jpg": {"object_bounding_box": null, "object_not_present": true}, "P174--grinder--clutter--aHOBIBF5qAyWZWADALWuqqsNKWzfrK8M98ckQZmRmKk-00539.jpg": {"object_bounding_box": null, "object_not_present": true}, "P174--grinder--clutter--aHOBIBF5qAyWZWADALWuqqsNKWzfrK8M98ckQZmRmKk-00540.jpg": {"object_bounding_box": null, "object_not_present": true}, "P174--grinder--clutter--aHOBIBF5qAyWZWADALWuqqsNKWzfrK8M98ckQZmRmKk-00541.jpg": {"object_bounding_box": null, "object_not_present": true}, "P174--grinder--clutter--aHOBIBF5qAyWZWADALWuqqsNKWzfrK8M98ckQZmRmKk-00542.jpg": {"object_bounding_box": null, "object_not_present": true}, "P174--grinder--clutter--aHOBIBF5qAyWZWADALWuqqsNKWzfrK8M98ckQZmRmKk-00543.jpg": {"object_bounding_box": null, "object_not_present": true}, "P174--grinder--clutter--aHOBIBF5qAyWZWADALWuqqsNKWzfrK8M98ckQZmRmKk-00544.jpg": {"object_bounding_box": {"x": 309, "y": 1047, "w": 124, "h": 33}, "object_not_present": false}, "P174--grinder--clutter--aHOBIBF5qAyWZWADALWuqqsNKWzfrK8M98ckQZmRmKk-00545.jpg": {"object_bounding_box": {"x": 305, "y": 1028, "w": 184, "h": 52}, "object_not_present": false}, "P174--grinder--clutter--aHOBIBF5qAyWZWADALWuqqsNKWzfrK8M98ckQZmRmKk-00546.jpg": {"object_bounding_box": {"x": 284, "y": 1008, "w": 227, "h": 72}, "object_not_present": false}, "P174--grinder--clutter--aHOBIBF5qAyWZWADALWuqqsNKWzfrK8M98ckQZmRmKk-00547.jpg": {"object_bounding_box": {"x": 284, "y": 1000, "w": 231, "h": 80}, "object_not_present": false}, "P174--grinder--clutter--aHOBIBF5qAyWZWADALWuqqsNKWzfrK8M98ckQZmRmKk-00548.jpg": {"object_bounding_box": {"x": 304, "y": 1000, "w": 222, "h": 80}, "object_not_present": false}, "P174--grinder--clutter--aHOBIBF5qAyWZWADALWuqqsNKWzfrK8M98ckQZmRmKk-00549.jpg": {"object_bounding_box": {"x": 325, "y": 1003, "w": 212, "h": 77}, "object_not_present": false}, "P174--grinder--clutter--aHOBIBF5qAyWZWADALWuqqsNKWzfrK8M98ckQZmRmKk-00550.jpg": {"object_bounding_box": {"x": 328, "y": 1002, "w": 208, "h": 78}, "object_not_present": false}, "P174--grinder--clutter--aHOBIBF5qAyWZWADALWuqqsNKWzfrK8M98ckQZmRmKk-00551.jpg": {"object_bounding_box": {"x": 327, "y": 1004, "w": 204, "h": 76}, "object_not_present": false}, "P174--grinder--clutter--aHOBIBF5qAyWZWADALWuqqsNKWzfrK8M98ckQZmRmKk-00552.jpg": {"object_bounding_box": {"x": 322, "y": 1008, "w": 196, "h": 72}, "object_not_present": false}, "P174--grinder--clutter--aHOBIBF5qAyWZWADALWuqqsNKWzfrK8M98ckQZmRmKk-00553.jpg": {"object_bounding_box": {"x": 322, "y": 1002, "w": 198, "h": 78}, "object_not_present": false}, "P174--grinder--clutter--aHOBIBF5qAyWZWADALWuqqsNKWzfrK8M98ckQZmRmKk-00554.jpg": {"object_bounding_box": {"x": 322, "y": 1004, "w": 200, "h": 76}, "object_not_present": false}, "P174--grinder--clutter--aHOBIBF5qAyWZWADALWuqqsNKWzfrK8M98ckQZmRmKk-00555.jpg": {"object_bounding_box": {"x": 324, "y": 1008, "w": 189, "h": 72}, "object_not_present": false}, "P174--grinder--clutter--aHOBIBF5qAyWZWADALWuqqsNKWzfrK8M98ckQZmRmKk-00556.jpg": {"object_bounding_box": {"x": 327, "y": 1004, "w": 190, "h": 76}, "object_not_present": false}, "P174--grinder--clutter--aHOBIBF5qAyWZWADALWuqqsNKWzfrK8M98ckQZmRmKk-00557.jpg": {"object_bounding_box": {"x": 335, "y": 1000, "w": 189, "h": 80}, "object_not_present": false}, "P174--grinder--clutter--aHOBIBF5qAyWZWADALWuqqsNKWzfrK8M98ckQZmRmKk-00558.jpg": {"object_bounding_box": {"x": 345, "y": 996, "w": 181, "h": 84}, "object_not_present": false}, "P174--grinder--clutter--aHOBIBF5qAyWZWADALWuqqsNKWzfrK8M98ckQZmRmKk-00559.jpg": {"object_bounding_box": {"x": 370, "y": 990, "w": 181, "h": 90}, "object_not_present": false}, "P174--grinder--clutter--aHOBIBF5qAyWZWADALWuqqsNKWzfrK8M98ckQZmRmKk-00560.jpg": {"object_bounding_box": {"x": 394, "y": 980, "w": 177, "h": 100}, "object_not_present": false}, "P174--grinder--clutter--aHOBIBF5qAyWZWADALWuqqsNKWzfrK8M98ckQZmRmKk-00561.jpg": {"object_bounding_box": {"x": 410, "y": 977, "w": 174, "h": 103}, "object_not_present": false}, "P174--grinder--clutter--aHOBIBF5qAyWZWADALWuqqsNKWzfrK8M98ckQZmRmKk-00562.jpg": {"object_bounding_box": {"x": 445, "y": 971, "w": 170, "h": 109}, "object_not_present": false}, "P174--grinder--clutter--aHOBIBF5qAyWZWADALWuqqsNKWzfrK8M98ckQZmRmKk-00563.jpg": {"object_bounding_box": {"x": 466, "y": 971, "w": 170, "h": 109}, "object_not_present": false}, "P174--grinder--clutter--aHOBIBF5qAyWZWADALWuqqsNKWzfrK8M98ckQZmRmKk-00564.jpg": {"object_bounding_box": {"x": 477, "y": 977, "w": 165, "h": 103}, "object_not_present": false}, "P174--grinder--clutter--aHOBIBF5qAyWZWADALWuqqsNKWzfrK8M98ckQZmRmKk-00565.jpg": {"object_bounding_box": {"x": 497, "y": 977, "w": 161, "h": 103}, "object_not_present": false}, "P174--grinder--clutter--aHOBIBF5qAyWZWADALWuqqsNKWzfrK8M98ckQZmRmKk-00566.jpg": {"object_bounding_box": {"x": 509, "y": 980, "w": 161, "h": 100}, "object_not_present": false}, "P174--grinder--clutter--aHOBIBF5qAyWZWADALWuqqsNKWzfrK8M98ckQZmRmKk-00567.jpg": {"object_bounding_box": {"x": 521, "y": 984, "w": 157, "h": 96}, "object_not_present": false}, "P174--grinder--clutter--aHOBIBF5qAyWZWADALWuqqsNKWzfrK8M98ckQZmRmKk-00568.jpg": {"object_bounding_box": {"x": 529, "y": 990, "w": 156, "h": 90}, "object_not_present": false}, "P174--grinder--clutter--aHOBIBF5qAyWZWADALWuqqsNKWzfrK8M98ckQZmRmKk-00569.jpg": {"object_bounding_box": {"x": 539, "y": 998, "w": 148, "h": 82}, "object_not_present": false}, "P174--grinder--clutter--aHOBIBF5qAyWZWADALWuqqsNKWzfrK8M98ckQZmRmKk-00570.jpg": {"object_bounding_box": {"x": 545, "y": 1006, "w": 145, "h": 74}, "object_not_present": false}, "P174--grinder--clutter--aHOBIBF5qAyWZWADALWuqqsNKWzfrK8M98ckQZmRmKk-00571.jpg": {"object_bounding_box": {"x": 557, "y": 1011, "w": 143, "h": 69}, "object_not_present": false}, "P174--grinder--clutter--aHOBIBF5qAyWZWADALWuqqsNKWzfrK8M98ckQZmRmKk-00572.jpg": {"object_bounding_box": {"x": 568, "y": 1014, "w": 142, "h": 66}, "object_not_present": false}, "P174--grinder--clutter--aHOBIBF5qAyWZWADALWuqqsNKWzfrK8M98ckQZmRmKk-00573.jpg": {"object_bounding_box": {"x": 575, "y": 1014, "w": 141, "h": 66}, "object_not_present": false}, "P174--grinder--clutter--aHOBIBF5qAyWZWADALWuqqsNKWzfrK8M98ckQZmRmKk-00574.jpg": {"object_bounding_box": {"x": 585, "y": 1009, "w": 136, "h": 71}, "object_not_present": false}, "P174--grinder--clutter--aHOBIBF5qAyWZWADALWuqqsNKWzfrK8M98ckQZmRmKk-00575.jpg": {"object_bounding_box": {"x": 596, "y": 1006, "w": 138, "h": 74}, "object_not_present": false}, "P174--grinder--clutter--aHOBIBF5qAyWZWADALWuqqsNKWzfrK8M98ckQZmRmKk-00576.jpg": {"object_bounding_box": {"x": 608, "y": 998, "w": 137, "h": 82}, "object_not_present": false}, "P174--grinder--clutter--aHOBIBF5qAyWZWADALWuqqsNKWzfrK8M98ckQZmRmKk-00577.jpg": {"object_bounding_box": {"x": 612, "y": 991, "w": 138, "h": 89}, "object_not_present": false}, "P174--grinder--clutter--aHOBIBF5qAyWZWADALWuqqsNKWzfrK8M98ckQZmRmKk-00578.jpg": {"object_bounding_box": {"x": 631, "y": 975, "w": 138, "h": 105}, "object_not_present": false}, "P174--grinder--clutter--aHOBIBF5qAyWZWADALWuqqsNKWzfrK8M98ckQZmRmKk-00579.jpg": {"object_bounding_box": {"x": 645, "y": 962, "w": 137, "h": 118}, "object_not_present": false}, "P174--grinder--clutter--aHOBIBF5qAyWZWADALWuqqsNKWzfrK8M98ckQZmRmKk-00580.jpg": {"object_bounding_box": {"x": 643, "y": 953, "w": 133, "h": 127}, "object_not_present": false}, "P174--grinder--clutter--aHOBIBF5qAyWZWADALWuqqsNKWzfrK8M98ckQZmRmKk-00581.jpg": {"object_bounding_box": {"x": 639, "y": 946, "w": 131, "h": 134}, "object_not_present": false}, "P174--grinder--clutter--aHOBIBF5qAyWZWADALWuqqsNKWzfrK8M98ckQZmRmKk-00582.jpg": {"object_bounding_box": {"x": 642, "y": 943, "w": 130, "h": 137}, "object_not_present": false}, "P174--grinder--clutter--aHOBIBF5qAyWZWADALWuqqsNKWzfrK8M98ckQZmRmKk-00583.jpg": {"object_bounding_box": {"x": 642, "y": 943, "w": 131, "h": 137}, "object_not_present": false}, "P174--grinder--clutter--aHOBIBF5qAyWZWADALWuqqsNKWzfrK8M98ckQZmRmKk-00584.jpg": {"object_bounding_box": {"x": 637, "y": 952, "w": 131, "h": 128}, "object_not_present": false}, "P174--grinder--clutter--aHOBIBF5qAyWZWADALWuqqsNKWzfrK8M98ckQZmRmKk-00585.jpg": {"object_bounding_box": {"x": 631, "y": 960, "w": 130, "h": 120}, "object_not_present": false}, "P174--grinder--clutter--aHOBIBF5qAyWZWADALWuqqsNKWzfrK8M98ckQZmRmKk-00586.jpg": {"object_bounding_box": {"x": 625, "y": 973, "w": 126, "h": 107}, "object_not_present": false}, "P174--grinder--clutter--aHOBIBF5qAyWZWADALWuqqsNKWzfrK8M98ckQZmRmKk-00587.jpg": {"object_bounding_box": {"x": 616, "y": 991, "w": 127, "h": 89}, "object_not_present": false}, "P174--grinder--clutter--aHOBIBF5qAyWZWADALWuqqsNKWzfrK8M98ckQZmRmKk-00588.jpg": {"object_bounding_box": {"x": 606, "y": 1007, "w": 126, "h": 73}, "object_not_present": false}, "P174--grinder--clutter--aHOBIBF5qAyWZWADALWuqqsNKWzfrK8M98ckQZmRmKk-00589.jpg": {"object_bounding_box": {"x": 599, "y": 1023, "w": 126, "h": 57}, "object_not_present": false}, "P174--grinder--clutter--aHOBIBF5qAyWZWADALWuqqsNKWzfrK8M98ckQZmRmKk-00590.jpg": {"object_bounding_box": {"x": 599, "y": 1036, "w": 117, "h": 44}, "object_not_present": false}, "P174--grinder--clutter--aHOBIBF5qAyWZWADALWuqqsNKWzfrK8M98ckQZmRmKk-00591.jpg": {"object_bounding_box": {"x": 599, "y": 1045, "w": 109, "h": 35}, "object_not_present": false}, "P174--grinder--clutter--aHOBIBF5qAyWZWADALWuqqsNKWzfrK8M98ckQZmRmKk-00592.jpg": {"object_bounding_box": {"x": 597, "y": 1050, "w": 101, "h": 30}, "object_not_present": false}, "P174--grinder--clutter--aHOBIBF5qAyWZWADALWuqqsNKWzfrK8M98ckQZmRmKk-00593.jpg": {"object_bounding_box": {"x": 592, "y": 1058, "w": 89, "h": 22}, "object_not_present": false}, "P174--grinder--clutter--aHOBIBF5qAyWZWADALWuqqsNKWzfrK8M98ckQZmRmKk-00594.jpg": {"object_bounding_box": {"x": 594, "y": 1067, "w": 69, "h": 13}, "object_not_present": false}, "P174--grinder--clutter--aHOBIBF5qAyWZWADALWuqqsNKWzfrK8M98ckQZmRmKk-00595.jpg": {"object_bounding_box": {"x": 593, "y": 1072, "w": 55, "h": 8}, "object_not_present": false}, "P174--grinder--clutter--aHOBIBF5qAyWZWADALWuqqsNKWzfrK8M98ckQZmRmKk-00596.jpg": {"object_bounding_box": null, "object_not_present": true}, "P174--grinder--clutter--aHOBIBF5qAyWZWADALWuqqsNKWzfrK8M98ckQZmRmKk-00597.jpg": {"object_bounding_box": null, "object_not_present": true}, "P174--grinder--clutter--aHOBIBF5qAyWZWADALWuqqsNKWzfrK8M98ckQZmRmKk-00598.jpg": {"object_bounding_box": null, "object_not_present": true}, "P174--grinder--clutter--aHOBIBF5qAyWZWADALWuqqsNKWzfrK8M98ckQZmRmKk-00599.jpg": {"object_bounding_box": null, "object_not_present": true}}