{"P193--black-bin--clutter--oUGfj0pzTPazM3bw6T3tC4J73qqBBhPkYkm0SMERsnM-00001.jpg": {"object_bounding_box": {"x": 641, "y": 0, "w": 439, "h": 1080}, "object_present": true}, "P193--black-bin--clutter--oUGfj0pzTPazM3bw6T3tC4J73qqBBhPkYkm0SMERsnM-00002.jpg": {"object_bounding_box": {"x": 649, "y": 0, "w": 431, "h": 1080}, "object_present": true}, "P193--black-bin--clutter--oUGfj0pzTPazM3bw6T3tC4J73qqBBhPkYkm0SMERsnM-00003.jpg": {"object_bounding_box": {"x": 675, "y": 0, "w": 405, "h": 1080}, "object_present": true}, "P193--black-bin--clutter--oUGfj0pzTPazM3bw6T3tC4J73qqBBhPkYkm0SMERsnM-00004.jpg": {"object_bounding_box": {"x": 684, "y": 0, "w": 396, "h": 1080}, "object_present": true}, "P193--black-bin--clutter--oUGfj0pzTPazM3bw6T3tC4J73qqBBhPkYkm0SMERsnM-00005.jpg": {"object_bounding_box": {"x": 688, "y": 0, "w": 392, "h": 1080}, "object_present": true}, "P193--black-bin--clutter--oUGfj0pzTPazM3bw6T3tC4J73qqBBhPkYkm0SMERsnM-00006.jpg": {"object_bounding_box": {"x": 691, "y": 0, "w": 389, "h": 1080}, "object_present": true}, "P193--black-bin--clutter--oUGfj0pzTPazM3bw6T3tC4J73qqBBhPkYkm0SMERsnM-00007.jpg": {"object_bounding_box": {"x": 691, "y": 0, "w": 389, "h": 1080}, "object_present": true}, "P193--black-bin--clutter--oUGfj0pzTPazM3bw6T3tC4J73qqBBhPkYkm0SMERsnM-00008.jpg": {"object_bounding_box": {"x": 699, "y": 0, "w": 381, "h": 1080}, "object_present": true}, "P193--black-bin--clutter--oUGfj0pzTPazM3bw6T3tC4J73qqBBhPkYkm0SMERsnM-00009.jpg": {"object_bounding_box": {"x": 703, "y": 0, "w": 377, "h": 1080}, "object_present": true}, "P193--black-bin--clutter--oUGfj0pzTPazM3bw6T3tC4J73qqBBhPkYkm0SMERsnM-00010.jpg": {"object_bounding_box": {"x": 710, "y": 0, "w": 370, "h": 1080}, "object_present": true}, "P193--black-bin--clutter--oUGfj0pzTPazM3bw6T3tC4J73qqBBhPkYkm0SMERsnM-00011.jpg": {"object_bounding_box": {"x": 712, "y": 0, "w": 368, "h": 1080}, "object_present": true}, "P193--black-bin--clutter--oUGfj0pzTPazM3bw6T3tC4J73qqBBhPkYkm0SMERsnM-00012.jpg": {"object_bounding_box": {"x": 722, "y": 0, "w": 358, "h": 1080}, "object_present": true}, "P193--black-bin--clutter--oUGfj0pzTPazM3bw6T3tC4J73qqBBhPkYkm0SMERsnM-00013.jpg": {"object_bounding_box": {"x": 729, "y": 0, "w": 351, "h": 1080}, "object_present": true}, "P193--black-bin--clutter--oUGfj0pzTPazM3bw6T3tC4J73qqBBhPkYkm0SMERsnM-00014.jpg": {"object_bounding_box": {"x": 734, "y": 0, "w": 346, "h": 1080}, "object_present": true}, "P193--black-bin--clutter--oUGfj0pzTPazM3bw6T3tC4J73qqBBhPkYkm0SMERsnM-00015.jpg": {"object_bounding_box": {"x": 733, "y": 0, "w": 347, "h": 1080}, "object_present": true}, "P193--black-bin--clutter--oUGfj0pzTPazM3bw6T3tC4J73qqBBhPkYkm0SMERsnM-00016.jpg": {"object_bounding_box": {"x": 743, "y": 0, "w": 337, "h": 1080}, "object_present": true}, "P193--black-bin--clutter--oUGfj0pzTPazM3bw6T3tC4J73qqBBhPkYkm0SMERsnM-00017.jpg": {"object_bounding_box": {"x": 748, "y": 0, "w": 332, "h": 1080}, "object_present": true}, "P193--black-bin--clutter--oUGfj0pzTPazM3bw6T3tC4J73qqBBhPkYkm0SMERsnM-00018.jpg": {"object_bounding_box": {"x": 754, "y": 0, "w": 326, "h": 1080}, "object_present": true}, "P193--black-bin--clutter--oUGfj0pzTPazM3bw6T3tC4J73qqBBhPkYkm0SMERsnM-00019.jpg": {"object_bounding_box": {"x": 768, "y": 0, "w": 312, "h": 1080}, "object_present": true}, "P193--black-bin--clutter--oUGfj0pzTPazM3bw6T3tC4J73qqBBhPkYkm0SMERsnM-00020.jpg": {"object_bounding_box": {"x": 773, "y": 0, "w": 307, "h": 1080}, "object_present": true}, "P193--black-bin--clutter--oUGfj0pzTPazM3bw6T3tC4J73qqBBhPkYkm0SMERsnM-00021.jpg": {"object_bounding_box": {"x": 787, "y": 0, "w": 293, "h": 1080}, "object_present": true}, "P193--black-bin--clutter--oUGfj0pzTPazM3bw6T3tC4J73qqBBhPkYkm0SMERsnM-00022.jpg": {"object_bounding_box": {"x": 792, "y": 0, "w": 288, "h": 1080}, "object_present": true}, "P193--black-bin--clutter--oUGfj0pzTPazM3bw6T3tC4J73qqBBhPkYkm0SMERsnM-00023.jpg": {"object_bounding_box": {"x": 794, "y": 0, "w": 286, "h": 1080}, "object_present": true}, "P193--black-bin--clutter--oUGfj0pzTPazM3bw6T3tC4J73qqBBhPkYkm0SMERsnM-00024.jpg": {"object_bounding_box": {"x": 792, "y": 0, "w": 288, "h": 1080}, "object_present": true}, "P193--black-bin--clutter--oUGfj0pzTPazM3bw6T3tC4J73qqBBhPkYkm0SMERsnM-00025.jpg": {"object_bounding_box": {"x": 799, "y": 0, "w": 281, "h": 1080}, "object_present": true}, "P193--black-bin--clutter--oUGfj0pzTPazM3bw6T3tC4J73qqBBhPkYkm0SMERsnM-00026.jpg": {"object_bounding_box": {"x": 805, "y": 0, "w": 275, "h": 1080}, "object_present": true}, "P193--black-bin--clutter--oUGfj0pzTPazM3bw6T3tC4J73qqBBhPkYkm0SMERsnM-00027.jpg": {"object_bounding_box": {"x": 810, "y": 0, "w": 270, "h": 1080}, "object_present": true}, "P193--black-bin--clutter--oUGfj0pzTPazM3bw6T3tC4J73qqBBhPkYkm0SMERsnM-00028.jpg": {"object_bounding_box": {"x": 812, "y": 0, "w": 268, "h": 1080}, "object_present": true}, "P193--black-bin--clutter--oUGfj0pzTPazM3bw6T3tC4J73qqBBhPkYkm0SMERsnM-00029.jpg": {"object_bounding_box": {"x": 817, "y": 0, "w": 263, "h": 1080}, "object_present": true}, "P193--black-bin--clutter--oUGfj0pzTPazM3bw6T3tC4J73qqBBhPkYkm0SMERsnM-00030.jpg": {"object_bounding_box": {"x": 818, "y": 0, "w": 262, "h": 1080}, "object_present": true}, "P193--black-bin--clutter--oUGfj0pzTPazM3bw6T3tC4J73qqBBhPkYkm0SMERsnM-00031.jpg": {"object_bounding_box": {"x": 824, "y": 0, "w": 256, "h": 1080}, "object_present": true}, "P193--black-bin--clutter--oUGfj0pzTPazM3bw6T3tC4J73qqBBhPkYkm0SMERsnM-00032.jpg": {"object_bounding_box": {"x": 819, "y": 0, "w": 261, "h": 1080}, "object_present": true}, "P193--black-bin--clutter--oUGfj0pzTPazM3bw6T3tC4J73qqBBhPkYkm0SMERsnM-00033.jpg": {"object_bounding_box": {"x": 822, "y": 0, "w": 258, "h": 1080}, "object_present": true}, "P193--black-bin--clutter--oUGfj0pzTPazM3bw6T3tC4J73qqBBhPkYkm0SMERsnM-00034.jpg": {"object_bounding_box": {"x": 822, "y": 0, "w": 258, "h": 1080}, "object_present": true}, "P193--black-bin--clutter--oUGfj0pzTPazM3bw6T3tC4J73qqBBhPkYkm0SMERsnM-00035.jpg": {"object_bounding_box": {"x": 819, "y": 0, "w": 261, "h": 1080}, "object_present": true}, "P193--black-bin--clutter--oUGfj0pzTPazM3bw6T3tC4J73qqBBhPkYkm0SMERsnM-00036.jpg": {"object_bounding_box": {"x": 819, "y": 0, "w": 261, "h": 1080}, "object_present": true}, "P193--black-bin--clutter--oUGfj0pzTPazM3bw6T3tC4J73qqBBhPkYkm0SMERsnM-00037.jpg": {"object_bounding_box": {"x": 819, "y": 0, "w": 261, "h": 1080}, "object_present": true}, "P193--black-bin--clutter--oUGfj0pzTPazM3bw6T3tC4J73qqBBhPkYkm0SMERsnM-00038.jpg": {"object_bounding_box": {"x": 819, "y": 0, "w": 261, "h": 1080}, "object_present": true}, "P193--black-bin--clutter--oUGfj0pzTPazM3bw6T3tC4J73qqBBhPkYkm0SMERsnM-00039.jpg": {"object_bounding_box": {"x": 819, "y": 0, "w": 261, "h": 1080}, "object_present": true}, "P193--black-bin--clutter--oUGfj0pzTPazM3bw6T3tC4J73qqBBhPkYkm0SMERsnM-00040.jpg": {"object_bounding_box": {"x": 815, "y": 0, "w": 265, "h": 1080}, "object_present": true}, "P193--black-bin--clutter--oUGfj0pzTPazM3bw6T3tC4J73qqBBhPkYkm0SMERsnM-00041.jpg": {"object_bounding_box": {"x": 812, "y": 0, "w": 268, "h": 1080}, "object_present": true}, "P193--black-bin--clutter--oUGfj0pzTPazM3bw6T3tC4J73qqBBhPkYkm0SMERsnM-00042.jpg": {"object_bounding_box": {"x": 808, "y": 0, "w": 272, "h": 1080}, "object_present": true}, "P193--black-bin--clutter--oUGfj0pzTPazM3bw6T3tC4J73qqBBhPkYkm0SMERsnM-00043.jpg": {"object_bounding_box": {"x": 805, "y": 0, "w": 275, "h": 1080}, "object_present": true}, "P193--black-bin--clutter--oUGfj0pzTPazM3bw6T3tC4J73qqBBhPkYkm0SMERsnM-00044.jpg": {"object_bounding_box": {"x": 791, "y": 0, "w": 289, "h": 1080}, "object_present": true}, "P193--black-bin--clutter--oUGfj0pzTPazM3bw6T3tC4J73qqBBhPkYkm0SMERsnM-00045.jpg": {"object_bounding_box": {"x": 788, "y": 0, "w": 292, "h": 1080}, "object_present": true}, "P193--black-bin--clutter--oUGfj0pzTPazM3bw6T3tC4J73qqBBhPkYkm0SMERsnM-00046.jpg": {"object_bounding_box": {"x": 786, "y": 0, "w": 294, "h": 1080}, "object_present": true}, "P193--black-bin--clutter--oUGfj0pzTPazM3bw6T3tC4J73qqBBhPkYkm0SMERsnM-00047.jpg": {"object_bounding_box": {"x": 777, "y": 0, "w": 303, "h": 1080}, "object_present": true}, "P193--black-bin--clutter--oUGfj0pzTPazM3bw6T3tC4J73qqBBhPkYkm0SMERsnM-00048.jpg": {"object_bounding_box": {"x": 771, "y": 0, "w": 309, "h": 1080}, "object_present": true}, "P193--black-bin--clutter--oUGfj0pzTPazM3bw6T3tC4J73qqBBhPkYkm0SMERsnM-00049.jpg": {"object_bounding_box": {"x": 764, "y": 0, "w": 316, "h": 1080}, "object_present": true}, "P193--black-bin--clutter--oUGfj0pzTPazM3bw6T3tC4J73qqBBhPkYkm0SMERsnM-00050.jpg": {"object_bounding_box": {"x": 757, "y": 0, "w": 323, "h": 1080}, "object_present": true}, "P193--black-bin--clutter--oUGfj0pzTPazM3bw6T3tC4J73qqBBhPkYkm0SMERsnM-00051.jpg": {"object_bounding_box": {"x": 753, "y": 0, "w": 327, "h": 1080}, "object_present": true}, "P193--black-bin--clutter--oUGfj0pzTPazM3bw6T3tC4J73qqBBhPkYkm0SMERsnM-00052.jpg": {"object_bounding_box": {"x": 749, "y": 0, "w": 331, "h": 1080}, "object_present": true}, "P193--black-bin--clutter--oUGfj0pzTPazM3bw6T3tC4J73qqBBhPkYkm0SMERsnM-00053.jpg": {"object_bounding_box": {"x": 739, "y": 0, "w": 341, "h": 1080}, "object_present": true}, "P193--black-bin--clutter--oUGfj0pzTPazM3bw6T3tC4J73qqBBhPkYkm0SMERsnM-00054.jpg": {"object_bounding_box": {"x": 735, "y": 0, "w": 345, "h": 1080}, "object_present": true}, "P193--black-bin--clutter--oUGfj0pzTPazM3bw6T3tC4J73qqBBhPkYkm0SMERsnM-00055.jpg": {"object_bounding_box": {"x": 731, "y": 0, "w": 349, "h": 1080}, "object_present": true}, "P193--black-bin--clutter--oUGfj0pzTPazM3bw6T3tC4J73qqBBhPkYkm0SMERsnM-00056.jpg": {"object_bounding_box": {"x": 724, "y": 0, "w": 356, "h": 1080}, "object_present": true}, "P193--black-bin--clutter--oUGfj0pzTPazM3bw6T3tC4J73qqBBhPkYkm0SMERsnM-00057.jpg": {"object_bounding_box": {"x": 718, "y": 0, "w": 362, "h": 1080}, "object_present": true}, "P193--black-bin--clutter--oUGfj0pzTPazM3bw6T3tC4J73qqBBhPkYkm0SMERsnM-00058.jpg": {"object_bounding_box": {"x": 713, "y": 0, "w": 367, "h": 1080}, "object_present": true}, "P193--black-bin--clutter--oUGfj0pzTPazM3bw6T3tC4J73qqBBhPkYkm0SMERsnM-00059.jpg": {"object_bounding_box": {"x": 705, "y": 0, "w": 375, "h": 1080}, "object_present": true}, "P193--black-bin--clutter--oUGfj0pzTPazM3bw6T3tC4J73qqBBhPkYkm0SMERsnM-00060.jpg": {"object_bounding_box": {"x": 705, "y": 0, "w": 375, "h": 1080}, "object_present": true}, "P193--black-bin--clutter--oUGfj0pzTPazM3bw6T3tC4J73qqBBhPkYkm0SMERsnM-00061.jpg": {"object_bounding_box": {"x": 704, "y": 0, "w": 376, "h": 1080}, "object_present": true}, "P193--black-bin--clutter--oUGfj0pzTPazM3bw6T3tC4J73qqBBhPkYkm0SMERsnM-00062.jpg": {"object_bounding_box": {"x": 704, "y": 0, "w": 376, "h": 1080}, "object_present": true}, "P193--black-bin--clutter--oUGfj0pzTPazM3bw6T3tC4J73qqBBhPkYkm0SMERsnM-00063.jpg": {"object_bounding_box": {"x": 697, "y": 0, "w": 383, "h": 1080}, "object_present": true}, "P193--black-bin--clutter--oUGfj0pzTPazM3bw6T3tC4J73qqBBhPkYkm0SMERsnM-00064.jpg": {"object_bounding_box": {"x": 693, "y": 0, "w": 387, "h": 1080}, "object_present": true}, "P193--black-bin--clutter--oUGfj0pzTPazM3bw6T3tC4J73qqBBhPkYkm0SMERsnM-00065.jpg": {"object_bounding_box": {"x": 686, "y": 0, "w": 394, "h": 1080}, "object_present": true}, "P193--black-bin--clutter--oUGfj0pzTPazM3bw6T3tC4J73qqBBhPkYkm0SMERsnM-00066.jpg": {"object_bounding_box": {"x": 668, "y": 0, "w": 412, "h": 1080}, "object_present": true}, "P193--black-bin--clutter--oUGfj0pzTPazM3bw6T3tC4J73qqBBhPkYkm0SMERsnM-00067.jpg": {"object_bounding_box": {"x": 639, "y": 0, "w": 441, "h": 1080}, "object_present": true}, "P193--black-bin--clutter--oUGfj0pzTPazM3bw6T3tC4J73qqBBhPkYkm0SMERsnM-00068.jpg": {"object_bounding_box": {"x": 631, "y": 0, "w": 449, "h": 1080}, "object_present": true}, "P193--black-bin--clutter--oUGfj0pzTPazM3bw6T3tC4J73qqBBhPkYkm0SMERsnM-00069.jpg": {"object_bounding_box": {"x": 610, "y": 0, "w": 470, "h": 1080}, "object_present": true}, "P193--black-bin--clutter--oUGfj0pzTPazM3bw6T3tC4J73qqBBhPkYkm0SMERsnM-00070.jpg": {"object_bounding_box": {"x": 567, "y": 0, "w": 513, "h": 1080}, "object_present": true}, "P193--black-bin--clutter--oUGfj0pzTPazM3bw6T3tC4J73qqBBhPkYkm0SMERsnM-00071.jpg": {"object_bounding_box": {"x": 545, "y": 0, "w": 535, "h": 1080}, "object_present": true}, "P193--black-bin--clutter--oUGfj0pzTPazM3bw6T3tC4J73qqBBhPkYkm0SMERsnM-00072.jpg": {"object_bounding_box": {"x": 533, "y": 0, "w": 547, "h": 1080}, "object_present": true}, "P193--black-bin--clutter--oUGfj0pzTPazM3bw6T3tC4J73qqBBhPkYkm0SMERsnM-00073.jpg": {"object_bounding_box": {"x": 513, "y": 0, "w": 567, "h": 1080}, "object_present": true}, "P193--black-bin--clutter--oUGfj0pzTPazM3bw6T3tC4J73qqBBhPkYkm0SMERsnM-00074.jpg": {"object_bounding_box": {"x": 507, "y": 0, "w": 573, "h": 1074}, "object_present": true}, "P193--black-bin--clutter--oUGfj0pzTPazM3bw6T3tC4J73qqBBhPkYkm0SMERsnM-00075.jpg": {"object_bounding_box": {"x": 506, "y": 0, "w": 574, "h": 1064}, "object_present": true}, "P193--black-bin--clutter--oUGfj0pzTPazM3bw6T3tC4J73qqBBhPkYkm0SMERsnM-00076.jpg": {"object_bounding_box": {"x": 493, "y": 0, "w": 587, "h": 1048}, "object_present": true}, "P193--black-bin--clutter--oUGfj0pzTPazM3bw6T3tC4J73qqBBhPkYkm0SMERsnM-00077.jpg": {"object_bounding_box": {"x": 479, "y": 0, "w": 601, "h": 1043}, "object_present": true}, "P193--black-bin--clutter--oUGfj0pzTPazM3bw6T3tC4J73qqBBhPkYkm0SMERsnM-00078.jpg": {"object_bounding_box": {"x": 460, "y": 0, "w": 620, "h": 1033}, "object_present": true}, "P193--black-bin--clutter--oUGfj0pzTPazM3bw6T3tC4J73qqBBhPkYkm0SMERsnM-00079.jpg": {"object_bounding_box": {"x": 444, "y": 0, "w": 636, "h": 1045}, "object_present": true}, "P193--black-bin--clutter--oUGfj0pzTPazM3bw6T3tC4J73qqBBhPkYkm0SMERsnM-00080.jpg": {"object_bounding_box": {"x": 426, "y": 0, "w": 654, "h": 1040}, "object_present": true}, "P193--black-bin--clutter--oUGfj0pzTPazM3bw6T3tC4J73qqBBhPkYkm0SMERsnM-00081.jpg": {"object_bounding_box": {"x": 415, "y": 0, "w": 665, "h": 1040}, "object_present": true}, "P193--black-bin--clutter--oUGfj0pzTPazM3bw6T3tC4J73qqBBhPkYkm0SMERsnM-00082.jpg": {"object_bounding_box": {"x": 412, "y": 0, "w": 668, "h": 1052}, "object_present": true}, "P193--black-bin--clutter--oUGfj0pzTPazM3bw6T3tC4J73qqBBhPkYkm0SMERsnM-00083.jpg": {"object_bounding_box": {"x": 408, "y": 0, "w": 672, "h": 1046}, "object_present": true}, "P193--black-bin--clutter--oUGfj0pzTPazM3bw6T3tC4J73qqBBhPkYkm0SMERsnM-00084.jpg": {"object_bounding_box": {"x": 405, "y": 0, "w": 675, "h": 1046}, "object_present": true}, "P193--black-bin--clutter--oUGfj0pzTPazM3bw6T3tC4J73qqBBhPkYkm0SMERsnM-00085.jpg": {"object_bounding_box": {"x": 409, "y": 0, "w": 671, "h": 1042}, "object_present": true}, "P193--black-bin--clutter--oUGfj0pzTPazM3bw6T3tC4J73qqBBhPkYkm0SMERsnM-00086.jpg": {"object_bounding_box": {"x": 413, "y": 0, "w": 667, "h": 1042}, "object_present": true}, "P193--black-bin--clutter--oUGfj0pzTPazM3bw6T3tC4J73qqBBhPkYkm0SMERsnM-00087.jpg": {"object_bounding_box": {"x": 437, "y": 0, "w": 643, "h": 1032}, "object_present": true}, "P193--black-bin--clutter--oUGfj0pzTPazM3bw6T3tC4J73qqBBhPkYkm0SMERsnM-00088.jpg": {"object_bounding_box": {"x": 460, "y": 0, "w": 620, "h": 1032}, "object_present": true}, "P193--black-bin--clutter--oUGfj0pzTPazM3bw6T3tC4J73qqBBhPkYkm0SMERsnM-00089.jpg": {"object_bounding_box": {"x": 482, "y": 0, "w": 598, "h": 1032}, "object_present": true}, "P193--black-bin--clutter--oUGfj0pzTPazM3bw6T3tC4J73qqBBhPkYkm0SMERsnM-00090.jpg": {"object_bounding_box": {"x": 516, "y": 0, "w": 564, "h": 1013}, "object_present": true}, "P193--black-bin--clutter--oUGfj0pzTPazM3bw6T3tC4J73qqBBhPkYkm0SMERsnM-00091.jpg": {"object_bounding_box": {"x": 538, "y": 0, "w": 542, "h": 1001}, "object_present": true}, "P193--black-bin--clutter--oUGfj0pzTPazM3bw6T3tC4J73qqBBhPkYkm0SMERsnM-00092.jpg": {"object_bounding_box": {"x": 547, "y": 0, "w": 533, "h": 1001}, "object_present": true}, "P193--black-bin--clutter--oUGfj0pzTPazM3bw6T3tC4J73qqBBhPkYkm0SMERsnM-00093.jpg": {"object_bounding_box": {"x": 552, "y": 0, "w": 528, "h": 992}, "object_present": true}, "P193--black-bin--clutter--oUGfj0pzTPazM3bw6T3tC4J73qqBBhPkYkm0SMERsnM-00094.jpg": {"object_bounding_box": {"x": 553, "y": 0, "w": 527, "h": 1003}, "object_present": true}, "P193--black-bin--clutter--oUGfj0pzTPazM3bw6T3tC4J73qqBBhPkYkm0SMERsnM-00095.jpg": {"object_bounding_box": {"x": 553, "y": 0, "w": 527, "h": 1003}, "object_present": true}, "P193--black-bin--clutter--oUGfj0pzTPazM3bw6T3tC4J73qqBBhPkYkm0SMERsnM-00096.jpg": {"object_bounding_box": {"x": 553, "y": 0, "w": 527, "h": 1010}, "object_present": true}, "P193--black-bin--clutter--oUGfj0pzTPazM3bw6T3tC4J73qqBBhPkYkm0SMERsnM-00097.jpg": {"object_bounding_box": {"x": 546, "y": 0, "w": 534, "h": 1019}, "object_present": true}, "P193--black-bin--clutter--oUGfj0pzTPazM3bw6T3tC4J73qqBBhPkYkm0SMERsnM-00098.jpg": {"object_bounding_box": {"x": 537, "y": 0, "w": 543, "h": 1019}, "object_present": true}, "P193--black-bin--clutter--oUGfj0pzTPazM3bw6T3tC4J73qqBBhPkYkm0SMERsnM-00099.jpg": {"object_bounding_box": {"x": 537, "y": 0, "w": 543, "h": 1019}, "object_present": true}, "P193--black-bin--clutter--oUGfj0pzTPazM3bw6T3tC4J73qqBBhPkYkm0SMERsnM-00100.jpg": {"object_bounding_box": {"x": 531, "y": 0, "w": 549, "h": 1012}, "object_present": true}, "P193--black-bin--clutter--oUGfj0pzTPazM3bw6T3tC4J73qqBBhPkYkm0SMERsnM-00101.jpg": {"object_bounding_box": {"x": 519, "y": 0, "w": 561, "h": 1003}, "object_present": true}, "P193--black-bin--clutter--oUGfj0pzTPazM3bw6T3tC4J73qqBBhPkYkm0SMERsnM-00102.jpg": {"object_bounding_box": {"x": 517, "y": 0, "w": 563, "h": 998}, "object_present": true}, "P193--black-bin--clutter--oUGfj0pzTPazM3bw6T3tC4J73qqBBhPkYkm0SMERsnM-00103.jpg": {"object_bounding_box": {"x": 524, "y": 0, "w": 556, "h": 990}, "object_present": true}, "P193--black-bin--clutter--oUGfj0pzTPazM3bw6T3tC4J73qqBBhPkYkm0SMERsnM-00104.jpg": {"object_bounding_box": {"x": 520, "y": 0, "w": 560, "h": 983}, "object_present": true}, "P193--black-bin--clutter--oUGfj0pzTPazM3bw6T3tC4J73qqBBhPkYkm0SMERsnM-00105.jpg": {"object_bounding_box": {"x": 523, "y": 0, "w": 557, "h": 978}, "object_present": true}, "P193--black-bin--clutter--oUGfj0pzTPazM3bw6T3tC4J73qqBBhPkYkm0SMERsnM-00106.jpg": {"object_bounding_box": {"x": 526, "y": 0, "w": 554, "h": 973}, "object_present": true}, "P193--black-bin--clutter--oUGfj0pzTPazM3bw6T3tC4J73qqBBhPkYkm0SMERsnM-00107.jpg": {"object_bounding_box": {"x": 526, "y": 0, "w": 554, "h": 962}, "object_present": true}, "P193--black-bin--clutter--oUGfj0pzTPazM3bw6T3tC4J73qqBBhPkYkm0SMERsnM-00108.jpg": {"object_bounding_box": {"x": 523, "y": 0, "w": 557, "h": 962}, "object_present": true}, "P193--black-bin--clutter--oUGfj0pzTPazM3bw6T3tC4J73qqBBhPkYkm0SMERsnM-00109.jpg": {"object_bounding_box": {"x": 515, "y": 0, "w": 565, "h": 962}, "object_present": true}, "P193--black-bin--clutter--oUGfj0pzTPazM3bw6T3tC4J73qqBBhPkYkm0SMERsnM-00110.jpg": {"object_bounding_box": {"x": 501, "y": 0, "w": 579, "h": 972}, "object_present": true}, "P193--black-bin--clutter--oUGfj0pzTPazM3bw6T3tC4J73qqBBhPkYkm0SMERsnM-00111.jpg": {"object_bounding_box": {"x": 488, "y": 0, "w": 592, "h": 972}, "object_present": true}, "P193--black-bin--clutter--oUGfj0pzTPazM3bw6T3tC4J73qqBBhPkYkm0SMERsnM-00112.jpg": {"object_bounding_box": {"x": 480, "y": 0, "w": 600, "h": 972}, "object_present": true}, "P193--black-bin--clutter--oUGfj0pzTPazM3bw6T3tC4J73qqBBhPkYkm0SMERsnM-00113.jpg": {"object_bounding_box": {"x": 469, "y": 0, "w": 611, "h": 980}, "object_present": true}, "P193--black-bin--clutter--oUGfj0pzTPazM3bw6T3tC4J73qqBBhPkYkm0SMERsnM-00114.jpg": {"object_bounding_box": {"x": 456, "y": 0, "w": 624, "h": 981}, "object_present": true}, "P193--black-bin--clutter--oUGfj0pzTPazM3bw6T3tC4J73qqBBhPkYkm0SMERsnM-00115.jpg": {"object_bounding_box": {"x": 447, "y": 0, "w": 633, "h": 980}, "object_present": true}, "P193--black-bin--clutter--oUGfj0pzTPazM3bw6T3tC4J73qqBBhPkYkm0SMERsnM-00116.jpg": {"object_bounding_box": {"x": 438, "y": 0, "w": 642, "h": 976}, "object_present": true}, "P193--black-bin--clutter--oUGfj0pzTPazM3bw6T3tC4J73qqBBhPkYkm0SMERsnM-00117.jpg": {"object_bounding_box": {"x": 425, "y": 0, "w": 655, "h": 972}, "object_present": true}, "P193--black-bin--clutter--oUGfj0pzTPazM3bw6T3tC4J73qqBBhPkYkm0SMERsnM-00118.jpg": {"object_bounding_box": {"x": 412, "y": 0, "w": 668, "h": 970}, "object_present": true}, "P193--black-bin--clutter--oUGfj0pzTPazM3bw6T3tC4J73qqBBhPkYkm0SMERsnM-00119.jpg": {"object_bounding_box": {"x": 406, "y": 0, "w": 674, "h": 970}, "object_present": true}, "P193--black-bin--clutter--oUGfj0pzTPazM3bw6T3tC4J73qqBBhPkYkm0SMERsnM-00120.jpg": {"object_bounding_box": {"x": 395, "y": 0, "w": 685, "h": 978}, "object_present": true}, "P193--black-bin--clutter--oUGfj0pzTPazM3bw6T3tC4J73qqBBhPkYkm0SMERsnM-00121.jpg": {"object_bounding_box": {"x": 377, "y": 0, "w": 703, "h": 978}, "object_present": true}, "P193--black-bin--clutter--oUGfj0pzTPazM3bw6T3tC4J73qqBBhPkYkm0SMERsnM-00122.jpg": {"object_bounding_box": {"x": 360, "y": 0, "w": 715, "h": 990}, "object_present": true}, "P193--black-bin--clutter--oUGfj0pzTPazM3bw6T3tC4J73qqBBhPkYkm0SMERsnM-00123.jpg": {"object_bounding_box": {"x": 359, "y": 0, "w": 702, "h": 990}, "object_present": true}, "P193--black-bin--clutter--oUGfj0pzTPazM3bw6T3tC4J73qqBBhPkYkm0SMERsnM-00124.jpg": {"object_bounding_box": {"x": 356, "y": 0, "w": 700, "h": 997}, "object_present": true}, "P193--black-bin--clutter--oUGfj0pzTPazM3bw6T3tC4J73qqBBhPkYkm0SMERsnM-00125.jpg": {"object_bounding_box": {"x": 348, "y": 0, "w": 703, "h": 1001}, "object_present": true}, "P193--black-bin--clutter--oUGfj0pzTPazM3bw6T3tC4J73qqBBhPkYkm0SMERsnM-00126.jpg": {"object_bounding_box": {"x": 340, "y": 0, "w": 702, "h": 999}, "object_present": true}, "P193--black-bin--clutter--oUGfj0pzTPazM3bw6T3tC4J73qqBBhPkYkm0SMERsnM-00127.jpg": {"object_bounding_box": {"x": 331, "y": 0, "w": 697, "h": 999}, "object_present": true}, "P193--black-bin--clutter--oUGfj0pzTPazM3bw6T3tC4J73qqBBhPkYkm0SMERsnM-00128.jpg": {"object_bounding_box": {"x": 320, "y": 0, "w": 697, "h": 999}, "object_present": true}, "P193--black-bin--clutter--oUGfj0pzTPazM3bw6T3tC4J73qqBBhPkYkm0SMERsnM-00129.jpg": {"object_bounding_box": {"x": 315, "y": 0, "w": 693, "h": 999}, "object_present": true}, "P193--black-bin--clutter--oUGfj0pzTPazM3bw6T3tC4J73qqBBhPkYkm0SMERsnM-00130.jpg": {"object_bounding_box": {"x": 302, "y": 0, "w": 697, "h": 987}, "object_present": true}, "P193--black-bin--clutter--oUGfj0pzTPazM3bw6T3tC4J73qqBBhPkYkm0SMERsnM-00131.jpg": {"object_bounding_box": {"x": 294, "y": 0, "w": 699, "h": 978}, "object_present": true}, "P193--black-bin--clutter--oUGfj0pzTPazM3bw6T3tC4J73qqBBhPkYkm0SMERsnM-00132.jpg": {"object_bounding_box": {"x": 299, "y": 0, "w": 687, "h": 987}, "object_present": true}, "P193--black-bin--clutter--oUGfj0pzTPazM3bw6T3tC4J73qqBBhPkYkm0SMERsnM-00133.jpg": {"object_bounding_box": {"x": 297, "y": 0, "w": 690, "h": 991}, "object_present": true}, "P193--black-bin--clutter--oUGfj0pzTPazM3bw6T3tC4J73qqBBhPkYkm0SMERsnM-00134.jpg": {"object_bounding_box": {"x": 299, "y": 0, "w": 689, "h": 989}, "object_present": true}, "P193--black-bin--clutter--oUGfj0pzTPazM3bw6T3tC4J73qqBBhPkYkm0SMERsnM-00135.jpg": {"object_bounding_box": {"x": 305, "y": 0, "w": 688, "h": 991}, "object_present": true}, "P193--black-bin--clutter--oUGfj0pzTPazM3bw6T3tC4J73qqBBhPkYkm0SMERsnM-00136.jpg": {"object_bounding_box": {"x": 317, "y": 0, "w": 685, "h": 986}, "object_present": true}, "P193--black-bin--clutter--oUGfj0pzTPazM3bw6T3tC4J73qqBBhPkYkm0SMERsnM-00137.jpg": {"object_bounding_box": {"x": 324, "y": 0, "w": 692, "h": 983}, "object_present": true}, "P193--black-bin--clutter--oUGfj0pzTPazM3bw6T3tC4J73qqBBhPkYkm0SMERsnM-00138.jpg": {"object_bounding_box": {"x": 337, "y": 0, "w": 688, "h": 983}, "object_present": true}, "P193--black-bin--clutter--oUGfj0pzTPazM3bw6T3tC4J73qqBBhPkYkm0SMERsnM-00139.jpg": {"object_bounding_box": {"x": 353, "y": 0, "w": 683, "h": 990}, "object_present": true}, "P193--black-bin--clutter--oUGfj0pzTPazM3bw6T3tC4J73qqBBhPkYkm0SMERsnM-00140.jpg": {"object_bounding_box": {"x": 374, "y": 0, "w": 689, "h": 994}, "object_present": true}, "P193--black-bin--clutter--oUGfj0pzTPazM3bw6T3tC4J73qqBBhPkYkm0SMERsnM-00141.jpg": {"object_bounding_box": {"x": 395, "y": 0, "w": 685, "h": 1002}, "object_present": true}, "P193--black-bin--clutter--oUGfj0pzTPazM3bw6T3tC4J73qqBBhPkYkm0SMERsnM-00142.jpg": {"object_bounding_box": {"x": 406, "y": 0, "w": 674, "h": 1008}, "object_present": true}, "P193--black-bin--clutter--oUGfj0pzTPazM3bw6T3tC4J73qqBBhPkYkm0SMERsnM-00143.jpg": {"object_bounding_box": {"x": 430, "y": 0, "w": 650, "h": 1002}, "object_present": true}, "P193--black-bin--clutter--oUGfj0pzTPazM3bw6T3tC4J73qqBBhPkYkm0SMERsnM-00144.jpg": {"object_bounding_box": {"x": 449, "y": 0, "w": 631, "h": 1003}, "object_present": true}, "P193--black-bin--clutter--oUGfj0pzTPazM3bw6T3tC4J73qqBBhPkYkm0SMERsnM-00145.jpg": {"object_bounding_box": {"x": 459, "y": 0, "w": 621, "h": 1008}, "object_present": true}, "P193--black-bin--clutter--oUGfj0pzTPazM3bw6T3tC4J73qqBBhPkYkm0SMERsnM-00146.jpg": {"object_bounding_box": {"x": 487, "y": 0, "w": 593, "h": 1017}, "object_present": true}, "P193--black-bin--clutter--oUGfj0pzTPazM3bw6T3tC4J73qqBBhPkYkm0SMERsnM-00147.jpg": {"object_bounding_box": {"x": 505, "y": 0, "w": 575, "h": 1023}, "object_present": true}, "P193--black-bin--clutter--oUGfj0pzTPazM3bw6T3tC4J73qqBBhPkYkm0SMERsnM-00148.jpg": {"object_bounding_box": {"x": 520, "y": 0, "w": 560, "h": 1028}, "object_present": true}, "P193--black-bin--clutter--oUGfj0pzTPazM3bw6T3tC4J73qqBBhPkYkm0SMERsnM-00149.jpg": {"object_bounding_box": {"x": 545, "y": 0, "w": 535, "h": 1031}, "object_present": true}, "P193--black-bin--clutter--oUGfj0pzTPazM3bw6T3tC4J73qqBBhPkYkm0SMERsnM-00150.jpg": {"object_bounding_box": {"x": 572, "y": 0, "w": 508, "h": 1031}, "object_present": true}, "P193--black-bin--clutter--oUGfj0pzTPazM3bw6T3tC4J73qqBBhPkYkm0SMERsnM-00151.jpg": {"object_bounding_box": {"x": 572, "y": 0, "w": 508, "h": 1033}, "object_present": true}, "P193--black-bin--clutter--oUGfj0pzTPazM3bw6T3tC4J73qqBBhPkYkm0SMERsnM-00152.jpg": {"object_bounding_box": {"x": 577, "y": 0, "w": 503, "h": 1044}, "object_present": true}, "P193--black-bin--clutter--oUGfj0pzTPazM3bw6T3tC4J73qqBBhPkYkm0SMERsnM-00153.jpg": {"object_bounding_box": {"x": 588, "y": 0, "w": 492, "h": 1044}, "object_present": true}, "P193--black-bin--clutter--oUGfj0pzTPazM3bw6T3tC4J73qqBBhPkYkm0SMERsnM-00154.jpg": {"object_bounding_box": {"x": 594, "y": 0, "w": 486, "h": 1044}, "object_present": true}, "P193--black-bin--clutter--oUGfj0pzTPazM3bw6T3tC4J73qqBBhPkYkm0SMERsnM-00155.jpg": {"object_bounding_box": {"x": 594, "y": 0, "w": 486, "h": 1044}, "object_present": true}, "P193--black-bin--clutter--oUGfj0pzTPazM3bw6T3tC4J73qqBBhPkYkm0SMERsnM-00156.jpg": {"object_bounding_box": {"x": 595, "y": 0, "w": 485, "h": 1051}, "object_present": true}, "P193--black-bin--clutter--oUGfj0pzTPazM3bw6T3tC4J73qqBBhPkYkm0SMERsnM-00157.jpg": {"object_bounding_box": {"x": 595, "y": 0, "w": 485, "h": 1051}, "object_present": true}, "P193--black-bin--clutter--oUGfj0pzTPazM3bw6T3tC4J73qqBBhPkYkm0SMERsnM-00158.jpg": {"object_bounding_box": {"x": 605, "y": 0, "w": 475, "h": 1051}, "object_present": true}, "P193--black-bin--clutter--oUGfj0pzTPazM3bw6T3tC4J73qqBBhPkYkm0SMERsnM-00159.jpg": {"object_bounding_box": {"x": 609, "y": 0, "w": 471, "h": 1056}, "object_present": true}, "P193--black-bin--clutter--oUGfj0pzTPazM3bw6T3tC4J73qqBBhPkYkm0SMERsnM-00160.jpg": {"object_bounding_box": {"x": 602, "y": 0, "w": 478, "h": 1056}, "object_present": true}, "P193--black-bin--clutter--oUGfj0pzTPazM3bw6T3tC4J73qqBBhPkYkm0SMERsnM-00161.jpg": {"object_bounding_box": {"x": 602, "y": 0, "w": 478, "h": 1056}, "object_present": true}, "P193--black-bin--clutter--oUGfj0pzTPazM3bw6T3tC4J73qqBBhPkYkm0SMERsnM-00162.jpg": {"object_bounding_box": {"x": 585, "y": 0, "w": 495, "h": 1049}, "object_present": true}, "P193--black-bin--clutter--oUGfj0pzTPazM3bw6T3tC4J73qqBBhPkYkm0SMERsnM-00163.jpg": {"object_bounding_box": {"x": 567, "y": 0, "w": 513, "h": 1037}, "object_present": true}, "P193--black-bin--clutter--oUGfj0pzTPazM3bw6T3tC4J73qqBBhPkYkm0SMERsnM-00164.jpg": {"object_bounding_box": {"x": 528, "y": 0, "w": 552, "h": 1019}, "object_present": true}, "P193--black-bin--clutter--oUGfj0pzTPazM3bw6T3tC4J73qqBBhPkYkm0SMERsnM-00165.jpg": {"object_bounding_box": {"x": 512, "y": 0, "w": 568, "h": 992}, "object_present": true}, "P193--black-bin--clutter--oUGfj0pzTPazM3bw6T3tC4J73qqBBhPkYkm0SMERsnM-00166.jpg": {"object_bounding_box": {"x": 426, "y": 0, "w": 654, "h": 970}, "object_present": true}, "P193--black-bin--clutter--oUGfj0pzTPazM3bw6T3tC4J73qqBBhPkYkm0SMERsnM-00167.jpg": {"object_bounding_box": {"x": 426, "y": 0, "w": 654, "h": 945}, "object_present": true}, "P193--black-bin--clutter--oUGfj0pzTPazM3bw6T3tC4J73qqBBhPkYkm0SMERsnM-00168.jpg": {"object_bounding_box": {"x": 426, "y": 0, "w": 654, "h": 920}, "object_present": true}, "P193--black-bin--clutter--oUGfj0pzTPazM3bw6T3tC4J73qqBBhPkYkm0SMERsnM-00169.jpg": {"object_bounding_box": {"x": 416, "y": 0, "w": 652, "h": 895}, "object_present": true}, "P193--black-bin--clutter--oUGfj0pzTPazM3bw6T3tC4J73qqBBhPkYkm0SMERsnM-00170.jpg": {"object_bounding_box": {"x": 412, "y": 0, "w": 631, "h": 875}, "object_present": true}, "P193--black-bin--clutter--oUGfj0pzTPazM3bw6T3tC4J73qqBBhPkYkm0SMERsnM-00171.jpg": {"object_bounding_box": {"x": 412, "y": 0, "w": 614, "h": 853}, "object_present": true}, "P193--black-bin--clutter--oUGfj0pzTPazM3bw6T3tC4J73qqBBhPkYkm0SMERsnM-00172.jpg": {"object_bounding_box": {"x": 406, "y": 0, "w": 608, "h": 831}, "object_present": true}, "P193--black-bin--clutter--oUGfj0pzTPazM3bw6T3tC4J73qqBBhPkYkm0SMERsnM-00173.jpg": {"object_bounding_box": {"x": 409, "y": 0, "w": 586, "h": 822}, "object_present": true}, "P193--black-bin--clutter--oUGfj0pzTPazM3bw6T3tC4J73qqBBhPkYkm0SMERsnM-00174.jpg": {"object_bounding_box": {"x": 397, "y": 0, "w": 563, "h": 810}, "object_present": true}, "P193--black-bin--clutter--oUGfj0pzTPazM3bw6T3tC4J73qqBBhPkYkm0SMERsnM-00175.jpg": {"object_bounding_box": {"x": 388, "y": 0, "w": 547, "h": 795}, "object_present": true}, "P193--black-bin--clutter--oUGfj0pzTPazM3bw6T3tC4J73qqBBhPkYkm0SMERsnM-00176.jpg": {"object_bounding_box": {"x": 369, "y": 0, "w": 547, "h": 787}, "object_present": true}, "P193--black-bin--clutter--oUGfj0pzTPazM3bw6T3tC4J73qqBBhPkYkm0SMERsnM-00177.jpg": {"object_bounding_box": {"x": 353, "y": 0, "w": 553, "h": 780}, "object_present": true}, "P193--black-bin--clutter--oUGfj0pzTPazM3bw6T3tC4J73qqBBhPkYkm0SMERsnM-00178.jpg": {"object_bounding_box": {"x": 352, "y": 0, "w": 554, "h": 759}, "object_present": true}, "P193--black-bin--clutter--oUGfj0pzTPazM3bw6T3tC4J73qqBBhPkYkm0SMERsnM-00179.jpg": {"object_bounding_box": {"x": 328, "y": 0, "w": 564, "h": 745}, "object_present": true}, "P193--black-bin--clutter--oUGfj0pzTPazM3bw6T3tC4J73qqBBhPkYkm0SMERsnM-00180.jpg": {"object_bounding_box": {"x": 316, "y": 0, "w": 561, "h": 748}, "object_present": true}, "P193--black-bin--clutter--oUGfj0pzTPazM3bw6T3tC4J73qqBBhPkYkm0SMERsnM-00181.jpg": {"object_bounding_box": {"x": 308, "y": 0, "w": 561, "h": 753}, "object_present": true}, "P193--black-bin--clutter--oUGfj0pzTPazM3bw6T3tC4J73qqBBhPkYkm0SMERsnM-00182.jpg": {"object_bounding_box": {"x": 295, "y": 0, "w": 561, "h": 753}, "object_present": true}, "P193--black-bin--clutter--oUGfj0pzTPazM3bw6T3tC4J73qqBBhPkYkm0SMERsnM-00183.jpg": {"object_bounding_box": {"x": 280, "y": 0, "w": 561, "h": 753}, "object_present": true}, "P193--black-bin--clutter--oUGfj0pzTPazM3bw6T3tC4J73qqBBhPkYkm0SMERsnM-00184.jpg": {"object_bounding_box": {"x": 272, "y": 0, "w": 560, "h": 749}, "object_present": true}, "P193--black-bin--clutter--oUGfj0pzTPazM3bw6T3tC4J73qqBBhPkYkm0SMERsnM-00185.jpg": {"object_bounding_box": {"x": 260, "y": 0, "w": 560, "h": 749}, "object_present": true}, "P193--black-bin--clutter--oUGfj0pzTPazM3bw6T3tC4J73qqBBhPkYkm0SMERsnM-00186.jpg": {"object_bounding_box": {"x": 249, "y": 0, "w": 563, "h": 745}, "object_present": true}, "P193--black-bin--clutter--oUGfj0pzTPazM3bw6T3tC4J73qqBBhPkYkm0SMERsnM-00187.jpg": {"object_bounding_box": {"x": 249, "y": 0, "w": 558, "h": 747}, "object_present": true}, "P193--black-bin--clutter--oUGfj0pzTPazM3bw6T3tC4J73qqBBhPkYkm0SMERsnM-00188.jpg": {"object_bounding_box": {"x": 247, "y": 0, "w": 547, "h": 749}, "object_present": true}, "P193--black-bin--clutter--oUGfj0pzTPazM3bw6T3tC4J73qqBBhPkYkm0SMERsnM-00189.jpg": {"object_bounding_box": {"x": 241, "y": 0, "w": 551, "h": 749}, "object_present": true}, "P193--black-bin--clutter--oUGfj0pzTPazM3bw6T3tC4J73qqBBhPkYkm0SMERsnM-00190.jpg": {"object_bounding_box": {"x": 241, "y": 0, "w": 548, "h": 749}, "object_present": true}}