{"P284--sunglasses--clutter--iAoDDE2gD10TgEwzXD2xTLYt6gvv62-FcEw5uDMhguU-00001.jpg": {"object_bounding_box": {"x": 931, "y": 0, "w": 149, "h": 231}, "object_not_present": false}, "P284--sunglasses--clutter--iAoDDE2gD10TgEwzXD2xTLYt6gvv62-FcEw5uDMhguU-00002.jpg": {"object_bounding_box": {"x": 939, "y": 0, "w": 141, "h": 219}, "object_not_present": false}, "P284--sunglasses--clutter--iAoDDE2gD10TgEwzXD2xTLYt6gvv62-FcEw5uDMhguU-00003.jpg": {"object_bounding_box": {"x": 939, "y": 0, "w": 141, "h": 212}, "object_not_present": false}, "P284--sunglasses--clutter--iAoDDE2gD10TgEwzXD2xTLYt6gvv62-FcEw5uDMhguU-00004.jpg": {"object_bounding_box": {"x": 935, "y": 0, "w": 145, "h": 212}, "object_not_present": false}, "P284--sunglasses--clutter--iAoDDE2gD10TgEwzXD2xTLYt6gvv62-FcEw5uDMhguU-00005.jpg": {"object_bounding_box": {"x": 936, "y": 0, "w": 144, "h": 223}, "object_not_present": false}, "P284--sunglasses--clutter--iAoDDE2gD10TgEwzXD2xTLYt6gvv62-FcEw5uDMhguU-00006.jpg": {"object_bounding_box": {"x": 932, "y": 0, "w": 148, "h": 229}, "object_not_present": false}, "P284--sunglasses--clutter--iAoDDE2gD10TgEwzXD2xTLYt6gvv62-FcEw5uDMhguU-00007.jpg": {"object_bounding_box": {"x": 931, "y": 0, "w": 149, "h": 229}, "object_not_present": false}, "P284--sunglasses--clutter--iAoDDE2gD10TgEwzXD2xTLYt6gvv62-FcEw5uDMhguU-00008.jpg": {"object_bounding_box": {"x": 931, "y": 0, "w": 149, "h": 231}, "object_not_present": false}, "P284--sunglasses--clutter--iAoDDE2gD10TgEwzXD2xTLYt6gvv62-FcEw5uDMhguU-00009.jpg": {"object_bounding_box": {"x": 934, "y": 0, "w": 146, "h": 232}, "object_not_present": false}, "P284--sunglasses--clutter--iAoDDE2gD10TgEwzXD2xTLYt6gvv62-FcEw5uDMhguU-00010.jpg": {"object_bounding_box": {"x": 931, "y": 0, "w": 149, "h": 244}, "object_not_present": false}, "P284--sunglasses--clutter--iAoDDE2gD10TgEwzXD2xTLYt6gvv62-FcEw5uDMhguU-00011.jpg": {"object_bounding_box": {"x": 929, "y": 0, "w": 151, "h": 253}, "object_not_present": false}, "P284--sunglasses--clutter--iAoDDE2gD10TgEwzXD2xTLYt6gvv62-FcEw5uDMhguU-00012.jpg": {"object_bounding_box": {"x": 933, "y": 0, "w": 147, "h": 252}, "object_not_present": false}, "P284--sunglasses--clutter--iAoDDE2gD10TgEwzXD2xTLYt6gvv62-FcEw5uDMhguU-00013.jpg": {"object_bounding_box": {"x": 938, "y": 0, "w": 142, "h": 248}, "object_not_present": false}, "P284--sunglasses--clutter--iAoDDE2gD10TgEwzXD2xTLYt6gvv62-FcEw5uDMhguU-00014.jpg": {"object_bounding_box": {"x": 939, "y": 0, "w": 141, "h": 257}, "object_not_present": false}, "P284--sunglasses--clutter--iAoDDE2gD10TgEwzXD2xTLYt6gvv62-FcEw5uDMhguU-00015.jpg": {"object_bounding_box": {"x": 943, "y": 0, "w": 137, "h": 263}, "object_not_present": false}, "P284--sunglasses--clutter--iAoDDE2gD10TgEwzXD2xTLYt6gvv62-FcEw5uDMhguU-00016.jpg": {"object_bounding_box": {"x": 946, "y": 0, "w": 134, "h": 261}, "object_not_present": false}, "P284--sunglasses--clutter--iAoDDE2gD10TgEwzXD2xTLYt6gvv62-FcEw5uDMhguU-00017.jpg": {"object_bounding_box": {"x": 947, "y": 0, "w": 133, "h": 265}, "object_not_present": false}, "P284--sunglasses--clutter--iAoDDE2gD10TgEwzXD2xTLYt6gvv62-FcEw5uDMhguU-00018.jpg": {"object_bounding_box": {"x": 945, "y": 0, "w": 135, "h": 270}, "object_not_present": false}, "P284--sunglasses--clutter--iAoDDE2gD10TgEwzXD2xTLYt6gvv62-FcEw5uDMhguU-00019.jpg": {"object_bounding_box": {"x": 942, "y": 0, "w": 138, "h": 278}, "object_not_present": false}, "P284--sunglasses--clutter--iAoDDE2gD10TgEwzXD2xTLYt6gvv62-FcEw5uDMhguU-00020.jpg": {"object_bounding_box": {"x": 936, "y": 0, "w": 144, "h": 281}, "object_not_present": false}, "P284--sunglasses--clutter--iAoDDE2gD10TgEwzXD2xTLYt6gvv62-FcEw5uDMhguU-00021.jpg": {"object_bounding_box": {"x": 931, "y": 0, "w": 149, "h": 286}, "object_not_present": false}, "P284--sunglasses--clutter--iAoDDE2gD10TgEwzXD2xTLYt6gvv62-FcEw5uDMhguU-00022.jpg": {"object_bounding_box": {"x": 923, "y": 0, "w": 157, "h": 293}, "object_not_present": false}, "P284--sunglasses--clutter--iAoDDE2gD10TgEwzXD2xTLYt6gvv62-FcEw5uDMhguU-00023.jpg": {"object_bounding_box": {"x": 913, "y": 0, "w": 167, "h": 296}, "object_not_present": false}, "P284--sunglasses--clutter--iAoDDE2gD10TgEwzXD2xTLYt6gvv62-FcEw5uDMhguU-00024.jpg": {"object_bounding_box": {"x": 906, "y": 0, "w": 174, "h": 300}, "object_not_present": false}, "P284--sunglasses--clutter--iAoDDE2gD10TgEwzXD2xTLYt6gvv62-FcEw5uDMhguU-00025.jpg": {"object_bounding_box": {"x": 895, "y": 0, "w": 185, "h": 306}, "object_not_present": false}, "P284--sunglasses--clutter--iAoDDE2gD10TgEwzXD2xTLYt6gvv62-FcEw5uDMhguU-00026.jpg": {"object_bounding_box": {"x": 879, "y": 0, "w": 201, "h": 314}, "object_not_present": false}, "P284--sunglasses--clutter--iAoDDE2gD10TgEwzXD2xTLYt6gvv62-FcEw5uDMhguU-00027.jpg": {"object_bounding_box": {"x": 866, "y": 0, "w": 214, "h": 322}, "object_not_present": false}, "P284--sunglasses--clutter--iAoDDE2gD10TgEwzXD2xTLYt6gvv62-FcEw5uDMhguU-00028.jpg": {"object_bounding_box": {"x": 849, "y": 0, "w": 231, "h": 322}, "object_not_present": false}, "P284--sunglasses--clutter--iAoDDE2gD10TgEwzXD2xTLYt6gvv62-FcEw5uDMhguU-00029.jpg": {"object_bounding_box": {"x": 835, "y": 0, "w": 245, "h": 325}, "object_not_present": false}, "P284--sunglasses--clutter--iAoDDE2gD10TgEwzXD2xTLYt6gvv62-FcEw5uDMhguU-00030.jpg": {"object_bounding_box": {"x": 818, "y": 0, "w": 262, "h": 335}, "object_not_present": false}, "P284--sunglasses--clutter--iAoDDE2gD10TgEwzXD2xTLYt6gvv62-FcEw5uDMhguU-00031.jpg": {"object_bounding_box": {"x": 801, "y": 0, "w": 279, "h": 339}, "object_not_present": false}, "P284--sunglasses--clutter--iAoDDE2gD10TgEwzXD2xTLYt6gvv62-FcEw5uDMhguU-00032.jpg": {"object_bounding_box": {"x": 785, "y": 0, "w": 295, "h": 346}, "object_not_present": false}, "P284--sunglasses--clutter--iAoDDE2gD10TgEwzXD2xTLYt6gvv62-FcEw5uDMhguU-00033.jpg": {"object_bounding_box": {"x": 767, "y": 0, "w": 313, "h": 363}, "object_not_present": false}, "P284--sunglasses--clutter--iAoDDE2gD10TgEwzXD2xTLYt6gvv62-FcEw5uDMhguU-00034.jpg": {"object_bounding_box": {"x": 746, "y": 0, "w": 334, "h": 374}, "object_not_present": false}, "P284--sunglasses--clutter--iAoDDE2gD10TgEwzXD2xTLYt6gvv62-FcEw5uDMhguU-00035.jpg": {"object_bounding_box": {"x": 725, "y": 0, "w": 355, "h": 380}, "object_not_present": false}, "P284--sunglasses--clutter--iAoDDE2gD10TgEwzXD2xTLYt6gvv62-FcEw5uDMhguU-00036.jpg": {"object_bounding_box": {"x": 702, "y": 0, "w": 378, "h": 389}, "object_not_present": false}, "P284--sunglasses--clutter--iAoDDE2gD10TgEwzXD2xTLYt6gvv62-FcEw5uDMhguU-00037.jpg": {"object_bounding_box": {"x": 681, "y": 0, "w": 399, "h": 411}, "object_not_present": false}, "P284--sunglasses--clutter--iAoDDE2gD10TgEwzXD2xTLYt6gvv62-FcEw5uDMhguU-00038.jpg": {"object_bounding_box": {"x": 653, "y": 0, "w": 415, "h": 436}, "object_not_present": false}, "P284--sunglasses--clutter--iAoDDE2gD10TgEwzXD2xTLYt6gvv62-FcEw5uDMhguU-00039.jpg": {"object_bounding_box": {"x": 628, "y": 0, "w": 410, "h": 447}, "object_not_present": false}, "P284--sunglasses--clutter--iAoDDE2gD10TgEwzXD2xTLYt6gvv62-FcEw5uDMhguU-00040.jpg": {"object_bounding_box": {"x": 614, "y": 0, "w": 394, "h": 457}, "object_not_present": false}, "P284--sunglasses--clutter--iAoDDE2gD10TgEwzXD2xTLYt6gvv62-FcEw5uDMhguU-00041.jpg": {"object_bounding_box": {"x": 587, "y": 0, "w": 386, "h": 473}, "object_not_present": false}, "P284--sunglasses--clutter--iAoDDE2gD10TgEwzXD2xTLYt6gvv62-FcEw5uDMhguU-00042.jpg": {"object_bounding_box": {"x": 564, "y": 0, "w": 371, "h": 488}, "object_not_present": false}, "P284--sunglasses--clutter--iAoDDE2gD10TgEwzXD2xTLYt6gvv62-FcEw5uDMhguU-00043.jpg": {"object_bounding_box": {"x": 544, "y": 0, "w": 366, "h": 499}, "object_not_present": false}, "P284--sunglasses--clutter--iAoDDE2gD10TgEwzXD2xTLYt6gvv62-FcEw5uDMhguU-00044.jpg": {"object_bounding_box": {"x": 532, "y": 0, "w": 351, "h": 508}, "object_not_present": false}, "P284--sunglasses--clutter--iAoDDE2gD10TgEwzXD2xTLYt6gvv62-FcEw5uDMhguU-00045.jpg": {"object_bounding_box": {"x": 521, "y": 0, "w": 352, "h": 512}, "object_not_present": false}, "P284--sunglasses--clutter--iAoDDE2gD10TgEwzXD2xTLYt6gvv62-FcEw5uDMhguU-00046.jpg": {"object_bounding_box": {"x": 510, "y": 0, "w": 336, "h": 516}, "object_not_present": false}, "P284--sunglasses--clutter--iAoDDE2gD10TgEwzXD2xTLYt6gvv62-FcEw5uDMhguU-00047.jpg": {"object_bounding_box": {"x": 490, "y": 0, "w": 331, "h": 521}, "object_not_present": false}, "P284--sunglasses--clutter--iAoDDE2gD10TgEwzXD2xTLYt6gvv62-FcEw5uDMhguU-00048.jpg": {"object_bounding_box": {"x": 480, "y": 0, "w": 323, "h": 531}, "object_not_present": false}, "P284--sunglasses--clutter--iAoDDE2gD10TgEwzXD2xTLYt6gvv62-FcEw5uDMhguU-00049.jpg": {"object_bounding_box": {"x": 474, "y": 7, "w": 310, "h": 527}, "object_not_present": false}, "P284--sunglasses--clutter--iAoDDE2gD10TgEwzXD2xTLYt6gvv62-FcEw5uDMhguU-00050.jpg": {"object_bounding_box": {"x": 464, "y": 22, "w": 305, "h": 521}, "object_not_present": false}, "P284--sunglasses--clutter--iAoDDE2gD10TgEwzXD2xTLYt6gvv62-FcEw5uDMhguU-00051.jpg": {"object_bounding_box": {"x": 454, "y": 38, "w": 305, "h": 510}, "object_not_present": false}, "P284--sunglasses--clutter--iAoDDE2gD10TgEwzXD2xTLYt6gvv62-FcEw5uDMhguU-00052.jpg": {"object_bounding_box": {"x": 459, "y": 49, "w": 289, "h": 499}, "object_not_present": false}, "P284--sunglasses--clutter--iAoDDE2gD10TgEwzXD2xTLYt6gvv62-FcEw5uDMhguU-00053.jpg": {"object_bounding_box": {"x": 454, "y": 71, "w": 283, "h": 484}, "object_not_present": false}, "P284--sunglasses--clutter--iAoDDE2gD10TgEwzXD2xTLYt6gvv62-FcEw5uDMhguU-00054.jpg": {"object_bounding_box": {"x": 448, "y": 89, "w": 285, "h": 477}, "object_not_present": false}, "P284--sunglasses--clutter--iAoDDE2gD10TgEwzXD2xTLYt6gvv62-FcEw5uDMhguU-00055.jpg": {"object_bounding_box": {"x": 447, "y": 94, "w": 279, "h": 471}, "object_not_present": false}, "P284--sunglasses--clutter--iAoDDE2gD10TgEwzXD2xTLYt6gvv62-FcEw5uDMhguU-00056.jpg": {"object_bounding_box": {"x": 444, "y": 97, "w": 269, "h": 468}, "object_not_present": false}, "P284--sunglasses--clutter--iAoDDE2gD10TgEwzXD2xTLYt6gvv62-FcEw5uDMhguU-00057.jpg": {"object_bounding_box": {"x": 442, "y": 101, "w": 266, "h": 462}, "object_not_present": false}, "P284--sunglasses--clutter--iAoDDE2gD10TgEwzXD2xTLYt6gvv62-FcEw5uDMhguU-00058.jpg": {"object_bounding_box": {"x": 438, "y": 102, "w": 258, "h": 456}, "object_not_present": false}, "P284--sunglasses--clutter--iAoDDE2gD10TgEwzXD2xTLYt6gvv62-FcEw5uDMhguU-00059.jpg": {"object_bounding_box": {"x": 446, "y": 104, "w": 249, "h": 448}, "object_not_present": false}, "P284--sunglasses--clutter--iAoDDE2gD10TgEwzXD2xTLYt6gvv62-FcEw5uDMhguU-00060.jpg": {"object_bounding_box": {"x": 450, "y": 108, "w": 247, "h": 440}, "object_not_present": false}, "P284--sunglasses--clutter--iAoDDE2gD10TgEwzXD2xTLYt6gvv62-FcEw5uDMhguU-00061.jpg": {"object_bounding_box": {"x": 462, "y": 109, "w": 241, "h": 438}, "object_not_present": false}, "P284--sunglasses--clutter--iAoDDE2gD10TgEwzXD2xTLYt6gvv62-FcEw5uDMhguU-00062.jpg": {"object_bounding_box": {"x": 473, "y": 111, "w": 235, "h": 432}, "object_not_present": false}, "P284--sunglasses--clutter--iAoDDE2gD10TgEwzXD2xTLYt6gvv62-FcEw5uDMhguU-00063.jpg": {"object_bounding_box": {"x": 483, "y": 120, "w": 235, "h": 422}, "object_not_present": false}, "P284--sunglasses--clutter--iAoDDE2gD10TgEwzXD2xTLYt6gvv62-FcEw5uDMhguU-00064.jpg": {"object_bounding_box": {"x": 484, "y": 135, "w": 229, "h": 416}, "object_not_present": false}, "P284--sunglasses--clutter--iAoDDE2gD10TgEwzXD2xTLYt6gvv62-FcEw5uDMhguU-00065.jpg": {"object_bounding_box": {"x": 481, "y": 146, "w": 232, "h": 411}, "object_not_present": false}, "P284--sunglasses--clutter--iAoDDE2gD10TgEwzXD2xTLYt6gvv62-FcEw5uDMhguU-00066.jpg": {"object_bounding_box": {"x": 485, "y": 153, "w": 228, "h": 405}, "object_not_present": false}, "P284--sunglasses--clutter--iAoDDE2gD10TgEwzXD2xTLYt6gvv62-FcEw5uDMhguU-00067.jpg": {"object_bounding_box": {"x": 489, "y": 164, "w": 226, "h": 397}, "object_not_present": false}, "P284--sunglasses--clutter--iAoDDE2gD10TgEwzXD2xTLYt6gvv62-FcEw5uDMhguU-00068.jpg": {"object_bounding_box": {"x": 488, "y": 176, "w": 223, "h": 393}, "object_not_present": false}, "P284--sunglasses--clutter--iAoDDE2gD10TgEwzXD2xTLYt6gvv62-FcEw5uDMhguU-00069.jpg": {"object_bounding_box": {"x": 491, "y": 177, "w": 218, "h": 390}, "object_not_present": false}, "P284--sunglasses--clutter--iAoDDE2gD10TgEwzXD2xTLYt6gvv62-FcEw5uDMhguU-00070.jpg": {"object_bounding_box": {"x": 495, "y": 177, "w": 218, "h": 388}, "object_not_present": false}, "P284--sunglasses--clutter--iAoDDE2gD10TgEwzXD2xTLYt6gvv62-FcEw5uDMhguU-00071.jpg": {"object_bounding_box": {"x": 500, "y": 183, "w": 213, "h": 384}, "object_not_present": false}, "P284--sunglasses--clutter--iAoDDE2gD10TgEwzXD2xTLYt6gvv62-FcEw5uDMhguU-00072.jpg": {"object_bounding_box": {"x": 497, "y": 189, "w": 214, "h": 378}, "object_not_present": false}, "P284--sunglasses--clutter--iAoDDE2gD10TgEwzXD2xTLYt6gvv62-FcEw5uDMhguU-00073.jpg": {"object_bounding_box": {"x": 497, "y": 194, "w": 210, "h": 374}, "object_not_present": false}, "P284--sunglasses--clutter--iAoDDE2gD10TgEwzXD2xTLYt6gvv62-FcEw5uDMhguU-00074.jpg": {"object_bounding_box": {"x": 504, "y": 194, "w": 204, "h": 375}, "object_not_present": false}, "P284--sunglasses--clutter--iAoDDE2gD10TgEwzXD2xTLYt6gvv62-FcEw5uDMhguU-00075.jpg": {"object_bounding_box": {"x": 506, "y": 201, "w": 207, "h": 369}, "object_not_present": false}, "P284--sunglasses--clutter--iAoDDE2gD10TgEwzXD2xTLYt6gvv62-FcEw5uDMhguU-00076.jpg": {"object_bounding_box": {"x": 509, "y": 199, "w": 203, "h": 366}, "object_not_present": false}, "P284--sunglasses--clutter--iAoDDE2gD10TgEwzXD2xTLYt6gvv62-FcEw5uDMhguU-00077.jpg": {"object_bounding_box": {"x": 517, "y": 193, "w": 201, "h": 367}, "object_not_present": false}, "P284--sunglasses--clutter--iAoDDE2gD10TgEwzXD2xTLYt6gvv62-FcEw5uDMhguU-00078.jpg": {"object_bounding_box": {"x": 521, "y": 199, "w": 201, "h": 366}, "object_not_present": false}, "P284--sunglasses--clutter--iAoDDE2gD10TgEwzXD2xTLYt6gvv62-FcEw5uDMhguU-00079.jpg": {"object_bounding_box": {"x": 518, "y": 201, "w": 201, "h": 364}, "object_not_present": false}, "P284--sunglasses--clutter--iAoDDE2gD10TgEwzXD2xTLYt6gvv62-FcEw5uDMhguU-00080.jpg": {"object_bounding_box": {"x": 532, "y": 194, "w": 195, "h": 362}, "object_not_present": false}, "P284--sunglasses--clutter--iAoDDE2gD10TgEwzXD2xTLYt6gvv62-FcEw5uDMhguU-00081.jpg": {"object_bounding_box": {"x": 540, "y": 181, "w": 196, "h": 363}, "object_not_present": false}, "P284--sunglasses--clutter--iAoDDE2gD10TgEwzXD2xTLYt6gvv62-FcEw5uDMhguU-00082.jpg": {"object_bounding_box": {"x": 546, "y": 179, "w": 198, "h": 362}, "object_not_present": false}, "P284--sunglasses--clutter--iAoDDE2gD10TgEwzXD2xTLYt6gvv62-FcEw5uDMhguU-00083.jpg": {"object_bounding_box": {"x": 556, "y": 180, "w": 201, "h": 359}, "object_not_present": false}, "P284--sunglasses--clutter--iAoDDE2gD10TgEwzXD2xTLYt6gvv62-FcEw5uDMhguU-00084.jpg": {"object_bounding_box": {"x": 563, "y": 182, "w": 200, "h": 359}, "object_not_present": false}, "P284--sunglasses--clutter--iAoDDE2gD10TgEwzXD2xTLYt6gvv62-FcEw5uDMhguU-00085.jpg": {"object_bounding_box": {"x": 570, "y": 177, "w": 192, "h": 354}, "object_not_present": false}, "P284--sunglasses--clutter--iAoDDE2gD10TgEwzXD2xTLYt6gvv62-FcEw5uDMhguU-00086.jpg": {"object_bounding_box": {"x": 582, "y": 173, "w": 200, "h": 355}, "object_not_present": false}, "P284--sunglasses--clutter--iAoDDE2gD10TgEwzXD2xTLYt6gvv62-FcEw5uDMhguU-00087.jpg": {"object_bounding_box": {"x": 589, "y": 186, "w": 205, "h": 352}, "object_not_present": false}, "P284--sunglasses--clutter--iAoDDE2gD10TgEwzXD2xTLYt6gvv62-FcEw5uDMhguU-00088.jpg": {"object_bounding_box": {"x": 592, "y": 189, "w": 202, "h": 347}, "object_not_present": false}, "P284--sunglasses--clutter--iAoDDE2gD10TgEwzXD2xTLYt6gvv62-FcEw5uDMhguU-00089.jpg": {"object_bounding_box": {"x": 600, "y": 174, "w": 204, "h": 351}, "object_not_present": false}, "P284--sunglasses--clutter--iAoDDE2gD10TgEwzXD2xTLYt6gvv62-FcEw5uDMhguU-00090.jpg": {"object_bounding_box": {"x": 602, "y": 162, "w": 207, "h": 355}, "object_not_present": false}, "P284--sunglasses--clutter--iAoDDE2gD10TgEwzXD2xTLYt6gvv62-FcEw5uDMhguU-00091.jpg": {"object_bounding_box": {"x": 600, "y": 167, "w": 205, "h": 353}, "object_not_present": false}, "P284--sunglasses--clutter--iAoDDE2gD10TgEwzXD2xTLYt6gvv62-FcEw5uDMhguU-00092.jpg": {"object_bounding_box": {"x": 592, "y": 172, "w": 203, "h": 352}, "object_not_present": false}, "P284--sunglasses--clutter--iAoDDE2gD10TgEwzXD2xTLYt6gvv62-FcEw5uDMhguU-00093.jpg": {"object_bounding_box": {"x": 589, "y": 161, "w": 204, "h": 354}, "object_not_present": false}, "P284--sunglasses--clutter--iAoDDE2gD10TgEwzXD2xTLYt6gvv62-FcEw5uDMhguU-00094.jpg": {"object_bounding_box": {"x": 589, "y": 153, "w": 201, "h": 356}, "object_not_present": false}, "P284--sunglasses--clutter--iAoDDE2gD10TgEwzXD2xTLYt6gvv62-FcEw5uDMhguU-00095.jpg": {"object_bounding_box": {"x": 585, "y": 165, "w": 197, "h": 352}, "object_not_present": false}, "P284--sunglasses--clutter--iAoDDE2gD10TgEwzXD2xTLYt6gvv62-FcEw5uDMhguU-00096.jpg": {"object_bounding_box": {"x": 580, "y": 170, "w": 196, "h": 354}, "object_not_present": false}, "P284--sunglasses--clutter--iAoDDE2gD10TgEwzXD2xTLYt6gvv62-FcEw5uDMhguU-00097.jpg": {"object_bounding_box": {"x": 584, "y": 162, "w": 196, "h": 355}, "object_not_present": false}, "P284--sunglasses--clutter--iAoDDE2gD10TgEwzXD2xTLYt6gvv62-FcEw5uDMhguU-00098.jpg": {"object_bounding_box": {"x": 591, "y": 166, "w": 200, "h": 354}, "object_not_present": false}, "P284--sunglasses--clutter--iAoDDE2gD10TgEwzXD2xTLYt6gvv62-FcEw5uDMhguU-00099.jpg": {"object_bounding_box": {"x": 584, "y": 180, "w": 200, "h": 351}, "object_not_present": false}, "P284--sunglasses--clutter--iAoDDE2gD10TgEwzXD2xTLYt6gvv62-FcEw5uDMhguU-00100.jpg": {"object_bounding_box": {"x": 583, "y": 184, "w": 200, "h": 352}, "object_not_present": false}, "P284--sunglasses--clutter--iAoDDE2gD10TgEwzXD2xTLYt6gvv62-FcEw5uDMhguU-00101.jpg": {"object_bounding_box": {"x": 582, "y": 180, "w": 196, "h": 350}, "object_not_present": false}, "P284--sunglasses--clutter--iAoDDE2gD10TgEwzXD2xTLYt6gvv62-FcEw5uDMhguU-00102.jpg": {"object_bounding_box": {"x": 584, "y": 174, "w": 193, "h": 353}, "object_not_present": false}, "P284--sunglasses--clutter--iAoDDE2gD10TgEwzXD2xTLYt6gvv62-FcEw5uDMhguU-00103.jpg": {"object_bounding_box": {"x": 581, "y": 190, "w": 185, "h": 346}, "object_not_present": false}, "P284--sunglasses--clutter--iAoDDE2gD10TgEwzXD2xTLYt6gvv62-FcEw5uDMhguU-00104.jpg": {"object_bounding_box": {"x": 573, "y": 196, "w": 186, "h": 351}, "object_not_present": false}, "P284--sunglasses--clutter--iAoDDE2gD10TgEwzXD2xTLYt6gvv62-FcEw5uDMhguU-00105.jpg": {"object_bounding_box": {"x": 568, "y": 193, "w": 192, "h": 350}, "object_not_present": false}, "P284--sunglasses--clutter--iAoDDE2gD10TgEwzXD2xTLYt6gvv62-FcEw5uDMhguU-00106.jpg": {"object_bounding_box": {"x": 564, "y": 187, "w": 193, "h": 352}, "object_not_present": false}, "P284--sunglasses--clutter--iAoDDE2gD10TgEwzXD2xTLYt6gvv62-FcEw5uDMhguU-00107.jpg": {"object_bounding_box": {"x": 561, "y": 192, "w": 190, "h": 350}, "object_not_present": false}, "P284--sunglasses--clutter--iAoDDE2gD10TgEwzXD2xTLYt6gvv62-FcEw5uDMhguU-00108.jpg": {"object_bounding_box": {"x": 553, "y": 199, "w": 190, "h": 349}, "object_not_present": false}, "P284--sunglasses--clutter--iAoDDE2gD10TgEwzXD2xTLYt6gvv62-FcEw5uDMhguU-00109.jpg": {"object_bounding_box": {"x": 550, "y": 198, "w": 191, "h": 350}, "object_not_present": false}, "P284--sunglasses--clutter--iAoDDE2gD10TgEwzXD2xTLYt6gvv62-FcEw5uDMhguU-00110.jpg": {"object_bounding_box": {"x": 550, "y": 191, "w": 191, "h": 352}, "object_not_present": false}, "P284--sunglasses--clutter--iAoDDE2gD10TgEwzXD2xTLYt6gvv62-FcEw5uDMhguU-00111.jpg": {"object_bounding_box": {"x": 551, "y": 191, "w": 192, "h": 353}, "object_not_present": false}, "P284--sunglasses--clutter--iAoDDE2gD10TgEwzXD2xTLYt6gvv62-FcEw5uDMhguU-00112.jpg": {"object_bounding_box": {"x": 551, "y": 190, "w": 192, "h": 353}, "object_not_present": false}, "P284--sunglasses--clutter--iAoDDE2gD10TgEwzXD2xTLYt6gvv62-FcEw5uDMhguU-00113.jpg": {"object_bounding_box": {"x": 552, "y": 189, "w": 195, "h": 354}, "object_not_present": false}, "P284--sunglasses--clutter--iAoDDE2gD10TgEwzXD2xTLYt6gvv62-FcEw5uDMhguU-00114.jpg": {"object_bounding_box": {"x": 555, "y": 188, "w": 192, "h": 352}, "object_not_present": false}, "P284--sunglasses--clutter--iAoDDE2gD10TgEwzXD2xTLYt6gvv62-FcEw5uDMhguU-00115.jpg": {"object_bounding_box": {"x": 556, "y": 191, "w": 194, "h": 353}, "object_not_present": false}, "P284--sunglasses--clutter--iAoDDE2gD10TgEwzXD2xTLYt6gvv62-FcEw5uDMhguU-00116.jpg": {"object_bounding_box": {"x": 557, "y": 193, "w": 195, "h": 353}, "object_not_present": false}, "P284--sunglasses--clutter--iAoDDE2gD10TgEwzXD2xTLYt6gvv62-FcEw5uDMhguU-00117.jpg": {"object_bounding_box": {"x": 556, "y": 192, "w": 198, "h": 352}, "object_not_present": false}, "P284--sunglasses--clutter--iAoDDE2gD10TgEwzXD2xTLYt6gvv62-FcEw5uDMhguU-00118.jpg": {"object_bounding_box": {"x": 559, "y": 191, "w": 196, "h": 353}, "object_not_present": false}, "P284--sunglasses--clutter--iAoDDE2gD10TgEwzXD2xTLYt6gvv62-FcEw5uDMhguU-00119.jpg": {"object_bounding_box": {"x": 559, "y": 195, "w": 196, "h": 352}, "object_not_present": false}, "P284--sunglasses--clutter--iAoDDE2gD10TgEwzXD2xTLYt6gvv62-FcEw5uDMhguU-00120.jpg": {"object_bounding_box": {"x": 556, "y": 195, "w": 195, "h": 353}, "object_not_present": false}, "P284--sunglasses--clutter--iAoDDE2gD10TgEwzXD2xTLYt6gvv62-FcEw5uDMhguU-00121.jpg": {"object_bounding_box": {"x": 559, "y": 190, "w": 196, "h": 354}, "object_not_present": false}, "P284--sunglasses--clutter--iAoDDE2gD10TgEwzXD2xTLYt6gvv62-FcEw5uDMhguU-00122.jpg": {"object_bounding_box": {"x": 559, "y": 193, "w": 195, "h": 352}, "object_not_present": false}, "P284--sunglasses--clutter--iAoDDE2gD10TgEwzXD2xTLYt6gvv62-FcEw5uDMhguU-00123.jpg": {"object_bounding_box": {"x": 555, "y": 196, "w": 198, "h": 354}, "object_not_present": false}, "P284--sunglasses--clutter--iAoDDE2gD10TgEwzXD2xTLYt6gvv62-FcEw5uDMhguU-00124.jpg": {"object_bounding_box": {"x": 557, "y": 190, "w": 196, "h": 355}, "object_not_present": false}, "P284--sunglasses--clutter--iAoDDE2gD10TgEwzXD2xTLYt6gvv62-FcEw5uDMhguU-00125.jpg": {"object_bounding_box": {"x": 558, "y": 187, "w": 198, "h": 355}, "object_not_present": false}, "P284--sunglasses--clutter--iAoDDE2gD10TgEwzXD2xTLYt6gvv62-FcEw5uDMhguU-00126.jpg": {"object_bounding_box": {"x": 559, "y": 188, "w": 195, "h": 356}, "object_not_present": false}, "P284--sunglasses--clutter--iAoDDE2gD10TgEwzXD2xTLYt6gvv62-FcEw5uDMhguU-00127.jpg": {"object_bounding_box": {"x": 559, "y": 190, "w": 197, "h": 356}, "object_not_present": false}, "P284--sunglasses--clutter--iAoDDE2gD10TgEwzXD2xTLYt6gvv62-FcEw5uDMhguU-00128.jpg": {"object_bounding_box": {"x": 559, "y": 188, "w": 197, "h": 356}, "object_not_present": false}, "P284--sunglasses--clutter--iAoDDE2gD10TgEwzXD2xTLYt6gvv62-FcEw5uDMhguU-00129.jpg": {"object_bounding_box": {"x": 560, "y": 188, "w": 196, "h": 354}, "object_not_present": false}, "P284--sunglasses--clutter--iAoDDE2gD10TgEwzXD2xTLYt6gvv62-FcEw5uDMhguU-00130.jpg": {"object_bounding_box": {"x": 561, "y": 186, "w": 198, "h": 356}, "object_not_present": false}, "P284--sunglasses--clutter--iAoDDE2gD10TgEwzXD2xTLYt6gvv62-FcEw5uDMhguU-00131.jpg": {"object_bounding_box": {"x": 563, "y": 182, "w": 197, "h": 357}, "object_not_present": false}, "P284--sunglasses--clutter--iAoDDE2gD10TgEwzXD2xTLYt6gvv62-FcEw5uDMhguU-00132.jpg": {"object_bounding_box": {"x": 564, "y": 181, "w": 197, "h": 358}, "object_not_present": false}, "P284--sunglasses--clutter--iAoDDE2gD10TgEwzXD2xTLYt6gvv62-FcEw5uDMhguU-00133.jpg": {"object_bounding_box": {"x": 565, "y": 182, "w": 198, "h": 357}, "object_not_present": false}, "P284--sunglasses--clutter--iAoDDE2gD10TgEwzXD2xTLYt6gvv62-FcEw5uDMhguU-00134.jpg": {"object_bounding_box": {"x": 567, "y": 176, "w": 200, "h": 360}, "object_not_present": false}, "P284--sunglasses--clutter--iAoDDE2gD10TgEwzXD2xTLYt6gvv62-FcEw5uDMhguU-00135.jpg": {"object_bounding_box": {"x": 569, "y": 172, "w": 200, "h": 360}, "object_not_present": false}, "P284--sunglasses--clutter--iAoDDE2gD10TgEwzXD2xTLYt6gvv62-FcEw5uDMhguU-00136.jpg": {"object_bounding_box": {"x": 572, "y": 172, "w": 199, "h": 360}, "object_not_present": false}, "P284--sunglasses--clutter--iAoDDE2gD10TgEwzXD2xTLYt6gvv62-FcEw5uDMhguU-00137.jpg": {"object_bounding_box": {"x": 572, "y": 176, "w": 200, "h": 361}, "object_not_present": false}, "P284--sunglasses--clutter--iAoDDE2gD10TgEwzXD2xTLYt6gvv62-FcEw5uDMhguU-00138.jpg": {"object_bounding_box": {"x": 573, "y": 177, "w": 201, "h": 360}, "object_not_present": false}, "P284--sunglasses--clutter--iAoDDE2gD10TgEwzXD2xTLYt6gvv62-FcEw5uDMhguU-00139.jpg": {"object_bounding_box": {"x": 575, "y": 172, "w": 201, "h": 361}, "object_not_present": false}, "P284--sunglasses--clutter--iAoDDE2gD10TgEwzXD2xTLYt6gvv62-FcEw5uDMhguU-00140.jpg": {"object_bounding_box": {"x": 572, "y": 173, "w": 202, "h": 360}, "object_not_present": false}, "P284--sunglasses--clutter--iAoDDE2gD10TgEwzXD2xTLYt6gvv62-FcEw5uDMhguU-00141.jpg": {"object_bounding_box": {"x": 572, "y": 174, "w": 201, "h": 362}, "object_not_present": false}, "P284--sunglasses--clutter--iAoDDE2gD10TgEwzXD2xTLYt6gvv62-FcEw5uDMhguU-00142.jpg": {"object_bounding_box": {"x": 573, "y": 173, "w": 199, "h": 363}, "object_not_present": false}, "P284--sunglasses--clutter--iAoDDE2gD10TgEwzXD2xTLYt6gvv62-FcEw5uDMhguU-00143.jpg": {"object_bounding_box": {"x": 574, "y": 169, "w": 202, "h": 361}, "object_not_present": false}, "P284--sunglasses--clutter--iAoDDE2gD10TgEwzXD2xTLYt6gvv62-FcEw5uDMhguU-00144.jpg": {"object_bounding_box": {"x": 576, "y": 168, "w": 202, "h": 363}, "object_not_present": false}, "P284--sunglasses--clutter--iAoDDE2gD10TgEwzXD2xTLYt6gvv62-FcEw5uDMhguU-00145.jpg": {"object_bounding_box": {"x": 576, "y": 174, "w": 199, "h": 362}, "object_not_present": false}, "P284--sunglasses--clutter--iAoDDE2gD10TgEwzXD2xTLYt6gvv62-FcEw5uDMhguU-00146.jpg": {"object_bounding_box": {"x": 575, "y": 178, "w": 202, "h": 361}, "object_not_present": false}, "P284--sunglasses--clutter--iAoDDE2gD10TgEwzXD2xTLYt6gvv62-FcEw5uDMhguU-00147.jpg": {"object_bounding_box": {"x": 575, "y": 176, "w": 199, "h": 361}, "object_not_present": false}, "P284--sunglasses--clutter--iAoDDE2gD10TgEwzXD2xTLYt6gvv62-FcEw5uDMhguU-00148.jpg": {"object_bounding_box": {"x": 576, "y": 169, "w": 200, "h": 363}, "object_not_present": false}, "P284--sunglasses--clutter--iAoDDE2gD10TgEwzXD2xTLYt6gvv62-FcEw5uDMhguU-00149.jpg": {"object_bounding_box": {"x": 577, "y": 164, "w": 202, "h": 364}, "object_not_present": false}, "P284--sunglasses--clutter--iAoDDE2gD10TgEwzXD2xTLYt6gvv62-FcEw5uDMhguU-00150.jpg": {"object_bounding_box": {"x": 579, "y": 166, "w": 203, "h": 364}, "object_not_present": false}, "P284--sunglasses--clutter--iAoDDE2gD10TgEwzXD2xTLYt6gvv62-FcEw5uDMhguU-00151.jpg": {"object_bounding_box": {"x": 577, "y": 172, "w": 202, "h": 362}, "object_not_present": false}, "P284--sunglasses--clutter--iAoDDE2gD10TgEwzXD2xTLYt6gvv62-FcEw5uDMhguU-00152.jpg": {"object_bounding_box": {"x": 582, "y": 170, "w": 199, "h": 362}, "object_not_present": false}, "P284--sunglasses--clutter--iAoDDE2gD10TgEwzXD2xTLYt6gvv62-FcEw5uDMhguU-00153.jpg": {"object_bounding_box": {"x": 584, "y": 169, "w": 201, "h": 363}, "object_not_present": false}, "P284--sunglasses--clutter--iAoDDE2gD10TgEwzXD2xTLYt6gvv62-FcEw5uDMhguU-00154.jpg": {"object_bounding_box": {"x": 581, "y": 173, "w": 201, "h": 363}, "object_not_present": false}, "P284--sunglasses--clutter--iAoDDE2gD10TgEwzXD2xTLYt6gvv62-FcEw5uDMhguU-00155.jpg": {"object_bounding_box": {"x": 582, "y": 173, "w": 198, "h": 363}, "object_not_present": false}, "P284--sunglasses--clutter--iAoDDE2gD10TgEwzXD2xTLYt6gvv62-FcEw5uDMhguU-00156.jpg": {"object_bounding_box": {"x": 581, "y": 167, "w": 200, "h": 365}, "object_not_present": false}, "P284--sunglasses--clutter--iAoDDE2gD10TgEwzXD2xTLYt6gvv62-FcEw5uDMhguU-00157.jpg": {"object_bounding_box": {"x": 580, "y": 171, "w": 200, "h": 363}, "object_not_present": false}, "P284--sunglasses--clutter--iAoDDE2gD10TgEwzXD2xTLYt6gvv62-FcEw5uDMhguU-00158.jpg": {"object_bounding_box": {"x": 580, "y": 171, "w": 198, "h": 364}, "object_not_present": false}, "P284--sunglasses--clutter--iAoDDE2gD10TgEwzXD2xTLYt6gvv62-FcEw5uDMhguU-00159.jpg": {"object_bounding_box": {"x": 581, "y": 167, "w": 199, "h": 365}, "object_not_present": false}, "P284--sunglasses--clutter--iAoDDE2gD10TgEwzXD2xTLYt6gvv62-FcEw5uDMhguU-00160.jpg": {"object_bounding_box": {"x": 580, "y": 165, "w": 200, "h": 365}, "object_not_present": false}, "P284--sunglasses--clutter--iAoDDE2gD10TgEwzXD2xTLYt6gvv62-FcEw5uDMhguU-00161.jpg": {"object_bounding_box": {"x": 579, "y": 171, "w": 198, "h": 364}, "object_not_present": false}, "P284--sunglasses--clutter--iAoDDE2gD10TgEwzXD2xTLYt6gvv62-FcEw5uDMhguU-00162.jpg": {"object_bounding_box": {"x": 578, "y": 175, "w": 200, "h": 364}, "object_not_present": false}, "P284--sunglasses--clutter--iAoDDE2gD10TgEwzXD2xTLYt6gvv62-FcEw5uDMhguU-00163.jpg": {"object_bounding_box": {"x": 578, "y": 173, "w": 198, "h": 364}, "object_not_present": false}, "P284--sunglasses--clutter--iAoDDE2gD10TgEwzXD2xTLYt6gvv62-FcEw5uDMhguU-00164.jpg": {"object_bounding_box": {"x": 575, "y": 173, "w": 200, "h": 365}, "object_not_present": false}, "P284--sunglasses--clutter--iAoDDE2gD10TgEwzXD2xTLYt6gvv62-FcEw5uDMhguU-00165.jpg": {"object_bounding_box": {"x": 575, "y": 173, "w": 197, "h": 364}, "object_not_present": false}, "P284--sunglasses--clutter--iAoDDE2gD10TgEwzXD2xTLYt6gvv62-FcEw5uDMhguU-00166.jpg": {"object_bounding_box": {"x": 573, "y": 173, "w": 199, "h": 365}, "object_not_present": false}, "P284--sunglasses--clutter--iAoDDE2gD10TgEwzXD2xTLYt6gvv62-FcEw5uDMhguU-00167.jpg": {"object_bounding_box": {"x": 570, "y": 174, "w": 199, "h": 363}, "object_not_present": false}, "P284--sunglasses--clutter--iAoDDE2gD10TgEwzXD2xTLYt6gvv62-FcEw5uDMhguU-00168.jpg": {"object_bounding_box": {"x": 567, "y": 173, "w": 201, "h": 364}, "object_not_present": false}, "P284--sunglasses--clutter--iAoDDE2gD10TgEwzXD2xTLYt6gvv62-FcEw5uDMhguU-00169.jpg": {"object_bounding_box": {"x": 571, "y": 168, "w": 198, "h": 365}, "object_not_present": false}, "P284--sunglasses--clutter--iAoDDE2gD10TgEwzXD2xTLYt6gvv62-FcEw5uDMhguU-00170.jpg": {"object_bounding_box": {"x": 571, "y": 167, "w": 197, "h": 366}, "object_not_present": false}, "P284--sunglasses--clutter--iAoDDE2gD10TgEwzXD2xTLYt6gvv62-FcEw5uDMhguU-00171.jpg": {"object_bounding_box": {"x": 569, "y": 172, "w": 197, "h": 364}, "object_not_present": false}, "P284--sunglasses--clutter--iAoDDE2gD10TgEwzXD2xTLYt6gvv62-FcEw5uDMhguU-00172.jpg": {"object_bounding_box": {"x": 567, "y": 173, "w": 199, "h": 363}, "object_not_present": false}, "P284--sunglasses--clutter--iAoDDE2gD10TgEwzXD2xTLYt6gvv62-FcEw5uDMhguU-00173.jpg": {"object_bounding_box": {"x": 568, "y": 168, "w": 198, "h": 363}, "object_not_present": false}, "P284--sunglasses--clutter--iAoDDE2gD10TgEwzXD2xTLYt6gvv62-FcEw5uDMhguU-00174.jpg": {"object_bounding_box": {"x": 569, "y": 169, "w": 197, "h": 364}, "object_not_present": false}, "P284--sunglasses--clutter--iAoDDE2gD10TgEwzXD2xTLYt6gvv62-FcEw5uDMhguU-00175.jpg": {"object_bounding_box": {"x": 566, "y": 170, "w": 200, "h": 364}, "object_not_present": false}, "P284--sunglasses--clutter--iAoDDE2gD10TgEwzXD2xTLYt6gvv62-FcEw5uDMhguU-00176.jpg": {"object_bounding_box": {"x": 570, "y": 164, "w": 197, "h": 364}, "object_not_present": false}, "P284--sunglasses--clutter--iAoDDE2gD10TgEwzXD2xTLYt6gvv62-FcEw5uDMhguU-00177.jpg": {"object_bounding_box": {"x": 566, "y": 166, "w": 200, "h": 365}, "object_not_present": false}, "P284--sunglasses--clutter--iAoDDE2gD10TgEwzXD2xTLYt6gvv62-FcEw5uDMhguU-00178.jpg": {"object_bounding_box": {"x": 562, "y": 171, "w": 198, "h": 364}, "object_not_present": false}, "P284--sunglasses--clutter--iAoDDE2gD10TgEwzXD2xTLYt6gvv62-FcEw5uDMhguU-00179.jpg": {"object_bounding_box": {"x": 560, "y": 167, "w": 197, "h": 364}, "object_not_present": false}, "P284--sunglasses--clutter--iAoDDE2gD10TgEwzXD2xTLYt6gvv62-FcEw5uDMhguU-00180.jpg": {"object_bounding_box": {"x": 557, "y": 162, "w": 197, "h": 364}, "object_not_present": false}, "P284--sunglasses--clutter--iAoDDE2gD10TgEwzXD2xTLYt6gvv62-FcEw5uDMhguU-00181.jpg": {"object_bounding_box": {"x": 555, "y": 160, "w": 197, "h": 365}, "object_not_present": false}, "P284--sunglasses--clutter--iAoDDE2gD10TgEwzXD2xTLYt6gvv62-FcEw5uDMhguU-00182.jpg": {"object_bounding_box": {"x": 553, "y": 167, "w": 198, "h": 364}, "object_not_present": false}, "P284--sunglasses--clutter--iAoDDE2gD10TgEwzXD2xTLYt6gvv62-FcEw5uDMhguU-00183.jpg": {"object_bounding_box": {"x": 546, "y": 175, "w": 196, "h": 364}, "object_not_present": false}, "P284--sunglasses--clutter--iAoDDE2gD10TgEwzXD2xTLYt6gvv62-FcEw5uDMhguU-00184.jpg": {"object_bounding_box": {"x": 545, "y": 172, "w": 196, "h": 366}, "object_not_present": false}, "P284--sunglasses--clutter--iAoDDE2gD10TgEwzXD2xTLYt6gvv62-FcEw5uDMhguU-00185.jpg": {"object_bounding_box": {"x": 546, "y": 179, "w": 192, "h": 360}, "object_not_present": false}, "P284--sunglasses--clutter--iAoDDE2gD10TgEwzXD2xTLYt6gvv62-FcEw5uDMhguU-00186.jpg": {"object_bounding_box": {"x": 541, "y": 191, "w": 193, "h": 359}, "object_not_present": false}, "P284--sunglasses--clutter--iAoDDE2gD10TgEwzXD2xTLYt6gvv62-FcEw5uDMhguU-00187.jpg": {"object_bounding_box": {"x": 537, "y": 191, "w": 193, "h": 362}, "object_not_present": false}, "P284--sunglasses--clutter--iAoDDE2gD10TgEwzXD2xTLYt6gvv62-FcEw5uDMhguU-00188.jpg": {"object_bounding_box": {"x": 537, "y": 190, "w": 191, "h": 361}, "object_not_present": false}, "P284--sunglasses--clutter--iAoDDE2gD10TgEwzXD2xTLYt6gvv62-FcEw5uDMhguU-00189.jpg": {"object_bounding_box": {"x": 532, "y": 193, "w": 199, "h": 361}, "object_not_present": false}, "P284--sunglasses--clutter--iAoDDE2gD10TgEwzXD2xTLYt6gvv62-FcEw5uDMhguU-00190.jpg": {"object_bounding_box": {"x": 528, "y": 197, "w": 193, "h": 361}, "object_not_present": false}, "P284--sunglasses--clutter--iAoDDE2gD10TgEwzXD2xTLYt6gvv62-FcEw5uDMhguU-00191.jpg": {"object_bounding_box": {"x": 526, "y": 199, "w": 193, "h": 362}, "object_not_present": false}, "P284--sunglasses--clutter--iAoDDE2gD10TgEwzXD2xTLYt6gvv62-FcEw5uDMhguU-00192.jpg": {"object_bounding_box": {"x": 525, "y": 205, "w": 192, "h": 360}, "object_not_present": false}, "P284--sunglasses--clutter--iAoDDE2gD10TgEwzXD2xTLYt6gvv62-FcEw5uDMhguU-00193.jpg": {"object_bounding_box": {"x": 522, "y": 212, "w": 189, "h": 360}, "object_not_present": false}, "P284--sunglasses--clutter--iAoDDE2gD10TgEwzXD2xTLYt6gvv62-FcEw5uDMhguU-00194.jpg": {"object_bounding_box": {"x": 521, "y": 210, "w": 187, "h": 362}, "object_not_present": false}, "P284--sunglasses--clutter--iAoDDE2gD10TgEwzXD2xTLYt6gvv62-FcEw5uDMhguU-00195.jpg": {"object_bounding_box": {"x": 520, "y": 210, "w": 186, "h": 361}, "object_not_present": false}, "P284--sunglasses--clutter--iAoDDE2gD10TgEwzXD2xTLYt6gvv62-FcEw5uDMhguU-00196.jpg": {"object_bounding_box": {"x": 518, "y": 209, "w": 188, "h": 362}, "object_not_present": false}, "P284--sunglasses--clutter--iAoDDE2gD10TgEwzXD2xTLYt6gvv62-FcEw5uDMhguU-00197.jpg": {"object_bounding_box": {"x": 515, "y": 210, "w": 191, "h": 361}, "object_not_present": false}, "P284--sunglasses--clutter--iAoDDE2gD10TgEwzXD2xTLYt6gvv62-FcEw5uDMhguU-00198.jpg": {"object_bounding_box": {"x": 511, "y": 207, "w": 189, "h": 361}, "object_not_present": false}, "P284--sunglasses--clutter--iAoDDE2gD10TgEwzXD2xTLYt6gvv62-FcEw5uDMhguU-00199.jpg": {"object_bounding_box": {"x": 511, "y": 203, "w": 187, "h": 361}, "object_not_present": false}, "P284--sunglasses--clutter--iAoDDE2gD10TgEwzXD2xTLYt6gvv62-FcEw5uDMhguU-00200.jpg": {"object_bounding_box": {"x": 507, "y": 203, "w": 187, "h": 363}, "object_not_present": false}, "P284--sunglasses--clutter--iAoDDE2gD10TgEwzXD2xTLYt6gvv62-FcEw5uDMhguU-00201.jpg": {"object_bounding_box": {"x": 502, "y": 203, "w": 189, "h": 363}, "object_not_present": false}, "P284--sunglasses--clutter--iAoDDE2gD10TgEwzXD2xTLYt6gvv62-FcEw5uDMhguU-00202.jpg": {"object_bounding_box": {"x": 502, "y": 201, "w": 187, "h": 362}, "object_not_present": false}, "P284--sunglasses--clutter--iAoDDE2gD10TgEwzXD2xTLYt6gvv62-FcEw5uDMhguU-00203.jpg": {"object_bounding_box": {"x": 501, "y": 209, "w": 185, "h": 358}, "object_not_present": false}, "P284--sunglasses--clutter--iAoDDE2gD10TgEwzXD2xTLYt6gvv62-FcEw5uDMhguU-00204.jpg": {"object_bounding_box": {"x": 498, "y": 214, "w": 186, "h": 361}, "object_not_present": false}, "P284--sunglasses--clutter--iAoDDE2gD10TgEwzXD2xTLYt6gvv62-FcEw5uDMhguU-00205.jpg": {"object_bounding_box": {"x": 500, "y": 209, "w": 186, "h": 359}, "object_not_present": false}, "P284--sunglasses--clutter--iAoDDE2gD10TgEwzXD2xTLYt6gvv62-FcEw5uDMhguU-00206.jpg": {"object_bounding_box": {"x": 498, "y": 205, "w": 186, "h": 362}, "object_not_present": false}, "P284--sunglasses--clutter--iAoDDE2gD10TgEwzXD2xTLYt6gvv62-FcEw5uDMhguU-00207.jpg": {"object_bounding_box": {"x": 492, "y": 208, "w": 188, "h": 361}, "object_not_present": false}, "P284--sunglasses--clutter--iAoDDE2gD10TgEwzXD2xTLYt6gvv62-FcEw5uDMhguU-00208.jpg": {"object_bounding_box": {"x": 490, "y": 208, "w": 189, "h": 362}, "object_not_present": false}, "P284--sunglasses--clutter--iAoDDE2gD10TgEwzXD2xTLYt6gvv62-FcEw5uDMhguU-00209.jpg": {"object_bounding_box": {"x": 492, "y": 206, "w": 190, "h": 362}, "object_not_present": false}, "P284--sunglasses--clutter--iAoDDE2gD10TgEwzXD2xTLYt6gvv62-FcEw5uDMhguU-00210.jpg": {"object_bounding_box": {"x": 492, "y": 206, "w": 187, "h": 361}, "object_not_present": false}, "P284--sunglasses--clutter--iAoDDE2gD10TgEwzXD2xTLYt6gvv62-FcEw5uDMhguU-00211.jpg": {"object_bounding_box": {"x": 490, "y": 205, "w": 190, "h": 363}, "object_not_present": false}, "P284--sunglasses--clutter--iAoDDE2gD10TgEwzXD2xTLYt6gvv62-FcEw5uDMhguU-00212.jpg": {"object_bounding_box": {"x": 492, "y": 200, "w": 186, "h": 363}, "object_not_present": false}, "P284--sunglasses--clutter--iAoDDE2gD10TgEwzXD2xTLYt6gvv62-FcEw5uDMhguU-00213.jpg": {"object_bounding_box": {"x": 493, "y": 199, "w": 188, "h": 364}, "object_not_present": false}, "P284--sunglasses--clutter--iAoDDE2gD10TgEwzXD2xTLYt6gvv62-FcEw5uDMhguU-00214.jpg": {"object_bounding_box": {"x": 493, "y": 203, "w": 186, "h": 362}, "object_not_present": false}, "P284--sunglasses--clutter--iAoDDE2gD10TgEwzXD2xTLYt6gvv62-FcEw5uDMhguU-00215.jpg": {"object_bounding_box": {"x": 493, "y": 200, "w": 188, "h": 362}, "object_not_present": false}, "P284--sunglasses--clutter--iAoDDE2gD10TgEwzXD2xTLYt6gvv62-FcEw5uDMhguU-00216.jpg": {"object_bounding_box": {"x": 492, "y": 198, "w": 190, "h": 362}, "object_not_present": false}, "P284--sunglasses--clutter--iAoDDE2gD10TgEwzXD2xTLYt6gvv62-FcEw5uDMhguU-00217.jpg": {"object_bounding_box": {"x": 490, "y": 199, "w": 192, "h": 363}, "object_not_present": false}, "P284--sunglasses--clutter--iAoDDE2gD10TgEwzXD2xTLYt6gvv62-FcEw5uDMhguU-00218.jpg": {"object_bounding_box": {"x": 490, "y": 198, "w": 190, "h": 364}, "object_not_present": false}, "P284--sunglasses--clutter--iAoDDE2gD10TgEwzXD2xTLYt6gvv62-FcEw5uDMhguU-00219.jpg": {"object_bounding_box": {"x": 494, "y": 195, "w": 188, "h": 364}, "object_not_present": false}, "P284--sunglasses--clutter--iAoDDE2gD10TgEwzXD2xTLYt6gvv62-FcEw5uDMhguU-00220.jpg": {"object_bounding_box": {"x": 493, "y": 198, "w": 189, "h": 363}, "object_not_present": false}, "P284--sunglasses--clutter--iAoDDE2gD10TgEwzXD2xTLYt6gvv62-FcEw5uDMhguU-00221.jpg": {"object_bounding_box": {"x": 493, "y": 199, "w": 187, "h": 362}, "object_not_present": false}, "P284--sunglasses--clutter--iAoDDE2gD10TgEwzXD2xTLYt6gvv62-FcEw5uDMhguU-00222.jpg": {"object_bounding_box": {"x": 495, "y": 194, "w": 191, "h": 364}, "object_not_present": false}, "P284--sunglasses--clutter--iAoDDE2gD10TgEwzXD2xTLYt6gvv62-FcEw5uDMhguU-00223.jpg": {"object_bounding_box": {"x": 497, "y": 197, "w": 190, "h": 364}, "object_not_present": false}, "P284--sunglasses--clutter--iAoDDE2gD10TgEwzXD2xTLYt6gvv62-FcEw5uDMhguU-00224.jpg": {"object_bounding_box": {"x": 497, "y": 200, "w": 189, "h": 363}, "object_not_present": false}, "P284--sunglasses--clutter--iAoDDE2gD10TgEwzXD2xTLYt6gvv62-FcEw5uDMhguU-00225.jpg": {"object_bounding_box": {"x": 496, "y": 198, "w": 191, "h": 365}, "object_not_present": false}, "P284--sunglasses--clutter--iAoDDE2gD10TgEwzXD2xTLYt6gvv62-FcEw5uDMhguU-00226.jpg": {"object_bounding_box": {"x": 498, "y": 195, "w": 191, "h": 364}, "object_not_present": false}, "P284--sunglasses--clutter--iAoDDE2gD10TgEwzXD2xTLYt6gvv62-FcEw5uDMhguU-00227.jpg": {"object_bounding_box": {"x": 499, "y": 198, "w": 189, "h": 363}, "object_not_present": false}, "P284--sunglasses--clutter--iAoDDE2gD10TgEwzXD2xTLYt6gvv62-FcEw5uDMhguU-00228.jpg": {"object_bounding_box": {"x": 496, "y": 200, "w": 189, "h": 364}, "object_not_present": false}, "P284--sunglasses--clutter--iAoDDE2gD10TgEwzXD2xTLYt6gvv62-FcEw5uDMhguU-00229.jpg": {"object_bounding_box": {"x": 497, "y": 196, "w": 191, "h": 363}, "object_not_present": false}, "P284--sunglasses--clutter--iAoDDE2gD10TgEwzXD2xTLYt6gvv62-FcEw5uDMhguU-00230.jpg": {"object_bounding_box": {"x": 497, "y": 191, "w": 191, "h": 366}, "object_not_present": false}, "P284--sunglasses--clutter--iAoDDE2gD10TgEwzXD2xTLYt6gvv62-FcEw5uDMhguU-00231.jpg": {"object_bounding_box": {"x": 498, "y": 190, "w": 192, "h": 365}, "object_not_present": false}, "P284--sunglasses--clutter--iAoDDE2gD10TgEwzXD2xTLYt6gvv62-FcEw5uDMhguU-00232.jpg": {"object_bounding_box": {"x": 497, "y": 192, "w": 192, "h": 364}, "object_not_present": false}, "P284--sunglasses--clutter--iAoDDE2gD10TgEwzXD2xTLYt6gvv62-FcEw5uDMhguU-00233.jpg": {"object_bounding_box": {"x": 497, "y": 192, "w": 192, "h": 366}, "object_not_present": false}, "P284--sunglasses--clutter--iAoDDE2gD10TgEwzXD2xTLYt6gvv62-FcEw5uDMhguU-00234.jpg": {"object_bounding_box": {"x": 501, "y": 189, "w": 189, "h": 366}, "object_not_present": false}, "P284--sunglasses--clutter--iAoDDE2gD10TgEwzXD2xTLYt6gvv62-FcEw5uDMhguU-00235.jpg": {"object_bounding_box": {"x": 501, "y": 193, "w": 190, "h": 363}, "object_not_present": false}, "P284--sunglasses--clutter--iAoDDE2gD10TgEwzXD2xTLYt6gvv62-FcEw5uDMhguU-00236.jpg": {"object_bounding_box": {"x": 501, "y": 195, "w": 189, "h": 366}, "object_not_present": false}, "P284--sunglasses--clutter--iAoDDE2gD10TgEwzXD2xTLYt6gvv62-FcEw5uDMhguU-00237.jpg": {"object_bounding_box": {"x": 501, "y": 194, "w": 191, "h": 364}, "object_not_present": false}, "P284--sunglasses--clutter--iAoDDE2gD10TgEwzXD2xTLYt6gvv62-FcEw5uDMhguU-00238.jpg": {"object_bounding_box": {"x": 502, "y": 189, "w": 191, "h": 365}, "object_not_present": false}, "P284--sunglasses--clutter--iAoDDE2gD10TgEwzXD2xTLYt6gvv62-FcEw5uDMhguU-00239.jpg": {"object_bounding_box": {"x": 500, "y": 185, "w": 190, "h": 366}, "object_not_present": false}, "P284--sunglasses--clutter--iAoDDE2gD10TgEwzXD2xTLYt6gvv62-FcEw5uDMhguU-00240.jpg": {"object_bounding_box": {"x": 497, "y": 184, "w": 193, "h": 366}, "object_not_present": false}, "P284--sunglasses--clutter--iAoDDE2gD10TgEwzXD2xTLYt6gvv62-FcEw5uDMhguU-00241.jpg": {"object_bounding_box": {"x": 496, "y": 187, "w": 193, "h": 366}, "object_not_present": false}, "P284--sunglasses--clutter--iAoDDE2gD10TgEwzXD2xTLYt6gvv62-FcEw5uDMhguU-00242.jpg": {"object_bounding_box": {"x": 495, "y": 189, "w": 191, "h": 366}, "object_not_present": false}, "P284--sunglasses--clutter--iAoDDE2gD10TgEwzXD2xTLYt6gvv62-FcEw5uDMhguU-00243.jpg": {"object_bounding_box": {"x": 495, "y": 188, "w": 193, "h": 366}, "object_not_present": false}, "P284--sunglasses--clutter--iAoDDE2gD10TgEwzXD2xTLYt6gvv62-FcEw5uDMhguU-00244.jpg": {"object_bounding_box": {"x": 496, "y": 187, "w": 192, "h": 366}, "object_not_present": false}, "P284--sunglasses--clutter--iAoDDE2gD10TgEwzXD2xTLYt6gvv62-FcEw5uDMhguU-00245.jpg": {"object_bounding_box": {"x": 493, "y": 187, "w": 192, "h": 367}, "object_not_present": false}, "P284--sunglasses--clutter--iAoDDE2gD10TgEwzXD2xTLYt6gvv62-FcEw5uDMhguU-00246.jpg": {"object_bounding_box": {"x": 492, "y": 186, "w": 192, "h": 368}, "object_not_present": false}, "P284--sunglasses--clutter--iAoDDE2gD10TgEwzXD2xTLYt6gvv62-FcEw5uDMhguU-00247.jpg": {"object_bounding_box": {"x": 495, "y": 182, "w": 192, "h": 366}, "object_not_present": false}, "P284--sunglasses--clutter--iAoDDE2gD10TgEwzXD2xTLYt6gvv62-FcEw5uDMhguU-00248.jpg": {"object_bounding_box": {"x": 494, "y": 181, "w": 193, "h": 367}, "object_not_present": false}, "P284--sunglasses--clutter--iAoDDE2gD10TgEwzXD2xTLYt6gvv62-FcEw5uDMhguU-00249.jpg": {"object_bounding_box": {"x": 495, "y": 183, "w": 193, "h": 367}, "object_not_present": false}, "P284--sunglasses--clutter--iAoDDE2gD10TgEwzXD2xTLYt6gvv62-FcEw5uDMhguU-00250.jpg": {"object_bounding_box": {"x": 493, "y": 188, "w": 190, "h": 366}, "object_not_present": false}, "P284--sunglasses--clutter--iAoDDE2gD10TgEwzXD2xTLYt6gvv62-FcEw5uDMhguU-00251.jpg": {"object_bounding_box": {"x": 490, "y": 186, "w": 191, "h": 367}, "object_not_present": false}, "P284--sunglasses--clutter--iAoDDE2gD10TgEwzXD2xTLYt6gvv62-FcEw5uDMhguU-00252.jpg": {"object_bounding_box": {"x": 495, "y": 177, "w": 189, "h": 366}, "object_not_present": false}, "P284--sunglasses--clutter--iAoDDE2gD10TgEwzXD2xTLYt6gvv62-FcEw5uDMhguU-00253.jpg": {"object_bounding_box": {"x": 495, "y": 178, "w": 190, "h": 367}, "object_not_present": false}, "P284--sunglasses--clutter--iAoDDE2gD10TgEwzXD2xTLYt6gvv62-FcEw5uDMhguU-00254.jpg": {"object_bounding_box": {"x": 492, "y": 185, "w": 190, "h": 366}, "object_not_present": false}, "P284--sunglasses--clutter--iAoDDE2gD10TgEwzXD2xTLYt6gvv62-FcEw5uDMhguU-00255.jpg": {"object_bounding_box": {"x": 491, "y": 182, "w": 189, "h": 364}, "object_not_present": false}, "P284--sunglasses--clutter--iAoDDE2gD10TgEwzXD2xTLYt6gvv62-FcEw5uDMhguU-00256.jpg": {"object_bounding_box": {"x": 493, "y": 172, "w": 192, "h": 366}, "object_not_present": false}, "P284--sunglasses--clutter--iAoDDE2gD10TgEwzXD2xTLYt6gvv62-FcEw5uDMhguU-00257.jpg": {"object_bounding_box": {"x": 493, "y": 174, "w": 191, "h": 367}, "object_not_present": false}, "P284--sunglasses--clutter--iAoDDE2gD10TgEwzXD2xTLYt6gvv62-FcEw5uDMhguU-00258.jpg": {"object_bounding_box": {"x": 491, "y": 176, "w": 191, "h": 368}, "object_not_present": false}, "P284--sunglasses--clutter--iAoDDE2gD10TgEwzXD2xTLYt6gvv62-FcEw5uDMhguU-00259.jpg": {"object_bounding_box": {"x": 495, "y": 174, "w": 190, "h": 367}, "object_not_present": false}, "P284--sunglasses--clutter--iAoDDE2gD10TgEwzXD2xTLYt6gvv62-FcEw5uDMhguU-00260.jpg": {"object_bounding_box": {"x": 496, "y": 175, "w": 190, "h": 368}, "object_not_present": false}, "P284--sunglasses--clutter--iAoDDE2gD10TgEwzXD2xTLYt6gvv62-FcEw5uDMhguU-00261.jpg": {"object_bounding_box": {"x": 498, "y": 174, "w": 190, "h": 366}, "object_not_present": false}, "P284--sunglasses--clutter--iAoDDE2gD10TgEwzXD2xTLYt6gvv62-FcEw5uDMhguU-00262.jpg": {"object_bounding_box": {"x": 502, "y": 170, "w": 193, "h": 369}, "object_not_present": false}, "P284--sunglasses--clutter--iAoDDE2gD10TgEwzXD2xTLYt6gvv62-FcEw5uDMhguU-00263.jpg": {"object_bounding_box": {"x": 503, "y": 170, "w": 191, "h": 366}, "object_not_present": false}, "P284--sunglasses--clutter--iAoDDE2gD10TgEwzXD2xTLYt6gvv62-FcEw5uDMhguU-00264.jpg": {"object_bounding_box": {"x": 502, "y": 178, "w": 192, "h": 366}, "object_not_present": false}, "P284--sunglasses--clutter--iAoDDE2gD10TgEwzXD2xTLYt6gvv62-FcEw5uDMhguU-00265.jpg": {"object_bounding_box": {"x": 503, "y": 176, "w": 192, "h": 369}, "object_not_present": false}, "P284--sunglasses--clutter--iAoDDE2gD10TgEwzXD2xTLYt6gvv62-FcEw5uDMhguU-00266.jpg": {"object_bounding_box": {"x": 502, "y": 170, "w": 196, "h": 371}, "object_not_present": false}, "P284--sunglasses--clutter--iAoDDE2gD10TgEwzXD2xTLYt6gvv62-FcEw5uDMhguU-00267.jpg": {"object_bounding_box": {"x": 502, "y": 168, "w": 196, "h": 371}, "object_not_present": false}, "P284--sunglasses--clutter--iAoDDE2gD10TgEwzXD2xTLYt6gvv62-FcEw5uDMhguU-00268.jpg": {"object_bounding_box": {"x": 498, "y": 167, "w": 196, "h": 372}, "object_not_present": false}, "P284--sunglasses--clutter--iAoDDE2gD10TgEwzXD2xTLYt6gvv62-FcEw5uDMhguU-00269.jpg": {"object_bounding_box": {"x": 498, "y": 164, "w": 196, "h": 371}, "object_not_present": false}, "P284--sunglasses--clutter--iAoDDE2gD10TgEwzXD2xTLYt6gvv62-FcEw5uDMhguU-00270.jpg": {"object_bounding_box": {"x": 497, "y": 167, "w": 196, "h": 371}, "object_not_present": false}, "P284--sunglasses--clutter--iAoDDE2gD10TgEwzXD2xTLYt6gvv62-FcEw5uDMhguU-00271.jpg": {"object_bounding_box": {"x": 497, "y": 169, "w": 196, "h": 371}, "object_not_present": false}, "P284--sunglasses--clutter--iAoDDE2gD10TgEwzXD2xTLYt6gvv62-FcEw5uDMhguU-00272.jpg": {"object_bounding_box": {"x": 500, "y": 168, "w": 196, "h": 371}, "object_not_present": false}, "P284--sunglasses--clutter--iAoDDE2gD10TgEwzXD2xTLYt6gvv62-FcEw5uDMhguU-00273.jpg": {"object_bounding_box": {"x": 499, "y": 169, "w": 198, "h": 371}, "object_not_present": false}, "P284--sunglasses--clutter--iAoDDE2gD10TgEwzXD2xTLYt6gvv62-FcEw5uDMhguU-00274.jpg": {"object_bounding_box": {"x": 499, "y": 170, "w": 196, "h": 371}, "object_not_present": false}, "P284--sunglasses--clutter--iAoDDE2gD10TgEwzXD2xTLYt6gvv62-FcEw5uDMhguU-00275.jpg": {"object_bounding_box": {"x": 499, "y": 175, "w": 196, "h": 369}, "object_not_present": false}, "P284--sunglasses--clutter--iAoDDE2gD10TgEwzXD2xTLYt6gvv62-FcEw5uDMhguU-00276.jpg": {"object_bounding_box": {"x": 497, "y": 174, "w": 196, "h": 370}, "object_not_present": false}, "P284--sunglasses--clutter--iAoDDE2gD10TgEwzXD2xTLYt6gvv62-FcEw5uDMhguU-00277.jpg": {"object_bounding_box": {"x": 497, "y": 171, "w": 193, "h": 371}, "object_not_present": false}, "P284--sunglasses--clutter--iAoDDE2gD10TgEwzXD2xTLYt6gvv62-FcEw5uDMhguU-00278.jpg": {"object_bounding_box": {"x": 494, "y": 167, "w": 196, "h": 371}, "object_not_present": false}, "P284--sunglasses--clutter--iAoDDE2gD10TgEwzXD2xTLYt6gvv62-FcEw5uDMhguU-00279.jpg": {"object_bounding_box": {"x": 496, "y": 169, "w": 196, "h": 371}, "object_not_present": false}, "P284--sunglasses--clutter--iAoDDE2gD10TgEwzXD2xTLYt6gvv62-FcEw5uDMhguU-00280.jpg": {"object_bounding_box": {"x": 495, "y": 170, "w": 196, "h": 371}, "object_not_present": false}, "P284--sunglasses--clutter--iAoDDE2gD10TgEwzXD2xTLYt6gvv62-FcEw5uDMhguU-00281.jpg": {"object_bounding_box": {"x": 497, "y": 169, "w": 193, "h": 371}, "object_not_present": false}, "P284--sunglasses--clutter--iAoDDE2gD10TgEwzXD2xTLYt6gvv62-FcEw5uDMhguU-00282.jpg": {"object_bounding_box": {"x": 499, "y": 170, "w": 197, "h": 371}, "object_not_present": false}, "P284--sunglasses--clutter--iAoDDE2gD10TgEwzXD2xTLYt6gvv62-FcEw5uDMhguU-00283.jpg": {"object_bounding_box": {"x": 498, "y": 173, "w": 196, "h": 371}, "object_not_present": false}, "P284--sunglasses--clutter--iAoDDE2gD10TgEwzXD2xTLYt6gvv62-FcEw5uDMhguU-00284.jpg": {"object_bounding_box": {"x": 496, "y": 174, "w": 196, "h": 371}, "object_not_present": false}, "P284--sunglasses--clutter--iAoDDE2gD10TgEwzXD2xTLYt6gvv62-FcEw5uDMhguU-00285.jpg": {"object_bounding_box": {"x": 495, "y": 174, "w": 196, "h": 371}, "object_not_present": false}, "P284--sunglasses--clutter--iAoDDE2gD10TgEwzXD2xTLYt6gvv62-FcEw5uDMhguU-00286.jpg": {"object_bounding_box": {"x": 493, "y": 174, "w": 196, "h": 371}, "object_not_present": false}, "P284--sunglasses--clutter--iAoDDE2gD10TgEwzXD2xTLYt6gvv62-FcEw5uDMhguU-00287.jpg": {"object_bounding_box": {"x": 491, "y": 175, "w": 196, "h": 371}, "object_not_present": false}, "P284--sunglasses--clutter--iAoDDE2gD10TgEwzXD2xTLYt6gvv62-FcEw5uDMhguU-00288.jpg": {"object_bounding_box": {"x": 491, "y": 176, "w": 196, "h": 371}, "object_not_present": false}, "P284--sunglasses--clutter--iAoDDE2gD10TgEwzXD2xTLYt6gvv62-FcEw5uDMhguU-00289.jpg": {"object_bounding_box": {"x": 492, "y": 177, "w": 197, "h": 371}, "object_not_present": false}, "P284--sunglasses--clutter--iAoDDE2gD10TgEwzXD2xTLYt6gvv62-FcEw5uDMhguU-00290.jpg": {"object_bounding_box": {"x": 489, "y": 181, "w": 196, "h": 371}, "object_not_present": false}, "P284--sunglasses--clutter--iAoDDE2gD10TgEwzXD2xTLYt6gvv62-FcEw5uDMhguU-00291.jpg": {"object_bounding_box": {"x": 488, "y": 183, "w": 196, "h": 371}, "object_not_present": false}, "P284--sunglasses--clutter--iAoDDE2gD10TgEwzXD2xTLYt6gvv62-FcEw5uDMhguU-00292.jpg": {"object_bounding_box": {"x": 489, "y": 176, "w": 196, "h": 371}, "object_not_present": false}, "P284--sunglasses--clutter--iAoDDE2gD10TgEwzXD2xTLYt6gvv62-FcEw5uDMhguU-00293.jpg": {"object_bounding_box": {"x": 488, "y": 176, "w": 196, "h": 371}, "object_not_present": false}, "P284--sunglasses--clutter--iAoDDE2gD10TgEwzXD2xTLYt6gvv62-FcEw5uDMhguU-00294.jpg": {"object_bounding_box": {"x": 488, "y": 182, "w": 194, "h": 371}, "object_not_present": false}, "P284--sunglasses--clutter--iAoDDE2gD10TgEwzXD2xTLYt6gvv62-FcEw5uDMhguU-00295.jpg": {"object_bounding_box": {"x": 487, "y": 181, "w": 196, "h": 371}, "object_not_present": false}, "P284--sunglasses--clutter--iAoDDE2gD10TgEwzXD2xTLYt6gvv62-FcEw5uDMhguU-00296.jpg": {"object_bounding_box": {"x": 489, "y": 173, "w": 196, "h": 371}, "object_not_present": false}, "P284--sunglasses--clutter--iAoDDE2gD10TgEwzXD2xTLYt6gvv62-FcEw5uDMhguU-00297.jpg": {"object_bounding_box": {"x": 488, "y": 176, "w": 196, "h": 371}, "object_not_present": false}, "P284--sunglasses--clutter--iAoDDE2gD10TgEwzXD2xTLYt6gvv62-FcEw5uDMhguU-00298.jpg": {"object_bounding_box": {"x": 487, "y": 185, "w": 196, "h": 371}, "object_not_present": false}, "P284--sunglasses--clutter--iAoDDE2gD10TgEwzXD2xTLYt6gvv62-FcEw5uDMhguU-00299.jpg": {"object_bounding_box": {"x": 484, "y": 183, "w": 196, "h": 371}, "object_not_present": false}, "P284--sunglasses--clutter--iAoDDE2gD10TgEwzXD2xTLYt6gvv62-FcEw5uDMhguU-00300.jpg": {"object_bounding_box": {"x": 484, "y": 179, "w": 197, "h": 371}, "object_not_present": false}, "P284--sunglasses--clutter--iAoDDE2gD10TgEwzXD2xTLYt6gvv62-FcEw5uDMhguU-00301.jpg": {"object_bounding_box": {"x": 484, "y": 182, "w": 198, "h": 371}, "object_not_present": false}, "P284--sunglasses--clutter--iAoDDE2gD10TgEwzXD2xTLYt6gvv62-FcEw5uDMhguU-00302.jpg": {"object_bounding_box": {"x": 482, "y": 186, "w": 196, "h": 371}, "object_not_present": false}, "P284--sunglasses--clutter--iAoDDE2gD10TgEwzXD2xTLYt6gvv62-FcEw5uDMhguU-00303.jpg": {"object_bounding_box": {"x": 485, "y": 186, "w": 196, "h": 371}, "object_not_present": false}, "P284--sunglasses--clutter--iAoDDE2gD10TgEwzXD2xTLYt6gvv62-FcEw5uDMhguU-00304.jpg": {"object_bounding_box": {"x": 486, "y": 185, "w": 196, "h": 371}, "object_not_present": false}, "P284--sunglasses--clutter--iAoDDE2gD10TgEwzXD2xTLYt6gvv62-FcEw5uDMhguU-00305.jpg": {"object_bounding_box": {"x": 484, "y": 185, "w": 196, "h": 371}, "object_not_present": false}, "P284--sunglasses--clutter--iAoDDE2gD10TgEwzXD2xTLYt6gvv62-FcEw5uDMhguU-00306.jpg": {"object_bounding_box": {"x": 485, "y": 186, "w": 196, "h": 371}, "object_not_present": false}, "P284--sunglasses--clutter--iAoDDE2gD10TgEwzXD2xTLYt6gvv62-FcEw5uDMhguU-00307.jpg": {"object_bounding_box": {"x": 487, "y": 185, "w": 196, "h": 371}, "object_not_present": false}, "P284--sunglasses--clutter--iAoDDE2gD10TgEwzXD2xTLYt6gvv62-FcEw5uDMhguU-00308.jpg": {"object_bounding_box": {"x": 488, "y": 185, "w": 196, "h": 371}, "object_not_present": false}, "P284--sunglasses--clutter--iAoDDE2gD10TgEwzXD2xTLYt6gvv62-FcEw5uDMhguU-00309.jpg": {"object_bounding_box": {"x": 487, "y": 187, "w": 196, "h": 371}, "object_not_present": false}, "P284--sunglasses--clutter--iAoDDE2gD10TgEwzXD2xTLYt6gvv62-FcEw5uDMhguU-00310.jpg": {"object_bounding_box": {"x": 487, "y": 185, "w": 196, "h": 371}, "object_not_present": false}, "P284--sunglasses--clutter--iAoDDE2gD10TgEwzXD2xTLYt6gvv62-FcEw5uDMhguU-00311.jpg": {"object_bounding_box": {"x": 488, "y": 185, "w": 196, "h": 371}, "object_not_present": false}, "P284--sunglasses--clutter--iAoDDE2gD10TgEwzXD2xTLYt6gvv62-FcEw5uDMhguU-00312.jpg": {"object_bounding_box": {"x": 484, "y": 190, "w": 196, "h": 371}, "object_not_present": false}, "P284--sunglasses--clutter--iAoDDE2gD10TgEwzXD2xTLYt6gvv62-FcEw5uDMhguU-00313.jpg": {"object_bounding_box": {"x": 485, "y": 186, "w": 196, "h": 371}, "object_not_present": false}, "P284--sunglasses--clutter--iAoDDE2gD10TgEwzXD2xTLYt6gvv62-FcEw5uDMhguU-00314.jpg": {"object_bounding_box": {"x": 487, "y": 186, "w": 196, "h": 371}, "object_not_present": false}, "P284--sunglasses--clutter--iAoDDE2gD10TgEwzXD2xTLYt6gvv62-FcEw5uDMhguU-00315.jpg": {"object_bounding_box": {"x": 484, "y": 189, "w": 196, "h": 371}, "object_not_present": false}, "P284--sunglasses--clutter--iAoDDE2gD10TgEwzXD2xTLYt6gvv62-FcEw5uDMhguU-00316.jpg": {"object_bounding_box": {"x": 487, "y": 184, "w": 197, "h": 370}, "object_not_present": false}, "P284--sunglasses--clutter--iAoDDE2gD10TgEwzXD2xTLYt6gvv62-FcEw5uDMhguU-00317.jpg": {"object_bounding_box": {"x": 487, "y": 182, "w": 198, "h": 371}, "object_not_present": false}, "P284--sunglasses--clutter--iAoDDE2gD10TgEwzXD2xTLYt6gvv62-FcEw5uDMhguU-00318.jpg": {"object_bounding_box": {"x": 488, "y": 179, "w": 196, "h": 374}, "object_not_present": false}, "P284--sunglasses--clutter--iAoDDE2gD10TgEwzXD2xTLYt6gvv62-FcEw5uDMhguU-00319.jpg": {"object_bounding_box": {"x": 495, "y": 170, "w": 196, "h": 375}, "object_not_present": false}, "P284--sunglasses--clutter--iAoDDE2gD10TgEwzXD2xTLYt6gvv62-FcEw5uDMhguU-00320.jpg": {"object_bounding_box": {"x": 496, "y": 177, "w": 195, "h": 371}, "object_not_present": false}, "P284--sunglasses--clutter--iAoDDE2gD10TgEwzXD2xTLYt6gvv62-FcEw5uDMhguU-00321.jpg": {"object_bounding_box": {"x": 490, "y": 185, "w": 196, "h": 372}, "object_not_present": false}, "P284--sunglasses--clutter--iAoDDE2gD10TgEwzXD2xTLYt6gvv62-FcEw5uDMhguU-00322.jpg": {"object_bounding_box": {"x": 492, "y": 179, "w": 195, "h": 374}, "object_not_present": false}, "P284--sunglasses--clutter--iAoDDE2gD10TgEwzXD2xTLYt6gvv62-FcEw5uDMhguU-00323.jpg": {"object_bounding_box": {"x": 492, "y": 170, "w": 198, "h": 371}, "object_not_present": false}, "P284--sunglasses--clutter--iAoDDE2gD10TgEwzXD2xTLYt6gvv62-FcEw5uDMhguU-00324.jpg": {"object_bounding_box": {"x": 498, "y": 158, "w": 194, "h": 375}, "object_not_present": false}, "P284--sunglasses--clutter--iAoDDE2gD10TgEwzXD2xTLYt6gvv62-FcEw5uDMhguU-00325.jpg": {"object_bounding_box": {"x": 501, "y": 170, "w": 196, "h": 365}, "object_not_present": false}, "P284--sunglasses--clutter--iAoDDE2gD10TgEwzXD2xTLYt6gvv62-FcEw5uDMhguU-00326.jpg": {"object_bounding_box": {"x": 496, "y": 189, "w": 196, "h": 366}, "object_not_present": false}, "P284--sunglasses--clutter--iAoDDE2gD10TgEwzXD2xTLYt6gvv62-FcEw5uDMhguU-00327.jpg": {"object_bounding_box": {"x": 492, "y": 191, "w": 196, "h": 368}, "object_not_present": false}, "P284--sunglasses--clutter--iAoDDE2gD10TgEwzXD2xTLYt6gvv62-FcEw5uDMhguU-00328.jpg": {"object_bounding_box": {"x": 497, "y": 176, "w": 195, "h": 368}, "object_not_present": false}, "P284--sunglasses--clutter--iAoDDE2gD10TgEwzXD2xTLYt6gvv62-FcEw5uDMhguU-00329.jpg": {"object_bounding_box": {"x": 497, "y": 162, "w": 196, "h": 377}, "object_not_present": false}, "P284--sunglasses--clutter--iAoDDE2gD10TgEwzXD2xTLYt6gvv62-FcEw5uDMhguU-00330.jpg": {"object_bounding_box": {"x": 497, "y": 169, "w": 191, "h": 375}, "object_not_present": false}, "P284--sunglasses--clutter--iAoDDE2gD10TgEwzXD2xTLYt6gvv62-FcEw5uDMhguU-00331.jpg": {"object_bounding_box": {"x": 494, "y": 174, "w": 197, "h": 375}, "object_not_present": false}, "P284--sunglasses--clutter--iAoDDE2gD10TgEwzXD2xTLYt6gvv62-FcEw5uDMhguU-00332.jpg": {"object_bounding_box": {"x": 499, "y": 167, "w": 198, "h": 376}, "object_not_present": false}, "P284--sunglasses--clutter--iAoDDE2gD10TgEwzXD2xTLYt6gvv62-FcEw5uDMhguU-00333.jpg": {"object_bounding_box": {"x": 499, "y": 165, "w": 198, "h": 376}, "object_not_present": false}, "P284--sunglasses--clutter--iAoDDE2gD10TgEwzXD2xTLYt6gvv62-FcEw5uDMhguU-00334.jpg": {"object_bounding_box": {"x": 498, "y": 172, "w": 198, "h": 375}, "object_not_present": false}, "P284--sunglasses--clutter--iAoDDE2gD10TgEwzXD2xTLYt6gvv62-FcEw5uDMhguU-00335.jpg": {"object_bounding_box": {"x": 497, "y": 173, "w": 199, "h": 377}, "object_not_present": false}, "P284--sunglasses--clutter--iAoDDE2gD10TgEwzXD2xTLYt6gvv62-FcEw5uDMhguU-00336.jpg": {"object_bounding_box": {"x": 496, "y": 173, "w": 200, "h": 376}, "object_not_present": false}, "P284--sunglasses--clutter--iAoDDE2gD10TgEwzXD2xTLYt6gvv62-FcEw5uDMhguU-00337.jpg": {"object_bounding_box": {"x": 497, "y": 170, "w": 199, "h": 376}, "object_not_present": false}, "P284--sunglasses--clutter--iAoDDE2gD10TgEwzXD2xTLYt6gvv62-FcEw5uDMhguU-00338.jpg": {"object_bounding_box": {"x": 498, "y": 169, "w": 198, "h": 375}, "object_not_present": false}, "P284--sunglasses--clutter--iAoDDE2gD10TgEwzXD2xTLYt6gvv62-FcEw5uDMhguU-00339.jpg": {"object_bounding_box": {"x": 498, "y": 172, "w": 197, "h": 375}, "object_not_present": false}, "P284--sunglasses--clutter--iAoDDE2gD10TgEwzXD2xTLYt6gvv62-FcEw5uDMhguU-00340.jpg": {"object_bounding_box": {"x": 498, "y": 175, "w": 199, "h": 374}, "object_not_present": false}, "P284--sunglasses--clutter--iAoDDE2gD10TgEwzXD2xTLYt6gvv62-FcEw5uDMhguU-00341.jpg": {"object_bounding_box": {"x": 496, "y": 179, "w": 198, "h": 373}, "object_not_present": false}, "P284--sunglasses--clutter--iAoDDE2gD10TgEwzXD2xTLYt6gvv62-FcEw5uDMhguU-00342.jpg": {"object_bounding_box": {"x": 497, "y": 177, "w": 199, "h": 373}, "object_not_present": false}, "P284--sunglasses--clutter--iAoDDE2gD10TgEwzXD2xTLYt6gvv62-FcEw5uDMhguU-00343.jpg": {"object_bounding_box": {"x": 497, "y": 175, "w": 199, "h": 373}, "object_not_present": false}, "P284--sunglasses--clutter--iAoDDE2gD10TgEwzXD2xTLYt6gvv62-FcEw5uDMhguU-00344.jpg": {"object_bounding_box": {"x": 495, "y": 181, "w": 199, "h": 372}, "object_not_present": false}, "P284--sunglasses--clutter--iAoDDE2gD10TgEwzXD2xTLYt6gvv62-FcEw5uDMhguU-00345.jpg": {"object_bounding_box": {"x": 492, "y": 186, "w": 196, "h": 370}, "object_not_present": false}, "P284--sunglasses--clutter--iAoDDE2gD10TgEwzXD2xTLYt6gvv62-FcEw5uDMhguU-00346.jpg": {"object_bounding_box": {"x": 490, "y": 178, "w": 195, "h": 372}, "object_not_present": false}, "P284--sunglasses--clutter--iAoDDE2gD10TgEwzXD2xTLYt6gvv62-FcEw5uDMhguU-00347.jpg": {"object_bounding_box": {"x": 488, "y": 180, "w": 194, "h": 372}, "object_not_present": false}, "P284--sunglasses--clutter--iAoDDE2gD10TgEwzXD2xTLYt6gvv62-FcEw5uDMhguU-00348.jpg": {"object_bounding_box": {"x": 485, "y": 186, "w": 192, "h": 372}, "object_not_present": false}, "P284--sunglasses--clutter--iAoDDE2gD10TgEwzXD2xTLYt6gvv62-FcEw5uDMhguU-00349.jpg": {"object_bounding_box": {"x": 480, "y": 187, "w": 194, "h": 372}, "object_not_present": false}, "P284--sunglasses--clutter--iAoDDE2gD10TgEwzXD2xTLYt6gvv62-FcEw5uDMhguU-00350.jpg": {"object_bounding_box": {"x": 478, "y": 183, "w": 193, "h": 371}, "object_not_present": false}, "P284--sunglasses--clutter--iAoDDE2gD10TgEwzXD2xTLYt6gvv62-FcEw5uDMhguU-00351.jpg": {"object_bounding_box": {"x": 477, "y": 182, "w": 193, "h": 371}, "object_not_present": false}, "P284--sunglasses--clutter--iAoDDE2gD10TgEwzXD2xTLYt6gvv62-FcEw5uDMhguU-00352.jpg": {"object_bounding_box": {"x": 476, "y": 182, "w": 191, "h": 370}, "object_not_present": false}, "P284--sunglasses--clutter--iAoDDE2gD10TgEwzXD2xTLYt6gvv62-FcEw5uDMhguU-00353.jpg": {"object_bounding_box": {"x": 479, "y": 176, "w": 192, "h": 371}, "object_not_present": false}, "P284--sunglasses--clutter--iAoDDE2gD10TgEwzXD2xTLYt6gvv62-FcEw5uDMhguU-00354.jpg": {"object_bounding_box": {"x": 480, "y": 175, "w": 192, "h": 372}, "object_not_present": false}, "P284--sunglasses--clutter--iAoDDE2gD10TgEwzXD2xTLYt6gvv62-FcEw5uDMhguU-00355.jpg": {"object_bounding_box": {"x": 481, "y": 178, "w": 193, "h": 371}, "object_not_present": false}, "P284--sunglasses--clutter--iAoDDE2gD10TgEwzXD2xTLYt6gvv62-FcEw5uDMhguU-00356.jpg": {"object_bounding_box": {"x": 482, "y": 178, "w": 192, "h": 370}, "object_not_present": false}, "P284--sunglasses--clutter--iAoDDE2gD10TgEwzXD2xTLYt6gvv62-FcEw5uDMhguU-00357.jpg": {"object_bounding_box": {"x": 482, "y": 177, "w": 192, "h": 370}, "object_not_present": false}, "P284--sunglasses--clutter--iAoDDE2gD10TgEwzXD2xTLYt6gvv62-FcEw5uDMhguU-00358.jpg": {"object_bounding_box": {"x": 482, "y": 172, "w": 192, "h": 370}, "object_not_present": false}, "P284--sunglasses--clutter--iAoDDE2gD10TgEwzXD2xTLYt6gvv62-FcEw5uDMhguU-00359.jpg": {"object_bounding_box": {"x": 480, "y": 164, "w": 195, "h": 370}, "object_not_present": false}, "P284--sunglasses--clutter--iAoDDE2gD10TgEwzXD2xTLYt6gvv62-FcEw5uDMhguU-00360.jpg": {"object_bounding_box": {"x": 479, "y": 162, "w": 192, "h": 372}, "object_not_present": false}, "P284--sunglasses--clutter--iAoDDE2gD10TgEwzXD2xTLYt6gvv62-FcEw5uDMhguU-00361.jpg": {"object_bounding_box": {"x": 477, "y": 168, "w": 191, "h": 369}, "object_not_present": false}, "P284--sunglasses--clutter--iAoDDE2gD10TgEwzXD2xTLYt6gvv62-FcEw5uDMhguU-00362.jpg": {"object_bounding_box": {"x": 473, "y": 165, "w": 193, "h": 372}, "object_not_present": false}, "P284--sunglasses--clutter--iAoDDE2gD10TgEwzXD2xTLYt6gvv62-FcEw5uDMhguU-00363.jpg": {"object_bounding_box": {"x": 475, "y": 158, "w": 196, "h": 374}, "object_not_present": false}, "P284--sunglasses--clutter--iAoDDE2gD10TgEwzXD2xTLYt6gvv62-FcEw5uDMhguU-00364.jpg": {"object_bounding_box": {"x": 475, "y": 163, "w": 196, "h": 372}, "object_not_present": false}, "P284--sunglasses--clutter--iAoDDE2gD10TgEwzXD2xTLYt6gvv62-FcEw5uDMhguU-00365.jpg": {"object_bounding_box": {"x": 474, "y": 169, "w": 193, "h": 371}, "object_not_present": false}, "P284--sunglasses--clutter--iAoDDE2gD10TgEwzXD2xTLYt6gvv62-FcEw5uDMhguU-00366.jpg": {"object_bounding_box": {"x": 476, "y": 164, "w": 193, "h": 372}, "object_not_present": false}, "P284--sunglasses--clutter--iAoDDE2gD10TgEwzXD2xTLYt6gvv62-FcEw5uDMhguU-00367.jpg": {"object_bounding_box": {"x": 477, "y": 164, "w": 197, "h": 372}, "object_not_present": false}, "P284--sunglasses--clutter--iAoDDE2gD10TgEwzXD2xTLYt6gvv62-FcEw5uDMhguU-00368.jpg": {"object_bounding_box": {"x": 475, "y": 173, "w": 190, "h": 371}, "object_not_present": false}, "P284--sunglasses--clutter--iAoDDE2gD10TgEwzXD2xTLYt6gvv62-FcEw5uDMhguU-00369.jpg": {"object_bounding_box": {"x": 466, "y": 182, "w": 193, "h": 370}, "object_not_present": false}, "P284--sunglasses--clutter--iAoDDE2gD10TgEwzXD2xTLYt6gvv62-FcEw5uDMhguU-00370.jpg": {"object_bounding_box": {"x": 465, "y": 183, "w": 194, "h": 372}, "object_not_present": false}, "P284--sunglasses--clutter--iAoDDE2gD10TgEwzXD2xTLYt6gvv62-FcEw5uDMhguU-00371.jpg": {"object_bounding_box": {"x": 461, "y": 189, "w": 191, "h": 369}, "object_not_present": false}, "P284--sunglasses--clutter--iAoDDE2gD10TgEwzXD2xTLYt6gvv62-FcEw5uDMhguU-00372.jpg": {"object_bounding_box": {"x": 457, "y": 190, "w": 193, "h": 372}, "object_not_present": false}, "P284--sunglasses--clutter--iAoDDE2gD10TgEwzXD2xTLYt6gvv62-FcEw5uDMhguU-00373.jpg": {"object_bounding_box": {"x": 453, "y": 190, "w": 193, "h": 372}, "object_not_present": false}, "P284--sunglasses--clutter--iAoDDE2gD10TgEwzXD2xTLYt6gvv62-FcEw5uDMhguU-00374.jpg": {"object_bounding_box": {"x": 453, "y": 184, "w": 192, "h": 369}, "object_not_present": false}, "P284--sunglasses--clutter--iAoDDE2gD10TgEwzXD2xTLYt6gvv62-FcEw5uDMhguU-00375.jpg": {"object_bounding_box": {"x": 456, "y": 180, "w": 190, "h": 372}, "object_not_present": false}, "P284--sunglasses--clutter--iAoDDE2gD10TgEwzXD2xTLYt6gvv62-FcEw5uDMhguU-00376.jpg": {"object_bounding_box": {"x": 455, "y": 185, "w": 192, "h": 370}, "object_not_present": false}, "P284--sunglasses--clutter--iAoDDE2gD10TgEwzXD2xTLYt6gvv62-FcEw5uDMhguU-00377.jpg": {"object_bounding_box": {"x": 451, "y": 183, "w": 190, "h": 372}, "object_not_present": false}, "P284--sunglasses--clutter--iAoDDE2gD10TgEwzXD2xTLYt6gvv62-FcEw5uDMhguU-00378.jpg": {"object_bounding_box": {"x": 454, "y": 175, "w": 191, "h": 372}, "object_not_present": false}, "P284--sunglasses--clutter--iAoDDE2gD10TgEwzXD2xTLYt6gvv62-FcEw5uDMhguU-00379.jpg": {"object_bounding_box": {"x": 453, "y": 178, "w": 192, "h": 369}, "object_not_present": false}, "P284--sunglasses--clutter--iAoDDE2gD10TgEwzXD2xTLYt6gvv62-FcEw5uDMhguU-00380.jpg": {"object_bounding_box": {"x": 449, "y": 181, "w": 191, "h": 372}, "object_not_present": false}, "P284--sunglasses--clutter--iAoDDE2gD10TgEwzXD2xTLYt6gvv62-FcEw5uDMhguU-00381.jpg": {"object_bounding_box": {"x": 446, "y": 181, "w": 198, "h": 372}, "object_not_present": false}, "P284--sunglasses--clutter--iAoDDE2gD10TgEwzXD2xTLYt6gvv62-FcEw5uDMhguU-00382.jpg": {"object_bounding_box": {"x": 447, "y": 182, "w": 193, "h": 372}, "object_not_present": false}, "P284--sunglasses--clutter--iAoDDE2gD10TgEwzXD2xTLYt6gvv62-FcEw5uDMhguU-00383.jpg": {"object_bounding_box": {"x": 445, "y": 186, "w": 191, "h": 372}, "object_not_present": false}, "P284--sunglasses--clutter--iAoDDE2gD10TgEwzXD2xTLYt6gvv62-FcEw5uDMhguU-00384.jpg": {"object_bounding_box": {"x": 445, "y": 184, "w": 190, "h": 372}, "object_not_present": false}, "P284--sunglasses--clutter--iAoDDE2gD10TgEwzXD2xTLYt6gvv62-FcEw5uDMhguU-00385.jpg": {"object_bounding_box": {"x": 446, "y": 185, "w": 196, "h": 372}, "object_not_present": false}, "P284--sunglasses--clutter--iAoDDE2gD10TgEwzXD2xTLYt6gvv62-FcEw5uDMhguU-00386.jpg": {"object_bounding_box": {"x": 444, "y": 190, "w": 198, "h": 373}, "object_not_present": false}, "P284--sunglasses--clutter--iAoDDE2gD10TgEwzXD2xTLYt6gvv62-FcEw5uDMhguU-00387.jpg": {"object_bounding_box": {"x": 445, "y": 191, "w": 195, "h": 372}, "object_not_present": false}, "P284--sunglasses--clutter--iAoDDE2gD10TgEwzXD2xTLYt6gvv62-FcEw5uDMhguU-00388.jpg": {"object_bounding_box": {"x": 446, "y": 188, "w": 196, "h": 372}, "object_not_present": false}, "P284--sunglasses--clutter--iAoDDE2gD10TgEwzXD2xTLYt6gvv62-FcEw5uDMhguU-00389.jpg": {"object_bounding_box": {"x": 444, "y": 188, "w": 193, "h": 372}, "object_not_present": false}, "P284--sunglasses--clutter--iAoDDE2gD10TgEwzXD2xTLYt6gvv62-FcEw5uDMhguU-00390.jpg": {"object_bounding_box": {"x": 443, "y": 190, "w": 193, "h": 372}, "object_not_present": false}, "P284--sunglasses--clutter--iAoDDE2gD10TgEwzXD2xTLYt6gvv62-FcEw5uDMhguU-00391.jpg": {"object_bounding_box": {"x": 444, "y": 190, "w": 195, "h": 372}, "object_not_present": false}, "P284--sunglasses--clutter--iAoDDE2gD10TgEwzXD2xTLYt6gvv62-FcEw5uDMhguU-00392.jpg": {"object_bounding_box": {"x": 443, "y": 191, "w": 194, "h": 372}, "object_not_present": false}, "P284--sunglasses--clutter--iAoDDE2gD10TgEwzXD2xTLYt6gvv62-FcEw5uDMhguU-00393.jpg": {"object_bounding_box": {"x": 444, "y": 191, "w": 194, "h": 373}, "object_not_present": false}, "P284--sunglasses--clutter--iAoDDE2gD10TgEwzXD2xTLYt6gvv62-FcEw5uDMhguU-00394.jpg": {"object_bounding_box": {"x": 444, "y": 188, "w": 196, "h": 372}, "object_not_present": false}, "P284--sunglasses--clutter--iAoDDE2gD10TgEwzXD2xTLYt6gvv62-FcEw5uDMhguU-00395.jpg": {"object_bounding_box": {"x": 445, "y": 190, "w": 193, "h": 373}, "object_not_present": false}, "P284--sunglasses--clutter--iAoDDE2gD10TgEwzXD2xTLYt6gvv62-FcEw5uDMhguU-00396.jpg": {"object_bounding_box": {"x": 444, "y": 191, "w": 194, "h": 372}, "object_not_present": false}, "P284--sunglasses--clutter--iAoDDE2gD10TgEwzXD2xTLYt6gvv62-FcEw5uDMhguU-00397.jpg": {"object_bounding_box": {"x": 446, "y": 183, "w": 194, "h": 372}, "object_not_present": false}, "P284--sunglasses--clutter--iAoDDE2gD10TgEwzXD2xTLYt6gvv62-FcEw5uDMhguU-00398.jpg": {"object_bounding_box": {"x": 448, "y": 183, "w": 195, "h": 374}, "object_not_present": false}, "P284--sunglasses--clutter--iAoDDE2gD10TgEwzXD2xTLYt6gvv62-FcEw5uDMhguU-00399.jpg": {"object_bounding_box": {"x": 446, "y": 190, "w": 195, "h": 372}, "object_not_present": false}, "P284--sunglasses--clutter--iAoDDE2gD10TgEwzXD2xTLYt6gvv62-FcEw5uDMhguU-00400.jpg": {"object_bounding_box": {"x": 445, "y": 185, "w": 195, "h": 374}, "object_not_present": false}, "P284--sunglasses--clutter--iAoDDE2gD10TgEwzXD2xTLYt6gvv62-FcEw5uDMhguU-00401.jpg": {"object_bounding_box": {"x": 452, "y": 176, "w": 193, "h": 375}, "object_not_present": false}, "P284--sunglasses--clutter--iAoDDE2gD10TgEwzXD2xTLYt6gvv62-FcEw5uDMhguU-00402.jpg": {"object_bounding_box": {"x": 452, "y": 179, "w": 191, "h": 373}, "object_not_present": false}, "P284--sunglasses--clutter--iAoDDE2gD10TgEwzXD2xTLYt6gvv62-FcEw5uDMhguU-00403.jpg": {"object_bounding_box": {"x": 449, "y": 191, "w": 195, "h": 372}, "object_not_present": false}, "P284--sunglasses--clutter--iAoDDE2gD10TgEwzXD2xTLYt6gvv62-FcEw5uDMhguU-00404.jpg": {"object_bounding_box": {"x": 448, "y": 182, "w": 199, "h": 375}, "object_not_present": false}, "P284--sunglasses--clutter--iAoDDE2gD10TgEwzXD2xTLYt6gvv62-FcEw5uDMhguU-00405.jpg": {"object_bounding_box": {"x": 453, "y": 176, "w": 197, "h": 375}, "object_not_present": false}, "P284--sunglasses--clutter--iAoDDE2gD10TgEwzXD2xTLYt6gvv62-FcEw5uDMhguU-00406.jpg": {"object_bounding_box": {"x": 451, "y": 181, "w": 194, "h": 374}, "object_not_present": false}, "P284--sunglasses--clutter--iAoDDE2gD10TgEwzXD2xTLYt6gvv62-FcEw5uDMhguU-00407.jpg": {"object_bounding_box": {"x": 452, "y": 181, "w": 193, "h": 375}, "object_not_present": false}, "P284--sunglasses--clutter--iAoDDE2gD10TgEwzXD2xTLYt6gvv62-FcEw5uDMhguU-00408.jpg": {"object_bounding_box": {"x": 455, "y": 175, "w": 194, "h": 377}, "object_not_present": false}, "P284--sunglasses--clutter--iAoDDE2gD10TgEwzXD2xTLYt6gvv62-FcEw5uDMhguU-00409.jpg": {"object_bounding_box": {"x": 457, "y": 175, "w": 196, "h": 375}, "object_not_present": false}, "P284--sunglasses--clutter--iAoDDE2gD10TgEwzXD2xTLYt6gvv62-FcEw5uDMhguU-00410.jpg": {"object_bounding_box": {"x": 457, "y": 178, "w": 196, "h": 375}, "object_not_present": false}, "P284--sunglasses--clutter--iAoDDE2gD10TgEwzXD2xTLYt6gvv62-FcEw5uDMhguU-00411.jpg": {"object_bounding_box": {"x": 457, "y": 180, "w": 195, "h": 375}, "object_not_present": false}, "P284--sunglasses--clutter--iAoDDE2gD10TgEwzXD2xTLYt6gvv62-FcEw5uDMhguU-00412.jpg": {"object_bounding_box": {"x": 460, "y": 176, "w": 196, "h": 375}, "object_not_present": false}, "P284--sunglasses--clutter--iAoDDE2gD10TgEwzXD2xTLYt6gvv62-FcEw5uDMhguU-00413.jpg": {"object_bounding_box": {"x": 460, "y": 178, "w": 195, "h": 375}, "object_not_present": false}, "P284--sunglasses--clutter--iAoDDE2gD10TgEwzXD2xTLYt6gvv62-FcEw5uDMhguU-00414.jpg": {"object_bounding_box": {"x": 459, "y": 183, "w": 196, "h": 375}, "object_not_present": false}, "P284--sunglasses--clutter--iAoDDE2gD10TgEwzXD2xTLYt6gvv62-FcEw5uDMhguU-00415.jpg": {"object_bounding_box": {"x": 461, "y": 182, "w": 193, "h": 375}, "object_not_present": false}, "P284--sunglasses--clutter--iAoDDE2gD10TgEwzXD2xTLYt6gvv62-FcEw5uDMhguU-00416.jpg": {"object_bounding_box": {"x": 462, "y": 177, "w": 196, "h": 376}, "object_not_present": false}, "P284--sunglasses--clutter--iAoDDE2gD10TgEwzXD2xTLYt6gvv62-FcEw5uDMhguU-00417.jpg": {"object_bounding_box": {"x": 464, "y": 178, "w": 197, "h": 375}, "object_not_present": false}, "P284--sunglasses--clutter--iAoDDE2gD10TgEwzXD2xTLYt6gvv62-FcEw5uDMhguU-00418.jpg": {"object_bounding_box": {"x": 464, "y": 183, "w": 195, "h": 375}, "object_not_present": false}, "P284--sunglasses--clutter--iAoDDE2gD10TgEwzXD2xTLYt6gvv62-FcEw5uDMhguU-00419.jpg": {"object_bounding_box": {"x": 467, "y": 180, "w": 199, "h": 375}, "object_not_present": false}, "P284--sunglasses--clutter--iAoDDE2gD10TgEwzXD2xTLYt6gvv62-FcEw5uDMhguU-00420.jpg": {"object_bounding_box": {"x": 468, "y": 175, "w": 197, "h": 375}, "object_not_present": false}, "P284--sunglasses--clutter--iAoDDE2gD10TgEwzXD2xTLYt6gvv62-FcEw5uDMhguU-00421.jpg": {"object_bounding_box": {"x": 470, "y": 176, "w": 199, "h": 375}, "object_not_present": false}, "P284--sunglasses--clutter--iAoDDE2gD10TgEwzXD2xTLYt6gvv62-FcEw5uDMhguU-00422.jpg": {"object_bounding_box": {"x": 471, "y": 180, "w": 197, "h": 375}, "object_not_present": false}, "P284--sunglasses--clutter--iAoDDE2gD10TgEwzXD2xTLYt6gvv62-FcEw5uDMhguU-00423.jpg": {"object_bounding_box": {"x": 470, "y": 183, "w": 198, "h": 373}, "object_not_present": false}, "P284--sunglasses--clutter--iAoDDE2gD10TgEwzXD2xTLYt6gvv62-FcEw5uDMhguU-00424.jpg": {"object_bounding_box": {"x": 470, "y": 179, "w": 199, "h": 375}, "object_not_present": false}, "P284--sunglasses--clutter--iAoDDE2gD10TgEwzXD2xTLYt6gvv62-FcEw5uDMhguU-00425.jpg": {"object_bounding_box": {"x": 470, "y": 175, "w": 199, "h": 375}, "object_not_present": false}, "P284--sunglasses--clutter--iAoDDE2gD10TgEwzXD2xTLYt6gvv62-FcEw5uDMhguU-00426.jpg": {"object_bounding_box": {"x": 471, "y": 177, "w": 196, "h": 375}, "object_not_present": false}, "P284--sunglasses--clutter--iAoDDE2gD10TgEwzXD2xTLYt6gvv62-FcEw5uDMhguU-00427.jpg": {"object_bounding_box": {"x": 470, "y": 182, "w": 196, "h": 377}, "object_not_present": false}, "P284--sunglasses--clutter--iAoDDE2gD10TgEwzXD2xTLYt6gvv62-FcEw5uDMhguU-00428.jpg": {"object_bounding_box": {"x": 470, "y": 179, "w": 194, "h": 375}, "object_not_present": false}, "P284--sunglasses--clutter--iAoDDE2gD10TgEwzXD2xTLYt6gvv62-FcEw5uDMhguU-00429.jpg": {"object_bounding_box": {"x": 474, "y": 175, "w": 194, "h": 375}, "object_not_present": false}, "P284--sunglasses--clutter--iAoDDE2gD10TgEwzXD2xTLYt6gvv62-FcEw5uDMhguU-00430.jpg": {"object_bounding_box": {"x": 472, "y": 182, "w": 193, "h": 373}, "object_not_present": false}, "P284--sunglasses--clutter--iAoDDE2gD10TgEwzXD2xTLYt6gvv62-FcEw5uDMhguU-00431.jpg": {"object_bounding_box": {"x": 474, "y": 185, "w": 193, "h": 375}, "object_not_present": false}, "P284--sunglasses--clutter--iAoDDE2gD10TgEwzXD2xTLYt6gvv62-FcEw5uDMhguU-00432.jpg": {"object_bounding_box": {"x": 478, "y": 180, "w": 195, "h": 376}, "object_not_present": false}, "P284--sunglasses--clutter--iAoDDE2gD10TgEwzXD2xTLYt6gvv62-FcEw5uDMhguU-00433.jpg": {"object_bounding_box": {"x": 478, "y": 178, "w": 197, "h": 376}, "object_not_present": false}, "P284--sunglasses--clutter--iAoDDE2gD10TgEwzXD2xTLYt6gvv62-FcEw5uDMhguU-00434.jpg": {"object_bounding_box": {"x": 479, "y": 180, "w": 198, "h": 377}, "object_not_present": false}, "P284--sunglasses--clutter--iAoDDE2gD10TgEwzXD2xTLYt6gvv62-FcEw5uDMhguU-00435.jpg": {"object_bounding_box": {"x": 479, "y": 181, "w": 196, "h": 376}, "object_not_present": false}, "P284--sunglasses--clutter--iAoDDE2gD10TgEwzXD2xTLYt6gvv62-FcEw5uDMhguU-00436.jpg": {"object_bounding_box": {"x": 479, "y": 178, "w": 197, "h": 376}, "object_not_present": false}, "P284--sunglasses--clutter--iAoDDE2gD10TgEwzXD2xTLYt6gvv62-FcEw5uDMhguU-00437.jpg": {"object_bounding_box": {"x": 478, "y": 177, "w": 199, "h": 376}, "object_not_present": false}, "P284--sunglasses--clutter--iAoDDE2gD10TgEwzXD2xTLYt6gvv62-FcEw5uDMhguU-00438.jpg": {"object_bounding_box": {"x": 478, "y": 176, "w": 198, "h": 375}, "object_not_present": false}, "P284--sunglasses--clutter--iAoDDE2gD10TgEwzXD2xTLYt6gvv62-FcEw5uDMhguU-00439.jpg": {"object_bounding_box": {"x": 479, "y": 178, "w": 199, "h": 375}, "object_not_present": false}, "P284--sunglasses--clutter--iAoDDE2gD10TgEwzXD2xTLYt6gvv62-FcEw5uDMhguU-00440.jpg": {"object_bounding_box": {"x": 478, "y": 181, "w": 196, "h": 375}, "object_not_present": false}, "P284--sunglasses--clutter--iAoDDE2gD10TgEwzXD2xTLYt6gvv62-FcEw5uDMhguU-00441.jpg": {"object_bounding_box": {"x": 475, "y": 183, "w": 194, "h": 375}, "object_not_present": false}, "P284--sunglasses--clutter--iAoDDE2gD10TgEwzXD2xTLYt6gvv62-FcEw5uDMhguU-00442.jpg": {"object_bounding_box": {"x": 475, "y": 185, "w": 195, "h": 375}, "object_not_present": false}, "P284--sunglasses--clutter--iAoDDE2gD10TgEwzXD2xTLYt6gvv62-FcEw5uDMhguU-00443.jpg": {"object_bounding_box": {"x": 472, "y": 185, "w": 195, "h": 375}, "object_not_present": false}, "P284--sunglasses--clutter--iAoDDE2gD10TgEwzXD2xTLYt6gvv62-FcEw5uDMhguU-00444.jpg": {"object_bounding_box": {"x": 472, "y": 182, "w": 196, "h": 375}, "object_not_present": false}, "P284--sunglasses--clutter--iAoDDE2gD10TgEwzXD2xTLYt6gvv62-FcEw5uDMhguU-00445.jpg": {"object_bounding_box": {"x": 472, "y": 184, "w": 193, "h": 375}, "object_not_present": false}, "P284--sunglasses--clutter--iAoDDE2gD10TgEwzXD2xTLYt6gvv62-FcEw5uDMhguU-00446.jpg": {"object_bounding_box": {"x": 471, "y": 186, "w": 195, "h": 375}, "object_not_present": false}, "P284--sunglasses--clutter--iAoDDE2gD10TgEwzXD2xTLYt6gvv62-FcEw5uDMhguU-00447.jpg": {"object_bounding_box": {"x": 469, "y": 184, "w": 195, "h": 375}, "object_not_present": false}, "P284--sunglasses--clutter--iAoDDE2gD10TgEwzXD2xTLYt6gvv62-FcEw5uDMhguU-00448.jpg": {"object_bounding_box": {"x": 470, "y": 182, "w": 196, "h": 375}, "object_not_present": false}, "P284--sunglasses--clutter--iAoDDE2gD10TgEwzXD2xTLYt6gvv62-FcEw5uDMhguU-00449.jpg": {"object_bounding_box": {"x": 472, "y": 180, "w": 195, "h": 375}, "object_not_present": false}, "P284--sunglasses--clutter--iAoDDE2gD10TgEwzXD2xTLYt6gvv62-FcEw5uDMhguU-00450.jpg": {"object_bounding_box": {"x": 470, "y": 189, "w": 192, "h": 374}, "object_not_present": false}, "P284--sunglasses--clutter--iAoDDE2gD10TgEwzXD2xTLYt6gvv62-FcEw5uDMhguU-00451.jpg": {"object_bounding_box": {"x": 468, "y": 187, "w": 196, "h": 373}, "object_not_present": false}, "P284--sunglasses--clutter--iAoDDE2gD10TgEwzXD2xTLYt6gvv62-FcEw5uDMhguU-00452.jpg": {"object_bounding_box": {"x": 470, "y": 178, "w": 194, "h": 375}, "object_not_present": false}, "P284--sunglasses--clutter--iAoDDE2gD10TgEwzXD2xTLYt6gvv62-FcEw5uDMhguU-00453.jpg": {"object_bounding_box": {"x": 469, "y": 183, "w": 191, "h": 374}, "object_not_present": false}, "P284--sunglasses--clutter--iAoDDE2gD10TgEwzXD2xTLYt6gvv62-FcEw5uDMhguU-00454.jpg": {"object_bounding_box": {"x": 465, "y": 191, "w": 191, "h": 375}, "object_not_present": false}, "P284--sunglasses--clutter--iAoDDE2gD10TgEwzXD2xTLYt6gvv62-FcEw5uDMhguU-00455.jpg": {"object_bounding_box": {"x": 466, "y": 187, "w": 189, "h": 375}, "object_not_present": false}, "P284--sunglasses--clutter--iAoDDE2gD10TgEwzXD2xTLYt6gvv62-FcEw5uDMhguU-00456.jpg": {"object_bounding_box": {"x": 471, "y": 183, "w": 194, "h": 375}, "object_not_present": false}, "P284--sunglasses--clutter--iAoDDE2gD10TgEwzXD2xTLYt6gvv62-FcEw5uDMhguU-00457.jpg": {"object_bounding_box": {"x": 466, "y": 192, "w": 192, "h": 372}, "object_not_present": false}, "P284--sunglasses--clutter--iAoDDE2gD10TgEwzXD2xTLYt6gvv62-FcEw5uDMhguU-00458.jpg": {"object_bounding_box": {"x": 466, "y": 190, "w": 191, "h": 374}, "object_not_present": false}, "P284--sunglasses--clutter--iAoDDE2gD10TgEwzXD2xTLYt6gvv62-FcEw5uDMhguU-00459.jpg": {"object_bounding_box": {"x": 469, "y": 185, "w": 195, "h": 376}, "object_not_present": false}, "P284--sunglasses--clutter--iAoDDE2gD10TgEwzXD2xTLYt6gvv62-FcEw5uDMhguU-00460.jpg": {"object_bounding_box": {"x": 466, "y": 195, "w": 193, "h": 373}, "object_not_present": false}, "P284--sunglasses--clutter--iAoDDE2gD10TgEwzXD2xTLYt6gvv62-FcEw5uDMhguU-00461.jpg": {"object_bounding_box": {"x": 463, "y": 200, "w": 193, "h": 374}, "object_not_present": false}, "P284--sunglasses--clutter--iAoDDE2gD10TgEwzXD2xTLYt6gvv62-FcEw5uDMhguU-00462.jpg": {"object_bounding_box": {"x": 464, "y": 190, "w": 193, "h": 374}, "object_not_present": false}, "P284--sunglasses--clutter--iAoDDE2gD10TgEwzXD2xTLYt6gvv62-FcEw5uDMhguU-00463.jpg": {"object_bounding_box": {"x": 461, "y": 185, "w": 194, "h": 376}, "object_not_present": false}, "P284--sunglasses--clutter--iAoDDE2gD10TgEwzXD2xTLYt6gvv62-FcEw5uDMhguU-00464.jpg": {"object_bounding_box": {"x": 460, "y": 185, "w": 195, "h": 378}, "object_not_present": false}, "P284--sunglasses--clutter--iAoDDE2gD10TgEwzXD2xTLYt6gvv62-FcEw5uDMhguU-00465.jpg": {"object_bounding_box": {"x": 460, "y": 189, "w": 194, "h": 375}, "object_not_present": false}, "P284--sunglasses--clutter--iAoDDE2gD10TgEwzXD2xTLYt6gvv62-FcEw5uDMhguU-00466.jpg": {"object_bounding_box": {"x": 459, "y": 189, "w": 196, "h": 376}, "object_not_present": false}, "P284--sunglasses--clutter--iAoDDE2gD10TgEwzXD2xTLYt6gvv62-FcEw5uDMhguU-00467.jpg": {"object_bounding_box": {"x": 457, "y": 191, "w": 194, "h": 376}, "object_not_present": false}, "P284--sunglasses--clutter--iAoDDE2gD10TgEwzXD2xTLYt6gvv62-FcEw5uDMhguU-00468.jpg": {"object_bounding_box": {"x": 457, "y": 189, "w": 195, "h": 377}, "object_not_present": false}, "P284--sunglasses--clutter--iAoDDE2gD10TgEwzXD2xTLYt6gvv62-FcEw5uDMhguU-00469.jpg": {"object_bounding_box": {"x": 456, "y": 188, "w": 195, "h": 378}, "object_not_present": false}, "P284--sunglasses--clutter--iAoDDE2gD10TgEwzXD2xTLYt6gvv62-FcEw5uDMhguU-00470.jpg": {"object_bounding_box": {"x": 455, "y": 195, "w": 195, "h": 375}, "object_not_present": false}, "P284--sunglasses--clutter--iAoDDE2gD10TgEwzXD2xTLYt6gvv62-FcEw5uDMhguU-00471.jpg": {"object_bounding_box": {"x": 454, "y": 197, "w": 196, "h": 375}, "object_not_present": false}, "P284--sunglasses--clutter--iAoDDE2gD10TgEwzXD2xTLYt6gvv62-FcEw5uDMhguU-00472.jpg": {"object_bounding_box": {"x": 455, "y": 192, "w": 195, "h": 377}, "object_not_present": false}, "P284--sunglasses--clutter--iAoDDE2gD10TgEwzXD2xTLYt6gvv62-FcEw5uDMhguU-00473.jpg": {"object_bounding_box": {"x": 455, "y": 196, "w": 195, "h": 374}, "object_not_present": false}, "P284--sunglasses--clutter--iAoDDE2gD10TgEwzXD2xTLYt6gvv62-FcEw5uDMhguU-00474.jpg": {"object_bounding_box": {"x": 455, "y": 195, "w": 192, "h": 375}, "object_not_present": false}, "P284--sunglasses--clutter--iAoDDE2gD10TgEwzXD2xTLYt6gvv62-FcEw5uDMhguU-00475.jpg": {"object_bounding_box": {"x": 454, "y": 195, "w": 196, "h": 377}, "object_not_present": false}, "P284--sunglasses--clutter--iAoDDE2gD10TgEwzXD2xTLYt6gvv62-FcEw5uDMhguU-00476.jpg": {"object_bounding_box": {"x": 455, "y": 195, "w": 194, "h": 376}, "object_not_present": false}, "P284--sunglasses--clutter--iAoDDE2gD10TgEwzXD2xTLYt6gvv62-FcEw5uDMhguU-00477.jpg": {"object_bounding_box": {"x": 460, "y": 190, "w": 194, "h": 373}, "object_not_present": false}, "P284--sunglasses--clutter--iAoDDE2gD10TgEwzXD2xTLYt6gvv62-FcEw5uDMhguU-00478.jpg": {"object_bounding_box": {"x": 472, "y": 179, "w": 197, "h": 375}, "object_not_present": false}, "P284--sunglasses--clutter--iAoDDE2gD10TgEwzXD2xTLYt6gvv62-FcEw5uDMhguU-00479.jpg": {"object_bounding_box": {"x": 478, "y": 179, "w": 200, "h": 375}, "object_not_present": false}, "P284--sunglasses--clutter--iAoDDE2gD10TgEwzXD2xTLYt6gvv62-FcEw5uDMhguU-00480.jpg": {"object_bounding_box": {"x": 466, "y": 191, "w": 196, "h": 373}, "object_not_present": false}, "P284--sunglasses--clutter--iAoDDE2gD10TgEwzXD2xTLYt6gvv62-FcEw5uDMhguU-00481.jpg": {"object_bounding_box": {"x": 457, "y": 195, "w": 198, "h": 374}, "object_not_present": false}, "P284--sunglasses--clutter--iAoDDE2gD10TgEwzXD2xTLYt6gvv62-FcEw5uDMhguU-00482.jpg": {"object_bounding_box": {"x": 476, "y": 180, "w": 201, "h": 372}, "object_not_present": false}, "P284--sunglasses--clutter--iAoDDE2gD10TgEwzXD2xTLYt6gvv62-FcEw5uDMhguU-00483.jpg": {"object_bounding_box": {"x": 497, "y": 161, "w": 195, "h": 378}, "object_not_present": false}, "P284--sunglasses--clutter--iAoDDE2gD10TgEwzXD2xTLYt6gvv62-FcEw5uDMhguU-00484.jpg": {"object_bounding_box": {"x": 497, "y": 162, "w": 199, "h": 377}, "object_not_present": false}, "P284--sunglasses--clutter--iAoDDE2gD10TgEwzXD2xTLYt6gvv62-FcEw5uDMhguU-00485.jpg": {"object_bounding_box": {"x": 496, "y": 163, "w": 206, "h": 382}, "object_not_present": false}, "P284--sunglasses--clutter--iAoDDE2gD10TgEwzXD2xTLYt6gvv62-FcEw5uDMhguU-00486.jpg": {"object_bounding_box": {"x": 499, "y": 167, "w": 202, "h": 378}, "object_not_present": false}, "P284--sunglasses--clutter--iAoDDE2gD10TgEwzXD2xTLYt6gvv62-FcEw5uDMhguU-00487.jpg": {"object_bounding_box": {"x": 497, "y": 167, "w": 206, "h": 380}, "object_not_present": false}, "P284--sunglasses--clutter--iAoDDE2gD10TgEwzXD2xTLYt6gvv62-FcEw5uDMhguU-00488.jpg": {"object_bounding_box": {"x": 496, "y": 175, "w": 204, "h": 375}, "object_not_present": false}, "P284--sunglasses--clutter--iAoDDE2gD10TgEwzXD2xTLYt6gvv62-FcEw5uDMhguU-00489.jpg": {"object_bounding_box": {"x": 493, "y": 182, "w": 205, "h": 376}, "object_not_present": false}, "P284--sunglasses--clutter--iAoDDE2gD10TgEwzXD2xTLYt6gvv62-FcEw5uDMhguU-00490.jpg": {"object_bounding_box": {"x": 493, "y": 184, "w": 202, "h": 376}, "object_not_present": false}, "P284--sunglasses--clutter--iAoDDE2gD10TgEwzXD2xTLYt6gvv62-FcEw5uDMhguU-00491.jpg": {"object_bounding_box": {"x": 495, "y": 178, "w": 204, "h": 378}, "object_not_present": false}, "P284--sunglasses--clutter--iAoDDE2gD10TgEwzXD2xTLYt6gvv62-FcEw5uDMhguU-00492.jpg": {"object_bounding_box": {"x": 495, "y": 178, "w": 201, "h": 377}, "object_not_present": false}, "P284--sunglasses--clutter--iAoDDE2gD10TgEwzXD2xTLYt6gvv62-FcEw5uDMhguU-00493.jpg": {"object_bounding_box": {"x": 495, "y": 177, "w": 205, "h": 379}, "object_not_present": false}, "P284--sunglasses--clutter--iAoDDE2gD10TgEwzXD2xTLYt6gvv62-FcEw5uDMhguU-00494.jpg": {"object_bounding_box": {"x": 495, "y": 181, "w": 205, "h": 378}, "object_not_present": false}, "P284--sunglasses--clutter--iAoDDE2gD10TgEwzXD2xTLYt6gvv62-FcEw5uDMhguU-00495.jpg": {"object_bounding_box": {"x": 496, "y": 182, "w": 204, "h": 378}, "object_not_present": false}, "P284--sunglasses--clutter--iAoDDE2gD10TgEwzXD2xTLYt6gvv62-FcEw5uDMhguU-00496.jpg": {"object_bounding_box": {"x": 494, "y": 182, "w": 202, "h": 377}, "object_not_present": false}, "P284--sunglasses--clutter--iAoDDE2gD10TgEwzXD2xTLYt6gvv62-FcEw5uDMhguU-00497.jpg": {"object_bounding_box": {"x": 492, "y": 186, "w": 203, "h": 378}, "object_not_present": false}, "P284--sunglasses--clutter--iAoDDE2gD10TgEwzXD2xTLYt6gvv62-FcEw5uDMhguU-00498.jpg": {"object_bounding_box": {"x": 493, "y": 187, "w": 200, "h": 378}, "object_not_present": false}, "P284--sunglasses--clutter--iAoDDE2gD10TgEwzXD2xTLYt6gvv62-FcEw5uDMhguU-00499.jpg": {"object_bounding_box": {"x": 494, "y": 187, "w": 200, "h": 377}, "object_not_present": false}, "P284--sunglasses--clutter--iAoDDE2gD10TgEwzXD2xTLYt6gvv62-FcEw5uDMhguU-00500.jpg": {"object_bounding_box": {"x": 494, "y": 193, "w": 199, "h": 377}, "object_not_present": false}, "P284--sunglasses--clutter--iAoDDE2gD10TgEwzXD2xTLYt6gvv62-FcEw5uDMhguU-00501.jpg": {"object_bounding_box": {"x": 493, "y": 191, "w": 199, "h": 376}, "object_not_present": false}, "P284--sunglasses--clutter--iAoDDE2gD10TgEwzXD2xTLYt6gvv62-FcEw5uDMhguU-00502.jpg": {"object_bounding_box": {"x": 494, "y": 186, "w": 203, "h": 378}, "object_not_present": false}, "P284--sunglasses--clutter--iAoDDE2gD10TgEwzXD2xTLYt6gvv62-FcEw5uDMhguU-00503.jpg": {"object_bounding_box": {"x": 494, "y": 184, "w": 201, "h": 378}, "object_not_present": false}, "P284--sunglasses--clutter--iAoDDE2gD10TgEwzXD2xTLYt6gvv62-FcEw5uDMhguU-00504.jpg": {"object_bounding_box": {"x": 494, "y": 182, "w": 203, "h": 379}, "object_not_present": false}, "P284--sunglasses--clutter--iAoDDE2gD10TgEwzXD2xTLYt6gvv62-FcEw5uDMhguU-00505.jpg": {"object_bounding_box": {"x": 492, "y": 182, "w": 204, "h": 379}, "object_not_present": false}, "P284--sunglasses--clutter--iAoDDE2gD10TgEwzXD2xTLYt6gvv62-FcEw5uDMhguU-00506.jpg": {"object_bounding_box": {"x": 495, "y": 175, "w": 201, "h": 378}, "object_not_present": false}, "P284--sunglasses--clutter--iAoDDE2gD10TgEwzXD2xTLYt6gvv62-FcEw5uDMhguU-00507.jpg": {"object_bounding_box": {"x": 497, "y": 170, "w": 203, "h": 381}, "object_not_present": false}, "P284--sunglasses--clutter--iAoDDE2gD10TgEwzXD2xTLYt6gvv62-FcEw5uDMhguU-00508.jpg": {"object_bounding_box": {"x": 505, "y": 174, "w": 200, "h": 379}, "object_not_present": false}, "P284--sunglasses--clutter--iAoDDE2gD10TgEwzXD2xTLYt6gvv62-FcEw5uDMhguU-00509.jpg": {"object_bounding_box": {"x": 519, "y": 173, "w": 203, "h": 379}, "object_not_present": false}, "P284--sunglasses--clutter--iAoDDE2gD10TgEwzXD2xTLYt6gvv62-FcEw5uDMhguU-00510.jpg": {"object_bounding_box": {"x": 516, "y": 175, "w": 208, "h": 378}, "object_not_present": false}, "P284--sunglasses--clutter--iAoDDE2gD10TgEwzXD2xTLYt6gvv62-FcEw5uDMhguU-00511.jpg": {"object_bounding_box": {"x": 528, "y": 172, "w": 207, "h": 379}, "object_not_present": false}, "P284--sunglasses--clutter--iAoDDE2gD10TgEwzXD2xTLYt6gvv62-FcEw5uDMhguU-00512.jpg": {"object_bounding_box": {"x": 537, "y": 168, "w": 206, "h": 380}, "object_not_present": false}, "P284--sunglasses--clutter--iAoDDE2gD10TgEwzXD2xTLYt6gvv62-FcEw5uDMhguU-00513.jpg": {"object_bounding_box": {"x": 527, "y": 165, "w": 201, "h": 378}, "object_not_present": false}, "P284--sunglasses--clutter--iAoDDE2gD10TgEwzXD2xTLYt6gvv62-FcEw5uDMhguU-00514.jpg": {"object_bounding_box": {"x": 523, "y": 161, "w": 205, "h": 377}, "object_not_present": false}, "P284--sunglasses--clutter--iAoDDE2gD10TgEwzXD2xTLYt6gvv62-FcEw5uDMhguU-00515.jpg": {"object_bounding_box": {"x": 512, "y": 172, "w": 211, "h": 380}, "object_not_present": false}, "P284--sunglasses--clutter--iAoDDE2gD10TgEwzXD2xTLYt6gvv62-FcEw5uDMhguU-00516.jpg": {"object_bounding_box": {"x": 532, "y": 179, "w": 208, "h": 379}, "object_not_present": false}, "P284--sunglasses--clutter--iAoDDE2gD10TgEwzXD2xTLYt6gvv62-FcEw5uDMhguU-00517.jpg": {"object_bounding_box": {"x": 546, "y": 190, "w": 212, "h": 375}, "object_not_present": false}, "P284--sunglasses--clutter--iAoDDE2gD10TgEwzXD2xTLYt6gvv62-FcEw5uDMhguU-00518.jpg": {"object_bounding_box": {"x": 537, "y": 191, "w": 208, "h": 366}, "object_not_present": false}, "P284--sunglasses--clutter--iAoDDE2gD10TgEwzXD2xTLYt6gvv62-FcEw5uDMhguU-00519.jpg": {"object_bounding_box": {"x": 526, "y": 170, "w": 209, "h": 377}, "object_not_present": false}, "P284--sunglasses--clutter--iAoDDE2gD10TgEwzXD2xTLYt6gvv62-FcEw5uDMhguU-00520.jpg": {"object_bounding_box": {"x": 522, "y": 174, "w": 201, "h": 376}, "object_not_present": false}, "P284--sunglasses--clutter--iAoDDE2gD10TgEwzXD2xTLYt6gvv62-FcEw5uDMhguU-00521.jpg": {"object_bounding_box": {"x": 515, "y": 175, "w": 208, "h": 377}, "object_not_present": false}}