{"P400--cup-again--clutter--FwDwJNpbTNUhrZJTyeyadZVuxFEVsrWtgNpumhQi0q0-00001.jpg": {"object_bounding_box": {"x": 0, "y": 0, "w": 984, "h": 352}, "object_present": true}, "P400--cup-again--clutter--FwDwJNpbTNUhrZJTyeyadZVuxFEVsrWtgNpumhQi0q0-00002.jpg": {"object_bounding_box": {"x": 0, "y": 0, "w": 984, "h": 346}, "object_present": true}, "P400--cup-again--clutter--FwDwJNpbTNUhrZJTyeyadZVuxFEVsrWtgNpumhQi0q0-00003.jpg": {"object_bounding_box": {"x": 0, "y": 0, "w": 981, "h": 349}, "object_present": true}, "P400--cup-again--clutter--FwDwJNpbTNUhrZJTyeyadZVuxFEVsrWtgNpumhQi0q0-00004.jpg": {"object_bounding_box": {"x": 0, "y": 0, "w": 985, "h": 355}, "object_present": true}, "P400--cup-again--clutter--FwDwJNpbTNUhrZJTyeyadZVuxFEVsrWtgNpumhQi0q0-00005.jpg": {"object_bounding_box": {"x": 0, "y": 0, "w": 984, "h": 345}, "object_present": true}, "P400--cup-again--clutter--FwDwJNpbTNUhrZJTyeyadZVuxFEVsrWtgNpumhQi0q0-00006.jpg": {"object_bounding_box": {"x": 0, "y": 0, "w": 984, "h": 337}, "object_present": true}, "P400--cup-again--clutter--FwDwJNpbTNUhrZJTyeyadZVuxFEVsrWtgNpumhQi0q0-00007.jpg": {"object_bounding_box": {"x": 0, "y": 0, "w": 984, "h": 329}, "object_present": true}, "P400--cup-again--clutter--FwDwJNpbTNUhrZJTyeyadZVuxFEVsrWtgNpumhQi0q0-00008.jpg": {"object_bounding_box": {"x": 0, "y": 0, "w": 984, "h": 327}, "object_present": true}, "P400--cup-again--clutter--FwDwJNpbTNUhrZJTyeyadZVuxFEVsrWtgNpumhQi0q0-00009.jpg": {"object_bounding_box": {"x": 0, "y": 0, "w": 986, "h": 339}, "object_present": true}, "P400--cup-again--clutter--FwDwJNpbTNUhrZJTyeyadZVuxFEVsrWtgNpumhQi0q0-00010.jpg": {"object_bounding_box": {"x": 0, "y": 0, "w": 992, "h": 341}, "object_present": true}, "P400--cup-again--clutter--FwDwJNpbTNUhrZJTyeyadZVuxFEVsrWtgNpumhQi0q0-00011.jpg": {"object_bounding_box": {"x": 0, "y": 0, "w": 989, "h": 341}, "object_present": true}, "P400--cup-again--clutter--FwDwJNpbTNUhrZJTyeyadZVuxFEVsrWtgNpumhQi0q0-00012.jpg": {"object_bounding_box": {"x": 0, "y": 0, "w": 978, "h": 340}, "object_present": true}, "P400--cup-again--clutter--FwDwJNpbTNUhrZJTyeyadZVuxFEVsrWtgNpumhQi0q0-00013.jpg": {"object_bounding_box": {"x": 0, "y": 0, "w": 970, "h": 337}, "object_present": true}, "P400--cup-again--clutter--FwDwJNpbTNUhrZJTyeyadZVuxFEVsrWtgNpumhQi0q0-00014.jpg": {"object_bounding_box": {"x": 0, "y": 0, "w": 963, "h": 337}, "object_present": true}, "P400--cup-again--clutter--FwDwJNpbTNUhrZJTyeyadZVuxFEVsrWtgNpumhQi0q0-00015.jpg": {"object_bounding_box": {"x": 0, "y": 0, "w": 960, "h": 348}, "object_present": true}, "P400--cup-again--clutter--FwDwJNpbTNUhrZJTyeyadZVuxFEVsrWtgNpumhQi0q0-00016.jpg": {"object_bounding_box": {"x": 0, "y": 0, "w": 959, "h": 362}, "object_present": true}, "P400--cup-again--clutter--FwDwJNpbTNUhrZJTyeyadZVuxFEVsrWtgNpumhQi0q0-00017.jpg": {"object_bounding_box": {"x": 0, "y": 0, "w": 955, "h": 361}, "object_present": true}, "P400--cup-again--clutter--FwDwJNpbTNUhrZJTyeyadZVuxFEVsrWtgNpumhQi0q0-00018.jpg": {"object_bounding_box": {"x": 0, "y": 0, "w": 952, "h": 369}, "object_present": true}, "P400--cup-again--clutter--FwDwJNpbTNUhrZJTyeyadZVuxFEVsrWtgNpumhQi0q0-00019.jpg": {"object_bounding_box": {"x": 0, "y": 0, "w": 951, "h": 365}, "object_present": true}, "P400--cup-again--clutter--FwDwJNpbTNUhrZJTyeyadZVuxFEVsrWtgNpumhQi0q0-00020.jpg": {"object_bounding_box": {"x": 0, "y": 0, "w": 949, "h": 362}, "object_present": true}, "P400--cup-again--clutter--FwDwJNpbTNUhrZJTyeyadZVuxFEVsrWtgNpumhQi0q0-00021.jpg": {"object_bounding_box": {"x": 0, "y": 0, "w": 941, "h": 352}, "object_present": true}, "P400--cup-again--clutter--FwDwJNpbTNUhrZJTyeyadZVuxFEVsrWtgNpumhQi0q0-00022.jpg": {"object_bounding_box": {"x": 0, "y": 0, "w": 936, "h": 356}, "object_present": true}, "P400--cup-again--clutter--FwDwJNpbTNUhrZJTyeyadZVuxFEVsrWtgNpumhQi0q0-00023.jpg": {"object_bounding_box": {"x": 0, "y": 0, "w": 936, "h": 363}, "object_present": true}, "P400--cup-again--clutter--FwDwJNpbTNUhrZJTyeyadZVuxFEVsrWtgNpumhQi0q0-00024.jpg": {"object_bounding_box": {"x": 0, "y": 0, "w": 936, "h": 366}, "object_present": true}, "P400--cup-again--clutter--FwDwJNpbTNUhrZJTyeyadZVuxFEVsrWtgNpumhQi0q0-00025.jpg": {"object_bounding_box": {"x": 0, "y": 0, "w": 936, "h": 363}, "object_present": true}, "P400--cup-again--clutter--FwDwJNpbTNUhrZJTyeyadZVuxFEVsrWtgNpumhQi0q0-00026.jpg": {"object_bounding_box": {"x": 0, "y": 0, "w": 932, "h": 365}, "object_present": true}, "P400--cup-again--clutter--FwDwJNpbTNUhrZJTyeyadZVuxFEVsrWtgNpumhQi0q0-00027.jpg": {"object_bounding_box": {"x": 0, "y": 0, "w": 930, "h": 371}, "object_present": true}, "P400--cup-again--clutter--FwDwJNpbTNUhrZJTyeyadZVuxFEVsrWtgNpumhQi0q0-00028.jpg": {"object_bounding_box": {"x": 0, "y": 0, "w": 929, "h": 368}, "object_present": true}, "P400--cup-again--clutter--FwDwJNpbTNUhrZJTyeyadZVuxFEVsrWtgNpumhQi0q0-00029.jpg": {"object_bounding_box": {"x": 0, "y": 0, "w": 931, "h": 367}, "object_present": true}, "P400--cup-again--clutter--FwDwJNpbTNUhrZJTyeyadZVuxFEVsrWtgNpumhQi0q0-00030.jpg": {"object_bounding_box": {"x": 0, "y": 0, "w": 930, "h": 367}, "object_present": true}, "P400--cup-again--clutter--FwDwJNpbTNUhrZJTyeyadZVuxFEVsrWtgNpumhQi0q0-00031.jpg": {"object_bounding_box": {"x": 0, "y": 0, "w": 927, "h": 365}, "object_present": true}, "P400--cup-again--clutter--FwDwJNpbTNUhrZJTyeyadZVuxFEVsrWtgNpumhQi0q0-00032.jpg": {"object_bounding_box": {"x": 0, "y": 0, "w": 932, "h": 366}, "object_present": true}, "P400--cup-again--clutter--FwDwJNpbTNUhrZJTyeyadZVuxFEVsrWtgNpumhQi0q0-00033.jpg": {"object_bounding_box": {"x": 0, "y": 0, "w": 928, "h": 371}, "object_present": true}, "P400--cup-again--clutter--FwDwJNpbTNUhrZJTyeyadZVuxFEVsrWtgNpumhQi0q0-00034.jpg": {"object_bounding_box": {"x": 0, "y": 0, "w": 931, "h": 377}, "object_present": true}, "P400--cup-again--clutter--FwDwJNpbTNUhrZJTyeyadZVuxFEVsrWtgNpumhQi0q0-00035.jpg": {"object_bounding_box": {"x": 0, "y": 0, "w": 933, "h": 377}, "object_present": true}, "P400--cup-again--clutter--FwDwJNpbTNUhrZJTyeyadZVuxFEVsrWtgNpumhQi0q0-00036.jpg": {"object_bounding_box": {"x": 0, "y": 0, "w": 935, "h": 379}, "object_present": true}, "P400--cup-again--clutter--FwDwJNpbTNUhrZJTyeyadZVuxFEVsrWtgNpumhQi0q0-00037.jpg": {"object_bounding_box": {"x": 0, "y": 0, "w": 935, "h": 376}, "object_present": true}, "P400--cup-again--clutter--FwDwJNpbTNUhrZJTyeyadZVuxFEVsrWtgNpumhQi0q0-00038.jpg": {"object_bounding_box": {"x": 0, "y": 0, "w": 937, "h": 373}, "object_present": true}, "P400--cup-again--clutter--FwDwJNpbTNUhrZJTyeyadZVuxFEVsrWtgNpumhQi0q0-00039.jpg": {"object_bounding_box": {"x": 0, "y": 0, "w": 940, "h": 378}, "object_present": true}, "P400--cup-again--clutter--FwDwJNpbTNUhrZJTyeyadZVuxFEVsrWtgNpumhQi0q0-00040.jpg": {"object_bounding_box": {"x": 0, "y": 0, "w": 942, "h": 378}, "object_present": true}, "P400--cup-again--clutter--FwDwJNpbTNUhrZJTyeyadZVuxFEVsrWtgNpumhQi0q0-00041.jpg": {"object_bounding_box": {"x": 0, "y": 0, "w": 943, "h": 376}, "object_present": true}, "P400--cup-again--clutter--FwDwJNpbTNUhrZJTyeyadZVuxFEVsrWtgNpumhQi0q0-00042.jpg": {"object_bounding_box": {"x": 0, "y": 0, "w": 943, "h": 375}, "object_present": true}, "P400--cup-again--clutter--FwDwJNpbTNUhrZJTyeyadZVuxFEVsrWtgNpumhQi0q0-00043.jpg": {"object_bounding_box": {"x": 0, "y": 0, "w": 940, "h": 378}, "object_present": true}, "P400--cup-again--clutter--FwDwJNpbTNUhrZJTyeyadZVuxFEVsrWtgNpumhQi0q0-00044.jpg": {"object_bounding_box": {"x": 0, "y": 0, "w": 941, "h": 377}, "object_present": true}, "P400--cup-again--clutter--FwDwJNpbTNUhrZJTyeyadZVuxFEVsrWtgNpumhQi0q0-00045.jpg": {"object_bounding_box": {"x": 0, "y": 0, "w": 939, "h": 376}, "object_present": true}, "P400--cup-again--clutter--FwDwJNpbTNUhrZJTyeyadZVuxFEVsrWtgNpumhQi0q0-00046.jpg": {"object_bounding_box": {"x": 0, "y": 0, "w": 933, "h": 378}, "object_present": true}, "P400--cup-again--clutter--FwDwJNpbTNUhrZJTyeyadZVuxFEVsrWtgNpumhQi0q0-00047.jpg": {"object_bounding_box": {"x": 0, "y": 0, "w": 927, "h": 379}, "object_present": true}, "P400--cup-again--clutter--FwDwJNpbTNUhrZJTyeyadZVuxFEVsrWtgNpumhQi0q0-00048.jpg": {"object_bounding_box": {"x": 0, "y": 0, "w": 922, "h": 381}, "object_present": true}, "P400--cup-again--clutter--FwDwJNpbTNUhrZJTyeyadZVuxFEVsrWtgNpumhQi0q0-00049.jpg": {"object_bounding_box": {"x": 0, "y": 0, "w": 912, "h": 378}, "object_present": true}, "P400--cup-again--clutter--FwDwJNpbTNUhrZJTyeyadZVuxFEVsrWtgNpumhQi0q0-00050.jpg": {"object_bounding_box": {"x": 0, "y": 0, "w": 909, "h": 379}, "object_present": true}, "P400--cup-again--clutter--FwDwJNpbTNUhrZJTyeyadZVuxFEVsrWtgNpumhQi0q0-00051.jpg": {"object_bounding_box": {"x": 0, "y": 0, "w": 909, "h": 378}, "object_present": true}, "P400--cup-again--clutter--FwDwJNpbTNUhrZJTyeyadZVuxFEVsrWtgNpumhQi0q0-00052.jpg": {"object_bounding_box": {"x": 0, "y": 0, "w": 909, "h": 378}, "object_present": true}, "P400--cup-again--clutter--FwDwJNpbTNUhrZJTyeyadZVuxFEVsrWtgNpumhQi0q0-00053.jpg": {"object_bounding_box": {"x": 0, "y": 0, "w": 912, "h": 377}, "object_present": true}, "P400--cup-again--clutter--FwDwJNpbTNUhrZJTyeyadZVuxFEVsrWtgNpumhQi0q0-00054.jpg": {"object_bounding_box": {"x": 0, "y": 0, "w": 912, "h": 379}, "object_present": true}, "P400--cup-again--clutter--FwDwJNpbTNUhrZJTyeyadZVuxFEVsrWtgNpumhQi0q0-00055.jpg": {"object_bounding_box": {"x": 0, "y": 0, "w": 912, "h": 377}, "object_present": true}, "P400--cup-again--clutter--FwDwJNpbTNUhrZJTyeyadZVuxFEVsrWtgNpumhQi0q0-00056.jpg": {"object_bounding_box": {"x": 0, "y": 0, "w": 914, "h": 375}, "object_present": true}, "P400--cup-again--clutter--FwDwJNpbTNUhrZJTyeyadZVuxFEVsrWtgNpumhQi0q0-00057.jpg": {"object_bounding_box": {"x": 0, "y": 0, "w": 917, "h": 375}, "object_present": true}, "P400--cup-again--clutter--FwDwJNpbTNUhrZJTyeyadZVuxFEVsrWtgNpumhQi0q0-00058.jpg": {"object_bounding_box": {"x": 0, "y": 0, "w": 919, "h": 374}, "object_present": true}, "P400--cup-again--clutter--FwDwJNpbTNUhrZJTyeyadZVuxFEVsrWtgNpumhQi0q0-00059.jpg": {"object_bounding_box": {"x": 0, "y": 0, "w": 921, "h": 374}, "object_present": true}, "P400--cup-again--clutter--FwDwJNpbTNUhrZJTyeyadZVuxFEVsrWtgNpumhQi0q0-00060.jpg": {"object_bounding_box": {"x": 0, "y": 0, "w": 925, "h": 373}, "object_present": true}, "P400--cup-again--clutter--FwDwJNpbTNUhrZJTyeyadZVuxFEVsrWtgNpumhQi0q0-00061.jpg": {"object_bounding_box": {"x": 0, "y": 0, "w": 925, "h": 373}, "object_present": true}, "P400--cup-again--clutter--FwDwJNpbTNUhrZJTyeyadZVuxFEVsrWtgNpumhQi0q0-00062.jpg": {"object_bounding_box": {"x": 0, "y": 0, "w": 930, "h": 373}, "object_present": true}, "P400--cup-again--clutter--FwDwJNpbTNUhrZJTyeyadZVuxFEVsrWtgNpumhQi0q0-00063.jpg": {"object_bounding_box": {"x": 0, "y": 0, "w": 928, "h": 372}, "object_present": true}, "P400--cup-again--clutter--FwDwJNpbTNUhrZJTyeyadZVuxFEVsrWtgNpumhQi0q0-00064.jpg": {"object_bounding_box": {"x": 0, "y": 0, "w": 929, "h": 374}, "object_present": true}, "P400--cup-again--clutter--FwDwJNpbTNUhrZJTyeyadZVuxFEVsrWtgNpumhQi0q0-00065.jpg": {"object_bounding_box": {"x": 0, "y": 0, "w": 932, "h": 378}, "object_present": true}, "P400--cup-again--clutter--FwDwJNpbTNUhrZJTyeyadZVuxFEVsrWtgNpumhQi0q0-00066.jpg": {"object_bounding_box": {"x": 0, "y": 0, "w": 934, "h": 381}, "object_present": true}, "P400--cup-again--clutter--FwDwJNpbTNUhrZJTyeyadZVuxFEVsrWtgNpumhQi0q0-00067.jpg": {"object_bounding_box": {"x": 0, "y": 0, "w": 937, "h": 381}, "object_present": true}, "P400--cup-again--clutter--FwDwJNpbTNUhrZJTyeyadZVuxFEVsrWtgNpumhQi0q0-00068.jpg": {"object_bounding_box": {"x": 0, "y": 0, "w": 939, "h": 382}, "object_present": true}, "P400--cup-again--clutter--FwDwJNpbTNUhrZJTyeyadZVuxFEVsrWtgNpumhQi0q0-00069.jpg": {"object_bounding_box": {"x": 0, "y": 0, "w": 937, "h": 383}, "object_present": true}, "P400--cup-again--clutter--FwDwJNpbTNUhrZJTyeyadZVuxFEVsrWtgNpumhQi0q0-00070.jpg": {"object_bounding_box": {"x": 0, "y": 0, "w": 939, "h": 386}, "object_present": true}, "P400--cup-again--clutter--FwDwJNpbTNUhrZJTyeyadZVuxFEVsrWtgNpumhQi0q0-00071.jpg": {"object_bounding_box": {"x": 0, "y": 0, "w": 937, "h": 385}, "object_present": true}, "P400--cup-again--clutter--FwDwJNpbTNUhrZJTyeyadZVuxFEVsrWtgNpumhQi0q0-00072.jpg": {"object_bounding_box": {"x": 0, "y": 0, "w": 939, "h": 389}, "object_present": true}, "P400--cup-again--clutter--FwDwJNpbTNUhrZJTyeyadZVuxFEVsrWtgNpumhQi0q0-00073.jpg": {"object_bounding_box": {"x": 0, "y": 0, "w": 936, "h": 386}, "object_present": true}, "P400--cup-again--clutter--FwDwJNpbTNUhrZJTyeyadZVuxFEVsrWtgNpumhQi0q0-00074.jpg": {"object_bounding_box": {"x": 0, "y": 0, "w": 934, "h": 381}, "object_present": true}, "P400--cup-again--clutter--FwDwJNpbTNUhrZJTyeyadZVuxFEVsrWtgNpumhQi0q0-00075.jpg": {"object_bounding_box": {"x": 0, "y": 0, "w": 931, "h": 379}, "object_present": true}, "P400--cup-again--clutter--FwDwJNpbTNUhrZJTyeyadZVuxFEVsrWtgNpumhQi0q0-00076.jpg": {"object_bounding_box": {"x": 0, "y": 0, "w": 931, "h": 378}, "object_present": true}, "P400--cup-again--clutter--FwDwJNpbTNUhrZJTyeyadZVuxFEVsrWtgNpumhQi0q0-00077.jpg": {"object_bounding_box": {"x": 0, "y": 0, "w": 928, "h": 377}, "object_present": true}, "P400--cup-again--clutter--FwDwJNpbTNUhrZJTyeyadZVuxFEVsrWtgNpumhQi0q0-00078.jpg": {"object_bounding_box": {"x": 0, "y": 0, "w": 923, "h": 381}, "object_present": true}, "P400--cup-again--clutter--FwDwJNpbTNUhrZJTyeyadZVuxFEVsrWtgNpumhQi0q0-00079.jpg": {"object_bounding_box": {"x": 0, "y": 0, "w": 921, "h": 383}, "object_present": true}, "P400--cup-again--clutter--FwDwJNpbTNUhrZJTyeyadZVuxFEVsrWtgNpumhQi0q0-00080.jpg": {"object_bounding_box": {"x": 0, "y": 0, "w": 916, "h": 384}, "object_present": true}, "P400--cup-again--clutter--FwDwJNpbTNUhrZJTyeyadZVuxFEVsrWtgNpumhQi0q0-00081.jpg": {"object_bounding_box": {"x": 0, "y": 0, "w": 915, "h": 387}, "object_present": true}, "P400--cup-again--clutter--FwDwJNpbTNUhrZJTyeyadZVuxFEVsrWtgNpumhQi0q0-00082.jpg": {"object_bounding_box": {"x": 0, "y": 0, "w": 914, "h": 389}, "object_present": true}, "P400--cup-again--clutter--FwDwJNpbTNUhrZJTyeyadZVuxFEVsrWtgNpumhQi0q0-00083.jpg": {"object_bounding_box": {"x": 0, "y": 0, "w": 915, "h": 391}, "object_present": true}, "P400--cup-again--clutter--FwDwJNpbTNUhrZJTyeyadZVuxFEVsrWtgNpumhQi0q0-00084.jpg": {"object_bounding_box": {"x": 0, "y": 0, "w": 914, "h": 390}, "object_present": true}, "P400--cup-again--clutter--FwDwJNpbTNUhrZJTyeyadZVuxFEVsrWtgNpumhQi0q0-00085.jpg": {"object_bounding_box": {"x": 0, "y": 0, "w": 915, "h": 386}, "object_present": true}, "P400--cup-again--clutter--FwDwJNpbTNUhrZJTyeyadZVuxFEVsrWtgNpumhQi0q0-00086.jpg": {"object_bounding_box": {"x": 0, "y": 0, "w": 917, "h": 387}, "object_present": true}, "P400--cup-again--clutter--FwDwJNpbTNUhrZJTyeyadZVuxFEVsrWtgNpumhQi0q0-00087.jpg": {"object_bounding_box": {"x": 0, "y": 0, "w": 913, "h": 382}, "object_present": true}, "P400--cup-again--clutter--FwDwJNpbTNUhrZJTyeyadZVuxFEVsrWtgNpumhQi0q0-00088.jpg": {"object_bounding_box": {"x": 0, "y": 0, "w": 913, "h": 386}, "object_present": true}, "P400--cup-again--clutter--FwDwJNpbTNUhrZJTyeyadZVuxFEVsrWtgNpumhQi0q0-00089.jpg": {"object_bounding_box": {"x": 0, "y": 0, "w": 912, "h": 391}, "object_present": true}, "P400--cup-again--clutter--FwDwJNpbTNUhrZJTyeyadZVuxFEVsrWtgNpumhQi0q0-00090.jpg": {"object_bounding_box": {"x": 0, "y": 0, "w": 912, "h": 394}, "object_present": true}, "P400--cup-again--clutter--FwDwJNpbTNUhrZJTyeyadZVuxFEVsrWtgNpumhQi0q0-00091.jpg": {"object_bounding_box": {"x": 0, "y": 0, "w": 907, "h": 395}, "object_present": true}, "P400--cup-again--clutter--FwDwJNpbTNUhrZJTyeyadZVuxFEVsrWtgNpumhQi0q0-00092.jpg": {"object_bounding_box": {"x": 0, "y": 0, "w": 910, "h": 398}, "object_present": true}, "P400--cup-again--clutter--FwDwJNpbTNUhrZJTyeyadZVuxFEVsrWtgNpumhQi0q0-00093.jpg": {"object_bounding_box": {"x": 0, "y": 0, "w": 910, "h": 402}, "object_present": true}, "P400--cup-again--clutter--FwDwJNpbTNUhrZJTyeyadZVuxFEVsrWtgNpumhQi0q0-00094.jpg": {"object_bounding_box": {"x": 0, "y": 0, "w": 912, "h": 403}, "object_present": true}, "P400--cup-again--clutter--FwDwJNpbTNUhrZJTyeyadZVuxFEVsrWtgNpumhQi0q0-00095.jpg": {"object_bounding_box": {"x": 0, "y": 0, "w": 908, "h": 408}, "object_present": true}, "P400--cup-again--clutter--FwDwJNpbTNUhrZJTyeyadZVuxFEVsrWtgNpumhQi0q0-00096.jpg": {"object_bounding_box": {"x": 0, "y": 0, "w": 906, "h": 408}, "object_present": true}, "P400--cup-again--clutter--FwDwJNpbTNUhrZJTyeyadZVuxFEVsrWtgNpumhQi0q0-00097.jpg": {"object_bounding_box": {"x": 0, "y": 0, "w": 905, "h": 408}, "object_present": true}, "P400--cup-again--clutter--FwDwJNpbTNUhrZJTyeyadZVuxFEVsrWtgNpumhQi0q0-00098.jpg": {"object_bounding_box": {"x": 0, "y": 0, "w": 904, "h": 410}, "object_present": true}, "P400--cup-again--clutter--FwDwJNpbTNUhrZJTyeyadZVuxFEVsrWtgNpumhQi0q0-00099.jpg": {"object_bounding_box": {"x": 0, "y": 0, "w": 899, "h": 409}, "object_present": true}, "P400--cup-again--clutter--FwDwJNpbTNUhrZJTyeyadZVuxFEVsrWtgNpumhQi0q0-00100.jpg": {"object_bounding_box": {"x": 0, "y": 0, "w": 897, "h": 406}, "object_present": true}, "P400--cup-again--clutter--FwDwJNpbTNUhrZJTyeyadZVuxFEVsrWtgNpumhQi0q0-00101.jpg": {"object_bounding_box": {"x": 0, "y": 0, "w": 894, "h": 405}, "object_present": true}, "P400--cup-again--clutter--FwDwJNpbTNUhrZJTyeyadZVuxFEVsrWtgNpumhQi0q0-00102.jpg": {"object_bounding_box": {"x": 0, "y": 0, "w": 892, "h": 404}, "object_present": true}, "P400--cup-again--clutter--FwDwJNpbTNUhrZJTyeyadZVuxFEVsrWtgNpumhQi0q0-00103.jpg": {"object_bounding_box": {"x": 0, "y": 0, "w": 891, "h": 403}, "object_present": true}, "P400--cup-again--clutter--FwDwJNpbTNUhrZJTyeyadZVuxFEVsrWtgNpumhQi0q0-00104.jpg": {"object_bounding_box": {"x": 0, "y": 0, "w": 887, "h": 404}, "object_present": true}, "P400--cup-again--clutter--FwDwJNpbTNUhrZJTyeyadZVuxFEVsrWtgNpumhQi0q0-00105.jpg": {"object_bounding_box": {"x": 0, "y": 0, "w": 884, "h": 408}, "object_present": true}, "P400--cup-again--clutter--FwDwJNpbTNUhrZJTyeyadZVuxFEVsrWtgNpumhQi0q0-00106.jpg": {"object_bounding_box": {"x": 0, "y": 0, "w": 884, "h": 410}, "object_present": true}, "P400--cup-again--clutter--FwDwJNpbTNUhrZJTyeyadZVuxFEVsrWtgNpumhQi0q0-00107.jpg": {"object_bounding_box": {"x": 0, "y": 0, "w": 882, "h": 412}, "object_present": true}, "P400--cup-again--clutter--FwDwJNpbTNUhrZJTyeyadZVuxFEVsrWtgNpumhQi0q0-00108.jpg": {"object_bounding_box": {"x": 0, "y": 0, "w": 879, "h": 413}, "object_present": true}, "P400--cup-again--clutter--FwDwJNpbTNUhrZJTyeyadZVuxFEVsrWtgNpumhQi0q0-00109.jpg": {"object_bounding_box": {"x": 0, "y": 0, "w": 878, "h": 416}, "object_present": true}, "P400--cup-again--clutter--FwDwJNpbTNUhrZJTyeyadZVuxFEVsrWtgNpumhQi0q0-00110.jpg": {"object_bounding_box": {"x": 0, "y": 0, "w": 877, "h": 419}, "object_present": true}, "P400--cup-again--clutter--FwDwJNpbTNUhrZJTyeyadZVuxFEVsrWtgNpumhQi0q0-00111.jpg": {"object_bounding_box": {"x": 0, "y": 0, "w": 875, "h": 425}, "object_present": true}, "P400--cup-again--clutter--FwDwJNpbTNUhrZJTyeyadZVuxFEVsrWtgNpumhQi0q0-00112.jpg": {"object_bounding_box": {"x": 0, "y": 0, "w": 877, "h": 428}, "object_present": true}, "P400--cup-again--clutter--FwDwJNpbTNUhrZJTyeyadZVuxFEVsrWtgNpumhQi0q0-00113.jpg": {"object_bounding_box": {"x": 0, "y": 0, "w": 885, "h": 436}, "object_present": true}, "P400--cup-again--clutter--FwDwJNpbTNUhrZJTyeyadZVuxFEVsrWtgNpumhQi0q0-00114.jpg": {"object_bounding_box": {"x": 0, "y": 0, "w": 888, "h": 445}, "object_present": true}, "P400--cup-again--clutter--FwDwJNpbTNUhrZJTyeyadZVuxFEVsrWtgNpumhQi0q0-00115.jpg": {"object_bounding_box": {"x": 0, "y": 0, "w": 889, "h": 452}, "object_present": true}, "P400--cup-again--clutter--FwDwJNpbTNUhrZJTyeyadZVuxFEVsrWtgNpumhQi0q0-00116.jpg": {"object_bounding_box": {"x": 0, "y": 0, "w": 892, "h": 454}, "object_present": true}, "P400--cup-again--clutter--FwDwJNpbTNUhrZJTyeyadZVuxFEVsrWtgNpumhQi0q0-00117.jpg": {"object_bounding_box": {"x": 0, "y": 0, "w": 891, "h": 457}, "object_present": true}, "P400--cup-again--clutter--FwDwJNpbTNUhrZJTyeyadZVuxFEVsrWtgNpumhQi0q0-00118.jpg": {"object_bounding_box": {"x": 0, "y": 0, "w": 891, "h": 457}, "object_present": true}, "P400--cup-again--clutter--FwDwJNpbTNUhrZJTyeyadZVuxFEVsrWtgNpumhQi0q0-00119.jpg": {"object_bounding_box": {"x": 0, "y": 0, "w": 891, "h": 459}, "object_present": true}, "P400--cup-again--clutter--FwDwJNpbTNUhrZJTyeyadZVuxFEVsrWtgNpumhQi0q0-00120.jpg": {"object_bounding_box": {"x": 0, "y": 0, "w": 892, "h": 460}, "object_present": true}, "P400--cup-again--clutter--FwDwJNpbTNUhrZJTyeyadZVuxFEVsrWtgNpumhQi0q0-00121.jpg": {"object_bounding_box": {"x": 0, "y": 0, "w": 890, "h": 463}, "object_present": true}, "P400--cup-again--clutter--FwDwJNpbTNUhrZJTyeyadZVuxFEVsrWtgNpumhQi0q0-00122.jpg": {"object_bounding_box": {"x": 0, "y": 0, "w": 888, "h": 465}, "object_present": true}, "P400--cup-again--clutter--FwDwJNpbTNUhrZJTyeyadZVuxFEVsrWtgNpumhQi0q0-00123.jpg": {"object_bounding_box": {"x": 0, "y": 0, "w": 886, "h": 466}, "object_present": true}, "P400--cup-again--clutter--FwDwJNpbTNUhrZJTyeyadZVuxFEVsrWtgNpumhQi0q0-00124.jpg": {"object_bounding_box": {"x": 0, "y": 0, "w": 885, "h": 470}, "object_present": true}, "P400--cup-again--clutter--FwDwJNpbTNUhrZJTyeyadZVuxFEVsrWtgNpumhQi0q0-00125.jpg": {"object_bounding_box": {"x": 0, "y": 0, "w": 886, "h": 472}, "object_present": true}, "P400--cup-again--clutter--FwDwJNpbTNUhrZJTyeyadZVuxFEVsrWtgNpumhQi0q0-00126.jpg": {"object_bounding_box": {"x": 0, "y": 0, "w": 883, "h": 470}, "object_present": true}, "P400--cup-again--clutter--FwDwJNpbTNUhrZJTyeyadZVuxFEVsrWtgNpumhQi0q0-00127.jpg": {"object_bounding_box": {"x": 0, "y": 0, "w": 881, "h": 469}, "object_present": true}, "P400--cup-again--clutter--FwDwJNpbTNUhrZJTyeyadZVuxFEVsrWtgNpumhQi0q0-00128.jpg": {"object_bounding_box": {"x": 0, "y": 0, "w": 876, "h": 468}, "object_present": true}, "P400--cup-again--clutter--FwDwJNpbTNUhrZJTyeyadZVuxFEVsrWtgNpumhQi0q0-00129.jpg": {"object_bounding_box": {"x": 0, "y": 0, "w": 874, "h": 466}, "object_present": true}, "P400--cup-again--clutter--FwDwJNpbTNUhrZJTyeyadZVuxFEVsrWtgNpumhQi0q0-00130.jpg": {"object_bounding_box": {"x": 0, "y": 0, "w": 869, "h": 464}, "object_present": true}, "P400--cup-again--clutter--FwDwJNpbTNUhrZJTyeyadZVuxFEVsrWtgNpumhQi0q0-00131.jpg": {"object_bounding_box": {"x": 0, "y": 0, "w": 868, "h": 467}, "object_present": true}, "P400--cup-again--clutter--FwDwJNpbTNUhrZJTyeyadZVuxFEVsrWtgNpumhQi0q0-00132.jpg": {"object_bounding_box": {"x": 0, "y": 0, "w": 864, "h": 465}, "object_present": true}, "P400--cup-again--clutter--FwDwJNpbTNUhrZJTyeyadZVuxFEVsrWtgNpumhQi0q0-00133.jpg": {"object_bounding_box": {"x": 0, "y": 0, "w": 862, "h": 463}, "object_present": true}, "P400--cup-again--clutter--FwDwJNpbTNUhrZJTyeyadZVuxFEVsrWtgNpumhQi0q0-00134.jpg": {"object_bounding_box": {"x": 0, "y": 0, "w": 863, "h": 465}, "object_present": true}, "P400--cup-again--clutter--FwDwJNpbTNUhrZJTyeyadZVuxFEVsrWtgNpumhQi0q0-00135.jpg": {"object_bounding_box": {"x": 0, "y": 0, "w": 861, "h": 465}, "object_present": true}, "P400--cup-again--clutter--FwDwJNpbTNUhrZJTyeyadZVuxFEVsrWtgNpumhQi0q0-00136.jpg": {"object_bounding_box": {"x": 0, "y": 0, "w": 859, "h": 462}, "object_present": true}, "P400--cup-again--clutter--FwDwJNpbTNUhrZJTyeyadZVuxFEVsrWtgNpumhQi0q0-00137.jpg": {"object_bounding_box": {"x": 0, "y": 0, "w": 857, "h": 466}, "object_present": true}, "P400--cup-again--clutter--FwDwJNpbTNUhrZJTyeyadZVuxFEVsrWtgNpumhQi0q0-00138.jpg": {"object_bounding_box": {"x": 0, "y": 1, "w": 856, "h": 463}, "object_present": true}, "P400--cup-again--clutter--FwDwJNpbTNUhrZJTyeyadZVuxFEVsrWtgNpumhQi0q0-00139.jpg": {"object_bounding_box": {"x": 0, "y": 1, "w": 855, "h": 464}, "object_present": true}, "P400--cup-again--clutter--FwDwJNpbTNUhrZJTyeyadZVuxFEVsrWtgNpumhQi0q0-00140.jpg": {"object_bounding_box": {"x": 0, "y": 1, "w": 854, "h": 461}, "object_present": true}, "P400--cup-again--clutter--FwDwJNpbTNUhrZJTyeyadZVuxFEVsrWtgNpumhQi0q0-00141.jpg": {"object_bounding_box": {"x": 0, "y": 1, "w": 854, "h": 460}, "object_present": true}, "P400--cup-again--clutter--FwDwJNpbTNUhrZJTyeyadZVuxFEVsrWtgNpumhQi0q0-00142.jpg": {"object_bounding_box": {"x": 0, "y": 1, "w": 853, "h": 461}, "object_present": true}, "P400--cup-again--clutter--FwDwJNpbTNUhrZJTyeyadZVuxFEVsrWtgNpumhQi0q0-00143.jpg": {"object_bounding_box": {"x": 0, "y": 0, "w": 852, "h": 460}, "object_present": true}, "P400--cup-again--clutter--FwDwJNpbTNUhrZJTyeyadZVuxFEVsrWtgNpumhQi0q0-00144.jpg": {"object_bounding_box": {"x": 0, "y": 1, "w": 851, "h": 457}, "object_present": true}, "P400--cup-again--clutter--FwDwJNpbTNUhrZJTyeyadZVuxFEVsrWtgNpumhQi0q0-00145.jpg": {"object_bounding_box": {"x": 0, "y": 0, "w": 851, "h": 457}, "object_present": true}, "P400--cup-again--clutter--FwDwJNpbTNUhrZJTyeyadZVuxFEVsrWtgNpumhQi0q0-00146.jpg": {"object_bounding_box": {"x": 0, "y": 0, "w": 852, "h": 459}, "object_present": true}, "P400--cup-again--clutter--FwDwJNpbTNUhrZJTyeyadZVuxFEVsrWtgNpumhQi0q0-00147.jpg": {"object_bounding_box": {"x": 0, "y": 0, "w": 852, "h": 455}, "object_present": true}, "P400--cup-again--clutter--FwDwJNpbTNUhrZJTyeyadZVuxFEVsrWtgNpumhQi0q0-00148.jpg": {"object_bounding_box": {"x": 0, "y": 0, "w": 849, "h": 451}, "object_present": true}, "P400--cup-again--clutter--FwDwJNpbTNUhrZJTyeyadZVuxFEVsrWtgNpumhQi0q0-00149.jpg": {"object_bounding_box": {"x": 0, "y": 0, "w": 849, "h": 451}, "object_present": true}, "P400--cup-again--clutter--FwDwJNpbTNUhrZJTyeyadZVuxFEVsrWtgNpumhQi0q0-00150.jpg": {"object_bounding_box": {"x": 0, "y": 0, "w": 848, "h": 452}, "object_present": true}, "P400--cup-again--clutter--FwDwJNpbTNUhrZJTyeyadZVuxFEVsrWtgNpumhQi0q0-00151.jpg": {"object_bounding_box": {"x": 0, "y": 0, "w": 848, "h": 451}, "object_present": true}, "P400--cup-again--clutter--FwDwJNpbTNUhrZJTyeyadZVuxFEVsrWtgNpumhQi0q0-00152.jpg": {"object_bounding_box": {"x": 0, "y": 0, "w": 848, "h": 449}, "object_present": true}, "P400--cup-again--clutter--FwDwJNpbTNUhrZJTyeyadZVuxFEVsrWtgNpumhQi0q0-00153.jpg": {"object_bounding_box": {"x": 0, "y": 0, "w": 848, "h": 449}, "object_present": true}, "P400--cup-again--clutter--FwDwJNpbTNUhrZJTyeyadZVuxFEVsrWtgNpumhQi0q0-00154.jpg": {"object_bounding_box": {"x": 0, "y": 0, "w": 848, "h": 450}, "object_present": true}, "P400--cup-again--clutter--FwDwJNpbTNUhrZJTyeyadZVuxFEVsrWtgNpumhQi0q0-00155.jpg": {"object_bounding_box": {"x": 0, "y": 0, "w": 848, "h": 449}, "object_present": true}, "P400--cup-again--clutter--FwDwJNpbTNUhrZJTyeyadZVuxFEVsrWtgNpumhQi0q0-00156.jpg": {"object_bounding_box": {"x": 0, "y": 0, "w": 848, "h": 446}, "object_present": true}, "P400--cup-again--clutter--FwDwJNpbTNUhrZJTyeyadZVuxFEVsrWtgNpumhQi0q0-00157.jpg": {"object_bounding_box": {"x": 0, "y": 0, "w": 850, "h": 443}, "object_present": true}, "P400--cup-again--clutter--FwDwJNpbTNUhrZJTyeyadZVuxFEVsrWtgNpumhQi0q0-00158.jpg": {"object_bounding_box": {"x": 0, "y": 0, "w": 854, "h": 443}, "object_present": true}, "P400--cup-again--clutter--FwDwJNpbTNUhrZJTyeyadZVuxFEVsrWtgNpumhQi0q0-00159.jpg": {"object_bounding_box": {"x": 0, "y": 0, "w": 854, "h": 444}, "object_present": true}, "P400--cup-again--clutter--FwDwJNpbTNUhrZJTyeyadZVuxFEVsrWtgNpumhQi0q0-00160.jpg": {"object_bounding_box": {"x": 0, "y": 0, "w": 854, "h": 443}, "object_present": true}, "P400--cup-again--clutter--FwDwJNpbTNUhrZJTyeyadZVuxFEVsrWtgNpumhQi0q0-00161.jpg": {"object_bounding_box": {"x": 0, "y": 0, "w": 851, "h": 442}, "object_present": true}, "P400--cup-again--clutter--FwDwJNpbTNUhrZJTyeyadZVuxFEVsrWtgNpumhQi0q0-00162.jpg": {"object_bounding_box": {"x": 0, "y": 0, "w": 848, "h": 441}, "object_present": true}, "P400--cup-again--clutter--FwDwJNpbTNUhrZJTyeyadZVuxFEVsrWtgNpumhQi0q0-00163.jpg": {"object_bounding_box": {"x": 0, "y": 0, "w": 848, "h": 440}, "object_present": true}, "P400--cup-again--clutter--FwDwJNpbTNUhrZJTyeyadZVuxFEVsrWtgNpumhQi0q0-00164.jpg": {"object_bounding_box": {"x": 0, "y": 0, "w": 845, "h": 442}, "object_present": true}, "P400--cup-again--clutter--FwDwJNpbTNUhrZJTyeyadZVuxFEVsrWtgNpumhQi0q0-00165.jpg": {"object_bounding_box": {"x": 0, "y": 0, "w": 840, "h": 444}, "object_present": true}, "P400--cup-again--clutter--FwDwJNpbTNUhrZJTyeyadZVuxFEVsrWtgNpumhQi0q0-00166.jpg": {"object_bounding_box": {"x": 0, "y": 0, "w": 840, "h": 444}, "object_present": true}, "P400--cup-again--clutter--FwDwJNpbTNUhrZJTyeyadZVuxFEVsrWtgNpumhQi0q0-00167.jpg": {"object_bounding_box": {"x": 0, "y": 0, "w": 838, "h": 447}, "object_present": true}, "P400--cup-again--clutter--FwDwJNpbTNUhrZJTyeyadZVuxFEVsrWtgNpumhQi0q0-00168.jpg": {"object_bounding_box": {"x": 0, "y": 0, "w": 833, "h": 445}, "object_present": true}, "P400--cup-again--clutter--FwDwJNpbTNUhrZJTyeyadZVuxFEVsrWtgNpumhQi0q0-00169.jpg": {"object_bounding_box": {"x": 0, "y": 0, "w": 831, "h": 448}, "object_present": true}, "P400--cup-again--clutter--FwDwJNpbTNUhrZJTyeyadZVuxFEVsrWtgNpumhQi0q0-00170.jpg": {"object_bounding_box": {"x": 0, "y": 0, "w": 830, "h": 451}, "object_present": true}, "P400--cup-again--clutter--FwDwJNpbTNUhrZJTyeyadZVuxFEVsrWtgNpumhQi0q0-00171.jpg": {"object_bounding_box": {"x": 0, "y": 0, "w": 826, "h": 451}, "object_present": true}, "P400--cup-again--clutter--FwDwJNpbTNUhrZJTyeyadZVuxFEVsrWtgNpumhQi0q0-00172.jpg": {"object_bounding_box": {"x": 0, "y": 0, "w": 822, "h": 451}, "object_present": true}, "P400--cup-again--clutter--FwDwJNpbTNUhrZJTyeyadZVuxFEVsrWtgNpumhQi0q0-00173.jpg": {"object_bounding_box": {"x": 0, "y": 0, "w": 817, "h": 449}, "object_present": true}, "P400--cup-again--clutter--FwDwJNpbTNUhrZJTyeyadZVuxFEVsrWtgNpumhQi0q0-00174.jpg": {"object_bounding_box": {"x": 0, "y": 0, "w": 814, "h": 448}, "object_present": true}, "P400--cup-again--clutter--FwDwJNpbTNUhrZJTyeyadZVuxFEVsrWtgNpumhQi0q0-00175.jpg": {"object_bounding_box": {"x": 0, "y": 0, "w": 807, "h": 447}, "object_present": true}, "P400--cup-again--clutter--FwDwJNpbTNUhrZJTyeyadZVuxFEVsrWtgNpumhQi0q0-00176.jpg": {"object_bounding_box": {"x": 0, "y": 0, "w": 806, "h": 449}, "object_present": true}, "P400--cup-again--clutter--FwDwJNpbTNUhrZJTyeyadZVuxFEVsrWtgNpumhQi0q0-00177.jpg": {"object_bounding_box": {"x": 0, "y": 0, "w": 803, "h": 453}, "object_present": true}, "P400--cup-again--clutter--FwDwJNpbTNUhrZJTyeyadZVuxFEVsrWtgNpumhQi0q0-00178.jpg": {"object_bounding_box": {"x": 0, "y": 0, "w": 800, "h": 456}, "object_present": true}, "P400--cup-again--clutter--FwDwJNpbTNUhrZJTyeyadZVuxFEVsrWtgNpumhQi0q0-00179.jpg": {"object_bounding_box": {"x": 0, "y": 0, "w": 797, "h": 459}, "object_present": true}, "P400--cup-again--clutter--FwDwJNpbTNUhrZJTyeyadZVuxFEVsrWtgNpumhQi0q0-00180.jpg": {"object_bounding_box": {"x": 0, "y": 0, "w": 794, "h": 460}, "object_present": true}, "P400--cup-again--clutter--FwDwJNpbTNUhrZJTyeyadZVuxFEVsrWtgNpumhQi0q0-00181.jpg": {"object_bounding_box": {"x": 0, "y": 0, "w": 796, "h": 459}, "object_present": true}, "P400--cup-again--clutter--FwDwJNpbTNUhrZJTyeyadZVuxFEVsrWtgNpumhQi0q0-00182.jpg": {"object_bounding_box": {"x": 0, "y": 0, "w": 795, "h": 463}, "object_present": true}, "P400--cup-again--clutter--FwDwJNpbTNUhrZJTyeyadZVuxFEVsrWtgNpumhQi0q0-00183.jpg": {"object_bounding_box": {"x": 0, "y": 0, "w": 793, "h": 466}, "object_present": true}, "P400--cup-again--clutter--FwDwJNpbTNUhrZJTyeyadZVuxFEVsrWtgNpumhQi0q0-00184.jpg": {"object_bounding_box": {"x": 0, "y": 0, "w": 791, "h": 466}, "object_present": true}, "P400--cup-again--clutter--FwDwJNpbTNUhrZJTyeyadZVuxFEVsrWtgNpumhQi0q0-00185.jpg": {"object_bounding_box": {"x": 0, "y": 0, "w": 788, "h": 463}, "object_present": true}, "P400--cup-again--clutter--FwDwJNpbTNUhrZJTyeyadZVuxFEVsrWtgNpumhQi0q0-00186.jpg": {"object_bounding_box": {"x": 0, "y": 0, "w": 779, "h": 464}, "object_present": true}, "P400--cup-again--clutter--FwDwJNpbTNUhrZJTyeyadZVuxFEVsrWtgNpumhQi0q0-00187.jpg": {"object_bounding_box": {"x": 0, "y": 0, "w": 768, "h": 472}, "object_present": true}, "P400--cup-again--clutter--FwDwJNpbTNUhrZJTyeyadZVuxFEVsrWtgNpumhQi0q0-00188.jpg": {"object_bounding_box": {"x": 0, "y": 0, "w": 761, "h": 479}, "object_present": true}, "P400--cup-again--clutter--FwDwJNpbTNUhrZJTyeyadZVuxFEVsrWtgNpumhQi0q0-00189.jpg": {"object_bounding_box": {"x": 0, "y": 0, "w": 751, "h": 481}, "object_present": true}, "P400--cup-again--clutter--FwDwJNpbTNUhrZJTyeyadZVuxFEVsrWtgNpumhQi0q0-00190.jpg": {"object_bounding_box": {"x": 0, "y": 0, "w": 744, "h": 488}, "object_present": true}, "P400--cup-again--clutter--FwDwJNpbTNUhrZJTyeyadZVuxFEVsrWtgNpumhQi0q0-00191.jpg": {"object_bounding_box": {"x": 0, "y": 0, "w": 740, "h": 492}, "object_present": true}, "P400--cup-again--clutter--FwDwJNpbTNUhrZJTyeyadZVuxFEVsrWtgNpumhQi0q0-00192.jpg": {"object_bounding_box": {"x": 0, "y": 0, "w": 738, "h": 496}, "object_present": true}, "P400--cup-again--clutter--FwDwJNpbTNUhrZJTyeyadZVuxFEVsrWtgNpumhQi0q0-00193.jpg": {"object_bounding_box": {"x": 0, "y": 0, "w": 737, "h": 497}, "object_present": true}, "P400--cup-again--clutter--FwDwJNpbTNUhrZJTyeyadZVuxFEVsrWtgNpumhQi0q0-00194.jpg": {"object_bounding_box": {"x": 0, "y": 0, "w": 740, "h": 500}, "object_present": true}, "P400--cup-again--clutter--FwDwJNpbTNUhrZJTyeyadZVuxFEVsrWtgNpumhQi0q0-00195.jpg": {"object_bounding_box": {"x": 0, "y": 0, "w": 743, "h": 499}, "object_present": true}, "P400--cup-again--clutter--FwDwJNpbTNUhrZJTyeyadZVuxFEVsrWtgNpumhQi0q0-00196.jpg": {"object_bounding_box": {"x": 0, "y": 0, "w": 742, "h": 496}, "object_present": true}, "P400--cup-again--clutter--FwDwJNpbTNUhrZJTyeyadZVuxFEVsrWtgNpumhQi0q0-00197.jpg": {"object_bounding_box": {"x": 0, "y": 0, "w": 739, "h": 485}, "object_present": true}, "P400--cup-again--clutter--FwDwJNpbTNUhrZJTyeyadZVuxFEVsrWtgNpumhQi0q0-00198.jpg": {"object_bounding_box": {"x": 0, "y": 0, "w": 730, "h": 473}, "object_present": true}, "P400--cup-again--clutter--FwDwJNpbTNUhrZJTyeyadZVuxFEVsrWtgNpumhQi0q0-00199.jpg": {"object_bounding_box": {"x": 0, "y": 0, "w": 722, "h": 467}, "object_present": true}, "P400--cup-again--clutter--FwDwJNpbTNUhrZJTyeyadZVuxFEVsrWtgNpumhQi0q0-00200.jpg": {"object_bounding_box": {"x": 0, "y": 0, "w": 711, "h": 467}, "object_present": true}, "P400--cup-again--clutter--FwDwJNpbTNUhrZJTyeyadZVuxFEVsrWtgNpumhQi0q0-00201.jpg": {"object_bounding_box": {"x": 0, "y": 0, "w": 700, "h": 463}, "object_present": true}, "P400--cup-again--clutter--FwDwJNpbTNUhrZJTyeyadZVuxFEVsrWtgNpumhQi0q0-00202.jpg": {"object_bounding_box": {"x": 0, "y": 0, "w": 696, "h": 462}, "object_present": true}, "P400--cup-again--clutter--FwDwJNpbTNUhrZJTyeyadZVuxFEVsrWtgNpumhQi0q0-00203.jpg": {"object_bounding_box": {"x": 0, "y": 0, "w": 687, "h": 469}, "object_present": true}, "P400--cup-again--clutter--FwDwJNpbTNUhrZJTyeyadZVuxFEVsrWtgNpumhQi0q0-00204.jpg": {"object_bounding_box": {"x": 0, "y": 0, "w": 694, "h": 483}, "object_present": true}, "P400--cup-again--clutter--FwDwJNpbTNUhrZJTyeyadZVuxFEVsrWtgNpumhQi0q0-00205.jpg": {"object_bounding_box": {"x": 0, "y": 0, "w": 708, "h": 487}, "object_present": true}, "P400--cup-again--clutter--FwDwJNpbTNUhrZJTyeyadZVuxFEVsrWtgNpumhQi0q0-00206.jpg": {"object_bounding_box": {"x": 0, "y": 0, "w": 710, "h": 484}, "object_present": true}, "P400--cup-again--clutter--FwDwJNpbTNUhrZJTyeyadZVuxFEVsrWtgNpumhQi0q0-00207.jpg": {"object_bounding_box": {"x": 0, "y": 0, "w": 718, "h": 471}, "object_present": true}, "P400--cup-again--clutter--FwDwJNpbTNUhrZJTyeyadZVuxFEVsrWtgNpumhQi0q0-00208.jpg": {"object_bounding_box": {"x": 0, "y": 0, "w": 726, "h": 467}, "object_present": true}, "P400--cup-again--clutter--FwDwJNpbTNUhrZJTyeyadZVuxFEVsrWtgNpumhQi0q0-00209.jpg": {"object_bounding_box": {"x": 0, "y": 0, "w": 734, "h": 469}, "object_present": true}, "P400--cup-again--clutter--FwDwJNpbTNUhrZJTyeyadZVuxFEVsrWtgNpumhQi0q0-00210.jpg": {"object_bounding_box": {"x": 0, "y": 0, "w": 740, "h": 473}, "object_present": true}, "P400--cup-again--clutter--FwDwJNpbTNUhrZJTyeyadZVuxFEVsrWtgNpumhQi0q0-00211.jpg": {"object_bounding_box": {"x": 0, "y": 0, "w": 743, "h": 475}, "object_present": true}, "P400--cup-again--clutter--FwDwJNpbTNUhrZJTyeyadZVuxFEVsrWtgNpumhQi0q0-00212.jpg": {"object_bounding_box": {"x": 0, "y": 0, "w": 751, "h": 475}, "object_present": true}, "P400--cup-again--clutter--FwDwJNpbTNUhrZJTyeyadZVuxFEVsrWtgNpumhQi0q0-00213.jpg": {"object_bounding_box": {"x": 0, "y": 0, "w": 753, "h": 475}, "object_present": true}, "P400--cup-again--clutter--FwDwJNpbTNUhrZJTyeyadZVuxFEVsrWtgNpumhQi0q0-00214.jpg": {"object_bounding_box": {"x": 0, "y": 0, "w": 758, "h": 471}, "object_present": true}, "P400--cup-again--clutter--FwDwJNpbTNUhrZJTyeyadZVuxFEVsrWtgNpumhQi0q0-00215.jpg": {"object_bounding_box": {"x": 0, "y": 0, "w": 764, "h": 468}, "object_present": true}, "P400--cup-again--clutter--FwDwJNpbTNUhrZJTyeyadZVuxFEVsrWtgNpumhQi0q0-00216.jpg": {"object_bounding_box": {"x": 0, "y": 0, "w": 772, "h": 468}, "object_present": true}, "P400--cup-again--clutter--FwDwJNpbTNUhrZJTyeyadZVuxFEVsrWtgNpumhQi0q0-00217.jpg": {"object_bounding_box": {"x": 0, "y": 0, "w": 780, "h": 468}, "object_present": true}, "P400--cup-again--clutter--FwDwJNpbTNUhrZJTyeyadZVuxFEVsrWtgNpumhQi0q0-00218.jpg": {"object_bounding_box": {"x": 0, "y": 0, "w": 785, "h": 470}, "object_present": true}, "P400--cup-again--clutter--FwDwJNpbTNUhrZJTyeyadZVuxFEVsrWtgNpumhQi0q0-00219.jpg": {"object_bounding_box": {"x": 0, "y": 0, "w": 790, "h": 472}, "object_present": true}, "P400--cup-again--clutter--FwDwJNpbTNUhrZJTyeyadZVuxFEVsrWtgNpumhQi0q0-00220.jpg": {"object_bounding_box": {"x": 0, "y": 0, "w": 793, "h": 477}, "object_present": true}, "P400--cup-again--clutter--FwDwJNpbTNUhrZJTyeyadZVuxFEVsrWtgNpumhQi0q0-00221.jpg": {"object_bounding_box": {"x": 0, "y": 0, "w": 793, "h": 480}, "object_present": true}, "P400--cup-again--clutter--FwDwJNpbTNUhrZJTyeyadZVuxFEVsrWtgNpumhQi0q0-00222.jpg": {"object_bounding_box": {"x": 0, "y": 0, "w": 792, "h": 483}, "object_present": true}, "P400--cup-again--clutter--FwDwJNpbTNUhrZJTyeyadZVuxFEVsrWtgNpumhQi0q0-00223.jpg": {"object_bounding_box": {"x": 0, "y": 0, "w": 796, "h": 485}, "object_present": true}, "P400--cup-again--clutter--FwDwJNpbTNUhrZJTyeyadZVuxFEVsrWtgNpumhQi0q0-00224.jpg": {"object_bounding_box": {"x": 0, "y": 0, "w": 793, "h": 485}, "object_present": true}, "P400--cup-again--clutter--FwDwJNpbTNUhrZJTyeyadZVuxFEVsrWtgNpumhQi0q0-00225.jpg": {"object_bounding_box": {"x": 0, "y": 0, "w": 791, "h": 485}, "object_present": true}, "P400--cup-again--clutter--FwDwJNpbTNUhrZJTyeyadZVuxFEVsrWtgNpumhQi0q0-00226.jpg": {"object_bounding_box": {"x": 0, "y": 0, "w": 787, "h": 488}, "object_present": true}, "P400--cup-again--clutter--FwDwJNpbTNUhrZJTyeyadZVuxFEVsrWtgNpumhQi0q0-00227.jpg": {"object_bounding_box": {"x": 0, "y": 0, "w": 788, "h": 488}, "object_present": true}, "P400--cup-again--clutter--FwDwJNpbTNUhrZJTyeyadZVuxFEVsrWtgNpumhQi0q0-00228.jpg": {"object_bounding_box": {"x": 0, "y": 0, "w": 788, "h": 490}, "object_present": true}, "P400--cup-again--clutter--FwDwJNpbTNUhrZJTyeyadZVuxFEVsrWtgNpumhQi0q0-00229.jpg": {"object_bounding_box": {"x": 0, "y": 0, "w": 785, "h": 492}, "object_present": true}, "P400--cup-again--clutter--FwDwJNpbTNUhrZJTyeyadZVuxFEVsrWtgNpumhQi0q0-00230.jpg": {"object_bounding_box": {"x": 0, "y": 0, "w": 785, "h": 497}, "object_present": true}, "P400--cup-again--clutter--FwDwJNpbTNUhrZJTyeyadZVuxFEVsrWtgNpumhQi0q0-00231.jpg": {"object_bounding_box": {"x": 0, "y": 0, "w": 782, "h": 500}, "object_present": true}, "P400--cup-again--clutter--FwDwJNpbTNUhrZJTyeyadZVuxFEVsrWtgNpumhQi0q0-00232.jpg": {"object_bounding_box": {"x": 0, "y": 0, "w": 780, "h": 500}, "object_present": true}, "P400--cup-again--clutter--FwDwJNpbTNUhrZJTyeyadZVuxFEVsrWtgNpumhQi0q0-00233.jpg": {"object_bounding_box": {"x": 0, "y": 0, "w": 775, "h": 503}, "object_present": true}, "P400--cup-again--clutter--FwDwJNpbTNUhrZJTyeyadZVuxFEVsrWtgNpumhQi0q0-00234.jpg": {"object_bounding_box": {"x": 0, "y": 0, "w": 773, "h": 501}, "object_present": true}, "P400--cup-again--clutter--FwDwJNpbTNUhrZJTyeyadZVuxFEVsrWtgNpumhQi0q0-00235.jpg": {"object_bounding_box": {"x": 0, "y": 0, "w": 774, "h": 504}, "object_present": true}, "P400--cup-again--clutter--FwDwJNpbTNUhrZJTyeyadZVuxFEVsrWtgNpumhQi0q0-00236.jpg": {"object_bounding_box": {"x": 0, "y": 0, "w": 768, "h": 508}, "object_present": true}, "P400--cup-again--clutter--FwDwJNpbTNUhrZJTyeyadZVuxFEVsrWtgNpumhQi0q0-00237.jpg": {"object_bounding_box": {"x": 0, "y": 0, "w": 768, "h": 515}, "object_present": true}, "P400--cup-again--clutter--FwDwJNpbTNUhrZJTyeyadZVuxFEVsrWtgNpumhQi0q0-00238.jpg": {"object_bounding_box": {"x": 0, "y": 0, "w": 768, "h": 517}, "object_present": true}, "P400--cup-again--clutter--FwDwJNpbTNUhrZJTyeyadZVuxFEVsrWtgNpumhQi0q0-00239.jpg": {"object_bounding_box": {"x": 0, "y": 0, "w": 761, "h": 513}, "object_present": true}, "P400--cup-again--clutter--FwDwJNpbTNUhrZJTyeyadZVuxFEVsrWtgNpumhQi0q0-00240.jpg": {"object_bounding_box": {"x": 0, "y": 0, "w": 760, "h": 516}, "object_present": true}, "P400--cup-again--clutter--FwDwJNpbTNUhrZJTyeyadZVuxFEVsrWtgNpumhQi0q0-00241.jpg": {"object_bounding_box": {"x": 0, "y": 0, "w": 767, "h": 522}, "object_present": true}, "P400--cup-again--clutter--FwDwJNpbTNUhrZJTyeyadZVuxFEVsrWtgNpumhQi0q0-00242.jpg": {"object_bounding_box": {"x": 0, "y": 0, "w": 773, "h": 523}, "object_present": true}, "P400--cup-again--clutter--FwDwJNpbTNUhrZJTyeyadZVuxFEVsrWtgNpumhQi0q0-00243.jpg": {"object_bounding_box": {"x": 0, "y": 0, "w": 787, "h": 530}, "object_present": true}, "P400--cup-again--clutter--FwDwJNpbTNUhrZJTyeyadZVuxFEVsrWtgNpumhQi0q0-00244.jpg": {"object_bounding_box": {"x": 0, "y": 0, "w": 796, "h": 531}, "object_present": true}, "P400--cup-again--clutter--FwDwJNpbTNUhrZJTyeyadZVuxFEVsrWtgNpumhQi0q0-00245.jpg": {"object_bounding_box": {"x": 0, "y": 0, "w": 799, "h": 531}, "object_present": true}, "P400--cup-again--clutter--FwDwJNpbTNUhrZJTyeyadZVuxFEVsrWtgNpumhQi0q0-00246.jpg": {"object_bounding_box": {"x": 0, "y": 0, "w": 804, "h": 531}, "object_present": true}, "P400--cup-again--clutter--FwDwJNpbTNUhrZJTyeyadZVuxFEVsrWtgNpumhQi0q0-00247.jpg": {"object_bounding_box": {"x": 0, "y": 0, "w": 810, "h": 535}, "object_present": true}, "P400--cup-again--clutter--FwDwJNpbTNUhrZJTyeyadZVuxFEVsrWtgNpumhQi0q0-00248.jpg": {"object_bounding_box": {"x": 0, "y": 0, "w": 809, "h": 534}, "object_present": true}, "P400--cup-again--clutter--FwDwJNpbTNUhrZJTyeyadZVuxFEVsrWtgNpumhQi0q0-00249.jpg": {"object_bounding_box": {"x": 0, "y": 0, "w": 808, "h": 531}, "object_present": true}, "P400--cup-again--clutter--FwDwJNpbTNUhrZJTyeyadZVuxFEVsrWtgNpumhQi0q0-00250.jpg": {"object_bounding_box": {"x": 0, "y": 0, "w": 807, "h": 530}, "object_present": true}, "P400--cup-again--clutter--FwDwJNpbTNUhrZJTyeyadZVuxFEVsrWtgNpumhQi0q0-00251.jpg": {"object_bounding_box": {"x": 0, "y": 0, "w": 810, "h": 537}, "object_present": true}, "P400--cup-again--clutter--FwDwJNpbTNUhrZJTyeyadZVuxFEVsrWtgNpumhQi0q0-00252.jpg": {"object_bounding_box": {"x": 0, "y": 0, "w": 813, "h": 544}, "object_present": true}, "P400--cup-again--clutter--FwDwJNpbTNUhrZJTyeyadZVuxFEVsrWtgNpumhQi0q0-00253.jpg": {"object_bounding_box": {"x": 0, "y": 0, "w": 822, "h": 546}, "object_present": true}, "P400--cup-again--clutter--FwDwJNpbTNUhrZJTyeyadZVuxFEVsrWtgNpumhQi0q0-00254.jpg": {"object_bounding_box": {"x": 0, "y": 0, "w": 821, "h": 552}, "object_present": true}, "P400--cup-again--clutter--FwDwJNpbTNUhrZJTyeyadZVuxFEVsrWtgNpumhQi0q0-00255.jpg": {"object_bounding_box": {"x": 0, "y": 0, "w": 816, "h": 555}, "object_present": true}, "P400--cup-again--clutter--FwDwJNpbTNUhrZJTyeyadZVuxFEVsrWtgNpumhQi0q0-00256.jpg": {"object_bounding_box": {"x": 0, "y": 0, "w": 807, "h": 555}, "object_present": true}, "P400--cup-again--clutter--FwDwJNpbTNUhrZJTyeyadZVuxFEVsrWtgNpumhQi0q0-00257.jpg": {"object_bounding_box": {"x": 0, "y": 0, "w": 802, "h": 551}, "object_present": true}, "P400--cup-again--clutter--FwDwJNpbTNUhrZJTyeyadZVuxFEVsrWtgNpumhQi0q0-00258.jpg": {"object_bounding_box": {"x": 0, "y": 0, "w": 788, "h": 542}, "object_present": true}, "P400--cup-again--clutter--FwDwJNpbTNUhrZJTyeyadZVuxFEVsrWtgNpumhQi0q0-00259.jpg": {"object_bounding_box": {"x": 0, "y": 0, "w": 782, "h": 537}, "object_present": true}, "P400--cup-again--clutter--FwDwJNpbTNUhrZJTyeyadZVuxFEVsrWtgNpumhQi0q0-00260.jpg": {"object_bounding_box": {"x": 0, "y": 0, "w": 790, "h": 536}, "object_present": true}, "P400--cup-again--clutter--FwDwJNpbTNUhrZJTyeyadZVuxFEVsrWtgNpumhQi0q0-00261.jpg": {"object_bounding_box": {"x": 0, "y": 0, "w": 802, "h": 523}, "object_present": true}, "P400--cup-again--clutter--FwDwJNpbTNUhrZJTyeyadZVuxFEVsrWtgNpumhQi0q0-00262.jpg": {"object_bounding_box": {"x": 0, "y": 0, "w": 814, "h": 522}, "object_present": true}, "P400--cup-again--clutter--FwDwJNpbTNUhrZJTyeyadZVuxFEVsrWtgNpumhQi0q0-00263.jpg": {"object_bounding_box": {"x": 0, "y": 0, "w": 836, "h": 538}, "object_present": true}, "P400--cup-again--clutter--FwDwJNpbTNUhrZJTyeyadZVuxFEVsrWtgNpumhQi0q0-00264.jpg": {"object_bounding_box": {"x": 0, "y": 0, "w": 846, "h": 540}, "object_present": true}, "P400--cup-again--clutter--FwDwJNpbTNUhrZJTyeyadZVuxFEVsrWtgNpumhQi0q0-00265.jpg": {"object_bounding_box": {"x": 0, "y": 0, "w": 847, "h": 543}, "object_present": true}, "P400--cup-again--clutter--FwDwJNpbTNUhrZJTyeyadZVuxFEVsrWtgNpumhQi0q0-00266.jpg": {"object_bounding_box": {"x": 0, "y": 0, "w": 839, "h": 537}, "object_present": true}, "P400--cup-again--clutter--FwDwJNpbTNUhrZJTyeyadZVuxFEVsrWtgNpumhQi0q0-00267.jpg": {"object_bounding_box": {"x": 0, "y": 0, "w": 830, "h": 522}, "object_present": true}, "P400--cup-again--clutter--FwDwJNpbTNUhrZJTyeyadZVuxFEVsrWtgNpumhQi0q0-00268.jpg": {"object_bounding_box": {"x": 0, "y": 0, "w": 830, "h": 517}, "object_present": true}, "P400--cup-again--clutter--FwDwJNpbTNUhrZJTyeyadZVuxFEVsrWtgNpumhQi0q0-00269.jpg": {"object_bounding_box": {"x": 0, "y": 0, "w": 844, "h": 525}, "object_present": true}, "P400--cup-again--clutter--FwDwJNpbTNUhrZJTyeyadZVuxFEVsrWtgNpumhQi0q0-00270.jpg": {"object_bounding_box": {"x": 0, "y": 0, "w": 853, "h": 529}, "object_present": true}, "P400--cup-again--clutter--FwDwJNpbTNUhrZJTyeyadZVuxFEVsrWtgNpumhQi0q0-00271.jpg": {"object_bounding_box": {"x": 0, "y": 0, "w": 860, "h": 531}, "object_present": true}, "P400--cup-again--clutter--FwDwJNpbTNUhrZJTyeyadZVuxFEVsrWtgNpumhQi0q0-00272.jpg": {"object_bounding_box": {"x": 0, "y": 0, "w": 863, "h": 535}, "object_present": true}, "P400--cup-again--clutter--FwDwJNpbTNUhrZJTyeyadZVuxFEVsrWtgNpumhQi0q0-00273.jpg": {"object_bounding_box": {"x": 0, "y": 0, "w": 856, "h": 530}, "object_present": true}, "P400--cup-again--clutter--FwDwJNpbTNUhrZJTyeyadZVuxFEVsrWtgNpumhQi0q0-00274.jpg": {"object_bounding_box": {"x": 0, "y": 0, "w": 856, "h": 525}, "object_present": true}, "P400--cup-again--clutter--FwDwJNpbTNUhrZJTyeyadZVuxFEVsrWtgNpumhQi0q0-00275.jpg": {"object_bounding_box": {"x": 0, "y": 0, "w": 859, "h": 526}, "object_present": true}, "P400--cup-again--clutter--FwDwJNpbTNUhrZJTyeyadZVuxFEVsrWtgNpumhQi0q0-00276.jpg": {"object_bounding_box": {"x": 0, "y": 0, "w": 871, "h": 538}, "object_present": true}, "P400--cup-again--clutter--FwDwJNpbTNUhrZJTyeyadZVuxFEVsrWtgNpumhQi0q0-00277.jpg": {"object_bounding_box": {"x": 0, "y": 0, "w": 879, "h": 546}, "object_present": true}, "P400--cup-again--clutter--FwDwJNpbTNUhrZJTyeyadZVuxFEVsrWtgNpumhQi0q0-00278.jpg": {"object_bounding_box": {"x": 0, "y": 0, "w": 887, "h": 561}, "object_present": true}, "P400--cup-again--clutter--FwDwJNpbTNUhrZJTyeyadZVuxFEVsrWtgNpumhQi0q0-00279.jpg": {"object_bounding_box": {"x": 0, "y": 0, "w": 898, "h": 575}, "object_present": true}, "P400--cup-again--clutter--FwDwJNpbTNUhrZJTyeyadZVuxFEVsrWtgNpumhQi0q0-00280.jpg": {"object_bounding_box": {"x": 0, "y": 0, "w": 896, "h": 581}, "object_present": true}, "P400--cup-again--clutter--FwDwJNpbTNUhrZJTyeyadZVuxFEVsrWtgNpumhQi0q0-00281.jpg": {"object_bounding_box": {"x": 0, "y": 0, "w": 888, "h": 573}, "object_present": true}, "P400--cup-again--clutter--FwDwJNpbTNUhrZJTyeyadZVuxFEVsrWtgNpumhQi0q0-00282.jpg": {"object_bounding_box": {"x": 0, "y": 0, "w": 887, "h": 568}, "object_present": true}, "P400--cup-again--clutter--FwDwJNpbTNUhrZJTyeyadZVuxFEVsrWtgNpumhQi0q0-00283.jpg": {"object_bounding_box": {"x": 0, "y": 0, "w": 887, "h": 566}, "object_present": true}, "P400--cup-again--clutter--FwDwJNpbTNUhrZJTyeyadZVuxFEVsrWtgNpumhQi0q0-00284.jpg": {"object_bounding_box": {"x": 0, "y": 0, "w": 889, "h": 565}, "object_present": true}, "P400--cup-again--clutter--FwDwJNpbTNUhrZJTyeyadZVuxFEVsrWtgNpumhQi0q0-00285.jpg": {"object_bounding_box": {"x": 0, "y": 0, "w": 889, "h": 563}, "object_present": true}, "P400--cup-again--clutter--FwDwJNpbTNUhrZJTyeyadZVuxFEVsrWtgNpumhQi0q0-00286.jpg": {"object_bounding_box": {"x": 0, "y": 0, "w": 890, "h": 564}, "object_present": true}, "P400--cup-again--clutter--FwDwJNpbTNUhrZJTyeyadZVuxFEVsrWtgNpumhQi0q0-00287.jpg": {"object_bounding_box": {"x": 0, "y": 0, "w": 888, "h": 565}, "object_present": true}, "P400--cup-again--clutter--FwDwJNpbTNUhrZJTyeyadZVuxFEVsrWtgNpumhQi0q0-00288.jpg": {"object_bounding_box": {"x": 0, "y": 0, "w": 889, "h": 568}, "object_present": true}, "P400--cup-again--clutter--FwDwJNpbTNUhrZJTyeyadZVuxFEVsrWtgNpumhQi0q0-00289.jpg": {"object_bounding_box": {"x": 0, "y": 0, "w": 893, "h": 572}, "object_present": true}, "P400--cup-again--clutter--FwDwJNpbTNUhrZJTyeyadZVuxFEVsrWtgNpumhQi0q0-00290.jpg": {"object_bounding_box": {"x": 0, "y": 0, "w": 899, "h": 578}, "object_present": true}, "P400--cup-again--clutter--FwDwJNpbTNUhrZJTyeyadZVuxFEVsrWtgNpumhQi0q0-00291.jpg": {"object_bounding_box": {"x": 0, "y": 0, "w": 902, "h": 581}, "object_present": true}, "P400--cup-again--clutter--FwDwJNpbTNUhrZJTyeyadZVuxFEVsrWtgNpumhQi0q0-00292.jpg": {"object_bounding_box": {"x": 0, "y": 0, "w": 902, "h": 578}, "object_present": true}, "P400--cup-again--clutter--FwDwJNpbTNUhrZJTyeyadZVuxFEVsrWtgNpumhQi0q0-00293.jpg": {"object_bounding_box": {"x": 0, "y": 0, "w": 908, "h": 574}, "object_present": true}, "P400--cup-again--clutter--FwDwJNpbTNUhrZJTyeyadZVuxFEVsrWtgNpumhQi0q0-00294.jpg": {"object_bounding_box": {"x": 0, "y": 0, "w": 909, "h": 564}, "object_present": true}, "P400--cup-again--clutter--FwDwJNpbTNUhrZJTyeyadZVuxFEVsrWtgNpumhQi0q0-00295.jpg": {"object_bounding_box": {"x": 0, "y": 0, "w": 915, "h": 559}, "object_present": true}, "P400--cup-again--clutter--FwDwJNpbTNUhrZJTyeyadZVuxFEVsrWtgNpumhQi0q0-00296.jpg": {"object_bounding_box": {"x": 0, "y": 0, "w": 921, "h": 560}, "object_present": true}, "P400--cup-again--clutter--FwDwJNpbTNUhrZJTyeyadZVuxFEVsrWtgNpumhQi0q0-00297.jpg": {"object_bounding_box": {"x": 8, "y": 0, "w": 930, "h": 566}, "object_present": true}, "P400--cup-again--clutter--FwDwJNpbTNUhrZJTyeyadZVuxFEVsrWtgNpumhQi0q0-00298.jpg": {"object_bounding_box": {"x": 17, "y": 0, "w": 930, "h": 564}, "object_present": true}, "P400--cup-again--clutter--FwDwJNpbTNUhrZJTyeyadZVuxFEVsrWtgNpumhQi0q0-00299.jpg": {"object_bounding_box": {"x": 30, "y": 0, "w": 929, "h": 560}, "object_present": true}, "P400--cup-again--clutter--FwDwJNpbTNUhrZJTyeyadZVuxFEVsrWtgNpumhQi0q0-00300.jpg": {"object_bounding_box": {"x": 40, "y": 0, "w": 926, "h": 558}, "object_present": true}, "P400--cup-again--clutter--FwDwJNpbTNUhrZJTyeyadZVuxFEVsrWtgNpumhQi0q0-00301.jpg": {"object_bounding_box": {"x": 43, "y": 0, "w": 919, "h": 556}, "object_present": true}, "P400--cup-again--clutter--FwDwJNpbTNUhrZJTyeyadZVuxFEVsrWtgNpumhQi0q0-00302.jpg": {"object_bounding_box": {"x": 38, "y": 0, "w": 913, "h": 551}, "object_present": true}, "P400--cup-again--clutter--FwDwJNpbTNUhrZJTyeyadZVuxFEVsrWtgNpumhQi0q0-00303.jpg": {"object_bounding_box": {"x": 47, "y": 0, "w": 908, "h": 551}, "object_present": true}, "P400--cup-again--clutter--FwDwJNpbTNUhrZJTyeyadZVuxFEVsrWtgNpumhQi0q0-00304.jpg": {"object_bounding_box": {"x": 66, "y": 0, "w": 891, "h": 564}, "object_present": true}, "P400--cup-again--clutter--FwDwJNpbTNUhrZJTyeyadZVuxFEVsrWtgNpumhQi0q0-00305.jpg": {"object_bounding_box": {"x": 81, "y": 0, "w": 893, "h": 577}, "object_present": true}, "P400--cup-again--clutter--FwDwJNpbTNUhrZJTyeyadZVuxFEVsrWtgNpumhQi0q0-00306.jpg": {"object_bounding_box": {"x": 91, "y": 0, "w": 895, "h": 586}, "object_present": true}, "P400--cup-again--clutter--FwDwJNpbTNUhrZJTyeyadZVuxFEVsrWtgNpumhQi0q0-00307.jpg": {"object_bounding_box": {"x": 92, "y": 0, "w": 905, "h": 589}, "object_present": true}, "P400--cup-again--clutter--FwDwJNpbTNUhrZJTyeyadZVuxFEVsrWtgNpumhQi0q0-00308.jpg": {"object_bounding_box": {"x": 63, "y": 0, "w": 924, "h": 578}, "object_present": true}, "P400--cup-again--clutter--FwDwJNpbTNUhrZJTyeyadZVuxFEVsrWtgNpumhQi0q0-00309.jpg": {"object_bounding_box": {"x": 33, "y": 0, "w": 928, "h": 550}, "object_present": true}, "P400--cup-again--clutter--FwDwJNpbTNUhrZJTyeyadZVuxFEVsrWtgNpumhQi0q0-00310.jpg": {"object_bounding_box": {"x": 13, "y": 0, "w": 930, "h": 540}, "object_present": true}, "P400--cup-again--clutter--FwDwJNpbTNUhrZJTyeyadZVuxFEVsrWtgNpumhQi0q0-00311.jpg": {"object_bounding_box": {"x": 0, "y": 0, "w": 913, "h": 550}, "object_present": true}, "P400--cup-again--clutter--FwDwJNpbTNUhrZJTyeyadZVuxFEVsrWtgNpumhQi0q0-00312.jpg": {"object_bounding_box": {"x": 0, "y": 0, "w": 888, "h": 568}, "object_present": true}, "P400--cup-again--clutter--FwDwJNpbTNUhrZJTyeyadZVuxFEVsrWtgNpumhQi0q0-00313.jpg": {"object_bounding_box": {"x": 0, "y": 0, "w": 873, "h": 580}, "object_present": true}, "P400--cup-again--clutter--FwDwJNpbTNUhrZJTyeyadZVuxFEVsrWtgNpumhQi0q0-00314.jpg": {"object_bounding_box": {"x": 0, "y": 0, "w": 860, "h": 589}, "object_present": true}, "P400--cup-again--clutter--FwDwJNpbTNUhrZJTyeyadZVuxFEVsrWtgNpumhQi0q0-00315.jpg": {"object_bounding_box": {"x": 0, "y": 0, "w": 852, "h": 596}, "object_present": true}, "P400--cup-again--clutter--FwDwJNpbTNUhrZJTyeyadZVuxFEVsrWtgNpumhQi0q0-00316.jpg": {"object_bounding_box": {"x": 0, "y": 0, "w": 843, "h": 602}, "object_present": true}, "P400--cup-again--clutter--FwDwJNpbTNUhrZJTyeyadZVuxFEVsrWtgNpumhQi0q0-00317.jpg": {"object_bounding_box": {"x": 0, "y": 0, "w": 836, "h": 604}, "object_present": true}, "P400--cup-again--clutter--FwDwJNpbTNUhrZJTyeyadZVuxFEVsrWtgNpumhQi0q0-00318.jpg": {"object_bounding_box": {"x": 0, "y": 0, "w": 821, "h": 594}, "object_present": true}, "P400--cup-again--clutter--FwDwJNpbTNUhrZJTyeyadZVuxFEVsrWtgNpumhQi0q0-00319.jpg": {"object_bounding_box": {"x": 0, "y": 0, "w": 821, "h": 594}, "object_present": true}, "P400--cup-again--clutter--FwDwJNpbTNUhrZJTyeyadZVuxFEVsrWtgNpumhQi0q0-00320.jpg": {"object_bounding_box": {"x": 0, "y": 0, "w": 838, "h": 596}, "object_present": true}, "P400--cup-again--clutter--FwDwJNpbTNUhrZJTyeyadZVuxFEVsrWtgNpumhQi0q0-00321.jpg": {"object_bounding_box": {"x": 0, "y": 0, "w": 834, "h": 574}, "object_present": true}, "P400--cup-again--clutter--FwDwJNpbTNUhrZJTyeyadZVuxFEVsrWtgNpumhQi0q0-00322.jpg": {"object_bounding_box": {"x": 0, "y": 0, "w": 834, "h": 562}, "object_present": true}, "P400--cup-again--clutter--FwDwJNpbTNUhrZJTyeyadZVuxFEVsrWtgNpumhQi0q0-00323.jpg": {"object_bounding_box": {"x": 0, "y": 0, "w": 839, "h": 554}, "object_present": true}, "P400--cup-again--clutter--FwDwJNpbTNUhrZJTyeyadZVuxFEVsrWtgNpumhQi0q0-00324.jpg": {"object_bounding_box": {"x": 0, "y": 0, "w": 824, "h": 526}, "object_present": true}, "P400--cup-again--clutter--FwDwJNpbTNUhrZJTyeyadZVuxFEVsrWtgNpumhQi0q0-00325.jpg": {"object_bounding_box": {"x": 0, "y": 0, "w": 824, "h": 520}, "object_present": true}, "P400--cup-again--clutter--FwDwJNpbTNUhrZJTyeyadZVuxFEVsrWtgNpumhQi0q0-00326.jpg": {"object_bounding_box": {"x": 0, "y": 0, "w": 844, "h": 525}, "object_present": true}, "P400--cup-again--clutter--FwDwJNpbTNUhrZJTyeyadZVuxFEVsrWtgNpumhQi0q0-00327.jpg": {"object_bounding_box": {"x": 0, "y": 0, "w": 863, "h": 533}, "object_present": true}, "P400--cup-again--clutter--FwDwJNpbTNUhrZJTyeyadZVuxFEVsrWtgNpumhQi0q0-00328.jpg": {"object_bounding_box": {"x": 0, "y": 0, "w": 889, "h": 540}, "object_present": true}, "P400--cup-again--clutter--FwDwJNpbTNUhrZJTyeyadZVuxFEVsrWtgNpumhQi0q0-00329.jpg": {"object_bounding_box": {"x": 0, "y": 0, "w": 903, "h": 543}, "object_present": true}, "P400--cup-again--clutter--FwDwJNpbTNUhrZJTyeyadZVuxFEVsrWtgNpumhQi0q0-00330.jpg": {"object_bounding_box": {"x": 0, "y": 0, "w": 912, "h": 535}, "object_present": true}, "P400--cup-again--clutter--FwDwJNpbTNUhrZJTyeyadZVuxFEVsrWtgNpumhQi0q0-00331.jpg": {"object_bounding_box": {"x": 0, "y": 0, "w": 926, "h": 537}, "object_present": true}, "P400--cup-again--clutter--FwDwJNpbTNUhrZJTyeyadZVuxFEVsrWtgNpumhQi0q0-00332.jpg": {"object_bounding_box": {"x": 0, "y": 0, "w": 926, "h": 533}, "object_present": true}, "P400--cup-again--clutter--FwDwJNpbTNUhrZJTyeyadZVuxFEVsrWtgNpumhQi0q0-00333.jpg": {"object_bounding_box": {"x": 0, "y": 0, "w": 926, "h": 527}, "object_present": true}, "P400--cup-again--clutter--FwDwJNpbTNUhrZJTyeyadZVuxFEVsrWtgNpumhQi0q0-00334.jpg": {"object_bounding_box": {"x": 0, "y": 0, "w": 940, "h": 524}, "object_present": true}, "P400--cup-again--clutter--FwDwJNpbTNUhrZJTyeyadZVuxFEVsrWtgNpumhQi0q0-00335.jpg": {"object_bounding_box": {"x": 15, "y": 0, "w": 939, "h": 524}, "object_present": true}, "P400--cup-again--clutter--FwDwJNpbTNUhrZJTyeyadZVuxFEVsrWtgNpumhQi0q0-00336.jpg": {"object_bounding_box": {"x": 21, "y": 0, "w": 936, "h": 522}, "object_present": true}, "P400--cup-again--clutter--FwDwJNpbTNUhrZJTyeyadZVuxFEVsrWtgNpumhQi0q0-00337.jpg": {"object_bounding_box": {"x": 23, "y": 1, "w": 931, "h": 524}, "object_present": true}, "P400--cup-again--clutter--FwDwJNpbTNUhrZJTyeyadZVuxFEVsrWtgNpumhQi0q0-00338.jpg": {"object_bounding_box": {"x": 20, "y": 0, "w": 934, "h": 521}, "object_present": true}, "P400--cup-again--clutter--FwDwJNpbTNUhrZJTyeyadZVuxFEVsrWtgNpumhQi0q0-00339.jpg": {"object_bounding_box": {"x": 14, "y": 0, "w": 934, "h": 519}, "object_present": true}, "P400--cup-again--clutter--FwDwJNpbTNUhrZJTyeyadZVuxFEVsrWtgNpumhQi0q0-00340.jpg": {"object_bounding_box": {"x": 11, "y": 0, "w": 935, "h": 512}, "object_present": true}, "P400--cup-again--clutter--FwDwJNpbTNUhrZJTyeyadZVuxFEVsrWtgNpumhQi0q0-00341.jpg": {"object_bounding_box": {"x": 16, "y": 0, "w": 932, "h": 512}, "object_present": true}, "P400--cup-again--clutter--FwDwJNpbTNUhrZJTyeyadZVuxFEVsrWtgNpumhQi0q0-00342.jpg": {"object_bounding_box": {"x": 20, "y": 0, "w": 929, "h": 514}, "object_present": true}, "P400--cup-again--clutter--FwDwJNpbTNUhrZJTyeyadZVuxFEVsrWtgNpumhQi0q0-00343.jpg": {"object_bounding_box": {"x": 22, "y": 0, "w": 928, "h": 515}, "object_present": true}, "P400--cup-again--clutter--FwDwJNpbTNUhrZJTyeyadZVuxFEVsrWtgNpumhQi0q0-00344.jpg": {"object_bounding_box": {"x": 24, "y": 0, "w": 931, "h": 514}, "object_present": true}, "P400--cup-again--clutter--FwDwJNpbTNUhrZJTyeyadZVuxFEVsrWtgNpumhQi0q0-00345.jpg": {"object_bounding_box": {"x": 21, "y": 0, "w": 935, "h": 511}, "object_present": true}, "P400--cup-again--clutter--FwDwJNpbTNUhrZJTyeyadZVuxFEVsrWtgNpumhQi0q0-00346.jpg": {"object_bounding_box": {"x": 16, "y": 0, "w": 938, "h": 506}, "object_present": true}, "P400--cup-again--clutter--FwDwJNpbTNUhrZJTyeyadZVuxFEVsrWtgNpumhQi0q0-00347.jpg": {"object_bounding_box": {"x": 12, "y": 0, "w": 944, "h": 505}, "object_present": true}, "P400--cup-again--clutter--FwDwJNpbTNUhrZJTyeyadZVuxFEVsrWtgNpumhQi0q0-00348.jpg": {"object_bounding_box": {"x": 6, "y": 0, "w": 945, "h": 504}, "object_present": true}, "P400--cup-again--clutter--FwDwJNpbTNUhrZJTyeyadZVuxFEVsrWtgNpumhQi0q0-00349.jpg": {"object_bounding_box": {"x": 0, "y": 0, "w": 944, "h": 497}, "object_present": true}, "P400--cup-again--clutter--FwDwJNpbTNUhrZJTyeyadZVuxFEVsrWtgNpumhQi0q0-00350.jpg": {"object_bounding_box": {"x": 0, "y": 0, "w": 937, "h": 490}, "object_present": true}, "P400--cup-again--clutter--FwDwJNpbTNUhrZJTyeyadZVuxFEVsrWtgNpumhQi0q0-00351.jpg": {"object_bounding_box": {"x": 0, "y": 0, "w": 926, "h": 484}, "object_present": true}, "P400--cup-again--clutter--FwDwJNpbTNUhrZJTyeyadZVuxFEVsrWtgNpumhQi0q0-00352.jpg": {"object_bounding_box": {"x": 0, "y": 0, "w": 929, "h": 492}, "object_present": true}, "P400--cup-again--clutter--FwDwJNpbTNUhrZJTyeyadZVuxFEVsrWtgNpumhQi0q0-00353.jpg": {"object_bounding_box": {"x": 0, "y": 0, "w": 940, "h": 500}, "object_present": true}, "P400--cup-again--clutter--FwDwJNpbTNUhrZJTyeyadZVuxFEVsrWtgNpumhQi0q0-00354.jpg": {"object_bounding_box": {"x": 0, "y": 0, "w": 934, "h": 495}, "object_present": true}, "P400--cup-again--clutter--FwDwJNpbTNUhrZJTyeyadZVuxFEVsrWtgNpumhQi0q0-00355.jpg": {"object_bounding_box": {"x": 0, "y": 0, "w": 934, "h": 493}, "object_present": true}, "P400--cup-again--clutter--FwDwJNpbTNUhrZJTyeyadZVuxFEVsrWtgNpumhQi0q0-00356.jpg": {"object_bounding_box": {"x": 0, "y": 0, "w": 933, "h": 492}, "object_present": true}, "P400--cup-again--clutter--FwDwJNpbTNUhrZJTyeyadZVuxFEVsrWtgNpumhQi0q0-00357.jpg": {"object_bounding_box": {"x": 0, "y": 0, "w": 935, "h": 493}, "object_present": true}, "P400--cup-again--clutter--FwDwJNpbTNUhrZJTyeyadZVuxFEVsrWtgNpumhQi0q0-00358.jpg": {"object_bounding_box": {"x": 0, "y": 0, "w": 889, "h": 505}, "object_present": true}, "P400--cup-again--clutter--FwDwJNpbTNUhrZJTyeyadZVuxFEVsrWtgNpumhQi0q0-00359.jpg": {"object_bounding_box": {"x": 0, "y": 0, "w": 884, "h": 498}, "object_present": true}, "P400--cup-again--clutter--FwDwJNpbTNUhrZJTyeyadZVuxFEVsrWtgNpumhQi0q0-00360.jpg": {"object_bounding_box": {"x": 0, "y": 0, "w": 871, "h": 479}, "object_present": true}, "P400--cup-again--clutter--FwDwJNpbTNUhrZJTyeyadZVuxFEVsrWtgNpumhQi0q0-00361.jpg": {"object_bounding_box": {"x": 0, "y": 0, "w": 874, "h": 483}, "object_present": true}, "P400--cup-again--clutter--FwDwJNpbTNUhrZJTyeyadZVuxFEVsrWtgNpumhQi0q0-00362.jpg": {"object_bounding_box": {"x": 0, "y": 0, "w": 897, "h": 492}, "object_present": true}, "P400--cup-again--clutter--FwDwJNpbTNUhrZJTyeyadZVuxFEVsrWtgNpumhQi0q0-00363.jpg": {"object_bounding_box": {"x": 0, "y": 0, "w": 898, "h": 486}, "object_present": true}, "P400--cup-again--clutter--FwDwJNpbTNUhrZJTyeyadZVuxFEVsrWtgNpumhQi0q0-00364.jpg": {"object_bounding_box": {"x": 0, "y": 0, "w": 894, "h": 483}, "object_present": true}, "P400--cup-again--clutter--FwDwJNpbTNUhrZJTyeyadZVuxFEVsrWtgNpumhQi0q0-00365.jpg": {"object_bounding_box": {"x": 0, "y": 0, "w": 894, "h": 486}, "object_present": true}, "P400--cup-again--clutter--FwDwJNpbTNUhrZJTyeyadZVuxFEVsrWtgNpumhQi0q0-00366.jpg": {"object_bounding_box": {"x": 0, "y": 0, "w": 892, "h": 487}, "object_present": true}, "P400--cup-again--clutter--FwDwJNpbTNUhrZJTyeyadZVuxFEVsrWtgNpumhQi0q0-00367.jpg": {"object_bounding_box": {"x": 0, "y": 0, "w": 886, "h": 485}, "object_present": true}, "P400--cup-again--clutter--FwDwJNpbTNUhrZJTyeyadZVuxFEVsrWtgNpumhQi0q0-00368.jpg": {"object_bounding_box": {"x": 0, "y": 2, "w": 881, "h": 477}, "object_present": true}, "P400--cup-again--clutter--FwDwJNpbTNUhrZJTyeyadZVuxFEVsrWtgNpumhQi0q0-00369.jpg": {"object_bounding_box": {"x": 0, "y": 0, "w": 880, "h": 476}, "object_present": true}, "P400--cup-again--clutter--FwDwJNpbTNUhrZJTyeyadZVuxFEVsrWtgNpumhQi0q0-00370.jpg": {"object_bounding_box": {"x": 0, "y": 0, "w": 875, "h": 474}, "object_present": true}, "P400--cup-again--clutter--FwDwJNpbTNUhrZJTyeyadZVuxFEVsrWtgNpumhQi0q0-00371.jpg": {"object_bounding_box": {"x": 0, "y": 0, "w": 868, "h": 469}, "object_present": true}, "P400--cup-again--clutter--FwDwJNpbTNUhrZJTyeyadZVuxFEVsrWtgNpumhQi0q0-00372.jpg": {"object_bounding_box": {"x": 0, "y": 0, "w": 864, "h": 468}, "object_present": true}, "P400--cup-again--clutter--FwDwJNpbTNUhrZJTyeyadZVuxFEVsrWtgNpumhQi0q0-00373.jpg": {"object_bounding_box": {"x": 0, "y": 0, "w": 859, "h": 468}, "object_present": true}, "P400--cup-again--clutter--FwDwJNpbTNUhrZJTyeyadZVuxFEVsrWtgNpumhQi0q0-00374.jpg": {"object_bounding_box": {"x": 0, "y": 0, "w": 859, "h": 467}, "object_present": true}, "P400--cup-again--clutter--FwDwJNpbTNUhrZJTyeyadZVuxFEVsrWtgNpumhQi0q0-00375.jpg": {"object_bounding_box": {"x": 0, "y": 0, "w": 853, "h": 463}, "object_present": true}, "P400--cup-again--clutter--FwDwJNpbTNUhrZJTyeyadZVuxFEVsrWtgNpumhQi0q0-00376.jpg": {"object_bounding_box": {"x": 0, "y": 0, "w": 850, "h": 460}, "object_present": true}, "P400--cup-again--clutter--FwDwJNpbTNUhrZJTyeyadZVuxFEVsrWtgNpumhQi0q0-00377.jpg": {"object_bounding_box": {"x": 0, "y": 0, "w": 850, "h": 460}, "object_present": true}, "P400--cup-again--clutter--FwDwJNpbTNUhrZJTyeyadZVuxFEVsrWtgNpumhQi0q0-00378.jpg": {"object_bounding_box": {"x": 0, "y": 0, "w": 847, "h": 456}, "object_present": true}, "P400--cup-again--clutter--FwDwJNpbTNUhrZJTyeyadZVuxFEVsrWtgNpumhQi0q0-00379.jpg": {"object_bounding_box": {"x": 0, "y": 0, "w": 845, "h": 452}, "object_present": true}, "P400--cup-again--clutter--FwDwJNpbTNUhrZJTyeyadZVuxFEVsrWtgNpumhQi0q0-00380.jpg": {"object_bounding_box": {"x": 0, "y": 0, "w": 846, "h": 454}, "object_present": true}, "P400--cup-again--clutter--FwDwJNpbTNUhrZJTyeyadZVuxFEVsrWtgNpumhQi0q0-00381.jpg": {"object_bounding_box": {"x": 0, "y": 0, "w": 844, "h": 453}, "object_present": true}, "P400--cup-again--clutter--FwDwJNpbTNUhrZJTyeyadZVuxFEVsrWtgNpumhQi0q0-00382.jpg": {"object_bounding_box": {"x": 0, "y": 0, "w": 845, "h": 452}, "object_present": true}, "P400--cup-again--clutter--FwDwJNpbTNUhrZJTyeyadZVuxFEVsrWtgNpumhQi0q0-00383.jpg": {"object_bounding_box": {"x": 0, "y": 0, "w": 845, "h": 451}, "object_present": true}, "P400--cup-again--clutter--FwDwJNpbTNUhrZJTyeyadZVuxFEVsrWtgNpumhQi0q0-00384.jpg": {"object_bounding_box": {"x": 0, "y": 0, "w": 845, "h": 451}, "object_present": true}, "P400--cup-again--clutter--FwDwJNpbTNUhrZJTyeyadZVuxFEVsrWtgNpumhQi0q0-00385.jpg": {"object_bounding_box": {"x": 0, "y": 0, "w": 846, "h": 454}, "object_present": true}, "P400--cup-again--clutter--FwDwJNpbTNUhrZJTyeyadZVuxFEVsrWtgNpumhQi0q0-00386.jpg": {"object_bounding_box": {"x": 0, "y": 0, "w": 845, "h": 455}, "object_present": true}, "P400--cup-again--clutter--FwDwJNpbTNUhrZJTyeyadZVuxFEVsrWtgNpumhQi0q0-00387.jpg": {"object_bounding_box": {"x": 0, "y": 0, "w": 846, "h": 459}, "object_present": true}, "P400--cup-again--clutter--FwDwJNpbTNUhrZJTyeyadZVuxFEVsrWtgNpumhQi0q0-00388.jpg": {"object_bounding_box": {"x": 0, "y": 0, "w": 843, "h": 455}, "object_present": true}, "P400--cup-again--clutter--FwDwJNpbTNUhrZJTyeyadZVuxFEVsrWtgNpumhQi0q0-00389.jpg": {"object_bounding_box": {"x": 0, "y": 0, "w": 839, "h": 452}, "object_present": true}, "P400--cup-again--clutter--FwDwJNpbTNUhrZJTyeyadZVuxFEVsrWtgNpumhQi0q0-00390.jpg": {"object_bounding_box": {"x": 0, "y": 0, "w": 835, "h": 451}, "object_present": true}, "P400--cup-again--clutter--FwDwJNpbTNUhrZJTyeyadZVuxFEVsrWtgNpumhQi0q0-00391.jpg": {"object_bounding_box": {"x": 0, "y": 0, "w": 835, "h": 458}, "object_present": true}, "P400--cup-again--clutter--FwDwJNpbTNUhrZJTyeyadZVuxFEVsrWtgNpumhQi0q0-00392.jpg": {"object_bounding_box": {"x": 0, "y": 0, "w": 829, "h": 473}, "object_present": true}, "P400--cup-again--clutter--FwDwJNpbTNUhrZJTyeyadZVuxFEVsrWtgNpumhQi0q0-00393.jpg": {"object_bounding_box": {"x": 0, "y": 0, "w": 863, "h": 512}, "object_present": true}, "P400--cup-again--clutter--FwDwJNpbTNUhrZJTyeyadZVuxFEVsrWtgNpumhQi0q0-00394.jpg": {"object_bounding_box": {"x": 0, "y": 0, "w": 860, "h": 392}, "object_present": true}, "P400--cup-again--clutter--FwDwJNpbTNUhrZJTyeyadZVuxFEVsrWtgNpumhQi0q0-00395.jpg": {"object_bounding_box": {"x": 0, "y": 0, "w": 782, "h": 321}, "object_present": true}, "P400--cup-again--clutter--FwDwJNpbTNUhrZJTyeyadZVuxFEVsrWtgNpumhQi0q0-00396.jpg": {"object_bounding_box": {"x": 0, "y": 0, "w": 809, "h": 385}, "object_present": true}, "P400--cup-again--clutter--FwDwJNpbTNUhrZJTyeyadZVuxFEVsrWtgNpumhQi0q0-00397.jpg": {"object_bounding_box": {"x": 0, "y": 0, "w": 816, "h": 424}, "object_present": true}, "P400--cup-again--clutter--FwDwJNpbTNUhrZJTyeyadZVuxFEVsrWtgNpumhQi0q0-00398.jpg": {"object_bounding_box": {"x": 0, "y": 0, "w": 874, "h": 524}, "object_present": true}, "P400--cup-again--clutter--FwDwJNpbTNUhrZJTyeyadZVuxFEVsrWtgNpumhQi0q0-00399.jpg": {"object_bounding_box": {"x": 0, "y": 0, "w": 905, "h": 416}, "object_present": true}, "P400--cup-again--clutter--FwDwJNpbTNUhrZJTyeyadZVuxFEVsrWtgNpumhQi0q0-00400.jpg": {"object_bounding_box": {"x": 0, "y": 0, "w": 782, "h": 258}, "object_present": true}, "P400--cup-again--clutter--FwDwJNpbTNUhrZJTyeyadZVuxFEVsrWtgNpumhQi0q0-00401.jpg": {"object_bounding_box": {"x": 0, "y": 0, "w": 860, "h": 342}, "object_present": true}, "P400--cup-again--clutter--FwDwJNpbTNUhrZJTyeyadZVuxFEVsrWtgNpumhQi0q0-00402.jpg": {"object_bounding_box": {"x": 0, "y": 0, "w": 878, "h": 382}, "object_present": true}, "P400--cup-again--clutter--FwDwJNpbTNUhrZJTyeyadZVuxFEVsrWtgNpumhQi0q0-00403.jpg": {"object_bounding_box": {"x": 0, "y": 0, "w": 868, "h": 368}, "object_present": true}, "P400--cup-again--clutter--FwDwJNpbTNUhrZJTyeyadZVuxFEVsrWtgNpumhQi0q0-00404.jpg": {"object_bounding_box": {"x": 0, "y": 0, "w": 870, "h": 379}, "object_present": true}}