{"P447--sharp-knife--clutter--aVSCktQBth3AXsh4vCZeEdEBMIdYvsb-3Ks4G29aLjE-00001.jpg": {"object_bounding_box": {"x": 695, "y": 0, "w": 233, "h": 1080}, "object_present": true}, "P447--sharp-knife--clutter--aVSCktQBth3AXsh4vCZeEdEBMIdYvsb-3Ks4G29aLjE-00002.jpg": {"object_bounding_box": {"x": 695, "y": 0, "w": 233, "h": 1080}, "object_present": true}, "P447--sharp-knife--clutter--aVSCktQBth3AXsh4vCZeEdEBMIdYvsb-3Ks4G29aLjE-00003.jpg": {"object_bounding_box": {"x": 704, "y": 0, "w": 242, "h": 1080}, "object_present": true}, "P447--sharp-knife--clutter--aVSCktQBth3AXsh4vCZeEdEBMIdYvsb-3Ks4G29aLjE-00004.jpg": {"object_bounding_box": {"x": 712, "y": 0, "w": 236, "h": 1080}, "object_present": true}, "P447--sharp-knife--clutter--aVSCktQBth3AXsh4vCZeEdEBMIdYvsb-3Ks4G29aLjE-00005.jpg": {"object_bounding_box": {"x": 719, "y": 0, "w": 236, "h": 1080}, "object_present": true}, "P447--sharp-knife--clutter--aVSCktQBth3AXsh4vCZeEdEBMIdYvsb-3Ks4G29aLjE-00006.jpg": {"object_bounding_box": {"x": 710, "y": 0, "w": 244, "h": 1080}, "object_present": true}, "P447--sharp-knife--clutter--aVSCktQBth3AXsh4vCZeEdEBMIdYvsb-3Ks4G29aLjE-00007.jpg": {"object_bounding_box": {"x": 702, "y": 0, "w": 244, "h": 1080}, "object_present": true}, "P447--sharp-knife--clutter--aVSCktQBth3AXsh4vCZeEdEBMIdYvsb-3Ks4G29aLjE-00008.jpg": {"object_bounding_box": {"x": 698, "y": 0, "w": 244, "h": 1080}, "object_present": true}, "P447--sharp-knife--clutter--aVSCktQBth3AXsh4vCZeEdEBMIdYvsb-3Ks4G29aLjE-00009.jpg": {"object_bounding_box": {"x": 693, "y": 0, "w": 244, "h": 1080}, "object_present": true}, "P447--sharp-knife--clutter--aVSCktQBth3AXsh4vCZeEdEBMIdYvsb-3Ks4G29aLjE-00010.jpg": {"object_bounding_box": {"x": 685, "y": 0, "w": 246, "h": 1080}, "object_present": true}, "P447--sharp-knife--clutter--aVSCktQBth3AXsh4vCZeEdEBMIdYvsb-3Ks4G29aLjE-00011.jpg": {"object_bounding_box": {"x": 677, "y": 0, "w": 246, "h": 1080}, "object_present": true}, "P447--sharp-knife--clutter--aVSCktQBth3AXsh4vCZeEdEBMIdYvsb-3Ks4G29aLjE-00012.jpg": {"object_bounding_box": {"x": 670, "y": 0, "w": 246, "h": 1080}, "object_present": true}, "P447--sharp-knife--clutter--aVSCktQBth3AXsh4vCZeEdEBMIdYvsb-3Ks4G29aLjE-00013.jpg": {"object_bounding_box": {"x": 664, "y": 0, "w": 246, "h": 1080}, "object_present": true}, "P447--sharp-knife--clutter--aVSCktQBth3AXsh4vCZeEdEBMIdYvsb-3Ks4G29aLjE-00014.jpg": {"object_bounding_box": {"x": 661, "y": 0, "w": 246, "h": 1080}, "object_present": true}, "P447--sharp-knife--clutter--aVSCktQBth3AXsh4vCZeEdEBMIdYvsb-3Ks4G29aLjE-00015.jpg": {"object_bounding_box": {"x": 652, "y": 0, "w": 246, "h": 1080}, "object_present": true}, "P447--sharp-knife--clutter--aVSCktQBth3AXsh4vCZeEdEBMIdYvsb-3Ks4G29aLjE-00016.jpg": {"object_bounding_box": {"x": 632, "y": 0, "w": 246, "h": 1080}, "object_present": true}, "P447--sharp-knife--clutter--aVSCktQBth3AXsh4vCZeEdEBMIdYvsb-3Ks4G29aLjE-00017.jpg": {"object_bounding_box": {"x": 604, "y": 0, "w": 254, "h": 1080}, "object_present": true}, "P447--sharp-knife--clutter--aVSCktQBth3AXsh4vCZeEdEBMIdYvsb-3Ks4G29aLjE-00018.jpg": {"object_bounding_box": {"x": 601, "y": 0, "w": 252, "h": 1080}, "object_present": true}, "P447--sharp-knife--clutter--aVSCktQBth3AXsh4vCZeEdEBMIdYvsb-3Ks4G29aLjE-00019.jpg": {"object_bounding_box": {"x": 603, "y": 0, "w": 252, "h": 1080}, "object_present": true}, "P447--sharp-knife--clutter--aVSCktQBth3AXsh4vCZeEdEBMIdYvsb-3Ks4G29aLjE-00020.jpg": {"object_bounding_box": {"x": 608, "y": 0, "w": 252, "h": 1080}, "object_present": true}, "P447--sharp-knife--clutter--aVSCktQBth3AXsh4vCZeEdEBMIdYvsb-3Ks4G29aLjE-00021.jpg": {"object_bounding_box": {"x": 604, "y": 0, "w": 259, "h": 1080}, "object_present": true}, "P447--sharp-knife--clutter--aVSCktQBth3AXsh4vCZeEdEBMIdYvsb-3Ks4G29aLjE-00022.jpg": {"object_bounding_box": {"x": 620, "y": 0, "w": 256, "h": 1080}, "object_present": true}, "P447--sharp-knife--clutter--aVSCktQBth3AXsh4vCZeEdEBMIdYvsb-3Ks4G29aLjE-00023.jpg": {"object_bounding_box": {"x": 631, "y": 0, "w": 261, "h": 1080}, "object_present": true}, "P447--sharp-knife--clutter--aVSCktQBth3AXsh4vCZeEdEBMIdYvsb-3Ks4G29aLjE-00024.jpg": {"object_bounding_box": {"x": 639, "y": 0, "w": 261, "h": 1080}, "object_present": true}, "P447--sharp-knife--clutter--aVSCktQBth3AXsh4vCZeEdEBMIdYvsb-3Ks4G29aLjE-00025.jpg": {"object_bounding_box": {"x": 658, "y": 0, "w": 269, "h": 1080}, "object_present": true}, "P447--sharp-knife--clutter--aVSCktQBth3AXsh4vCZeEdEBMIdYvsb-3Ks4G29aLjE-00026.jpg": {"object_bounding_box": {"x": 681, "y": 0, "w": 282, "h": 1080}, "object_present": true}, "P447--sharp-knife--clutter--aVSCktQBth3AXsh4vCZeEdEBMIdYvsb-3Ks4G29aLjE-00027.jpg": {"object_bounding_box": {"x": 701, "y": 0, "w": 300, "h": 1080}, "object_present": true}, "P447--sharp-knife--clutter--aVSCktQBth3AXsh4vCZeEdEBMIdYvsb-3Ks4G29aLjE-00028.jpg": {"object_bounding_box": {"x": 708, "y": 0, "w": 321, "h": 1080}, "object_present": true}, "P447--sharp-knife--clutter--aVSCktQBth3AXsh4vCZeEdEBMIdYvsb-3Ks4G29aLjE-00029.jpg": {"object_bounding_box": {"x": 729, "y": 0, "w": 325, "h": 1080}, "object_present": true}, "P447--sharp-knife--clutter--aVSCktQBth3AXsh4vCZeEdEBMIdYvsb-3Ks4G29aLjE-00030.jpg": {"object_bounding_box": {"x": 748, "y": 0, "w": 329, "h": 1080}, "object_present": true}, "P447--sharp-knife--clutter--aVSCktQBth3AXsh4vCZeEdEBMIdYvsb-3Ks4G29aLjE-00031.jpg": {"object_bounding_box": {"x": 775, "y": 0, "w": 305, "h": 1080}, "object_present": true}, "P447--sharp-knife--clutter--aVSCktQBth3AXsh4vCZeEdEBMIdYvsb-3Ks4G29aLjE-00032.jpg": {"object_bounding_box": {"x": 791, "y": 0, "w": 289, "h": 1080}, "object_present": true}, "P447--sharp-knife--clutter--aVSCktQBth3AXsh4vCZeEdEBMIdYvsb-3Ks4G29aLjE-00033.jpg": {"object_bounding_box": {"x": 791, "y": 0, "w": 289, "h": 1080}, "object_present": true}, "P447--sharp-knife--clutter--aVSCktQBth3AXsh4vCZeEdEBMIdYvsb-3Ks4G29aLjE-00034.jpg": {"object_bounding_box": {"x": 773, "y": 0, "w": 307, "h": 1080}, "object_present": true}, "P447--sharp-knife--clutter--aVSCktQBth3AXsh4vCZeEdEBMIdYvsb-3Ks4G29aLjE-00035.jpg": {"object_bounding_box": {"x": 739, "y": 0, "w": 341, "h": 1080}, "object_present": true}, "P447--sharp-knife--clutter--aVSCktQBth3AXsh4vCZeEdEBMIdYvsb-3Ks4G29aLjE-00036.jpg": {"object_bounding_box": {"x": 704, "y": 0, "w": 376, "h": 1080}, "object_present": true}, "P447--sharp-knife--clutter--aVSCktQBth3AXsh4vCZeEdEBMIdYvsb-3Ks4G29aLjE-00037.jpg": {"object_bounding_box": {"x": 679, "y": 0, "w": 386, "h": 1080}, "object_present": true}, "P447--sharp-knife--clutter--aVSCktQBth3AXsh4vCZeEdEBMIdYvsb-3Ks4G29aLjE-00038.jpg": {"object_bounding_box": {"x": 639, "y": 0, "w": 386, "h": 1080}, "object_present": true}, "P447--sharp-knife--clutter--aVSCktQBth3AXsh4vCZeEdEBMIdYvsb-3Ks4G29aLjE-00039.jpg": {"object_bounding_box": {"x": 572, "y": 0, "w": 371, "h": 1080}, "object_present": true}, "P447--sharp-knife--clutter--aVSCktQBth3AXsh4vCZeEdEBMIdYvsb-3Ks4G29aLjE-00040.jpg": {"object_bounding_box": {"x": 516, "y": 0, "w": 384, "h": 1080}, "object_present": true}, "P447--sharp-knife--clutter--aVSCktQBth3AXsh4vCZeEdEBMIdYvsb-3Ks4G29aLjE-00041.jpg": {"object_bounding_box": {"x": 493, "y": 0, "w": 377, "h": 1080}, "object_present": true}, "P447--sharp-knife--clutter--aVSCktQBth3AXsh4vCZeEdEBMIdYvsb-3Ks4G29aLjE-00042.jpg": {"object_bounding_box": {"x": 472, "y": 0, "w": 377, "h": 1080}, "object_present": true}, "P447--sharp-knife--clutter--aVSCktQBth3AXsh4vCZeEdEBMIdYvsb-3Ks4G29aLjE-00043.jpg": {"object_bounding_box": {"x": 437, "y": 0, "w": 377, "h": 1080}, "object_present": true}, "P447--sharp-knife--clutter--aVSCktQBth3AXsh4vCZeEdEBMIdYvsb-3Ks4G29aLjE-00044.jpg": {"object_bounding_box": {"x": 408, "y": 0, "w": 367, "h": 1080}, "object_present": true}, "P447--sharp-knife--clutter--aVSCktQBth3AXsh4vCZeEdEBMIdYvsb-3Ks4G29aLjE-00045.jpg": {"object_bounding_box": {"x": 414, "y": 0, "w": 352, "h": 1080}, "object_present": true}, "P447--sharp-knife--clutter--aVSCktQBth3AXsh4vCZeEdEBMIdYvsb-3Ks4G29aLjE-00046.jpg": {"object_bounding_box": {"x": 443, "y": 0, "w": 340, "h": 1080}, "object_present": true}, "P447--sharp-knife--clutter--aVSCktQBth3AXsh4vCZeEdEBMIdYvsb-3Ks4G29aLjE-00047.jpg": {"object_bounding_box": {"x": 456, "y": 0, "w": 340, "h": 1080}, "object_present": true}, "P447--sharp-knife--clutter--aVSCktQBth3AXsh4vCZeEdEBMIdYvsb-3Ks4G29aLjE-00048.jpg": {"object_bounding_box": {"x": 447, "y": 0, "w": 340, "h": 1080}, "object_present": true}, "P447--sharp-knife--clutter--aVSCktQBth3AXsh4vCZeEdEBMIdYvsb-3Ks4G29aLjE-00049.jpg": {"object_bounding_box": {"x": 424, "y": 0, "w": 350, "h": 1080}, "object_present": true}, "P447--sharp-knife--clutter--aVSCktQBth3AXsh4vCZeEdEBMIdYvsb-3Ks4G29aLjE-00050.jpg": {"object_bounding_box": {"x": 420, "y": 0, "w": 342, "h": 1080}, "object_present": true}, "P447--sharp-knife--clutter--aVSCktQBth3AXsh4vCZeEdEBMIdYvsb-3Ks4G29aLjE-00051.jpg": {"object_bounding_box": {"x": 414, "y": 0, "w": 336, "h": 1080}, "object_present": true}, "P447--sharp-knife--clutter--aVSCktQBth3AXsh4vCZeEdEBMIdYvsb-3Ks4G29aLjE-00052.jpg": {"object_bounding_box": {"x": 416, "y": 0, "w": 334, "h": 1080}, "object_present": true}, "P447--sharp-knife--clutter--aVSCktQBth3AXsh4vCZeEdEBMIdYvsb-3Ks4G29aLjE-00053.jpg": {"object_bounding_box": {"x": 430, "y": 0, "w": 321, "h": 1080}, "object_present": true}, "P447--sharp-knife--clutter--aVSCktQBth3AXsh4vCZeEdEBMIdYvsb-3Ks4G29aLjE-00054.jpg": {"object_bounding_box": {"x": 441, "y": 0, "w": 325, "h": 1080}, "object_present": true}, "P447--sharp-knife--clutter--aVSCktQBth3AXsh4vCZeEdEBMIdYvsb-3Ks4G29aLjE-00055.jpg": {"object_bounding_box": {"x": 433, "y": 0, "w": 334, "h": 1080}, "object_present": true}, "P447--sharp-knife--clutter--aVSCktQBth3AXsh4vCZeEdEBMIdYvsb-3Ks4G29aLjE-00056.jpg": {"object_bounding_box": {"x": 399, "y": 0, "w": 334, "h": 1080}, "object_present": true}, "P447--sharp-knife--clutter--aVSCktQBth3AXsh4vCZeEdEBMIdYvsb-3Ks4G29aLjE-00057.jpg": {"object_bounding_box": {"x": 383, "y": 0, "w": 336, "h": 1080}, "object_present": true}, "P447--sharp-knife--clutter--aVSCktQBth3AXsh4vCZeEdEBMIdYvsb-3Ks4G29aLjE-00058.jpg": {"object_bounding_box": {"x": 376, "y": 0, "w": 323, "h": 1080}, "object_present": true}, "P447--sharp-knife--clutter--aVSCktQBth3AXsh4vCZeEdEBMIdYvsb-3Ks4G29aLjE-00059.jpg": {"object_bounding_box": {"x": 345, "y": 0, "w": 329, "h": 1080}, "object_present": true}, "P447--sharp-knife--clutter--aVSCktQBth3AXsh4vCZeEdEBMIdYvsb-3Ks4G29aLjE-00060.jpg": {"object_bounding_box": {"x": 314, "y": 0, "w": 336, "h": 1080}, "object_present": true}, "P447--sharp-knife--clutter--aVSCktQBth3AXsh4vCZeEdEBMIdYvsb-3Ks4G29aLjE-00061.jpg": {"object_bounding_box": {"x": 299, "y": 0, "w": 340, "h": 1080}, "object_present": true}, "P447--sharp-knife--clutter--aVSCktQBth3AXsh4vCZeEdEBMIdYvsb-3Ks4G29aLjE-00062.jpg": {"object_bounding_box": {"x": 285, "y": 0, "w": 344, "h": 1080}, "object_present": true}, "P447--sharp-knife--clutter--aVSCktQBth3AXsh4vCZeEdEBMIdYvsb-3Ks4G29aLjE-00063.jpg": {"object_bounding_box": {"x": 276, "y": 0, "w": 346, "h": 1080}, "object_present": true}, "P447--sharp-knife--clutter--aVSCktQBth3AXsh4vCZeEdEBMIdYvsb-3Ks4G29aLjE-00064.jpg": {"object_bounding_box": {"x": 268, "y": 0, "w": 354, "h": 1080}, "object_present": true}, "P447--sharp-knife--clutter--aVSCktQBth3AXsh4vCZeEdEBMIdYvsb-3Ks4G29aLjE-00065.jpg": {"object_bounding_box": {"x": 281, "y": 0, "w": 354, "h": 1080}, "object_present": true}, "P447--sharp-knife--clutter--aVSCktQBth3AXsh4vCZeEdEBMIdYvsb-3Ks4G29aLjE-00066.jpg": {"object_bounding_box": {"x": 305, "y": 0, "w": 344, "h": 1080}, "object_present": true}, "P447--sharp-knife--clutter--aVSCktQBth3AXsh4vCZeEdEBMIdYvsb-3Ks4G29aLjE-00067.jpg": {"object_bounding_box": {"x": 316, "y": 0, "w": 342, "h": 1080}, "object_present": true}, "P447--sharp-knife--clutter--aVSCktQBth3AXsh4vCZeEdEBMIdYvsb-3Ks4G29aLjE-00068.jpg": {"object_bounding_box": {"x": 322, "y": 0, "w": 340, "h": 1080}, "object_present": true}, "P447--sharp-knife--clutter--aVSCktQBth3AXsh4vCZeEdEBMIdYvsb-3Ks4G29aLjE-00069.jpg": {"object_bounding_box": {"x": 322, "y": 0, "w": 336, "h": 1080}, "object_present": true}, "P447--sharp-knife--clutter--aVSCktQBth3AXsh4vCZeEdEBMIdYvsb-3Ks4G29aLjE-00070.jpg": {"object_bounding_box": {"x": 322, "y": 0, "w": 336, "h": 1080}, "object_present": true}, "P447--sharp-knife--clutter--aVSCktQBth3AXsh4vCZeEdEBMIdYvsb-3Ks4G29aLjE-00071.jpg": {"object_bounding_box": {"x": 314, "y": 0, "w": 336, "h": 1080}, "object_present": true}, "P447--sharp-knife--clutter--aVSCktQBth3AXsh4vCZeEdEBMIdYvsb-3Ks4G29aLjE-00072.jpg": {"object_bounding_box": {"x": 318, "y": 0, "w": 336, "h": 1080}, "object_present": true}, "P447--sharp-knife--clutter--aVSCktQBth3AXsh4vCZeEdEBMIdYvsb-3Ks4G29aLjE-00073.jpg": {"object_bounding_box": {"x": 310, "y": 0, "w": 336, "h": 1080}, "object_present": true}, "P447--sharp-knife--clutter--aVSCktQBth3AXsh4vCZeEdEBMIdYvsb-3Ks4G29aLjE-00074.jpg": {"object_bounding_box": {"x": 297, "y": 0, "w": 346, "h": 1080}, "object_present": true}, "P447--sharp-knife--clutter--aVSCktQBth3AXsh4vCZeEdEBMIdYvsb-3Ks4G29aLjE-00075.jpg": {"object_bounding_box": {"x": 285, "y": 0, "w": 344, "h": 1080}, "object_present": true}, "P447--sharp-knife--clutter--aVSCktQBth3AXsh4vCZeEdEBMIdYvsb-3Ks4G29aLjE-00076.jpg": {"object_bounding_box": {"x": 268, "y": 0, "w": 354, "h": 1080}, "object_present": true}, "P447--sharp-knife--clutter--aVSCktQBth3AXsh4vCZeEdEBMIdYvsb-3Ks4G29aLjE-00077.jpg": {"object_bounding_box": {"x": 270, "y": 0, "w": 352, "h": 1080}, "object_present": true}, "P447--sharp-knife--clutter--aVSCktQBth3AXsh4vCZeEdEBMIdYvsb-3Ks4G29aLjE-00078.jpg": {"object_bounding_box": {"x": 264, "y": 0, "w": 357, "h": 1080}, "object_present": true}, "P447--sharp-knife--clutter--aVSCktQBth3AXsh4vCZeEdEBMIdYvsb-3Ks4G29aLjE-00079.jpg": {"object_bounding_box": {"x": 268, "y": 0, "w": 359, "h": 1080}, "object_present": true}, "P447--sharp-knife--clutter--aVSCktQBth3AXsh4vCZeEdEBMIdYvsb-3Ks4G29aLjE-00080.jpg": {"object_bounding_box": {"x": 274, "y": 0, "w": 354, "h": 1080}, "object_present": true}, "P447--sharp-knife--clutter--aVSCktQBth3AXsh4vCZeEdEBMIdYvsb-3Ks4G29aLjE-00081.jpg": {"object_bounding_box": {"x": 278, "y": 0, "w": 350, "h": 1080}, "object_present": true}, "P447--sharp-knife--clutter--aVSCktQBth3AXsh4vCZeEdEBMIdYvsb-3Ks4G29aLjE-00082.jpg": {"object_bounding_box": {"x": 283, "y": 0, "w": 344, "h": 1080}, "object_present": true}, "P447--sharp-knife--clutter--aVSCktQBth3AXsh4vCZeEdEBMIdYvsb-3Ks4G29aLjE-00083.jpg": {"object_bounding_box": {"x": 283, "y": 0, "w": 344, "h": 1080}, "object_present": true}, "P447--sharp-knife--clutter--aVSCktQBth3AXsh4vCZeEdEBMIdYvsb-3Ks4G29aLjE-00084.jpg": {"object_bounding_box": {"x": 283, "y": 0, "w": 344, "h": 1080}, "object_present": true}, "P447--sharp-knife--clutter--aVSCktQBth3AXsh4vCZeEdEBMIdYvsb-3Ks4G29aLjE-00085.jpg": {"object_bounding_box": {"x": 287, "y": 0, "w": 344, "h": 1080}, "object_present": true}, "P447--sharp-knife--clutter--aVSCktQBth3AXsh4vCZeEdEBMIdYvsb-3Ks4G29aLjE-00086.jpg": {"object_bounding_box": {"x": 295, "y": 0, "w": 344, "h": 1080}, "object_present": true}, "P447--sharp-knife--clutter--aVSCktQBth3AXsh4vCZeEdEBMIdYvsb-3Ks4G29aLjE-00087.jpg": {"object_bounding_box": {"x": 295, "y": 0, "w": 344, "h": 1080}, "object_present": true}, "P447--sharp-knife--clutter--aVSCktQBth3AXsh4vCZeEdEBMIdYvsb-3Ks4G29aLjE-00088.jpg": {"object_bounding_box": {"x": 285, "y": 0, "w": 352, "h": 1080}, "object_present": true}, "P447--sharp-knife--clutter--aVSCktQBth3AXsh4vCZeEdEBMIdYvsb-3Ks4G29aLjE-00089.jpg": {"object_bounding_box": {"x": 276, "y": 0, "w": 359, "h": 1080}, "object_present": true}, "P447--sharp-knife--clutter--aVSCktQBth3AXsh4vCZeEdEBMIdYvsb-3Ks4G29aLjE-00090.jpg": {"object_bounding_box": {"x": 276, "y": 0, "w": 359, "h": 1080}, "object_present": true}, "P447--sharp-knife--clutter--aVSCktQBth3AXsh4vCZeEdEBMIdYvsb-3Ks4G29aLjE-00091.jpg": {"object_bounding_box": {"x": 276, "y": 0, "w": 359, "h": 1080}, "object_present": true}, "P447--sharp-knife--clutter--aVSCktQBth3AXsh4vCZeEdEBMIdYvsb-3Ks4G29aLjE-00092.jpg": {"object_bounding_box": {"x": 272, "y": 0, "w": 363, "h": 1080}, "object_present": true}, "P447--sharp-knife--clutter--aVSCktQBth3AXsh4vCZeEdEBMIdYvsb-3Ks4G29aLjE-00093.jpg": {"object_bounding_box": {"x": 272, "y": 0, "w": 356, "h": 1080}, "object_present": true}, "P447--sharp-knife--clutter--aVSCktQBth3AXsh4vCZeEdEBMIdYvsb-3Ks4G29aLjE-00094.jpg": {"object_bounding_box": {"x": 272, "y": 0, "w": 356, "h": 1080}, "object_present": true}, "P447--sharp-knife--clutter--aVSCktQBth3AXsh4vCZeEdEBMIdYvsb-3Ks4G29aLjE-00095.jpg": {"object_bounding_box": {"x": 279, "y": 0, "w": 349, "h": 1080}, "object_present": true}, "P447--sharp-knife--clutter--aVSCktQBth3AXsh4vCZeEdEBMIdYvsb-3Ks4G29aLjE-00096.jpg": {"object_bounding_box": {"x": 275, "y": 0, "w": 349, "h": 1080}, "object_present": true}, "P447--sharp-knife--clutter--aVSCktQBth3AXsh4vCZeEdEBMIdYvsb-3Ks4G29aLjE-00097.jpg": {"object_bounding_box": {"x": 248, "y": 0, "w": 364, "h": 1080}, "object_present": true}, "P447--sharp-knife--clutter--aVSCktQBth3AXsh4vCZeEdEBMIdYvsb-3Ks4G29aLjE-00098.jpg": {"object_bounding_box": {"x": 237, "y": 0, "w": 369, "h": 1080}, "object_present": true}, "P447--sharp-knife--clutter--aVSCktQBth3AXsh4vCZeEdEBMIdYvsb-3Ks4G29aLjE-00099.jpg": {"object_bounding_box": {"x": 232, "y": 0, "w": 371, "h": 1080}, "object_present": true}, "P447--sharp-knife--clutter--aVSCktQBth3AXsh4vCZeEdEBMIdYvsb-3Ks4G29aLjE-00100.jpg": {"object_bounding_box": {"x": 233, "y": 0, "w": 367, "h": 1080}, "object_present": true}, "P447--sharp-knife--clutter--aVSCktQBth3AXsh4vCZeEdEBMIdYvsb-3Ks4G29aLjE-00101.jpg": {"object_bounding_box": {"x": 233, "y": 0, "w": 361, "h": 1080}, "object_present": true}, "P447--sharp-knife--clutter--aVSCktQBth3AXsh4vCZeEdEBMIdYvsb-3Ks4G29aLjE-00102.jpg": {"object_bounding_box": {"x": 239, "y": 0, "w": 350, "h": 1080}, "object_present": true}, "P447--sharp-knife--clutter--aVSCktQBth3AXsh4vCZeEdEBMIdYvsb-3Ks4G29aLjE-00103.jpg": {"object_bounding_box": {"x": 245, "y": 0, "w": 344, "h": 1080}, "object_present": true}, "P447--sharp-knife--clutter--aVSCktQBth3AXsh4vCZeEdEBMIdYvsb-3Ks4G29aLjE-00104.jpg": {"object_bounding_box": {"x": 247, "y": 0, "w": 342, "h": 1080}, "object_present": true}, "P447--sharp-knife--clutter--aVSCktQBth3AXsh4vCZeEdEBMIdYvsb-3Ks4G29aLjE-00105.jpg": {"object_bounding_box": {"x": 249, "y": 0, "w": 340, "h": 1080}, "object_present": true}, "P447--sharp-knife--clutter--aVSCktQBth3AXsh4vCZeEdEBMIdYvsb-3Ks4G29aLjE-00106.jpg": {"object_bounding_box": {"x": 243, "y": 0, "w": 346, "h": 1080}, "object_present": true}, "P447--sharp-knife--clutter--aVSCktQBth3AXsh4vCZeEdEBMIdYvsb-3Ks4G29aLjE-00107.jpg": {"object_bounding_box": {"x": 237, "y": 0, "w": 327, "h": 1080}, "object_present": true}, "P447--sharp-knife--clutter--aVSCktQBth3AXsh4vCZeEdEBMIdYvsb-3Ks4G29aLjE-00108.jpg": {"object_bounding_box": {"x": 228, "y": 0, "w": 327, "h": 1080}, "object_present": true}, "P447--sharp-knife--clutter--aVSCktQBth3AXsh4vCZeEdEBMIdYvsb-3Ks4G29aLjE-00109.jpg": {"object_bounding_box": {"x": 224, "y": 0, "w": 319, "h": 1080}, "object_present": true}, "P447--sharp-knife--clutter--aVSCktQBth3AXsh4vCZeEdEBMIdYvsb-3Ks4G29aLjE-00110.jpg": {"object_bounding_box": {"x": 220, "y": 0, "w": 302, "h": 1080}, "object_present": true}, "P447--sharp-knife--clutter--aVSCktQBth3AXsh4vCZeEdEBMIdYvsb-3Ks4G29aLjE-00111.jpg": {"object_bounding_box": {"x": 218, "y": 0, "w": 298, "h": 1080}, "object_present": true}, "P447--sharp-knife--clutter--aVSCktQBth3AXsh4vCZeEdEBMIdYvsb-3Ks4G29aLjE-00112.jpg": {"object_bounding_box": {"x": 226, "y": 0, "w": 281, "h": 1080}, "object_present": true}, "P447--sharp-knife--clutter--aVSCktQBth3AXsh4vCZeEdEBMIdYvsb-3Ks4G29aLjE-00113.jpg": {"object_bounding_box": {"x": 226, "y": 0, "w": 279, "h": 1080}, "object_present": true}, "P447--sharp-knife--clutter--aVSCktQBth3AXsh4vCZeEdEBMIdYvsb-3Ks4G29aLjE-00114.jpg": {"object_bounding_box": {"x": 224, "y": 0, "w": 265, "h": 1080}, "object_present": true}, "P447--sharp-knife--clutter--aVSCktQBth3AXsh4vCZeEdEBMIdYvsb-3Ks4G29aLjE-00115.jpg": {"object_bounding_box": {"x": 224, "y": 0, "w": 252, "h": 1080}, "object_present": true}, "P447--sharp-knife--clutter--aVSCktQBth3AXsh4vCZeEdEBMIdYvsb-3Ks4G29aLjE-00116.jpg": {"object_bounding_box": {"x": 214, "y": 0, "w": 252, "h": 1080}, "object_present": true}, "P447--sharp-knife--clutter--aVSCktQBth3AXsh4vCZeEdEBMIdYvsb-3Ks4G29aLjE-00117.jpg": {"object_bounding_box": {"x": 214, "y": 0, "w": 240, "h": 1080}, "object_present": true}, "P447--sharp-knife--clutter--aVSCktQBth3AXsh4vCZeEdEBMIdYvsb-3Ks4G29aLjE-00118.jpg": {"object_bounding_box": {"x": 217, "y": 0, "w": 232, "h": 1080}, "object_present": true}, "P447--sharp-knife--clutter--aVSCktQBth3AXsh4vCZeEdEBMIdYvsb-3Ks4G29aLjE-00119.jpg": {"object_bounding_box": {"x": 217, "y": 0, "w": 232, "h": 1080}, "object_present": true}, "P447--sharp-knife--clutter--aVSCktQBth3AXsh4vCZeEdEBMIdYvsb-3Ks4G29aLjE-00120.jpg": {"object_bounding_box": {"x": 217, "y": 0, "w": 228, "h": 1080}, "object_present": true}, "P447--sharp-knife--clutter--aVSCktQBth3AXsh4vCZeEdEBMIdYvsb-3Ks4G29aLjE-00121.jpg": {"object_bounding_box": {"x": 216, "y": 0, "w": 229, "h": 1080}, "object_present": true}, "P447--sharp-knife--clutter--aVSCktQBth3AXsh4vCZeEdEBMIdYvsb-3Ks4G29aLjE-00122.jpg": {"object_bounding_box": {"x": 230, "y": 0, "w": 215, "h": 1080}, "object_present": true}, "P447--sharp-knife--clutter--aVSCktQBth3AXsh4vCZeEdEBMIdYvsb-3Ks4G29aLjE-00123.jpg": {"object_bounding_box": {"x": 243, "y": 0, "w": 215, "h": 1080}, "object_present": true}, "P447--sharp-knife--clutter--aVSCktQBth3AXsh4vCZeEdEBMIdYvsb-3Ks4G29aLjE-00124.jpg": {"object_bounding_box": {"x": 251, "y": 0, "w": 213, "h": 1080}, "object_present": true}, "P447--sharp-knife--clutter--aVSCktQBth3AXsh4vCZeEdEBMIdYvsb-3Ks4G29aLjE-00125.jpg": {"object_bounding_box": {"x": 262, "y": 0, "w": 206, "h": 1080}, "object_present": true}, "P447--sharp-knife--clutter--aVSCktQBth3AXsh4vCZeEdEBMIdYvsb-3Ks4G29aLjE-00126.jpg": {"object_bounding_box": {"x": 274, "y": 0, "w": 206, "h": 1080}, "object_present": true}, "P447--sharp-knife--clutter--aVSCktQBth3AXsh4vCZeEdEBMIdYvsb-3Ks4G29aLjE-00127.jpg": {"object_bounding_box": {"x": 291, "y": 0, "w": 198, "h": 1080}, "object_present": true}, "P447--sharp-knife--clutter--aVSCktQBth3AXsh4vCZeEdEBMIdYvsb-3Ks4G29aLjE-00128.jpg": {"object_bounding_box": {"x": 303, "y": 0, "w": 196, "h": 1080}, "object_present": true}, "P447--sharp-knife--clutter--aVSCktQBth3AXsh4vCZeEdEBMIdYvsb-3Ks4G29aLjE-00129.jpg": {"object_bounding_box": {"x": 314, "y": 0, "w": 190, "h": 1080}, "object_present": true}, "P447--sharp-knife--clutter--aVSCktQBth3AXsh4vCZeEdEBMIdYvsb-3Ks4G29aLjE-00130.jpg": {"object_bounding_box": {"x": 324, "y": 0, "w": 192, "h": 1080}, "object_present": true}, "P447--sharp-knife--clutter--aVSCktQBth3AXsh4vCZeEdEBMIdYvsb-3Ks4G29aLjE-00131.jpg": {"object_bounding_box": {"x": 333, "y": 0, "w": 181, "h": 1080}, "object_present": true}, "P447--sharp-knife--clutter--aVSCktQBth3AXsh4vCZeEdEBMIdYvsb-3Ks4G29aLjE-00132.jpg": {"object_bounding_box": {"x": 339, "y": 0, "w": 183, "h": 1080}, "object_present": true}, "P447--sharp-knife--clutter--aVSCktQBth3AXsh4vCZeEdEBMIdYvsb-3Ks4G29aLjE-00133.jpg": {"object_bounding_box": {"x": 339, "y": 17, "w": 180, "h": 1063}, "object_present": true}, "P447--sharp-knife--clutter--aVSCktQBth3AXsh4vCZeEdEBMIdYvsb-3Ks4G29aLjE-00134.jpg": {"object_bounding_box": {"x": 339, "y": 35, "w": 180, "h": 1045}, "object_present": true}, "P447--sharp-knife--clutter--aVSCktQBth3AXsh4vCZeEdEBMIdYvsb-3Ks4G29aLjE-00135.jpg": {"object_bounding_box": {"x": 339, "y": 53, "w": 180, "h": 1027}, "object_present": true}, "P447--sharp-knife--clutter--aVSCktQBth3AXsh4vCZeEdEBMIdYvsb-3Ks4G29aLjE-00136.jpg": {"object_bounding_box": {"x": 339, "y": 70, "w": 173, "h": 1010}, "object_present": true}, "P447--sharp-knife--clutter--aVSCktQBth3AXsh4vCZeEdEBMIdYvsb-3Ks4G29aLjE-00137.jpg": {"object_bounding_box": {"x": 339, "y": 74, "w": 168, "h": 1006}, "object_present": true}, "P447--sharp-knife--clutter--aVSCktQBth3AXsh4vCZeEdEBMIdYvsb-3Ks4G29aLjE-00138.jpg": {"object_bounding_box": {"x": 346, "y": 80, "w": 166, "h": 1000}, "object_present": true}, "P447--sharp-knife--clutter--aVSCktQBth3AXsh4vCZeEdEBMIdYvsb-3Ks4G29aLjE-00139.jpg": {"object_bounding_box": {"x": 346, "y": 89, "w": 166, "h": 991}, "object_present": true}, "P447--sharp-knife--clutter--aVSCktQBth3AXsh4vCZeEdEBMIdYvsb-3Ks4G29aLjE-00140.jpg": {"object_bounding_box": {"x": 346, "y": 111, "w": 166, "h": 969}, "object_present": true}, "P447--sharp-knife--clutter--aVSCktQBth3AXsh4vCZeEdEBMIdYvsb-3Ks4G29aLjE-00141.jpg": {"object_bounding_box": {"x": 346, "y": 117, "w": 166, "h": 963}, "object_present": true}, "P447--sharp-knife--clutter--aVSCktQBth3AXsh4vCZeEdEBMIdYvsb-3Ks4G29aLjE-00142.jpg": {"object_bounding_box": {"x": 346, "y": 126, "w": 166, "h": 954}, "object_present": true}, "P447--sharp-knife--clutter--aVSCktQBth3AXsh4vCZeEdEBMIdYvsb-3Ks4G29aLjE-00143.jpg": {"object_bounding_box": {"x": 359, "y": 138, "w": 164, "h": 942}, "object_present": true}, "P447--sharp-knife--clutter--aVSCktQBth3AXsh4vCZeEdEBMIdYvsb-3Ks4G29aLjE-00144.jpg": {"object_bounding_box": {"x": 359, "y": 152, "w": 164, "h": 928}, "object_present": true}, "P447--sharp-knife--clutter--aVSCktQBth3AXsh4vCZeEdEBMIdYvsb-3Ks4G29aLjE-00145.jpg": {"object_bounding_box": {"x": 368, "y": 164, "w": 156, "h": 916}, "object_present": true}, "P447--sharp-knife--clutter--aVSCktQBth3AXsh4vCZeEdEBMIdYvsb-3Ks4G29aLjE-00146.jpg": {"object_bounding_box": {"x": 375, "y": 174, "w": 157, "h": 906}, "object_present": true}, "P447--sharp-knife--clutter--aVSCktQBth3AXsh4vCZeEdEBMIdYvsb-3Ks4G29aLjE-00147.jpg": {"object_bounding_box": {"x": 379, "y": 180, "w": 154, "h": 900}, "object_present": true}, "P447--sharp-knife--clutter--aVSCktQBth3AXsh4vCZeEdEBMIdYvsb-3Ks4G29aLjE-00148.jpg": {"object_bounding_box": {"x": 379, "y": 191, "w": 152, "h": 889}, "object_present": true}, "P447--sharp-knife--clutter--aVSCktQBth3AXsh4vCZeEdEBMIdYvsb-3Ks4G29aLjE-00149.jpg": {"object_bounding_box": {"x": 379, "y": 208, "w": 152, "h": 872}, "object_present": true}, "P447--sharp-knife--clutter--aVSCktQBth3AXsh4vCZeEdEBMIdYvsb-3Ks4G29aLjE-00150.jpg": {"object_bounding_box": {"x": 379, "y": 221, "w": 152, "h": 859}, "object_present": true}, "P447--sharp-knife--clutter--aVSCktQBth3AXsh4vCZeEdEBMIdYvsb-3Ks4G29aLjE-00151.jpg": {"object_bounding_box": {"x": 379, "y": 230, "w": 152, "h": 850}, "object_present": true}, "P447--sharp-knife--clutter--aVSCktQBth3AXsh4vCZeEdEBMIdYvsb-3Ks4G29aLjE-00152.jpg": {"object_bounding_box": {"x": 379, "y": 236, "w": 152, "h": 844}, "object_present": true}, "P447--sharp-knife--clutter--aVSCktQBth3AXsh4vCZeEdEBMIdYvsb-3Ks4G29aLjE-00153.jpg": {"object_bounding_box": {"x": 379, "y": 236, "w": 152, "h": 844}, "object_present": true}, "P447--sharp-knife--clutter--aVSCktQBth3AXsh4vCZeEdEBMIdYvsb-3Ks4G29aLjE-00154.jpg": {"object_bounding_box": {"x": 379, "y": 236, "w": 152, "h": 844}, "object_present": true}, "P447--sharp-knife--clutter--aVSCktQBth3AXsh4vCZeEdEBMIdYvsb-3Ks4G29aLjE-00155.jpg": {"object_bounding_box": {"x": 379, "y": 246, "w": 152, "h": 834}, "object_present": true}, "P447--sharp-knife--clutter--aVSCktQBth3AXsh4vCZeEdEBMIdYvsb-3Ks4G29aLjE-00156.jpg": {"object_bounding_box": {"x": 379, "y": 258, "w": 148, "h": 822}, "object_present": true}, "P447--sharp-knife--clutter--aVSCktQBth3AXsh4vCZeEdEBMIdYvsb-3Ks4G29aLjE-00157.jpg": {"object_bounding_box": {"x": 379, "y": 266, "w": 149, "h": 814}, "object_present": true}, "P447--sharp-knife--clutter--aVSCktQBth3AXsh4vCZeEdEBMIdYvsb-3Ks4G29aLjE-00158.jpg": {"object_bounding_box": {"x": 379, "y": 259, "w": 150, "h": 821}, "object_present": true}, "P447--sharp-knife--clutter--aVSCktQBth3AXsh4vCZeEdEBMIdYvsb-3Ks4G29aLjE-00159.jpg": {"object_bounding_box": {"x": 379, "y": 255, "w": 148, "h": 825}, "object_present": true}, "P447--sharp-knife--clutter--aVSCktQBth3AXsh4vCZeEdEBMIdYvsb-3Ks4G29aLjE-00160.jpg": {"object_bounding_box": {"x": 379, "y": 247, "w": 148, "h": 833}, "object_present": true}, "P447--sharp-knife--clutter--aVSCktQBth3AXsh4vCZeEdEBMIdYvsb-3Ks4G29aLjE-00161.jpg": {"object_bounding_box": {"x": 379, "y": 247, "w": 151, "h": 833}, "object_present": true}, "P447--sharp-knife--clutter--aVSCktQBth3AXsh4vCZeEdEBMIdYvsb-3Ks4G29aLjE-00162.jpg": {"object_bounding_box": {"x": 390, "y": 250, "w": 147, "h": 830}, "object_present": true}, "P447--sharp-knife--clutter--aVSCktQBth3AXsh4vCZeEdEBMIdYvsb-3Ks4G29aLjE-00163.jpg": {"object_bounding_box": {"x": 390, "y": 248, "w": 147, "h": 832}, "object_present": true}, "P447--sharp-knife--clutter--aVSCktQBth3AXsh4vCZeEdEBMIdYvsb-3Ks4G29aLjE-00164.jpg": {"object_bounding_box": {"x": 390, "y": 251, "w": 147, "h": 829}, "object_present": true}, "P447--sharp-knife--clutter--aVSCktQBth3AXsh4vCZeEdEBMIdYvsb-3Ks4G29aLjE-00165.jpg": {"object_bounding_box": {"x": 402, "y": 258, "w": 141, "h": 822}, "object_present": true}, "P447--sharp-knife--clutter--aVSCktQBth3AXsh4vCZeEdEBMIdYvsb-3Ks4G29aLjE-00166.jpg": {"object_bounding_box": {"x": 402, "y": 268, "w": 141, "h": 812}, "object_present": true}, "P447--sharp-knife--clutter--aVSCktQBth3AXsh4vCZeEdEBMIdYvsb-3Ks4G29aLjE-00167.jpg": {"object_bounding_box": {"x": 409, "y": 275, "w": 134, "h": 805}, "object_present": true}, "P447--sharp-knife--clutter--aVSCktQBth3AXsh4vCZeEdEBMIdYvsb-3Ks4G29aLjE-00168.jpg": {"object_bounding_box": {"x": 409, "y": 280, "w": 142, "h": 800}, "object_present": true}, "P447--sharp-knife--clutter--aVSCktQBth3AXsh4vCZeEdEBMIdYvsb-3Ks4G29aLjE-00169.jpg": {"object_bounding_box": {"x": 409, "y": 287, "w": 137, "h": 793}, "object_present": true}, "P447--sharp-knife--clutter--aVSCktQBth3AXsh4vCZeEdEBMIdYvsb-3Ks4G29aLjE-00170.jpg": {"object_bounding_box": {"x": 404, "y": 292, "w": 142, "h": 788}, "object_present": true}, "P447--sharp-knife--clutter--aVSCktQBth3AXsh4vCZeEdEBMIdYvsb-3Ks4G29aLjE-00171.jpg": {"object_bounding_box": {"x": 404, "y": 289, "w": 139, "h": 791}, "object_present": true}, "P447--sharp-knife--clutter--aVSCktQBth3AXsh4vCZeEdEBMIdYvsb-3Ks4G29aLjE-00172.jpg": {"object_bounding_box": {"x": 404, "y": 289, "w": 139, "h": 791}, "object_present": true}, "P447--sharp-knife--clutter--aVSCktQBth3AXsh4vCZeEdEBMIdYvsb-3Ks4G29aLjE-00173.jpg": {"object_bounding_box": {"x": 404, "y": 289, "w": 139, "h": 791}, "object_present": true}, "P447--sharp-knife--clutter--aVSCktQBth3AXsh4vCZeEdEBMIdYvsb-3Ks4G29aLjE-00174.jpg": {"object_bounding_box": {"x": 404, "y": 293, "w": 143, "h": 787}, "object_present": true}, "P447--sharp-knife--clutter--aVSCktQBth3AXsh4vCZeEdEBMIdYvsb-3Ks4G29aLjE-00175.jpg": {"object_bounding_box": {"x": 404, "y": 295, "w": 143, "h": 785}, "object_present": true}, "P447--sharp-knife--clutter--aVSCktQBth3AXsh4vCZeEdEBMIdYvsb-3Ks4G29aLjE-00176.jpg": {"object_bounding_box": {"x": 409, "y": 297, "w": 138, "h": 783}, "object_present": true}, "P447--sharp-knife--clutter--aVSCktQBth3AXsh4vCZeEdEBMIdYvsb-3Ks4G29aLjE-00177.jpg": {"object_bounding_box": {"x": 414, "y": 309, "w": 133, "h": 771}, "object_present": true}, "P447--sharp-knife--clutter--aVSCktQBth3AXsh4vCZeEdEBMIdYvsb-3Ks4G29aLjE-00178.jpg": {"object_bounding_box": {"x": 418, "y": 321, "w": 128, "h": 759}, "object_present": true}, "P447--sharp-knife--clutter--aVSCktQBth3AXsh4vCZeEdEBMIdYvsb-3Ks4G29aLjE-00179.jpg": {"object_bounding_box": {"x": 424, "y": 315, "w": 130, "h": 765}, "object_present": true}, "P447--sharp-knife--clutter--aVSCktQBth3AXsh4vCZeEdEBMIdYvsb-3Ks4G29aLjE-00180.jpg": {"object_bounding_box": {"x": 434, "y": 306, "w": 128, "h": 774}, "object_present": true}, "P447--sharp-knife--clutter--aVSCktQBth3AXsh4vCZeEdEBMIdYvsb-3Ks4G29aLjE-00181.jpg": {"object_bounding_box": {"x": 435, "y": 301, "w": 133, "h": 779}, "object_present": true}, "P447--sharp-knife--clutter--aVSCktQBth3AXsh4vCZeEdEBMIdYvsb-3Ks4G29aLjE-00182.jpg": {"object_bounding_box": {"x": 435, "y": 292, "w": 133, "h": 788}, "object_present": true}, "P447--sharp-knife--clutter--aVSCktQBth3AXsh4vCZeEdEBMIdYvsb-3Ks4G29aLjE-00183.jpg": {"object_bounding_box": {"x": 435, "y": 277, "w": 133, "h": 803}, "object_present": true}, "P447--sharp-knife--clutter--aVSCktQBth3AXsh4vCZeEdEBMIdYvsb-3Ks4G29aLjE-00184.jpg": {"object_bounding_box": {"x": 442, "y": 262, "w": 131, "h": 818}, "object_present": true}, "P447--sharp-knife--clutter--aVSCktQBth3AXsh4vCZeEdEBMIdYvsb-3Ks4G29aLjE-00185.jpg": {"object_bounding_box": {"x": 446, "y": 249, "w": 136, "h": 831}, "object_present": true}, "P447--sharp-knife--clutter--aVSCktQBth3AXsh4vCZeEdEBMIdYvsb-3Ks4G29aLjE-00186.jpg": {"object_bounding_box": {"x": 446, "y": 246, "w": 136, "h": 834}, "object_present": true}, "P447--sharp-knife--clutter--aVSCktQBth3AXsh4vCZeEdEBMIdYvsb-3Ks4G29aLjE-00187.jpg": {"object_bounding_box": {"x": 450, "y": 243, "w": 131, "h": 837}, "object_present": true}, "P447--sharp-knife--clutter--aVSCktQBth3AXsh4vCZeEdEBMIdYvsb-3Ks4G29aLjE-00188.jpg": {"object_bounding_box": {"x": 453, "y": 238, "w": 132, "h": 842}, "object_present": true}, "P447--sharp-knife--clutter--aVSCktQBth3AXsh4vCZeEdEBMIdYvsb-3Ks4G29aLjE-00189.jpg": {"object_bounding_box": {"x": 453, "y": 238, "w": 132, "h": 842}, "object_present": true}, "P447--sharp-knife--clutter--aVSCktQBth3AXsh4vCZeEdEBMIdYvsb-3Ks4G29aLjE-00190.jpg": {"object_bounding_box": {"x": 451, "y": 244, "w": 134, "h": 836}, "object_present": true}, "P447--sharp-knife--clutter--aVSCktQBth3AXsh4vCZeEdEBMIdYvsb-3Ks4G29aLjE-00191.jpg": {"object_bounding_box": {"x": 451, "y": 244, "w": 134, "h": 836}, "object_present": true}, "P447--sharp-knife--clutter--aVSCktQBth3AXsh4vCZeEdEBMIdYvsb-3Ks4G29aLjE-00192.jpg": {"object_bounding_box": {"x": 454, "y": 233, "w": 131, "h": 847}, "object_present": true}, "P447--sharp-knife--clutter--aVSCktQBth3AXsh4vCZeEdEBMIdYvsb-3Ks4G29aLjE-00193.jpg": {"object_bounding_box": {"x": 454, "y": 224, "w": 137, "h": 856}, "object_present": true}, "P447--sharp-knife--clutter--aVSCktQBth3AXsh4vCZeEdEBMIdYvsb-3Ks4G29aLjE-00194.jpg": {"object_bounding_box": {"x": 453, "y": 224, "w": 138, "h": 856}, "object_present": true}, "P447--sharp-knife--clutter--aVSCktQBth3AXsh4vCZeEdEBMIdYvsb-3Ks4G29aLjE-00195.jpg": {"object_bounding_box": {"x": 443, "y": 224, "w": 138, "h": 856}, "object_present": true}, "P447--sharp-knife--clutter--aVSCktQBth3AXsh4vCZeEdEBMIdYvsb-3Ks4G29aLjE-00196.jpg": {"object_bounding_box": {"x": 443, "y": 224, "w": 138, "h": 856}, "object_present": true}, "P447--sharp-knife--clutter--aVSCktQBth3AXsh4vCZeEdEBMIdYvsb-3Ks4G29aLjE-00197.jpg": {"object_bounding_box": {"x": 441, "y": 229, "w": 138, "h": 851}, "object_present": true}, "P447--sharp-knife--clutter--aVSCktQBth3AXsh4vCZeEdEBMIdYvsb-3Ks4G29aLjE-00198.jpg": {"object_bounding_box": {"x": 439, "y": 234, "w": 138, "h": 844}, "object_present": true}, "P447--sharp-knife--clutter--aVSCktQBth3AXsh4vCZeEdEBMIdYvsb-3Ks4G29aLjE-00199.jpg": {"object_bounding_box": {"x": 435, "y": 240, "w": 138, "h": 840}, "object_present": true}, "P447--sharp-knife--clutter--aVSCktQBth3AXsh4vCZeEdEBMIdYvsb-3Ks4G29aLjE-00200.jpg": {"object_bounding_box": {"x": 424, "y": 236, "w": 140, "h": 844}, "object_present": true}, "P447--sharp-knife--clutter--aVSCktQBth3AXsh4vCZeEdEBMIdYvsb-3Ks4G29aLjE-00201.jpg": {"object_bounding_box": {"x": 420, "y": 236, "w": 140, "h": 844}, "object_present": true}, "P447--sharp-knife--clutter--aVSCktQBth3AXsh4vCZeEdEBMIdYvsb-3Ks4G29aLjE-00202.jpg": {"object_bounding_box": {"x": 413, "y": 236, "w": 138, "h": 844}, "object_present": true}, "P447--sharp-knife--clutter--aVSCktQBth3AXsh4vCZeEdEBMIdYvsb-3Ks4G29aLjE-00203.jpg": {"object_bounding_box": {"x": 408, "y": 236, "w": 143, "h": 844}, "object_present": true}, "P447--sharp-knife--clutter--aVSCktQBth3AXsh4vCZeEdEBMIdYvsb-3Ks4G29aLjE-00204.jpg": {"object_bounding_box": {"x": 402, "y": 243, "w": 147, "h": 837}, "object_present": true}, "P447--sharp-knife--clutter--aVSCktQBth3AXsh4vCZeEdEBMIdYvsb-3Ks4G29aLjE-00205.jpg": {"object_bounding_box": {"x": 397, "y": 243, "w": 144, "h": 837}, "object_present": true}, "P447--sharp-knife--clutter--aVSCktQBth3AXsh4vCZeEdEBMIdYvsb-3Ks4G29aLjE-00206.jpg": {"object_bounding_box": {"x": 389, "y": 252, "w": 150, "h": 828}, "object_present": true}, "P447--sharp-knife--clutter--aVSCktQBth3AXsh4vCZeEdEBMIdYvsb-3Ks4G29aLjE-00207.jpg": {"object_bounding_box": {"x": 389, "y": 255, "w": 147, "h": 825}, "object_present": true}, "P447--sharp-knife--clutter--aVSCktQBth3AXsh4vCZeEdEBMIdYvsb-3Ks4G29aLjE-00208.jpg": {"object_bounding_box": {"x": 389, "y": 261, "w": 144, "h": 819}, "object_present": true}, "P447--sharp-knife--clutter--aVSCktQBth3AXsh4vCZeEdEBMIdYvsb-3Ks4G29aLjE-00209.jpg": {"object_bounding_box": {"x": 389, "y": 268, "w": 140, "h": 812}, "object_present": true}, "P447--sharp-knife--clutter--aVSCktQBth3AXsh4vCZeEdEBMIdYvsb-3Ks4G29aLjE-00210.jpg": {"object_bounding_box": {"x": 382, "y": 271, "w": 147, "h": 809}, "object_present": true}, "P447--sharp-knife--clutter--aVSCktQBth3AXsh4vCZeEdEBMIdYvsb-3Ks4G29aLjE-00211.jpg": {"object_bounding_box": {"x": 384, "y": 272, "w": 147, "h": 808}, "object_present": true}, "P447--sharp-knife--clutter--aVSCktQBth3AXsh4vCZeEdEBMIdYvsb-3Ks4G29aLjE-00212.jpg": {"object_bounding_box": {"x": 386, "y": 273, "w": 149, "h": 807}, "object_present": true}, "P447--sharp-knife--clutter--aVSCktQBth3AXsh4vCZeEdEBMIdYvsb-3Ks4G29aLjE-00213.jpg": {"object_bounding_box": {"x": 389, "y": 283, "w": 147, "h": 797}, "object_present": true}, "P447--sharp-knife--clutter--aVSCktQBth3AXsh4vCZeEdEBMIdYvsb-3Ks4G29aLjE-00214.jpg": {"object_bounding_box": {"x": 394, "y": 288, "w": 142, "h": 792}, "object_present": true}, "P447--sharp-knife--clutter--aVSCktQBth3AXsh4vCZeEdEBMIdYvsb-3Ks4G29aLjE-00215.jpg": {"object_bounding_box": {"x": 403, "y": 288, "w": 140, "h": 792}, "object_present": true}, "P447--sharp-knife--clutter--aVSCktQBth3AXsh4vCZeEdEBMIdYvsb-3Ks4G29aLjE-00216.jpg": {"object_bounding_box": {"x": 404, "y": 288, "w": 147, "h": 792}, "object_present": true}, "P447--sharp-knife--clutter--aVSCktQBth3AXsh4vCZeEdEBMIdYvsb-3Ks4G29aLjE-00217.jpg": {"object_bounding_box": {"x": 414, "y": 290, "w": 137, "h": 790}, "object_present": true}, "P447--sharp-knife--clutter--aVSCktQBth3AXsh4vCZeEdEBMIdYvsb-3Ks4G29aLjE-00218.jpg": {"object_bounding_box": {"x": 423, "y": 291, "w": 144, "h": 789}, "object_present": true}, "P447--sharp-knife--clutter--aVSCktQBth3AXsh4vCZeEdEBMIdYvsb-3Ks4G29aLjE-00219.jpg": {"object_bounding_box": {"x": 428, "y": 291, "w": 145, "h": 789}, "object_present": true}, "P447--sharp-knife--clutter--aVSCktQBth3AXsh4vCZeEdEBMIdYvsb-3Ks4G29aLjE-00220.jpg": {"object_bounding_box": {"x": 430, "y": 287, "w": 145, "h": 793}, "object_present": true}, "P447--sharp-knife--clutter--aVSCktQBth3AXsh4vCZeEdEBMIdYvsb-3Ks4G29aLjE-00221.jpg": {"object_bounding_box": {"x": 432, "y": 288, "w": 149, "h": 792}, "object_present": true}, "P447--sharp-knife--clutter--aVSCktQBth3AXsh4vCZeEdEBMIdYvsb-3Ks4G29aLjE-00222.jpg": {"object_bounding_box": {"x": 433, "y": 292, "w": 146, "h": 788}, "object_present": true}, "P447--sharp-knife--clutter--aVSCktQBth3AXsh4vCZeEdEBMIdYvsb-3Ks4G29aLjE-00223.jpg": {"object_bounding_box": {"x": 432, "y": 292, "w": 147, "h": 788}, "object_present": true}, "P447--sharp-knife--clutter--aVSCktQBth3AXsh4vCZeEdEBMIdYvsb-3Ks4G29aLjE-00224.jpg": {"object_bounding_box": {"x": 432, "y": 290, "w": 148, "h": 790}, "object_present": true}, "P447--sharp-knife--clutter--aVSCktQBth3AXsh4vCZeEdEBMIdYvsb-3Ks4G29aLjE-00225.jpg": {"object_bounding_box": {"x": 434, "y": 290, "w": 146, "h": 790}, "object_present": true}, "P447--sharp-knife--clutter--aVSCktQBth3AXsh4vCZeEdEBMIdYvsb-3Ks4G29aLjE-00226.jpg": {"object_bounding_box": {"x": 427, "y": 290, "w": 153, "h": 790}, "object_present": true}, "P447--sharp-knife--clutter--aVSCktQBth3AXsh4vCZeEdEBMIdYvsb-3Ks4G29aLjE-00227.jpg": {"object_bounding_box": {"x": 432, "y": 290, "w": 148, "h": 790}, "object_present": true}, "P447--sharp-knife--clutter--aVSCktQBth3AXsh4vCZeEdEBMIdYvsb-3Ks4G29aLjE-00228.jpg": {"object_bounding_box": {"x": 432, "y": 288, "w": 147, "h": 792}, "object_present": true}, "P447--sharp-knife--clutter--aVSCktQBth3AXsh4vCZeEdEBMIdYvsb-3Ks4G29aLjE-00229.jpg": {"object_bounding_box": {"x": 433, "y": 288, "w": 148, "h": 792}, "object_present": true}, "P447--sharp-knife--clutter--aVSCktQBth3AXsh4vCZeEdEBMIdYvsb-3Ks4G29aLjE-00230.jpg": {"object_bounding_box": {"x": 433, "y": 294, "w": 148, "h": 786}, "object_present": true}, "P447--sharp-knife--clutter--aVSCktQBth3AXsh4vCZeEdEBMIdYvsb-3Ks4G29aLjE-00231.jpg": {"object_bounding_box": {"x": 433, "y": 303, "w": 152, "h": 777}, "object_present": true}, "P447--sharp-knife--clutter--aVSCktQBth3AXsh4vCZeEdEBMIdYvsb-3Ks4G29aLjE-00232.jpg": {"object_bounding_box": {"x": 436, "y": 313, "w": 149, "h": 767}, "object_present": true}, "P447--sharp-knife--clutter--aVSCktQBth3AXsh4vCZeEdEBMIdYvsb-3Ks4G29aLjE-00233.jpg": {"object_bounding_box": {"x": 439, "y": 318, "w": 150, "h": 762}, "object_present": true}, "P447--sharp-knife--clutter--aVSCktQBth3AXsh4vCZeEdEBMIdYvsb-3Ks4G29aLjE-00234.jpg": {"object_bounding_box": {"x": 443, "y": 321, "w": 146, "h": 759}, "object_present": true}, "P447--sharp-knife--clutter--aVSCktQBth3AXsh4vCZeEdEBMIdYvsb-3Ks4G29aLjE-00235.jpg": {"object_bounding_box": {"x": 447, "y": 322, "w": 148, "h": 758}, "object_present": true}, "P447--sharp-knife--clutter--aVSCktQBth3AXsh4vCZeEdEBMIdYvsb-3Ks4G29aLjE-00236.jpg": {"object_bounding_box": {"x": 447, "y": 322, "w": 148, "h": 758}, "object_present": true}, "P447--sharp-knife--clutter--aVSCktQBth3AXsh4vCZeEdEBMIdYvsb-3Ks4G29aLjE-00237.jpg": {"object_bounding_box": {"x": 448, "y": 322, "w": 147, "h": 758}, "object_present": true}, "P447--sharp-knife--clutter--aVSCktQBth3AXsh4vCZeEdEBMIdYvsb-3Ks4G29aLjE-00238.jpg": {"object_bounding_box": {"x": 449, "y": 319, "w": 146, "h": 761}, "object_present": true}, "P447--sharp-knife--clutter--aVSCktQBth3AXsh4vCZeEdEBMIdYvsb-3Ks4G29aLjE-00239.jpg": {"object_bounding_box": {"x": 450, "y": 323, "w": 149, "h": 757}, "object_present": true}, "P447--sharp-knife--clutter--aVSCktQBth3AXsh4vCZeEdEBMIdYvsb-3Ks4G29aLjE-00240.jpg": {"object_bounding_box": {"x": 450, "y": 321, "w": 149, "h": 759}, "object_present": true}, "P447--sharp-knife--clutter--aVSCktQBth3AXsh4vCZeEdEBMIdYvsb-3Ks4G29aLjE-00241.jpg": {"object_bounding_box": {"x": 447, "y": 321, "w": 151, "h": 759}, "object_present": true}, "P447--sharp-knife--clutter--aVSCktQBth3AXsh4vCZeEdEBMIdYvsb-3Ks4G29aLjE-00242.jpg": {"object_bounding_box": {"x": 447, "y": 321, "w": 151, "h": 759}, "object_present": true}, "P447--sharp-knife--clutter--aVSCktQBth3AXsh4vCZeEdEBMIdYvsb-3Ks4G29aLjE-00243.jpg": {"object_bounding_box": {"x": 448, "y": 321, "w": 150, "h": 759}, "object_present": true}, "P447--sharp-knife--clutter--aVSCktQBth3AXsh4vCZeEdEBMIdYvsb-3Ks4G29aLjE-00244.jpg": {"object_bounding_box": {"x": 448, "y": 327, "w": 142, "h": 753}, "object_present": true}, "P447--sharp-knife--clutter--aVSCktQBth3AXsh4vCZeEdEBMIdYvsb-3Ks4G29aLjE-00245.jpg": {"object_bounding_box": {"x": 452, "y": 327, "w": 143, "h": 753}, "object_present": true}, "P447--sharp-knife--clutter--aVSCktQBth3AXsh4vCZeEdEBMIdYvsb-3Ks4G29aLjE-00246.jpg": {"object_bounding_box": {"x": 452, "y": 331, "w": 143, "h": 749}, "object_present": true}, "P447--sharp-knife--clutter--aVSCktQBth3AXsh4vCZeEdEBMIdYvsb-3Ks4G29aLjE-00247.jpg": {"object_bounding_box": {"x": 454, "y": 328, "w": 141, "h": 752}, "object_present": true}, "P447--sharp-knife--clutter--aVSCktQBth3AXsh4vCZeEdEBMIdYvsb-3Ks4G29aLjE-00248.jpg": {"object_bounding_box": {"x": 454, "y": 330, "w": 141, "h": 750}, "object_present": true}, "P447--sharp-knife--clutter--aVSCktQBth3AXsh4vCZeEdEBMIdYvsb-3Ks4G29aLjE-00249.jpg": {"object_bounding_box": {"x": 446, "y": 332, "w": 145, "h": 748}, "object_present": true}, "P447--sharp-knife--clutter--aVSCktQBth3AXsh4vCZeEdEBMIdYvsb-3Ks4G29aLjE-00250.jpg": {"object_bounding_box": {"x": 443, "y": 332, "w": 137, "h": 748}, "object_present": true}, "P447--sharp-knife--clutter--aVSCktQBth3AXsh4vCZeEdEBMIdYvsb-3Ks4G29aLjE-00251.jpg": {"object_bounding_box": {"x": 443, "y": 324, "w": 141, "h": 756}, "object_present": true}, "P447--sharp-knife--clutter--aVSCktQBth3AXsh4vCZeEdEBMIdYvsb-3Ks4G29aLjE-00252.jpg": {"object_bounding_box": {"x": 436, "y": 321, "w": 142, "h": 759}, "object_present": true}, "P447--sharp-knife--clutter--aVSCktQBth3AXsh4vCZeEdEBMIdYvsb-3Ks4G29aLjE-00253.jpg": {"object_bounding_box": {"x": 429, "y": 323, "w": 138, "h": 757}, "object_present": true}, "P447--sharp-knife--clutter--aVSCktQBth3AXsh4vCZeEdEBMIdYvsb-3Ks4G29aLjE-00254.jpg": {"object_bounding_box": {"x": 424, "y": 328, "w": 141, "h": 752}, "object_present": true}, "P447--sharp-knife--clutter--aVSCktQBth3AXsh4vCZeEdEBMIdYvsb-3Ks4G29aLjE-00255.jpg": {"object_bounding_box": {"x": 424, "y": 328, "w": 138, "h": 752}, "object_present": true}, "P447--sharp-knife--clutter--aVSCktQBth3AXsh4vCZeEdEBMIdYvsb-3Ks4G29aLjE-00256.jpg": {"object_bounding_box": {"x": 423, "y": 329, "w": 138, "h": 751}, "object_present": true}, "P447--sharp-knife--clutter--aVSCktQBth3AXsh4vCZeEdEBMIdYvsb-3Ks4G29aLjE-00257.jpg": {"object_bounding_box": {"x": 426, "y": 329, "w": 135, "h": 751}, "object_present": true}, "P447--sharp-knife--clutter--aVSCktQBth3AXsh4vCZeEdEBMIdYvsb-3Ks4G29aLjE-00258.jpg": {"object_bounding_box": {"x": 419, "y": 328, "w": 137, "h": 752}, "object_present": true}, "P447--sharp-knife--clutter--aVSCktQBth3AXsh4vCZeEdEBMIdYvsb-3Ks4G29aLjE-00259.jpg": {"object_bounding_box": {"x": 419, "y": 324, "w": 133, "h": 756}, "object_present": true}, "P447--sharp-knife--clutter--aVSCktQBth3AXsh4vCZeEdEBMIdYvsb-3Ks4G29aLjE-00260.jpg": {"object_bounding_box": {"x": 419, "y": 318, "w": 133, "h": 762}, "object_present": true}, "P447--sharp-knife--clutter--aVSCktQBth3AXsh4vCZeEdEBMIdYvsb-3Ks4G29aLjE-00261.jpg": {"object_bounding_box": {"x": 419, "y": 318, "w": 133, "h": 762}, "object_present": true}, "P447--sharp-knife--clutter--aVSCktQBth3AXsh4vCZeEdEBMIdYvsb-3Ks4G29aLjE-00262.jpg": {"object_bounding_box": {"x": 419, "y": 318, "w": 133, "h": 762}, "object_present": true}, "P447--sharp-knife--clutter--aVSCktQBth3AXsh4vCZeEdEBMIdYvsb-3Ks4G29aLjE-00263.jpg": {"object_bounding_box": {"x": 419, "y": 318, "w": 133, "h": 762}, "object_present": true}, "P447--sharp-knife--clutter--aVSCktQBth3AXsh4vCZeEdEBMIdYvsb-3Ks4G29aLjE-00264.jpg": {"object_bounding_box": {"x": 419, "y": 310, "w": 133, "h": 770}, "object_present": true}, "P447--sharp-knife--clutter--aVSCktQBth3AXsh4vCZeEdEBMIdYvsb-3Ks4G29aLjE-00265.jpg": {"object_bounding_box": {"x": 416, "y": 308, "w": 137, "h": 772}, "object_present": true}, "P447--sharp-knife--clutter--aVSCktQBth3AXsh4vCZeEdEBMIdYvsb-3Ks4G29aLjE-00266.jpg": {"object_bounding_box": {"x": 416, "y": 308, "w": 137, "h": 772}, "object_present": true}, "P447--sharp-knife--clutter--aVSCktQBth3AXsh4vCZeEdEBMIdYvsb-3Ks4G29aLjE-00267.jpg": {"object_bounding_box": {"x": 416, "y": 308, "w": 137, "h": 772}, "object_present": true}, "P447--sharp-knife--clutter--aVSCktQBth3AXsh4vCZeEdEBMIdYvsb-3Ks4G29aLjE-00268.jpg": {"object_bounding_box": {"x": 416, "y": 308, "w": 137, "h": 772}, "object_present": true}, "P447--sharp-knife--clutter--aVSCktQBth3AXsh4vCZeEdEBMIdYvsb-3Ks4G29aLjE-00269.jpg": {"object_bounding_box": {"x": 416, "y": 308, "w": 137, "h": 772}, "object_present": true}, "P447--sharp-knife--clutter--aVSCktQBth3AXsh4vCZeEdEBMIdYvsb-3Ks4G29aLjE-00270.jpg": {"object_bounding_box": {"x": 422, "y": 314, "w": 138, "h": 766}, "object_present": true}, "P447--sharp-knife--clutter--aVSCktQBth3AXsh4vCZeEdEBMIdYvsb-3Ks4G29aLjE-00271.jpg": {"object_bounding_box": {"x": 426, "y": 310, "w": 134, "h": 770}, "object_present": true}, "P447--sharp-knife--clutter--aVSCktQBth3AXsh4vCZeEdEBMIdYvsb-3Ks4G29aLjE-00272.jpg": {"object_bounding_box": {"x": 431, "y": 310, "w": 131, "h": 770}, "object_present": true}, "P447--sharp-knife--clutter--aVSCktQBth3AXsh4vCZeEdEBMIdYvsb-3Ks4G29aLjE-00273.jpg": {"object_bounding_box": {"x": 431, "y": 310, "w": 131, "h": 770}, "object_present": true}, "P447--sharp-knife--clutter--aVSCktQBth3AXsh4vCZeEdEBMIdYvsb-3Ks4G29aLjE-00274.jpg": {"object_bounding_box": {"x": 430, "y": 303, "w": 132, "h": 777}, "object_present": true}, "P447--sharp-knife--clutter--aVSCktQBth3AXsh4vCZeEdEBMIdYvsb-3Ks4G29aLjE-00275.jpg": {"object_bounding_box": {"x": 434, "y": 286, "w": 138, "h": 794}, "object_present": true}, "P447--sharp-knife--clutter--aVSCktQBth3AXsh4vCZeEdEBMIdYvsb-3Ks4G29aLjE-00276.jpg": {"object_bounding_box": {"x": 434, "y": 274, "w": 137, "h": 806}, "object_present": true}, "P447--sharp-knife--clutter--aVSCktQBth3AXsh4vCZeEdEBMIdYvsb-3Ks4G29aLjE-00277.jpg": {"object_bounding_box": {"x": 439, "y": 268, "w": 133, "h": 812}, "object_present": true}, "P447--sharp-knife--clutter--aVSCktQBth3AXsh4vCZeEdEBMIdYvsb-3Ks4G29aLjE-00278.jpg": {"object_bounding_box": {"x": 439, "y": 269, "w": 133, "h": 811}, "object_present": true}, "P447--sharp-knife--clutter--aVSCktQBth3AXsh4vCZeEdEBMIdYvsb-3Ks4G29aLjE-00279.jpg": {"object_bounding_box": {"x": 439, "y": 269, "w": 133, "h": 811}, "object_present": true}, "P447--sharp-knife--clutter--aVSCktQBth3AXsh4vCZeEdEBMIdYvsb-3Ks4G29aLjE-00280.jpg": {"object_bounding_box": {"x": 439, "y": 269, "w": 133, "h": 811}, "object_present": true}, "P447--sharp-knife--clutter--aVSCktQBth3AXsh4vCZeEdEBMIdYvsb-3Ks4G29aLjE-00281.jpg": {"object_bounding_box": {"x": 444, "y": 284, "w": 145, "h": 796}, "object_present": true}, "P447--sharp-knife--clutter--aVSCktQBth3AXsh4vCZeEdEBMIdYvsb-3Ks4G29aLjE-00282.jpg": {"object_bounding_box": {"x": 446, "y": 290, "w": 143, "h": 790}, "object_present": true}, "P447--sharp-knife--clutter--aVSCktQBth3AXsh4vCZeEdEBMIdYvsb-3Ks4G29aLjE-00283.jpg": {"object_bounding_box": {"x": 448, "y": 291, "w": 141, "h": 789}, "object_present": true}, "P447--sharp-knife--clutter--aVSCktQBth3AXsh4vCZeEdEBMIdYvsb-3Ks4G29aLjE-00284.jpg": {"object_bounding_box": {"x": 448, "y": 291, "w": 141, "h": 789}, "object_present": true}, "P447--sharp-knife--clutter--aVSCktQBth3AXsh4vCZeEdEBMIdYvsb-3Ks4G29aLjE-00285.jpg": {"object_bounding_box": {"x": 448, "y": 291, "w": 141, "h": 789}, "object_present": true}, "P447--sharp-knife--clutter--aVSCktQBth3AXsh4vCZeEdEBMIdYvsb-3Ks4G29aLjE-00286.jpg": {"object_bounding_box": {"x": 453, "y": 296, "w": 136, "h": 784}, "object_present": true}, "P447--sharp-knife--clutter--aVSCktQBth3AXsh4vCZeEdEBMIdYvsb-3Ks4G29aLjE-00287.jpg": {"object_bounding_box": {"x": 454, "y": 291, "w": 141, "h": 789}, "object_present": true}, "P447--sharp-knife--clutter--aVSCktQBth3AXsh4vCZeEdEBMIdYvsb-3Ks4G29aLjE-00288.jpg": {"object_bounding_box": {"x": 454, "y": 291, "w": 141, "h": 789}, "object_present": true}, "P447--sharp-knife--clutter--aVSCktQBth3AXsh4vCZeEdEBMIdYvsb-3Ks4G29aLjE-00289.jpg": {"object_bounding_box": {"x": 454, "y": 291, "w": 141, "h": 789}, "object_present": true}, "P447--sharp-knife--clutter--aVSCktQBth3AXsh4vCZeEdEBMIdYvsb-3Ks4G29aLjE-00290.jpg": {"object_bounding_box": {"x": 459, "y": 291, "w": 136, "h": 789}, "object_present": true}, "P447--sharp-knife--clutter--aVSCktQBth3AXsh4vCZeEdEBMIdYvsb-3Ks4G29aLjE-00291.jpg": {"object_bounding_box": {"x": 459, "y": 304, "w": 136, "h": 776}, "object_present": true}, "P447--sharp-knife--clutter--aVSCktQBth3AXsh4vCZeEdEBMIdYvsb-3Ks4G29aLjE-00292.jpg": {"object_bounding_box": {"x": 459, "y": 304, "w": 136, "h": 776}, "object_present": true}, "P447--sharp-knife--clutter--aVSCktQBth3AXsh4vCZeEdEBMIdYvsb-3Ks4G29aLjE-00293.jpg": {"object_bounding_box": {"x": 459, "y": 304, "w": 136, "h": 776}, "object_present": true}, "P447--sharp-knife--clutter--aVSCktQBth3AXsh4vCZeEdEBMIdYvsb-3Ks4G29aLjE-00294.jpg": {"object_bounding_box": {"x": 459, "y": 304, "w": 136, "h": 776}, "object_present": true}, "P447--sharp-knife--clutter--aVSCktQBth3AXsh4vCZeEdEBMIdYvsb-3Ks4G29aLjE-00295.jpg": {"object_bounding_box": {"x": 459, "y": 304, "w": 136, "h": 776}, "object_present": true}, "P447--sharp-knife--clutter--aVSCktQBth3AXsh4vCZeEdEBMIdYvsb-3Ks4G29aLjE-00296.jpg": {"object_bounding_box": {"x": 459, "y": 304, "w": 136, "h": 776}, "object_present": true}, "P447--sharp-knife--clutter--aVSCktQBth3AXsh4vCZeEdEBMIdYvsb-3Ks4G29aLjE-00297.jpg": {"object_bounding_box": {"x": 464, "y": 304, "w": 131, "h": 776}, "object_present": true}, "P447--sharp-knife--clutter--aVSCktQBth3AXsh4vCZeEdEBMIdYvsb-3Ks4G29aLjE-00298.jpg": {"object_bounding_box": {"x": 464, "y": 304, "w": 131, "h": 776}, "object_present": true}, "P447--sharp-knife--clutter--aVSCktQBth3AXsh4vCZeEdEBMIdYvsb-3Ks4G29aLjE-00299.jpg": {"object_bounding_box": {"x": 464, "y": 314, "w": 131, "h": 766}, "object_present": true}, "P447--sharp-knife--clutter--aVSCktQBth3AXsh4vCZeEdEBMIdYvsb-3Ks4G29aLjE-00300.jpg": {"object_bounding_box": {"x": 464, "y": 314, "w": 131, "h": 766}, "object_present": true}, "P447--sharp-knife--clutter--aVSCktQBth3AXsh4vCZeEdEBMIdYvsb-3Ks4G29aLjE-00301.jpg": {"object_bounding_box": {"x": 464, "y": 314, "w": 131, "h": 766}, "object_present": true}, "P447--sharp-knife--clutter--aVSCktQBth3AXsh4vCZeEdEBMIdYvsb-3Ks4G29aLjE-00302.jpg": {"object_bounding_box": {"x": 464, "y": 314, "w": 131, "h": 766}, "object_present": true}, "P447--sharp-knife--clutter--aVSCktQBth3AXsh4vCZeEdEBMIdYvsb-3Ks4G29aLjE-00303.jpg": {"object_bounding_box": {"x": 464, "y": 317, "w": 131, "h": 763}, "object_present": true}, "P447--sharp-knife--clutter--aVSCktQBth3AXsh4vCZeEdEBMIdYvsb-3Ks4G29aLjE-00304.jpg": {"object_bounding_box": {"x": 464, "y": 320, "w": 131, "h": 760}, "object_present": true}, "P447--sharp-knife--clutter--aVSCktQBth3AXsh4vCZeEdEBMIdYvsb-3Ks4G29aLjE-00305.jpg": {"object_bounding_box": {"x": 458, "y": 320, "w": 136, "h": 760}, "object_present": true}, "P447--sharp-knife--clutter--aVSCktQBth3AXsh4vCZeEdEBMIdYvsb-3Ks4G29aLjE-00306.jpg": {"object_bounding_box": {"x": 458, "y": 320, "w": 136, "h": 760}, "object_present": true}, "P447--sharp-knife--clutter--aVSCktQBth3AXsh4vCZeEdEBMIdYvsb-3Ks4G29aLjE-00307.jpg": {"object_bounding_box": {"x": 458, "y": 320, "w": 136, "h": 760}, "object_present": true}, "P447--sharp-knife--clutter--aVSCktQBth3AXsh4vCZeEdEBMIdYvsb-3Ks4G29aLjE-00308.jpg": {"object_bounding_box": {"x": 458, "y": 325, "w": 136, "h": 755}, "object_present": true}, "P447--sharp-knife--clutter--aVSCktQBth3AXsh4vCZeEdEBMIdYvsb-3Ks4G29aLjE-00309.jpg": {"object_bounding_box": {"x": 458, "y": 325, "w": 136, "h": 755}, "object_present": true}, "P447--sharp-knife--clutter--aVSCktQBth3AXsh4vCZeEdEBMIdYvsb-3Ks4G29aLjE-00310.jpg": {"object_bounding_box": {"x": 458, "y": 325, "w": 136, "h": 755}, "object_present": true}, "P447--sharp-knife--clutter--aVSCktQBth3AXsh4vCZeEdEBMIdYvsb-3Ks4G29aLjE-00311.jpg": {"object_bounding_box": {"x": 458, "y": 325, "w": 136, "h": 755}, "object_present": true}, "P447--sharp-knife--clutter--aVSCktQBth3AXsh4vCZeEdEBMIdYvsb-3Ks4G29aLjE-00312.jpg": {"object_bounding_box": {"x": 458, "y": 325, "w": 136, "h": 755}, "object_present": true}, "P447--sharp-knife--clutter--aVSCktQBth3AXsh4vCZeEdEBMIdYvsb-3Ks4G29aLjE-00313.jpg": {"object_bounding_box": {"x": 458, "y": 325, "w": 136, "h": 755}, "object_present": true}, "P447--sharp-knife--clutter--aVSCktQBth3AXsh4vCZeEdEBMIdYvsb-3Ks4G29aLjE-00314.jpg": {"object_bounding_box": {"x": 458, "y": 334, "w": 136, "h": 746}, "object_present": true}, "P447--sharp-knife--clutter--aVSCktQBth3AXsh4vCZeEdEBMIdYvsb-3Ks4G29aLjE-00315.jpg": {"object_bounding_box": {"x": 458, "y": 334, "w": 136, "h": 746}, "object_present": true}, "P447--sharp-knife--clutter--aVSCktQBth3AXsh4vCZeEdEBMIdYvsb-3Ks4G29aLjE-00316.jpg": {"object_bounding_box": {"x": 458, "y": 328, "w": 136, "h": 752}, "object_present": true}, "P447--sharp-knife--clutter--aVSCktQBth3AXsh4vCZeEdEBMIdYvsb-3Ks4G29aLjE-00317.jpg": {"object_bounding_box": {"x": 458, "y": 328, "w": 136, "h": 752}, "object_present": true}, "P447--sharp-knife--clutter--aVSCktQBth3AXsh4vCZeEdEBMIdYvsb-3Ks4G29aLjE-00318.jpg": {"object_bounding_box": {"x": 458, "y": 328, "w": 136, "h": 752}, "object_present": true}, "P447--sharp-knife--clutter--aVSCktQBth3AXsh4vCZeEdEBMIdYvsb-3Ks4G29aLjE-00319.jpg": {"object_bounding_box": {"x": 458, "y": 328, "w": 136, "h": 752}, "object_present": true}, "P447--sharp-knife--clutter--aVSCktQBth3AXsh4vCZeEdEBMIdYvsb-3Ks4G29aLjE-00320.jpg": {"object_bounding_box": {"x": 458, "y": 328, "w": 138, "h": 752}, "object_present": true}, "P447--sharp-knife--clutter--aVSCktQBth3AXsh4vCZeEdEBMIdYvsb-3Ks4G29aLjE-00321.jpg": {"object_bounding_box": {"x": 458, "y": 325, "w": 138, "h": 755}, "object_present": true}, "P447--sharp-knife--clutter--aVSCktQBth3AXsh4vCZeEdEBMIdYvsb-3Ks4G29aLjE-00322.jpg": {"object_bounding_box": {"x": 452, "y": 325, "w": 145, "h": 755}, "object_present": true}, "P447--sharp-knife--clutter--aVSCktQBth3AXsh4vCZeEdEBMIdYvsb-3Ks4G29aLjE-00323.jpg": {"object_bounding_box": {"x": 446, "y": 326, "w": 141, "h": 752}, "object_present": true}, "P447--sharp-knife--clutter--aVSCktQBth3AXsh4vCZeEdEBMIdYvsb-3Ks4G29aLjE-00324.jpg": {"object_bounding_box": {"x": 443, "y": 320, "w": 146, "h": 760}, "object_present": true}, "P447--sharp-knife--clutter--aVSCktQBth3AXsh4vCZeEdEBMIdYvsb-3Ks4G29aLjE-00325.jpg": {"object_bounding_box": {"x": 447, "y": 317, "w": 142, "h": 763}, "object_present": true}}