{"P463--apple-tv-remote--clutter--TLoaElcxx3_T2X52b1Mq6ybjSPw6oHQy6RuGia4NOAk-00001.jpg": {"object_bounding_box": {"x": 0, "y": 514, "w": 1007, "h": 566}, "object_not_present": false}, "P463--apple-tv-remote--clutter--TLoaElcxx3_T2X52b1Mq6ybjSPw6oHQy6RuGia4NOAk-00002.jpg": {"object_bounding_box": {"x": 0, "y": 516, "w": 1014, "h": 564}, "object_not_present": false}, "P463--apple-tv-remote--clutter--TLoaElcxx3_T2X52b1Mq6ybjSPw6oHQy6RuGia4NOAk-00003.jpg": {"object_bounding_box": {"x": 4, "y": 524, "w": 1009, "h": 556}, "object_not_present": false}, "P463--apple-tv-remote--clutter--TLoaElcxx3_T2X52b1Mq6ybjSPw6oHQy6RuGia4NOAk-00004.jpg": {"object_bounding_box": {"x": 32, "y": 526, "w": 976, "h": 554}, "object_not_present": false}, "P463--apple-tv-remote--clutter--TLoaElcxx3_T2X52b1Mq6ybjSPw6oHQy6RuGia4NOAk-00005.jpg": {"object_bounding_box": {"x": 55, "y": 527, "w": 947, "h": 553}, "object_not_present": false}, "P463--apple-tv-remote--clutter--TLoaElcxx3_T2X52b1Mq6ybjSPw6oHQy6RuGia4NOAk-00006.jpg": {"object_bounding_box": {"x": 73, "y": 529, "w": 915, "h": 551}, "object_not_present": false}, "P463--apple-tv-remote--clutter--TLoaElcxx3_T2X52b1Mq6ybjSPw6oHQy6RuGia4NOAk-00007.jpg": {"object_bounding_box": {"x": 70, "y": 528, "w": 916, "h": 552}, "object_not_present": false}, "P463--apple-tv-remote--clutter--TLoaElcxx3_T2X52b1Mq6ybjSPw6oHQy6RuGia4NOAk-00008.jpg": {"object_bounding_box": {"x": 106, "y": 508, "w": 864, "h": 572}, "object_not_present": false}, "P463--apple-tv-remote--clutter--TLoaElcxx3_T2X52b1Mq6ybjSPw6oHQy6RuGia4NOAk-00009.jpg": {"object_bounding_box": {"x": 122, "y": 499, "w": 839, "h": 581}, "object_not_present": false}, "P463--apple-tv-remote--clutter--TLoaElcxx3_T2X52b1Mq6ybjSPw6oHQy6RuGia4NOAk-00010.jpg": {"object_bounding_box": {"x": 137, "y": 500, "w": 814, "h": 580}, "object_not_present": false}, "P463--apple-tv-remote--clutter--TLoaElcxx3_T2X52b1Mq6ybjSPw6oHQy6RuGia4NOAk-00011.jpg": {"object_bounding_box": {"x": 153, "y": 485, "w": 792, "h": 595}, "object_not_present": false}, "P463--apple-tv-remote--clutter--TLoaElcxx3_T2X52b1Mq6ybjSPw6oHQy6RuGia4NOAk-00012.jpg": {"object_bounding_box": {"x": 161, "y": 469, "w": 775, "h": 611}, "object_not_present": false}, "P463--apple-tv-remote--clutter--TLoaElcxx3_T2X52b1Mq6ybjSPw6oHQy6RuGia4NOAk-00013.jpg": {"object_bounding_box": {"x": 168, "y": 463, "w": 753, "h": 596}, "object_not_present": false}, "P463--apple-tv-remote--clutter--TLoaElcxx3_T2X52b1Mq6ybjSPw6oHQy6RuGia4NOAk-00014.jpg": {"object_bounding_box": {"x": 174, "y": 458, "w": 735, "h": 580}, "object_not_present": false}, "P463--apple-tv-remote--clutter--TLoaElcxx3_T2X52b1Mq6ybjSPw6oHQy6RuGia4NOAk-00015.jpg": {"object_bounding_box": {"x": 184, "y": 447, "w": 716, "h": 559}, "object_not_present": false}, "P463--apple-tv-remote--clutter--TLoaElcxx3_T2X52b1Mq6ybjSPw6oHQy6RuGia4NOAk-00016.jpg": {"object_bounding_box": {"x": 197, "y": 427, "w": 697, "h": 541}, "object_not_present": false}, "P463--apple-tv-remote--clutter--TLoaElcxx3_T2X52b1Mq6ybjSPw6oHQy6RuGia4NOAk-00017.jpg": {"object_bounding_box": {"x": 212, "y": 409, "w": 679, "h": 530}, "object_not_present": false}, "P463--apple-tv-remote--clutter--TLoaElcxx3_T2X52b1Mq6ybjSPw6oHQy6RuGia4NOAk-00018.jpg": {"object_bounding_box": {"x": 219, "y": 404, "w": 663, "h": 513}, "object_not_present": false}, "P463--apple-tv-remote--clutter--TLoaElcxx3_T2X52b1Mq6ybjSPw6oHQy6RuGia4NOAk-00019.jpg": {"object_bounding_box": {"x": 232, "y": 395, "w": 645, "h": 499}, "object_not_present": false}, "P463--apple-tv-remote--clutter--TLoaElcxx3_T2X52b1Mq6ybjSPw6oHQy6RuGia4NOAk-00020.jpg": {"object_bounding_box": {"x": 243, "y": 385, "w": 631, "h": 484}, "object_not_present": false}, "P463--apple-tv-remote--clutter--TLoaElcxx3_T2X52b1Mq6ybjSPw6oHQy6RuGia4NOAk-00021.jpg": {"object_bounding_box": {"x": 252, "y": 373, "w": 617, "h": 469}, "object_not_present": false}, "P463--apple-tv-remote--clutter--TLoaElcxx3_T2X52b1Mq6ybjSPw6oHQy6RuGia4NOAk-00022.jpg": {"object_bounding_box": {"x": 254, "y": 364, "w": 606, "h": 457}, "object_not_present": false}, "P463--apple-tv-remote--clutter--TLoaElcxx3_T2X52b1Mq6ybjSPw6oHQy6RuGia4NOAk-00023.jpg": {"object_bounding_box": {"x": 260, "y": 363, "w": 589, "h": 444}, "object_not_present": false}, "P463--apple-tv-remote--clutter--TLoaElcxx3_T2X52b1Mq6ybjSPw6oHQy6RuGia4NOAk-00024.jpg": {"object_bounding_box": {"x": 266, "y": 365, "w": 576, "h": 430}, "object_not_present": false}, "P463--apple-tv-remote--clutter--TLoaElcxx3_T2X52b1Mq6ybjSPw6oHQy6RuGia4NOAk-00025.jpg": {"object_bounding_box": {"x": 268, "y": 363, "w": 565, "h": 415}, "object_not_present": false}, "P463--apple-tv-remote--clutter--TLoaElcxx3_T2X52b1Mq6ybjSPw6oHQy6RuGia4NOAk-00026.jpg": {"object_bounding_box": {"x": 273, "y": 361, "w": 550, "h": 407}, "object_not_present": false}, "P463--apple-tv-remote--clutter--TLoaElcxx3_T2X52b1Mq6ybjSPw6oHQy6RuGia4NOAk-00027.jpg": {"object_bounding_box": {"x": 280, "y": 368, "w": 537, "h": 395}, "object_not_present": false}, "P463--apple-tv-remote--clutter--TLoaElcxx3_T2X52b1Mq6ybjSPw6oHQy6RuGia4NOAk-00028.jpg": {"object_bounding_box": {"x": 289, "y": 364, "w": 524, "h": 386}, "object_not_present": false}, "P463--apple-tv-remote--clutter--TLoaElcxx3_T2X52b1Mq6ybjSPw6oHQy6RuGia4NOAk-00029.jpg": {"object_bounding_box": {"x": 301, "y": 365, "w": 514, "h": 379}, "object_not_present": false}, "P463--apple-tv-remote--clutter--TLoaElcxx3_T2X52b1Mq6ybjSPw6oHQy6RuGia4NOAk-00030.jpg": {"object_bounding_box": {"x": 309, "y": 364, "w": 503, "h": 369}, "object_not_present": false}, "P463--apple-tv-remote--clutter--TLoaElcxx3_T2X52b1Mq6ybjSPw6oHQy6RuGia4NOAk-00031.jpg": {"object_bounding_box": {"x": 316, "y": 363, "w": 494, "h": 361}, "object_not_present": false}, "P463--apple-tv-remote--clutter--TLoaElcxx3_T2X52b1Mq6ybjSPw6oHQy6RuGia4NOAk-00032.jpg": {"object_bounding_box": {"x": 323, "y": 364, "w": 484, "h": 353}, "object_not_present": false}, "P463--apple-tv-remote--clutter--TLoaElcxx3_T2X52b1Mq6ybjSPw6oHQy6RuGia4NOAk-00033.jpg": {"object_bounding_box": {"x": 326, "y": 367, "w": 474, "h": 345}, "object_not_present": false}, "P463--apple-tv-remote--clutter--TLoaElcxx3_T2X52b1Mq6ybjSPw6oHQy6RuGia4NOAk-00034.jpg": {"object_bounding_box": {"x": 339, "y": 372, "w": 462, "h": 337}, "object_not_present": false}, "P463--apple-tv-remote--clutter--TLoaElcxx3_T2X52b1Mq6ybjSPw6oHQy6RuGia4NOAk-00035.jpg": {"object_bounding_box": {"x": 346, "y": 380, "w": 454, "h": 331}, "object_not_present": false}, "P463--apple-tv-remote--clutter--TLoaElcxx3_T2X52b1Mq6ybjSPw6oHQy6RuGia4NOAk-00036.jpg": {"object_bounding_box": {"x": 354, "y": 379, "w": 445, "h": 326}, "object_not_present": false}, "P463--apple-tv-remote--clutter--TLoaElcxx3_T2X52b1Mq6ybjSPw6oHQy6RuGia4NOAk-00037.jpg": {"object_bounding_box": {"x": 363, "y": 381, "w": 437, "h": 318}, "object_not_present": false}, "P463--apple-tv-remote--clutter--TLoaElcxx3_T2X52b1Mq6ybjSPw6oHQy6RuGia4NOAk-00038.jpg": {"object_bounding_box": {"x": 370, "y": 384, "w": 429, "h": 312}, "object_not_present": false}, "P463--apple-tv-remote--clutter--TLoaElcxx3_T2X52b1Mq6ybjSPw6oHQy6RuGia4NOAk-00039.jpg": {"object_bounding_box": {"x": 378, "y": 393, "w": 419, "h": 306}, "object_not_present": false}, "P463--apple-tv-remote--clutter--TLoaElcxx3_T2X52b1Mq6ybjSPw6oHQy6RuGia4NOAk-00040.jpg": {"object_bounding_box": {"x": 385, "y": 401, "w": 412, "h": 301}, "object_not_present": false}, "P463--apple-tv-remote--clutter--TLoaElcxx3_T2X52b1Mq6ybjSPw6oHQy6RuGia4NOAk-00041.jpg": {"object_bounding_box": {"x": 387, "y": 401, "w": 406, "h": 296}, "object_not_present": false}, "P463--apple-tv-remote--clutter--TLoaElcxx3_T2X52b1Mq6ybjSPw6oHQy6RuGia4NOAk-00042.jpg": {"object_bounding_box": {"x": 391, "y": 408, "w": 398, "h": 289}, "object_not_present": false}, "P463--apple-tv-remote--clutter--TLoaElcxx3_T2X52b1Mq6ybjSPw6oHQy6RuGia4NOAk-00043.jpg": {"object_bounding_box": {"x": 398, "y": 417, "w": 391, "h": 284}, "object_not_present": false}, "P463--apple-tv-remote--clutter--TLoaElcxx3_T2X52b1Mq6ybjSPw6oHQy6RuGia4NOAk-00044.jpg": {"object_bounding_box": {"x": 401, "y": 427, "w": 384, "h": 278}, "object_not_present": false}, "P463--apple-tv-remote--clutter--TLoaElcxx3_T2X52b1Mq6ybjSPw6oHQy6RuGia4NOAk-00045.jpg": {"object_bounding_box": {"x": 400, "y": 431, "w": 379, "h": 275}, "object_not_present": false}, "P463--apple-tv-remote--clutter--TLoaElcxx3_T2X52b1Mq6ybjSPw6oHQy6RuGia4NOAk-00046.jpg": {"object_bounding_box": {"x": 403, "y": 437, "w": 372, "h": 270}, "object_not_present": false}, "P463--apple-tv-remote--clutter--TLoaElcxx3_T2X52b1Mq6ybjSPw6oHQy6RuGia4NOAk-00047.jpg": {"object_bounding_box": {"x": 404, "y": 450, "w": 366, "h": 266}, "object_not_present": false}, "P463--apple-tv-remote--clutter--TLoaElcxx3_T2X52b1Mq6ybjSPw6oHQy6RuGia4NOAk-00048.jpg": {"object_bounding_box": {"x": 403, "y": 455, "w": 361, "h": 266}, "object_not_present": false}, "P463--apple-tv-remote--clutter--TLoaElcxx3_T2X52b1Mq6ybjSPw6oHQy6RuGia4NOAk-00049.jpg": {"object_bounding_box": {"x": 408, "y": 459, "w": 356, "h": 262}, "object_not_present": false}, "P463--apple-tv-remote--clutter--TLoaElcxx3_T2X52b1Mq6ybjSPw6oHQy6RuGia4NOAk-00050.jpg": {"object_bounding_box": {"x": 409, "y": 462, "w": 351, "h": 257}, "object_not_present": false}, "P463--apple-tv-remote--clutter--TLoaElcxx3_T2X52b1Mq6ybjSPw6oHQy6RuGia4NOAk-00051.jpg": {"object_bounding_box": {"x": 412, "y": 467, "w": 347, "h": 253}, "object_not_present": false}, "P463--apple-tv-remote--clutter--TLoaElcxx3_T2X52b1Mq6ybjSPw6oHQy6RuGia4NOAk-00052.jpg": {"object_bounding_box": {"x": 413, "y": 477, "w": 343, "h": 249}, "object_not_present": false}, "P463--apple-tv-remote--clutter--TLoaElcxx3_T2X52b1Mq6ybjSPw6oHQy6RuGia4NOAk-00053.jpg": {"object_bounding_box": {"x": 416, "y": 484, "w": 338, "h": 245}, "object_not_present": false}, "P463--apple-tv-remote--clutter--TLoaElcxx3_T2X52b1Mq6ybjSPw6oHQy6RuGia4NOAk-00054.jpg": {"object_bounding_box": {"x": 417, "y": 492, "w": 333, "h": 243}, "object_not_present": false}, "P463--apple-tv-remote--clutter--TLoaElcxx3_T2X52b1Mq6ybjSPw6oHQy6RuGia4NOAk-00055.jpg": {"object_bounding_box": {"x": 421, "y": 500, "w": 329, "h": 240}, "object_not_present": false}, "P463--apple-tv-remote--clutter--TLoaElcxx3_T2X52b1Mq6ybjSPw6oHQy6RuGia4NOAk-00056.jpg": {"object_bounding_box": {"x": 430, "y": 504, "w": 326, "h": 239}, "object_not_present": false}, "P463--apple-tv-remote--clutter--TLoaElcxx3_T2X52b1Mq6ybjSPw6oHQy6RuGia4NOAk-00057.jpg": {"object_bounding_box": {"x": 434, "y": 508, "w": 321, "h": 235}, "object_not_present": false}, "P463--apple-tv-remote--clutter--TLoaElcxx3_T2X52b1Mq6ybjSPw6oHQy6RuGia4NOAk-00058.jpg": {"object_bounding_box": {"x": 443, "y": 511, "w": 315, "h": 232}, "object_not_present": false}, "P463--apple-tv-remote--clutter--TLoaElcxx3_T2X52b1Mq6ybjSPw6oHQy6RuGia4NOAk-00059.jpg": {"object_bounding_box": {"x": 451, "y": 519, "w": 313, "h": 229}, "object_not_present": false}, "P463--apple-tv-remote--clutter--TLoaElcxx3_T2X52b1Mq6ybjSPw6oHQy6RuGia4NOAk-00060.jpg": {"object_bounding_box": {"x": 455, "y": 524, "w": 310, "h": 229}, "object_not_present": false}, "P463--apple-tv-remote--clutter--TLoaElcxx3_T2X52b1Mq6ybjSPw6oHQy6RuGia4NOAk-00061.jpg": {"object_bounding_box": {"x": 459, "y": 529, "w": 305, "h": 226}, "object_not_present": false}, "P463--apple-tv-remote--clutter--TLoaElcxx3_T2X52b1Mq6ybjSPw6oHQy6RuGia4NOAk-00062.jpg": {"object_bounding_box": {"x": 464, "y": 537, "w": 301, "h": 225}, "object_not_present": false}, "P463--apple-tv-remote--clutter--TLoaElcxx3_T2X52b1Mq6ybjSPw6oHQy6RuGia4NOAk-00063.jpg": {"object_bounding_box": {"x": 469, "y": 540, "w": 297, "h": 223}, "object_not_present": false}, "P463--apple-tv-remote--clutter--TLoaElcxx3_T2X52b1Mq6ybjSPw6oHQy6RuGia4NOAk-00064.jpg": {"object_bounding_box": {"x": 474, "y": 539, "w": 294, "h": 221}, "object_not_present": false}, "P463--apple-tv-remote--clutter--TLoaElcxx3_T2X52b1Mq6ybjSPw6oHQy6RuGia4NOAk-00065.jpg": {"object_bounding_box": {"x": 475, "y": 539, "w": 291, "h": 220}, "object_not_present": false}, "P463--apple-tv-remote--clutter--TLoaElcxx3_T2X52b1Mq6ybjSPw6oHQy6RuGia4NOAk-00066.jpg": {"object_bounding_box": {"x": 478, "y": 540, "w": 288, "h": 217}, "object_not_present": false}, "P463--apple-tv-remote--clutter--TLoaElcxx3_T2X52b1Mq6ybjSPw6oHQy6RuGia4NOAk-00067.jpg": {"object_bounding_box": {"x": 481, "y": 538, "w": 286, "h": 216}, "object_not_present": false}, "P463--apple-tv-remote--clutter--TLoaElcxx3_T2X52b1Mq6ybjSPw6oHQy6RuGia4NOAk-00068.jpg": {"object_bounding_box": {"x": 484, "y": 537, "w": 283, "h": 215}, "object_not_present": false}, "P463--apple-tv-remote--clutter--TLoaElcxx3_T2X52b1Mq6ybjSPw6oHQy6RuGia4NOAk-00069.jpg": {"object_bounding_box": {"x": 489, "y": 538, "w": 280, "h": 212}, "object_not_present": false}, "P463--apple-tv-remote--clutter--TLoaElcxx3_T2X52b1Mq6ybjSPw6oHQy6RuGia4NOAk-00070.jpg": {"object_bounding_box": {"x": 489, "y": 543, "w": 277, "h": 210}, "object_not_present": false}, "P463--apple-tv-remote--clutter--TLoaElcxx3_T2X52b1Mq6ybjSPw6oHQy6RuGia4NOAk-00071.jpg": {"object_bounding_box": {"x": 494, "y": 544, "w": 273, "h": 209}, "object_not_present": false}, "P463--apple-tv-remote--clutter--TLoaElcxx3_T2X52b1Mq6ybjSPw6oHQy6RuGia4NOAk-00072.jpg": {"object_bounding_box": {"x": 497, "y": 544, "w": 271, "h": 208}, "object_not_present": false}, "P463--apple-tv-remote--clutter--TLoaElcxx3_T2X52b1Mq6ybjSPw6oHQy6RuGia4NOAk-00073.jpg": {"object_bounding_box": {"x": 500, "y": 546, "w": 269, "h": 204}, "object_not_present": false}, "P463--apple-tv-remote--clutter--TLoaElcxx3_T2X52b1Mq6ybjSPw6oHQy6RuGia4NOAk-00074.jpg": {"object_bounding_box": {"x": 496, "y": 548, "w": 266, "h": 202}, "object_not_present": false}, "P463--apple-tv-remote--clutter--TLoaElcxx3_T2X52b1Mq6ybjSPw6oHQy6RuGia4NOAk-00075.jpg": {"object_bounding_box": {"x": 496, "y": 551, "w": 264, "h": 201}, "object_not_present": false}, "P463--apple-tv-remote--clutter--TLoaElcxx3_T2X52b1Mq6ybjSPw6oHQy6RuGia4NOAk-00076.jpg": {"object_bounding_box": {"x": 497, "y": 548, "w": 261, "h": 199}, "object_not_present": false}, "P463--apple-tv-remote--clutter--TLoaElcxx3_T2X52b1Mq6ybjSPw6oHQy6RuGia4NOAk-00077.jpg": {"object_bounding_box": {"x": 496, "y": 552, "w": 259, "h": 197}, "object_not_present": false}, "P463--apple-tv-remote--clutter--TLoaElcxx3_T2X52b1Mq6ybjSPw6oHQy6RuGia4NOAk-00078.jpg": {"object_bounding_box": {"x": 495, "y": 550, "w": 257, "h": 197}, "object_not_present": false}, "P463--apple-tv-remote--clutter--TLoaElcxx3_T2X52b1Mq6ybjSPw6oHQy6RuGia4NOAk-00079.jpg": {"object_bounding_box": {"x": 496, "y": 550, "w": 254, "h": 195}, "object_not_present": false}, "P463--apple-tv-remote--clutter--TLoaElcxx3_T2X52b1Mq6ybjSPw6oHQy6RuGia4NOAk-00080.jpg": {"object_bounding_box": {"x": 496, "y": 553, "w": 253, "h": 193}, "object_not_present": false}, "P463--apple-tv-remote--clutter--TLoaElcxx3_T2X52b1Mq6ybjSPw6oHQy6RuGia4NOAk-00081.jpg": {"object_bounding_box": {"x": 497, "y": 557, "w": 252, "h": 192}, "object_not_present": false}, "P463--apple-tv-remote--clutter--TLoaElcxx3_T2X52b1Mq6ybjSPw6oHQy6RuGia4NOAk-00082.jpg": {"object_bounding_box": {"x": 501, "y": 559, "w": 250, "h": 191}, "object_not_present": false}, "P463--apple-tv-remote--clutter--TLoaElcxx3_T2X52b1Mq6ybjSPw6oHQy6RuGia4NOAk-00083.jpg": {"object_bounding_box": {"x": 501, "y": 554, "w": 248, "h": 189}, "object_not_present": false}, "P463--apple-tv-remote--clutter--TLoaElcxx3_T2X52b1Mq6ybjSPw6oHQy6RuGia4NOAk-00084.jpg": {"object_bounding_box": {"x": 503, "y": 556, "w": 247, "h": 186}, "object_not_present": false}, "P463--apple-tv-remote--clutter--TLoaElcxx3_T2X52b1Mq6ybjSPw6oHQy6RuGia4NOAk-00085.jpg": {"object_bounding_box": {"x": 502, "y": 560, "w": 247, "h": 187}, "object_not_present": false}, "P463--apple-tv-remote--clutter--TLoaElcxx3_T2X52b1Mq6ybjSPw6oHQy6RuGia4NOAk-00086.jpg": {"object_bounding_box": {"x": 505, "y": 561, "w": 244, "h": 185}, "object_not_present": false}, "P463--apple-tv-remote--clutter--TLoaElcxx3_T2X52b1Mq6ybjSPw6oHQy6RuGia4NOAk-00087.jpg": {"object_bounding_box": {"x": 506, "y": 561, "w": 242, "h": 184}, "object_not_present": false}, "P463--apple-tv-remote--clutter--TLoaElcxx3_T2X52b1Mq6ybjSPw6oHQy6RuGia4NOAk-00088.jpg": {"object_bounding_box": {"x": 504, "y": 566, "w": 239, "h": 182}, "object_not_present": false}, "P463--apple-tv-remote--clutter--TLoaElcxx3_T2X52b1Mq6ybjSPw6oHQy6RuGia4NOAk-00089.jpg": {"object_bounding_box": {"x": 504, "y": 566, "w": 238, "h": 180}, "object_not_present": false}, "P463--apple-tv-remote--clutter--TLoaElcxx3_T2X52b1Mq6ybjSPw6oHQy6RuGia4NOAk-00090.jpg": {"object_bounding_box": {"x": 503, "y": 555, "w": 237, "h": 180}, "object_not_present": false}, "P463--apple-tv-remote--clutter--TLoaElcxx3_T2X52b1Mq6ybjSPw6oHQy6RuGia4NOAk-00091.jpg": {"object_bounding_box": {"x": 499, "y": 552, "w": 236, "h": 180}, "object_not_present": false}, "P463--apple-tv-remote--clutter--TLoaElcxx3_T2X52b1Mq6ybjSPw6oHQy6RuGia4NOAk-00092.jpg": {"object_bounding_box": {"x": 503, "y": 555, "w": 232, "h": 179}, "object_not_present": false}, "P463--apple-tv-remote--clutter--TLoaElcxx3_T2X52b1Mq6ybjSPw6oHQy6RuGia4NOAk-00093.jpg": {"object_bounding_box": {"x": 504, "y": 552, "w": 232, "h": 178}, "object_not_present": false}, "P463--apple-tv-remote--clutter--TLoaElcxx3_T2X52b1Mq6ybjSPw6oHQy6RuGia4NOAk-00094.jpg": {"object_bounding_box": {"x": 505, "y": 546, "w": 231, "h": 176}, "object_not_present": false}, "P463--apple-tv-remote--clutter--TLoaElcxx3_T2X52b1Mq6ybjSPw6oHQy6RuGia4NOAk-00095.jpg": {"object_bounding_box": {"x": 503, "y": 544, "w": 229, "h": 176}, "object_not_present": false}, "P463--apple-tv-remote--clutter--TLoaElcxx3_T2X52b1Mq6ybjSPw6oHQy6RuGia4NOAk-00096.jpg": {"object_bounding_box": {"x": 502, "y": 550, "w": 226, "h": 174}, "object_not_present": false}, "P463--apple-tv-remote--clutter--TLoaElcxx3_T2X52b1Mq6ybjSPw6oHQy6RuGia4NOAk-00097.jpg": {"object_bounding_box": {"x": 497, "y": 551, "w": 226, "h": 173}, "object_not_present": false}, "P463--apple-tv-remote--clutter--TLoaElcxx3_T2X52b1Mq6ybjSPw6oHQy6RuGia4NOAk-00098.jpg": {"object_bounding_box": {"x": 494, "y": 544, "w": 224, "h": 171}, "object_not_present": false}, "P463--apple-tv-remote--clutter--TLoaElcxx3_T2X52b1Mq6ybjSPw6oHQy6RuGia4NOAk-00099.jpg": {"object_bounding_box": {"x": 488, "y": 540, "w": 223, "h": 171}, "object_not_present": false}, "P463--apple-tv-remote--clutter--TLoaElcxx3_T2X52b1Mq6ybjSPw6oHQy6RuGia4NOAk-00100.jpg": {"object_bounding_box": {"x": 484, "y": 541, "w": 221, "h": 170}, "object_not_present": false}, "P463--apple-tv-remote--clutter--TLoaElcxx3_T2X52b1Mq6ybjSPw6oHQy6RuGia4NOAk-00101.jpg": {"object_bounding_box": {"x": 480, "y": 541, "w": 220, "h": 170}, "object_not_present": false}, "P463--apple-tv-remote--clutter--TLoaElcxx3_T2X52b1Mq6ybjSPw6oHQy6RuGia4NOAk-00102.jpg": {"object_bounding_box": {"x": 478, "y": 542, "w": 219, "h": 168}, "object_not_present": false}, "P463--apple-tv-remote--clutter--TLoaElcxx3_T2X52b1Mq6ybjSPw6oHQy6RuGia4NOAk-00103.jpg": {"object_bounding_box": {"x": 483, "y": 543, "w": 217, "h": 166}, "object_not_present": false}, "P463--apple-tv-remote--clutter--TLoaElcxx3_T2X52b1Mq6ybjSPw6oHQy6RuGia4NOAk-00104.jpg": {"object_bounding_box": {"x": 485, "y": 548, "w": 215, "h": 164}, "object_not_present": false}, "P463--apple-tv-remote--clutter--TLoaElcxx3_T2X52b1Mq6ybjSPw6oHQy6RuGia4NOAk-00105.jpg": {"object_bounding_box": {"x": 493, "y": 547, "w": 214, "h": 165}, "object_not_present": false}, "P463--apple-tv-remote--clutter--TLoaElcxx3_T2X52b1Mq6ybjSPw6oHQy6RuGia4NOAk-00106.jpg": {"object_bounding_box": {"x": 495, "y": 548, "w": 213, "h": 164}, "object_not_present": false}, "P463--apple-tv-remote--clutter--TLoaElcxx3_T2X52b1Mq6ybjSPw6oHQy6RuGia4NOAk-00107.jpg": {"object_bounding_box": {"x": 497, "y": 548, "w": 212, "h": 162}, "object_not_present": false}, "P463--apple-tv-remote--clutter--TLoaElcxx3_T2X52b1Mq6ybjSPw6oHQy6RuGia4NOAk-00108.jpg": {"object_bounding_box": {"x": 500, "y": 545, "w": 211, "h": 162}, "object_not_present": false}, "P463--apple-tv-remote--clutter--TLoaElcxx3_T2X52b1Mq6ybjSPw6oHQy6RuGia4NOAk-00109.jpg": {"object_bounding_box": {"x": 507, "y": 546, "w": 209, "h": 161}, "object_not_present": false}, "P463--apple-tv-remote--clutter--TLoaElcxx3_T2X52b1Mq6ybjSPw6oHQy6RuGia4NOAk-00110.jpg": {"object_bounding_box": {"x": 505, "y": 548, "w": 208, "h": 161}, "object_not_present": false}, "P463--apple-tv-remote--clutter--TLoaElcxx3_T2X52b1Mq6ybjSPw6oHQy6RuGia4NOAk-00111.jpg": {"object_bounding_box": {"x": 503, "y": 545, "w": 206, "h": 160}, "object_not_present": false}, "P463--apple-tv-remote--clutter--TLoaElcxx3_T2X52b1Mq6ybjSPw6oHQy6RuGia4NOAk-00112.jpg": {"object_bounding_box": {"x": 507, "y": 547, "w": 206, "h": 160}, "object_not_present": false}, "P463--apple-tv-remote--clutter--TLoaElcxx3_T2X52b1Mq6ybjSPw6oHQy6RuGia4NOAk-00113.jpg": {"object_bounding_box": {"x": 511, "y": 545, "w": 205, "h": 160}, "object_not_present": false}, "P463--apple-tv-remote--clutter--TLoaElcxx3_T2X52b1Mq6ybjSPw6oHQy6RuGia4NOAk-00114.jpg": {"object_bounding_box": {"x": 509, "y": 548, "w": 205, "h": 158}, "object_not_present": false}, "P463--apple-tv-remote--clutter--TLoaElcxx3_T2X52b1Mq6ybjSPw6oHQy6RuGia4NOAk-00115.jpg": {"object_bounding_box": {"x": 504, "y": 548, "w": 203, "h": 159}, "object_not_present": false}, "P463--apple-tv-remote--clutter--TLoaElcxx3_T2X52b1Mq6ybjSPw6oHQy6RuGia4NOAk-00116.jpg": {"object_bounding_box": {"x": 503, "y": 554, "w": 201, "h": 155}, "object_not_present": false}, "P463--apple-tv-remote--clutter--TLoaElcxx3_T2X52b1Mq6ybjSPw6oHQy6RuGia4NOAk-00117.jpg": {"object_bounding_box": {"x": 502, "y": 558, "w": 200, "h": 158}, "object_not_present": false}, "P463--apple-tv-remote--clutter--TLoaElcxx3_T2X52b1Mq6ybjSPw6oHQy6RuGia4NOAk-00118.jpg": {"object_bounding_box": {"x": 499, "y": 556, "w": 200, "h": 158}, "object_not_present": false}, "P463--apple-tv-remote--clutter--TLoaElcxx3_T2X52b1Mq6ybjSPw6oHQy6RuGia4NOAk-00119.jpg": {"object_bounding_box": {"x": 495, "y": 560, "w": 198, "h": 158}, "object_not_present": false}, "P463--apple-tv-remote--clutter--TLoaElcxx3_T2X52b1Mq6ybjSPw6oHQy6RuGia4NOAk-00120.jpg": {"object_bounding_box": {"x": 492, "y": 564, "w": 196, "h": 155}, "object_not_present": false}, "P463--apple-tv-remote--clutter--TLoaElcxx3_T2X52b1Mq6ybjSPw6oHQy6RuGia4NOAk-00121.jpg": {"object_bounding_box": {"x": 487, "y": 560, "w": 198, "h": 155}, "object_not_present": false}, "P463--apple-tv-remote--clutter--TLoaElcxx3_T2X52b1Mq6ybjSPw6oHQy6RuGia4NOAk-00122.jpg": {"object_bounding_box": {"x": 487, "y": 559, "w": 196, "h": 155}, "object_not_present": false}, "P463--apple-tv-remote--clutter--TLoaElcxx3_T2X52b1Mq6ybjSPw6oHQy6RuGia4NOAk-00123.jpg": {"object_bounding_box": {"x": 483, "y": 559, "w": 196, "h": 155}, "object_not_present": false}, "P463--apple-tv-remote--clutter--TLoaElcxx3_T2X52b1Mq6ybjSPw6oHQy6RuGia4NOAk-00124.jpg": {"object_bounding_box": {"x": 482, "y": 560, "w": 196, "h": 154}, "object_not_present": false}, "P463--apple-tv-remote--clutter--TLoaElcxx3_T2X52b1Mq6ybjSPw6oHQy6RuGia4NOAk-00125.jpg": {"object_bounding_box": {"x": 479, "y": 559, "w": 195, "h": 153}, "object_not_present": false}, "P463--apple-tv-remote--clutter--TLoaElcxx3_T2X52b1Mq6ybjSPw6oHQy6RuGia4NOAk-00126.jpg": {"object_bounding_box": {"x": 478, "y": 557, "w": 194, "h": 152}, "object_not_present": false}, "P463--apple-tv-remote--clutter--TLoaElcxx3_T2X52b1Mq6ybjSPw6oHQy6RuGia4NOAk-00127.jpg": {"object_bounding_box": {"x": 476, "y": 560, "w": 194, "h": 151}, "object_not_present": false}, "P463--apple-tv-remote--clutter--TLoaElcxx3_T2X52b1Mq6ybjSPw6oHQy6RuGia4NOAk-00128.jpg": {"object_bounding_box": {"x": 476, "y": 561, "w": 192, "h": 150}, "object_not_present": false}, "P463--apple-tv-remote--clutter--TLoaElcxx3_T2X52b1Mq6ybjSPw6oHQy6RuGia4NOAk-00129.jpg": {"object_bounding_box": {"x": 476, "y": 562, "w": 192, "h": 150}, "object_not_present": false}, "P463--apple-tv-remote--clutter--TLoaElcxx3_T2X52b1Mq6ybjSPw6oHQy6RuGia4NOAk-00130.jpg": {"object_bounding_box": {"x": 476, "y": 561, "w": 191, "h": 150}, "object_not_present": false}, "P463--apple-tv-remote--clutter--TLoaElcxx3_T2X52b1Mq6ybjSPw6oHQy6RuGia4NOAk-00131.jpg": {"object_bounding_box": {"x": 478, "y": 564, "w": 189, "h": 149}, "object_not_present": false}, "P463--apple-tv-remote--clutter--TLoaElcxx3_T2X52b1Mq6ybjSPw6oHQy6RuGia4NOAk-00132.jpg": {"object_bounding_box": {"x": 479, "y": 564, "w": 189, "h": 149}, "object_not_present": false}, "P463--apple-tv-remote--clutter--TLoaElcxx3_T2X52b1Mq6ybjSPw6oHQy6RuGia4NOAk-00133.jpg": {"object_bounding_box": {"x": 478, "y": 563, "w": 190, "h": 148}, "object_not_present": false}, "P463--apple-tv-remote--clutter--TLoaElcxx3_T2X52b1Mq6ybjSPw6oHQy6RuGia4NOAk-00134.jpg": {"object_bounding_box": {"x": 480, "y": 564, "w": 189, "h": 147}, "object_not_present": false}, "P463--apple-tv-remote--clutter--TLoaElcxx3_T2X52b1Mq6ybjSPw6oHQy6RuGia4NOAk-00135.jpg": {"object_bounding_box": {"x": 481, "y": 566, "w": 189, "h": 147}, "object_not_present": false}, "P463--apple-tv-remote--clutter--TLoaElcxx3_T2X52b1Mq6ybjSPw6oHQy6RuGia4NOAk-00136.jpg": {"object_bounding_box": {"x": 482, "y": 562, "w": 187, "h": 147}, "object_not_present": false}, "P463--apple-tv-remote--clutter--TLoaElcxx3_T2X52b1Mq6ybjSPw6oHQy6RuGia4NOAk-00137.jpg": {"object_bounding_box": {"x": 482, "y": 561, "w": 187, "h": 147}, "object_not_present": false}, "P463--apple-tv-remote--clutter--TLoaElcxx3_T2X52b1Mq6ybjSPw6oHQy6RuGia4NOAk-00138.jpg": {"object_bounding_box": {"x": 485, "y": 559, "w": 186, "h": 146}, "object_not_present": false}, "P463--apple-tv-remote--clutter--TLoaElcxx3_T2X52b1Mq6ybjSPw6oHQy6RuGia4NOAk-00139.jpg": {"object_bounding_box": {"x": 486, "y": 559, "w": 186, "h": 146}, "object_not_present": false}, "P463--apple-tv-remote--clutter--TLoaElcxx3_T2X52b1Mq6ybjSPw6oHQy6RuGia4NOAk-00140.jpg": {"object_bounding_box": {"x": 485, "y": 561, "w": 186, "h": 145}, "object_not_present": false}, "P463--apple-tv-remote--clutter--TLoaElcxx3_T2X52b1Mq6ybjSPw6oHQy6RuGia4NOAk-00141.jpg": {"object_bounding_box": {"x": 488, "y": 563, "w": 185, "h": 144}, "object_not_present": false}, "P463--apple-tv-remote--clutter--TLoaElcxx3_T2X52b1Mq6ybjSPw6oHQy6RuGia4NOAk-00142.jpg": {"object_bounding_box": {"x": 488, "y": 566, "w": 185, "h": 144}, "object_not_present": false}, "P463--apple-tv-remote--clutter--TLoaElcxx3_T2X52b1Mq6ybjSPw6oHQy6RuGia4NOAk-00143.jpg": {"object_bounding_box": {"x": 489, "y": 567, "w": 184, "h": 144}, "object_not_present": false}, "P463--apple-tv-remote--clutter--TLoaElcxx3_T2X52b1Mq6ybjSPw6oHQy6RuGia4NOAk-00144.jpg": {"object_bounding_box": {"x": 488, "y": 566, "w": 184, "h": 143}, "object_not_present": false}, "P463--apple-tv-remote--clutter--TLoaElcxx3_T2X52b1Mq6ybjSPw6oHQy6RuGia4NOAk-00145.jpg": {"object_bounding_box": {"x": 484, "y": 567, "w": 184, "h": 142}, "object_not_present": false}, "P463--apple-tv-remote--clutter--TLoaElcxx3_T2X52b1Mq6ybjSPw6oHQy6RuGia4NOAk-00146.jpg": {"object_bounding_box": {"x": 481, "y": 569, "w": 183, "h": 142}, "object_not_present": false}, "P463--apple-tv-remote--clutter--TLoaElcxx3_T2X52b1Mq6ybjSPw6oHQy6RuGia4NOAk-00147.jpg": {"object_bounding_box": {"x": 481, "y": 570, "w": 183, "h": 141}, "object_not_present": false}, "P463--apple-tv-remote--clutter--TLoaElcxx3_T2X52b1Mq6ybjSPw6oHQy6RuGia4NOAk-00148.jpg": {"object_bounding_box": {"x": 482, "y": 570, "w": 182, "h": 141}, "object_not_present": false}, "P463--apple-tv-remote--clutter--TLoaElcxx3_T2X52b1Mq6ybjSPw6oHQy6RuGia4NOAk-00149.jpg": {"object_bounding_box": {"x": 480, "y": 572, "w": 182, "h": 141}, "object_not_present": false}, "P463--apple-tv-remote--clutter--TLoaElcxx3_T2X52b1Mq6ybjSPw6oHQy6RuGia4NOAk-00150.jpg": {"object_bounding_box": {"x": 481, "y": 575, "w": 181, "h": 140}, "object_not_present": false}, "P463--apple-tv-remote--clutter--TLoaElcxx3_T2X52b1Mq6ybjSPw6oHQy6RuGia4NOAk-00151.jpg": {"object_bounding_box": {"x": 481, "y": 577, "w": 181, "h": 140}, "object_not_present": false}, "P463--apple-tv-remote--clutter--TLoaElcxx3_T2X52b1Mq6ybjSPw6oHQy6RuGia4NOAk-00152.jpg": {"object_bounding_box": {"x": 479, "y": 578, "w": 180, "h": 140}, "object_not_present": false}, "P463--apple-tv-remote--clutter--TLoaElcxx3_T2X52b1Mq6ybjSPw6oHQy6RuGia4NOAk-00153.jpg": {"object_bounding_box": {"x": 479, "y": 580, "w": 180, "h": 140}, "object_not_present": false}, "P463--apple-tv-remote--clutter--TLoaElcxx3_T2X52b1Mq6ybjSPw6oHQy6RuGia4NOAk-00154.jpg": {"object_bounding_box": {"x": 478, "y": 579, "w": 180, "h": 140}, "object_not_present": false}, "P463--apple-tv-remote--clutter--TLoaElcxx3_T2X52b1Mq6ybjSPw6oHQy6RuGia4NOAk-00155.jpg": {"object_bounding_box": {"x": 476, "y": 583, "w": 180, "h": 138}, "object_not_present": false}, "P463--apple-tv-remote--clutter--TLoaElcxx3_T2X52b1Mq6ybjSPw6oHQy6RuGia4NOAk-00156.jpg": {"object_bounding_box": {"x": 476, "y": 584, "w": 179, "h": 139}, "object_not_present": false}, "P463--apple-tv-remote--clutter--TLoaElcxx3_T2X52b1Mq6ybjSPw6oHQy6RuGia4NOAk-00157.jpg": {"object_bounding_box": {"x": 473, "y": 584, "w": 179, "h": 138}, "object_not_present": false}, "P463--apple-tv-remote--clutter--TLoaElcxx3_T2X52b1Mq6ybjSPw6oHQy6RuGia4NOAk-00158.jpg": {"object_bounding_box": {"x": 472, "y": 588, "w": 178, "h": 138}, "object_not_present": false}, "P463--apple-tv-remote--clutter--TLoaElcxx3_T2X52b1Mq6ybjSPw6oHQy6RuGia4NOAk-00159.jpg": {"object_bounding_box": {"x": 471, "y": 585, "w": 179, "h": 138}, "object_not_present": false}, "P463--apple-tv-remote--clutter--TLoaElcxx3_T2X52b1Mq6ybjSPw6oHQy6RuGia4NOAk-00160.jpg": {"object_bounding_box": {"x": 472, "y": 586, "w": 179, "h": 137}, "object_not_present": false}, "P463--apple-tv-remote--clutter--TLoaElcxx3_T2X52b1Mq6ybjSPw6oHQy6RuGia4NOAk-00161.jpg": {"object_bounding_box": {"x": 473, "y": 586, "w": 179, "h": 138}, "object_not_present": false}, "P463--apple-tv-remote--clutter--TLoaElcxx3_T2X52b1Mq6ybjSPw6oHQy6RuGia4NOAk-00162.jpg": {"object_bounding_box": {"x": 474, "y": 583, "w": 179, "h": 136}, "object_not_present": false}, "P463--apple-tv-remote--clutter--TLoaElcxx3_T2X52b1Mq6ybjSPw6oHQy6RuGia4NOAk-00163.jpg": {"object_bounding_box": {"x": 476, "y": 578, "w": 178, "h": 138}, "object_not_present": false}, "P463--apple-tv-remote--clutter--TLoaElcxx3_T2X52b1Mq6ybjSPw6oHQy6RuGia4NOAk-00164.jpg": {"object_bounding_box": {"x": 476, "y": 578, "w": 180, "h": 137}, "object_not_present": false}, "P463--apple-tv-remote--clutter--TLoaElcxx3_T2X52b1Mq6ybjSPw6oHQy6RuGia4NOAk-00165.jpg": {"object_bounding_box": {"x": 475, "y": 580, "w": 179, "h": 136}, "object_not_present": false}, "P463--apple-tv-remote--clutter--TLoaElcxx3_T2X52b1Mq6ybjSPw6oHQy6RuGia4NOAk-00166.jpg": {"object_bounding_box": {"x": 474, "y": 580, "w": 180, "h": 136}, "object_not_present": false}, "P463--apple-tv-remote--clutter--TLoaElcxx3_T2X52b1Mq6ybjSPw6oHQy6RuGia4NOAk-00167.jpg": {"object_bounding_box": {"x": 476, "y": 578, "w": 179, "h": 137}, "object_not_present": false}, "P463--apple-tv-remote--clutter--TLoaElcxx3_T2X52b1Mq6ybjSPw6oHQy6RuGia4NOAk-00168.jpg": {"object_bounding_box": {"x": 485, "y": 581, "w": 176, "h": 136}, "object_not_present": false}, "P463--apple-tv-remote--clutter--TLoaElcxx3_T2X52b1Mq6ybjSPw6oHQy6RuGia4NOAk-00169.jpg": {"object_bounding_box": {"x": 497, "y": 581, "w": 179, "h": 138}, "object_not_present": false}, "P463--apple-tv-remote--clutter--TLoaElcxx3_T2X52b1Mq6ybjSPw6oHQy6RuGia4NOAk-00170.jpg": {"object_bounding_box": {"x": 495, "y": 577, "w": 179, "h": 137}, "object_not_present": false}, "P463--apple-tv-remote--clutter--TLoaElcxx3_T2X52b1Mq6ybjSPw6oHQy6RuGia4NOAk-00171.jpg": {"object_bounding_box": {"x": 492, "y": 574, "w": 180, "h": 138}, "object_not_present": false}, "P463--apple-tv-remote--clutter--TLoaElcxx3_T2X52b1Mq6ybjSPw6oHQy6RuGia4NOAk-00172.jpg": {"object_bounding_box": {"x": 500, "y": 573, "w": 177, "h": 138}, "object_not_present": false}, "P463--apple-tv-remote--clutter--TLoaElcxx3_T2X52b1Mq6ybjSPw6oHQy6RuGia4NOAk-00173.jpg": {"object_bounding_box": {"x": 519, "y": 579, "w": 180, "h": 138}, "object_not_present": false}, "P463--apple-tv-remote--clutter--TLoaElcxx3_T2X52b1Mq6ybjSPw6oHQy6RuGia4NOAk-00174.jpg": {"object_bounding_box": {"x": 517, "y": 580, "w": 180, "h": 140}, "object_not_present": false}, "P463--apple-tv-remote--clutter--TLoaElcxx3_T2X52b1Mq6ybjSPw6oHQy6RuGia4NOAk-00175.jpg": {"object_bounding_box": {"x": 517, "y": 571, "w": 182, "h": 140}, "object_not_present": false}, "P463--apple-tv-remote--clutter--TLoaElcxx3_T2X52b1Mq6ybjSPw6oHQy6RuGia4NOAk-00176.jpg": {"object_bounding_box": {"x": 513, "y": 580, "w": 181, "h": 137}, "object_not_present": false}, "P463--apple-tv-remote--clutter--TLoaElcxx3_T2X52b1Mq6ybjSPw6oHQy6RuGia4NOAk-00177.jpg": {"object_bounding_box": {"x": 520, "y": 581, "w": 179, "h": 138}, "object_not_present": false}, "P463--apple-tv-remote--clutter--TLoaElcxx3_T2X52b1Mq6ybjSPw6oHQy6RuGia4NOAk-00178.jpg": {"object_bounding_box": {"x": 533, "y": 568, "w": 182, "h": 141}, "object_not_present": false}, "P463--apple-tv-remote--clutter--TLoaElcxx3_T2X52b1Mq6ybjSPw6oHQy6RuGia4NOAk-00179.jpg": {"object_bounding_box": {"x": 547, "y": 580, "w": 178, "h": 134}, "object_not_present": false}, "P463--apple-tv-remote--clutter--TLoaElcxx3_T2X52b1Mq6ybjSPw6oHQy6RuGia4NOAk-00180.jpg": {"object_bounding_box": {"x": 535, "y": 588, "w": 181, "h": 141}, "object_not_present": false}, "P463--apple-tv-remote--clutter--TLoaElcxx3_T2X52b1Mq6ybjSPw6oHQy6RuGia4NOAk-00181.jpg": {"object_bounding_box": {"x": 539, "y": 576, "w": 180, "h": 139}, "object_not_present": false}, "P463--apple-tv-remote--clutter--TLoaElcxx3_T2X52b1Mq6ybjSPw6oHQy6RuGia4NOAk-00182.jpg": {"object_bounding_box": {"x": 537, "y": 572, "w": 183, "h": 142}, "object_not_present": false}, "P463--apple-tv-remote--clutter--TLoaElcxx3_T2X52b1Mq6ybjSPw6oHQy6RuGia4NOAk-00183.jpg": {"object_bounding_box": {"x": 536, "y": 575, "w": 182, "h": 140}, "object_not_present": false}, "P463--apple-tv-remote--clutter--TLoaElcxx3_T2X52b1Mq6ybjSPw6oHQy6RuGia4NOAk-00184.jpg": {"object_bounding_box": {"x": 558, "y": 588, "w": 177, "h": 140}, "object_not_present": false}, "P463--apple-tv-remote--clutter--TLoaElcxx3_T2X52b1Mq6ybjSPw6oHQy6RuGia4NOAk-00185.jpg": {"object_bounding_box": {"x": 565, "y": 617, "w": 174, "h": 129}, "object_not_present": false}, "P463--apple-tv-remote--clutter--TLoaElcxx3_T2X52b1Mq6ybjSPw6oHQy6RuGia4NOAk-00186.jpg": {"object_bounding_box": {"x": 540, "y": 625, "w": 183, "h": 143}, "object_not_present": false}, "P463--apple-tv-remote--clutter--TLoaElcxx3_T2X52b1Mq6ybjSPw6oHQy6RuGia4NOAk-00187.jpg": {"object_bounding_box": {"x": 537, "y": 619, "w": 181, "h": 144}, "object_not_present": false}, "P463--apple-tv-remote--clutter--TLoaElcxx3_T2X52b1Mq6ybjSPw6oHQy6RuGia4NOAk-00188.jpg": {"object_bounding_box": {"x": 532, "y": 612, "w": 182, "h": 143}, "object_not_present": false}, "P463--apple-tv-remote--clutter--TLoaElcxx3_T2X52b1Mq6ybjSPw6oHQy6RuGia4NOAk-00189.jpg": {"object_bounding_box": {"x": 512, "y": 605, "w": 182, "h": 143}, "object_not_present": false}, "P463--apple-tv-remote--clutter--TLoaElcxx3_T2X52b1Mq6ybjSPw6oHQy6RuGia4NOAk-00190.jpg": {"object_bounding_box": {"x": 511, "y": 615, "w": 178, "h": 137}, "object_not_present": false}, "P463--apple-tv-remote--clutter--TLoaElcxx3_T2X52b1Mq6ybjSPw6oHQy6RuGia4NOAk-00191.jpg": {"object_bounding_box": {"x": 509, "y": 630, "w": 180, "h": 143}, "object_not_present": false}, "P463--apple-tv-remote--clutter--TLoaElcxx3_T2X52b1Mq6ybjSPw6oHQy6RuGia4NOAk-00192.jpg": {"object_bounding_box": {"x": 512, "y": 623, "w": 181, "h": 144}, "object_not_present": false}, "P463--apple-tv-remote--clutter--TLoaElcxx3_T2X52b1Mq6ybjSPw6oHQy6RuGia4NOAk-00193.jpg": {"object_bounding_box": {"x": 511, "y": 620, "w": 181, "h": 143}, "object_not_present": false}, "P463--apple-tv-remote--clutter--TLoaElcxx3_T2X52b1Mq6ybjSPw6oHQy6RuGia4NOAk-00194.jpg": {"object_bounding_box": {"x": 507, "y": 617, "w": 180, "h": 144}, "object_not_present": false}, "P463--apple-tv-remote--clutter--TLoaElcxx3_T2X52b1Mq6ybjSPw6oHQy6RuGia4NOAk-00195.jpg": {"object_bounding_box": {"x": 501, "y": 619, "w": 179, "h": 145}, "object_not_present": false}, "P463--apple-tv-remote--clutter--TLoaElcxx3_T2X52b1Mq6ybjSPw6oHQy6RuGia4NOAk-00196.jpg": {"object_bounding_box": {"x": 501, "y": 623, "w": 180, "h": 145}, "object_not_present": false}, "P463--apple-tv-remote--clutter--TLoaElcxx3_T2X52b1Mq6ybjSPw6oHQy6RuGia4NOAk-00197.jpg": {"object_bounding_box": {"x": 501, "y": 623, "w": 180, "h": 144}, "object_not_present": false}, "P463--apple-tv-remote--clutter--TLoaElcxx3_T2X52b1Mq6ybjSPw6oHQy6RuGia4NOAk-00198.jpg": {"object_bounding_box": {"x": 499, "y": 627, "w": 180, "h": 142}, "object_not_present": false}, "P463--apple-tv-remote--clutter--TLoaElcxx3_T2X52b1Mq6ybjSPw6oHQy6RuGia4NOAk-00199.jpg": {"object_bounding_box": {"x": 497, "y": 625, "w": 181, "h": 143}, "object_not_present": false}, "P463--apple-tv-remote--clutter--TLoaElcxx3_T2X52b1Mq6ybjSPw6oHQy6RuGia4NOAk-00200.jpg": {"object_bounding_box": {"x": 498, "y": 624, "w": 179, "h": 143}, "object_not_present": false}, "P463--apple-tv-remote--clutter--TLoaElcxx3_T2X52b1Mq6ybjSPw6oHQy6RuGia4NOAk-00201.jpg": {"object_bounding_box": {"x": 499, "y": 626, "w": 179, "h": 144}, "object_not_present": false}, "P463--apple-tv-remote--clutter--TLoaElcxx3_T2X52b1Mq6ybjSPw6oHQy6RuGia4NOAk-00202.jpg": {"object_bounding_box": {"x": 503, "y": 624, "w": 180, "h": 143}, "object_not_present": false}, "P463--apple-tv-remote--clutter--TLoaElcxx3_T2X52b1Mq6ybjSPw6oHQy6RuGia4NOAk-00203.jpg": {"object_bounding_box": {"x": 502, "y": 624, "w": 180, "h": 144}, "object_not_present": false}, "P463--apple-tv-remote--clutter--TLoaElcxx3_T2X52b1Mq6ybjSPw6oHQy6RuGia4NOAk-00204.jpg": {"object_bounding_box": {"x": 502, "y": 630, "w": 181, "h": 141}, "object_not_present": false}, "P463--apple-tv-remote--clutter--TLoaElcxx3_T2X52b1Mq6ybjSPw6oHQy6RuGia4NOAk-00205.jpg": {"object_bounding_box": {"x": 509, "y": 636, "w": 181, "h": 142}, "object_not_present": false}, "P463--apple-tv-remote--clutter--TLoaElcxx3_T2X52b1Mq6ybjSPw6oHQy6RuGia4NOAk-00206.jpg": {"object_bounding_box": {"x": 514, "y": 641, "w": 182, "h": 142}, "object_not_present": false}, "P463--apple-tv-remote--clutter--TLoaElcxx3_T2X52b1Mq6ybjSPw6oHQy6RuGia4NOAk-00207.jpg": {"object_bounding_box": {"x": 508, "y": 653, "w": 180, "h": 139}, "object_not_present": false}, "P463--apple-tv-remote--clutter--TLoaElcxx3_T2X52b1Mq6ybjSPw6oHQy6RuGia4NOAk-00208.jpg": {"object_bounding_box": {"x": 499, "y": 670, "w": 183, "h": 142}, "object_not_present": false}, "P463--apple-tv-remote--clutter--TLoaElcxx3_T2X52b1Mq6ybjSPw6oHQy6RuGia4NOAk-00209.jpg": {"object_bounding_box": {"x": 514, "y": 678, "w": 183, "h": 143}, "object_not_present": false}, "P463--apple-tv-remote--clutter--TLoaElcxx3_T2X52b1Mq6ybjSPw6oHQy6RuGia4NOAk-00210.jpg": {"object_bounding_box": {"x": 509, "y": 696, "w": 183, "h": 139}, "object_not_present": false}, "P463--apple-tv-remote--clutter--TLoaElcxx3_T2X52b1Mq6ybjSPw6oHQy6RuGia4NOAk-00211.jpg": {"object_bounding_box": {"x": 494, "y": 724, "w": 180, "h": 138}, "object_not_present": false}, "P463--apple-tv-remote--clutter--TLoaElcxx3_T2X52b1Mq6ybjSPw6oHQy6RuGia4NOAk-00212.jpg": {"object_bounding_box": {"x": 515, "y": 761, "w": 181, "h": 140}, "object_not_present": false}, "P463--apple-tv-remote--clutter--TLoaElcxx3_T2X52b1Mq6ybjSPw6oHQy6RuGia4NOAk-00213.jpg": {"object_bounding_box": {"x": 513, "y": 794, "w": 184, "h": 143}, "object_not_present": false}, "P463--apple-tv-remote--clutter--TLoaElcxx3_T2X52b1Mq6ybjSPw6oHQy6RuGia4NOAk-00214.jpg": {"object_bounding_box": {"x": 485, "y": 837, "w": 182, "h": 144}, "object_not_present": false}, "P463--apple-tv-remote--clutter--TLoaElcxx3_T2X52b1Mq6ybjSPw6oHQy6RuGia4NOAk-00215.jpg": {"object_bounding_box": {"x": 495, "y": 868, "w": 190, "h": 155}, "object_not_present": false}, "P463--apple-tv-remote--clutter--TLoaElcxx3_T2X52b1Mq6ybjSPw6oHQy6RuGia4NOAk-00216.jpg": {"object_bounding_box": {"x": 491, "y": 881, "w": 189, "h": 160}, "object_not_present": false}, "P463--apple-tv-remote--clutter--TLoaElcxx3_T2X52b1Mq6ybjSPw6oHQy6RuGia4NOAk-00217.jpg": {"object_bounding_box": {"x": 484, "y": 904, "w": 184, "h": 156}, "object_not_present": false}, "P463--apple-tv-remote--clutter--TLoaElcxx3_T2X52b1Mq6ybjSPw6oHQy6RuGia4NOAk-00218.jpg": {"object_bounding_box": {"x": 487, "y": 936, "w": 184, "h": 144}, "object_not_present": false}, "P463--apple-tv-remote--clutter--TLoaElcxx3_T2X52b1Mq6ybjSPw6oHQy6RuGia4NOAk-00219.jpg": {"object_bounding_box": {"x": 486, "y": 939, "w": 189, "h": 141}, "object_not_present": false}, "P463--apple-tv-remote--clutter--TLoaElcxx3_T2X52b1Mq6ybjSPw6oHQy6RuGia4NOAk-00220.jpg": {"object_bounding_box": {"x": 490, "y": 933, "w": 188, "h": 147}, "object_not_present": false}, "P463--apple-tv-remote--clutter--TLoaElcxx3_T2X52b1Mq6ybjSPw6oHQy6RuGia4NOAk-00221.jpg": {"object_bounding_box": {"x": 502, "y": 939, "w": 186, "h": 141}, "object_not_present": false}, "P463--apple-tv-remote--clutter--TLoaElcxx3_T2X52b1Mq6ybjSPw6oHQy6RuGia4NOAk-00222.jpg": {"object_bounding_box": {"x": 513, "y": 942, "w": 189, "h": 138}, "object_not_present": false}, "P463--apple-tv-remote--clutter--TLoaElcxx3_T2X52b1Mq6ybjSPw6oHQy6RuGia4NOAk-00223.jpg": {"object_bounding_box": {"x": 508, "y": 939, "w": 187, "h": 141}, "object_not_present": false}, "P463--apple-tv-remote--clutter--TLoaElcxx3_T2X52b1Mq6ybjSPw6oHQy6RuGia4NOAk-00224.jpg": {"object_bounding_box": {"x": 500, "y": 944, "w": 187, "h": 136}, "object_not_present": false}, "P463--apple-tv-remote--clutter--TLoaElcxx3_T2X52b1Mq6ybjSPw6oHQy6RuGia4NOAk-00225.jpg": {"object_bounding_box": {"x": 500, "y": 956, "w": 174, "h": 124}, "object_not_present": false}, "P463--apple-tv-remote--clutter--TLoaElcxx3_T2X52b1Mq6ybjSPw6oHQy6RuGia4NOAk-00226.jpg": {"object_bounding_box": {"x": 498, "y": 957, "w": 174, "h": 123}, "object_not_present": false}, "P463--apple-tv-remote--clutter--TLoaElcxx3_T2X52b1Mq6ybjSPw6oHQy6RuGia4NOAk-00227.jpg": {"object_bounding_box": {"x": 506, "y": 944, "w": 181, "h": 136}, "object_not_present": false}, "P463--apple-tv-remote--clutter--TLoaElcxx3_T2X52b1Mq6ybjSPw6oHQy6RuGia4NOAk-00228.jpg": {"object_bounding_box": {"x": 514, "y": 934, "w": 189, "h": 146}, "object_not_present": false}, "P463--apple-tv-remote--clutter--TLoaElcxx3_T2X52b1Mq6ybjSPw6oHQy6RuGia4NOAk-00229.jpg": {"object_bounding_box": {"x": 500, "y": 949, "w": 178, "h": 131}, "object_not_present": false}, "P463--apple-tv-remote--clutter--TLoaElcxx3_T2X52b1Mq6ybjSPw6oHQy6RuGia4NOAk-00230.jpg": {"object_bounding_box": {"x": 490, "y": 969, "w": 162, "h": 111}, "object_not_present": false}, "P463--apple-tv-remote--clutter--TLoaElcxx3_T2X52b1Mq6ybjSPw6oHQy6RuGia4NOAk-00231.jpg": {"object_bounding_box": {"x": 486, "y": 976, "w": 160, "h": 104}, "object_not_present": false}, "P463--apple-tv-remote--clutter--TLoaElcxx3_T2X52b1Mq6ybjSPw6oHQy6RuGia4NOAk-00232.jpg": {"object_bounding_box": {"x": 484, "y": 990, "w": 138, "h": 90}, "object_not_present": false}, "P463--apple-tv-remote--clutter--TLoaElcxx3_T2X52b1Mq6ybjSPw6oHQy6RuGia4NOAk-00233.jpg": {"object_bounding_box": {"x": 481, "y": 1017, "w": 112, "h": 63}, "object_not_present": false}, "P463--apple-tv-remote--clutter--TLoaElcxx3_T2X52b1Mq6ybjSPw6oHQy6RuGia4NOAk-00234.jpg": {"object_bounding_box": {"x": 489, "y": 1028, "w": 100, "h": 52}, "object_not_present": false}, "P463--apple-tv-remote--clutter--TLoaElcxx3_T2X52b1Mq6ybjSPw6oHQy6RuGia4NOAk-00235.jpg": {"object_bounding_box": {"x": 498, "y": 1027, "w": 103, "h": 53}, "object_not_present": false}, "P463--apple-tv-remote--clutter--TLoaElcxx3_T2X52b1Mq6ybjSPw6oHQy6RuGia4NOAk-00236.jpg": {"object_bounding_box": {"x": 491, "y": 1035, "w": 97, "h": 45}, "object_not_present": false}, "P463--apple-tv-remote--clutter--TLoaElcxx3_T2X52b1Mq6ybjSPw6oHQy6RuGia4NOAk-00237.jpg": {"object_bounding_box": {"x": 490, "y": 1057, "w": 52, "h": 23}, "object_not_present": false}, "P463--apple-tv-remote--clutter--TLoaElcxx3_T2X52b1Mq6ybjSPw6oHQy6RuGia4NOAk-00238.jpg": {"object_bounding_box": {"x": 480, "y": 1057, "w": 51, "h": 23}, "object_not_present": false}, "P463--apple-tv-remote--clutter--TLoaElcxx3_T2X52b1Mq6ybjSPw6oHQy6RuGia4NOAk-00239.jpg": {"object_bounding_box": {"x": 461, "y": 1025, "w": 103, "h": 55}, "object_not_present": false}, "P463--apple-tv-remote--clutter--TLoaElcxx3_T2X52b1Mq6ybjSPw6oHQy6RuGia4NOAk-00240.jpg": {"object_bounding_box": {"x": 459, "y": 1001, "w": 142, "h": 79}, "object_not_present": false}, "P463--apple-tv-remote--clutter--TLoaElcxx3_T2X52b1Mq6ybjSPw6oHQy6RuGia4NOAk-00241.jpg": {"object_bounding_box": {"x": 446, "y": 984, "w": 160, "h": 96}, "object_not_present": false}, "P463--apple-tv-remote--clutter--TLoaElcxx3_T2X52b1Mq6ybjSPw6oHQy6RuGia4NOAk-00242.jpg": {"object_bounding_box": {"x": 456, "y": 960, "w": 170, "h": 120}, "object_not_present": false}, "P463--apple-tv-remote--clutter--TLoaElcxx3_T2X52b1Mq6ybjSPw6oHQy6RuGia4NOAk-00243.jpg": {"object_bounding_box": {"x": 475, "y": 909, "w": 183, "h": 166}, "object_not_present": false}, "P463--apple-tv-remote--clutter--TLoaElcxx3_T2X52b1Mq6ybjSPw6oHQy6RuGia4NOAk-00244.jpg": {"object_bounding_box": {"x": 469, "y": 879, "w": 194, "h": 174}, "object_not_present": false}, "P463--apple-tv-remote--clutter--TLoaElcxx3_T2X52b1Mq6ybjSPw6oHQy6RuGia4NOAk-00245.jpg": {"object_bounding_box": {"x": 475, "y": 874, "w": 190, "h": 174}, "object_not_present": false}, "P463--apple-tv-remote--clutter--TLoaElcxx3_T2X52b1Mq6ybjSPw6oHQy6RuGia4NOAk-00246.jpg": {"object_bounding_box": {"x": 489, "y": 871, "w": 191, "h": 177}, "object_not_present": false}, "P463--apple-tv-remote--clutter--TLoaElcxx3_T2X52b1Mq6ybjSPw6oHQy6RuGia4NOAk-00247.jpg": {"object_bounding_box": {"x": 497, "y": 871, "w": 191, "h": 171}, "object_not_present": false}, "P463--apple-tv-remote--clutter--TLoaElcxx3_T2X52b1Mq6ybjSPw6oHQy6RuGia4NOAk-00248.jpg": {"object_bounding_box": {"x": 503, "y": 857, "w": 192, "h": 170}, "object_not_present": false}, "P463--apple-tv-remote--clutter--TLoaElcxx3_T2X52b1Mq6ybjSPw6oHQy6RuGia4NOAk-00249.jpg": {"object_bounding_box": {"x": 510, "y": 842, "w": 189, "h": 174}, "object_not_present": false}, "P463--apple-tv-remote--clutter--TLoaElcxx3_T2X52b1Mq6ybjSPw6oHQy6RuGia4NOAk-00250.jpg": {"object_bounding_box": {"x": 512, "y": 837, "w": 190, "h": 174}, "object_not_present": false}, "P463--apple-tv-remote--clutter--TLoaElcxx3_T2X52b1Mq6ybjSPw6oHQy6RuGia4NOAk-00251.jpg": {"object_bounding_box": {"x": 522, "y": 829, "w": 189, "h": 177}, "object_not_present": false}, "P463--apple-tv-remote--clutter--TLoaElcxx3_T2X52b1Mq6ybjSPw6oHQy6RuGia4NOAk-00252.jpg": {"object_bounding_box": {"x": 522, "y": 832, "w": 189, "h": 175}, "object_not_present": false}, "P463--apple-tv-remote--clutter--TLoaElcxx3_T2X52b1Mq6ybjSPw6oHQy6RuGia4NOAk-00253.jpg": {"object_bounding_box": {"x": 511, "y": 844, "w": 189, "h": 174}, "object_not_present": false}, "P463--apple-tv-remote--clutter--TLoaElcxx3_T2X52b1Mq6ybjSPw6oHQy6RuGia4NOAk-00254.jpg": {"object_bounding_box": {"x": 510, "y": 850, "w": 190, "h": 175}, "object_not_present": false}, "P463--apple-tv-remote--clutter--TLoaElcxx3_T2X52b1Mq6ybjSPw6oHQy6RuGia4NOAk-00255.jpg": {"object_bounding_box": {"x": 516, "y": 860, "w": 189, "h": 176}, "object_not_present": false}, "P463--apple-tv-remote--clutter--TLoaElcxx3_T2X52b1Mq6ybjSPw6oHQy6RuGia4NOAk-00256.jpg": {"object_bounding_box": {"x": 521, "y": 860, "w": 188, "h": 179}, "object_not_present": false}, "P463--apple-tv-remote--clutter--TLoaElcxx3_T2X52b1Mq6ybjSPw6oHQy6RuGia4NOAk-00257.jpg": {"object_bounding_box": {"x": 526, "y": 858, "w": 189, "h": 180}, "object_not_present": false}, "P463--apple-tv-remote--clutter--TLoaElcxx3_T2X52b1Mq6ybjSPw6oHQy6RuGia4NOAk-00258.jpg": {"object_bounding_box": {"x": 523, "y": 860, "w": 188, "h": 179}, "object_not_present": false}, "P463--apple-tv-remote--clutter--TLoaElcxx3_T2X52b1Mq6ybjSPw6oHQy6RuGia4NOAk-00259.jpg": {"object_bounding_box": {"x": 526, "y": 856, "w": 188, "h": 178}, "object_not_present": false}, "P463--apple-tv-remote--clutter--TLoaElcxx3_T2X52b1Mq6ybjSPw6oHQy6RuGia4NOAk-00260.jpg": {"object_bounding_box": {"x": 543, "y": 836, "w": 188, "h": 178}, "object_not_present": false}, "P463--apple-tv-remote--clutter--TLoaElcxx3_T2X52b1Mq6ybjSPw6oHQy6RuGia4NOAk-00261.jpg": {"object_bounding_box": {"x": 552, "y": 818, "w": 190, "h": 176}, "object_not_present": false}, "P463--apple-tv-remote--clutter--TLoaElcxx3_T2X52b1Mq6ybjSPw6oHQy6RuGia4NOAk-00262.jpg": {"object_bounding_box": {"x": 537, "y": 803, "w": 188, "h": 174}, "object_not_present": false}, "P463--apple-tv-remote--clutter--TLoaElcxx3_T2X52b1Mq6ybjSPw6oHQy6RuGia4NOAk-00263.jpg": {"object_bounding_box": {"x": 534, "y": 783, "w": 183, "h": 173}, "object_not_present": false}, "P463--apple-tv-remote--clutter--TLoaElcxx3_T2X52b1Mq6ybjSPw6oHQy6RuGia4NOAk-00264.jpg": {"object_bounding_box": {"x": 542, "y": 756, "w": 182, "h": 168}, "object_not_present": false}, "P463--apple-tv-remote--clutter--TLoaElcxx3_T2X52b1Mq6ybjSPw6oHQy6RuGia4NOAk-00265.jpg": {"object_bounding_box": {"x": 537, "y": 728, "w": 186, "h": 173}, "object_not_present": false}, "P463--apple-tv-remote--clutter--TLoaElcxx3_T2X52b1Mq6ybjSPw6oHQy6RuGia4NOAk-00266.jpg": {"object_bounding_box": {"x": 531, "y": 714, "w": 185, "h": 172}, "object_not_present": false}, "P463--apple-tv-remote--clutter--TLoaElcxx3_T2X52b1Mq6ybjSPw6oHQy6RuGia4NOAk-00267.jpg": {"object_bounding_box": {"x": 541, "y": 707, "w": 182, "h": 174}, "object_not_present": false}, "P463--apple-tv-remote--clutter--TLoaElcxx3_T2X52b1Mq6ybjSPw6oHQy6RuGia4NOAk-00268.jpg": {"object_bounding_box": {"x": 550, "y": 706, "w": 184, "h": 176}, "object_not_present": false}, "P463--apple-tv-remote--clutter--TLoaElcxx3_T2X52b1Mq6ybjSPw6oHQy6RuGia4NOAk-00269.jpg": {"object_bounding_box": {"x": 547, "y": 688, "w": 182, "h": 170}, "object_not_present": false}, "P463--apple-tv-remote--clutter--TLoaElcxx3_T2X52b1Mq6ybjSPw6oHQy6RuGia4NOAk-00270.jpg": {"object_bounding_box": {"x": 549, "y": 663, "w": 183, "h": 173}, "object_not_present": false}, "P463--apple-tv-remote--clutter--TLoaElcxx3_T2X52b1Mq6ybjSPw6oHQy6RuGia4NOAk-00271.jpg": {"object_bounding_box": {"x": 549, "y": 642, "w": 181, "h": 171}, "object_not_present": false}, "P463--apple-tv-remote--clutter--TLoaElcxx3_T2X52b1Mq6ybjSPw6oHQy6RuGia4NOAk-00272.jpg": {"object_bounding_box": {"x": 547, "y": 621, "w": 184, "h": 173}, "object_not_present": false}, "P463--apple-tv-remote--clutter--TLoaElcxx3_T2X52b1Mq6ybjSPw6oHQy6RuGia4NOAk-00273.jpg": {"object_bounding_box": {"x": 546, "y": 617, "w": 184, "h": 175}, "object_not_present": false}, "P463--apple-tv-remote--clutter--TLoaElcxx3_T2X52b1Mq6ybjSPw6oHQy6RuGia4NOAk-00274.jpg": {"object_bounding_box": {"x": 553, "y": 628, "w": 183, "h": 175}, "object_not_present": false}, "P463--apple-tv-remote--clutter--TLoaElcxx3_T2X52b1Mq6ybjSPw6oHQy6RuGia4NOAk-00275.jpg": {"object_bounding_box": {"x": 558, "y": 642, "w": 182, "h": 175}, "object_not_present": false}, "P463--apple-tv-remote--clutter--TLoaElcxx3_T2X52b1Mq6ybjSPw6oHQy6RuGia4NOAk-00276.jpg": {"object_bounding_box": {"x": 558, "y": 656, "w": 183, "h": 175}, "object_not_present": false}, "P463--apple-tv-remote--clutter--TLoaElcxx3_T2X52b1Mq6ybjSPw6oHQy6RuGia4NOAk-00277.jpg": {"object_bounding_box": {"x": 561, "y": 658, "w": 183, "h": 178}, "object_not_present": false}, "P463--apple-tv-remote--clutter--TLoaElcxx3_T2X52b1Mq6ybjSPw6oHQy6RuGia4NOAk-00278.jpg": {"object_bounding_box": {"x": 562, "y": 655, "w": 183, "h": 178}, "object_not_present": false}, "P463--apple-tv-remote--clutter--TLoaElcxx3_T2X52b1Mq6ybjSPw6oHQy6RuGia4NOAk-00279.jpg": {"object_bounding_box": {"x": 563, "y": 653, "w": 184, "h": 179}, "object_not_present": false}, "P463--apple-tv-remote--clutter--TLoaElcxx3_T2X52b1Mq6ybjSPw6oHQy6RuGia4NOAk-00280.jpg": {"object_bounding_box": {"x": 569, "y": 653, "w": 184, "h": 178}, "object_not_present": false}, "P463--apple-tv-remote--clutter--TLoaElcxx3_T2X52b1Mq6ybjSPw6oHQy6RuGia4NOAk-00281.jpg": {"object_bounding_box": {"x": 579, "y": 654, "w": 183, "h": 178}, "object_not_present": false}, "P463--apple-tv-remote--clutter--TLoaElcxx3_T2X52b1Mq6ybjSPw6oHQy6RuGia4NOAk-00282.jpg": {"object_bounding_box": {"x": 593, "y": 668, "w": 184, "h": 178}, "object_not_present": false}, "P463--apple-tv-remote--clutter--TLoaElcxx3_T2X52b1Mq6ybjSPw6oHQy6RuGia4NOAk-00283.jpg": {"object_bounding_box": {"x": 592, "y": 678, "w": 184, "h": 178}, "object_not_present": false}, "P463--apple-tv-remote--clutter--TLoaElcxx3_T2X52b1Mq6ybjSPw6oHQy6RuGia4NOAk-00284.jpg": {"object_bounding_box": {"x": 594, "y": 658, "w": 179, "h": 171}, "object_not_present": false}, "P463--apple-tv-remote--clutter--TLoaElcxx3_T2X52b1Mq6ybjSPw6oHQy6RuGia4NOAk-00285.jpg": {"object_bounding_box": {"x": 589, "y": 633, "w": 186, "h": 175}, "object_not_present": false}, "P463--apple-tv-remote--clutter--TLoaElcxx3_T2X52b1Mq6ybjSPw6oHQy6RuGia4NOAk-00286.jpg": {"object_bounding_box": {"x": 603, "y": 630, "w": 182, "h": 177}, "object_not_present": false}, "P463--apple-tv-remote--clutter--TLoaElcxx3_T2X52b1Mq6ybjSPw6oHQy6RuGia4NOAk-00287.jpg": {"object_bounding_box": {"x": 629, "y": 656, "w": 178, "h": 173}, "object_not_present": false}, "P463--apple-tv-remote--clutter--TLoaElcxx3_T2X52b1Mq6ybjSPw6oHQy6RuGia4NOAk-00288.jpg": {"object_bounding_box": {"x": 596, "y": 684, "w": 187, "h": 180}, "object_not_present": false}, "P463--apple-tv-remote--clutter--TLoaElcxx3_T2X52b1Mq6ybjSPw6oHQy6RuGia4NOAk-00289.jpg": {"object_bounding_box": {"x": 592, "y": 675, "w": 185, "h": 180}, "object_not_present": false}, "P463--apple-tv-remote--clutter--TLoaElcxx3_T2X52b1Mq6ybjSPw6oHQy6RuGia4NOAk-00290.jpg": {"object_bounding_box": {"x": 575, "y": 666, "w": 178, "h": 176}, "object_not_present": false}, "P463--apple-tv-remote--clutter--TLoaElcxx3_T2X52b1Mq6ybjSPw6oHQy6RuGia4NOAk-00291.jpg": {"object_bounding_box": {"x": 551, "y": 651, "w": 184, "h": 182}, "object_not_present": false}, "P463--apple-tv-remote--clutter--TLoaElcxx3_T2X52b1Mq6ybjSPw6oHQy6RuGia4NOAk-00292.jpg": {"object_bounding_box": {"x": 556, "y": 667, "w": 181, "h": 175}, "object_not_present": false}, "P463--apple-tv-remote--clutter--TLoaElcxx3_T2X52b1Mq6ybjSPw6oHQy6RuGia4NOAk-00293.jpg": {"object_bounding_box": {"x": 561, "y": 687, "w": 183, "h": 180}, "object_not_present": false}}