{"P587--airpod-case--clutter--NA7C0LZkN7N1FkpqFh6cuIcKYairJXYakpyy9Pu6IM8-00001.jpg": {"object_bounding_box": {"x": 221, "y": 425, "w": 621, "h": 582}, "object_present": true}, "P587--airpod-case--clutter--NA7C0LZkN7N1FkpqFh6cuIcKYairJXYakpyy9Pu6IM8-00002.jpg": {"object_bounding_box": {"x": 221, "y": 425, "w": 621, "h": 582}, "object_present": true}, "P587--airpod-case--clutter--NA7C0LZkN7N1FkpqFh6cuIcKYairJXYakpyy9Pu6IM8-00003.jpg": {"object_bounding_box": {"x": 221, "y": 425, "w": 619, "h": 582}, "object_present": true}, "P587--airpod-case--clutter--NA7C0LZkN7N1FkpqFh6cuIcKYairJXYakpyy9Pu6IM8-00004.jpg": {"object_bounding_box": {"x": 219, "y": 426, "w": 621, "h": 581}, "object_present": true}, "P587--airpod-case--clutter--NA7C0LZkN7N1FkpqFh6cuIcKYairJXYakpyy9Pu6IM8-00005.jpg": {"object_bounding_box": {"x": 221, "y": 425, "w": 616, "h": 582}, "object_present": true}, "P587--airpod-case--clutter--NA7C0LZkN7N1FkpqFh6cuIcKYairJXYakpyy9Pu6IM8-00006.jpg": {"object_bounding_box": {"x": 217, "y": 424, "w": 619, "h": 582}, "object_present": true}, "P587--airpod-case--clutter--NA7C0LZkN7N1FkpqFh6cuIcKYairJXYakpyy9Pu6IM8-00007.jpg": {"object_bounding_box": {"x": 215, "y": 425, "w": 622, "h": 577}, "object_present": true}, "P587--airpod-case--clutter--NA7C0LZkN7N1FkpqFh6cuIcKYairJXYakpyy9Pu6IM8-00008.jpg": {"object_bounding_box": {"x": 220, "y": 422, "w": 614, "h": 577}, "object_present": true}, "P587--airpod-case--clutter--NA7C0LZkN7N1FkpqFh6cuIcKYairJXYakpyy9Pu6IM8-00009.jpg": {"object_bounding_box": {"x": 226, "y": 424, "w": 608, "h": 573}, "object_present": true}, "P587--airpod-case--clutter--NA7C0LZkN7N1FkpqFh6cuIcKYairJXYakpyy9Pu6IM8-00010.jpg": {"object_bounding_box": {"x": 229, "y": 422, "w": 605, "h": 570}, "object_present": true}, "P587--airpod-case--clutter--NA7C0LZkN7N1FkpqFh6cuIcKYairJXYakpyy9Pu6IM8-00011.jpg": {"object_bounding_box": {"x": 230, "y": 422, "w": 604, "h": 566}, "object_present": true}, "P587--airpod-case--clutter--NA7C0LZkN7N1FkpqFh6cuIcKYairJXYakpyy9Pu6IM8-00012.jpg": {"object_bounding_box": {"x": 240, "y": 422, "w": 600, "h": 563}, "object_present": true}, "P587--airpod-case--clutter--NA7C0LZkN7N1FkpqFh6cuIcKYairJXYakpyy9Pu6IM8-00013.jpg": {"object_bounding_box": {"x": 244, "y": 422, "w": 597, "h": 558}, "object_present": true}, "P587--airpod-case--clutter--NA7C0LZkN7N1FkpqFh6cuIcKYairJXYakpyy9Pu6IM8-00014.jpg": {"object_bounding_box": {"x": 251, "y": 422, "w": 590, "h": 553}, "object_present": true}, "P587--airpod-case--clutter--NA7C0LZkN7N1FkpqFh6cuIcKYairJXYakpyy9Pu6IM8-00015.jpg": {"object_bounding_box": {"x": 258, "y": 425, "w": 584, "h": 545}, "object_present": true}, "P587--airpod-case--clutter--NA7C0LZkN7N1FkpqFh6cuIcKYairJXYakpyy9Pu6IM8-00016.jpg": {"object_bounding_box": {"x": 260, "y": 426, "w": 577, "h": 540}, "object_present": true}, "P587--airpod-case--clutter--NA7C0LZkN7N1FkpqFh6cuIcKYairJXYakpyy9Pu6IM8-00017.jpg": {"object_bounding_box": {"x": 260, "y": 426, "w": 572, "h": 535}, "object_present": true}, "P587--airpod-case--clutter--NA7C0LZkN7N1FkpqFh6cuIcKYairJXYakpyy9Pu6IM8-00018.jpg": {"object_bounding_box": {"x": 263, "y": 427, "w": 563, "h": 526}, "object_present": true}, "P587--airpod-case--clutter--NA7C0LZkN7N1FkpqFh6cuIcKYairJXYakpyy9Pu6IM8-00019.jpg": {"object_bounding_box": {"x": 266, "y": 426, "w": 556, "h": 518}, "object_present": true}, "P587--airpod-case--clutter--NA7C0LZkN7N1FkpqFh6cuIcKYairJXYakpyy9Pu6IM8-00020.jpg": {"object_bounding_box": {"x": 268, "y": 421, "w": 551, "h": 512}, "object_present": true}, "P587--airpod-case--clutter--NA7C0LZkN7N1FkpqFh6cuIcKYairJXYakpyy9Pu6IM8-00021.jpg": {"object_bounding_box": {"x": 273, "y": 420, "w": 544, "h": 504}, "object_present": true}, "P587--airpod-case--clutter--NA7C0LZkN7N1FkpqFh6cuIcKYairJXYakpyy9Pu6IM8-00022.jpg": {"object_bounding_box": {"x": 275, "y": 422, "w": 534, "h": 497}, "object_present": true}, "P587--airpod-case--clutter--NA7C0LZkN7N1FkpqFh6cuIcKYairJXYakpyy9Pu6IM8-00023.jpg": {"object_bounding_box": {"x": 278, "y": 414, "w": 531, "h": 496}, "object_present": true}, "P587--airpod-case--clutter--NA7C0LZkN7N1FkpqFh6cuIcKYairJXYakpyy9Pu6IM8-00024.jpg": {"object_bounding_box": {"x": 291, "y": 410, "w": 522, "h": 488}, "object_present": true}, "P587--airpod-case--clutter--NA7C0LZkN7N1FkpqFh6cuIcKYairJXYakpyy9Pu6IM8-00025.jpg": {"object_bounding_box": {"x": 296, "y": 409, "w": 522, "h": 480}, "object_present": true}, "P587--airpod-case--clutter--NA7C0LZkN7N1FkpqFh6cuIcKYairJXYakpyy9Pu6IM8-00026.jpg": {"object_bounding_box": {"x": 304, "y": 404, "w": 516, "h": 478}, "object_present": true}, "P587--airpod-case--clutter--NA7C0LZkN7N1FkpqFh6cuIcKYairJXYakpyy9Pu6IM8-00027.jpg": {"object_bounding_box": {"x": 314, "y": 397, "w": 512, "h": 474}, "object_present": true}, "P587--airpod-case--clutter--NA7C0LZkN7N1FkpqFh6cuIcKYairJXYakpyy9Pu6IM8-00028.jpg": {"object_bounding_box": {"x": 322, "y": 389, "w": 508, "h": 471}, "object_present": true}, "P587--airpod-case--clutter--NA7C0LZkN7N1FkpqFh6cuIcKYairJXYakpyy9Pu6IM8-00029.jpg": {"object_bounding_box": {"x": 328, "y": 388, "w": 502, "h": 463}, "object_present": true}, "P587--airpod-case--clutter--NA7C0LZkN7N1FkpqFh6cuIcKYairJXYakpyy9Pu6IM8-00030.jpg": {"object_bounding_box": {"x": 332, "y": 386, "w": 500, "h": 460}, "object_present": true}, "P587--airpod-case--clutter--NA7C0LZkN7N1FkpqFh6cuIcKYairJXYakpyy9Pu6IM8-00031.jpg": {"object_bounding_box": {"x": 337, "y": 381, "w": 490, "h": 455}, "object_present": true}, "P587--airpod-case--clutter--NA7C0LZkN7N1FkpqFh6cuIcKYairJXYakpyy9Pu6IM8-00032.jpg": {"object_bounding_box": {"x": 336, "y": 377, "w": 492, "h": 451}, "object_present": true}, "P587--airpod-case--clutter--NA7C0LZkN7N1FkpqFh6cuIcKYairJXYakpyy9Pu6IM8-00033.jpg": {"object_bounding_box": {"x": 336, "y": 373, "w": 488, "h": 446}, "object_present": true}, "P587--airpod-case--clutter--NA7C0LZkN7N1FkpqFh6cuIcKYairJXYakpyy9Pu6IM8-00034.jpg": {"object_bounding_box": {"x": 346, "y": 367, "w": 481, "h": 445}, "object_present": true}, "P587--airpod-case--clutter--NA7C0LZkN7N1FkpqFh6cuIcKYairJXYakpyy9Pu6IM8-00035.jpg": {"object_bounding_box": {"x": 352, "y": 367, "w": 479, "h": 437}, "object_present": true}, "P587--airpod-case--clutter--NA7C0LZkN7N1FkpqFh6cuIcKYairJXYakpyy9Pu6IM8-00036.jpg": {"object_bounding_box": {"x": 358, "y": 366, "w": 475, "h": 433}, "object_present": true}, "P587--airpod-case--clutter--NA7C0LZkN7N1FkpqFh6cuIcKYairJXYakpyy9Pu6IM8-00037.jpg": {"object_bounding_box": {"x": 364, "y": 370, "w": 470, "h": 426}, "object_present": true}, "P587--airpod-case--clutter--NA7C0LZkN7N1FkpqFh6cuIcKYairJXYakpyy9Pu6IM8-00038.jpg": {"object_bounding_box": {"x": 370, "y": 375, "w": 460, "h": 421}, "object_present": true}, "P587--airpod-case--clutter--NA7C0LZkN7N1FkpqFh6cuIcKYairJXYakpyy9Pu6IM8-00039.jpg": {"object_bounding_box": {"x": 373, "y": 377, "w": 458, "h": 419}, "object_present": true}, "P587--airpod-case--clutter--NA7C0LZkN7N1FkpqFh6cuIcKYairJXYakpyy9Pu6IM8-00040.jpg": {"object_bounding_box": {"x": 379, "y": 377, "w": 451, "h": 412}, "object_present": true}, "P587--airpod-case--clutter--NA7C0LZkN7N1FkpqFh6cuIcKYairJXYakpyy9Pu6IM8-00041.jpg": {"object_bounding_box": {"x": 379, "y": 377, "w": 451, "h": 411}, "object_present": true}, "P587--airpod-case--clutter--NA7C0LZkN7N1FkpqFh6cuIcKYairJXYakpyy9Pu6IM8-00042.jpg": {"object_bounding_box": {"x": 379, "y": 381, "w": 440, "h": 402}, "object_present": true}, "P587--airpod-case--clutter--NA7C0LZkN7N1FkpqFh6cuIcKYairJXYakpyy9Pu6IM8-00043.jpg": {"object_bounding_box": {"x": 374, "y": 378, "w": 441, "h": 399}, "object_present": true}, "P587--airpod-case--clutter--NA7C0LZkN7N1FkpqFh6cuIcKYairJXYakpyy9Pu6IM8-00044.jpg": {"object_bounding_box": {"x": 381, "y": 377, "w": 436, "h": 395}, "object_present": true}, "P587--airpod-case--clutter--NA7C0LZkN7N1FkpqFh6cuIcKYairJXYakpyy9Pu6IM8-00045.jpg": {"object_bounding_box": {"x": 389, "y": 371, "w": 427, "h": 393}, "object_present": true}, "P587--airpod-case--clutter--NA7C0LZkN7N1FkpqFh6cuIcKYairJXYakpyy9Pu6IM8-00046.jpg": {"object_bounding_box": {"x": 396, "y": 369, "w": 426, "h": 389}, "object_present": true}, "P587--airpod-case--clutter--NA7C0LZkN7N1FkpqFh6cuIcKYairJXYakpyy9Pu6IM8-00047.jpg": {"object_bounding_box": {"x": 404, "y": 363, "w": 423, "h": 388}, "object_present": true}, "P587--airpod-case--clutter--NA7C0LZkN7N1FkpqFh6cuIcKYairJXYakpyy9Pu6IM8-00048.jpg": {"object_bounding_box": {"x": 411, "y": 362, "w": 418, "h": 382}, "object_present": true}, "P587--airpod-case--clutter--NA7C0LZkN7N1FkpqFh6cuIcKYairJXYakpyy9Pu6IM8-00049.jpg": {"object_bounding_box": {"x": 413, "y": 359, "w": 418, "h": 381}, "object_present": true}, "P587--airpod-case--clutter--NA7C0LZkN7N1FkpqFh6cuIcKYairJXYakpyy9Pu6IM8-00050.jpg": {"object_bounding_box": {"x": 418, "y": 356, "w": 418, "h": 381}, "object_present": true}, "P587--airpod-case--clutter--NA7C0LZkN7N1FkpqFh6cuIcKYairJXYakpyy9Pu6IM8-00051.jpg": {"object_bounding_box": {"x": 423, "y": 353, "w": 414, "h": 377}, "object_present": true}, "P587--airpod-case--clutter--NA7C0LZkN7N1FkpqFh6cuIcKYairJXYakpyy9Pu6IM8-00052.jpg": {"object_bounding_box": {"x": 429, "y": 352, "w": 411, "h": 373}, "object_present": true}, "P587--airpod-case--clutter--NA7C0LZkN7N1FkpqFh6cuIcKYairJXYakpyy9Pu6IM8-00053.jpg": {"object_bounding_box": {"x": 432, "y": 350, "w": 408, "h": 370}, "object_present": true}, "P587--airpod-case--clutter--NA7C0LZkN7N1FkpqFh6cuIcKYairJXYakpyy9Pu6IM8-00054.jpg": {"object_bounding_box": {"x": 435, "y": 349, "w": 406, "h": 367}, "object_present": true}, "P587--airpod-case--clutter--NA7C0LZkN7N1FkpqFh6cuIcKYairJXYakpyy9Pu6IM8-00055.jpg": {"object_bounding_box": {"x": 442, "y": 347, "w": 403, "h": 367}, "object_present": true}, "P587--airpod-case--clutter--NA7C0LZkN7N1FkpqFh6cuIcKYairJXYakpyy9Pu6IM8-00056.jpg": {"object_bounding_box": {"x": 446, "y": 346, "w": 401, "h": 362}, "object_present": true}, "P587--airpod-case--clutter--NA7C0LZkN7N1FkpqFh6cuIcKYairJXYakpyy9Pu6IM8-00057.jpg": {"object_bounding_box": {"x": 450, "y": 345, "w": 398, "h": 360}, "object_present": true}, "P587--airpod-case--clutter--NA7C0LZkN7N1FkpqFh6cuIcKYairJXYakpyy9Pu6IM8-00058.jpg": {"object_bounding_box": {"x": 455, "y": 347, "w": 395, "h": 358}, "object_present": true}, "P587--airpod-case--clutter--NA7C0LZkN7N1FkpqFh6cuIcKYairJXYakpyy9Pu6IM8-00059.jpg": {"object_bounding_box": {"x": 463, "y": 350, "w": 393, "h": 356}, "object_present": true}, "P587--airpod-case--clutter--NA7C0LZkN7N1FkpqFh6cuIcKYairJXYakpyy9Pu6IM8-00060.jpg": {"object_bounding_box": {"x": 468, "y": 353, "w": 391, "h": 352}, "object_present": true}, "P587--airpod-case--clutter--NA7C0LZkN7N1FkpqFh6cuIcKYairJXYakpyy9Pu6IM8-00061.jpg": {"object_bounding_box": {"x": 474, "y": 358, "w": 388, "h": 350}, "object_present": true}, "P587--airpod-case--clutter--NA7C0LZkN7N1FkpqFh6cuIcKYairJXYakpyy9Pu6IM8-00062.jpg": {"object_bounding_box": {"x": 479, "y": 361, "w": 386, "h": 349}, "object_present": true}, "P587--airpod-case--clutter--NA7C0LZkN7N1FkpqFh6cuIcKYairJXYakpyy9Pu6IM8-00063.jpg": {"object_bounding_box": {"x": 484, "y": 366, "w": 385, "h": 346}, "object_present": true}, "P587--airpod-case--clutter--NA7C0LZkN7N1FkpqFh6cuIcKYairJXYakpyy9Pu6IM8-00064.jpg": {"object_bounding_box": {"x": 487, "y": 365, "w": 383, "h": 345}, "object_present": true}, "P587--airpod-case--clutter--NA7C0LZkN7N1FkpqFh6cuIcKYairJXYakpyy9Pu6IM8-00065.jpg": {"object_bounding_box": {"x": 492, "y": 368, "w": 381, "h": 344}, "object_present": true}, "P587--airpod-case--clutter--NA7C0LZkN7N1FkpqFh6cuIcKYairJXYakpyy9Pu6IM8-00066.jpg": {"object_bounding_box": {"x": 496, "y": 371, "w": 377, "h": 341}, "object_present": true}, "P587--airpod-case--clutter--NA7C0LZkN7N1FkpqFh6cuIcKYairJXYakpyy9Pu6IM8-00067.jpg": {"object_bounding_box": {"x": 497, "y": 373, "w": 377, "h": 339}, "object_present": true}, "P587--airpod-case--clutter--NA7C0LZkN7N1FkpqFh6cuIcKYairJXYakpyy9Pu6IM8-00068.jpg": {"object_bounding_box": {"x": 500, "y": 376, "w": 374, "h": 337}, "object_present": true}, "P587--airpod-case--clutter--NA7C0LZkN7N1FkpqFh6cuIcKYairJXYakpyy9Pu6IM8-00069.jpg": {"object_bounding_box": {"x": 501, "y": 378, "w": 373, "h": 336}, "object_present": true}, "P587--airpod-case--clutter--NA7C0LZkN7N1FkpqFh6cuIcKYairJXYakpyy9Pu6IM8-00070.jpg": {"object_bounding_box": {"x": 501, "y": 380, "w": 370, "h": 333}, "object_present": true}, "P587--airpod-case--clutter--NA7C0LZkN7N1FkpqFh6cuIcKYairJXYakpyy9Pu6IM8-00071.jpg": {"object_bounding_box": {"x": 502, "y": 381, "w": 367, "h": 332}, "object_present": true}, "P587--airpod-case--clutter--NA7C0LZkN7N1FkpqFh6cuIcKYairJXYakpyy9Pu6IM8-00072.jpg": {"object_bounding_box": {"x": 505, "y": 383, "w": 365, "h": 329}, "object_present": true}, "P587--airpod-case--clutter--NA7C0LZkN7N1FkpqFh6cuIcKYairJXYakpyy9Pu6IM8-00073.jpg": {"object_bounding_box": {"x": 505, "y": 385, "w": 364, "h": 329}, "object_present": true}, "P587--airpod-case--clutter--NA7C0LZkN7N1FkpqFh6cuIcKYairJXYakpyy9Pu6IM8-00074.jpg": {"object_bounding_box": {"x": 508, "y": 385, "w": 362, "h": 327}, "object_present": true}, "P587--airpod-case--clutter--NA7C0LZkN7N1FkpqFh6cuIcKYairJXYakpyy9Pu6IM8-00075.jpg": {"object_bounding_box": {"x": 511, "y": 384, "w": 359, "h": 325}, "object_present": true}, "P587--airpod-case--clutter--NA7C0LZkN7N1FkpqFh6cuIcKYairJXYakpyy9Pu6IM8-00076.jpg": {"object_bounding_box": {"x": 512, "y": 386, "w": 358, "h": 321}, "object_present": true}, "P587--airpod-case--clutter--NA7C0LZkN7N1FkpqFh6cuIcKYairJXYakpyy9Pu6IM8-00077.jpg": {"object_bounding_box": {"x": 514, "y": 384, "w": 357, "h": 322}, "object_present": true}, "P587--airpod-case--clutter--NA7C0LZkN7N1FkpqFh6cuIcKYairJXYakpyy9Pu6IM8-00078.jpg": {"object_bounding_box": {"x": 516, "y": 383, "w": 355, "h": 318}, "object_present": true}, "P587--airpod-case--clutter--NA7C0LZkN7N1FkpqFh6cuIcKYairJXYakpyy9Pu6IM8-00079.jpg": {"object_bounding_box": {"x": 519, "y": 379, "w": 354, "h": 319}, "object_present": true}, "P587--airpod-case--clutter--NA7C0LZkN7N1FkpqFh6cuIcKYairJXYakpyy9Pu6IM8-00080.jpg": {"object_bounding_box": {"x": 518, "y": 380, "w": 351, "h": 316}, "object_present": true}, "P587--airpod-case--clutter--NA7C0LZkN7N1FkpqFh6cuIcKYairJXYakpyy9Pu6IM8-00081.jpg": {"object_bounding_box": {"x": 518, "y": 380, "w": 349, "h": 313}, "object_present": true}, "P587--airpod-case--clutter--NA7C0LZkN7N1FkpqFh6cuIcKYairJXYakpyy9Pu6IM8-00082.jpg": {"object_bounding_box": {"x": 518, "y": 379, "w": 347, "h": 314}, "object_present": true}, "P587--airpod-case--clutter--NA7C0LZkN7N1FkpqFh6cuIcKYairJXYakpyy9Pu6IM8-00083.jpg": {"object_bounding_box": {"x": 517, "y": 383, "w": 343, "h": 307}, "object_present": true}, "P587--airpod-case--clutter--NA7C0LZkN7N1FkpqFh6cuIcKYairJXYakpyy9Pu6IM8-00084.jpg": {"object_bounding_box": {"x": 516, "y": 385, "w": 341, "h": 307}, "object_present": true}, "P587--airpod-case--clutter--NA7C0LZkN7N1FkpqFh6cuIcKYairJXYakpyy9Pu6IM8-00085.jpg": {"object_bounding_box": {"x": 516, "y": 389, "w": 339, "h": 302}, "object_present": true}, "P587--airpod-case--clutter--NA7C0LZkN7N1FkpqFh6cuIcKYairJXYakpyy9Pu6IM8-00086.jpg": {"object_bounding_box": {"x": 516, "y": 389, "w": 339, "h": 302}, "object_present": true}, "P587--airpod-case--clutter--NA7C0LZkN7N1FkpqFh6cuIcKYairJXYakpyy9Pu6IM8-00087.jpg": {"object_bounding_box": {"x": 519, "y": 391, "w": 332, "h": 299}, "object_present": true}, "P587--airpod-case--clutter--NA7C0LZkN7N1FkpqFh6cuIcKYairJXYakpyy9Pu6IM8-00088.jpg": {"object_bounding_box": {"x": 519, "y": 393, "w": 331, "h": 297}, "object_present": true}, "P587--airpod-case--clutter--NA7C0LZkN7N1FkpqFh6cuIcKYairJXYakpyy9Pu6IM8-00089.jpg": {"object_bounding_box": {"x": 518, "y": 397, "w": 328, "h": 293}, "object_present": true}, "P587--airpod-case--clutter--NA7C0LZkN7N1FkpqFh6cuIcKYairJXYakpyy9Pu6IM8-00090.jpg": {"object_bounding_box": {"x": 520, "y": 399, "w": 324, "h": 291}, "object_present": true}, "P587--airpod-case--clutter--NA7C0LZkN7N1FkpqFh6cuIcKYairJXYakpyy9Pu6IM8-00091.jpg": {"object_bounding_box": {"x": 520, "y": 401, "w": 323, "h": 289}, "object_present": true}, "P587--airpod-case--clutter--NA7C0LZkN7N1FkpqFh6cuIcKYairJXYakpyy9Pu6IM8-00092.jpg": {"object_bounding_box": {"x": 521, "y": 402, "w": 319, "h": 288}, "object_present": true}, "P587--airpod-case--clutter--NA7C0LZkN7N1FkpqFh6cuIcKYairJXYakpyy9Pu6IM8-00093.jpg": {"object_bounding_box": {"x": 521, "y": 400, "w": 319, "h": 284}, "object_present": true}, "P587--airpod-case--clutter--NA7C0LZkN7N1FkpqFh6cuIcKYairJXYakpyy9Pu6IM8-00094.jpg": {"object_bounding_box": {"x": 524, "y": 397, "w": 317, "h": 285}, "object_present": true}, "P587--airpod-case--clutter--NA7C0LZkN7N1FkpqFh6cuIcKYairJXYakpyy9Pu6IM8-00095.jpg": {"object_bounding_box": {"x": 526, "y": 393, "w": 315, "h": 284}, "object_present": true}, "P587--airpod-case--clutter--NA7C0LZkN7N1FkpqFh6cuIcKYairJXYakpyy9Pu6IM8-00096.jpg": {"object_bounding_box": {"x": 528, "y": 391, "w": 313, "h": 280}, "object_present": true}, "P587--airpod-case--clutter--NA7C0LZkN7N1FkpqFh6cuIcKYairJXYakpyy9Pu6IM8-00097.jpg": {"object_bounding_box": {"x": 532, "y": 389, "w": 311, "h": 279}, "object_present": true}, "P587--airpod-case--clutter--NA7C0LZkN7N1FkpqFh6cuIcKYairJXYakpyy9Pu6IM8-00098.jpg": {"object_bounding_box": {"x": 534, "y": 387, "w": 312, "h": 278}, "object_present": true}, "P587--airpod-case--clutter--NA7C0LZkN7N1FkpqFh6cuIcKYairJXYakpyy9Pu6IM8-00099.jpg": {"object_bounding_box": {"x": 537, "y": 382, "w": 308, "h": 276}, "object_present": true}, "P587--airpod-case--clutter--NA7C0LZkN7N1FkpqFh6cuIcKYairJXYakpyy9Pu6IM8-00100.jpg": {"object_bounding_box": {"x": 540, "y": 377, "w": 308, "h": 275}, "object_present": true}, "P587--airpod-case--clutter--NA7C0LZkN7N1FkpqFh6cuIcKYairJXYakpyy9Pu6IM8-00101.jpg": {"object_bounding_box": {"x": 542, "y": 375, "w": 307, "h": 273}, "object_present": true}, "P587--airpod-case--clutter--NA7C0LZkN7N1FkpqFh6cuIcKYairJXYakpyy9Pu6IM8-00102.jpg": {"object_bounding_box": {"x": 545, "y": 371, "w": 304, "h": 272}, "object_present": true}, "P587--airpod-case--clutter--NA7C0LZkN7N1FkpqFh6cuIcKYairJXYakpyy9Pu6IM8-00103.jpg": {"object_bounding_box": {"x": 547, "y": 368, "w": 304, "h": 271}, "object_present": true}, "P587--airpod-case--clutter--NA7C0LZkN7N1FkpqFh6cuIcKYairJXYakpyy9Pu6IM8-00104.jpg": {"object_bounding_box": {"x": 549, "y": 368, "w": 302, "h": 268}, "object_present": true}, "P587--airpod-case--clutter--NA7C0LZkN7N1FkpqFh6cuIcKYairJXYakpyy9Pu6IM8-00105.jpg": {"object_bounding_box": {"x": 552, "y": 366, "w": 300, "h": 267}, "object_present": true}, "P587--airpod-case--clutter--NA7C0LZkN7N1FkpqFh6cuIcKYairJXYakpyy9Pu6IM8-00106.jpg": {"object_bounding_box": {"x": 556, "y": 367, "w": 296, "h": 264}, "object_present": true}, "P587--airpod-case--clutter--NA7C0LZkN7N1FkpqFh6cuIcKYairJXYakpyy9Pu6IM8-00107.jpg": {"object_bounding_box": {"x": 557, "y": 369, "w": 295, "h": 262}, "object_present": true}, "P587--airpod-case--clutter--NA7C0LZkN7N1FkpqFh6cuIcKYairJXYakpyy9Pu6IM8-00108.jpg": {"object_bounding_box": {"x": 560, "y": 370, "w": 293, "h": 260}, "object_present": true}, "P587--airpod-case--clutter--NA7C0LZkN7N1FkpqFh6cuIcKYairJXYakpyy9Pu6IM8-00109.jpg": {"object_bounding_box": {"x": 562, "y": 371, "w": 293, "h": 258}, "object_present": true}, "P587--airpod-case--clutter--NA7C0LZkN7N1FkpqFh6cuIcKYairJXYakpyy9Pu6IM8-00110.jpg": {"object_bounding_box": {"x": 564, "y": 369, "w": 290, "h": 257}, "object_present": true}, "P587--airpod-case--clutter--NA7C0LZkN7N1FkpqFh6cuIcKYairJXYakpyy9Pu6IM8-00111.jpg": {"object_bounding_box": {"x": 567, "y": 367, "w": 289, "h": 254}, "object_present": true}, "P587--airpod-case--clutter--NA7C0LZkN7N1FkpqFh6cuIcKYairJXYakpyy9Pu6IM8-00112.jpg": {"object_bounding_box": {"x": 568, "y": 367, "w": 288, "h": 254}, "object_present": true}, "P587--airpod-case--clutter--NA7C0LZkN7N1FkpqFh6cuIcKYairJXYakpyy9Pu6IM8-00113.jpg": {"object_bounding_box": {"x": 571, "y": 369, "w": 285, "h": 252}, "object_present": true}, "P587--airpod-case--clutter--NA7C0LZkN7N1FkpqFh6cuIcKYairJXYakpyy9Pu6IM8-00114.jpg": {"object_bounding_box": {"x": 575, "y": 367, "w": 284, "h": 251}, "object_present": true}, "P587--airpod-case--clutter--NA7C0LZkN7N1FkpqFh6cuIcKYairJXYakpyy9Pu6IM8-00115.jpg": {"object_bounding_box": {"x": 578, "y": 364, "w": 283, "h": 249}, "object_present": true}, "P587--airpod-case--clutter--NA7C0LZkN7N1FkpqFh6cuIcKYairJXYakpyy9Pu6IM8-00116.jpg": {"object_bounding_box": {"x": 582, "y": 364, "w": 282, "h": 247}, "object_present": true}, "P587--airpod-case--clutter--NA7C0LZkN7N1FkpqFh6cuIcKYairJXYakpyy9Pu6IM8-00117.jpg": {"object_bounding_box": {"x": 586, "y": 366, "w": 280, "h": 246}, "object_present": true}, "P587--airpod-case--clutter--NA7C0LZkN7N1FkpqFh6cuIcKYairJXYakpyy9Pu6IM8-00118.jpg": {"object_bounding_box": {"x": 589, "y": 364, "w": 279, "h": 246}, "object_present": true}, "P587--airpod-case--clutter--NA7C0LZkN7N1FkpqFh6cuIcKYairJXYakpyy9Pu6IM8-00119.jpg": {"object_bounding_box": {"x": 592, "y": 361, "w": 279, "h": 245}, "object_present": true}, "P587--airpod-case--clutter--NA7C0LZkN7N1FkpqFh6cuIcKYairJXYakpyy9Pu6IM8-00120.jpg": {"object_bounding_box": {"x": 590, "y": 364, "w": 277, "h": 244}, "object_present": true}, "P587--airpod-case--clutter--NA7C0LZkN7N1FkpqFh6cuIcKYairJXYakpyy9Pu6IM8-00121.jpg": {"object_bounding_box": {"x": 588, "y": 366, "w": 276, "h": 242}, "object_present": true}, "P587--airpod-case--clutter--NA7C0LZkN7N1FkpqFh6cuIcKYairJXYakpyy9Pu6IM8-00122.jpg": {"object_bounding_box": {"x": 587, "y": 367, "w": 276, "h": 240}, "object_present": true}, "P587--airpod-case--clutter--NA7C0LZkN7N1FkpqFh6cuIcKYairJXYakpyy9Pu6IM8-00123.jpg": {"object_bounding_box": {"x": 587, "y": 367, "w": 274, "h": 240}, "object_present": true}, "P587--airpod-case--clutter--NA7C0LZkN7N1FkpqFh6cuIcKYairJXYakpyy9Pu6IM8-00124.jpg": {"object_bounding_box": {"x": 584, "y": 368, "w": 273, "h": 239}, "object_present": true}, "P587--airpod-case--clutter--NA7C0LZkN7N1FkpqFh6cuIcKYairJXYakpyy9Pu6IM8-00125.jpg": {"object_bounding_box": {"x": 580, "y": 372, "w": 271, "h": 235}, "object_present": true}, "P587--airpod-case--clutter--NA7C0LZkN7N1FkpqFh6cuIcKYairJXYakpyy9Pu6IM8-00126.jpg": {"object_bounding_box": {"x": 577, "y": 375, "w": 269, "h": 234}, "object_present": true}, "P587--airpod-case--clutter--NA7C0LZkN7N1FkpqFh6cuIcKYairJXYakpyy9Pu6IM8-00127.jpg": {"object_bounding_box": {"x": 577, "y": 376, "w": 267, "h": 233}, "object_present": true}, "P587--airpod-case--clutter--NA7C0LZkN7N1FkpqFh6cuIcKYairJXYakpyy9Pu6IM8-00128.jpg": {"object_bounding_box": {"x": 579, "y": 374, "w": 265, "h": 235}, "object_present": true}, "P587--airpod-case--clutter--NA7C0LZkN7N1FkpqFh6cuIcKYairJXYakpyy9Pu6IM8-00129.jpg": {"object_bounding_box": {"x": 581, "y": 376, "w": 265, "h": 232}, "object_present": true}, "P587--airpod-case--clutter--NA7C0LZkN7N1FkpqFh6cuIcKYairJXYakpyy9Pu6IM8-00130.jpg": {"object_bounding_box": {"x": 581, "y": 376, "w": 265, "h": 232}, "object_present": true}, "P587--airpod-case--clutter--NA7C0LZkN7N1FkpqFh6cuIcKYairJXYakpyy9Pu6IM8-00131.jpg": {"object_bounding_box": {"x": 582, "y": 381, "w": 264, "h": 230}, "object_present": true}, "P587--airpod-case--clutter--NA7C0LZkN7N1FkpqFh6cuIcKYairJXYakpyy9Pu6IM8-00132.jpg": {"object_bounding_box": {"x": 583, "y": 383, "w": 261, "h": 229}, "object_present": true}, "P587--airpod-case--clutter--NA7C0LZkN7N1FkpqFh6cuIcKYairJXYakpyy9Pu6IM8-00133.jpg": {"object_bounding_box": {"x": 585, "y": 383, "w": 261, "h": 229}, "object_present": true}, "P587--airpod-case--clutter--NA7C0LZkN7N1FkpqFh6cuIcKYairJXYakpyy9Pu6IM8-00134.jpg": {"object_bounding_box": {"x": 585, "y": 387, "w": 259, "h": 227}, "object_present": true}, "P587--airpod-case--clutter--NA7C0LZkN7N1FkpqFh6cuIcKYairJXYakpyy9Pu6IM8-00135.jpg": {"object_bounding_box": {"x": 584, "y": 391, "w": 260, "h": 227}, "object_present": true}, "P587--airpod-case--clutter--NA7C0LZkN7N1FkpqFh6cuIcKYairJXYakpyy9Pu6IM8-00136.jpg": {"object_bounding_box": {"x": 585, "y": 395, "w": 256, "h": 224}, "object_present": true}, "P587--airpod-case--clutter--NA7C0LZkN7N1FkpqFh6cuIcKYairJXYakpyy9Pu6IM8-00137.jpg": {"object_bounding_box": {"x": 585, "y": 394, "w": 254, "h": 224}, "object_present": true}, "P587--airpod-case--clutter--NA7C0LZkN7N1FkpqFh6cuIcKYairJXYakpyy9Pu6IM8-00138.jpg": {"object_bounding_box": {"x": 585, "y": 393, "w": 254, "h": 224}, "object_present": true}, "P587--airpod-case--clutter--NA7C0LZkN7N1FkpqFh6cuIcKYairJXYakpyy9Pu6IM8-00139.jpg": {"object_bounding_box": {"x": 580, "y": 393, "w": 254, "h": 222}, "object_present": true}, "P587--airpod-case--clutter--NA7C0LZkN7N1FkpqFh6cuIcKYairJXYakpyy9Pu6IM8-00140.jpg": {"object_bounding_box": {"x": 580, "y": 392, "w": 253, "h": 223}, "object_present": true}, "P587--airpod-case--clutter--NA7C0LZkN7N1FkpqFh6cuIcKYairJXYakpyy9Pu6IM8-00141.jpg": {"object_bounding_box": {"x": 580, "y": 390, "w": 252, "h": 222}, "object_present": true}, "P587--airpod-case--clutter--NA7C0LZkN7N1FkpqFh6cuIcKYairJXYakpyy9Pu6IM8-00142.jpg": {"object_bounding_box": {"x": 580, "y": 390, "w": 251, "h": 222}, "object_present": true}, "P587--airpod-case--clutter--NA7C0LZkN7N1FkpqFh6cuIcKYairJXYakpyy9Pu6IM8-00143.jpg": {"object_bounding_box": {"x": 578, "y": 391, "w": 251, "h": 221}, "object_present": true}, "P587--airpod-case--clutter--NA7C0LZkN7N1FkpqFh6cuIcKYairJXYakpyy9Pu6IM8-00144.jpg": {"object_bounding_box": {"x": 578, "y": 393, "w": 249, "h": 218}, "object_present": true}, "P587--airpod-case--clutter--NA7C0LZkN7N1FkpqFh6cuIcKYairJXYakpyy9Pu6IM8-00145.jpg": {"object_bounding_box": {"x": 579, "y": 392, "w": 249, "h": 218}, "object_present": true}, "P587--airpod-case--clutter--NA7C0LZkN7N1FkpqFh6cuIcKYairJXYakpyy9Pu6IM8-00146.jpg": {"object_bounding_box": {"x": 577, "y": 395, "w": 248, "h": 217}, "object_present": true}, "P587--airpod-case--clutter--NA7C0LZkN7N1FkpqFh6cuIcKYairJXYakpyy9Pu6IM8-00147.jpg": {"object_bounding_box": {"x": 577, "y": 399, "w": 247, "h": 218}, "object_present": true}, "P587--airpod-case--clutter--NA7C0LZkN7N1FkpqFh6cuIcKYairJXYakpyy9Pu6IM8-00148.jpg": {"object_bounding_box": {"x": 578, "y": 401, "w": 246, "h": 216}, "object_present": true}, "P587--airpod-case--clutter--NA7C0LZkN7N1FkpqFh6cuIcKYairJXYakpyy9Pu6IM8-00149.jpg": {"object_bounding_box": {"x": 579, "y": 402, "w": 245, "h": 215}, "object_present": true}, "P587--airpod-case--clutter--NA7C0LZkN7N1FkpqFh6cuIcKYairJXYakpyy9Pu6IM8-00150.jpg": {"object_bounding_box": {"x": 580, "y": 403, "w": 243, "h": 214}, "object_present": true}, "P587--airpod-case--clutter--NA7C0LZkN7N1FkpqFh6cuIcKYairJXYakpyy9Pu6IM8-00151.jpg": {"object_bounding_box": {"x": 578, "y": 406, "w": 244, "h": 215}, "object_present": true}, "P587--airpod-case--clutter--NA7C0LZkN7N1FkpqFh6cuIcKYairJXYakpyy9Pu6IM8-00152.jpg": {"object_bounding_box": {"x": 578, "y": 410, "w": 241, "h": 215}, "object_present": true}, "P587--airpod-case--clutter--NA7C0LZkN7N1FkpqFh6cuIcKYairJXYakpyy9Pu6IM8-00153.jpg": {"object_bounding_box": {"x": 579, "y": 411, "w": 240, "h": 213}, "object_present": true}, "P587--airpod-case--clutter--NA7C0LZkN7N1FkpqFh6cuIcKYairJXYakpyy9Pu6IM8-00154.jpg": {"object_bounding_box": {"x": 578, "y": 413, "w": 240, "h": 212}, "object_present": true}, "P587--airpod-case--clutter--NA7C0LZkN7N1FkpqFh6cuIcKYairJXYakpyy9Pu6IM8-00155.jpg": {"object_bounding_box": {"x": 578, "y": 414, "w": 238, "h": 211}, "object_present": true}, "P587--airpod-case--clutter--NA7C0LZkN7N1FkpqFh6cuIcKYairJXYakpyy9Pu6IM8-00156.jpg": {"object_bounding_box": {"x": 578, "y": 416, "w": 238, "h": 209}, "object_present": true}, "P587--airpod-case--clutter--NA7C0LZkN7N1FkpqFh6cuIcKYairJXYakpyy9Pu6IM8-00157.jpg": {"object_bounding_box": {"x": 578, "y": 417, "w": 238, "h": 208}, "object_present": true}, "P587--airpod-case--clutter--NA7C0LZkN7N1FkpqFh6cuIcKYairJXYakpyy9Pu6IM8-00158.jpg": {"object_bounding_box": {"x": 576, "y": 419, "w": 238, "h": 207}, "object_present": true}, "P587--airpod-case--clutter--NA7C0LZkN7N1FkpqFh6cuIcKYairJXYakpyy9Pu6IM8-00159.jpg": {"object_bounding_box": {"x": 573, "y": 422, "w": 236, "h": 208}, "object_present": true}, "P587--airpod-case--clutter--NA7C0LZkN7N1FkpqFh6cuIcKYairJXYakpyy9Pu6IM8-00160.jpg": {"object_bounding_box": {"x": 572, "y": 426, "w": 235, "h": 206}, "object_present": true}, "P587--airpod-case--clutter--NA7C0LZkN7N1FkpqFh6cuIcKYairJXYakpyy9Pu6IM8-00161.jpg": {"object_bounding_box": {"x": 569, "y": 429, "w": 234, "h": 206}, "object_present": true}, "P587--airpod-case--clutter--NA7C0LZkN7N1FkpqFh6cuIcKYairJXYakpyy9Pu6IM8-00162.jpg": {"object_bounding_box": {"x": 565, "y": 433, "w": 233, "h": 205}, "object_present": true}, "P587--airpod-case--clutter--NA7C0LZkN7N1FkpqFh6cuIcKYairJXYakpyy9Pu6IM8-00163.jpg": {"object_bounding_box": {"x": 562, "y": 437, "w": 232, "h": 203}, "object_present": true}, "P587--airpod-case--clutter--NA7C0LZkN7N1FkpqFh6cuIcKYairJXYakpyy9Pu6IM8-00164.jpg": {"object_bounding_box": {"x": 560, "y": 440, "w": 231, "h": 202}, "object_present": true}, "P587--airpod-case--clutter--NA7C0LZkN7N1FkpqFh6cuIcKYairJXYakpyy9Pu6IM8-00165.jpg": {"object_bounding_box": {"x": 556, "y": 441, "w": 229, "h": 201}, "object_present": true}, "P587--airpod-case--clutter--NA7C0LZkN7N1FkpqFh6cuIcKYairJXYakpyy9Pu6IM8-00166.jpg": {"object_bounding_box": {"x": 558, "y": 441, "w": 227, "h": 201}, "object_present": true}, "P587--airpod-case--clutter--NA7C0LZkN7N1FkpqFh6cuIcKYairJXYakpyy9Pu6IM8-00167.jpg": {"object_bounding_box": {"x": 558, "y": 441, "w": 227, "h": 200}, "object_present": true}, "P587--airpod-case--clutter--NA7C0LZkN7N1FkpqFh6cuIcKYairJXYakpyy9Pu6IM8-00168.jpg": {"object_bounding_box": {"x": 557, "y": 440, "w": 226, "h": 200}, "object_present": true}, "P587--airpod-case--clutter--NA7C0LZkN7N1FkpqFh6cuIcKYairJXYakpyy9Pu6IM8-00169.jpg": {"object_bounding_box": {"x": 558, "y": 440, "w": 227, "h": 198}, "object_present": true}, "P587--airpod-case--clutter--NA7C0LZkN7N1FkpqFh6cuIcKYairJXYakpyy9Pu6IM8-00170.jpg": {"object_bounding_box": {"x": 560, "y": 438, "w": 225, "h": 199}, "object_present": true}, "P587--airpod-case--clutter--NA7C0LZkN7N1FkpqFh6cuIcKYairJXYakpyy9Pu6IM8-00171.jpg": {"object_bounding_box": {"x": 563, "y": 438, "w": 225, "h": 197}, "object_present": true}, "P587--airpod-case--clutter--NA7C0LZkN7N1FkpqFh6cuIcKYairJXYakpyy9Pu6IM8-00172.jpg": {"object_bounding_box": {"x": 564, "y": 438, "w": 223, "h": 196}, "object_present": true}, "P587--airpod-case--clutter--NA7C0LZkN7N1FkpqFh6cuIcKYairJXYakpyy9Pu6IM8-00173.jpg": {"object_bounding_box": {"x": 564, "y": 441, "w": 223, "h": 196}, "object_present": true}, "P587--airpod-case--clutter--NA7C0LZkN7N1FkpqFh6cuIcKYairJXYakpyy9Pu6IM8-00174.jpg": {"object_bounding_box": {"x": 565, "y": 442, "w": 222, "h": 195}, "object_present": true}, "P587--airpod-case--clutter--NA7C0LZkN7N1FkpqFh6cuIcKYairJXYakpyy9Pu6IM8-00175.jpg": {"object_bounding_box": {"x": 567, "y": 441, "w": 222, "h": 195}, "object_present": true}, "P587--airpod-case--clutter--NA7C0LZkN7N1FkpqFh6cuIcKYairJXYakpyy9Pu6IM8-00176.jpg": {"object_bounding_box": {"x": 567, "y": 442, "w": 221, "h": 194}, "object_present": true}, "P587--airpod-case--clutter--NA7C0LZkN7N1FkpqFh6cuIcKYairJXYakpyy9Pu6IM8-00177.jpg": {"object_bounding_box": {"x": 565, "y": 442, "w": 220, "h": 192}, "object_present": true}, "P587--airpod-case--clutter--NA7C0LZkN7N1FkpqFh6cuIcKYairJXYakpyy9Pu6IM8-00178.jpg": {"object_bounding_box": {"x": 568, "y": 440, "w": 219, "h": 192}, "object_present": true}, "P587--airpod-case--clutter--NA7C0LZkN7N1FkpqFh6cuIcKYairJXYakpyy9Pu6IM8-00179.jpg": {"object_bounding_box": {"x": 568, "y": 439, "w": 218, "h": 191}, "object_present": true}, "P587--airpod-case--clutter--NA7C0LZkN7N1FkpqFh6cuIcKYairJXYakpyy9Pu6IM8-00180.jpg": {"object_bounding_box": {"x": 566, "y": 438, "w": 218, "h": 191}, "object_present": true}, "P587--airpod-case--clutter--NA7C0LZkN7N1FkpqFh6cuIcKYairJXYakpyy9Pu6IM8-00181.jpg": {"object_bounding_box": {"x": 569, "y": 437, "w": 216, "h": 190}, "object_present": true}, "P587--airpod-case--clutter--NA7C0LZkN7N1FkpqFh6cuIcKYairJXYakpyy9Pu6IM8-00182.jpg": {"object_bounding_box": {"x": 568, "y": 437, "w": 216, "h": 190}, "object_present": true}, "P587--airpod-case--clutter--NA7C0LZkN7N1FkpqFh6cuIcKYairJXYakpyy9Pu6IM8-00183.jpg": {"object_bounding_box": {"x": 568, "y": 437, "w": 215, "h": 188}, "object_present": true}, "P587--airpod-case--clutter--NA7C0LZkN7N1FkpqFh6cuIcKYairJXYakpyy9Pu6IM8-00184.jpg": {"object_bounding_box": {"x": 570, "y": 434, "w": 215, "h": 189}, "object_present": true}, "P587--airpod-case--clutter--NA7C0LZkN7N1FkpqFh6cuIcKYairJXYakpyy9Pu6IM8-00185.jpg": {"object_bounding_box": {"x": 574, "y": 429, "w": 215, "h": 189}, "object_present": true}, "P587--airpod-case--clutter--NA7C0LZkN7N1FkpqFh6cuIcKYairJXYakpyy9Pu6IM8-00186.jpg": {"object_bounding_box": {"x": 574, "y": 426, "w": 215, "h": 189}, "object_present": true}, "P587--airpod-case--clutter--NA7C0LZkN7N1FkpqFh6cuIcKYairJXYakpyy9Pu6IM8-00187.jpg": {"object_bounding_box": {"x": 576, "y": 421, "w": 215, "h": 189}, "object_present": true}, "P587--airpod-case--clutter--NA7C0LZkN7N1FkpqFh6cuIcKYairJXYakpyy9Pu6IM8-00188.jpg": {"object_bounding_box": {"x": 580, "y": 412, "w": 216, "h": 190}, "object_present": true}, "P587--airpod-case--clutter--NA7C0LZkN7N1FkpqFh6cuIcKYairJXYakpyy9Pu6IM8-00189.jpg": {"object_bounding_box": {"x": 585, "y": 407, "w": 215, "h": 190}, "object_present": true}, "P587--airpod-case--clutter--NA7C0LZkN7N1FkpqFh6cuIcKYairJXYakpyy9Pu6IM8-00190.jpg": {"object_bounding_box": {"x": 588, "y": 408, "w": 213, "h": 189}, "object_present": true}, "P587--airpod-case--clutter--NA7C0LZkN7N1FkpqFh6cuIcKYairJXYakpyy9Pu6IM8-00191.jpg": {"object_bounding_box": {"x": 590, "y": 412, "w": 214, "h": 188}, "object_present": true}, "P587--airpod-case--clutter--NA7C0LZkN7N1FkpqFh6cuIcKYairJXYakpyy9Pu6IM8-00192.jpg": {"object_bounding_box": {"x": 592, "y": 415, "w": 213, "h": 187}, "object_present": true}, "P587--airpod-case--clutter--NA7C0LZkN7N1FkpqFh6cuIcKYairJXYakpyy9Pu6IM8-00193.jpg": {"object_bounding_box": {"x": 593, "y": 420, "w": 212, "h": 185}, "object_present": true}, "P587--airpod-case--clutter--NA7C0LZkN7N1FkpqFh6cuIcKYairJXYakpyy9Pu6IM8-00194.jpg": {"object_bounding_box": {"x": 590, "y": 426, "w": 212, "h": 185}, "object_present": true}, "P587--airpod-case--clutter--NA7C0LZkN7N1FkpqFh6cuIcKYairJXYakpyy9Pu6IM8-00195.jpg": {"object_bounding_box": {"x": 587, "y": 428, "w": 211, "h": 184}, "object_present": true}, "P587--airpod-case--clutter--NA7C0LZkN7N1FkpqFh6cuIcKYairJXYakpyy9Pu6IM8-00196.jpg": {"object_bounding_box": {"x": 585, "y": 430, "w": 211, "h": 182}, "object_present": true}, "P587--airpod-case--clutter--NA7C0LZkN7N1FkpqFh6cuIcKYairJXYakpyy9Pu6IM8-00197.jpg": {"object_bounding_box": {"x": 583, "y": 432, "w": 209, "h": 180}, "object_present": true}, "P587--airpod-case--clutter--NA7C0LZkN7N1FkpqFh6cuIcKYairJXYakpyy9Pu6IM8-00198.jpg": {"object_bounding_box": {"x": 581, "y": 432, "w": 208, "h": 181}, "object_present": true}, "P587--airpod-case--clutter--NA7C0LZkN7N1FkpqFh6cuIcKYairJXYakpyy9Pu6IM8-00199.jpg": {"object_bounding_box": {"x": 582, "y": 432, "w": 208, "h": 180}, "object_present": true}, "P587--airpod-case--clutter--NA7C0LZkN7N1FkpqFh6cuIcKYairJXYakpyy9Pu6IM8-00200.jpg": {"object_bounding_box": {"x": 582, "y": 433, "w": 206, "h": 180}, "object_present": true}, "P587--airpod-case--clutter--NA7C0LZkN7N1FkpqFh6cuIcKYairJXYakpyy9Pu6IM8-00201.jpg": {"object_bounding_box": {"x": 584, "y": 433, "w": 205, "h": 180}, "object_present": true}, "P587--airpod-case--clutter--NA7C0LZkN7N1FkpqFh6cuIcKYairJXYakpyy9Pu6IM8-00202.jpg": {"object_bounding_box": {"x": 586, "y": 436, "w": 205, "h": 178}, "object_present": true}, "P587--airpod-case--clutter--NA7C0LZkN7N1FkpqFh6cuIcKYairJXYakpyy9Pu6IM8-00203.jpg": {"object_bounding_box": {"x": 588, "y": 438, "w": 204, "h": 177}, "object_present": true}, "P587--airpod-case--clutter--NA7C0LZkN7N1FkpqFh6cuIcKYairJXYakpyy9Pu6IM8-00204.jpg": {"object_bounding_box": {"x": 591, "y": 437, "w": 204, "h": 178}, "object_present": true}, "P587--airpod-case--clutter--NA7C0LZkN7N1FkpqFh6cuIcKYairJXYakpyy9Pu6IM8-00205.jpg": {"object_bounding_box": {"x": 589, "y": 436, "w": 204, "h": 177}, "object_present": true}, "P587--airpod-case--clutter--NA7C0LZkN7N1FkpqFh6cuIcKYairJXYakpyy9Pu6IM8-00206.jpg": {"object_bounding_box": {"x": 589, "y": 436, "w": 203, "h": 177}, "object_present": true}, "P587--airpod-case--clutter--NA7C0LZkN7N1FkpqFh6cuIcKYairJXYakpyy9Pu6IM8-00207.jpg": {"object_bounding_box": {"x": 591, "y": 436, "w": 203, "h": 177}, "object_present": true}, "P587--airpod-case--clutter--NA7C0LZkN7N1FkpqFh6cuIcKYairJXYakpyy9Pu6IM8-00208.jpg": {"object_bounding_box": {"x": 594, "y": 437, "w": 203, "h": 177}, "object_present": true}, "P587--airpod-case--clutter--NA7C0LZkN7N1FkpqFh6cuIcKYairJXYakpyy9Pu6IM8-00209.jpg": {"object_bounding_box": {"x": 596, "y": 438, "w": 203, "h": 176}, "object_present": true}, "P587--airpod-case--clutter--NA7C0LZkN7N1FkpqFh6cuIcKYairJXYakpyy9Pu6IM8-00210.jpg": {"object_bounding_box": {"x": 592, "y": 443, "w": 202, "h": 175}, "object_present": true}, "P587--airpod-case--clutter--NA7C0LZkN7N1FkpqFh6cuIcKYairJXYakpyy9Pu6IM8-00211.jpg": {"object_bounding_box": {"x": 591, "y": 446, "w": 201, "h": 175}, "object_present": true}, "P587--airpod-case--clutter--NA7C0LZkN7N1FkpqFh6cuIcKYairJXYakpyy9Pu6IM8-00212.jpg": {"object_bounding_box": {"x": 593, "y": 447, "w": 200, "h": 175}, "object_present": true}, "P587--airpod-case--clutter--NA7C0LZkN7N1FkpqFh6cuIcKYairJXYakpyy9Pu6IM8-00213.jpg": {"object_bounding_box": {"x": 593, "y": 449, "w": 201, "h": 174}, "object_present": true}, "P587--airpod-case--clutter--NA7C0LZkN7N1FkpqFh6cuIcKYairJXYakpyy9Pu6IM8-00214.jpg": {"object_bounding_box": {"x": 594, "y": 450, "w": 200, "h": 174}, "object_present": true}, "P587--airpod-case--clutter--NA7C0LZkN7N1FkpqFh6cuIcKYairJXYakpyy9Pu6IM8-00215.jpg": {"object_bounding_box": {"x": 598, "y": 450, "w": 198, "h": 175}, "object_present": true}, "P587--airpod-case--clutter--NA7C0LZkN7N1FkpqFh6cuIcKYairJXYakpyy9Pu6IM8-00216.jpg": {"object_bounding_box": {"x": 600, "y": 450, "w": 198, "h": 173}, "object_present": true}, "P587--airpod-case--clutter--NA7C0LZkN7N1FkpqFh6cuIcKYairJXYakpyy9Pu6IM8-00217.jpg": {"object_bounding_box": {"x": 603, "y": 451, "w": 198, "h": 171}, "object_present": true}, "P587--airpod-case--clutter--NA7C0LZkN7N1FkpqFh6cuIcKYairJXYakpyy9Pu6IM8-00218.jpg": {"object_bounding_box": {"x": 608, "y": 449, "w": 198, "h": 173}, "object_present": true}, "P587--airpod-case--clutter--NA7C0LZkN7N1FkpqFh6cuIcKYairJXYakpyy9Pu6IM8-00219.jpg": {"object_bounding_box": {"x": 612, "y": 451, "w": 197, "h": 171}, "object_present": true}, "P587--airpod-case--clutter--NA7C0LZkN7N1FkpqFh6cuIcKYairJXYakpyy9Pu6IM8-00220.jpg": {"object_bounding_box": {"x": 615, "y": 453, "w": 196, "h": 172}, "object_present": true}, "P587--airpod-case--clutter--NA7C0LZkN7N1FkpqFh6cuIcKYairJXYakpyy9Pu6IM8-00221.jpg": {"object_bounding_box": {"x": 619, "y": 455, "w": 195, "h": 171}, "object_present": true}, "P587--airpod-case--clutter--NA7C0LZkN7N1FkpqFh6cuIcKYairJXYakpyy9Pu6IM8-00222.jpg": {"object_bounding_box": {"x": 621, "y": 457, "w": 195, "h": 169}, "object_present": true}, "P587--airpod-case--clutter--NA7C0LZkN7N1FkpqFh6cuIcKYairJXYakpyy9Pu6IM8-00223.jpg": {"object_bounding_box": {"x": 621, "y": 461, "w": 194, "h": 169}, "object_present": true}, "P587--airpod-case--clutter--NA7C0LZkN7N1FkpqFh6cuIcKYairJXYakpyy9Pu6IM8-00224.jpg": {"object_bounding_box": {"x": 623, "y": 462, "w": 193, "h": 168}, "object_present": true}, "P587--airpod-case--clutter--NA7C0LZkN7N1FkpqFh6cuIcKYairJXYakpyy9Pu6IM8-00225.jpg": {"object_bounding_box": {"x": 624, "y": 460, "w": 193, "h": 168}, "object_present": true}, "P587--airpod-case--clutter--NA7C0LZkN7N1FkpqFh6cuIcKYairJXYakpyy9Pu6IM8-00226.jpg": {"object_bounding_box": {"x": 624, "y": 460, "w": 191, "h": 168}, "object_present": true}, "P587--airpod-case--clutter--NA7C0LZkN7N1FkpqFh6cuIcKYairJXYakpyy9Pu6IM8-00227.jpg": {"object_bounding_box": {"x": 625, "y": 462, "w": 191, "h": 167}, "object_present": true}, "P587--airpod-case--clutter--NA7C0LZkN7N1FkpqFh6cuIcKYairJXYakpyy9Pu6IM8-00228.jpg": {"object_bounding_box": {"x": 626, "y": 465, "w": 190, "h": 165}, "object_present": true}, "P587--airpod-case--clutter--NA7C0LZkN7N1FkpqFh6cuIcKYairJXYakpyy9Pu6IM8-00229.jpg": {"object_bounding_box": {"x": 628, "y": 467, "w": 190, "h": 165}, "object_present": true}, "P587--airpod-case--clutter--NA7C0LZkN7N1FkpqFh6cuIcKYairJXYakpyy9Pu6IM8-00230.jpg": {"object_bounding_box": {"x": 630, "y": 470, "w": 188, "h": 165}, "object_present": true}, "P587--airpod-case--clutter--NA7C0LZkN7N1FkpqFh6cuIcKYairJXYakpyy9Pu6IM8-00231.jpg": {"object_bounding_box": {"x": 631, "y": 474, "w": 189, "h": 164}, "object_present": true}, "P587--airpod-case--clutter--NA7C0LZkN7N1FkpqFh6cuIcKYairJXYakpyy9Pu6IM8-00232.jpg": {"object_bounding_box": {"x": 632, "y": 477, "w": 188, "h": 163}, "object_present": true}, "P587--airpod-case--clutter--NA7C0LZkN7N1FkpqFh6cuIcKYairJXYakpyy9Pu6IM8-00233.jpg": {"object_bounding_box": {"x": 630, "y": 478, "w": 187, "h": 163}, "object_present": true}, "P587--airpod-case--clutter--NA7C0LZkN7N1FkpqFh6cuIcKYairJXYakpyy9Pu6IM8-00234.jpg": {"object_bounding_box": {"x": 629, "y": 479, "w": 187, "h": 163}, "object_present": true}, "P587--airpod-case--clutter--NA7C0LZkN7N1FkpqFh6cuIcKYairJXYakpyy9Pu6IM8-00235.jpg": {"object_bounding_box": {"x": 625, "y": 480, "w": 186, "h": 162}, "object_present": true}, "P587--airpod-case--clutter--NA7C0LZkN7N1FkpqFh6cuIcKYairJXYakpyy9Pu6IM8-00236.jpg": {"object_bounding_box": {"x": 621, "y": 481, "w": 185, "h": 160}, "object_present": true}, "P587--airpod-case--clutter--NA7C0LZkN7N1FkpqFh6cuIcKYairJXYakpyy9Pu6IM8-00237.jpg": {"object_bounding_box": {"x": 619, "y": 481, "w": 185, "h": 161}, "object_present": true}, "P587--airpod-case--clutter--NA7C0LZkN7N1FkpqFh6cuIcKYairJXYakpyy9Pu6IM8-00238.jpg": {"object_bounding_box": {"x": 617, "y": 482, "w": 185, "h": 161}, "object_present": true}, "P587--airpod-case--clutter--NA7C0LZkN7N1FkpqFh6cuIcKYairJXYakpyy9Pu6IM8-00239.jpg": {"object_bounding_box": {"x": 613, "y": 485, "w": 184, "h": 159}, "object_present": true}, "P587--airpod-case--clutter--NA7C0LZkN7N1FkpqFh6cuIcKYairJXYakpyy9Pu6IM8-00240.jpg": {"object_bounding_box": {"x": 610, "y": 483, "w": 183, "h": 159}, "object_present": true}, "P587--airpod-case--clutter--NA7C0LZkN7N1FkpqFh6cuIcKYairJXYakpyy9Pu6IM8-00241.jpg": {"object_bounding_box": {"x": 607, "y": 483, "w": 183, "h": 158}, "object_present": true}, "P587--airpod-case--clutter--NA7C0LZkN7N1FkpqFh6cuIcKYairJXYakpyy9Pu6IM8-00242.jpg": {"object_bounding_box": {"x": 604, "y": 484, "w": 182, "h": 158}, "object_present": true}, "P587--airpod-case--clutter--NA7C0LZkN7N1FkpqFh6cuIcKYairJXYakpyy9Pu6IM8-00243.jpg": {"object_bounding_box": {"x": 601, "y": 484, "w": 182, "h": 158}, "object_present": true}, "P587--airpod-case--clutter--NA7C0LZkN7N1FkpqFh6cuIcKYairJXYakpyy9Pu6IM8-00244.jpg": {"object_bounding_box": {"x": 603, "y": 484, "w": 180, "h": 158}, "object_present": true}, "P587--airpod-case--clutter--NA7C0LZkN7N1FkpqFh6cuIcKYairJXYakpyy9Pu6IM8-00245.jpg": {"object_bounding_box": {"x": 603, "y": 487, "w": 181, "h": 156}, "object_present": true}, "P587--airpod-case--clutter--NA7C0LZkN7N1FkpqFh6cuIcKYairJXYakpyy9Pu6IM8-00246.jpg": {"object_bounding_box": {"x": 602, "y": 491, "w": 180, "h": 157}, "object_present": true}, "P587--airpod-case--clutter--NA7C0LZkN7N1FkpqFh6cuIcKYairJXYakpyy9Pu6IM8-00247.jpg": {"object_bounding_box": {"x": 602, "y": 496, "w": 178, "h": 156}, "object_present": true}, "P587--airpod-case--clutter--NA7C0LZkN7N1FkpqFh6cuIcKYairJXYakpyy9Pu6IM8-00248.jpg": {"object_bounding_box": {"x": 604, "y": 498, "w": 177, "h": 155}, "object_present": true}, "P587--airpod-case--clutter--NA7C0LZkN7N1FkpqFh6cuIcKYairJXYakpyy9Pu6IM8-00249.jpg": {"object_bounding_box": {"x": 605, "y": 501, "w": 177, "h": 155}, "object_present": true}, "P587--airpod-case--clutter--NA7C0LZkN7N1FkpqFh6cuIcKYairJXYakpyy9Pu6IM8-00250.jpg": {"object_bounding_box": {"x": 604, "y": 506, "w": 177, "h": 153}, "object_present": true}, "P587--airpod-case--clutter--NA7C0LZkN7N1FkpqFh6cuIcKYairJXYakpyy9Pu6IM8-00251.jpg": {"object_bounding_box": {"x": 604, "y": 509, "w": 175, "h": 152}, "object_present": true}, "P587--airpod-case--clutter--NA7C0LZkN7N1FkpqFh6cuIcKYairJXYakpyy9Pu6IM8-00252.jpg": {"object_bounding_box": {"x": 604, "y": 511, "w": 175, "h": 152}, "object_present": true}, "P587--airpod-case--clutter--NA7C0LZkN7N1FkpqFh6cuIcKYairJXYakpyy9Pu6IM8-00253.jpg": {"object_bounding_box": {"x": 604, "y": 514, "w": 174, "h": 153}, "object_present": true}, "P587--airpod-case--clutter--NA7C0LZkN7N1FkpqFh6cuIcKYairJXYakpyy9Pu6IM8-00254.jpg": {"object_bounding_box": {"x": 603, "y": 517, "w": 173, "h": 151}, "object_present": true}, "P587--airpod-case--clutter--NA7C0LZkN7N1FkpqFh6cuIcKYairJXYakpyy9Pu6IM8-00255.jpg": {"object_bounding_box": {"x": 609, "y": 511, "w": 175, "h": 152}, "object_present": true}, "P587--airpod-case--clutter--NA7C0LZkN7N1FkpqFh6cuIcKYairJXYakpyy9Pu6IM8-00256.jpg": {"object_bounding_box": {"x": 615, "y": 507, "w": 174, "h": 150}, "object_present": true}, "P587--airpod-case--clutter--NA7C0LZkN7N1FkpqFh6cuIcKYairJXYakpyy9Pu6IM8-00257.jpg": {"object_bounding_box": {"x": 618, "y": 506, "w": 174, "h": 151}, "object_present": true}, "P587--airpod-case--clutter--NA7C0LZkN7N1FkpqFh6cuIcKYairJXYakpyy9Pu6IM8-00258.jpg": {"object_bounding_box": {"x": 611, "y": 507, "w": 174, "h": 151}, "object_present": true}, "P587--airpod-case--clutter--NA7C0LZkN7N1FkpqFh6cuIcKYairJXYakpyy9Pu6IM8-00259.jpg": {"object_bounding_box": {"x": 606, "y": 513, "w": 173, "h": 149}, "object_present": true}, "P587--airpod-case--clutter--NA7C0LZkN7N1FkpqFh6cuIcKYairJXYakpyy9Pu6IM8-00260.jpg": {"object_bounding_box": {"x": 605, "y": 512, "w": 171, "h": 149}, "object_present": true}, "P587--airpod-case--clutter--NA7C0LZkN7N1FkpqFh6cuIcKYairJXYakpyy9Pu6IM8-00261.jpg": {"object_bounding_box": {"x": 603, "y": 513, "w": 172, "h": 150}, "object_present": true}, "P587--airpod-case--clutter--NA7C0LZkN7N1FkpqFh6cuIcKYairJXYakpyy9Pu6IM8-00262.jpg": {"object_bounding_box": {"x": 601, "y": 514, "w": 171, "h": 150}, "object_present": true}, "P587--airpod-case--clutter--NA7C0LZkN7N1FkpqFh6cuIcKYairJXYakpyy9Pu6IM8-00263.jpg": {"object_bounding_box": {"x": 600, "y": 514, "w": 171, "h": 150}, "object_present": true}, "P587--airpod-case--clutter--NA7C0LZkN7N1FkpqFh6cuIcKYairJXYakpyy9Pu6IM8-00264.jpg": {"object_bounding_box": {"x": 599, "y": 513, "w": 169, "h": 149}, "object_present": true}, "P587--airpod-case--clutter--NA7C0LZkN7N1FkpqFh6cuIcKYairJXYakpyy9Pu6IM8-00265.jpg": {"object_bounding_box": {"x": 596, "y": 513, "w": 170, "h": 148}, "object_present": true}, "P587--airpod-case--clutter--NA7C0LZkN7N1FkpqFh6cuIcKYairJXYakpyy9Pu6IM8-00266.jpg": {"object_bounding_box": {"x": 593, "y": 513, "w": 168, "h": 149}, "object_present": true}, "P587--airpod-case--clutter--NA7C0LZkN7N1FkpqFh6cuIcKYairJXYakpyy9Pu6IM8-00267.jpg": {"object_bounding_box": {"x": 591, "y": 513, "w": 169, "h": 148}, "object_present": true}, "P587--airpod-case--clutter--NA7C0LZkN7N1FkpqFh6cuIcKYairJXYakpyy9Pu6IM8-00268.jpg": {"object_bounding_box": {"x": 591, "y": 514, "w": 168, "h": 147}, "object_present": true}, "P587--airpod-case--clutter--NA7C0LZkN7N1FkpqFh6cuIcKYairJXYakpyy9Pu6IM8-00269.jpg": {"object_bounding_box": {"x": 589, "y": 512, "w": 167, "h": 147}, "object_present": true}, "P587--airpod-case--clutter--NA7C0LZkN7N1FkpqFh6cuIcKYairJXYakpyy9Pu6IM8-00270.jpg": {"object_bounding_box": {"x": 588, "y": 511, "w": 166, "h": 146}, "object_present": true}, "P587--airpod-case--clutter--NA7C0LZkN7N1FkpqFh6cuIcKYairJXYakpyy9Pu6IM8-00271.jpg": {"object_bounding_box": {"x": 586, "y": 512, "w": 166, "h": 144}, "object_present": true}, "P587--airpod-case--clutter--NA7C0LZkN7N1FkpqFh6cuIcKYairJXYakpyy9Pu6IM8-00272.jpg": {"object_bounding_box": {"x": 585, "y": 512, "w": 164, "h": 145}, "object_present": true}, "P587--airpod-case--clutter--NA7C0LZkN7N1FkpqFh6cuIcKYairJXYakpyy9Pu6IM8-00273.jpg": {"object_bounding_box": {"x": 587, "y": 512, "w": 164, "h": 143}, "object_present": true}, "P587--airpod-case--clutter--NA7C0LZkN7N1FkpqFh6cuIcKYairJXYakpyy9Pu6IM8-00274.jpg": {"object_bounding_box": {"x": 588, "y": 513, "w": 164, "h": 143}, "object_present": true}, "P587--airpod-case--clutter--NA7C0LZkN7N1FkpqFh6cuIcKYairJXYakpyy9Pu6IM8-00275.jpg": {"object_bounding_box": {"x": 588, "y": 515, "w": 163, "h": 141}, "object_present": true}, "P587--airpod-case--clutter--NA7C0LZkN7N1FkpqFh6cuIcKYairJXYakpyy9Pu6IM8-00276.jpg": {"object_bounding_box": {"x": 592, "y": 516, "w": 163, "h": 142}, "object_present": true}, "P587--airpod-case--clutter--NA7C0LZkN7N1FkpqFh6cuIcKYairJXYakpyy9Pu6IM8-00277.jpg": {"object_bounding_box": {"x": 595, "y": 517, "w": 162, "h": 141}, "object_present": true}, "P587--airpod-case--clutter--NA7C0LZkN7N1FkpqFh6cuIcKYairJXYakpyy9Pu6IM8-00278.jpg": {"object_bounding_box": {"x": 599, "y": 516, "w": 162, "h": 141}, "object_present": true}, "P587--airpod-case--clutter--NA7C0LZkN7N1FkpqFh6cuIcKYairJXYakpyy9Pu6IM8-00279.jpg": {"object_bounding_box": {"x": 602, "y": 519, "w": 161, "h": 140}, "object_present": true}, "P587--airpod-case--clutter--NA7C0LZkN7N1FkpqFh6cuIcKYairJXYakpyy9Pu6IM8-00280.jpg": {"object_bounding_box": {"x": 602, "y": 521, "w": 161, "h": 140}, "object_present": true}, "P587--airpod-case--clutter--NA7C0LZkN7N1FkpqFh6cuIcKYairJXYakpyy9Pu6IM8-00281.jpg": {"object_bounding_box": {"x": 605, "y": 522, "w": 160, "h": 139}, "object_present": true}, "P587--airpod-case--clutter--NA7C0LZkN7N1FkpqFh6cuIcKYairJXYakpyy9Pu6IM8-00282.jpg": {"object_bounding_box": {"x": 605, "y": 522, "w": 160, "h": 139}, "object_present": true}, "P587--airpod-case--clutter--NA7C0LZkN7N1FkpqFh6cuIcKYairJXYakpyy9Pu6IM8-00283.jpg": {"object_bounding_box": {"x": 604, "y": 523, "w": 159, "h": 139}, "object_present": true}, "P587--airpod-case--clutter--NA7C0LZkN7N1FkpqFh6cuIcKYairJXYakpyy9Pu6IM8-00284.jpg": {"object_bounding_box": {"x": 605, "y": 524, "w": 159, "h": 138}, "object_present": true}, "P587--airpod-case--clutter--NA7C0LZkN7N1FkpqFh6cuIcKYairJXYakpyy9Pu6IM8-00285.jpg": {"object_bounding_box": {"x": 603, "y": 525, "w": 160, "h": 138}, "object_present": true}, "P587--airpod-case--clutter--NA7C0LZkN7N1FkpqFh6cuIcKYairJXYakpyy9Pu6IM8-00286.jpg": {"object_bounding_box": {"x": 603, "y": 528, "w": 159, "h": 138}, "object_present": true}, "P587--airpod-case--clutter--NA7C0LZkN7N1FkpqFh6cuIcKYairJXYakpyy9Pu6IM8-00287.jpg": {"object_bounding_box": {"x": 603, "y": 529, "w": 159, "h": 136}, "object_present": true}, "P587--airpod-case--clutter--NA7C0LZkN7N1FkpqFh6cuIcKYairJXYakpyy9Pu6IM8-00288.jpg": {"object_bounding_box": {"x": 604, "y": 530, "w": 158, "h": 137}, "object_present": true}, "P587--airpod-case--clutter--NA7C0LZkN7N1FkpqFh6cuIcKYairJXYakpyy9Pu6IM8-00289.jpg": {"object_bounding_box": {"x": 605, "y": 532, "w": 156, "h": 136}, "object_present": true}, "P587--airpod-case--clutter--NA7C0LZkN7N1FkpqFh6cuIcKYairJXYakpyy9Pu6IM8-00290.jpg": {"object_bounding_box": {"x": 606, "y": 532, "w": 156, "h": 136}, "object_present": true}, "P587--airpod-case--clutter--NA7C0LZkN7N1FkpqFh6cuIcKYairJXYakpyy9Pu6IM8-00291.jpg": {"object_bounding_box": {"x": 606, "y": 532, "w": 155, "h": 135}, "object_present": true}, "P587--airpod-case--clutter--NA7C0LZkN7N1FkpqFh6cuIcKYairJXYakpyy9Pu6IM8-00292.jpg": {"object_bounding_box": {"x": 607, "y": 532, "w": 154, "h": 134}, "object_present": true}, "P587--airpod-case--clutter--NA7C0LZkN7N1FkpqFh6cuIcKYairJXYakpyy9Pu6IM8-00293.jpg": {"object_bounding_box": {"x": 607, "y": 527, "w": 154, "h": 135}, "object_present": true}, "P587--airpod-case--clutter--NA7C0LZkN7N1FkpqFh6cuIcKYairJXYakpyy9Pu6IM8-00294.jpg": {"object_bounding_box": {"x": 606, "y": 523, "w": 156, "h": 135}, "object_present": true}, "P587--airpod-case--clutter--NA7C0LZkN7N1FkpqFh6cuIcKYairJXYakpyy9Pu6IM8-00295.jpg": {"object_bounding_box": {"x": 604, "y": 521, "w": 154, "h": 133}, "object_present": true}, "P587--airpod-case--clutter--NA7C0LZkN7N1FkpqFh6cuIcKYairJXYakpyy9Pu6IM8-00296.jpg": {"object_bounding_box": {"x": 605, "y": 519, "w": 153, "h": 133}, "object_present": true}, "P587--airpod-case--clutter--NA7C0LZkN7N1FkpqFh6cuIcKYairJXYakpyy9Pu6IM8-00297.jpg": {"object_bounding_box": {"x": 603, "y": 517, "w": 152, "h": 133}, "object_present": true}, "P587--airpod-case--clutter--NA7C0LZkN7N1FkpqFh6cuIcKYairJXYakpyy9Pu6IM8-00298.jpg": {"object_bounding_box": {"x": 597, "y": 520, "w": 153, "h": 132}, "object_present": true}, "P587--airpod-case--clutter--NA7C0LZkN7N1FkpqFh6cuIcKYairJXYakpyy9Pu6IM8-00299.jpg": {"object_bounding_box": {"x": 592, "y": 519, "w": 154, "h": 132}, "object_present": true}, "P587--airpod-case--clutter--NA7C0LZkN7N1FkpqFh6cuIcKYairJXYakpyy9Pu6IM8-00300.jpg": {"object_bounding_box": {"x": 591, "y": 523, "w": 151, "h": 130}, "object_present": true}, "P587--airpod-case--clutter--NA7C0LZkN7N1FkpqFh6cuIcKYairJXYakpyy9Pu6IM8-00301.jpg": {"object_bounding_box": {"x": 591, "y": 523, "w": 151, "h": 131}, "object_present": true}, "P587--airpod-case--clutter--NA7C0LZkN7N1FkpqFh6cuIcKYairJXYakpyy9Pu6IM8-00302.jpg": {"object_bounding_box": {"x": 592, "y": 520, "w": 151, "h": 130}, "object_present": true}, "P587--airpod-case--clutter--NA7C0LZkN7N1FkpqFh6cuIcKYairJXYakpyy9Pu6IM8-00303.jpg": {"object_bounding_box": {"x": 593, "y": 520, "w": 150, "h": 129}, "object_present": true}, "P587--airpod-case--clutter--NA7C0LZkN7N1FkpqFh6cuIcKYairJXYakpyy9Pu6IM8-00304.jpg": {"object_bounding_box": {"x": 594, "y": 524, "w": 149, "h": 131}, "object_present": true}, "P587--airpod-case--clutter--NA7C0LZkN7N1FkpqFh6cuIcKYairJXYakpyy9Pu6IM8-00305.jpg": {"object_bounding_box": {"x": 595, "y": 526, "w": 150, "h": 129}, "object_present": true}, "P587--airpod-case--clutter--NA7C0LZkN7N1FkpqFh6cuIcKYairJXYakpyy9Pu6IM8-00306.jpg": {"object_bounding_box": {"x": 594, "y": 532, "w": 149, "h": 129}, "object_present": true}, "P587--airpod-case--clutter--NA7C0LZkN7N1FkpqFh6cuIcKYairJXYakpyy9Pu6IM8-00307.jpg": {"object_bounding_box": {"x": 596, "y": 536, "w": 147, "h": 127}, "object_present": true}, "P587--airpod-case--clutter--NA7C0LZkN7N1FkpqFh6cuIcKYairJXYakpyy9Pu6IM8-00308.jpg": {"object_bounding_box": {"x": 599, "y": 533, "w": 148, "h": 129}, "object_present": true}, "P587--airpod-case--clutter--NA7C0LZkN7N1FkpqFh6cuIcKYairJXYakpyy9Pu6IM8-00309.jpg": {"object_bounding_box": {"x": 600, "y": 532, "w": 148, "h": 127}, "object_present": true}, "P587--airpod-case--clutter--NA7C0LZkN7N1FkpqFh6cuIcKYairJXYakpyy9Pu6IM8-00310.jpg": {"object_bounding_box": {"x": 603, "y": 535, "w": 147, "h": 127}, "object_present": true}, "P587--airpod-case--clutter--NA7C0LZkN7N1FkpqFh6cuIcKYairJXYakpyy9Pu6IM8-00311.jpg": {"object_bounding_box": {"x": 608, "y": 534, "w": 147, "h": 127}, "object_present": true}, "P587--airpod-case--clutter--NA7C0LZkN7N1FkpqFh6cuIcKYairJXYakpyy9Pu6IM8-00312.jpg": {"object_bounding_box": {"x": 611, "y": 535, "w": 146, "h": 126}, "object_present": true}, "P587--airpod-case--clutter--NA7C0LZkN7N1FkpqFh6cuIcKYairJXYakpyy9Pu6IM8-00313.jpg": {"object_bounding_box": {"x": 615, "y": 538, "w": 145, "h": 126}, "object_present": true}, "P587--airpod-case--clutter--NA7C0LZkN7N1FkpqFh6cuIcKYairJXYakpyy9Pu6IM8-00314.jpg": {"object_bounding_box": {"x": 615, "y": 538, "w": 146, "h": 126}, "object_present": true}, "P587--airpod-case--clutter--NA7C0LZkN7N1FkpqFh6cuIcKYairJXYakpyy9Pu6IM8-00315.jpg": {"object_bounding_box": {"x": 620, "y": 536, "w": 145, "h": 124}, "object_present": true}, "P587--airpod-case--clutter--NA7C0LZkN7N1FkpqFh6cuIcKYairJXYakpyy9Pu6IM8-00316.jpg": {"object_bounding_box": {"x": 622, "y": 535, "w": 144, "h": 125}, "object_present": true}, "P587--airpod-case--clutter--NA7C0LZkN7N1FkpqFh6cuIcKYairJXYakpyy9Pu6IM8-00317.jpg": {"object_bounding_box": {"x": 624, "y": 531, "w": 145, "h": 126}, "object_present": true}, "P587--airpod-case--clutter--NA7C0LZkN7N1FkpqFh6cuIcKYairJXYakpyy9Pu6IM8-00318.jpg": {"object_bounding_box": {"x": 627, "y": 530, "w": 144, "h": 124}, "object_present": true}, "P587--airpod-case--clutter--NA7C0LZkN7N1FkpqFh6cuIcKYairJXYakpyy9Pu6IM8-00319.jpg": {"object_bounding_box": {"x": 627, "y": 527, "w": 143, "h": 124}, "object_present": true}, "P587--airpod-case--clutter--NA7C0LZkN7N1FkpqFh6cuIcKYairJXYakpyy9Pu6IM8-00320.jpg": {"object_bounding_box": {"x": 627, "y": 530, "w": 143, "h": 122}, "object_present": true}, "P587--airpod-case--clutter--NA7C0LZkN7N1FkpqFh6cuIcKYairJXYakpyy9Pu6IM8-00321.jpg": {"object_bounding_box": {"x": 626, "y": 532, "w": 142, "h": 123}, "object_present": true}, "P587--airpod-case--clutter--NA7C0LZkN7N1FkpqFh6cuIcKYairJXYakpyy9Pu6IM8-00322.jpg": {"object_bounding_box": {"x": 625, "y": 533, "w": 142, "h": 123}, "object_present": true}, "P587--airpod-case--clutter--NA7C0LZkN7N1FkpqFh6cuIcKYairJXYakpyy9Pu6IM8-00323.jpg": {"object_bounding_box": {"x": 623, "y": 539, "w": 142, "h": 121}, "object_present": true}, "P587--airpod-case--clutter--NA7C0LZkN7N1FkpqFh6cuIcKYairJXYakpyy9Pu6IM8-00324.jpg": {"object_bounding_box": {"x": 620, "y": 543, "w": 141, "h": 121}, "object_present": true}, "P587--airpod-case--clutter--NA7C0LZkN7N1FkpqFh6cuIcKYairJXYakpyy9Pu6IM8-00325.jpg": {"object_bounding_box": {"x": 621, "y": 546, "w": 140, "h": 121}, "object_present": true}, "P587--airpod-case--clutter--NA7C0LZkN7N1FkpqFh6cuIcKYairJXYakpyy9Pu6IM8-00326.jpg": {"object_bounding_box": {"x": 620, "y": 550, "w": 140, "h": 121}, "object_present": true}, "P587--airpod-case--clutter--NA7C0LZkN7N1FkpqFh6cuIcKYairJXYakpyy9Pu6IM8-00327.jpg": {"object_bounding_box": {"x": 621, "y": 551, "w": 140, "h": 121}, "object_present": true}, "P587--airpod-case--clutter--NA7C0LZkN7N1FkpqFh6cuIcKYairJXYakpyy9Pu6IM8-00328.jpg": {"object_bounding_box": {"x": 623, "y": 550, "w": 140, "h": 120}, "object_present": true}, "P587--airpod-case--clutter--NA7C0LZkN7N1FkpqFh6cuIcKYairJXYakpyy9Pu6IM8-00329.jpg": {"object_bounding_box": {"x": 624, "y": 546, "w": 139, "h": 120}, "object_present": true}, "P587--airpod-case--clutter--NA7C0LZkN7N1FkpqFh6cuIcKYairJXYakpyy9Pu6IM8-00330.jpg": {"object_bounding_box": {"x": 622, "y": 547, "w": 139, "h": 120}, "object_present": true}, "P587--airpod-case--clutter--NA7C0LZkN7N1FkpqFh6cuIcKYairJXYakpyy9Pu6IM8-00331.jpg": {"object_bounding_box": {"x": 622, "y": 548, "w": 139, "h": 118}, "object_present": true}, "P587--airpod-case--clutter--NA7C0LZkN7N1FkpqFh6cuIcKYairJXYakpyy9Pu6IM8-00332.jpg": {"object_bounding_box": {"x": 620, "y": 548, "w": 139, "h": 118}, "object_present": true}, "P587--airpod-case--clutter--NA7C0LZkN7N1FkpqFh6cuIcKYairJXYakpyy9Pu6IM8-00333.jpg": {"object_bounding_box": {"x": 620, "y": 548, "w": 139, "h": 118}, "object_present": true}, "P587--airpod-case--clutter--NA7C0LZkN7N1FkpqFh6cuIcKYairJXYakpyy9Pu6IM8-00334.jpg": {"object_bounding_box": {"x": 621, "y": 551, "w": 137, "h": 119}, "object_present": true}, "P587--airpod-case--clutter--NA7C0LZkN7N1FkpqFh6cuIcKYairJXYakpyy9Pu6IM8-00335.jpg": {"object_bounding_box": {"x": 622, "y": 553, "w": 138, "h": 119}, "object_present": true}, "P587--airpod-case--clutter--NA7C0LZkN7N1FkpqFh6cuIcKYairJXYakpyy9Pu6IM8-00336.jpg": {"object_bounding_box": {"x": 623, "y": 556, "w": 137, "h": 117}, "object_present": true}, "P587--airpod-case--clutter--NA7C0LZkN7N1FkpqFh6cuIcKYairJXYakpyy9Pu6IM8-00337.jpg": {"object_bounding_box": {"x": 623, "y": 557, "w": 136, "h": 116}, "object_present": true}, "P587--airpod-case--clutter--NA7C0LZkN7N1FkpqFh6cuIcKYairJXYakpyy9Pu6IM8-00338.jpg": {"object_bounding_box": {"x": 620, "y": 560, "w": 136, "h": 117}, "object_present": true}, "P587--airpod-case--clutter--NA7C0LZkN7N1FkpqFh6cuIcKYairJXYakpyy9Pu6IM8-00339.jpg": {"object_bounding_box": {"x": 619, "y": 562, "w": 135, "h": 116}, "object_present": true}, "P587--airpod-case--clutter--NA7C0LZkN7N1FkpqFh6cuIcKYairJXYakpyy9Pu6IM8-00340.jpg": {"object_bounding_box": {"x": 621, "y": 561, "w": 135, "h": 115}, "object_present": true}, "P587--airpod-case--clutter--NA7C0LZkN7N1FkpqFh6cuIcKYairJXYakpyy9Pu6IM8-00341.jpg": {"object_bounding_box": {"x": 621, "y": 563, "w": 133, "h": 116}, "object_present": true}, "P587--airpod-case--clutter--NA7C0LZkN7N1FkpqFh6cuIcKYairJXYakpyy9Pu6IM8-00342.jpg": {"object_bounding_box": {"x": 621, "y": 562, "w": 134, "h": 115}, "object_present": true}, "P587--airpod-case--clutter--NA7C0LZkN7N1FkpqFh6cuIcKYairJXYakpyy9Pu6IM8-00343.jpg": {"object_bounding_box": {"x": 624, "y": 558, "w": 134, "h": 115}, "object_present": true}, "P587--airpod-case--clutter--NA7C0LZkN7N1FkpqFh6cuIcKYairJXYakpyy9Pu6IM8-00344.jpg": {"object_bounding_box": {"x": 628, "y": 557, "w": 134, "h": 114}, "object_present": true}, "P587--airpod-case--clutter--NA7C0LZkN7N1FkpqFh6cuIcKYairJXYakpyy9Pu6IM8-00345.jpg": {"object_bounding_box": {"x": 628, "y": 557, "w": 133, "h": 114}, "object_present": true}, "P587--airpod-case--clutter--NA7C0LZkN7N1FkpqFh6cuIcKYairJXYakpyy9Pu6IM8-00346.jpg": {"object_bounding_box": {"x": 628, "y": 554, "w": 133, "h": 113}, "object_present": true}, "P587--airpod-case--clutter--NA7C0LZkN7N1FkpqFh6cuIcKYairJXYakpyy9Pu6IM8-00347.jpg": {"object_bounding_box": {"x": 630, "y": 553, "w": 131, "h": 113}, "object_present": true}, "P587--airpod-case--clutter--NA7C0LZkN7N1FkpqFh6cuIcKYairJXYakpyy9Pu6IM8-00348.jpg": {"object_bounding_box": {"x": 630, "y": 553, "w": 133, "h": 112}, "object_present": true}, "P587--airpod-case--clutter--NA7C0LZkN7N1FkpqFh6cuIcKYairJXYakpyy9Pu6IM8-00349.jpg": {"object_bounding_box": {"x": 630, "y": 551, "w": 132, "h": 114}, "object_present": true}, "P587--airpod-case--clutter--NA7C0LZkN7N1FkpqFh6cuIcKYairJXYakpyy9Pu6IM8-00350.jpg": {"object_bounding_box": {"x": 629, "y": 551, "w": 132, "h": 113}, "object_present": true}, "P587--airpod-case--clutter--NA7C0LZkN7N1FkpqFh6cuIcKYairJXYakpyy9Pu6IM8-00351.jpg": {"object_bounding_box": {"x": 631, "y": 548, "w": 132, "h": 113}, "object_present": true}, "P587--airpod-case--clutter--NA7C0LZkN7N1FkpqFh6cuIcKYairJXYakpyy9Pu6IM8-00352.jpg": {"object_bounding_box": {"x": 635, "y": 540, "w": 132, "h": 114}, "object_present": true}, "P587--airpod-case--clutter--NA7C0LZkN7N1FkpqFh6cuIcKYairJXYakpyy9Pu6IM8-00353.jpg": {"object_bounding_box": {"x": 637, "y": 540, "w": 132, "h": 112}, "object_present": true}, "P587--airpod-case--clutter--NA7C0LZkN7N1FkpqFh6cuIcKYairJXYakpyy9Pu6IM8-00354.jpg": {"object_bounding_box": {"x": 634, "y": 541, "w": 132, "h": 113}, "object_present": true}, "P587--airpod-case--clutter--NA7C0LZkN7N1FkpqFh6cuIcKYairJXYakpyy9Pu6IM8-00355.jpg": {"object_bounding_box": {"x": 631, "y": 543, "w": 130, "h": 111}, "object_present": true}, "P587--airpod-case--clutter--NA7C0LZkN7N1FkpqFh6cuIcKYairJXYakpyy9Pu6IM8-00356.jpg": {"object_bounding_box": {"x": 628, "y": 541, "w": 130, "h": 110}, "object_present": true}, "P587--airpod-case--clutter--NA7C0LZkN7N1FkpqFh6cuIcKYairJXYakpyy9Pu6IM8-00357.jpg": {"object_bounding_box": {"x": 625, "y": 541, "w": 130, "h": 111}, "object_present": true}, "P587--airpod-case--clutter--NA7C0LZkN7N1FkpqFh6cuIcKYairJXYakpyy9Pu6IM8-00358.jpg": {"object_bounding_box": {"x": 621, "y": 540, "w": 130, "h": 110}, "object_present": true}, "P587--airpod-case--clutter--NA7C0LZkN7N1FkpqFh6cuIcKYairJXYakpyy9Pu6IM8-00359.jpg": {"object_bounding_box": {"x": 619, "y": 537, "w": 129, "h": 108}, "object_present": true}, "P587--airpod-case--clutter--NA7C0LZkN7N1FkpqFh6cuIcKYairJXYakpyy9Pu6IM8-00360.jpg": {"object_bounding_box": {"x": 619, "y": 536, "w": 129, "h": 108}, "object_present": true}, "P587--airpod-case--clutter--NA7C0LZkN7N1FkpqFh6cuIcKYairJXYakpyy9Pu6IM8-00361.jpg": {"object_bounding_box": {"x": 617, "y": 533, "w": 129, "h": 109}, "object_present": true}, "P587--airpod-case--clutter--NA7C0LZkN7N1FkpqFh6cuIcKYairJXYakpyy9Pu6IM8-00362.jpg": {"object_bounding_box": {"x": 617, "y": 528, "w": 127, "h": 108}, "object_present": true}, "P587--airpod-case--clutter--NA7C0LZkN7N1FkpqFh6cuIcKYairJXYakpyy9Pu6IM8-00363.jpg": {"object_bounding_box": {"x": 619, "y": 527, "w": 127, "h": 107}, "object_present": true}, "P587--airpod-case--clutter--NA7C0LZkN7N1FkpqFh6cuIcKYairJXYakpyy9Pu6IM8-00364.jpg": {"object_bounding_box": {"x": 616, "y": 522, "w": 127, "h": 108}, "object_present": true}, "P587--airpod-case--clutter--NA7C0LZkN7N1FkpqFh6cuIcKYairJXYakpyy9Pu6IM8-00365.jpg": {"object_bounding_box": {"x": 614, "y": 517, "w": 128, "h": 108}, "object_present": true}, "P587--airpod-case--clutter--NA7C0LZkN7N1FkpqFh6cuIcKYairJXYakpyy9Pu6IM8-00366.jpg": {"object_bounding_box": {"x": 614, "y": 512, "w": 127, "h": 107}, "object_present": true}, "P587--airpod-case--clutter--NA7C0LZkN7N1FkpqFh6cuIcKYairJXYakpyy9Pu6IM8-00367.jpg": {"object_bounding_box": {"x": 614, "y": 511, "w": 126, "h": 107}, "object_present": true}, "P587--airpod-case--clutter--NA7C0LZkN7N1FkpqFh6cuIcKYairJXYakpyy9Pu6IM8-00368.jpg": {"object_bounding_box": {"x": 615, "y": 511, "w": 125, "h": 107}, "object_present": true}, "P587--airpod-case--clutter--NA7C0LZkN7N1FkpqFh6cuIcKYairJXYakpyy9Pu6IM8-00369.jpg": {"object_bounding_box": {"x": 616, "y": 511, "w": 125, "h": 106}, "object_present": true}, "P587--airpod-case--clutter--NA7C0LZkN7N1FkpqFh6cuIcKYairJXYakpyy9Pu6IM8-00370.jpg": {"object_bounding_box": {"x": 616, "y": 510, "w": 126, "h": 106}, "object_present": true}, "P587--airpod-case--clutter--NA7C0LZkN7N1FkpqFh6cuIcKYairJXYakpyy9Pu6IM8-00371.jpg": {"object_bounding_box": {"x": 616, "y": 512, "w": 124, "h": 105}, "object_present": true}, "P587--airpod-case--clutter--NA7C0LZkN7N1FkpqFh6cuIcKYairJXYakpyy9Pu6IM8-00372.jpg": {"object_bounding_box": {"x": 616, "y": 512, "w": 124, "h": 104}, "object_present": true}, "P587--airpod-case--clutter--NA7C0LZkN7N1FkpqFh6cuIcKYairJXYakpyy9Pu6IM8-00373.jpg": {"object_bounding_box": {"x": 616, "y": 510, "w": 124, "h": 106}, "object_present": true}, "P587--airpod-case--clutter--NA7C0LZkN7N1FkpqFh6cuIcKYairJXYakpyy9Pu6IM8-00374.jpg": {"object_bounding_box": {"x": 616, "y": 513, "w": 124, "h": 103}, "object_present": true}, "P587--airpod-case--clutter--NA7C0LZkN7N1FkpqFh6cuIcKYairJXYakpyy9Pu6IM8-00375.jpg": {"object_bounding_box": {"x": 616, "y": 514, "w": 124, "h": 105}, "object_present": true}, "P587--airpod-case--clutter--NA7C0LZkN7N1FkpqFh6cuIcKYairJXYakpyy9Pu6IM8-00376.jpg": {"object_bounding_box": {"x": 616, "y": 514, "w": 124, "h": 105}, "object_present": true}, "P587--airpod-case--clutter--NA7C0LZkN7N1FkpqFh6cuIcKYairJXYakpyy9Pu6IM8-00377.jpg": {"object_bounding_box": {"x": 617, "y": 514, "w": 123, "h": 105}, "object_present": true}, "P587--airpod-case--clutter--NA7C0LZkN7N1FkpqFh6cuIcKYairJXYakpyy9Pu6IM8-00378.jpg": {"object_bounding_box": {"x": 615, "y": 516, "w": 122, "h": 104}, "object_present": true}, "P587--airpod-case--clutter--NA7C0LZkN7N1FkpqFh6cuIcKYairJXYakpyy9Pu6IM8-00379.jpg": {"object_bounding_box": {"x": 612, "y": 517, "w": 123, "h": 104}, "object_present": true}, "P587--airpod-case--clutter--NA7C0LZkN7N1FkpqFh6cuIcKYairJXYakpyy9Pu6IM8-00380.jpg": {"object_bounding_box": {"x": 608, "y": 515, "w": 123, "h": 102}, "object_present": true}, "P587--airpod-case--clutter--NA7C0LZkN7N1FkpqFh6cuIcKYairJXYakpyy9Pu6IM8-00381.jpg": {"object_bounding_box": {"x": 605, "y": 513, "w": 122, "h": 102}, "object_present": true}, "P587--airpod-case--clutter--NA7C0LZkN7N1FkpqFh6cuIcKYairJXYakpyy9Pu6IM8-00382.jpg": {"object_bounding_box": {"x": 607, "y": 514, "w": 122, "h": 102}, "object_present": true}, "P587--airpod-case--clutter--NA7C0LZkN7N1FkpqFh6cuIcKYairJXYakpyy9Pu6IM8-00383.jpg": {"object_bounding_box": {"x": 607, "y": 515, "w": 121, "h": 102}, "object_present": true}, "P587--airpod-case--clutter--NA7C0LZkN7N1FkpqFh6cuIcKYairJXYakpyy9Pu6IM8-00384.jpg": {"object_bounding_box": {"x": 608, "y": 515, "w": 121, "h": 101}, "object_present": true}, "P587--airpod-case--clutter--NA7C0LZkN7N1FkpqFh6cuIcKYairJXYakpyy9Pu6IM8-00385.jpg": {"object_bounding_box": {"x": 608, "y": 519, "w": 120, "h": 101}, "object_present": true}, "P587--airpod-case--clutter--NA7C0LZkN7N1FkpqFh6cuIcKYairJXYakpyy9Pu6IM8-00386.jpg": {"object_bounding_box": {"x": 607, "y": 523, "w": 120, "h": 100}, "object_present": true}, "P587--airpod-case--clutter--NA7C0LZkN7N1FkpqFh6cuIcKYairJXYakpyy9Pu6IM8-00387.jpg": {"object_bounding_box": {"x": 604, "y": 524, "w": 120, "h": 101}, "object_present": true}, "P587--airpod-case--clutter--NA7C0LZkN7N1FkpqFh6cuIcKYairJXYakpyy9Pu6IM8-00388.jpg": {"object_bounding_box": {"x": 604, "y": 522, "w": 119, "h": 101}, "object_present": true}, "P587--airpod-case--clutter--NA7C0LZkN7N1FkpqFh6cuIcKYairJXYakpyy9Pu6IM8-00389.jpg": {"object_bounding_box": {"x": 605, "y": 523, "w": 119, "h": 99}, "object_present": true}, "P587--airpod-case--clutter--NA7C0LZkN7N1FkpqFh6cuIcKYairJXYakpyy9Pu6IM8-00390.jpg": {"object_bounding_box": {"x": 605, "y": 524, "w": 119, "h": 100}, "object_present": true}, "P587--airpod-case--clutter--NA7C0LZkN7N1FkpqFh6cuIcKYairJXYakpyy9Pu6IM8-00391.jpg": {"object_bounding_box": {"x": 605, "y": 523, "w": 119, "h": 100}, "object_present": true}, "P587--airpod-case--clutter--NA7C0LZkN7N1FkpqFh6cuIcKYairJXYakpyy9Pu6IM8-00392.jpg": {"object_bounding_box": {"x": 606, "y": 522, "w": 118, "h": 99}, "object_present": true}, "P587--airpod-case--clutter--NA7C0LZkN7N1FkpqFh6cuIcKYairJXYakpyy9Pu6IM8-00393.jpg": {"object_bounding_box": {"x": 603, "y": 523, "w": 118, "h": 98}, "object_present": true}, "P587--airpod-case--clutter--NA7C0LZkN7N1FkpqFh6cuIcKYairJXYakpyy9Pu6IM8-00394.jpg": {"object_bounding_box": {"x": 602, "y": 524, "w": 118, "h": 99}, "object_present": true}, "P587--airpod-case--clutter--NA7C0LZkN7N1FkpqFh6cuIcKYairJXYakpyy9Pu6IM8-00395.jpg": {"object_bounding_box": {"x": 602, "y": 524, "w": 118, "h": 99}, "object_present": true}, "P587--airpod-case--clutter--NA7C0LZkN7N1FkpqFh6cuIcKYairJXYakpyy9Pu6IM8-00396.jpg": {"object_bounding_box": {"x": 602, "y": 526, "w": 118, "h": 98}, "object_present": true}, "P587--airpod-case--clutter--NA7C0LZkN7N1FkpqFh6cuIcKYairJXYakpyy9Pu6IM8-00397.jpg": {"object_bounding_box": {"x": 603, "y": 528, "w": 117, "h": 98}, "object_present": true}, "P587--airpod-case--clutter--NA7C0LZkN7N1FkpqFh6cuIcKYairJXYakpyy9Pu6IM8-00398.jpg": {"object_bounding_box": {"x": 603, "y": 528, "w": 117, "h": 98}, "object_present": true}, "P587--airpod-case--clutter--NA7C0LZkN7N1FkpqFh6cuIcKYairJXYakpyy9Pu6IM8-00399.jpg": {"object_bounding_box": {"x": 603, "y": 527, "w": 117, "h": 98}, "object_present": true}, "P587--airpod-case--clutter--NA7C0LZkN7N1FkpqFh6cuIcKYairJXYakpyy9Pu6IM8-00400.jpg": {"object_bounding_box": {"x": 602, "y": 528, "w": 116, "h": 97}, "object_present": true}, "P587--airpod-case--clutter--NA7C0LZkN7N1FkpqFh6cuIcKYairJXYakpyy9Pu6IM8-00401.jpg": {"object_bounding_box": {"x": 601, "y": 529, "w": 116, "h": 99}, "object_present": true}, "P587--airpod-case--clutter--NA7C0LZkN7N1FkpqFh6cuIcKYairJXYakpyy9Pu6IM8-00402.jpg": {"object_bounding_box": {"x": 601, "y": 529, "w": 116, "h": 99}, "object_present": true}, "P587--airpod-case--clutter--NA7C0LZkN7N1FkpqFh6cuIcKYairJXYakpyy9Pu6IM8-00403.jpg": {"object_bounding_box": {"x": 601, "y": 528, "w": 116, "h": 97}, "object_present": true}, "P587--airpod-case--clutter--NA7C0LZkN7N1FkpqFh6cuIcKYairJXYakpyy9Pu6IM8-00404.jpg": {"object_bounding_box": {"x": 601, "y": 527, "w": 116, "h": 97}, "object_present": true}, "P587--airpod-case--clutter--NA7C0LZkN7N1FkpqFh6cuIcKYairJXYakpyy9Pu6IM8-00405.jpg": {"object_bounding_box": {"x": 604, "y": 525, "w": 117, "h": 97}, "object_present": true}, "P587--airpod-case--clutter--NA7C0LZkN7N1FkpqFh6cuIcKYairJXYakpyy9Pu6IM8-00406.jpg": {"object_bounding_box": {"x": 605, "y": 522, "w": 116, "h": 97}, "object_present": true}, "P587--airpod-case--clutter--NA7C0LZkN7N1FkpqFh6cuIcKYairJXYakpyy9Pu6IM8-00407.jpg": {"object_bounding_box": {"x": 604, "y": 521, "w": 116, "h": 97}, "object_present": true}, "P587--airpod-case--clutter--NA7C0LZkN7N1FkpqFh6cuIcKYairJXYakpyy9Pu6IM8-00408.jpg": {"object_bounding_box": {"x": 603, "y": 523, "w": 116, "h": 97}, "object_present": true}, "P587--airpod-case--clutter--NA7C0LZkN7N1FkpqFh6cuIcKYairJXYakpyy9Pu6IM8-00409.jpg": {"object_bounding_box": {"x": 604, "y": 522, "w": 116, "h": 96}, "object_present": true}, "P587--airpod-case--clutter--NA7C0LZkN7N1FkpqFh6cuIcKYairJXYakpyy9Pu6IM8-00410.jpg": {"object_bounding_box": {"x": 604, "y": 519, "w": 117, "h": 96}, "object_present": true}, "P587--airpod-case--clutter--NA7C0LZkN7N1FkpqFh6cuIcKYairJXYakpyy9Pu6IM8-00411.jpg": {"object_bounding_box": {"x": 605, "y": 517, "w": 116, "h": 97}, "object_present": true}, "P587--airpod-case--clutter--NA7C0LZkN7N1FkpqFh6cuIcKYairJXYakpyy9Pu6IM8-00412.jpg": {"object_bounding_box": {"x": 605, "y": 517, "w": 116, "h": 97}, "object_present": true}, "P587--airpod-case--clutter--NA7C0LZkN7N1FkpqFh6cuIcKYairJXYakpyy9Pu6IM8-00413.jpg": {"object_bounding_box": {"x": 604, "y": 515, "w": 116, "h": 96}, "object_present": true}, "P587--airpod-case--clutter--NA7C0LZkN7N1FkpqFh6cuIcKYairJXYakpyy9Pu6IM8-00414.jpg": {"object_bounding_box": {"x": 604, "y": 515, "w": 116, "h": 96}, "object_present": true}, "P587--airpod-case--clutter--NA7C0LZkN7N1FkpqFh6cuIcKYairJXYakpyy9Pu6IM8-00415.jpg": {"object_bounding_box": {"x": 602, "y": 518, "w": 116, "h": 96}, "object_present": true}, "P587--airpod-case--clutter--NA7C0LZkN7N1FkpqFh6cuIcKYairJXYakpyy9Pu6IM8-00416.jpg": {"object_bounding_box": {"x": 600, "y": 519, "w": 116, "h": 96}, "object_present": true}, "P587--airpod-case--clutter--NA7C0LZkN7N1FkpqFh6cuIcKYairJXYakpyy9Pu6IM8-00417.jpg": {"object_bounding_box": {"x": 601, "y": 518, "w": 117, "h": 96}, "object_present": true}, "P587--airpod-case--clutter--NA7C0LZkN7N1FkpqFh6cuIcKYairJXYakpyy9Pu6IM8-00418.jpg": {"object_bounding_box": {"x": 602, "y": 519, "w": 116, "h": 98}, "object_present": true}, "P587--airpod-case--clutter--NA7C0LZkN7N1FkpqFh6cuIcKYairJXYakpyy9Pu6IM8-00419.jpg": {"object_bounding_box": {"x": 602, "y": 520, "w": 116, "h": 97}, "object_present": true}, "P587--airpod-case--clutter--NA7C0LZkN7N1FkpqFh6cuIcKYairJXYakpyy9Pu6IM8-00420.jpg": {"object_bounding_box": {"x": 603, "y": 522, "w": 116, "h": 95}, "object_present": true}, "P587--airpod-case--clutter--NA7C0LZkN7N1FkpqFh6cuIcKYairJXYakpyy9Pu6IM8-00421.jpg": {"object_bounding_box": {"x": 602, "y": 526, "w": 116, "h": 96}, "object_present": true}, "P587--airpod-case--clutter--NA7C0LZkN7N1FkpqFh6cuIcKYairJXYakpyy9Pu6IM8-00422.jpg": {"object_bounding_box": {"x": 603, "y": 528, "w": 115, "h": 96}, "object_present": true}, "P587--airpod-case--clutter--NA7C0LZkN7N1FkpqFh6cuIcKYairJXYakpyy9Pu6IM8-00423.jpg": {"object_bounding_box": {"x": 604, "y": 528, "w": 114, "h": 97}, "object_present": true}, "P587--airpod-case--clutter--NA7C0LZkN7N1FkpqFh6cuIcKYairJXYakpyy9Pu6IM8-00424.jpg": {"object_bounding_box": {"x": 603, "y": 530, "w": 115, "h": 95}, "object_present": true}, "P587--airpod-case--clutter--NA7C0LZkN7N1FkpqFh6cuIcKYairJXYakpyy9Pu6IM8-00425.jpg": {"object_bounding_box": {"x": 601, "y": 528, "w": 115, "h": 95}, "object_present": true}, "P587--airpod-case--clutter--NA7C0LZkN7N1FkpqFh6cuIcKYairJXYakpyy9Pu6IM8-00426.jpg": {"object_bounding_box": {"x": 599, "y": 529, "w": 115, "h": 95}, "object_present": true}, "P587--airpod-case--clutter--NA7C0LZkN7N1FkpqFh6cuIcKYairJXYakpyy9Pu6IM8-00427.jpg": {"object_bounding_box": {"x": 599, "y": 529, "w": 114, "h": 95}, "object_present": true}, "P587--airpod-case--clutter--NA7C0LZkN7N1FkpqFh6cuIcKYairJXYakpyy9Pu6IM8-00428.jpg": {"object_bounding_box": {"x": 594, "y": 529, "w": 115, "h": 95}, "object_present": true}, "P587--airpod-case--clutter--NA7C0LZkN7N1FkpqFh6cuIcKYairJXYakpyy9Pu6IM8-00429.jpg": {"object_bounding_box": {"x": 590, "y": 532, "w": 114, "h": 95}, "object_present": true}, "P587--airpod-case--clutter--NA7C0LZkN7N1FkpqFh6cuIcKYairJXYakpyy9Pu6IM8-00430.jpg": {"object_bounding_box": {"x": 587, "y": 536, "w": 114, "h": 96}, "object_present": true}, "P587--airpod-case--clutter--NA7C0LZkN7N1FkpqFh6cuIcKYairJXYakpyy9Pu6IM8-00431.jpg": {"object_bounding_box": {"x": 581, "y": 537, "w": 115, "h": 95}, "object_present": true}, "P587--airpod-case--clutter--NA7C0LZkN7N1FkpqFh6cuIcKYairJXYakpyy9Pu6IM8-00432.jpg": {"object_bounding_box": {"x": 580, "y": 541, "w": 114, "h": 95}, "object_present": true}, "P587--airpod-case--clutter--NA7C0LZkN7N1FkpqFh6cuIcKYairJXYakpyy9Pu6IM8-00433.jpg": {"object_bounding_box": {"x": 584, "y": 540, "w": 113, "h": 95}, "object_present": true}, "P587--airpod-case--clutter--NA7C0LZkN7N1FkpqFh6cuIcKYairJXYakpyy9Pu6IM8-00434.jpg": {"object_bounding_box": {"x": 584, "y": 540, "w": 113, "h": 94}, "object_present": true}, "P587--airpod-case--clutter--NA7C0LZkN7N1FkpqFh6cuIcKYairJXYakpyy9Pu6IM8-00435.jpg": {"object_bounding_box": {"x": 585, "y": 540, "w": 113, "h": 94}, "object_present": true}, "P587--airpod-case--clutter--NA7C0LZkN7N1FkpqFh6cuIcKYairJXYakpyy9Pu6IM8-00436.jpg": {"object_bounding_box": {"x": 587, "y": 537, "w": 114, "h": 94}, "object_present": true}, "P587--airpod-case--clutter--NA7C0LZkN7N1FkpqFh6cuIcKYairJXYakpyy9Pu6IM8-00437.jpg": {"object_bounding_box": {"x": 590, "y": 537, "w": 113, "h": 95}, "object_present": true}, "P587--airpod-case--clutter--NA7C0LZkN7N1FkpqFh6cuIcKYairJXYakpyy9Pu6IM8-00438.jpg": {"object_bounding_box": {"x": 594, "y": 537, "w": 113, "h": 94}, "object_present": true}, "P587--airpod-case--clutter--NA7C0LZkN7N1FkpqFh6cuIcKYairJXYakpyy9Pu6IM8-00439.jpg": {"object_bounding_box": {"x": 596, "y": 534, "w": 114, "h": 93}, "object_present": true}, "P587--airpod-case--clutter--NA7C0LZkN7N1FkpqFh6cuIcKYairJXYakpyy9Pu6IM8-00440.jpg": {"object_bounding_box": {"x": 599, "y": 531, "w": 113, "h": 94}, "object_present": true}, "P587--airpod-case--clutter--NA7C0LZkN7N1FkpqFh6cuIcKYairJXYakpyy9Pu6IM8-00441.jpg": {"object_bounding_box": {"x": 598, "y": 531, "w": 113, "h": 93}, "object_present": true}, "P587--airpod-case--clutter--NA7C0LZkN7N1FkpqFh6cuIcKYairJXYakpyy9Pu6IM8-00442.jpg": {"object_bounding_box": {"x": 600, "y": 531, "w": 113, "h": 93}, "object_present": true}, "P587--airpod-case--clutter--NA7C0LZkN7N1FkpqFh6cuIcKYairJXYakpyy9Pu6IM8-00443.jpg": {"object_bounding_box": {"x": 605, "y": 539, "w": 112, "h": 94}, "object_present": true}, "P587--airpod-case--clutter--NA7C0LZkN7N1FkpqFh6cuIcKYairJXYakpyy9Pu6IM8-00444.jpg": {"object_bounding_box": {"x": 605, "y": 541, "w": 113, "h": 93}, "object_present": true}, "P587--airpod-case--clutter--NA7C0LZkN7N1FkpqFh6cuIcKYairJXYakpyy9Pu6IM8-00445.jpg": {"object_bounding_box": {"x": 607, "y": 537, "w": 113, "h": 94}, "object_present": true}, "P587--airpod-case--clutter--NA7C0LZkN7N1FkpqFh6cuIcKYairJXYakpyy9Pu6IM8-00446.jpg": {"object_bounding_box": {"x": 610, "y": 529, "w": 113, "h": 94}, "object_present": true}, "P587--airpod-case--clutter--NA7C0LZkN7N1FkpqFh6cuIcKYairJXYakpyy9Pu6IM8-00447.jpg": {"object_bounding_box": {"x": 608, "y": 527, "w": 116, "h": 95}, "object_present": true}, "P587--airpod-case--clutter--NA7C0LZkN7N1FkpqFh6cuIcKYairJXYakpyy9Pu6IM8-00448.jpg": {"object_bounding_box": {"x": 607, "y": 539, "w": 112, "h": 94}, "object_present": true}, "P587--airpod-case--clutter--NA7C0LZkN7N1FkpqFh6cuIcKYairJXYakpyy9Pu6IM8-00449.jpg": {"object_bounding_box": {"x": 610, "y": 540, "w": 113, "h": 94}, "object_present": true}, "P587--airpod-case--clutter--NA7C0LZkN7N1FkpqFh6cuIcKYairJXYakpyy9Pu6IM8-00450.jpg": {"object_bounding_box": {"x": 607, "y": 539, "w": 112, "h": 93}, "object_present": true}, "P587--airpod-case--clutter--NA7C0LZkN7N1FkpqFh6cuIcKYairJXYakpyy9Pu6IM8-00451.jpg": {"object_bounding_box": {"x": 607, "y": 536, "w": 113, "h": 93}, "object_present": true}, "P587--airpod-case--clutter--NA7C0LZkN7N1FkpqFh6cuIcKYairJXYakpyy9Pu6IM8-00452.jpg": {"object_bounding_box": {"x": 602, "y": 533, "w": 115, "h": 93}, "object_present": true}, "P587--airpod-case--clutter--NA7C0LZkN7N1FkpqFh6cuIcKYairJXYakpyy9Pu6IM8-00453.jpg": {"object_bounding_box": {"x": 600, "y": 532, "w": 113, "h": 94}, "object_present": true}, "P587--airpod-case--clutter--NA7C0LZkN7N1FkpqFh6cuIcKYairJXYakpyy9Pu6IM8-00454.jpg": {"object_bounding_box": {"x": 601, "y": 532, "w": 113, "h": 95}, "object_present": true}, "P587--airpod-case--clutter--NA7C0LZkN7N1FkpqFh6cuIcKYairJXYakpyy9Pu6IM8-00455.jpg": {"object_bounding_box": {"x": 600, "y": 532, "w": 112, "h": 93}, "object_present": true}}