{"P613--phone-charger--clutter--bxNiZRJO3u_prsZK_CbwbQLRATwmYa7TohruymgQDZw-00001.jpg": {"object_bounding_box": {"x": 988, "y": 376, "w": 92, "h": 382}, "object_present": true}, "P613--phone-charger--clutter--bxNiZRJO3u_prsZK_CbwbQLRATwmYa7TohruymgQDZw-00002.jpg": {"object_bounding_box": {"x": 977, "y": 371, "w": 103, "h": 390}, "object_present": true}, "P613--phone-charger--clutter--bxNiZRJO3u_prsZK_CbwbQLRATwmYa7TohruymgQDZw-00003.jpg": {"object_bounding_box": {"x": 969, "y": 358, "w": 111, "h": 404}, "object_present": true}, "P613--phone-charger--clutter--bxNiZRJO3u_prsZK_CbwbQLRATwmYa7TohruymgQDZw-00004.jpg": {"object_bounding_box": {"x": 966, "y": 350, "w": 114, "h": 412}, "object_present": true}, "P613--phone-charger--clutter--bxNiZRJO3u_prsZK_CbwbQLRATwmYa7TohruymgQDZw-00005.jpg": {"object_bounding_box": {"x": 956, "y": 339, "w": 124, "h": 428}, "object_present": true}, "P613--phone-charger--clutter--bxNiZRJO3u_prsZK_CbwbQLRATwmYa7TohruymgQDZw-00006.jpg": {"object_bounding_box": {"x": 946, "y": 328, "w": 134, "h": 440}, "object_present": true}, "P613--phone-charger--clutter--bxNiZRJO3u_prsZK_CbwbQLRATwmYa7TohruymgQDZw-00007.jpg": {"object_bounding_box": {"x": 944, "y": 315, "w": 136, "h": 451}, "object_present": true}, "P613--phone-charger--clutter--bxNiZRJO3u_prsZK_CbwbQLRATwmYa7TohruymgQDZw-00008.jpg": {"object_bounding_box": {"x": 942, "y": 315, "w": 138, "h": 451}, "object_present": true}, "P613--phone-charger--clutter--bxNiZRJO3u_prsZK_CbwbQLRATwmYa7TohruymgQDZw-00009.jpg": {"object_bounding_box": {"x": 934, "y": 316, "w": 146, "h": 445}, "object_present": true}, "P613--phone-charger--clutter--bxNiZRJO3u_prsZK_CbwbQLRATwmYa7TohruymgQDZw-00010.jpg": {"object_bounding_box": {"x": 928, "y": 306, "w": 152, "h": 452}, "object_present": true}, "P613--phone-charger--clutter--bxNiZRJO3u_prsZK_CbwbQLRATwmYa7TohruymgQDZw-00011.jpg": {"object_bounding_box": {"x": 922, "y": 292, "w": 158, "h": 458}, "object_present": true}, "P613--phone-charger--clutter--bxNiZRJO3u_prsZK_CbwbQLRATwmYa7TohruymgQDZw-00012.jpg": {"object_bounding_box": {"x": 919, "y": 280, "w": 161, "h": 463}, "object_present": true}, "P613--phone-charger--clutter--bxNiZRJO3u_prsZK_CbwbQLRATwmYa7TohruymgQDZw-00013.jpg": {"object_bounding_box": {"x": 914, "y": 279, "w": 166, "h": 453}, "object_present": true}, "P613--phone-charger--clutter--bxNiZRJO3u_prsZK_CbwbQLRATwmYa7TohruymgQDZw-00014.jpg": {"object_bounding_box": {"x": 912, "y": 275, "w": 168, "h": 449}, "object_present": true}, "P613--phone-charger--clutter--bxNiZRJO3u_prsZK_CbwbQLRATwmYa7TohruymgQDZw-00015.jpg": {"object_bounding_box": {"x": 912, "y": 271, "w": 168, "h": 445}, "object_present": true}, "P613--phone-charger--clutter--bxNiZRJO3u_prsZK_CbwbQLRATwmYa7TohruymgQDZw-00016.jpg": {"object_bounding_box": {"x": 912, "y": 265, "w": 168, "h": 441}, "object_present": true}, "P613--phone-charger--clutter--bxNiZRJO3u_prsZK_CbwbQLRATwmYa7TohruymgQDZw-00017.jpg": {"object_bounding_box": {"x": 906, "y": 257, "w": 174, "h": 441}, "object_present": true}, "P613--phone-charger--clutter--bxNiZRJO3u_prsZK_CbwbQLRATwmYa7TohruymgQDZw-00018.jpg": {"object_bounding_box": {"x": 900, "y": 253, "w": 180, "h": 639}, "object_present": true}, "P613--phone-charger--clutter--bxNiZRJO3u_prsZK_CbwbQLRATwmYa7TohruymgQDZw-00019.jpg": {"object_bounding_box": {"x": 899, "y": 254, "w": 181, "h": 644}, "object_present": true}, "P613--phone-charger--clutter--bxNiZRJO3u_prsZK_CbwbQLRATwmYa7TohruymgQDZw-00020.jpg": {"object_bounding_box": {"x": 892, "y": 248, "w": 188, "h": 663}, "object_present": true}, "P613--phone-charger--clutter--bxNiZRJO3u_prsZK_CbwbQLRATwmYa7TohruymgQDZw-00021.jpg": {"object_bounding_box": {"x": 888, "y": 239, "w": 192, "h": 791}, "object_present": true}, "P613--phone-charger--clutter--bxNiZRJO3u_prsZK_CbwbQLRATwmYa7TohruymgQDZw-00022.jpg": {"object_bounding_box": {"x": 888, "y": 241, "w": 192, "h": 839}, "object_present": true}, "P613--phone-charger--clutter--bxNiZRJO3u_prsZK_CbwbQLRATwmYa7TohruymgQDZw-00023.jpg": {"object_bounding_box": {"x": 888, "y": 244, "w": 192, "h": 836}, "object_present": true}, "P613--phone-charger--clutter--bxNiZRJO3u_prsZK_CbwbQLRATwmYa7TohruymgQDZw-00024.jpg": {"object_bounding_box": {"x": 878, "y": 236, "w": 202, "h": 844}, "object_present": true}, "P613--phone-charger--clutter--bxNiZRJO3u_prsZK_CbwbQLRATwmYa7TohruymgQDZw-00025.jpg": {"object_bounding_box": {"x": 871, "y": 237, "w": 209, "h": 843}, "object_present": true}, "P613--phone-charger--clutter--bxNiZRJO3u_prsZK_CbwbQLRATwmYa7TohruymgQDZw-00026.jpg": {"object_bounding_box": {"x": 871, "y": 230, "w": 209, "h": 850}, "object_present": true}, "P613--phone-charger--clutter--bxNiZRJO3u_prsZK_CbwbQLRATwmYa7TohruymgQDZw-00027.jpg": {"object_bounding_box": {"x": 871, "y": 229, "w": 209, "h": 851}, "object_present": true}, "P613--phone-charger--clutter--bxNiZRJO3u_prsZK_CbwbQLRATwmYa7TohruymgQDZw-00028.jpg": {"object_bounding_box": {"x": 864, "y": 230, "w": 216, "h": 850}, "object_present": true}, "P613--phone-charger--clutter--bxNiZRJO3u_prsZK_CbwbQLRATwmYa7TohruymgQDZw-00029.jpg": {"object_bounding_box": {"x": 864, "y": 225, "w": 216, "h": 855}, "object_present": true}, "P613--phone-charger--clutter--bxNiZRJO3u_prsZK_CbwbQLRATwmYa7TohruymgQDZw-00030.jpg": {"object_bounding_box": {"x": 864, "y": 224, "w": 216, "h": 856}, "object_present": true}, "P613--phone-charger--clutter--bxNiZRJO3u_prsZK_CbwbQLRATwmYa7TohruymgQDZw-00031.jpg": {"object_bounding_box": {"x": 860, "y": 222, "w": 220, "h": 858}, "object_present": true}, "P613--phone-charger--clutter--bxNiZRJO3u_prsZK_CbwbQLRATwmYa7TohruymgQDZw-00032.jpg": {"object_bounding_box": {"x": 853, "y": 222, "w": 227, "h": 858}, "object_present": true}, "P613--phone-charger--clutter--bxNiZRJO3u_prsZK_CbwbQLRATwmYa7TohruymgQDZw-00033.jpg": {"object_bounding_box": {"x": 848, "y": 225, "w": 232, "h": 855}, "object_present": true}, "P613--phone-charger--clutter--bxNiZRJO3u_prsZK_CbwbQLRATwmYa7TohruymgQDZw-00034.jpg": {"object_bounding_box": {"x": 844, "y": 231, "w": 236, "h": 849}, "object_present": true}, "P613--phone-charger--clutter--bxNiZRJO3u_prsZK_CbwbQLRATwmYa7TohruymgQDZw-00035.jpg": {"object_bounding_box": {"x": 842, "y": 231, "w": 238, "h": 849}, "object_present": true}, "P613--phone-charger--clutter--bxNiZRJO3u_prsZK_CbwbQLRATwmYa7TohruymgQDZw-00036.jpg": {"object_bounding_box": {"x": 842, "y": 235, "w": 238, "h": 845}, "object_present": true}, "P613--phone-charger--clutter--bxNiZRJO3u_prsZK_CbwbQLRATwmYa7TohruymgQDZw-00037.jpg": {"object_bounding_box": {"x": 841, "y": 244, "w": 239, "h": 836}, "object_present": true}, "P613--phone-charger--clutter--bxNiZRJO3u_prsZK_CbwbQLRATwmYa7TohruymgQDZw-00038.jpg": {"object_bounding_box": {"x": 837, "y": 246, "w": 243, "h": 834}, "object_present": true}, "P613--phone-charger--clutter--bxNiZRJO3u_prsZK_CbwbQLRATwmYa7TohruymgQDZw-00039.jpg": {"object_bounding_box": {"x": 835, "y": 257, "w": 245, "h": 823}, "object_present": true}, "P613--phone-charger--clutter--bxNiZRJO3u_prsZK_CbwbQLRATwmYa7TohruymgQDZw-00040.jpg": {"object_bounding_box": {"x": 838, "y": 264, "w": 242, "h": 816}, "object_present": true}, "P613--phone-charger--clutter--bxNiZRJO3u_prsZK_CbwbQLRATwmYa7TohruymgQDZw-00041.jpg": {"object_bounding_box": {"x": 838, "y": 271, "w": 242, "h": 809}, "object_present": true}, "P613--phone-charger--clutter--bxNiZRJO3u_prsZK_CbwbQLRATwmYa7TohruymgQDZw-00042.jpg": {"object_bounding_box": {"x": 832, "y": 269, "w": 248, "h": 811}, "object_present": true}, "P613--phone-charger--clutter--bxNiZRJO3u_prsZK_CbwbQLRATwmYa7TohruymgQDZw-00043.jpg": {"object_bounding_box": {"x": 824, "y": 262, "w": 256, "h": 818}, "object_present": true}, "P613--phone-charger--clutter--bxNiZRJO3u_prsZK_CbwbQLRATwmYa7TohruymgQDZw-00044.jpg": {"object_bounding_box": {"x": 821, "y": 268, "w": 259, "h": 812}, "object_present": true}, "P613--phone-charger--clutter--bxNiZRJO3u_prsZK_CbwbQLRATwmYa7TohruymgQDZw-00045.jpg": {"object_bounding_box": {"x": 817, "y": 270, "w": 263, "h": 810}, "object_present": true}, "P613--phone-charger--clutter--bxNiZRJO3u_prsZK_CbwbQLRATwmYa7TohruymgQDZw-00046.jpg": {"object_bounding_box": {"x": 811, "y": 264, "w": 269, "h": 816}, "object_present": true}, "P613--phone-charger--clutter--bxNiZRJO3u_prsZK_CbwbQLRATwmYa7TohruymgQDZw-00047.jpg": {"object_bounding_box": {"x": 813, "y": 268, "w": 267, "h": 812}, "object_present": true}, "P613--phone-charger--clutter--bxNiZRJO3u_prsZK_CbwbQLRATwmYa7TohruymgQDZw-00048.jpg": {"object_bounding_box": {"x": 813, "y": 270, "w": 267, "h": 810}, "object_present": true}, "P613--phone-charger--clutter--bxNiZRJO3u_prsZK_CbwbQLRATwmYa7TohruymgQDZw-00049.jpg": {"object_bounding_box": {"x": 809, "y": 276, "w": 271, "h": 804}, "object_present": true}, "P613--phone-charger--clutter--bxNiZRJO3u_prsZK_CbwbQLRATwmYa7TohruymgQDZw-00050.jpg": {"object_bounding_box": {"x": 809, "y": 276, "w": 271, "h": 804}, "object_present": true}, "P613--phone-charger--clutter--bxNiZRJO3u_prsZK_CbwbQLRATwmYa7TohruymgQDZw-00051.jpg": {"object_bounding_box": {"x": 813, "y": 278, "w": 267, "h": 802}, "object_present": true}, "P613--phone-charger--clutter--bxNiZRJO3u_prsZK_CbwbQLRATwmYa7TohruymgQDZw-00052.jpg": {"object_bounding_box": {"x": 813, "y": 278, "w": 267, "h": 802}, "object_present": true}, "P613--phone-charger--clutter--bxNiZRJO3u_prsZK_CbwbQLRATwmYa7TohruymgQDZw-00053.jpg": {"object_bounding_box": {"x": 813, "y": 278, "w": 267, "h": 802}, "object_present": true}, "P613--phone-charger--clutter--bxNiZRJO3u_prsZK_CbwbQLRATwmYa7TohruymgQDZw-00054.jpg": {"object_bounding_box": {"x": 818, "y": 277, "w": 262, "h": 803}, "object_present": true}, "P613--phone-charger--clutter--bxNiZRJO3u_prsZK_CbwbQLRATwmYa7TohruymgQDZw-00055.jpg": {"object_bounding_box": {"x": 822, "y": 276, "w": 258, "h": 804}, "object_present": true}, "P613--phone-charger--clutter--bxNiZRJO3u_prsZK_CbwbQLRATwmYa7TohruymgQDZw-00056.jpg": {"object_bounding_box": {"x": 822, "y": 276, "w": 258, "h": 804}, "object_present": true}, "P613--phone-charger--clutter--bxNiZRJO3u_prsZK_CbwbQLRATwmYa7TohruymgQDZw-00057.jpg": {"object_bounding_box": {"x": 820, "y": 275, "w": 260, "h": 805}, "object_present": true}, "P613--phone-charger--clutter--bxNiZRJO3u_prsZK_CbwbQLRATwmYa7TohruymgQDZw-00058.jpg": {"object_bounding_box": {"x": 827, "y": 272, "w": 253, "h": 808}, "object_present": true}, "P613--phone-charger--clutter--bxNiZRJO3u_prsZK_CbwbQLRATwmYa7TohruymgQDZw-00059.jpg": {"object_bounding_box": {"x": 830, "y": 270, "w": 250, "h": 810}, "object_present": true}, "P613--phone-charger--clutter--bxNiZRJO3u_prsZK_CbwbQLRATwmYa7TohruymgQDZw-00060.jpg": {"object_bounding_box": {"x": 825, "y": 276, "w": 255, "h": 804}, "object_present": true}, "P613--phone-charger--clutter--bxNiZRJO3u_prsZK_CbwbQLRATwmYa7TohruymgQDZw-00061.jpg": {"object_bounding_box": {"x": 821, "y": 273, "w": 259, "h": 807}, "object_present": true}, "P613--phone-charger--clutter--bxNiZRJO3u_prsZK_CbwbQLRATwmYa7TohruymgQDZw-00062.jpg": {"object_bounding_box": {"x": 821, "y": 273, "w": 259, "h": 807}, "object_present": true}, "P613--phone-charger--clutter--bxNiZRJO3u_prsZK_CbwbQLRATwmYa7TohruymgQDZw-00063.jpg": {"object_bounding_box": {"x": 818, "y": 276, "w": 262, "h": 804}, "object_present": true}, "P613--phone-charger--clutter--bxNiZRJO3u_prsZK_CbwbQLRATwmYa7TohruymgQDZw-00064.jpg": {"object_bounding_box": {"x": 813, "y": 275, "w": 267, "h": 805}, "object_present": true}, "P613--phone-charger--clutter--bxNiZRJO3u_prsZK_CbwbQLRATwmYa7TohruymgQDZw-00065.jpg": {"object_bounding_box": {"x": 811, "y": 273, "w": 269, "h": 807}, "object_present": true}, "P613--phone-charger--clutter--bxNiZRJO3u_prsZK_CbwbQLRATwmYa7TohruymgQDZw-00066.jpg": {"object_bounding_box": {"x": 811, "y": 273, "w": 269, "h": 807}, "object_present": true}, "P613--phone-charger--clutter--bxNiZRJO3u_prsZK_CbwbQLRATwmYa7TohruymgQDZw-00067.jpg": {"object_bounding_box": {"x": 810, "y": 279, "w": 270, "h": 801}, "object_present": true}, "P613--phone-charger--clutter--bxNiZRJO3u_prsZK_CbwbQLRATwmYa7TohruymgQDZw-00068.jpg": {"object_bounding_box": {"x": 809, "y": 281, "w": 271, "h": 799}, "object_present": true}, "P613--phone-charger--clutter--bxNiZRJO3u_prsZK_CbwbQLRATwmYa7TohruymgQDZw-00069.jpg": {"object_bounding_box": {"x": 809, "y": 283, "w": 271, "h": 797}, "object_present": true}, "P613--phone-charger--clutter--bxNiZRJO3u_prsZK_CbwbQLRATwmYa7TohruymgQDZw-00070.jpg": {"object_bounding_box": {"x": 809, "y": 284, "w": 271, "h": 796}, "object_present": true}, "P613--phone-charger--clutter--bxNiZRJO3u_prsZK_CbwbQLRATwmYa7TohruymgQDZw-00071.jpg": {"object_bounding_box": {"x": 809, "y": 284, "w": 271, "h": 796}, "object_present": true}, "P613--phone-charger--clutter--bxNiZRJO3u_prsZK_CbwbQLRATwmYa7TohruymgQDZw-00072.jpg": {"object_bounding_box": {"x": 809, "y": 290, "w": 271, "h": 790}, "object_present": true}, "P613--phone-charger--clutter--bxNiZRJO3u_prsZK_CbwbQLRATwmYa7TohruymgQDZw-00073.jpg": {"object_bounding_box": {"x": 804, "y": 294, "w": 276, "h": 786}, "object_present": true}, "P613--phone-charger--clutter--bxNiZRJO3u_prsZK_CbwbQLRATwmYa7TohruymgQDZw-00074.jpg": {"object_bounding_box": {"x": 799, "y": 300, "w": 281, "h": 780}, "object_present": true}, "P613--phone-charger--clutter--bxNiZRJO3u_prsZK_CbwbQLRATwmYa7TohruymgQDZw-00075.jpg": {"object_bounding_box": {"x": 796, "y": 302, "w": 280, "h": 778}, "object_present": true}, "P613--phone-charger--clutter--bxNiZRJO3u_prsZK_CbwbQLRATwmYa7TohruymgQDZw-00076.jpg": {"object_bounding_box": {"x": 796, "y": 303, "w": 278, "h": 777}, "object_present": true}, "P613--phone-charger--clutter--bxNiZRJO3u_prsZK_CbwbQLRATwmYa7TohruymgQDZw-00077.jpg": {"object_bounding_box": {"x": 796, "y": 305, "w": 274, "h": 775}, "object_present": true}, "P613--phone-charger--clutter--bxNiZRJO3u_prsZK_CbwbQLRATwmYa7TohruymgQDZw-00078.jpg": {"object_bounding_box": {"x": 793, "y": 310, "w": 273, "h": 770}, "object_present": true}, "P613--phone-charger--clutter--bxNiZRJO3u_prsZK_CbwbQLRATwmYa7TohruymgQDZw-00079.jpg": {"object_bounding_box": {"x": 791, "y": 315, "w": 269, "h": 765}, "object_present": true}, "P613--phone-charger--clutter--bxNiZRJO3u_prsZK_CbwbQLRATwmYa7TohruymgQDZw-00080.jpg": {"object_bounding_box": {"x": 785, "y": 320, "w": 265, "h": 760}, "object_present": true}, "P613--phone-charger--clutter--bxNiZRJO3u_prsZK_CbwbQLRATwmYa7TohruymgQDZw-00081.jpg": {"object_bounding_box": {"x": 784, "y": 324, "w": 264, "h": 756}, "object_present": true}, "P613--phone-charger--clutter--bxNiZRJO3u_prsZK_CbwbQLRATwmYa7TohruymgQDZw-00082.jpg": {"object_bounding_box": {"x": 782, "y": 326, "w": 261, "h": 754}, "object_present": true}, "P613--phone-charger--clutter--bxNiZRJO3u_prsZK_CbwbQLRATwmYa7TohruymgQDZw-00083.jpg": {"object_bounding_box": {"x": 782, "y": 331, "w": 258, "h": 749}, "object_present": true}, "P613--phone-charger--clutter--bxNiZRJO3u_prsZK_CbwbQLRATwmYa7TohruymgQDZw-00084.jpg": {"object_bounding_box": {"x": 782, "y": 334, "w": 257, "h": 746}, "object_present": true}, "P613--phone-charger--clutter--bxNiZRJO3u_prsZK_CbwbQLRATwmYa7TohruymgQDZw-00085.jpg": {"object_bounding_box": {"x": 785, "y": 334, "w": 255, "h": 746}, "object_present": true}, "P613--phone-charger--clutter--bxNiZRJO3u_prsZK_CbwbQLRATwmYa7TohruymgQDZw-00086.jpg": {"object_bounding_box": {"x": 788, "y": 336, "w": 251, "h": 744}, "object_present": true}, "P613--phone-charger--clutter--bxNiZRJO3u_prsZK_CbwbQLRATwmYa7TohruymgQDZw-00087.jpg": {"object_bounding_box": {"x": 785, "y": 336, "w": 251, "h": 744}, "object_present": true}, "P613--phone-charger--clutter--bxNiZRJO3u_prsZK_CbwbQLRATwmYa7TohruymgQDZw-00088.jpg": {"object_bounding_box": {"x": 782, "y": 338, "w": 248, "h": 742}, "object_present": true}, "P613--phone-charger--clutter--bxNiZRJO3u_prsZK_CbwbQLRATwmYa7TohruymgQDZw-00089.jpg": {"object_bounding_box": {"x": 782, "y": 342, "w": 248, "h": 738}, "object_present": true}, "P613--phone-charger--clutter--bxNiZRJO3u_prsZK_CbwbQLRATwmYa7TohruymgQDZw-00090.jpg": {"object_bounding_box": {"x": 783, "y": 342, "w": 247, "h": 738}, "object_present": true}, "P613--phone-charger--clutter--bxNiZRJO3u_prsZK_CbwbQLRATwmYa7TohruymgQDZw-00091.jpg": {"object_bounding_box": {"x": 778, "y": 340, "w": 251, "h": 740}, "object_present": true}, "P613--phone-charger--clutter--bxNiZRJO3u_prsZK_CbwbQLRATwmYa7TohruymgQDZw-00092.jpg": {"object_bounding_box": {"x": 774, "y": 340, "w": 256, "h": 740}, "object_present": true}, "P613--phone-charger--clutter--bxNiZRJO3u_prsZK_CbwbQLRATwmYa7TohruymgQDZw-00093.jpg": {"object_bounding_box": {"x": 769, "y": 338, "w": 258, "h": 742}, "object_present": true}, "P613--phone-charger--clutter--bxNiZRJO3u_prsZK_CbwbQLRATwmYa7TohruymgQDZw-00094.jpg": {"object_bounding_box": {"x": 765, "y": 339, "w": 260, "h": 741}, "object_present": true}, "P613--phone-charger--clutter--bxNiZRJO3u_prsZK_CbwbQLRATwmYa7TohruymgQDZw-00095.jpg": {"object_bounding_box": {"x": 765, "y": 341, "w": 257, "h": 739}, "object_present": true}, "P613--phone-charger--clutter--bxNiZRJO3u_prsZK_CbwbQLRATwmYa7TohruymgQDZw-00096.jpg": {"object_bounding_box": {"x": 763, "y": 341, "w": 256, "h": 739}, "object_present": true}, "P613--phone-charger--clutter--bxNiZRJO3u_prsZK_CbwbQLRATwmYa7TohruymgQDZw-00097.jpg": {"object_bounding_box": {"x": 747, "y": 338, "w": 262, "h": 742}, "object_present": true}, "P613--phone-charger--clutter--bxNiZRJO3u_prsZK_CbwbQLRATwmYa7TohruymgQDZw-00098.jpg": {"object_bounding_box": {"x": 742, "y": 336, "w": 260, "h": 744}, "object_present": true}, "P613--phone-charger--clutter--bxNiZRJO3u_prsZK_CbwbQLRATwmYa7TohruymgQDZw-00099.jpg": {"object_bounding_box": {"x": 738, "y": 334, "w": 266, "h": 746}, "object_present": true}, "P613--phone-charger--clutter--bxNiZRJO3u_prsZK_CbwbQLRATwmYa7TohruymgQDZw-00100.jpg": {"object_bounding_box": {"x": 737, "y": 333, "w": 270, "h": 747}, "object_present": true}, "P613--phone-charger--clutter--bxNiZRJO3u_prsZK_CbwbQLRATwmYa7TohruymgQDZw-00101.jpg": {"object_bounding_box": {"x": 737, "y": 333, "w": 270, "h": 747}, "object_present": true}, "P613--phone-charger--clutter--bxNiZRJO3u_prsZK_CbwbQLRATwmYa7TohruymgQDZw-00102.jpg": {"object_bounding_box": {"x": 741, "y": 336, "w": 268, "h": 744}, "object_present": true}, "P613--phone-charger--clutter--bxNiZRJO3u_prsZK_CbwbQLRATwmYa7TohruymgQDZw-00103.jpg": {"object_bounding_box": {"x": 745, "y": 336, "w": 268, "h": 744}, "object_present": true}, "P613--phone-charger--clutter--bxNiZRJO3u_prsZK_CbwbQLRATwmYa7TohruymgQDZw-00104.jpg": {"object_bounding_box": {"x": 747, "y": 342, "w": 265, "h": 738}, "object_present": true}, "P613--phone-charger--clutter--bxNiZRJO3u_prsZK_CbwbQLRATwmYa7TohruymgQDZw-00105.jpg": {"object_bounding_box": {"x": 747, "y": 348, "w": 263, "h": 732}, "object_present": true}, "P613--phone-charger--clutter--bxNiZRJO3u_prsZK_CbwbQLRATwmYa7TohruymgQDZw-00106.jpg": {"object_bounding_box": {"x": 747, "y": 354, "w": 261, "h": 726}, "object_present": true}, "P613--phone-charger--clutter--bxNiZRJO3u_prsZK_CbwbQLRATwmYa7TohruymgQDZw-00107.jpg": {"object_bounding_box": {"x": 746, "y": 354, "w": 261, "h": 726}, "object_present": true}, "P613--phone-charger--clutter--bxNiZRJO3u_prsZK_CbwbQLRATwmYa7TohruymgQDZw-00108.jpg": {"object_bounding_box": {"x": 745, "y": 354, "w": 257, "h": 726}, "object_present": true}, "P613--phone-charger--clutter--bxNiZRJO3u_prsZK_CbwbQLRATwmYa7TohruymgQDZw-00109.jpg": {"object_bounding_box": {"x": 743, "y": 360, "w": 252, "h": 720}, "object_present": true}, "P613--phone-charger--clutter--bxNiZRJO3u_prsZK_CbwbQLRATwmYa7TohruymgQDZw-00110.jpg": {"object_bounding_box": {"x": 741, "y": 361, "w": 251, "h": 719}, "object_present": true}, "P613--phone-charger--clutter--bxNiZRJO3u_prsZK_CbwbQLRATwmYa7TohruymgQDZw-00111.jpg": {"object_bounding_box": {"x": 739, "y": 364, "w": 248, "h": 716}, "object_present": true}, "P613--phone-charger--clutter--bxNiZRJO3u_prsZK_CbwbQLRATwmYa7TohruymgQDZw-00112.jpg": {"object_bounding_box": {"x": 727, "y": 366, "w": 247, "h": 714}, "object_present": true}, "P613--phone-charger--clutter--bxNiZRJO3u_prsZK_CbwbQLRATwmYa7TohruymgQDZw-00113.jpg": {"object_bounding_box": {"x": 720, "y": 370, "w": 243, "h": 710}, "object_present": true}, "P613--phone-charger--clutter--bxNiZRJO3u_prsZK_CbwbQLRATwmYa7TohruymgQDZw-00114.jpg": {"object_bounding_box": {"x": 718, "y": 376, "w": 237, "h": 704}, "object_present": true}, "P613--phone-charger--clutter--bxNiZRJO3u_prsZK_CbwbQLRATwmYa7TohruymgQDZw-00115.jpg": {"object_bounding_box": {"x": 713, "y": 380, "w": 236, "h": 700}, "object_present": true}, "P613--phone-charger--clutter--bxNiZRJO3u_prsZK_CbwbQLRATwmYa7TohruymgQDZw-00116.jpg": {"object_bounding_box": {"x": 709, "y": 384, "w": 236, "h": 696}, "object_present": true}, "P613--phone-charger--clutter--bxNiZRJO3u_prsZK_CbwbQLRATwmYa7TohruymgQDZw-00117.jpg": {"object_bounding_box": {"x": 703, "y": 389, "w": 236, "h": 691}, "object_present": true}, "P613--phone-charger--clutter--bxNiZRJO3u_prsZK_CbwbQLRATwmYa7TohruymgQDZw-00118.jpg": {"object_bounding_box": {"x": 704, "y": 391, "w": 232, "h": 689}, "object_present": true}, "P613--phone-charger--clutter--bxNiZRJO3u_prsZK_CbwbQLRATwmYa7TohruymgQDZw-00119.jpg": {"object_bounding_box": {"x": 699, "y": 393, "w": 232, "h": 687}, "object_present": true}, "P613--phone-charger--clutter--bxNiZRJO3u_prsZK_CbwbQLRATwmYa7TohruymgQDZw-00120.jpg": {"object_bounding_box": {"x": 699, "y": 398, "w": 230, "h": 682}, "object_present": true}, "P613--phone-charger--clutter--bxNiZRJO3u_prsZK_CbwbQLRATwmYa7TohruymgQDZw-00121.jpg": {"object_bounding_box": {"x": 699, "y": 400, "w": 229, "h": 680}, "object_present": true}, "P613--phone-charger--clutter--bxNiZRJO3u_prsZK_CbwbQLRATwmYa7TohruymgQDZw-00122.jpg": {"object_bounding_box": {"x": 692, "y": 398, "w": 229, "h": 682}, "object_present": true}, "P613--phone-charger--clutter--bxNiZRJO3u_prsZK_CbwbQLRATwmYa7TohruymgQDZw-00123.jpg": {"object_bounding_box": {"x": 681, "y": 394, "w": 231, "h": 686}, "object_present": true}, "P613--phone-charger--clutter--bxNiZRJO3u_prsZK_CbwbQLRATwmYa7TohruymgQDZw-00124.jpg": {"object_bounding_box": {"x": 675, "y": 394, "w": 231, "h": 686}, "object_present": true}, "P613--phone-charger--clutter--bxNiZRJO3u_prsZK_CbwbQLRATwmYa7TohruymgQDZw-00125.jpg": {"object_bounding_box": {"x": 673, "y": 392, "w": 231, "h": 688}, "object_present": true}, "P613--phone-charger--clutter--bxNiZRJO3u_prsZK_CbwbQLRATwmYa7TohruymgQDZw-00126.jpg": {"object_bounding_box": {"x": 669, "y": 392, "w": 231, "h": 688}, "object_present": true}, "P613--phone-charger--clutter--bxNiZRJO3u_prsZK_CbwbQLRATwmYa7TohruymgQDZw-00127.jpg": {"object_bounding_box": {"x": 667, "y": 393, "w": 231, "h": 687}, "object_present": true}, "P613--phone-charger--clutter--bxNiZRJO3u_prsZK_CbwbQLRATwmYa7TohruymgQDZw-00128.jpg": {"object_bounding_box": {"x": 668, "y": 397, "w": 231, "h": 683}, "object_present": true}, "P613--phone-charger--clutter--bxNiZRJO3u_prsZK_CbwbQLRATwmYa7TohruymgQDZw-00129.jpg": {"object_bounding_box": {"x": 670, "y": 400, "w": 231, "h": 680}, "object_present": true}, "P613--phone-charger--clutter--bxNiZRJO3u_prsZK_CbwbQLRATwmYa7TohruymgQDZw-00130.jpg": {"object_bounding_box": {"x": 668, "y": 404, "w": 227, "h": 676}, "object_present": true}, "P613--phone-charger--clutter--bxNiZRJO3u_prsZK_CbwbQLRATwmYa7TohruymgQDZw-00131.jpg": {"object_bounding_box": {"x": 660, "y": 411, "w": 220, "h": 669}, "object_present": true}, "P613--phone-charger--clutter--bxNiZRJO3u_prsZK_CbwbQLRATwmYa7TohruymgQDZw-00132.jpg": {"object_bounding_box": {"x": 656, "y": 417, "w": 214, "h": 663}, "object_present": true}, "P613--phone-charger--clutter--bxNiZRJO3u_prsZK_CbwbQLRATwmYa7TohruymgQDZw-00133.jpg": {"object_bounding_box": {"x": 657, "y": 423, "w": 214, "h": 657}, "object_present": true}, "P613--phone-charger--clutter--bxNiZRJO3u_prsZK_CbwbQLRATwmYa7TohruymgQDZw-00134.jpg": {"object_bounding_box": {"x": 659, "y": 423, "w": 214, "h": 657}, "object_present": true}, "P613--phone-charger--clutter--bxNiZRJO3u_prsZK_CbwbQLRATwmYa7TohruymgQDZw-00135.jpg": {"object_bounding_box": {"x": 657, "y": 426, "w": 212, "h": 654}, "object_present": true}, "P613--phone-charger--clutter--bxNiZRJO3u_prsZK_CbwbQLRATwmYa7TohruymgQDZw-00136.jpg": {"object_bounding_box": {"x": 655, "y": 429, "w": 212, "h": 651}, "object_present": true}, "P613--phone-charger--clutter--bxNiZRJO3u_prsZK_CbwbQLRATwmYa7TohruymgQDZw-00137.jpg": {"object_bounding_box": {"x": 656, "y": 431, "w": 208, "h": 649}, "object_present": true}, "P613--phone-charger--clutter--bxNiZRJO3u_prsZK_CbwbQLRATwmYa7TohruymgQDZw-00138.jpg": {"object_bounding_box": {"x": 656, "y": 426, "w": 211, "h": 654}, "object_present": true}, "P613--phone-charger--clutter--bxNiZRJO3u_prsZK_CbwbQLRATwmYa7TohruymgQDZw-00139.jpg": {"object_bounding_box": {"x": 657, "y": 426, "w": 211, "h": 654}, "object_present": true}, "P613--phone-charger--clutter--bxNiZRJO3u_prsZK_CbwbQLRATwmYa7TohruymgQDZw-00140.jpg": {"object_bounding_box": {"x": 657, "y": 428, "w": 209, "h": 652}, "object_present": true}, "P613--phone-charger--clutter--bxNiZRJO3u_prsZK_CbwbQLRATwmYa7TohruymgQDZw-00141.jpg": {"object_bounding_box": {"x": 655, "y": 426, "w": 209, "h": 654}, "object_present": true}, "P613--phone-charger--clutter--bxNiZRJO3u_prsZK_CbwbQLRATwmYa7TohruymgQDZw-00142.jpg": {"object_bounding_box": {"x": 647, "y": 426, "w": 218, "h": 654}, "object_present": true}, "P613--phone-charger--clutter--bxNiZRJO3u_prsZK_CbwbQLRATwmYa7TohruymgQDZw-00143.jpg": {"object_bounding_box": {"x": 658, "y": 431, "w": 207, "h": 649}, "object_present": true}, "P613--phone-charger--clutter--bxNiZRJO3u_prsZK_CbwbQLRATwmYa7TohruymgQDZw-00144.jpg": {"object_bounding_box": {"x": 658, "y": 433, "w": 205, "h": 647}, "object_present": true}, "P613--phone-charger--clutter--bxNiZRJO3u_prsZK_CbwbQLRATwmYa7TohruymgQDZw-00145.jpg": {"object_bounding_box": {"x": 651, "y": 431, "w": 204, "h": 649}, "object_present": true}, "P613--phone-charger--clutter--bxNiZRJO3u_prsZK_CbwbQLRATwmYa7TohruymgQDZw-00146.jpg": {"object_bounding_box": {"x": 641, "y": 428, "w": 204, "h": 652}, "object_present": true}, "P613--phone-charger--clutter--bxNiZRJO3u_prsZK_CbwbQLRATwmYa7TohruymgQDZw-00147.jpg": {"object_bounding_box": {"x": 637, "y": 431, "w": 200, "h": 649}, "object_present": true}, "P613--phone-charger--clutter--bxNiZRJO3u_prsZK_CbwbQLRATwmYa7TohruymgQDZw-00148.jpg": {"object_bounding_box": {"x": 626, "y": 433, "w": 197, "h": 647}, "object_present": true}, "P613--phone-charger--clutter--bxNiZRJO3u_prsZK_CbwbQLRATwmYa7TohruymgQDZw-00149.jpg": {"object_bounding_box": {"x": 620, "y": 431, "w": 195, "h": 649}, "object_present": true}, "P613--phone-charger--clutter--bxNiZRJO3u_prsZK_CbwbQLRATwmYa7TohruymgQDZw-00150.jpg": {"object_bounding_box": {"x": 620, "y": 427, "w": 197, "h": 653}, "object_present": true}, "P613--phone-charger--clutter--bxNiZRJO3u_prsZK_CbwbQLRATwmYa7TohruymgQDZw-00151.jpg": {"object_bounding_box": {"x": 620, "y": 427, "w": 197, "h": 653}, "object_present": true}, "P613--phone-charger--clutter--bxNiZRJO3u_prsZK_CbwbQLRATwmYa7TohruymgQDZw-00152.jpg": {"object_bounding_box": {"x": 618, "y": 429, "w": 196, "h": 651}, "object_present": true}, "P613--phone-charger--clutter--bxNiZRJO3u_prsZK_CbwbQLRATwmYa7TohruymgQDZw-00153.jpg": {"object_bounding_box": {"x": 619, "y": 430, "w": 196, "h": 650}, "object_present": true}, "P613--phone-charger--clutter--bxNiZRJO3u_prsZK_CbwbQLRATwmYa7TohruymgQDZw-00154.jpg": {"object_bounding_box": {"x": 620, "y": 433, "w": 196, "h": 647}, "object_present": true}, "P613--phone-charger--clutter--bxNiZRJO3u_prsZK_CbwbQLRATwmYa7TohruymgQDZw-00155.jpg": {"object_bounding_box": {"x": 621, "y": 434, "w": 194, "h": 646}, "object_present": true}, "P613--phone-charger--clutter--bxNiZRJO3u_prsZK_CbwbQLRATwmYa7TohruymgQDZw-00156.jpg": {"object_bounding_box": {"x": 621, "y": 434, "w": 194, "h": 646}, "object_present": true}, "P613--phone-charger--clutter--bxNiZRJO3u_prsZK_CbwbQLRATwmYa7TohruymgQDZw-00157.jpg": {"object_bounding_box": {"x": 625, "y": 435, "w": 194, "h": 645}, "object_present": true}, "P613--phone-charger--clutter--bxNiZRJO3u_prsZK_CbwbQLRATwmYa7TohruymgQDZw-00158.jpg": {"object_bounding_box": {"x": 627, "y": 436, "w": 194, "h": 644}, "object_present": true}, "P613--phone-charger--clutter--bxNiZRJO3u_prsZK_CbwbQLRATwmYa7TohruymgQDZw-00159.jpg": {"object_bounding_box": {"x": 627, "y": 437, "w": 195, "h": 643}, "object_present": true}, "P613--phone-charger--clutter--bxNiZRJO3u_prsZK_CbwbQLRATwmYa7TohruymgQDZw-00160.jpg": {"object_bounding_box": {"x": 627, "y": 439, "w": 197, "h": 641}, "object_present": true}, "P613--phone-charger--clutter--bxNiZRJO3u_prsZK_CbwbQLRATwmYa7TohruymgQDZw-00161.jpg": {"object_bounding_box": {"x": 628, "y": 440, "w": 196, "h": 640}, "object_present": true}, "P613--phone-charger--clutter--bxNiZRJO3u_prsZK_CbwbQLRATwmYa7TohruymgQDZw-00162.jpg": {"object_bounding_box": {"x": 628, "y": 440, "w": 196, "h": 640}, "object_present": true}, "P613--phone-charger--clutter--bxNiZRJO3u_prsZK_CbwbQLRATwmYa7TohruymgQDZw-00163.jpg": {"object_bounding_box": {"x": 628, "y": 442, "w": 202, "h": 638}, "object_present": true}, "P613--phone-charger--clutter--bxNiZRJO3u_prsZK_CbwbQLRATwmYa7TohruymgQDZw-00164.jpg": {"object_bounding_box": {"x": 648, "y": 450, "w": 190, "h": 630}, "object_present": true}, "P613--phone-charger--clutter--bxNiZRJO3u_prsZK_CbwbQLRATwmYa7TohruymgQDZw-00165.jpg": {"object_bounding_box": {"x": 651, "y": 452, "w": 190, "h": 628}, "object_present": true}, "P613--phone-charger--clutter--bxNiZRJO3u_prsZK_CbwbQLRATwmYa7TohruymgQDZw-00166.jpg": {"object_bounding_box": {"x": 653, "y": 450, "w": 190, "h": 630}, "object_present": true}, "P613--phone-charger--clutter--bxNiZRJO3u_prsZK_CbwbQLRATwmYa7TohruymgQDZw-00167.jpg": {"object_bounding_box": {"x": 656, "y": 451, "w": 191, "h": 629}, "object_present": true}, "P613--phone-charger--clutter--bxNiZRJO3u_prsZK_CbwbQLRATwmYa7TohruymgQDZw-00168.jpg": {"object_bounding_box": {"x": 656, "y": 454, "w": 191, "h": 626}, "object_present": true}}