{"P613--sunglasses--clutter--YsBOhs4sAXAFmiSMWpSPa1ZdNdCOd_qfgS5geEx0_vc-00001.jpg": {"object_bounding_box": {"x": 447, "y": 183, "w": 629, "h": 320}, "object_present": true}, "P613--sunglasses--clutter--YsBOhs4sAXAFmiSMWpSPa1ZdNdCOd_qfgS5geEx0_vc-00002.jpg": {"object_bounding_box": {"x": 445, "y": 183, "w": 635, "h": 320}, "object_present": true}, "P613--sunglasses--clutter--YsBOhs4sAXAFmiSMWpSPa1ZdNdCOd_qfgS5geEx0_vc-00003.jpg": {"object_bounding_box": {"x": 441, "y": 192, "w": 638, "h": 318}, "object_present": true}, "P613--sunglasses--clutter--YsBOhs4sAXAFmiSMWpSPa1ZdNdCOd_qfgS5geEx0_vc-00004.jpg": {"object_bounding_box": {"x": 439, "y": 195, "w": 641, "h": 317}, "object_present": true}, "P613--sunglasses--clutter--YsBOhs4sAXAFmiSMWpSPa1ZdNdCOd_qfgS5geEx0_vc-00005.jpg": {"object_bounding_box": {"x": 436, "y": 194, "w": 637, "h": 319}, "object_present": true}, "P613--sunglasses--clutter--YsBOhs4sAXAFmiSMWpSPa1ZdNdCOd_qfgS5geEx0_vc-00006.jpg": {"object_bounding_box": {"x": 433, "y": 195, "w": 635, "h": 317}, "object_present": true}, "P613--sunglasses--clutter--YsBOhs4sAXAFmiSMWpSPa1ZdNdCOd_qfgS5geEx0_vc-00007.jpg": {"object_bounding_box": {"x": 433, "y": 194, "w": 636, "h": 317}, "object_present": true}, "P613--sunglasses--clutter--YsBOhs4sAXAFmiSMWpSPa1ZdNdCOd_qfgS5geEx0_vc-00008.jpg": {"object_bounding_box": {"x": 429, "y": 192, "w": 638, "h": 317}, "object_present": true}, "P613--sunglasses--clutter--YsBOhs4sAXAFmiSMWpSPa1ZdNdCOd_qfgS5geEx0_vc-00009.jpg": {"object_bounding_box": {"x": 430, "y": 189, "w": 635, "h": 317}, "object_present": true}, "P613--sunglasses--clutter--YsBOhs4sAXAFmiSMWpSPa1ZdNdCOd_qfgS5geEx0_vc-00010.jpg": {"object_bounding_box": {"x": 429, "y": 186, "w": 635, "h": 316}, "object_present": true}, "P613--sunglasses--clutter--YsBOhs4sAXAFmiSMWpSPa1ZdNdCOd_qfgS5geEx0_vc-00011.jpg": {"object_bounding_box": {"x": 431, "y": 183, "w": 635, "h": 316}, "object_present": true}, "P613--sunglasses--clutter--YsBOhs4sAXAFmiSMWpSPa1ZdNdCOd_qfgS5geEx0_vc-00012.jpg": {"object_bounding_box": {"x": 432, "y": 182, "w": 634, "h": 316}, "object_present": true}, "P613--sunglasses--clutter--YsBOhs4sAXAFmiSMWpSPa1ZdNdCOd_qfgS5geEx0_vc-00013.jpg": {"object_bounding_box": {"x": 433, "y": 181, "w": 632, "h": 314}, "object_present": true}, "P613--sunglasses--clutter--YsBOhs4sAXAFmiSMWpSPa1ZdNdCOd_qfgS5geEx0_vc-00014.jpg": {"object_bounding_box": {"x": 432, "y": 179, "w": 633, "h": 315}, "object_present": true}, "P613--sunglasses--clutter--YsBOhs4sAXAFmiSMWpSPa1ZdNdCOd_qfgS5geEx0_vc-00015.jpg": {"object_bounding_box": {"x": 433, "y": 177, "w": 629, "h": 315}, "object_present": true}, "P613--sunglasses--clutter--YsBOhs4sAXAFmiSMWpSPa1ZdNdCOd_qfgS5geEx0_vc-00016.jpg": {"object_bounding_box": {"x": 435, "y": 176, "w": 632, "h": 314}, "object_present": true}, "P613--sunglasses--clutter--YsBOhs4sAXAFmiSMWpSPa1ZdNdCOd_qfgS5geEx0_vc-00017.jpg": {"object_bounding_box": {"x": 442, "y": 174, "w": 630, "h": 314}, "object_present": true}, "P613--sunglasses--clutter--YsBOhs4sAXAFmiSMWpSPa1ZdNdCOd_qfgS5geEx0_vc-00018.jpg": {"object_bounding_box": {"x": 449, "y": 174, "w": 629, "h": 312}, "object_present": true}, "P613--sunglasses--clutter--YsBOhs4sAXAFmiSMWpSPa1ZdNdCOd_qfgS5geEx0_vc-00019.jpg": {"object_bounding_box": {"x": 460, "y": 175, "w": 616, "h": 310}, "object_present": true}, "P613--sunglasses--clutter--YsBOhs4sAXAFmiSMWpSPa1ZdNdCOd_qfgS5geEx0_vc-00020.jpg": {"object_bounding_box": {"x": 465, "y": 173, "w": 615, "h": 309}, "object_present": true}, "P613--sunglasses--clutter--YsBOhs4sAXAFmiSMWpSPa1ZdNdCOd_qfgS5geEx0_vc-00021.jpg": {"object_bounding_box": {"x": 468, "y": 172, "w": 608, "h": 307}, "object_present": true}, "P613--sunglasses--clutter--YsBOhs4sAXAFmiSMWpSPa1ZdNdCOd_qfgS5geEx0_vc-00022.jpg": {"object_bounding_box": {"x": 466, "y": 170, "w": 614, "h": 306}, "object_present": true}, "P613--sunglasses--clutter--YsBOhs4sAXAFmiSMWpSPa1ZdNdCOd_qfgS5geEx0_vc-00023.jpg": {"object_bounding_box": {"x": 468, "y": 167, "w": 612, "h": 306}, "object_present": true}, "P613--sunglasses--clutter--YsBOhs4sAXAFmiSMWpSPa1ZdNdCOd_qfgS5geEx0_vc-00024.jpg": {"object_bounding_box": {"x": 469, "y": 165, "w": 611, "h": 304}, "object_present": true}, "P613--sunglasses--clutter--YsBOhs4sAXAFmiSMWpSPa1ZdNdCOd_qfgS5geEx0_vc-00025.jpg": {"object_bounding_box": {"x": 472, "y": 163, "w": 607, "h": 303}, "object_present": true}, "P613--sunglasses--clutter--YsBOhs4sAXAFmiSMWpSPa1ZdNdCOd_qfgS5geEx0_vc-00026.jpg": {"object_bounding_box": {"x": 473, "y": 167, "w": 602, "h": 301}, "object_present": true}, "P613--sunglasses--clutter--YsBOhs4sAXAFmiSMWpSPa1ZdNdCOd_qfgS5geEx0_vc-00027.jpg": {"object_bounding_box": {"x": 475, "y": 167, "w": 599, "h": 298}, "object_present": true}, "P613--sunglasses--clutter--YsBOhs4sAXAFmiSMWpSPa1ZdNdCOd_qfgS5geEx0_vc-00028.jpg": {"object_bounding_box": {"x": 480, "y": 163, "w": 597, "h": 295}, "object_present": true}, "P613--sunglasses--clutter--YsBOhs4sAXAFmiSMWpSPa1ZdNdCOd_qfgS5geEx0_vc-00029.jpg": {"object_bounding_box": {"x": 485, "y": 162, "w": 592, "h": 295}, "object_present": true}, "P613--sunglasses--clutter--YsBOhs4sAXAFmiSMWpSPa1ZdNdCOd_qfgS5geEx0_vc-00030.jpg": {"object_bounding_box": {"x": 485, "y": 165, "w": 587, "h": 291}, "object_present": true}, "P613--sunglasses--clutter--YsBOhs4sAXAFmiSMWpSPa1ZdNdCOd_qfgS5geEx0_vc-00031.jpg": {"object_bounding_box": {"x": 491, "y": 163, "w": 584, "h": 289}, "object_present": true}, "P613--sunglasses--clutter--YsBOhs4sAXAFmiSMWpSPa1ZdNdCOd_qfgS5geEx0_vc-00032.jpg": {"object_bounding_box": {"x": 492, "y": 158, "w": 582, "h": 286}, "object_present": true}, "P613--sunglasses--clutter--YsBOhs4sAXAFmiSMWpSPa1ZdNdCOd_qfgS5geEx0_vc-00033.jpg": {"object_bounding_box": {"x": 493, "y": 160, "w": 574, "h": 284}, "object_present": true}, "P613--sunglasses--clutter--YsBOhs4sAXAFmiSMWpSPa1ZdNdCOd_qfgS5geEx0_vc-00034.jpg": {"object_bounding_box": {"x": 494, "y": 163, "w": 570, "h": 284}, "object_present": true}, "P613--sunglasses--clutter--YsBOhs4sAXAFmiSMWpSPa1ZdNdCOd_qfgS5geEx0_vc-00035.jpg": {"object_bounding_box": {"x": 495, "y": 167, "w": 566, "h": 280}, "object_present": true}, "P613--sunglasses--clutter--YsBOhs4sAXAFmiSMWpSPa1ZdNdCOd_qfgS5geEx0_vc-00036.jpg": {"object_bounding_box": {"x": 499, "y": 170, "w": 561, "h": 277}, "object_present": true}, "P613--sunglasses--clutter--YsBOhs4sAXAFmiSMWpSPa1ZdNdCOd_qfgS5geEx0_vc-00037.jpg": {"object_bounding_box": {"x": 501, "y": 168, "w": 558, "h": 275}, "object_present": true}, "P613--sunglasses--clutter--YsBOhs4sAXAFmiSMWpSPa1ZdNdCOd_qfgS5geEx0_vc-00038.jpg": {"object_bounding_box": {"x": 501, "y": 171, "w": 553, "h": 272}, "object_present": true}, "P613--sunglasses--clutter--YsBOhs4sAXAFmiSMWpSPa1ZdNdCOd_qfgS5geEx0_vc-00039.jpg": {"object_bounding_box": {"x": 500, "y": 176, "w": 546, "h": 270}, "object_present": true}, "P613--sunglasses--clutter--YsBOhs4sAXAFmiSMWpSPa1ZdNdCOd_qfgS5geEx0_vc-00040.jpg": {"object_bounding_box": {"x": 493, "y": 176, "w": 543, "h": 266}, "object_present": true}, "P613--sunglasses--clutter--YsBOhs4sAXAFmiSMWpSPa1ZdNdCOd_qfgS5geEx0_vc-00041.jpg": {"object_bounding_box": {"x": 493, "y": 181, "w": 539, "h": 264}, "object_present": true}, "P613--sunglasses--clutter--YsBOhs4sAXAFmiSMWpSPa1ZdNdCOd_qfgS5geEx0_vc-00042.jpg": {"object_bounding_box": {"x": 488, "y": 186, "w": 534, "h": 261}, "object_present": true}, "P613--sunglasses--clutter--YsBOhs4sAXAFmiSMWpSPa1ZdNdCOd_qfgS5geEx0_vc-00043.jpg": {"object_bounding_box": {"x": 483, "y": 186, "w": 531, "h": 260}, "object_present": true}, "P613--sunglasses--clutter--YsBOhs4sAXAFmiSMWpSPa1ZdNdCOd_qfgS5geEx0_vc-00044.jpg": {"object_bounding_box": {"x": 485, "y": 190, "w": 529, "h": 259}, "object_present": true}, "P613--sunglasses--clutter--YsBOhs4sAXAFmiSMWpSPa1ZdNdCOd_qfgS5geEx0_vc-00045.jpg": {"object_bounding_box": {"x": 483, "y": 191, "w": 524, "h": 257}, "object_present": true}, "P613--sunglasses--clutter--YsBOhs4sAXAFmiSMWpSPa1ZdNdCOd_qfgS5geEx0_vc-00046.jpg": {"object_bounding_box": {"x": 479, "y": 190, "w": 521, "h": 255}, "object_present": true}, "P613--sunglasses--clutter--YsBOhs4sAXAFmiSMWpSPa1ZdNdCOd_qfgS5geEx0_vc-00047.jpg": {"object_bounding_box": {"x": 479, "y": 191, "w": 518, "h": 253}, "object_present": true}, "P613--sunglasses--clutter--YsBOhs4sAXAFmiSMWpSPa1ZdNdCOd_qfgS5geEx0_vc-00048.jpg": {"object_bounding_box": {"x": 482, "y": 192, "w": 514, "h": 252}, "object_present": true}, "P613--sunglasses--clutter--YsBOhs4sAXAFmiSMWpSPa1ZdNdCOd_qfgS5geEx0_vc-00049.jpg": {"object_bounding_box": {"x": 483, "y": 191, "w": 512, "h": 249}, "object_present": true}, "P613--sunglasses--clutter--YsBOhs4sAXAFmiSMWpSPa1ZdNdCOd_qfgS5geEx0_vc-00050.jpg": {"object_bounding_box": {"x": 484, "y": 188, "w": 511, "h": 249}, "object_present": true}, "P613--sunglasses--clutter--YsBOhs4sAXAFmiSMWpSPa1ZdNdCOd_qfgS5geEx0_vc-00051.jpg": {"object_bounding_box": {"x": 483, "y": 185, "w": 505, "h": 247}, "object_present": true}, "P613--sunglasses--clutter--YsBOhs4sAXAFmiSMWpSPa1ZdNdCOd_qfgS5geEx0_vc-00052.jpg": {"object_bounding_box": {"x": 478, "y": 184, "w": 500, "h": 247}, "object_present": true}, "P613--sunglasses--clutter--YsBOhs4sAXAFmiSMWpSPa1ZdNdCOd_qfgS5geEx0_vc-00053.jpg": {"object_bounding_box": {"x": 475, "y": 185, "w": 497, "h": 245}, "object_present": true}, "P613--sunglasses--clutter--YsBOhs4sAXAFmiSMWpSPa1ZdNdCOd_qfgS5geEx0_vc-00054.jpg": {"object_bounding_box": {"x": 476, "y": 186, "w": 494, "h": 243}, "object_present": true}, "P613--sunglasses--clutter--YsBOhs4sAXAFmiSMWpSPa1ZdNdCOd_qfgS5geEx0_vc-00055.jpg": {"object_bounding_box": {"x": 476, "y": 185, "w": 493, "h": 243}, "object_present": true}, "P613--sunglasses--clutter--YsBOhs4sAXAFmiSMWpSPa1ZdNdCOd_qfgS5geEx0_vc-00056.jpg": {"object_bounding_box": {"x": 478, "y": 183, "w": 491, "h": 241}, "object_present": true}, "P613--sunglasses--clutter--YsBOhs4sAXAFmiSMWpSPa1ZdNdCOd_qfgS5geEx0_vc-00057.jpg": {"object_bounding_box": {"x": 480, "y": 185, "w": 486, "h": 239}, "object_present": true}, "P613--sunglasses--clutter--YsBOhs4sAXAFmiSMWpSPa1ZdNdCOd_qfgS5geEx0_vc-00058.jpg": {"object_bounding_box": {"x": 485, "y": 190, "w": 484, "h": 238}, "object_present": true}, "P613--sunglasses--clutter--YsBOhs4sAXAFmiSMWpSPa1ZdNdCOd_qfgS5geEx0_vc-00059.jpg": {"object_bounding_box": {"x": 488, "y": 198, "w": 482, "h": 233}, "object_present": true}, "P613--sunglasses--clutter--YsBOhs4sAXAFmiSMWpSPa1ZdNdCOd_qfgS5geEx0_vc-00060.jpg": {"object_bounding_box": {"x": 488, "y": 196, "w": 480, "h": 233}, "object_present": true}, "P613--sunglasses--clutter--YsBOhs4sAXAFmiSMWpSPa1ZdNdCOd_qfgS5geEx0_vc-00061.jpg": {"object_bounding_box": {"x": 486, "y": 192, "w": 478, "h": 232}, "object_present": true}, "P613--sunglasses--clutter--YsBOhs4sAXAFmiSMWpSPa1ZdNdCOd_qfgS5geEx0_vc-00062.jpg": {"object_bounding_box": {"x": 484, "y": 187, "w": 478, "h": 232}, "object_present": true}, "P613--sunglasses--clutter--YsBOhs4sAXAFmiSMWpSPa1ZdNdCOd_qfgS5geEx0_vc-00063.jpg": {"object_bounding_box": {"x": 479, "y": 180, "w": 477, "h": 231}, "object_present": true}, "P613--sunglasses--clutter--YsBOhs4sAXAFmiSMWpSPa1ZdNdCOd_qfgS5geEx0_vc-00064.jpg": {"object_bounding_box": {"x": 476, "y": 178, "w": 474, "h": 231}, "object_present": true}, "P613--sunglasses--clutter--YsBOhs4sAXAFmiSMWpSPa1ZdNdCOd_qfgS5geEx0_vc-00065.jpg": {"object_bounding_box": {"x": 476, "y": 184, "w": 472, "h": 228}, "object_present": true}, "P613--sunglasses--clutter--YsBOhs4sAXAFmiSMWpSPa1ZdNdCOd_qfgS5geEx0_vc-00066.jpg": {"object_bounding_box": {"x": 474, "y": 186, "w": 467, "h": 225}, "object_present": true}, "P613--sunglasses--clutter--YsBOhs4sAXAFmiSMWpSPa1ZdNdCOd_qfgS5geEx0_vc-00067.jpg": {"object_bounding_box": {"x": 472, "y": 181, "w": 465, "h": 226}, "object_present": true}, "P613--sunglasses--clutter--YsBOhs4sAXAFmiSMWpSPa1ZdNdCOd_qfgS5geEx0_vc-00068.jpg": {"object_bounding_box": {"x": 471, "y": 174, "w": 466, "h": 226}, "object_present": true}, "P613--sunglasses--clutter--YsBOhs4sAXAFmiSMWpSPa1ZdNdCOd_qfgS5geEx0_vc-00069.jpg": {"object_bounding_box": {"x": 468, "y": 172, "w": 461, "h": 224}, "object_present": true}, "P613--sunglasses--clutter--YsBOhs4sAXAFmiSMWpSPa1ZdNdCOd_qfgS5geEx0_vc-00070.jpg": {"object_bounding_box": {"x": 465, "y": 177, "w": 461, "h": 221}, "object_present": true}, "P613--sunglasses--clutter--YsBOhs4sAXAFmiSMWpSPa1ZdNdCOd_qfgS5geEx0_vc-00071.jpg": {"object_bounding_box": {"x": 460, "y": 178, "w": 458, "h": 221}, "object_present": true}, "P613--sunglasses--clutter--YsBOhs4sAXAFmiSMWpSPa1ZdNdCOd_qfgS5geEx0_vc-00072.jpg": {"object_bounding_box": {"x": 457, "y": 175, "w": 457, "h": 220}, "object_present": true}, "P613--sunglasses--clutter--YsBOhs4sAXAFmiSMWpSPa1ZdNdCOd_qfgS5geEx0_vc-00073.jpg": {"object_bounding_box": {"x": 461, "y": 180, "w": 453, "h": 216}, "object_present": true}, "P613--sunglasses--clutter--YsBOhs4sAXAFmiSMWpSPa1ZdNdCOd_qfgS5geEx0_vc-00074.jpg": {"object_bounding_box": {"x": 461, "y": 191, "w": 450, "h": 216}, "object_present": true}, "P613--sunglasses--clutter--YsBOhs4sAXAFmiSMWpSPa1ZdNdCOd_qfgS5geEx0_vc-00075.jpg": {"object_bounding_box": {"x": 461, "y": 195, "w": 448, "h": 215}, "object_present": true}, "P613--sunglasses--clutter--YsBOhs4sAXAFmiSMWpSPa1ZdNdCOd_qfgS5geEx0_vc-00076.jpg": {"object_bounding_box": {"x": 462, "y": 196, "w": 446, "h": 214}, "object_present": true}, "P613--sunglasses--clutter--YsBOhs4sAXAFmiSMWpSPa1ZdNdCOd_qfgS5geEx0_vc-00077.jpg": {"object_bounding_box": {"x": 465, "y": 201, "w": 442, "h": 211}, "object_present": true}, "P613--sunglasses--clutter--YsBOhs4sAXAFmiSMWpSPa1ZdNdCOd_qfgS5geEx0_vc-00078.jpg": {"object_bounding_box": {"x": 465, "y": 209, "w": 439, "h": 210}, "object_present": true}, "P613--sunglasses--clutter--YsBOhs4sAXAFmiSMWpSPa1ZdNdCOd_qfgS5geEx0_vc-00079.jpg": {"object_bounding_box": {"x": 464, "y": 212, "w": 438, "h": 209}, "object_present": true}, "P613--sunglasses--clutter--YsBOhs4sAXAFmiSMWpSPa1ZdNdCOd_qfgS5geEx0_vc-00080.jpg": {"object_bounding_box": {"x": 464, "y": 213, "w": 435, "h": 208}, "object_present": true}, "P613--sunglasses--clutter--YsBOhs4sAXAFmiSMWpSPa1ZdNdCOd_qfgS5geEx0_vc-00081.jpg": {"object_bounding_box": {"x": 467, "y": 217, "w": 432, "h": 206}, "object_present": true}, "P613--sunglasses--clutter--YsBOhs4sAXAFmiSMWpSPa1ZdNdCOd_qfgS5geEx0_vc-00082.jpg": {"object_bounding_box": {"x": 468, "y": 220, "w": 430, "h": 205}, "object_present": true}, "P613--sunglasses--clutter--YsBOhs4sAXAFmiSMWpSPa1ZdNdCOd_qfgS5geEx0_vc-00083.jpg": {"object_bounding_box": {"x": 466, "y": 221, "w": 429, "h": 204}, "object_present": true}, "P613--sunglasses--clutter--YsBOhs4sAXAFmiSMWpSPa1ZdNdCOd_qfgS5geEx0_vc-00084.jpg": {"object_bounding_box": {"x": 466, "y": 218, "w": 428, "h": 204}, "object_present": true}, "P613--sunglasses--clutter--YsBOhs4sAXAFmiSMWpSPa1ZdNdCOd_qfgS5geEx0_vc-00085.jpg": {"object_bounding_box": {"x": 466, "y": 216, "w": 426, "h": 203}, "object_present": true}, "P613--sunglasses--clutter--YsBOhs4sAXAFmiSMWpSPa1ZdNdCOd_qfgS5geEx0_vc-00086.jpg": {"object_bounding_box": {"x": 464, "y": 218, "w": 423, "h": 201}, "object_present": true}, "P613--sunglasses--clutter--YsBOhs4sAXAFmiSMWpSPa1ZdNdCOd_qfgS5geEx0_vc-00087.jpg": {"object_bounding_box": {"x": 464, "y": 221, "w": 419, "h": 200}, "object_present": true}, "P613--sunglasses--clutter--YsBOhs4sAXAFmiSMWpSPa1ZdNdCOd_qfgS5geEx0_vc-00088.jpg": {"object_bounding_box": {"x": 466, "y": 226, "w": 417, "h": 197}, "object_present": true}, "P613--sunglasses--clutter--YsBOhs4sAXAFmiSMWpSPa1ZdNdCOd_qfgS5geEx0_vc-00089.jpg": {"object_bounding_box": {"x": 467, "y": 231, "w": 415, "h": 197}, "object_present": true}, "P613--sunglasses--clutter--YsBOhs4sAXAFmiSMWpSPa1ZdNdCOd_qfgS5geEx0_vc-00090.jpg": {"object_bounding_box": {"x": 469, "y": 236, "w": 412, "h": 196}, "object_present": true}, "P613--sunglasses--clutter--YsBOhs4sAXAFmiSMWpSPa1ZdNdCOd_qfgS5geEx0_vc-00091.jpg": {"object_bounding_box": {"x": 469, "y": 240, "w": 412, "h": 195}, "object_present": true}, "P613--sunglasses--clutter--YsBOhs4sAXAFmiSMWpSPa1ZdNdCOd_qfgS5geEx0_vc-00092.jpg": {"object_bounding_box": {"x": 471, "y": 242, "w": 409, "h": 194}, "object_present": true}, "P613--sunglasses--clutter--YsBOhs4sAXAFmiSMWpSPa1ZdNdCOd_qfgS5geEx0_vc-00093.jpg": {"object_bounding_box": {"x": 468, "y": 250, "w": 405, "h": 192}, "object_present": true}, "P613--sunglasses--clutter--YsBOhs4sAXAFmiSMWpSPa1ZdNdCOd_qfgS5geEx0_vc-00094.jpg": {"object_bounding_box": {"x": 465, "y": 258, "w": 403, "h": 191}, "object_present": true}, "P613--sunglasses--clutter--YsBOhs4sAXAFmiSMWpSPa1ZdNdCOd_qfgS5geEx0_vc-00095.jpg": {"object_bounding_box": {"x": 470, "y": 262, "w": 398, "h": 190}, "object_present": true}, "P613--sunglasses--clutter--YsBOhs4sAXAFmiSMWpSPa1ZdNdCOd_qfgS5geEx0_vc-00096.jpg": {"object_bounding_box": {"x": 471, "y": 262, "w": 401, "h": 189}, "object_present": true}, "P613--sunglasses--clutter--YsBOhs4sAXAFmiSMWpSPa1ZdNdCOd_qfgS5geEx0_vc-00097.jpg": {"object_bounding_box": {"x": 470, "y": 263, "w": 397, "h": 188}, "object_present": true}, "P613--sunglasses--clutter--YsBOhs4sAXAFmiSMWpSPa1ZdNdCOd_qfgS5geEx0_vc-00098.jpg": {"object_bounding_box": {"x": 468, "y": 267, "w": 393, "h": 187}, "object_present": true}, "P613--sunglasses--clutter--YsBOhs4sAXAFmiSMWpSPa1ZdNdCOd_qfgS5geEx0_vc-00099.jpg": {"object_bounding_box": {"x": 471, "y": 269, "w": 392, "h": 187}, "object_present": true}, "P613--sunglasses--clutter--YsBOhs4sAXAFmiSMWpSPa1ZdNdCOd_qfgS5geEx0_vc-00100.jpg": {"object_bounding_box": {"x": 471, "y": 268, "w": 392, "h": 186}, "object_present": true}, "P613--sunglasses--clutter--YsBOhs4sAXAFmiSMWpSPa1ZdNdCOd_qfgS5geEx0_vc-00101.jpg": {"object_bounding_box": {"x": 472, "y": 269, "w": 389, "h": 184}, "object_present": true}, "P613--sunglasses--clutter--YsBOhs4sAXAFmiSMWpSPa1ZdNdCOd_qfgS5geEx0_vc-00102.jpg": {"object_bounding_box": {"x": 472, "y": 271, "w": 389, "h": 183}, "object_present": true}, "P613--sunglasses--clutter--YsBOhs4sAXAFmiSMWpSPa1ZdNdCOd_qfgS5geEx0_vc-00103.jpg": {"object_bounding_box": {"x": 474, "y": 273, "w": 387, "h": 183}, "object_present": true}, "P613--sunglasses--clutter--YsBOhs4sAXAFmiSMWpSPa1ZdNdCOd_qfgS5geEx0_vc-00104.jpg": {"object_bounding_box": {"x": 475, "y": 274, "w": 387, "h": 181}, "object_present": true}, "P613--sunglasses--clutter--YsBOhs4sAXAFmiSMWpSPa1ZdNdCOd_qfgS5geEx0_vc-00105.jpg": {"object_bounding_box": {"x": 476, "y": 277, "w": 386, "h": 181}, "object_present": true}, "P613--sunglasses--clutter--YsBOhs4sAXAFmiSMWpSPa1ZdNdCOd_qfgS5geEx0_vc-00106.jpg": {"object_bounding_box": {"x": 477, "y": 282, "w": 385, "h": 180}, "object_present": true}, "P613--sunglasses--clutter--YsBOhs4sAXAFmiSMWpSPa1ZdNdCOd_qfgS5geEx0_vc-00107.jpg": {"object_bounding_box": {"x": 478, "y": 284, "w": 385, "h": 179}, "object_present": true}, "P613--sunglasses--clutter--YsBOhs4sAXAFmiSMWpSPa1ZdNdCOd_qfgS5geEx0_vc-00108.jpg": {"object_bounding_box": {"x": 476, "y": 281, "w": 382, "h": 179}, "object_present": true}, "P613--sunglasses--clutter--YsBOhs4sAXAFmiSMWpSPa1ZdNdCOd_qfgS5geEx0_vc-00109.jpg": {"object_bounding_box": {"x": 474, "y": 277, "w": 383, "h": 178}, "object_present": true}, "P613--sunglasses--clutter--YsBOhs4sAXAFmiSMWpSPa1ZdNdCOd_qfgS5geEx0_vc-00110.jpg": {"object_bounding_box": {"x": 474, "y": 273, "w": 382, "h": 178}, "object_present": true}, "P613--sunglasses--clutter--YsBOhs4sAXAFmiSMWpSPa1ZdNdCOd_qfgS5geEx0_vc-00111.jpg": {"object_bounding_box": {"x": 475, "y": 272, "w": 379, "h": 178}, "object_present": true}, "P613--sunglasses--clutter--YsBOhs4sAXAFmiSMWpSPa1ZdNdCOd_qfgS5geEx0_vc-00112.jpg": {"object_bounding_box": {"x": 477, "y": 272, "w": 377, "h": 176}, "object_present": true}, "P613--sunglasses--clutter--YsBOhs4sAXAFmiSMWpSPa1ZdNdCOd_qfgS5geEx0_vc-00113.jpg": {"object_bounding_box": {"x": 479, "y": 268, "w": 376, "h": 176}, "object_present": true}, "P613--sunglasses--clutter--YsBOhs4sAXAFmiSMWpSPa1ZdNdCOd_qfgS5geEx0_vc-00114.jpg": {"object_bounding_box": {"x": 479, "y": 264, "w": 375, "h": 177}, "object_present": true}, "P613--sunglasses--clutter--YsBOhs4sAXAFmiSMWpSPa1ZdNdCOd_qfgS5geEx0_vc-00115.jpg": {"object_bounding_box": {"x": 478, "y": 257, "w": 378, "h": 176}, "object_present": true}, "P613--sunglasses--clutter--YsBOhs4sAXAFmiSMWpSPa1ZdNdCOd_qfgS5geEx0_vc-00116.jpg": {"object_bounding_box": {"x": 482, "y": 252, "w": 376, "h": 177}, "object_present": true}, "P613--sunglasses--clutter--YsBOhs4sAXAFmiSMWpSPa1ZdNdCOd_qfgS5geEx0_vc-00117.jpg": {"object_bounding_box": {"x": 486, "y": 257, "w": 373, "h": 175}, "object_present": true}, "P613--sunglasses--clutter--YsBOhs4sAXAFmiSMWpSPa1ZdNdCOd_qfgS5geEx0_vc-00118.jpg": {"object_bounding_box": {"x": 484, "y": 265, "w": 372, "h": 173}, "object_present": true}, "P613--sunglasses--clutter--YsBOhs4sAXAFmiSMWpSPa1ZdNdCOd_qfgS5geEx0_vc-00119.jpg": {"object_bounding_box": {"x": 488, "y": 268, "w": 366, "h": 174}, "object_present": true}, "P613--sunglasses--clutter--YsBOhs4sAXAFmiSMWpSPa1ZdNdCOd_qfgS5geEx0_vc-00120.jpg": {"object_bounding_box": {"x": 491, "y": 269, "w": 366, "h": 172}, "object_present": true}, "P613--sunglasses--clutter--YsBOhs4sAXAFmiSMWpSPa1ZdNdCOd_qfgS5geEx0_vc-00121.jpg": {"object_bounding_box": {"x": 491, "y": 271, "w": 367, "h": 172}, "object_present": true}, "P613--sunglasses--clutter--YsBOhs4sAXAFmiSMWpSPa1ZdNdCOd_qfgS5geEx0_vc-00122.jpg": {"object_bounding_box": {"x": 490, "y": 273, "w": 362, "h": 172}, "object_present": true}, "P613--sunglasses--clutter--YsBOhs4sAXAFmiSMWpSPa1ZdNdCOd_qfgS5geEx0_vc-00123.jpg": {"object_bounding_box": {"x": 492, "y": 270, "w": 364, "h": 171}, "object_present": true}, "P613--sunglasses--clutter--YsBOhs4sAXAFmiSMWpSPa1ZdNdCOd_qfgS5geEx0_vc-00124.jpg": {"object_bounding_box": {"x": 492, "y": 261, "w": 363, "h": 171}, "object_present": true}, "P613--sunglasses--clutter--YsBOhs4sAXAFmiSMWpSPa1ZdNdCOd_qfgS5geEx0_vc-00125.jpg": {"object_bounding_box": {"x": 491, "y": 255, "w": 362, "h": 171}, "object_present": true}, "P613--sunglasses--clutter--YsBOhs4sAXAFmiSMWpSPa1ZdNdCOd_qfgS5geEx0_vc-00126.jpg": {"object_bounding_box": {"x": 490, "y": 257, "w": 361, "h": 170}, "object_present": true}, "P613--sunglasses--clutter--YsBOhs4sAXAFmiSMWpSPa1ZdNdCOd_qfgS5geEx0_vc-00127.jpg": {"object_bounding_box": {"x": 492, "y": 258, "w": 359, "h": 170}, "object_present": true}, "P613--sunglasses--clutter--YsBOhs4sAXAFmiSMWpSPa1ZdNdCOd_qfgS5geEx0_vc-00128.jpg": {"object_bounding_box": {"x": 492, "y": 259, "w": 359, "h": 170}, "object_present": true}, "P613--sunglasses--clutter--YsBOhs4sAXAFmiSMWpSPa1ZdNdCOd_qfgS5geEx0_vc-00129.jpg": {"object_bounding_box": {"x": 490, "y": 265, "w": 357, "h": 168}, "object_present": true}, "P613--sunglasses--clutter--YsBOhs4sAXAFmiSMWpSPa1ZdNdCOd_qfgS5geEx0_vc-00130.jpg": {"object_bounding_box": {"x": 490, "y": 270, "w": 356, "h": 168}, "object_present": true}, "P613--sunglasses--clutter--YsBOhs4sAXAFmiSMWpSPa1ZdNdCOd_qfgS5geEx0_vc-00131.jpg": {"object_bounding_box": {"x": 493, "y": 271, "w": 357, "h": 167}, "object_present": true}, "P613--sunglasses--clutter--YsBOhs4sAXAFmiSMWpSPa1ZdNdCOd_qfgS5geEx0_vc-00132.jpg": {"object_bounding_box": {"x": 494, "y": 269, "w": 359, "h": 168}, "object_present": true}, "P613--sunglasses--clutter--YsBOhs4sAXAFmiSMWpSPa1ZdNdCOd_qfgS5geEx0_vc-00133.jpg": {"object_bounding_box": {"x": 495, "y": 272, "w": 359, "h": 166}, "object_present": true}, "P613--sunglasses--clutter--YsBOhs4sAXAFmiSMWpSPa1ZdNdCOd_qfgS5geEx0_vc-00134.jpg": {"object_bounding_box": {"x": 495, "y": 278, "w": 356, "h": 167}, "object_present": true}, "P613--sunglasses--clutter--YsBOhs4sAXAFmiSMWpSPa1ZdNdCOd_qfgS5geEx0_vc-00135.jpg": {"object_bounding_box": {"x": 495, "y": 284, "w": 357, "h": 165}, "object_present": true}, "P613--sunglasses--clutter--YsBOhs4sAXAFmiSMWpSPa1ZdNdCOd_qfgS5geEx0_vc-00136.jpg": {"object_bounding_box": {"x": 494, "y": 289, "w": 355, "h": 165}, "object_present": true}, "P613--sunglasses--clutter--YsBOhs4sAXAFmiSMWpSPa1ZdNdCOd_qfgS5geEx0_vc-00137.jpg": {"object_bounding_box": {"x": 495, "y": 293, "w": 353, "h": 165}, "object_present": true}, "P613--sunglasses--clutter--YsBOhs4sAXAFmiSMWpSPa1ZdNdCOd_qfgS5geEx0_vc-00138.jpg": {"object_bounding_box": {"x": 495, "y": 297, "w": 353, "h": 164}, "object_present": true}, "P613--sunglasses--clutter--YsBOhs4sAXAFmiSMWpSPa1ZdNdCOd_qfgS5geEx0_vc-00139.jpg": {"object_bounding_box": {"x": 497, "y": 304, "w": 351, "h": 162}, "object_present": true}, "P613--sunglasses--clutter--YsBOhs4sAXAFmiSMWpSPa1ZdNdCOd_qfgS5geEx0_vc-00140.jpg": {"object_bounding_box": {"x": 498, "y": 308, "w": 352, "h": 162}, "object_present": true}, "P613--sunglasses--clutter--YsBOhs4sAXAFmiSMWpSPa1ZdNdCOd_qfgS5geEx0_vc-00141.jpg": {"object_bounding_box": {"x": 497, "y": 310, "w": 351, "h": 162}, "object_present": true}, "P613--sunglasses--clutter--YsBOhs4sAXAFmiSMWpSPa1ZdNdCOd_qfgS5geEx0_vc-00142.jpg": {"object_bounding_box": {"x": 496, "y": 311, "w": 351, "h": 160}, "object_present": true}, "P613--sunglasses--clutter--YsBOhs4sAXAFmiSMWpSPa1ZdNdCOd_qfgS5geEx0_vc-00143.jpg": {"object_bounding_box": {"x": 495, "y": 311, "w": 350, "h": 160}, "object_present": true}, "P613--sunglasses--clutter--YsBOhs4sAXAFmiSMWpSPa1ZdNdCOd_qfgS5geEx0_vc-00144.jpg": {"object_bounding_box": {"x": 496, "y": 313, "w": 350, "h": 160}, "object_present": true}, "P613--sunglasses--clutter--YsBOhs4sAXAFmiSMWpSPa1ZdNdCOd_qfgS5geEx0_vc-00145.jpg": {"object_bounding_box": {"x": 500, "y": 317, "w": 347, "h": 159}, "object_present": true}, "P613--sunglasses--clutter--YsBOhs4sAXAFmiSMWpSPa1ZdNdCOd_qfgS5geEx0_vc-00146.jpg": {"object_bounding_box": {"x": 498, "y": 320, "w": 350, "h": 159}, "object_present": true}, "P613--sunglasses--clutter--YsBOhs4sAXAFmiSMWpSPa1ZdNdCOd_qfgS5geEx0_vc-00147.jpg": {"object_bounding_box": {"x": 497, "y": 323, "w": 348, "h": 158}, "object_present": true}, "P613--sunglasses--clutter--YsBOhs4sAXAFmiSMWpSPa1ZdNdCOd_qfgS5geEx0_vc-00148.jpg": {"object_bounding_box": {"x": 498, "y": 325, "w": 347, "h": 158}, "object_present": true}, "P613--sunglasses--clutter--YsBOhs4sAXAFmiSMWpSPa1ZdNdCOd_qfgS5geEx0_vc-00149.jpg": {"object_bounding_box": {"x": 498, "y": 327, "w": 347, "h": 158}, "object_present": true}, "P613--sunglasses--clutter--YsBOhs4sAXAFmiSMWpSPa1ZdNdCOd_qfgS5geEx0_vc-00150.jpg": {"object_bounding_box": {"x": 498, "y": 328, "w": 346, "h": 158}, "object_present": true}, "P613--sunglasses--clutter--YsBOhs4sAXAFmiSMWpSPa1ZdNdCOd_qfgS5geEx0_vc-00151.jpg": {"object_bounding_box": {"x": 495, "y": 328, "w": 346, "h": 158}, "object_present": true}, "P613--sunglasses--clutter--YsBOhs4sAXAFmiSMWpSPa1ZdNdCOd_qfgS5geEx0_vc-00152.jpg": {"object_bounding_box": {"x": 495, "y": 329, "w": 344, "h": 157}, "object_present": true}, "P613--sunglasses--clutter--YsBOhs4sAXAFmiSMWpSPa1ZdNdCOd_qfgS5geEx0_vc-00153.jpg": {"object_bounding_box": {"x": 497, "y": 328, "w": 345, "h": 158}, "object_present": true}, "P613--sunglasses--clutter--YsBOhs4sAXAFmiSMWpSPa1ZdNdCOd_qfgS5geEx0_vc-00154.jpg": {"object_bounding_box": {"x": 499, "y": 325, "w": 346, "h": 157}, "object_present": true}, "P613--sunglasses--clutter--YsBOhs4sAXAFmiSMWpSPa1ZdNdCOd_qfgS5geEx0_vc-00155.jpg": {"object_bounding_box": {"x": 500, "y": 322, "w": 343, "h": 158}, "object_present": true}, "P613--sunglasses--clutter--YsBOhs4sAXAFmiSMWpSPa1ZdNdCOd_qfgS5geEx0_vc-00156.jpg": {"object_bounding_box": {"x": 499, "y": 323, "w": 342, "h": 158}, "object_present": true}, "P613--sunglasses--clutter--YsBOhs4sAXAFmiSMWpSPa1ZdNdCOd_qfgS5geEx0_vc-00157.jpg": {"object_bounding_box": {"x": 499, "y": 326, "w": 343, "h": 157}, "object_present": true}, "P613--sunglasses--clutter--YsBOhs4sAXAFmiSMWpSPa1ZdNdCOd_qfgS5geEx0_vc-00158.jpg": {"object_bounding_box": {"x": 500, "y": 329, "w": 342, "h": 156}, "object_present": true}, "P613--sunglasses--clutter--YsBOhs4sAXAFmiSMWpSPa1ZdNdCOd_qfgS5geEx0_vc-00159.jpg": {"object_bounding_box": {"x": 501, "y": 334, "w": 341, "h": 157}, "object_present": true}, "P613--sunglasses--clutter--YsBOhs4sAXAFmiSMWpSPa1ZdNdCOd_qfgS5geEx0_vc-00160.jpg": {"object_bounding_box": {"x": 500, "y": 338, "w": 340, "h": 156}, "object_present": true}, "P613--sunglasses--clutter--YsBOhs4sAXAFmiSMWpSPa1ZdNdCOd_qfgS5geEx0_vc-00161.jpg": {"object_bounding_box": {"x": 500, "y": 339, "w": 340, "h": 156}, "object_present": true}, "P613--sunglasses--clutter--YsBOhs4sAXAFmiSMWpSPa1ZdNdCOd_qfgS5geEx0_vc-00162.jpg": {"object_bounding_box": {"x": 498, "y": 343, "w": 338, "h": 154}, "object_present": true}, "P613--sunglasses--clutter--YsBOhs4sAXAFmiSMWpSPa1ZdNdCOd_qfgS5geEx0_vc-00163.jpg": {"object_bounding_box": {"x": 498, "y": 346, "w": 338, "h": 155}, "object_present": true}, "P613--sunglasses--clutter--YsBOhs4sAXAFmiSMWpSPa1ZdNdCOd_qfgS5geEx0_vc-00164.jpg": {"object_bounding_box": {"x": 497, "y": 351, "w": 338, "h": 155}, "object_present": true}, "P613--sunglasses--clutter--YsBOhs4sAXAFmiSMWpSPa1ZdNdCOd_qfgS5geEx0_vc-00165.jpg": {"object_bounding_box": {"x": 494, "y": 357, "w": 340, "h": 155}, "object_present": true}, "P613--sunglasses--clutter--YsBOhs4sAXAFmiSMWpSPa1ZdNdCOd_qfgS5geEx0_vc-00166.jpg": {"object_bounding_box": {"x": 491, "y": 363, "w": 336, "h": 154}, "object_present": true}, "P613--sunglasses--clutter--YsBOhs4sAXAFmiSMWpSPa1ZdNdCOd_qfgS5geEx0_vc-00167.jpg": {"object_bounding_box": {"x": 487, "y": 371, "w": 339, "h": 151}, "object_present": true}, "P613--sunglasses--clutter--YsBOhs4sAXAFmiSMWpSPa1ZdNdCOd_qfgS5geEx0_vc-00168.jpg": {"object_bounding_box": {"x": 477, "y": 382, "w": 336, "h": 152}, "object_present": true}, "P613--sunglasses--clutter--YsBOhs4sAXAFmiSMWpSPa1ZdNdCOd_qfgS5geEx0_vc-00169.jpg": {"object_bounding_box": {"x": 465, "y": 386, "w": 335, "h": 155}, "object_present": true}, "P613--sunglasses--clutter--YsBOhs4sAXAFmiSMWpSPa1ZdNdCOd_qfgS5geEx0_vc-00170.jpg": {"object_bounding_box": {"x": 455, "y": 391, "w": 332, "h": 154}, "object_present": true}, "P613--sunglasses--clutter--YsBOhs4sAXAFmiSMWpSPa1ZdNdCOd_qfgS5geEx0_vc-00171.jpg": {"object_bounding_box": {"x": 450, "y": 403, "w": 331, "h": 154}, "object_present": true}, "P613--sunglasses--clutter--YsBOhs4sAXAFmiSMWpSPa1ZdNdCOd_qfgS5geEx0_vc-00172.jpg": {"object_bounding_box": {"x": 449, "y": 407, "w": 333, "h": 153}, "object_present": true}, "P613--sunglasses--clutter--YsBOhs4sAXAFmiSMWpSPa1ZdNdCOd_qfgS5geEx0_vc-00173.jpg": {"object_bounding_box": {"x": 451, "y": 405, "w": 332, "h": 154}, "object_present": true}, "P613--sunglasses--clutter--YsBOhs4sAXAFmiSMWpSPa1ZdNdCOd_qfgS5geEx0_vc-00174.jpg": {"object_bounding_box": {"x": 457, "y": 411, "w": 333, "h": 154}, "object_present": true}, "P613--sunglasses--clutter--YsBOhs4sAXAFmiSMWpSPa1ZdNdCOd_qfgS5geEx0_vc-00175.jpg": {"object_bounding_box": {"x": 467, "y": 419, "w": 336, "h": 155}, "object_present": true}, "P613--sunglasses--clutter--YsBOhs4sAXAFmiSMWpSPa1ZdNdCOd_qfgS5geEx0_vc-00176.jpg": {"object_bounding_box": {"x": 473, "y": 425, "w": 338, "h": 154}, "object_present": true}, "P613--sunglasses--clutter--YsBOhs4sAXAFmiSMWpSPa1ZdNdCOd_qfgS5geEx0_vc-00177.jpg": {"object_bounding_box": {"x": 478, "y": 427, "w": 336, "h": 156}, "object_present": true}, "P613--sunglasses--clutter--YsBOhs4sAXAFmiSMWpSPa1ZdNdCOd_qfgS5geEx0_vc-00178.jpg": {"object_bounding_box": {"x": 479, "y": 431, "w": 335, "h": 156}, "object_present": true}, "P613--sunglasses--clutter--YsBOhs4sAXAFmiSMWpSPa1ZdNdCOd_qfgS5geEx0_vc-00179.jpg": {"object_bounding_box": {"x": 478, "y": 438, "w": 336, "h": 154}, "object_present": true}, "P613--sunglasses--clutter--YsBOhs4sAXAFmiSMWpSPa1ZdNdCOd_qfgS5geEx0_vc-00180.jpg": {"object_bounding_box": {"x": 480, "y": 444, "w": 336, "h": 156}, "object_present": true}, "P613--sunglasses--clutter--YsBOhs4sAXAFmiSMWpSPa1ZdNdCOd_qfgS5geEx0_vc-00181.jpg": {"object_bounding_box": {"x": 488, "y": 448, "w": 334, "h": 155}, "object_present": true}, "P613--sunglasses--clutter--YsBOhs4sAXAFmiSMWpSPa1ZdNdCOd_qfgS5geEx0_vc-00182.jpg": {"object_bounding_box": {"x": 500, "y": 449, "w": 334, "h": 156}, "object_present": true}, "P613--sunglasses--clutter--YsBOhs4sAXAFmiSMWpSPa1ZdNdCOd_qfgS5geEx0_vc-00183.jpg": {"object_bounding_box": {"x": 511, "y": 454, "w": 336, "h": 155}, "object_present": true}, "P613--sunglasses--clutter--YsBOhs4sAXAFmiSMWpSPa1ZdNdCOd_qfgS5geEx0_vc-00184.jpg": {"object_bounding_box": {"x": 510, "y": 471, "w": 339, "h": 153}, "object_present": true}}