{"P697--wallet--clutter--r4SZC4bkVUyE_vmgYMF4DEaC51msuoRgtEkfZNeBgxA-00001.jpg": {"object_bounding_box": {"x": 0, "y": 303, "w": 1080, "h": 777}, "object_present": true}, "P697--wallet--clutter--r4SZC4bkVUyE_vmgYMF4DEaC51msuoRgtEkfZNeBgxA-00002.jpg": {"object_bounding_box": {"x": 0, "y": 303, "w": 1080, "h": 777}, "object_present": true}, "P697--wallet--clutter--r4SZC4bkVUyE_vmgYMF4DEaC51msuoRgtEkfZNeBgxA-00003.jpg": {"object_bounding_box": {"x": 0, "y": 303, "w": 1080, "h": 777}, "object_present": true}, "P697--wallet--clutter--r4SZC4bkVUyE_vmgYMF4DEaC51msuoRgtEkfZNeBgxA-00004.jpg": {"object_bounding_box": {"x": 0, "y": 303, "w": 1080, "h": 777}, "object_present": true}, "P697--wallet--clutter--r4SZC4bkVUyE_vmgYMF4DEaC51msuoRgtEkfZNeBgxA-00005.jpg": {"object_bounding_box": {"x": 0, "y": 303, "w": 1080, "h": 777}, "object_present": true}, "P697--wallet--clutter--r4SZC4bkVUyE_vmgYMF4DEaC51msuoRgtEkfZNeBgxA-00006.jpg": {"object_bounding_box": {"x": 0, "y": 303, "w": 1080, "h": 777}, "object_present": true}, "P697--wallet--clutter--r4SZC4bkVUyE_vmgYMF4DEaC51msuoRgtEkfZNeBgxA-00007.jpg": {"object_bounding_box": {"x": 0, "y": 303, "w": 1080, "h": 777}, "object_present": true}, "P697--wallet--clutter--r4SZC4bkVUyE_vmgYMF4DEaC51msuoRgtEkfZNeBgxA-00008.jpg": {"object_bounding_box": {"x": 0, "y": 303, "w": 1080, "h": 777}, "object_present": true}, "P697--wallet--clutter--r4SZC4bkVUyE_vmgYMF4DEaC51msuoRgtEkfZNeBgxA-00009.jpg": {"object_bounding_box": {"x": 0, "y": 303, "w": 1080, "h": 777}, "object_present": true}, "P697--wallet--clutter--r4SZC4bkVUyE_vmgYMF4DEaC51msuoRgtEkfZNeBgxA-00010.jpg": {"object_bounding_box": {"x": 0, "y": 303, "w": 1080, "h": 777}, "object_present": true}, "P697--wallet--clutter--r4SZC4bkVUyE_vmgYMF4DEaC51msuoRgtEkfZNeBgxA-00011.jpg": {"object_bounding_box": {"x": 0, "y": 303, "w": 1080, "h": 777}, "object_present": true}, "P697--wallet--clutter--r4SZC4bkVUyE_vmgYMF4DEaC51msuoRgtEkfZNeBgxA-00012.jpg": {"object_bounding_box": {"x": 0, "y": 303, "w": 1080, "h": 777}, "object_present": true}, "P697--wallet--clutter--r4SZC4bkVUyE_vmgYMF4DEaC51msuoRgtEkfZNeBgxA-00013.jpg": {"object_bounding_box": {"x": 0, "y": 299, "w": 1080, "h": 781}, "object_present": true}, "P697--wallet--clutter--r4SZC4bkVUyE_vmgYMF4DEaC51msuoRgtEkfZNeBgxA-00014.jpg": {"object_bounding_box": {"x": 0, "y": 299, "w": 1080, "h": 781}, "object_present": true}, "P697--wallet--clutter--r4SZC4bkVUyE_vmgYMF4DEaC51msuoRgtEkfZNeBgxA-00015.jpg": {"object_bounding_box": {"x": 0, "y": 304, "w": 1080, "h": 776}, "object_present": true}, "P697--wallet--clutter--r4SZC4bkVUyE_vmgYMF4DEaC51msuoRgtEkfZNeBgxA-00016.jpg": {"object_bounding_box": {"x": 0, "y": 304, "w": 1080, "h": 776}, "object_present": true}, "P697--wallet--clutter--r4SZC4bkVUyE_vmgYMF4DEaC51msuoRgtEkfZNeBgxA-00017.jpg": {"object_bounding_box": {"x": 0, "y": 298, "w": 1080, "h": 782}, "object_present": true}, "P697--wallet--clutter--r4SZC4bkVUyE_vmgYMF4DEaC51msuoRgtEkfZNeBgxA-00018.jpg": {"object_bounding_box": {"x": 0, "y": 298, "w": 1080, "h": 782}, "object_present": true}, "P697--wallet--clutter--r4SZC4bkVUyE_vmgYMF4DEaC51msuoRgtEkfZNeBgxA-00019.jpg": {"object_bounding_box": {"x": 0, "y": 298, "w": 1080, "h": 782}, "object_present": true}, "P697--wallet--clutter--r4SZC4bkVUyE_vmgYMF4DEaC51msuoRgtEkfZNeBgxA-00020.jpg": {"object_bounding_box": {"x": 0, "y": 298, "w": 1080, "h": 782}, "object_present": true}, "P697--wallet--clutter--r4SZC4bkVUyE_vmgYMF4DEaC51msuoRgtEkfZNeBgxA-00021.jpg": {"object_bounding_box": {"x": 0, "y": 298, "w": 1080, "h": 782}, "object_present": true}, "P697--wallet--clutter--r4SZC4bkVUyE_vmgYMF4DEaC51msuoRgtEkfZNeBgxA-00022.jpg": {"object_bounding_box": {"x": 0, "y": 298, "w": 1080, "h": 782}, "object_present": true}, "P697--wallet--clutter--r4SZC4bkVUyE_vmgYMF4DEaC51msuoRgtEkfZNeBgxA-00023.jpg": {"object_bounding_box": {"x": 0, "y": 298, "w": 1080, "h": 782}, "object_present": true}, "P697--wallet--clutter--r4SZC4bkVUyE_vmgYMF4DEaC51msuoRgtEkfZNeBgxA-00024.jpg": {"object_bounding_box": {"x": 0, "y": 329, "w": 1080, "h": 751}, "object_present": true}, "P697--wallet--clutter--r4SZC4bkVUyE_vmgYMF4DEaC51msuoRgtEkfZNeBgxA-00025.jpg": {"object_bounding_box": {"x": 0, "y": 345, "w": 1080, "h": 735}, "object_present": true}, "P697--wallet--clutter--r4SZC4bkVUyE_vmgYMF4DEaC51msuoRgtEkfZNeBgxA-00026.jpg": {"object_bounding_box": {"x": 0, "y": 363, "w": 1080, "h": 717}, "object_present": true}, "P697--wallet--clutter--r4SZC4bkVUyE_vmgYMF4DEaC51msuoRgtEkfZNeBgxA-00027.jpg": {"object_bounding_box": {"x": 0, "y": 363, "w": 1080, "h": 717}, "object_present": true}, "P697--wallet--clutter--r4SZC4bkVUyE_vmgYMF4DEaC51msuoRgtEkfZNeBgxA-00028.jpg": {"object_bounding_box": {"x": 0, "y": 363, "w": 1080, "h": 717}, "object_present": true}, "P697--wallet--clutter--r4SZC4bkVUyE_vmgYMF4DEaC51msuoRgtEkfZNeBgxA-00029.jpg": {"object_bounding_box": {"x": 0, "y": 373, "w": 1080, "h": 707}, "object_present": true}, "P697--wallet--clutter--r4SZC4bkVUyE_vmgYMF4DEaC51msuoRgtEkfZNeBgxA-00030.jpg": {"object_bounding_box": {"x": 0, "y": 362, "w": 1080, "h": 718}, "object_present": true}, "P697--wallet--clutter--r4SZC4bkVUyE_vmgYMF4DEaC51msuoRgtEkfZNeBgxA-00031.jpg": {"object_bounding_box": {"x": 0, "y": 366, "w": 1080, "h": 714}, "object_present": true}, "P697--wallet--clutter--r4SZC4bkVUyE_vmgYMF4DEaC51msuoRgtEkfZNeBgxA-00032.jpg": {"object_bounding_box": {"x": 0, "y": 362, "w": 1080, "h": 718}, "object_present": true}, "P697--wallet--clutter--r4SZC4bkVUyE_vmgYMF4DEaC51msuoRgtEkfZNeBgxA-00033.jpg": {"object_bounding_box": {"x": 0, "y": 373, "w": 1080, "h": 707}, "object_present": true}, "P697--wallet--clutter--r4SZC4bkVUyE_vmgYMF4DEaC51msuoRgtEkfZNeBgxA-00034.jpg": {"object_bounding_box": {"x": 0, "y": 345, "w": 1080, "h": 735}, "object_present": true}, "P697--wallet--clutter--r4SZC4bkVUyE_vmgYMF4DEaC51msuoRgtEkfZNeBgxA-00035.jpg": {"object_bounding_box": {"x": 0, "y": 345, "w": 1080, "h": 735}, "object_present": true}, "P697--wallet--clutter--r4SZC4bkVUyE_vmgYMF4DEaC51msuoRgtEkfZNeBgxA-00036.jpg": {"object_bounding_box": {"x": 0, "y": 345, "w": 1080, "h": 735}, "object_present": true}, "P697--wallet--clutter--r4SZC4bkVUyE_vmgYMF4DEaC51msuoRgtEkfZNeBgxA-00037.jpg": {"object_bounding_box": {"x": 0, "y": 325, "w": 1080, "h": 755}, "object_present": true}, "P697--wallet--clutter--r4SZC4bkVUyE_vmgYMF4DEaC51msuoRgtEkfZNeBgxA-00038.jpg": {"object_bounding_box": {"x": 0, "y": 340, "w": 1080, "h": 740}, "object_present": true}, "P697--wallet--clutter--r4SZC4bkVUyE_vmgYMF4DEaC51msuoRgtEkfZNeBgxA-00039.jpg": {"object_bounding_box": {"x": 0, "y": 356, "w": 1080, "h": 724}, "object_present": true}, "P697--wallet--clutter--r4SZC4bkVUyE_vmgYMF4DEaC51msuoRgtEkfZNeBgxA-00040.jpg": {"object_bounding_box": {"x": 0, "y": 369, "w": 1080, "h": 711}, "object_present": true}, "P697--wallet--clutter--r4SZC4bkVUyE_vmgYMF4DEaC51msuoRgtEkfZNeBgxA-00041.jpg": {"object_bounding_box": {"x": 0, "y": 370, "w": 1080, "h": 710}, "object_present": true}, "P697--wallet--clutter--r4SZC4bkVUyE_vmgYMF4DEaC51msuoRgtEkfZNeBgxA-00042.jpg": {"object_bounding_box": {"x": 0, "y": 366, "w": 1080, "h": 714}, "object_present": true}, "P697--wallet--clutter--r4SZC4bkVUyE_vmgYMF4DEaC51msuoRgtEkfZNeBgxA-00043.jpg": {"object_bounding_box": {"x": 0, "y": 367, "w": 1080, "h": 713}, "object_present": true}, "P697--wallet--clutter--r4SZC4bkVUyE_vmgYMF4DEaC51msuoRgtEkfZNeBgxA-00044.jpg": {"object_bounding_box": {"x": 0, "y": 363, "w": 1080, "h": 717}, "object_present": true}, "P697--wallet--clutter--r4SZC4bkVUyE_vmgYMF4DEaC51msuoRgtEkfZNeBgxA-00045.jpg": {"object_bounding_box": {"x": 0, "y": 353, "w": 1080, "h": 727}, "object_present": true}, "P697--wallet--clutter--r4SZC4bkVUyE_vmgYMF4DEaC51msuoRgtEkfZNeBgxA-00046.jpg": {"object_bounding_box": {"x": 0, "y": 351, "w": 1080, "h": 729}, "object_present": true}, "P697--wallet--clutter--r4SZC4bkVUyE_vmgYMF4DEaC51msuoRgtEkfZNeBgxA-00047.jpg": {"object_bounding_box": {"x": 0, "y": 345, "w": 1080, "h": 735}, "object_present": true}, "P697--wallet--clutter--r4SZC4bkVUyE_vmgYMF4DEaC51msuoRgtEkfZNeBgxA-00048.jpg": {"object_bounding_box": {"x": 0, "y": 342, "w": 1080, "h": 738}, "object_present": true}, "P697--wallet--clutter--r4SZC4bkVUyE_vmgYMF4DEaC51msuoRgtEkfZNeBgxA-00049.jpg": {"object_bounding_box": {"x": 0, "y": 352, "w": 1080, "h": 728}, "object_present": true}, "P697--wallet--clutter--r4SZC4bkVUyE_vmgYMF4DEaC51msuoRgtEkfZNeBgxA-00050.jpg": {"object_bounding_box": {"x": 0, "y": 352, "w": 1080, "h": 728}, "object_present": true}, "P697--wallet--clutter--r4SZC4bkVUyE_vmgYMF4DEaC51msuoRgtEkfZNeBgxA-00051.jpg": {"object_bounding_box": {"x": 0, "y": 364, "w": 1080, "h": 716}, "object_present": true}, "P697--wallet--clutter--r4SZC4bkVUyE_vmgYMF4DEaC51msuoRgtEkfZNeBgxA-00052.jpg": {"object_bounding_box": {"x": 0, "y": 381, "w": 1080, "h": 699}, "object_present": true}, "P697--wallet--clutter--r4SZC4bkVUyE_vmgYMF4DEaC51msuoRgtEkfZNeBgxA-00053.jpg": {"object_bounding_box": {"x": 0, "y": 390, "w": 1080, "h": 690}, "object_present": true}, "P697--wallet--clutter--r4SZC4bkVUyE_vmgYMF4DEaC51msuoRgtEkfZNeBgxA-00054.jpg": {"object_bounding_box": {"x": 0, "y": 403, "w": 1080, "h": 677}, "object_present": true}, "P697--wallet--clutter--r4SZC4bkVUyE_vmgYMF4DEaC51msuoRgtEkfZNeBgxA-00055.jpg": {"object_bounding_box": {"x": 0, "y": 412, "w": 1080, "h": 668}, "object_present": true}, "P697--wallet--clutter--r4SZC4bkVUyE_vmgYMF4DEaC51msuoRgtEkfZNeBgxA-00056.jpg": {"object_bounding_box": {"x": 0, "y": 418, "w": 1080, "h": 662}, "object_present": true}, "P697--wallet--clutter--r4SZC4bkVUyE_vmgYMF4DEaC51msuoRgtEkfZNeBgxA-00057.jpg": {"object_bounding_box": {"x": 0, "y": 428, "w": 1080, "h": 652}, "object_present": true}, "P697--wallet--clutter--r4SZC4bkVUyE_vmgYMF4DEaC51msuoRgtEkfZNeBgxA-00058.jpg": {"object_bounding_box": {"x": 0, "y": 442, "w": 1080, "h": 638}, "object_present": true}, "P697--wallet--clutter--r4SZC4bkVUyE_vmgYMF4DEaC51msuoRgtEkfZNeBgxA-00059.jpg": {"object_bounding_box": {"x": 0, "y": 452, "w": 1080, "h": 628}, "object_present": true}, "P697--wallet--clutter--r4SZC4bkVUyE_vmgYMF4DEaC51msuoRgtEkfZNeBgxA-00060.jpg": {"object_bounding_box": {"x": 0, "y": 463, "w": 1080, "h": 617}, "object_present": true}, "P697--wallet--clutter--r4SZC4bkVUyE_vmgYMF4DEaC51msuoRgtEkfZNeBgxA-00061.jpg": {"object_bounding_box": {"x": 0, "y": 470, "w": 1080, "h": 610}, "object_present": true}, "P697--wallet--clutter--r4SZC4bkVUyE_vmgYMF4DEaC51msuoRgtEkfZNeBgxA-00062.jpg": {"object_bounding_box": {"x": 0, "y": 475, "w": 1080, "h": 605}, "object_present": true}, "P697--wallet--clutter--r4SZC4bkVUyE_vmgYMF4DEaC51msuoRgtEkfZNeBgxA-00063.jpg": {"object_bounding_box": {"x": 0, "y": 478, "w": 1080, "h": 602}, "object_present": true}, "P697--wallet--clutter--r4SZC4bkVUyE_vmgYMF4DEaC51msuoRgtEkfZNeBgxA-00064.jpg": {"object_bounding_box": {"x": 0, "y": 473, "w": 1080, "h": 607}, "object_present": true}, "P697--wallet--clutter--r4SZC4bkVUyE_vmgYMF4DEaC51msuoRgtEkfZNeBgxA-00065.jpg": {"object_bounding_box": {"x": 0, "y": 464, "w": 1080, "h": 616}, "object_present": true}, "P697--wallet--clutter--r4SZC4bkVUyE_vmgYMF4DEaC51msuoRgtEkfZNeBgxA-00066.jpg": {"object_bounding_box": {"x": 0, "y": 460, "w": 1080, "h": 620}, "object_present": true}, "P697--wallet--clutter--r4SZC4bkVUyE_vmgYMF4DEaC51msuoRgtEkfZNeBgxA-00067.jpg": {"object_bounding_box": {"x": 0, "y": 448, "w": 1080, "h": 632}, "object_present": true}, "P697--wallet--clutter--r4SZC4bkVUyE_vmgYMF4DEaC51msuoRgtEkfZNeBgxA-00068.jpg": {"object_bounding_box": {"x": 0, "y": 434, "w": 1080, "h": 646}, "object_present": true}, "P697--wallet--clutter--r4SZC4bkVUyE_vmgYMF4DEaC51msuoRgtEkfZNeBgxA-00069.jpg": {"object_bounding_box": {"x": 0, "y": 434, "w": 1080, "h": 646}, "object_present": true}, "P697--wallet--clutter--r4SZC4bkVUyE_vmgYMF4DEaC51msuoRgtEkfZNeBgxA-00070.jpg": {"object_bounding_box": {"x": 0, "y": 434, "w": 1080, "h": 646}, "object_present": true}, "P697--wallet--clutter--r4SZC4bkVUyE_vmgYMF4DEaC51msuoRgtEkfZNeBgxA-00071.jpg": {"object_bounding_box": {"x": 0, "y": 434, "w": 1080, "h": 646}, "object_present": true}, "P697--wallet--clutter--r4SZC4bkVUyE_vmgYMF4DEaC51msuoRgtEkfZNeBgxA-00072.jpg": {"object_bounding_box": {"x": 0, "y": 401, "w": 1080, "h": 679}, "object_present": true}, "P697--wallet--clutter--r4SZC4bkVUyE_vmgYMF4DEaC51msuoRgtEkfZNeBgxA-00073.jpg": {"object_bounding_box": {"x": 0, "y": 401, "w": 1080, "h": 679}, "object_present": true}, "P697--wallet--clutter--r4SZC4bkVUyE_vmgYMF4DEaC51msuoRgtEkfZNeBgxA-00074.jpg": {"object_bounding_box": {"x": 0, "y": 401, "w": 1080, "h": 679}, "object_present": true}, "P697--wallet--clutter--r4SZC4bkVUyE_vmgYMF4DEaC51msuoRgtEkfZNeBgxA-00075.jpg": {"object_bounding_box": {"x": 0, "y": 405, "w": 1080, "h": 675}, "object_present": true}, "P697--wallet--clutter--r4SZC4bkVUyE_vmgYMF4DEaC51msuoRgtEkfZNeBgxA-00076.jpg": {"object_bounding_box": {"x": 0, "y": 403, "w": 1080, "h": 677}, "object_present": true}, "P697--wallet--clutter--r4SZC4bkVUyE_vmgYMF4DEaC51msuoRgtEkfZNeBgxA-00077.jpg": {"object_bounding_box": {"x": 0, "y": 401, "w": 1080, "h": 679}, "object_present": true}, "P697--wallet--clutter--r4SZC4bkVUyE_vmgYMF4DEaC51msuoRgtEkfZNeBgxA-00078.jpg": {"object_bounding_box": {"x": 0, "y": 401, "w": 1080, "h": 679}, "object_present": true}, "P697--wallet--clutter--r4SZC4bkVUyE_vmgYMF4DEaC51msuoRgtEkfZNeBgxA-00079.jpg": {"object_bounding_box": {"x": 0, "y": 404, "w": 1080, "h": 676}, "object_present": true}, "P697--wallet--clutter--r4SZC4bkVUyE_vmgYMF4DEaC51msuoRgtEkfZNeBgxA-00080.jpg": {"object_bounding_box": {"x": 0, "y": 401, "w": 1080, "h": 679}, "object_present": true}, "P697--wallet--clutter--r4SZC4bkVUyE_vmgYMF4DEaC51msuoRgtEkfZNeBgxA-00081.jpg": {"object_bounding_box": {"x": 0, "y": 416, "w": 1080, "h": 664}, "object_present": true}, "P697--wallet--clutter--r4SZC4bkVUyE_vmgYMF4DEaC51msuoRgtEkfZNeBgxA-00082.jpg": {"object_bounding_box": {"x": 0, "y": 438, "w": 1080, "h": 642}, "object_present": true}, "P697--wallet--clutter--r4SZC4bkVUyE_vmgYMF4DEaC51msuoRgtEkfZNeBgxA-00083.jpg": {"object_bounding_box": {"x": 0, "y": 452, "w": 1080, "h": 628}, "object_present": true}, "P697--wallet--clutter--r4SZC4bkVUyE_vmgYMF4DEaC51msuoRgtEkfZNeBgxA-00084.jpg": {"object_bounding_box": {"x": 0, "y": 473, "w": 1080, "h": 607}, "object_present": true}, "P697--wallet--clutter--r4SZC4bkVUyE_vmgYMF4DEaC51msuoRgtEkfZNeBgxA-00085.jpg": {"object_bounding_box": {"x": 0, "y": 477, "w": 1080, "h": 603}, "object_present": true}, "P697--wallet--clutter--r4SZC4bkVUyE_vmgYMF4DEaC51msuoRgtEkfZNeBgxA-00086.jpg": {"object_bounding_box": {"x": 0, "y": 476, "w": 1080, "h": 604}, "object_present": true}, "P697--wallet--clutter--r4SZC4bkVUyE_vmgYMF4DEaC51msuoRgtEkfZNeBgxA-00087.jpg": {"object_bounding_box": {"x": 0, "y": 438, "w": 1080, "h": 642}, "object_present": true}, "P697--wallet--clutter--r4SZC4bkVUyE_vmgYMF4DEaC51msuoRgtEkfZNeBgxA-00088.jpg": {"object_bounding_box": {"x": 0, "y": 430, "w": 1080, "h": 650}, "object_present": true}, "P697--wallet--clutter--r4SZC4bkVUyE_vmgYMF4DEaC51msuoRgtEkfZNeBgxA-00089.jpg": {"object_bounding_box": {"x": 0, "y": 422, "w": 1080, "h": 658}, "object_present": true}, "P697--wallet--clutter--r4SZC4bkVUyE_vmgYMF4DEaC51msuoRgtEkfZNeBgxA-00090.jpg": {"object_bounding_box": {"x": 0, "y": 410, "w": 1080, "h": 670}, "object_present": true}, "P697--wallet--clutter--r4SZC4bkVUyE_vmgYMF4DEaC51msuoRgtEkfZNeBgxA-00091.jpg": {"object_bounding_box": {"x": 0, "y": 405, "w": 1080, "h": 675}, "object_present": true}, "P697--wallet--clutter--r4SZC4bkVUyE_vmgYMF4DEaC51msuoRgtEkfZNeBgxA-00092.jpg": {"object_bounding_box": {"x": 0, "y": 404, "w": 1080, "h": 676}, "object_present": true}, "P697--wallet--clutter--r4SZC4bkVUyE_vmgYMF4DEaC51msuoRgtEkfZNeBgxA-00093.jpg": {"object_bounding_box": {"x": 0, "y": 389, "w": 1080, "h": 691}, "object_present": true}, "P697--wallet--clutter--r4SZC4bkVUyE_vmgYMF4DEaC51msuoRgtEkfZNeBgxA-00094.jpg": {"object_bounding_box": {"x": 0, "y": 378, "w": 1080, "h": 702}, "object_present": true}, "P697--wallet--clutter--r4SZC4bkVUyE_vmgYMF4DEaC51msuoRgtEkfZNeBgxA-00095.jpg": {"object_bounding_box": {"x": 0, "y": 371, "w": 1080, "h": 707}, "object_present": true}, "P697--wallet--clutter--r4SZC4bkVUyE_vmgYMF4DEaC51msuoRgtEkfZNeBgxA-00096.jpg": {"object_bounding_box": {"x": 0, "y": 364, "w": 1080, "h": 714}, "object_present": true}, "P697--wallet--clutter--r4SZC4bkVUyE_vmgYMF4DEaC51msuoRgtEkfZNeBgxA-00097.jpg": {"object_bounding_box": {"x": 0, "y": 358, "w": 1080, "h": 721}, "object_present": true}, "P697--wallet--clutter--r4SZC4bkVUyE_vmgYMF4DEaC51msuoRgtEkfZNeBgxA-00098.jpg": {"object_bounding_box": {"x": 0, "y": 349, "w": 1080, "h": 703}, "object_present": true}, "P697--wallet--clutter--r4SZC4bkVUyE_vmgYMF4DEaC51msuoRgtEkfZNeBgxA-00099.jpg": {"object_bounding_box": {"x": 0, "y": 333, "w": 1076, "h": 681}, "object_present": true}, "P697--wallet--clutter--r4SZC4bkVUyE_vmgYMF4DEaC51msuoRgtEkfZNeBgxA-00100.jpg": {"object_bounding_box": {"x": 0, "y": 333, "w": 1076, "h": 681}, "object_present": true}, "P697--wallet--clutter--r4SZC4bkVUyE_vmgYMF4DEaC51msuoRgtEkfZNeBgxA-00101.jpg": {"object_bounding_box": {"x": 0, "y": 351, "w": 1013, "h": 618}, "object_present": true}, "P697--wallet--clutter--r4SZC4bkVUyE_vmgYMF4DEaC51msuoRgtEkfZNeBgxA-00102.jpg": {"object_bounding_box": {"x": 0, "y": 347, "w": 992, "h": 603}, "object_present": true}, "P697--wallet--clutter--r4SZC4bkVUyE_vmgYMF4DEaC51msuoRgtEkfZNeBgxA-00103.jpg": {"object_bounding_box": {"x": 0, "y": 327, "w": 979, "h": 604}, "object_present": true}, "P697--wallet--clutter--r4SZC4bkVUyE_vmgYMF4DEaC51msuoRgtEkfZNeBgxA-00104.jpg": {"object_bounding_box": {"x": 0, "y": 315, "w": 966, "h": 583}, "object_present": true}, "P697--wallet--clutter--r4SZC4bkVUyE_vmgYMF4DEaC51msuoRgtEkfZNeBgxA-00105.jpg": {"object_bounding_box": {"x": 0, "y": 317, "w": 960, "h": 559}, "object_present": true}, "P697--wallet--clutter--r4SZC4bkVUyE_vmgYMF4DEaC51msuoRgtEkfZNeBgxA-00106.jpg": {"object_bounding_box": {"x": 0, "y": 316, "w": 952, "h": 550}, "object_present": true}, "P697--wallet--clutter--r4SZC4bkVUyE_vmgYMF4DEaC51msuoRgtEkfZNeBgxA-00107.jpg": {"object_bounding_box": {"x": 0, "y": 309, "w": 948, "h": 549}, "object_present": true}, "P697--wallet--clutter--r4SZC4bkVUyE_vmgYMF4DEaC51msuoRgtEkfZNeBgxA-00108.jpg": {"object_bounding_box": {"x": 0, "y": 306, "w": 945, "h": 540}, "object_present": true}, "P697--wallet--clutter--r4SZC4bkVUyE_vmgYMF4DEaC51msuoRgtEkfZNeBgxA-00109.jpg": {"object_bounding_box": {"x": 0, "y": 322, "w": 955, "h": 511}, "object_present": true}, "P697--wallet--clutter--r4SZC4bkVUyE_vmgYMF4DEaC51msuoRgtEkfZNeBgxA-00110.jpg": {"object_bounding_box": {"x": 0, "y": 330, "w": 934, "h": 500}, "object_present": true}, "P697--wallet--clutter--r4SZC4bkVUyE_vmgYMF4DEaC51msuoRgtEkfZNeBgxA-00111.jpg": {"object_bounding_box": {"x": 0, "y": 341, "w": 923, "h": 484}, "object_present": true}, "P697--wallet--clutter--r4SZC4bkVUyE_vmgYMF4DEaC51msuoRgtEkfZNeBgxA-00112.jpg": {"object_bounding_box": {"x": 0, "y": 319, "w": 905, "h": 499}, "object_present": true}, "P697--wallet--clutter--r4SZC4bkVUyE_vmgYMF4DEaC51msuoRgtEkfZNeBgxA-00113.jpg": {"object_bounding_box": {"x": 0, "y": 306, "w": 893, "h": 489}, "object_present": true}, "P697--wallet--clutter--r4SZC4bkVUyE_vmgYMF4DEaC51msuoRgtEkfZNeBgxA-00114.jpg": {"object_bounding_box": {"x": 0, "y": 293, "w": 879, "h": 474}, "object_present": true}, "P697--wallet--clutter--r4SZC4bkVUyE_vmgYMF4DEaC51msuoRgtEkfZNeBgxA-00115.jpg": {"object_bounding_box": {"x": 0, "y": 278, "w": 866, "h": 466}, "object_present": true}, "P697--wallet--clutter--r4SZC4bkVUyE_vmgYMF4DEaC51msuoRgtEkfZNeBgxA-00116.jpg": {"object_bounding_box": {"x": 22, "y": 279, "w": 838, "h": 441}, "object_present": true}, "P697--wallet--clutter--r4SZC4bkVUyE_vmgYMF4DEaC51msuoRgtEkfZNeBgxA-00117.jpg": {"object_bounding_box": {"x": 36, "y": 279, "w": 825, "h": 441}, "object_present": true}, "P697--wallet--clutter--r4SZC4bkVUyE_vmgYMF4DEaC51msuoRgtEkfZNeBgxA-00118.jpg": {"object_bounding_box": {"x": 47, "y": 286, "w": 814, "h": 434}, "object_present": true}, "P697--wallet--clutter--r4SZC4bkVUyE_vmgYMF4DEaC51msuoRgtEkfZNeBgxA-00119.jpg": {"object_bounding_box": {"x": 47, "y": 291, "w": 814, "h": 424}, "object_present": true}, "P697--wallet--clutter--r4SZC4bkVUyE_vmgYMF4DEaC51msuoRgtEkfZNeBgxA-00120.jpg": {"object_bounding_box": {"x": 47, "y": 290, "w": 810, "h": 417}, "object_present": true}, "P697--wallet--clutter--r4SZC4bkVUyE_vmgYMF4DEaC51msuoRgtEkfZNeBgxA-00121.jpg": {"object_bounding_box": {"x": 42, "y": 285, "w": 797, "h": 410}, "object_present": true}, "P697--wallet--clutter--r4SZC4bkVUyE_vmgYMF4DEaC51msuoRgtEkfZNeBgxA-00122.jpg": {"object_bounding_box": {"x": 34, "y": 285, "w": 789, "h": 399}, "object_present": true}, "P697--wallet--clutter--r4SZC4bkVUyE_vmgYMF4DEaC51msuoRgtEkfZNeBgxA-00123.jpg": {"object_bounding_box": {"x": 32, "y": 285, "w": 773, "h": 405}, "object_present": true}, "P697--wallet--clutter--r4SZC4bkVUyE_vmgYMF4DEaC51msuoRgtEkfZNeBgxA-00124.jpg": {"object_bounding_box": {"x": 32, "y": 315, "w": 756, "h": 384}, "object_present": true}, "P697--wallet--clutter--r4SZC4bkVUyE_vmgYMF4DEaC51msuoRgtEkfZNeBgxA-00125.jpg": {"object_bounding_box": {"x": 32, "y": 318, "w": 748, "h": 381}, "object_present": true}, "P697--wallet--clutter--r4SZC4bkVUyE_vmgYMF4DEaC51msuoRgtEkfZNeBgxA-00126.jpg": {"object_bounding_box": {"x": 53, "y": 330, "w": 730, "h": 368}, "object_present": true}, "P697--wallet--clutter--r4SZC4bkVUyE_vmgYMF4DEaC51msuoRgtEkfZNeBgxA-00127.jpg": {"object_bounding_box": {"x": 58, "y": 363, "w": 716, "h": 345}, "object_present": true}, "P697--wallet--clutter--r4SZC4bkVUyE_vmgYMF4DEaC51msuoRgtEkfZNeBgxA-00128.jpg": {"object_bounding_box": {"x": 75, "y": 363, "w": 708, "h": 363}, "object_present": true}, "P697--wallet--clutter--r4SZC4bkVUyE_vmgYMF4DEaC51msuoRgtEkfZNeBgxA-00129.jpg": {"object_bounding_box": {"x": 75, "y": 359, "w": 704, "h": 353}, "object_present": true}, "P697--wallet--clutter--r4SZC4bkVUyE_vmgYMF4DEaC51msuoRgtEkfZNeBgxA-00130.jpg": {"object_bounding_box": {"x": 90, "y": 349, "w": 696, "h": 347}, "object_present": true}, "P697--wallet--clutter--r4SZC4bkVUyE_vmgYMF4DEaC51msuoRgtEkfZNeBgxA-00131.jpg": {"object_bounding_box": {"x": 103, "y": 341, "w": 689, "h": 342}, "object_present": true}, "P697--wallet--clutter--r4SZC4bkVUyE_vmgYMF4DEaC51msuoRgtEkfZNeBgxA-00132.jpg": {"object_bounding_box": {"x": 103, "y": 352, "w": 690, "h": 333}, "object_present": true}, "P697--wallet--clutter--r4SZC4bkVUyE_vmgYMF4DEaC51msuoRgtEkfZNeBgxA-00133.jpg": {"object_bounding_box": {"x": 103, "y": 366, "w": 678, "h": 328}, "object_present": true}, "P697--wallet--clutter--r4SZC4bkVUyE_vmgYMF4DEaC51msuoRgtEkfZNeBgxA-00134.jpg": {"object_bounding_box": {"x": 84, "y": 375, "w": 679, "h": 315}, "object_present": true}, "P697--wallet--clutter--r4SZC4bkVUyE_vmgYMF4DEaC51msuoRgtEkfZNeBgxA-00135.jpg": {"object_bounding_box": {"x": 66, "y": 366, "w": 668, "h": 313}, "object_present": true}, "P697--wallet--clutter--r4SZC4bkVUyE_vmgYMF4DEaC51msuoRgtEkfZNeBgxA-00136.jpg": {"object_bounding_box": {"x": 56, "y": 347, "w": 659, "h": 308}, "object_present": true}, "P697--wallet--clutter--r4SZC4bkVUyE_vmgYMF4DEaC51msuoRgtEkfZNeBgxA-00137.jpg": {"object_bounding_box": {"x": 56, "y": 333, "w": 652, "h": 313}, "object_present": true}, "P697--wallet--clutter--r4SZC4bkVUyE_vmgYMF4DEaC51msuoRgtEkfZNeBgxA-00138.jpg": {"object_bounding_box": {"x": 56, "y": 337, "w": 648, "h": 306}, "object_present": true}, "P697--wallet--clutter--r4SZC4bkVUyE_vmgYMF4DEaC51msuoRgtEkfZNeBgxA-00139.jpg": {"object_bounding_box": {"x": 56, "y": 337, "w": 641, "h": 308}, "object_present": true}, "P697--wallet--clutter--r4SZC4bkVUyE_vmgYMF4DEaC51msuoRgtEkfZNeBgxA-00140.jpg": {"object_bounding_box": {"x": 56, "y": 338, "w": 648, "h": 310}, "object_present": true}, "P697--wallet--clutter--r4SZC4bkVUyE_vmgYMF4DEaC51msuoRgtEkfZNeBgxA-00141.jpg": {"object_bounding_box": {"x": 56, "y": 351, "w": 642, "h": 303}, "object_present": true}, "P697--wallet--clutter--r4SZC4bkVUyE_vmgYMF4DEaC51msuoRgtEkfZNeBgxA-00142.jpg": {"object_bounding_box": {"x": 52, "y": 364, "w": 632, "h": 300}, "object_present": true}, "P697--wallet--clutter--r4SZC4bkVUyE_vmgYMF4DEaC51msuoRgtEkfZNeBgxA-00143.jpg": {"object_bounding_box": {"x": 44, "y": 352, "w": 632, "h": 304}, "object_present": true}, "P697--wallet--clutter--r4SZC4bkVUyE_vmgYMF4DEaC51msuoRgtEkfZNeBgxA-00144.jpg": {"object_bounding_box": {"x": 44, "y": 343, "w": 623, "h": 299}, "object_present": true}, "P697--wallet--clutter--r4SZC4bkVUyE_vmgYMF4DEaC51msuoRgtEkfZNeBgxA-00145.jpg": {"object_bounding_box": {"x": 44, "y": 347, "w": 623, "h": 292}, "object_present": true}, "P697--wallet--clutter--r4SZC4bkVUyE_vmgYMF4DEaC51msuoRgtEkfZNeBgxA-00146.jpg": {"object_bounding_box": {"x": 62, "y": 352, "w": 611, "h": 295}, "object_present": true}, "P697--wallet--clutter--r4SZC4bkVUyE_vmgYMF4DEaC51msuoRgtEkfZNeBgxA-00147.jpg": {"object_bounding_box": {"x": 70, "y": 352, "w": 611, "h": 293}, "object_present": true}, "P697--wallet--clutter--r4SZC4bkVUyE_vmgYMF4DEaC51msuoRgtEkfZNeBgxA-00148.jpg": {"object_bounding_box": {"x": 69, "y": 355, "w": 612, "h": 288}, "object_present": true}, "P697--wallet--clutter--r4SZC4bkVUyE_vmgYMF4DEaC51msuoRgtEkfZNeBgxA-00149.jpg": {"object_bounding_box": {"x": 63, "y": 349, "w": 611, "h": 292}, "object_present": true}, "P697--wallet--clutter--r4SZC4bkVUyE_vmgYMF4DEaC51msuoRgtEkfZNeBgxA-00150.jpg": {"object_bounding_box": {"x": 60, "y": 352, "w": 616, "h": 285}, "object_present": true}, "P697--wallet--clutter--r4SZC4bkVUyE_vmgYMF4DEaC51msuoRgtEkfZNeBgxA-00151.jpg": {"object_bounding_box": {"x": 58, "y": 341, "w": 615, "h": 289}, "object_present": true}, "P697--wallet--clutter--r4SZC4bkVUyE_vmgYMF4DEaC51msuoRgtEkfZNeBgxA-00152.jpg": {"object_bounding_box": {"x": 58, "y": 327, "w": 615, "h": 296}, "object_present": true}, "P697--wallet--clutter--r4SZC4bkVUyE_vmgYMF4DEaC51msuoRgtEkfZNeBgxA-00153.jpg": {"object_bounding_box": {"x": 58, "y": 327, "w": 615, "h": 290}, "object_present": true}, "P697--wallet--clutter--r4SZC4bkVUyE_vmgYMF4DEaC51msuoRgtEkfZNeBgxA-00154.jpg": {"object_bounding_box": {"x": 68, "y": 321, "w": 608, "h": 290}, "object_present": true}, "P697--wallet--clutter--r4SZC4bkVUyE_vmgYMF4DEaC51msuoRgtEkfZNeBgxA-00155.jpg": {"object_bounding_box": {"x": 79, "y": 321, "w": 603, "h": 289}, "object_present": true}, "P697--wallet--clutter--r4SZC4bkVUyE_vmgYMF4DEaC51msuoRgtEkfZNeBgxA-00156.jpg": {"object_bounding_box": {"x": 79, "y": 321, "w": 607, "h": 289}, "object_present": true}, "P697--wallet--clutter--r4SZC4bkVUyE_vmgYMF4DEaC51msuoRgtEkfZNeBgxA-00157.jpg": {"object_bounding_box": {"x": 79, "y": 331, "w": 595, "h": 278}, "object_present": true}, "P697--wallet--clutter--r4SZC4bkVUyE_vmgYMF4DEaC51msuoRgtEkfZNeBgxA-00158.jpg": {"object_bounding_box": {"x": 88, "y": 334, "w": 577, "h": 276}, "object_present": true}, "P697--wallet--clutter--r4SZC4bkVUyE_vmgYMF4DEaC51msuoRgtEkfZNeBgxA-00159.jpg": {"object_bounding_box": {"x": 88, "y": 344, "w": 577, "h": 266}, "object_present": true}, "P697--wallet--clutter--r4SZC4bkVUyE_vmgYMF4DEaC51msuoRgtEkfZNeBgxA-00160.jpg": {"object_bounding_box": {"x": 88, "y": 348, "w": 573, "h": 268}, "object_present": true}, "P697--wallet--clutter--r4SZC4bkVUyE_vmgYMF4DEaC51msuoRgtEkfZNeBgxA-00161.jpg": {"object_bounding_box": {"x": 81, "y": 338, "w": 574, "h": 278}, "object_present": true}, "P697--wallet--clutter--r4SZC4bkVUyE_vmgYMF4DEaC51msuoRgtEkfZNeBgxA-00162.jpg": {"object_bounding_box": {"x": 81, "y": 348, "w": 574, "h": 268}, "object_present": true}, "P697--wallet--clutter--r4SZC4bkVUyE_vmgYMF4DEaC51msuoRgtEkfZNeBgxA-00163.jpg": {"object_bounding_box": {"x": 81, "y": 352, "w": 577, "h": 273}, "object_present": true}, "P697--wallet--clutter--r4SZC4bkVUyE_vmgYMF4DEaC51msuoRgtEkfZNeBgxA-00164.jpg": {"object_bounding_box": {"x": 81, "y": 359, "w": 579, "h": 273}, "object_present": true}, "P697--wallet--clutter--r4SZC4bkVUyE_vmgYMF4DEaC51msuoRgtEkfZNeBgxA-00165.jpg": {"object_bounding_box": {"x": 81, "y": 362, "w": 581, "h": 276}, "object_present": true}, "P697--wallet--clutter--r4SZC4bkVUyE_vmgYMF4DEaC51msuoRgtEkfZNeBgxA-00166.jpg": {"object_bounding_box": {"x": 81, "y": 362, "w": 583, "h": 278}, "object_present": true}, "P697--wallet--clutter--r4SZC4bkVUyE_vmgYMF4DEaC51msuoRgtEkfZNeBgxA-00167.jpg": {"object_bounding_box": {"x": 103, "y": 351, "w": 577, "h": 277}, "object_present": true}, "P697--wallet--clutter--r4SZC4bkVUyE_vmgYMF4DEaC51msuoRgtEkfZNeBgxA-00168.jpg": {"object_bounding_box": {"x": 103, "y": 341, "w": 591, "h": 281}, "object_present": true}, "P697--wallet--clutter--r4SZC4bkVUyE_vmgYMF4DEaC51msuoRgtEkfZNeBgxA-00169.jpg": {"object_bounding_box": {"x": 112, "y": 351, "w": 579, "h": 278}, "object_present": true}, "P697--wallet--clutter--r4SZC4bkVUyE_vmgYMF4DEaC51msuoRgtEkfZNeBgxA-00170.jpg": {"object_bounding_box": {"x": 112, "y": 360, "w": 575, "h": 275}, "object_present": true}, "P697--wallet--clutter--r4SZC4bkVUyE_vmgYMF4DEaC51msuoRgtEkfZNeBgxA-00171.jpg": {"object_bounding_box": {"x": 112, "y": 347, "w": 582, "h": 285}, "object_present": true}, "P697--wallet--clutter--r4SZC4bkVUyE_vmgYMF4DEaC51msuoRgtEkfZNeBgxA-00172.jpg": {"object_bounding_box": {"x": 112, "y": 337, "w": 582, "h": 288}, "object_present": true}, "P697--wallet--clutter--r4SZC4bkVUyE_vmgYMF4DEaC51msuoRgtEkfZNeBgxA-00173.jpg": {"object_bounding_box": {"x": 108, "y": 334, "w": 578, "h": 288}, "object_present": true}, "P697--wallet--clutter--r4SZC4bkVUyE_vmgYMF4DEaC51msuoRgtEkfZNeBgxA-00174.jpg": {"object_bounding_box": {"x": 108, "y": 337, "w": 577, "h": 285}, "object_present": true}, "P697--wallet--clutter--r4SZC4bkVUyE_vmgYMF4DEaC51msuoRgtEkfZNeBgxA-00175.jpg": {"object_bounding_box": {"x": 108, "y": 341, "w": 582, "h": 282}, "object_present": true}, "P697--wallet--clutter--r4SZC4bkVUyE_vmgYMF4DEaC51msuoRgtEkfZNeBgxA-00176.jpg": {"object_bounding_box": {"x": 108, "y": 342, "w": 584, "h": 285}, "object_present": true}, "P697--wallet--clutter--r4SZC4bkVUyE_vmgYMF4DEaC51msuoRgtEkfZNeBgxA-00177.jpg": {"object_bounding_box": {"x": 115, "y": 341, "w": 583, "h": 285}, "object_present": true}, "P697--wallet--clutter--r4SZC4bkVUyE_vmgYMF4DEaC51msuoRgtEkfZNeBgxA-00178.jpg": {"object_bounding_box": {"x": 123, "y": 332, "w": 581, "h": 288}, "object_present": true}, "P697--wallet--clutter--r4SZC4bkVUyE_vmgYMF4DEaC51msuoRgtEkfZNeBgxA-00179.jpg": {"object_bounding_box": {"x": 130, "y": 337, "w": 580, "h": 284}, "object_present": true}, "P697--wallet--clutter--r4SZC4bkVUyE_vmgYMF4DEaC51msuoRgtEkfZNeBgxA-00180.jpg": {"object_bounding_box": {"x": 129, "y": 338, "w": 591, "h": 288}, "object_present": true}, "P697--wallet--clutter--r4SZC4bkVUyE_vmgYMF4DEaC51msuoRgtEkfZNeBgxA-00181.jpg": {"object_bounding_box": {"x": 129, "y": 338, "w": 591, "h": 288}, "object_present": true}, "P697--wallet--clutter--r4SZC4bkVUyE_vmgYMF4DEaC51msuoRgtEkfZNeBgxA-00182.jpg": {"object_bounding_box": {"x": 97, "y": 353, "w": 580, "h": 290}, "object_present": true}, "P697--wallet--clutter--r4SZC4bkVUyE_vmgYMF4DEaC51msuoRgtEkfZNeBgxA-00183.jpg": {"object_bounding_box": {"x": 97, "y": 357, "w": 580, "h": 289}, "object_present": true}, "P697--wallet--clutter--r4SZC4bkVUyE_vmgYMF4DEaC51msuoRgtEkfZNeBgxA-00184.jpg": {"object_bounding_box": {"x": 107, "y": 357, "w": 575, "h": 291}, "object_present": true}, "P697--wallet--clutter--r4SZC4bkVUyE_vmgYMF4DEaC51msuoRgtEkfZNeBgxA-00185.jpg": {"object_bounding_box": {"x": 106, "y": 352, "w": 585, "h": 288}, "object_present": true}, "P697--wallet--clutter--r4SZC4bkVUyE_vmgYMF4DEaC51msuoRgtEkfZNeBgxA-00186.jpg": {"object_bounding_box": {"x": 90, "y": 358, "w": 584, "h": 283}, "object_present": true}, "P697--wallet--clutter--r4SZC4bkVUyE_vmgYMF4DEaC51msuoRgtEkfZNeBgxA-00187.jpg": {"object_bounding_box": {"x": 91, "y": 357, "w": 577, "h": 289}, "object_present": true}, "P697--wallet--clutter--r4SZC4bkVUyE_vmgYMF4DEaC51msuoRgtEkfZNeBgxA-00188.jpg": {"object_bounding_box": {"x": 91, "y": 349, "w": 581, "h": 291}, "object_present": true}, "P697--wallet--clutter--r4SZC4bkVUyE_vmgYMF4DEaC51msuoRgtEkfZNeBgxA-00189.jpg": {"object_bounding_box": {"x": 91, "y": 345, "w": 585, "h": 287}, "object_present": true}, "P697--wallet--clutter--r4SZC4bkVUyE_vmgYMF4DEaC51msuoRgtEkfZNeBgxA-00190.jpg": {"object_bounding_box": {"x": 91, "y": 344, "w": 585, "h": 288}, "object_present": true}, "P697--wallet--clutter--r4SZC4bkVUyE_vmgYMF4DEaC51msuoRgtEkfZNeBgxA-00191.jpg": {"object_bounding_box": {"x": 91, "y": 348, "w": 585, "h": 287}, "object_present": true}, "P697--wallet--clutter--r4SZC4bkVUyE_vmgYMF4DEaC51msuoRgtEkfZNeBgxA-00192.jpg": {"object_bounding_box": {"x": 99, "y": 355, "w": 577, "h": 289}, "object_present": true}, "P697--wallet--clutter--r4SZC4bkVUyE_vmgYMF4DEaC51msuoRgtEkfZNeBgxA-00193.jpg": {"object_bounding_box": {"x": 99, "y": 355, "w": 577, "h": 289}, "object_present": true}, "P697--wallet--clutter--r4SZC4bkVUyE_vmgYMF4DEaC51msuoRgtEkfZNeBgxA-00194.jpg": {"object_bounding_box": {"x": 99, "y": 357, "w": 578, "h": 286}, "object_present": true}, "P697--wallet--clutter--r4SZC4bkVUyE_vmgYMF4DEaC51msuoRgtEkfZNeBgxA-00195.jpg": {"object_bounding_box": {"x": 99, "y": 349, "w": 580, "h": 287}, "object_present": true}, "P697--wallet--clutter--r4SZC4bkVUyE_vmgYMF4DEaC51msuoRgtEkfZNeBgxA-00196.jpg": {"object_bounding_box": {"x": 99, "y": 344, "w": 579, "h": 289}, "object_present": true}, "P697--wallet--clutter--r4SZC4bkVUyE_vmgYMF4DEaC51msuoRgtEkfZNeBgxA-00197.jpg": {"object_bounding_box": {"x": 99, "y": 342, "w": 580, "h": 290}, "object_present": true}}