{"P744--baseball-cap--clutter--mIISRuVIDCEs2nQdAI6e8EB5YZ46Yz_68t3wq4skXqk-00001.jpg": {"object_bounding_box": {"x": 0, "y": 0, "w": 146, "h": 1080}, "object_not_present": false}, "P744--baseball-cap--clutter--mIISRuVIDCEs2nQdAI6e8EB5YZ46Yz_68t3wq4skXqk-00002.jpg": {"object_bounding_box": {"x": 0, "y": 0, "w": 155, "h": 1080}, "object_not_present": false}, "P744--baseball-cap--clutter--mIISRuVIDCEs2nQdAI6e8EB5YZ46Yz_68t3wq4skXqk-00003.jpg": {"object_bounding_box": {"x": 0, "y": 0, "w": 158, "h": 1080}, "object_not_present": false}, "P744--baseball-cap--clutter--mIISRuVIDCEs2nQdAI6e8EB5YZ46Yz_68t3wq4skXqk-00004.jpg": {"object_bounding_box": {"x": 0, "y": 0, "w": 158, "h": 1080}, "object_not_present": false}, "P744--baseball-cap--clutter--mIISRuVIDCEs2nQdAI6e8EB5YZ46Yz_68t3wq4skXqk-00005.jpg": {"object_bounding_box": {"x": 0, "y": 0, "w": 181, "h": 1080}, "object_not_present": false}, "P744--baseball-cap--clutter--mIISRuVIDCEs2nQdAI6e8EB5YZ46Yz_68t3wq4skXqk-00006.jpg": {"object_bounding_box": {"x": 0, "y": 0, "w": 194, "h": 1080}, "object_not_present": false}, "P744--baseball-cap--clutter--mIISRuVIDCEs2nQdAI6e8EB5YZ46Yz_68t3wq4skXqk-00007.jpg": {"object_bounding_box": {"x": 0, "y": 0, "w": 203, "h": 1080}, "object_not_present": false}, "P744--baseball-cap--clutter--mIISRuVIDCEs2nQdAI6e8EB5YZ46Yz_68t3wq4skXqk-00008.jpg": {"object_bounding_box": {"x": 0, "y": 0, "w": 218, "h": 1080}, "object_not_present": false}, "P744--baseball-cap--clutter--mIISRuVIDCEs2nQdAI6e8EB5YZ46Yz_68t3wq4skXqk-00009.jpg": {"object_bounding_box": {"x": 0, "y": 0, "w": 218, "h": 1080}, "object_not_present": false}, "P744--baseball-cap--clutter--mIISRuVIDCEs2nQdAI6e8EB5YZ46Yz_68t3wq4skXqk-00010.jpg": {"object_bounding_box": {"x": 0, "y": 0, "w": 226, "h": 1080}, "object_not_present": false}, "P744--baseball-cap--clutter--mIISRuVIDCEs2nQdAI6e8EB5YZ46Yz_68t3wq4skXqk-00011.jpg": {"object_bounding_box": {"x": 0, "y": 0, "w": 229, "h": 1080}, "object_not_present": false}, "P744--baseball-cap--clutter--mIISRuVIDCEs2nQdAI6e8EB5YZ46Yz_68t3wq4skXqk-00012.jpg": {"object_bounding_box": {"x": 0, "y": 0, "w": 232, "h": 1080}, "object_not_present": false}, "P744--baseball-cap--clutter--mIISRuVIDCEs2nQdAI6e8EB5YZ46Yz_68t3wq4skXqk-00013.jpg": {"object_bounding_box": {"x": 0, "y": 0, "w": 237, "h": 1080}, "object_not_present": false}, "P744--baseball-cap--clutter--mIISRuVIDCEs2nQdAI6e8EB5YZ46Yz_68t3wq4skXqk-00014.jpg": {"object_bounding_box": {"x": 0, "y": 0, "w": 243, "h": 1080}, "object_not_present": false}, "P744--baseball-cap--clutter--mIISRuVIDCEs2nQdAI6e8EB5YZ46Yz_68t3wq4skXqk-00015.jpg": {"object_bounding_box": {"x": 0, "y": 0, "w": 252, "h": 1080}, "object_not_present": false}, "P744--baseball-cap--clutter--mIISRuVIDCEs2nQdAI6e8EB5YZ46Yz_68t3wq4skXqk-00016.jpg": {"object_bounding_box": {"x": 0, "y": 0, "w": 257, "h": 1080}, "object_not_present": false}, "P744--baseball-cap--clutter--mIISRuVIDCEs2nQdAI6e8EB5YZ46Yz_68t3wq4skXqk-00017.jpg": {"object_bounding_box": {"x": 0, "y": 0, "w": 266, "h": 1080}, "object_not_present": false}, "P744--baseball-cap--clutter--mIISRuVIDCEs2nQdAI6e8EB5YZ46Yz_68t3wq4skXqk-00018.jpg": {"object_bounding_box": {"x": 0, "y": 0, "w": 271, "h": 1080}, "object_not_present": false}, "P744--baseball-cap--clutter--mIISRuVIDCEs2nQdAI6e8EB5YZ46Yz_68t3wq4skXqk-00019.jpg": {"object_bounding_box": {"x": 0, "y": 0, "w": 280, "h": 1080}, "object_not_present": false}, "P744--baseball-cap--clutter--mIISRuVIDCEs2nQdAI6e8EB5YZ46Yz_68t3wq4skXqk-00020.jpg": {"object_bounding_box": {"x": 0, "y": 0, "w": 287, "h": 1080}, "object_not_present": false}, "P744--baseball-cap--clutter--mIISRuVIDCEs2nQdAI6e8EB5YZ46Yz_68t3wq4skXqk-00021.jpg": {"object_bounding_box": {"x": 0, "y": 0, "w": 293, "h": 1080}, "object_not_present": false}, "P744--baseball-cap--clutter--mIISRuVIDCEs2nQdAI6e8EB5YZ46Yz_68t3wq4skXqk-00022.jpg": {"object_bounding_box": {"x": 0, "y": 0, "w": 297, "h": 1080}, "object_not_present": false}, "P744--baseball-cap--clutter--mIISRuVIDCEs2nQdAI6e8EB5YZ46Yz_68t3wq4skXqk-00023.jpg": {"object_bounding_box": {"x": 0, "y": 0, "w": 310, "h": 1080}, "object_not_present": false}, "P744--baseball-cap--clutter--mIISRuVIDCEs2nQdAI6e8EB5YZ46Yz_68t3wq4skXqk-00024.jpg": {"object_bounding_box": {"x": 0, "y": 0, "w": 318, "h": 1080}, "object_not_present": false}, "P744--baseball-cap--clutter--mIISRuVIDCEs2nQdAI6e8EB5YZ46Yz_68t3wq4skXqk-00025.jpg": {"object_bounding_box": {"x": 0, "y": 0, "w": 321, "h": 1080}, "object_not_present": false}, "P744--baseball-cap--clutter--mIISRuVIDCEs2nQdAI6e8EB5YZ46Yz_68t3wq4skXqk-00026.jpg": {"object_bounding_box": {"x": 0, "y": 0, "w": 330, "h": 1080}, "object_not_present": false}, "P744--baseball-cap--clutter--mIISRuVIDCEs2nQdAI6e8EB5YZ46Yz_68t3wq4skXqk-00027.jpg": {"object_bounding_box": {"x": 0, "y": 0, "w": 338, "h": 1080}, "object_not_present": false}, "P744--baseball-cap--clutter--mIISRuVIDCEs2nQdAI6e8EB5YZ46Yz_68t3wq4skXqk-00028.jpg": {"object_bounding_box": {"x": 0, "y": 0, "w": 345, "h": 1080}, "object_not_present": false}, "P744--baseball-cap--clutter--mIISRuVIDCEs2nQdAI6e8EB5YZ46Yz_68t3wq4skXqk-00029.jpg": {"object_bounding_box": {"x": 0, "y": 0, "w": 352, "h": 1080}, "object_not_present": false}, "P744--baseball-cap--clutter--mIISRuVIDCEs2nQdAI6e8EB5YZ46Yz_68t3wq4skXqk-00030.jpg": {"object_bounding_box": {"x": 0, "y": 0, "w": 355, "h": 1080}, "object_not_present": false}, "P744--baseball-cap--clutter--mIISRuVIDCEs2nQdAI6e8EB5YZ46Yz_68t3wq4skXqk-00031.jpg": {"object_bounding_box": {"x": 0, "y": 0, "w": 361, "h": 1080}, "object_not_present": false}, "P744--baseball-cap--clutter--mIISRuVIDCEs2nQdAI6e8EB5YZ46Yz_68t3wq4skXqk-00032.jpg": {"object_bounding_box": {"x": 0, "y": 0, "w": 364, "h": 1080}, "object_not_present": false}, "P744--baseball-cap--clutter--mIISRuVIDCEs2nQdAI6e8EB5YZ46Yz_68t3wq4skXqk-00033.jpg": {"object_bounding_box": {"x": 0, "y": 0, "w": 367, "h": 1080}, "object_not_present": false}, "P744--baseball-cap--clutter--mIISRuVIDCEs2nQdAI6e8EB5YZ46Yz_68t3wq4skXqk-00034.jpg": {"object_bounding_box": {"x": 0, "y": 0, "w": 369, "h": 1080}, "object_not_present": false}, "P744--baseball-cap--clutter--mIISRuVIDCEs2nQdAI6e8EB5YZ46Yz_68t3wq4skXqk-00035.jpg": {"object_bounding_box": {"x": 0, "y": 0, "w": 373, "h": 1080}, "object_not_present": false}, "P744--baseball-cap--clutter--mIISRuVIDCEs2nQdAI6e8EB5YZ46Yz_68t3wq4skXqk-00036.jpg": {"object_bounding_box": {"x": 0, "y": 0, "w": 370, "h": 1080}, "object_not_present": false}, "P744--baseball-cap--clutter--mIISRuVIDCEs2nQdAI6e8EB5YZ46Yz_68t3wq4skXqk-00037.jpg": {"object_bounding_box": {"x": 0, "y": 0, "w": 370, "h": 1080}, "object_not_present": false}, "P744--baseball-cap--clutter--mIISRuVIDCEs2nQdAI6e8EB5YZ46Yz_68t3wq4skXqk-00038.jpg": {"object_bounding_box": {"x": 0, "y": 0, "w": 373, "h": 1080}, "object_not_present": false}, "P744--baseball-cap--clutter--mIISRuVIDCEs2nQdAI6e8EB5YZ46Yz_68t3wq4skXqk-00039.jpg": {"object_bounding_box": {"x": 0, "y": 0, "w": 379, "h": 1080}, "object_not_present": false}, "P744--baseball-cap--clutter--mIISRuVIDCEs2nQdAI6e8EB5YZ46Yz_68t3wq4skXqk-00040.jpg": {"object_bounding_box": {"x": 0, "y": 0, "w": 381, "h": 1080}, "object_not_present": false}, "P744--baseball-cap--clutter--mIISRuVIDCEs2nQdAI6e8EB5YZ46Yz_68t3wq4skXqk-00041.jpg": {"object_bounding_box": {"x": 0, "y": 0, "w": 383, "h": 1080}, "object_not_present": false}, "P744--baseball-cap--clutter--mIISRuVIDCEs2nQdAI6e8EB5YZ46Yz_68t3wq4skXqk-00042.jpg": {"object_bounding_box": {"x": 0, "y": 0, "w": 387, "h": 1080}, "object_not_present": false}, "P744--baseball-cap--clutter--mIISRuVIDCEs2nQdAI6e8EB5YZ46Yz_68t3wq4skXqk-00043.jpg": {"object_bounding_box": {"x": 0, "y": 0, "w": 390, "h": 1080}, "object_not_present": false}, "P744--baseball-cap--clutter--mIISRuVIDCEs2nQdAI6e8EB5YZ46Yz_68t3wq4skXqk-00044.jpg": {"object_bounding_box": {"x": 0, "y": 0, "w": 395, "h": 1080}, "object_not_present": false}, "P744--baseball-cap--clutter--mIISRuVIDCEs2nQdAI6e8EB5YZ46Yz_68t3wq4skXqk-00045.jpg": {"object_bounding_box": {"x": 0, "y": 0, "w": 398, "h": 1080}, "object_not_present": false}, "P744--baseball-cap--clutter--mIISRuVIDCEs2nQdAI6e8EB5YZ46Yz_68t3wq4skXqk-00046.jpg": {"object_bounding_box": {"x": 0, "y": 0, "w": 400, "h": 1080}, "object_not_present": false}, "P744--baseball-cap--clutter--mIISRuVIDCEs2nQdAI6e8EB5YZ46Yz_68t3wq4skXqk-00047.jpg": {"object_bounding_box": {"x": 0, "y": 0, "w": 398, "h": 1080}, "object_not_present": false}, "P744--baseball-cap--clutter--mIISRuVIDCEs2nQdAI6e8EB5YZ46Yz_68t3wq4skXqk-00048.jpg": {"object_bounding_box": {"x": 0, "y": 0, "w": 398, "h": 1080}, "object_not_present": false}, "P744--baseball-cap--clutter--mIISRuVIDCEs2nQdAI6e8EB5YZ46Yz_68t3wq4skXqk-00049.jpg": {"object_bounding_box": {"x": 0, "y": 0, "w": 393, "h": 1080}, "object_not_present": false}, "P744--baseball-cap--clutter--mIISRuVIDCEs2nQdAI6e8EB5YZ46Yz_68t3wq4skXqk-00050.jpg": {"object_bounding_box": {"x": 0, "y": 0, "w": 394, "h": 1080}, "object_not_present": false}, "P744--baseball-cap--clutter--mIISRuVIDCEs2nQdAI6e8EB5YZ46Yz_68t3wq4skXqk-00051.jpg": {"object_bounding_box": {"x": 0, "y": 0, "w": 395, "h": 1080}, "object_not_present": false}, "P744--baseball-cap--clutter--mIISRuVIDCEs2nQdAI6e8EB5YZ46Yz_68t3wq4skXqk-00052.jpg": {"object_bounding_box": {"x": 0, "y": 0, "w": 395, "h": 1080}, "object_not_present": false}, "P744--baseball-cap--clutter--mIISRuVIDCEs2nQdAI6e8EB5YZ46Yz_68t3wq4skXqk-00053.jpg": {"object_bounding_box": {"x": 0, "y": 0, "w": 397, "h": 1080}, "object_not_present": false}, "P744--baseball-cap--clutter--mIISRuVIDCEs2nQdAI6e8EB5YZ46Yz_68t3wq4skXqk-00054.jpg": {"object_bounding_box": {"x": 0, "y": 0, "w": 398, "h": 1080}, "object_not_present": false}, "P744--baseball-cap--clutter--mIISRuVIDCEs2nQdAI6e8EB5YZ46Yz_68t3wq4skXqk-00055.jpg": {"object_bounding_box": {"x": 0, "y": 0, "w": 400, "h": 1080}, "object_not_present": false}, "P744--baseball-cap--clutter--mIISRuVIDCEs2nQdAI6e8EB5YZ46Yz_68t3wq4skXqk-00056.jpg": {"object_bounding_box": {"x": 0, "y": 0, "w": 404, "h": 1080}, "object_not_present": false}, "P744--baseball-cap--clutter--mIISRuVIDCEs2nQdAI6e8EB5YZ46Yz_68t3wq4skXqk-00057.jpg": {"object_bounding_box": {"x": 0, "y": 0, "w": 412, "h": 1080}, "object_not_present": false}, "P744--baseball-cap--clutter--mIISRuVIDCEs2nQdAI6e8EB5YZ46Yz_68t3wq4skXqk-00058.jpg": {"object_bounding_box": {"x": 0, "y": 0, "w": 419, "h": 1080}, "object_not_present": false}, "P744--baseball-cap--clutter--mIISRuVIDCEs2nQdAI6e8EB5YZ46Yz_68t3wq4skXqk-00059.jpg": {"object_bounding_box": {"x": 0, "y": 0, "w": 425, "h": 1080}, "object_not_present": false}, "P744--baseball-cap--clutter--mIISRuVIDCEs2nQdAI6e8EB5YZ46Yz_68t3wq4skXqk-00060.jpg": {"object_bounding_box": {"x": 0, "y": 0, "w": 428, "h": 1080}, "object_not_present": false}, "P744--baseball-cap--clutter--mIISRuVIDCEs2nQdAI6e8EB5YZ46Yz_68t3wq4skXqk-00061.jpg": {"object_bounding_box": {"x": 0, "y": 0, "w": 434, "h": 1080}, "object_not_present": false}, "P744--baseball-cap--clutter--mIISRuVIDCEs2nQdAI6e8EB5YZ46Yz_68t3wq4skXqk-00062.jpg": {"object_bounding_box": {"x": 0, "y": 0, "w": 438, "h": 1080}, "object_not_present": false}, "P744--baseball-cap--clutter--mIISRuVIDCEs2nQdAI6e8EB5YZ46Yz_68t3wq4skXqk-00063.jpg": {"object_bounding_box": {"x": 0, "y": 0, "w": 447, "h": 1080}, "object_not_present": false}, "P744--baseball-cap--clutter--mIISRuVIDCEs2nQdAI6e8EB5YZ46Yz_68t3wq4skXqk-00064.jpg": {"object_bounding_box": {"x": 0, "y": 0, "w": 451, "h": 1080}, "object_not_present": false}, "P744--baseball-cap--clutter--mIISRuVIDCEs2nQdAI6e8EB5YZ46Yz_68t3wq4skXqk-00065.jpg": {"object_bounding_box": {"x": 0, "y": 0, "w": 456, "h": 1080}, "object_not_present": false}, "P744--baseball-cap--clutter--mIISRuVIDCEs2nQdAI6e8EB5YZ46Yz_68t3wq4skXqk-00066.jpg": {"object_bounding_box": {"x": 0, "y": 0, "w": 461, "h": 1080}, "object_not_present": false}, "P744--baseball-cap--clutter--mIISRuVIDCEs2nQdAI6e8EB5YZ46Yz_68t3wq4skXqk-00067.jpg": {"object_bounding_box": {"x": 0, "y": 0, "w": 469, "h": 1080}, "object_not_present": false}, "P744--baseball-cap--clutter--mIISRuVIDCEs2nQdAI6e8EB5YZ46Yz_68t3wq4skXqk-00068.jpg": {"object_bounding_box": {"x": 0, "y": 0, "w": 472, "h": 1080}, "object_not_present": false}, "P744--baseball-cap--clutter--mIISRuVIDCEs2nQdAI6e8EB5YZ46Yz_68t3wq4skXqk-00069.jpg": {"object_bounding_box": {"x": 0, "y": 0, "w": 476, "h": 1080}, "object_not_present": false}, "P744--baseball-cap--clutter--mIISRuVIDCEs2nQdAI6e8EB5YZ46Yz_68t3wq4skXqk-00070.jpg": {"object_bounding_box": {"x": 0, "y": 0, "w": 477, "h": 1080}, "object_not_present": false}, "P744--baseball-cap--clutter--mIISRuVIDCEs2nQdAI6e8EB5YZ46Yz_68t3wq4skXqk-00071.jpg": {"object_bounding_box": {"x": 0, "y": 0, "w": 481, "h": 1080}, "object_not_present": false}, "P744--baseball-cap--clutter--mIISRuVIDCEs2nQdAI6e8EB5YZ46Yz_68t3wq4skXqk-00072.jpg": {"object_bounding_box": {"x": 0, "y": 0, "w": 485, "h": 1080}, "object_not_present": false}, "P744--baseball-cap--clutter--mIISRuVIDCEs2nQdAI6e8EB5YZ46Yz_68t3wq4skXqk-00073.jpg": {"object_bounding_box": {"x": 0, "y": 0, "w": 488, "h": 1080}, "object_not_present": false}, "P744--baseball-cap--clutter--mIISRuVIDCEs2nQdAI6e8EB5YZ46Yz_68t3wq4skXqk-00074.jpg": {"object_bounding_box": {"x": 0, "y": 0, "w": 496, "h": 1080}, "object_not_present": false}, "P744--baseball-cap--clutter--mIISRuVIDCEs2nQdAI6e8EB5YZ46Yz_68t3wq4skXqk-00075.jpg": {"object_bounding_box": {"x": 0, "y": 0, "w": 499, "h": 1077}, "object_not_present": false}, "P744--baseball-cap--clutter--mIISRuVIDCEs2nQdAI6e8EB5YZ46Yz_68t3wq4skXqk-00076.jpg": {"object_bounding_box": {"x": 0, "y": 0, "w": 504, "h": 1077}, "object_not_present": false}, "P744--baseball-cap--clutter--mIISRuVIDCEs2nQdAI6e8EB5YZ46Yz_68t3wq4skXqk-00077.jpg": {"object_bounding_box": {"x": 0, "y": 0, "w": 508, "h": 1064}, "object_not_present": false}, "P744--baseball-cap--clutter--mIISRuVIDCEs2nQdAI6e8EB5YZ46Yz_68t3wq4skXqk-00078.jpg": {"object_bounding_box": {"x": 0, "y": 0, "w": 509, "h": 1064}, "object_not_present": false}, "P744--baseball-cap--clutter--mIISRuVIDCEs2nQdAI6e8EB5YZ46Yz_68t3wq4skXqk-00079.jpg": {"object_bounding_box": {"x": 0, "y": 0, "w": 514, "h": 1051}, "object_not_present": false}, "P744--baseball-cap--clutter--mIISRuVIDCEs2nQdAI6e8EB5YZ46Yz_68t3wq4skXqk-00080.jpg": {"object_bounding_box": {"x": 0, "y": 0, "w": 518, "h": 1043}, "object_not_present": false}, "P744--baseball-cap--clutter--mIISRuVIDCEs2nQdAI6e8EB5YZ46Yz_68t3wq4skXqk-00081.jpg": {"object_bounding_box": {"x": 0, "y": 0, "w": 518, "h": 1043}, "object_not_present": false}, "P744--baseball-cap--clutter--mIISRuVIDCEs2nQdAI6e8EB5YZ46Yz_68t3wq4skXqk-00082.jpg": {"object_bounding_box": {"x": 0, "y": 0, "w": 527, "h": 1034}, "object_not_present": false}, "P744--baseball-cap--clutter--mIISRuVIDCEs2nQdAI6e8EB5YZ46Yz_68t3wq4skXqk-00083.jpg": {"object_bounding_box": {"x": 0, "y": 0, "w": 531, "h": 1023}, "object_not_present": false}, "P744--baseball-cap--clutter--mIISRuVIDCEs2nQdAI6e8EB5YZ46Yz_68t3wq4skXqk-00084.jpg": {"object_bounding_box": {"x": 0, "y": 0, "w": 531, "h": 1015}, "object_not_present": false}, "P744--baseball-cap--clutter--mIISRuVIDCEs2nQdAI6e8EB5YZ46Yz_68t3wq4skXqk-00085.jpg": {"object_bounding_box": {"x": 0, "y": 0, "w": 531, "h": 1015}, "object_not_present": false}, "P744--baseball-cap--clutter--mIISRuVIDCEs2nQdAI6e8EB5YZ46Yz_68t3wq4skXqk-00086.jpg": {"object_bounding_box": {"x": 0, "y": 0, "w": 540, "h": 1003}, "object_not_present": false}, "P744--baseball-cap--clutter--mIISRuVIDCEs2nQdAI6e8EB5YZ46Yz_68t3wq4skXqk-00087.jpg": {"object_bounding_box": {"x": 0, "y": 0, "w": 546, "h": 996}, "object_not_present": false}, "P744--baseball-cap--clutter--mIISRuVIDCEs2nQdAI6e8EB5YZ46Yz_68t3wq4skXqk-00088.jpg": {"object_bounding_box": {"x": 0, "y": 0, "w": 546, "h": 995}, "object_not_present": false}, "P744--baseball-cap--clutter--mIISRuVIDCEs2nQdAI6e8EB5YZ46Yz_68t3wq4skXqk-00089.jpg": {"object_bounding_box": {"x": 0, "y": 0, "w": 557, "h": 985}, "object_not_present": false}, "P744--baseball-cap--clutter--mIISRuVIDCEs2nQdAI6e8EB5YZ46Yz_68t3wq4skXqk-00090.jpg": {"object_bounding_box": {"x": 0, "y": 0, "w": 562, "h": 976}, "object_not_present": false}, "P744--baseball-cap--clutter--mIISRuVIDCEs2nQdAI6e8EB5YZ46Yz_68t3wq4skXqk-00091.jpg": {"object_bounding_box": {"x": 0, "y": 0, "w": 568, "h": 970}, "object_not_present": false}, "P744--baseball-cap--clutter--mIISRuVIDCEs2nQdAI6e8EB5YZ46Yz_68t3wq4skXqk-00092.jpg": {"object_bounding_box": {"x": 0, "y": 0, "w": 571, "h": 964}, "object_not_present": false}, "P744--baseball-cap--clutter--mIISRuVIDCEs2nQdAI6e8EB5YZ46Yz_68t3wq4skXqk-00093.jpg": {"object_bounding_box": {"x": 0, "y": 0, "w": 571, "h": 957}, "object_not_present": false}, "P744--baseball-cap--clutter--mIISRuVIDCEs2nQdAI6e8EB5YZ46Yz_68t3wq4skXqk-00094.jpg": {"object_bounding_box": {"x": 0, "y": 0, "w": 579, "h": 951}, "object_not_present": false}, "P744--baseball-cap--clutter--mIISRuVIDCEs2nQdAI6e8EB5YZ46Yz_68t3wq4skXqk-00095.jpg": {"object_bounding_box": {"x": 0, "y": 0, "w": 583, "h": 944}, "object_not_present": false}, "P744--baseball-cap--clutter--mIISRuVIDCEs2nQdAI6e8EB5YZ46Yz_68t3wq4skXqk-00096.jpg": {"object_bounding_box": {"x": 0, "y": 0, "w": 590, "h": 937}, "object_not_present": false}, "P744--baseball-cap--clutter--mIISRuVIDCEs2nQdAI6e8EB5YZ46Yz_68t3wq4skXqk-00097.jpg": {"object_bounding_box": {"x": 0, "y": 0, "w": 594, "h": 933}, "object_not_present": false}, "P744--baseball-cap--clutter--mIISRuVIDCEs2nQdAI6e8EB5YZ46Yz_68t3wq4skXqk-00098.jpg": {"object_bounding_box": {"x": 0, "y": 0, "w": 596, "h": 923}, "object_not_present": false}, "P744--baseball-cap--clutter--mIISRuVIDCEs2nQdAI6e8EB5YZ46Yz_68t3wq4skXqk-00099.jpg": {"object_bounding_box": {"x": 0, "y": 0, "w": 597, "h": 920}, "object_not_present": false}, "P744--baseball-cap--clutter--mIISRuVIDCEs2nQdAI6e8EB5YZ46Yz_68t3wq4skXqk-00100.jpg": {"object_bounding_box": {"x": 0, "y": 0, "w": 602, "h": 908}, "object_not_present": false}, "P744--baseball-cap--clutter--mIISRuVIDCEs2nQdAI6e8EB5YZ46Yz_68t3wq4skXqk-00101.jpg": {"object_bounding_box": {"x": 0, "y": 0, "w": 607, "h": 899}, "object_not_present": false}, "P744--baseball-cap--clutter--mIISRuVIDCEs2nQdAI6e8EB5YZ46Yz_68t3wq4skXqk-00102.jpg": {"object_bounding_box": {"x": 0, "y": 0, "w": 614, "h": 886}, "object_not_present": false}, "P744--baseball-cap--clutter--mIISRuVIDCEs2nQdAI6e8EB5YZ46Yz_68t3wq4skXqk-00103.jpg": {"object_bounding_box": {"x": 0, "y": 0, "w": 619, "h": 886}, "object_not_present": false}, "P744--baseball-cap--clutter--mIISRuVIDCEs2nQdAI6e8EB5YZ46Yz_68t3wq4skXqk-00104.jpg": {"object_bounding_box": {"x": 0, "y": 0, "w": 624, "h": 880}, "object_not_present": false}, "P744--baseball-cap--clutter--mIISRuVIDCEs2nQdAI6e8EB5YZ46Yz_68t3wq4skXqk-00105.jpg": {"object_bounding_box": {"x": 0, "y": 0, "w": 627, "h": 871}, "object_not_present": false}, "P744--baseball-cap--clutter--mIISRuVIDCEs2nQdAI6e8EB5YZ46Yz_68t3wq4skXqk-00106.jpg": {"object_bounding_box": {"x": 0, "y": 0, "w": 633, "h": 866}, "object_not_present": false}, "P744--baseball-cap--clutter--mIISRuVIDCEs2nQdAI6e8EB5YZ46Yz_68t3wq4skXqk-00107.jpg": {"object_bounding_box": {"x": 0, "y": 0, "w": 640, "h": 862}, "object_not_present": false}, "P744--baseball-cap--clutter--mIISRuVIDCEs2nQdAI6e8EB5YZ46Yz_68t3wq4skXqk-00108.jpg": {"object_bounding_box": {"x": 6, "y": 0, "w": 636, "h": 860}, "object_not_present": false}, "P744--baseball-cap--clutter--mIISRuVIDCEs2nQdAI6e8EB5YZ46Yz_68t3wq4skXqk-00109.jpg": {"object_bounding_box": {"x": 20, "y": 0, "w": 632, "h": 857}, "object_not_present": false}, "P744--baseball-cap--clutter--mIISRuVIDCEs2nQdAI6e8EB5YZ46Yz_68t3wq4skXqk-00110.jpg": {"object_bounding_box": {"x": 32, "y": 5, "w": 626, "h": 848}, "object_not_present": false}, "P744--baseball-cap--clutter--mIISRuVIDCEs2nQdAI6e8EB5YZ46Yz_68t3wq4skXqk-00111.jpg": {"object_bounding_box": {"x": 47, "y": 8, "w": 616, "h": 840}, "object_not_present": false}, "P744--baseball-cap--clutter--mIISRuVIDCEs2nQdAI6e8EB5YZ46Yz_68t3wq4skXqk-00112.jpg": {"object_bounding_box": {"x": 54, "y": 13, "w": 618, "h": 835}, "object_not_present": false}, "P744--baseball-cap--clutter--mIISRuVIDCEs2nQdAI6e8EB5YZ46Yz_68t3wq4skXqk-00113.jpg": {"object_bounding_box": {"x": 66, "y": 16, "w": 605, "h": 832}, "object_not_present": false}, "P744--baseball-cap--clutter--mIISRuVIDCEs2nQdAI6e8EB5YZ46Yz_68t3wq4skXqk-00114.jpg": {"object_bounding_box": {"x": 75, "y": 22, "w": 605, "h": 825}, "object_not_present": false}, "P744--baseball-cap--clutter--mIISRuVIDCEs2nQdAI6e8EB5YZ46Yz_68t3wq4skXqk-00115.jpg": {"object_bounding_box": {"x": 78, "y": 25, "w": 607, "h": 821}, "object_not_present": false}, "P744--baseball-cap--clutter--mIISRuVIDCEs2nQdAI6e8EB5YZ46Yz_68t3wq4skXqk-00116.jpg": {"object_bounding_box": {"x": 84, "y": 30, "w": 601, "h": 808}, "object_not_present": false}, "P744--baseball-cap--clutter--mIISRuVIDCEs2nQdAI6e8EB5YZ46Yz_68t3wq4skXqk-00117.jpg": {"object_bounding_box": {"x": 97, "y": 28, "w": 595, "h": 809}, "object_not_present": false}, "P744--baseball-cap--clutter--mIISRuVIDCEs2nQdAI6e8EB5YZ46Yz_68t3wq4skXqk-00118.jpg": {"object_bounding_box": {"x": 105, "y": 31, "w": 587, "h": 797}, "object_not_present": false}, "P744--baseball-cap--clutter--mIISRuVIDCEs2nQdAI6e8EB5YZ46Yz_68t3wq4skXqk-00119.jpg": {"object_bounding_box": {"x": 108, "y": 26, "w": 593, "h": 795}, "object_not_present": false}, "P744--baseball-cap--clutter--mIISRuVIDCEs2nQdAI6e8EB5YZ46Yz_68t3wq4skXqk-00120.jpg": {"object_bounding_box": {"x": 121, "y": 34, "w": 582, "h": 787}, "object_not_present": false}, "P744--baseball-cap--clutter--mIISRuVIDCEs2nQdAI6e8EB5YZ46Yz_68t3wq4skXqk-00121.jpg": {"object_bounding_box": {"x": 142, "y": 42, "w": 565, "h": 780}, "object_not_present": false}, "P744--baseball-cap--clutter--mIISRuVIDCEs2nQdAI6e8EB5YZ46Yz_68t3wq4skXqk-00122.jpg": {"object_bounding_box": {"x": 145, "y": 39, "w": 562, "h": 772}, "object_not_present": false}, "P744--baseball-cap--clutter--mIISRuVIDCEs2nQdAI6e8EB5YZ46Yz_68t3wq4skXqk-00123.jpg": {"object_bounding_box": {"x": 151, "y": 34, "w": 562, "h": 767}, "object_not_present": false}, "P744--baseball-cap--clutter--mIISRuVIDCEs2nQdAI6e8EB5YZ46Yz_68t3wq4skXqk-00124.jpg": {"object_bounding_box": {"x": 159, "y": 37, "w": 558, "h": 763}, "object_not_present": false}, "P744--baseball-cap--clutter--mIISRuVIDCEs2nQdAI6e8EB5YZ46Yz_68t3wq4skXqk-00125.jpg": {"object_bounding_box": {"x": 165, "y": 34, "w": 554, "h": 760}, "object_not_present": false}, "P744--baseball-cap--clutter--mIISRuVIDCEs2nQdAI6e8EB5YZ46Yz_68t3wq4skXqk-00126.jpg": {"object_bounding_box": {"x": 166, "y": 31, "w": 553, "h": 758}, "object_not_present": false}, "P744--baseball-cap--clutter--mIISRuVIDCEs2nQdAI6e8EB5YZ46Yz_68t3wq4skXqk-00127.jpg": {"object_bounding_box": {"x": 165, "y": 26, "w": 553, "h": 753}, "object_not_present": false}, "P744--baseball-cap--clutter--mIISRuVIDCEs2nQdAI6e8EB5YZ46Yz_68t3wq4skXqk-00128.jpg": {"object_bounding_box": {"x": 165, "y": 20, "w": 548, "h": 749}, "object_not_present": false}, "P744--baseball-cap--clutter--mIISRuVIDCEs2nQdAI6e8EB5YZ46Yz_68t3wq4skXqk-00129.jpg": {"object_bounding_box": {"x": 155, "y": 19, "w": 550, "h": 741}, "object_not_present": false}, "P744--baseball-cap--clutter--mIISRuVIDCEs2nQdAI6e8EB5YZ46Yz_68t3wq4skXqk-00130.jpg": {"object_bounding_box": {"x": 154, "y": 16, "w": 547, "h": 733}, "object_not_present": false}, "P744--baseball-cap--clutter--mIISRuVIDCEs2nQdAI6e8EB5YZ46Yz_68t3wq4skXqk-00131.jpg": {"object_bounding_box": {"x": 154, "y": 11, "w": 536, "h": 738}, "object_not_present": false}, "P744--baseball-cap--clutter--mIISRuVIDCEs2nQdAI6e8EB5YZ46Yz_68t3wq4skXqk-00132.jpg": {"object_bounding_box": {"x": 148, "y": 13, "w": 536, "h": 729}, "object_not_present": false}, "P744--baseball-cap--clutter--mIISRuVIDCEs2nQdAI6e8EB5YZ46Yz_68t3wq4skXqk-00133.jpg": {"object_bounding_box": {"x": 143, "y": 16, "w": 534, "h": 727}, "object_not_present": false}, "P744--baseball-cap--clutter--mIISRuVIDCEs2nQdAI6e8EB5YZ46Yz_68t3wq4skXqk-00134.jpg": {"object_bounding_box": {"x": 143, "y": 19, "w": 534, "h": 721}, "object_not_present": false}, "P744--baseball-cap--clutter--mIISRuVIDCEs2nQdAI6e8EB5YZ46Yz_68t3wq4skXqk-00135.jpg": {"object_bounding_box": {"x": 148, "y": 19, "w": 530, "h": 718}, "object_not_present": false}, "P744--baseball-cap--clutter--mIISRuVIDCEs2nQdAI6e8EB5YZ46Yz_68t3wq4skXqk-00136.jpg": {"object_bounding_box": {"x": 148, "y": 19, "w": 530, "h": 718}, "object_not_present": false}, "P744--baseball-cap--clutter--mIISRuVIDCEs2nQdAI6e8EB5YZ46Yz_68t3wq4skXqk-00137.jpg": {"object_bounding_box": {"x": 155, "y": 31, "w": 519, "h": 705}, "object_not_present": false}, "P744--baseball-cap--clutter--mIISRuVIDCEs2nQdAI6e8EB5YZ46Yz_68t3wq4skXqk-00138.jpg": {"object_bounding_box": {"x": 158, "y": 36, "w": 517, "h": 700}, "object_not_present": false}, "P744--baseball-cap--clutter--mIISRuVIDCEs2nQdAI6e8EB5YZ46Yz_68t3wq4skXqk-00139.jpg": {"object_bounding_box": {"x": 162, "y": 47, "w": 513, "h": 690}, "object_not_present": false}, "P744--baseball-cap--clutter--mIISRuVIDCEs2nQdAI6e8EB5YZ46Yz_68t3wq4skXqk-00140.jpg": {"object_bounding_box": {"x": 162, "y": 56, "w": 510, "h": 680}, "object_not_present": false}, "P744--baseball-cap--clutter--mIISRuVIDCEs2nQdAI6e8EB5YZ46Yz_68t3wq4skXqk-00141.jpg": {"object_bounding_box": {"x": 166, "y": 65, "w": 506, "h": 671}, "object_not_present": false}, "P744--baseball-cap--clutter--mIISRuVIDCEs2nQdAI6e8EB5YZ46Yz_68t3wq4skXqk-00142.jpg": {"object_bounding_box": {"x": 167, "y": 71, "w": 501, "h": 665}, "object_not_present": false}, "P744--baseball-cap--clutter--mIISRuVIDCEs2nQdAI6e8EB5YZ46Yz_68t3wq4skXqk-00143.jpg": {"object_bounding_box": {"x": 168, "y": 69, "w": 500, "h": 674}, "object_not_present": false}, "P744--baseball-cap--clutter--mIISRuVIDCEs2nQdAI6e8EB5YZ46Yz_68t3wq4skXqk-00144.jpg": {"object_bounding_box": {"x": 175, "y": 70, "w": 493, "h": 673}, "object_not_present": false}, "P744--baseball-cap--clutter--mIISRuVIDCEs2nQdAI6e8EB5YZ46Yz_68t3wq4skXqk-00145.jpg": {"object_bounding_box": {"x": 175, "y": 71, "w": 493, "h": 671}, "object_not_present": false}, "P744--baseball-cap--clutter--mIISRuVIDCEs2nQdAI6e8EB5YZ46Yz_68t3wq4skXqk-00146.jpg": {"object_bounding_box": {"x": 175, "y": 72, "w": 489, "h": 660}, "object_not_present": false}, "P744--baseball-cap--clutter--mIISRuVIDCEs2nQdAI6e8EB5YZ46Yz_68t3wq4skXqk-00147.jpg": {"object_bounding_box": {"x": 175, "y": 74, "w": 489, "h": 659}, "object_not_present": false}, "P744--baseball-cap--clutter--mIISRuVIDCEs2nQdAI6e8EB5YZ46Yz_68t3wq4skXqk-00148.jpg": {"object_bounding_box": {"x": 175, "y": 74, "w": 486, "h": 649}, "object_not_present": false}, "P744--baseball-cap--clutter--mIISRuVIDCEs2nQdAI6e8EB5YZ46Yz_68t3wq4skXqk-00149.jpg": {"object_bounding_box": {"x": 178, "y": 70, "w": 483, "h": 649}, "object_not_present": false}, "P744--baseball-cap--clutter--mIISRuVIDCEs2nQdAI6e8EB5YZ46Yz_68t3wq4skXqk-00150.jpg": {"object_bounding_box": {"x": 178, "y": 65, "w": 483, "h": 647}, "object_not_present": false}, "P744--baseball-cap--clutter--mIISRuVIDCEs2nQdAI6e8EB5YZ46Yz_68t3wq4skXqk-00151.jpg": {"object_bounding_box": {"x": 178, "y": 61, "w": 483, "h": 639}, "object_not_present": false}, "P744--baseball-cap--clutter--mIISRuVIDCEs2nQdAI6e8EB5YZ46Yz_68t3wq4skXqk-00152.jpg": {"object_bounding_box": {"x": 180, "y": 57, "w": 482, "h": 643}, "object_not_present": false}, "P744--baseball-cap--clutter--mIISRuVIDCEs2nQdAI6e8EB5YZ46Yz_68t3wq4skXqk-00153.jpg": {"object_bounding_box": {"x": 180, "y": 65, "w": 475, "h": 635}, "object_not_present": false}, "P744--baseball-cap--clutter--mIISRuVIDCEs2nQdAI6e8EB5YZ46Yz_68t3wq4skXqk-00154.jpg": {"object_bounding_box": {"x": 180, "y": 74, "w": 470, "h": 626}, "object_not_present": false}, "P744--baseball-cap--clutter--mIISRuVIDCEs2nQdAI6e8EB5YZ46Yz_68t3wq4skXqk-00155.jpg": {"object_bounding_box": {"x": 180, "y": 82, "w": 467, "h": 618}, "object_not_present": false}, "P744--baseball-cap--clutter--mIISRuVIDCEs2nQdAI6e8EB5YZ46Yz_68t3wq4skXqk-00156.jpg": {"object_bounding_box": {"x": 180, "y": 82, "w": 467, "h": 618}, "object_not_present": false}, "P744--baseball-cap--clutter--mIISRuVIDCEs2nQdAI6e8EB5YZ46Yz_68t3wq4skXqk-00157.jpg": {"object_bounding_box": {"x": 180, "y": 83, "w": 464, "h": 617}, "object_not_present": false}, "P744--baseball-cap--clutter--mIISRuVIDCEs2nQdAI6e8EB5YZ46Yz_68t3wq4skXqk-00158.jpg": {"object_bounding_box": {"x": 180, "y": 82, "w": 458, "h": 615}, "object_not_present": false}, "P744--baseball-cap--clutter--mIISRuVIDCEs2nQdAI6e8EB5YZ46Yz_68t3wq4skXqk-00159.jpg": {"object_bounding_box": {"x": 180, "y": 88, "w": 458, "h": 608}, "object_not_present": false}, "P744--baseball-cap--clutter--mIISRuVIDCEs2nQdAI6e8EB5YZ46Yz_68t3wq4skXqk-00160.jpg": {"object_bounding_box": {"x": 182, "y": 97, "w": 452, "h": 599}, "object_not_present": false}, "P744--baseball-cap--clutter--mIISRuVIDCEs2nQdAI6e8EB5YZ46Yz_68t3wq4skXqk-00161.jpg": {"object_bounding_box": {"x": 182, "y": 102, "w": 452, "h": 596}, "object_not_present": false}, "P744--baseball-cap--clutter--mIISRuVIDCEs2nQdAI6e8EB5YZ46Yz_68t3wq4skXqk-00162.jpg": {"object_bounding_box": {"x": 185, "y": 106, "w": 448, "h": 593}, "object_not_present": false}, "P744--baseball-cap--clutter--mIISRuVIDCEs2nQdAI6e8EB5YZ46Yz_68t3wq4skXqk-00163.jpg": {"object_bounding_box": {"x": 190, "y": 109, "w": 443, "h": 593}, "object_not_present": false}, "P744--baseball-cap--clutter--mIISRuVIDCEs2nQdAI6e8EB5YZ46Yz_68t3wq4skXqk-00164.jpg": {"object_bounding_box": {"x": 195, "y": 109, "w": 438, "h": 593}, "object_not_present": false}, "P744--baseball-cap--clutter--mIISRuVIDCEs2nQdAI6e8EB5YZ46Yz_68t3wq4skXqk-00165.jpg": {"object_bounding_box": {"x": 204, "y": 109, "w": 429, "h": 584}, "object_not_present": false}, "P744--baseball-cap--clutter--mIISRuVIDCEs2nQdAI6e8EB5YZ46Yz_68t3wq4skXqk-00166.jpg": {"object_bounding_box": {"x": 204, "y": 109, "w": 433, "h": 584}, "object_not_present": false}, "P744--baseball-cap--clutter--mIISRuVIDCEs2nQdAI6e8EB5YZ46Yz_68t3wq4skXqk-00167.jpg": {"object_bounding_box": {"x": 204, "y": 116, "w": 429, "h": 575}, "object_not_present": false}, "P744--baseball-cap--clutter--mIISRuVIDCEs2nQdAI6e8EB5YZ46Yz_68t3wq4skXqk-00168.jpg": {"object_bounding_box": {"x": 199, "y": 122, "w": 426, "h": 572}, "object_not_present": false}, "P744--baseball-cap--clutter--mIISRuVIDCEs2nQdAI6e8EB5YZ46Yz_68t3wq4skXqk-00169.jpg": {"object_bounding_box": {"x": 199, "y": 122, "w": 426, "h": 568}, "object_not_present": false}, "P744--baseball-cap--clutter--mIISRuVIDCEs2nQdAI6e8EB5YZ46Yz_68t3wq4skXqk-00170.jpg": {"object_bounding_box": {"x": 199, "y": 115, "w": 427, "h": 571}, "object_not_present": false}, "P744--baseball-cap--clutter--mIISRuVIDCEs2nQdAI6e8EB5YZ46Yz_68t3wq4skXqk-00171.jpg": {"object_bounding_box": {"x": 199, "y": 110, "w": 427, "h": 568}, "object_not_present": false}, "P744--baseball-cap--clutter--mIISRuVIDCEs2nQdAI6e8EB5YZ46Yz_68t3wq4skXqk-00172.jpg": {"object_bounding_box": {"x": 203, "y": 105, "w": 424, "h": 567}, "object_not_present": false}, "P744--baseball-cap--clutter--mIISRuVIDCEs2nQdAI6e8EB5YZ46Yz_68t3wq4skXqk-00173.jpg": {"object_bounding_box": {"x": 203, "y": 100, "w": 424, "h": 564}, "object_not_present": false}, "P744--baseball-cap--clutter--mIISRuVIDCEs2nQdAI6e8EB5YZ46Yz_68t3wq4skXqk-00174.jpg": {"object_bounding_box": {"x": 203, "y": 100, "w": 424, "h": 564}, "object_not_present": false}, "P744--baseball-cap--clutter--mIISRuVIDCEs2nQdAI6e8EB5YZ46Yz_68t3wq4skXqk-00175.jpg": {"object_bounding_box": {"x": 207, "y": 103, "w": 420, "h": 560}, "object_not_present": false}, "P744--baseball-cap--clutter--mIISRuVIDCEs2nQdAI6e8EB5YZ46Yz_68t3wq4skXqk-00176.jpg": {"object_bounding_box": {"x": 212, "y": 102, "w": 415, "h": 558}, "object_not_present": false}, "P744--baseball-cap--clutter--mIISRuVIDCEs2nQdAI6e8EB5YZ46Yz_68t3wq4skXqk-00177.jpg": {"object_bounding_box": {"x": 215, "y": 105, "w": 416, "h": 555}, "object_not_present": false}, "P744--baseball-cap--clutter--mIISRuVIDCEs2nQdAI6e8EB5YZ46Yz_68t3wq4skXqk-00178.jpg": {"object_bounding_box": {"x": 220, "y": 102, "w": 411, "h": 549}, "object_not_present": false}, "P744--baseball-cap--clutter--mIISRuVIDCEs2nQdAI6e8EB5YZ46Yz_68t3wq4skXqk-00179.jpg": {"object_bounding_box": {"x": 220, "y": 102, "w": 411, "h": 546}, "object_not_present": false}, "P744--baseball-cap--clutter--mIISRuVIDCEs2nQdAI6e8EB5YZ46Yz_68t3wq4skXqk-00180.jpg": {"object_bounding_box": {"x": 226, "y": 102, "w": 407, "h": 545}, "object_not_present": false}, "P744--baseball-cap--clutter--mIISRuVIDCEs2nQdAI6e8EB5YZ46Yz_68t3wq4skXqk-00181.jpg": {"object_bounding_box": {"x": 235, "y": 103, "w": 402, "h": 542}, "object_not_present": false}, "P744--baseball-cap--clutter--mIISRuVIDCEs2nQdAI6e8EB5YZ46Yz_68t3wq4skXqk-00182.jpg": {"object_bounding_box": {"x": 235, "y": 103, "w": 404, "h": 542}, "object_not_present": false}, "P744--baseball-cap--clutter--mIISRuVIDCEs2nQdAI6e8EB5YZ46Yz_68t3wq4skXqk-00183.jpg": {"object_bounding_box": {"x": 235, "y": 103, "w": 404, "h": 537}, "object_not_present": false}, "P744--baseball-cap--clutter--mIISRuVIDCEs2nQdAI6e8EB5YZ46Yz_68t3wq4skXqk-00184.jpg": {"object_bounding_box": {"x": 235, "y": 102, "w": 399, "h": 535}, "object_not_present": false}, "P744--baseball-cap--clutter--mIISRuVIDCEs2nQdAI6e8EB5YZ46Yz_68t3wq4skXqk-00185.jpg": {"object_bounding_box": {"x": 230, "y": 106, "w": 402, "h": 531}, "object_not_present": false}, "P744--baseball-cap--clutter--mIISRuVIDCEs2nQdAI6e8EB5YZ46Yz_68t3wq4skXqk-00186.jpg": {"object_bounding_box": {"x": 230, "y": 112, "w": 396, "h": 524}, "object_not_present": false}, "P744--baseball-cap--clutter--mIISRuVIDCEs2nQdAI6e8EB5YZ46Yz_68t3wq4skXqk-00187.jpg": {"object_bounding_box": {"x": 230, "y": 114, "w": 396, "h": 523}, "object_not_present": false}, "P744--baseball-cap--clutter--mIISRuVIDCEs2nQdAI6e8EB5YZ46Yz_68t3wq4skXqk-00188.jpg": {"object_bounding_box": {"x": 230, "y": 114, "w": 395, "h": 523}, "object_not_present": false}, "P744--baseball-cap--clutter--mIISRuVIDCEs2nQdAI6e8EB5YZ46Yz_68t3wq4skXqk-00189.jpg": {"object_bounding_box": {"x": 230, "y": 114, "w": 395, "h": 523}, "object_not_present": false}, "P744--baseball-cap--clutter--mIISRuVIDCEs2nQdAI6e8EB5YZ46Yz_68t3wq4skXqk-00190.jpg": {"object_bounding_box": {"x": 236, "y": 112, "w": 389, "h": 517}, "object_not_present": false}, "P744--baseball-cap--clutter--mIISRuVIDCEs2nQdAI6e8EB5YZ46Yz_68t3wq4skXqk-00191.jpg": {"object_bounding_box": {"x": 239, "y": 111, "w": 386, "h": 519}, "object_not_present": false}, "P744--baseball-cap--clutter--mIISRuVIDCEs2nQdAI6e8EB5YZ46Yz_68t3wq4skXqk-00192.jpg": {"object_bounding_box": {"x": 243, "y": 110, "w": 382, "h": 515}, "object_not_present": false}, "P744--baseball-cap--clutter--mIISRuVIDCEs2nQdAI6e8EB5YZ46Yz_68t3wq4skXqk-00193.jpg": {"object_bounding_box": {"x": 247, "y": 112, "w": 386, "h": 508}, "object_not_present": false}, "P744--baseball-cap--clutter--mIISRuVIDCEs2nQdAI6e8EB5YZ46Yz_68t3wq4skXqk-00194.jpg": {"object_bounding_box": {"x": 255, "y": 115, "w": 379, "h": 506}, "object_not_present": false}, "P744--baseball-cap--clutter--mIISRuVIDCEs2nQdAI6e8EB5YZ46Yz_68t3wq4skXqk-00195.jpg": {"object_bounding_box": {"x": 260, "y": 115, "w": 374, "h": 506}, "object_not_present": false}, "P744--baseball-cap--clutter--mIISRuVIDCEs2nQdAI6e8EB5YZ46Yz_68t3wq4skXqk-00196.jpg": {"object_bounding_box": {"x": 260, "y": 115, "w": 379, "h": 506}, "object_not_present": false}, "P744--baseball-cap--clutter--mIISRuVIDCEs2nQdAI6e8EB5YZ46Yz_68t3wq4skXqk-00197.jpg": {"object_bounding_box": {"x": 262, "y": 117, "w": 377, "h": 503}, "object_not_present": false}, "P744--baseball-cap--clutter--mIISRuVIDCEs2nQdAI6e8EB5YZ46Yz_68t3wq4skXqk-00198.jpg": {"object_bounding_box": {"x": 269, "y": 119, "w": 370, "h": 502}, "object_not_present": false}, "P744--baseball-cap--clutter--mIISRuVIDCEs2nQdAI6e8EB5YZ46Yz_68t3wq4skXqk-00199.jpg": {"object_bounding_box": {"x": 271, "y": 119, "w": 373, "h": 502}, "object_not_present": false}, "P744--baseball-cap--clutter--mIISRuVIDCEs2nQdAI6e8EB5YZ46Yz_68t3wq4skXqk-00200.jpg": {"object_bounding_box": {"x": 273, "y": 119, "w": 371, "h": 502}, "object_not_present": false}, "P744--baseball-cap--clutter--mIISRuVIDCEs2nQdAI6e8EB5YZ46Yz_68t3wq4skXqk-00201.jpg": {"object_bounding_box": {"x": 270, "y": 124, "w": 370, "h": 493}, "object_not_present": false}, "P744--baseball-cap--clutter--mIISRuVIDCEs2nQdAI6e8EB5YZ46Yz_68t3wq4skXqk-00202.jpg": {"object_bounding_box": {"x": 274, "y": 124, "w": 369, "h": 492}, "object_not_present": false}, "P744--baseball-cap--clutter--mIISRuVIDCEs2nQdAI6e8EB5YZ46Yz_68t3wq4skXqk-00203.jpg": {"object_bounding_box": {"x": 280, "y": 120, "w": 362, "h": 489}, "object_not_present": false}, "P744--baseball-cap--clutter--mIISRuVIDCEs2nQdAI6e8EB5YZ46Yz_68t3wq4skXqk-00204.jpg": {"object_bounding_box": {"x": 280, "y": 112, "w": 368, "h": 488}, "object_not_present": false}, "P744--baseball-cap--clutter--mIISRuVIDCEs2nQdAI6e8EB5YZ46Yz_68t3wq4skXqk-00205.jpg": {"object_bounding_box": {"x": 284, "y": 110, "w": 366, "h": 490}, "object_not_present": false}, "P744--baseball-cap--clutter--mIISRuVIDCEs2nQdAI6e8EB5YZ46Yz_68t3wq4skXqk-00206.jpg": {"object_bounding_box": {"x": 287, "y": 111, "w": 364, "h": 488}, "object_not_present": false}, "P744--baseball-cap--clutter--mIISRuVIDCEs2nQdAI6e8EB5YZ46Yz_68t3wq4skXqk-00207.jpg": {"object_bounding_box": {"x": 287, "y": 115, "w": 366, "h": 484}, "object_not_present": false}, "P744--baseball-cap--clutter--mIISRuVIDCEs2nQdAI6e8EB5YZ46Yz_68t3wq4skXqk-00208.jpg": {"object_bounding_box": {"x": 289, "y": 108, "w": 364, "h": 484}, "object_not_present": false}, "P744--baseball-cap--clutter--mIISRuVIDCEs2nQdAI6e8EB5YZ46Yz_68t3wq4skXqk-00209.jpg": {"object_bounding_box": {"x": 289, "y": 108, "w": 364, "h": 480}, "object_not_present": false}, "P744--baseball-cap--clutter--mIISRuVIDCEs2nQdAI6e8EB5YZ46Yz_68t3wq4skXqk-00210.jpg": {"object_bounding_box": {"x": 293, "y": 108, "w": 360, "h": 480}, "object_not_present": false}, "P744--baseball-cap--clutter--mIISRuVIDCEs2nQdAI6e8EB5YZ46Yz_68t3wq4skXqk-00211.jpg": {"object_bounding_box": {"x": 297, "y": 108, "w": 356, "h": 479}, "object_not_present": false}, "P744--baseball-cap--clutter--mIISRuVIDCEs2nQdAI6e8EB5YZ46Yz_68t3wq4skXqk-00212.jpg": {"object_bounding_box": {"x": 297, "y": 108, "w": 356, "h": 474}, "object_not_present": false}, "P744--baseball-cap--clutter--mIISRuVIDCEs2nQdAI6e8EB5YZ46Yz_68t3wq4skXqk-00213.jpg": {"object_bounding_box": {"x": 299, "y": 110, "w": 355, "h": 472}, "object_not_present": false}, "P744--baseball-cap--clutter--mIISRuVIDCEs2nQdAI6e8EB5YZ46Yz_68t3wq4skXqk-00214.jpg": {"object_bounding_box": {"x": 295, "y": 115, "w": 353, "h": 468}, "object_not_present": false}, "P744--baseball-cap--clutter--mIISRuVIDCEs2nQdAI6e8EB5YZ46Yz_68t3wq4skXqk-00215.jpg": {"object_bounding_box": {"x": 292, "y": 115, "w": 356, "h": 468}, "object_not_present": false}, "P744--baseball-cap--clutter--mIISRuVIDCEs2nQdAI6e8EB5YZ46Yz_68t3wq4skXqk-00216.jpg": {"object_bounding_box": {"x": 288, "y": 115, "w": 351, "h": 468}, "object_not_present": false}, "P744--baseball-cap--clutter--mIISRuVIDCEs2nQdAI6e8EB5YZ46Yz_68t3wq4skXqk-00217.jpg": {"object_bounding_box": {"x": 288, "y": 115, "w": 349, "h": 468}, "object_not_present": false}, "P744--baseball-cap--clutter--mIISRuVIDCEs2nQdAI6e8EB5YZ46Yz_68t3wq4skXqk-00218.jpg": {"object_bounding_box": {"x": 287, "y": 128, "w": 351, "h": 459}, "object_not_present": false}, "P744--baseball-cap--clutter--mIISRuVIDCEs2nQdAI6e8EB5YZ46Yz_68t3wq4skXqk-00219.jpg": {"object_bounding_box": {"x": 287, "y": 132, "w": 351, "h": 455}, "object_not_present": false}, "P744--baseball-cap--clutter--mIISRuVIDCEs2nQdAI6e8EB5YZ46Yz_68t3wq4skXqk-00220.jpg": {"object_bounding_box": {"x": 288, "y": 135, "w": 349, "h": 459}, "object_not_present": false}, "P744--baseball-cap--clutter--mIISRuVIDCEs2nQdAI6e8EB5YZ46Yz_68t3wq4skXqk-00221.jpg": {"object_bounding_box": {"x": 291, "y": 146, "w": 347, "h": 455}, "object_not_present": false}, "P744--baseball-cap--clutter--mIISRuVIDCEs2nQdAI6e8EB5YZ46Yz_68t3wq4skXqk-00222.jpg": {"object_bounding_box": {"x": 292, "y": 154, "w": 346, "h": 454}, "object_not_present": false}, "P744--baseball-cap--clutter--mIISRuVIDCEs2nQdAI6e8EB5YZ46Yz_68t3wq4skXqk-00223.jpg": {"object_bounding_box": {"x": 292, "y": 160, "w": 346, "h": 454}, "object_not_present": false}, "P744--baseball-cap--clutter--mIISRuVIDCEs2nQdAI6e8EB5YZ46Yz_68t3wq4skXqk-00224.jpg": {"object_bounding_box": {"x": 300, "y": 163, "w": 338, "h": 452}, "object_not_present": false}, "P744--baseball-cap--clutter--mIISRuVIDCEs2nQdAI6e8EB5YZ46Yz_68t3wq4skXqk-00225.jpg": {"object_bounding_box": {"x": 305, "y": 169, "w": 338, "h": 452}, "object_not_present": false}, "P744--baseball-cap--clutter--mIISRuVIDCEs2nQdAI6e8EB5YZ46Yz_68t3wq4skXqk-00226.jpg": {"object_bounding_box": {"x": 302, "y": 176, "w": 338, "h": 445}, "object_not_present": false}, "P744--baseball-cap--clutter--mIISRuVIDCEs2nQdAI6e8EB5YZ46Yz_68t3wq4skXqk-00227.jpg": {"object_bounding_box": {"x": 299, "y": 177, "w": 342, "h": 448}, "object_not_present": false}, "P744--baseball-cap--clutter--mIISRuVIDCEs2nQdAI6e8EB5YZ46Yz_68t3wq4skXqk-00228.jpg": {"object_bounding_box": {"x": 299, "y": 176, "w": 342, "h": 449}, "object_not_present": false}, "P744--baseball-cap--clutter--mIISRuVIDCEs2nQdAI6e8EB5YZ46Yz_68t3wq4skXqk-00229.jpg": {"object_bounding_box": {"x": 299, "y": 172, "w": 338, "h": 445}, "object_not_present": false}, "P744--baseball-cap--clutter--mIISRuVIDCEs2nQdAI6e8EB5YZ46Yz_68t3wq4skXqk-00230.jpg": {"object_bounding_box": {"x": 299, "y": 169, "w": 337, "h": 445}, "object_not_present": false}, "P744--baseball-cap--clutter--mIISRuVIDCEs2nQdAI6e8EB5YZ46Yz_68t3wq4skXqk-00231.jpg": {"object_bounding_box": {"x": 302, "y": 172, "w": 333, "h": 442}, "object_not_present": false}, "P744--baseball-cap--clutter--mIISRuVIDCEs2nQdAI6e8EB5YZ46Yz_68t3wq4skXqk-00232.jpg": {"object_bounding_box": {"x": 302, "y": 168, "w": 335, "h": 440}, "object_not_present": false}, "P744--baseball-cap--clutter--mIISRuVIDCEs2nQdAI6e8EB5YZ46Yz_68t3wq4skXqk-00233.jpg": {"object_bounding_box": {"x": 306, "y": 167, "w": 331, "h": 440}, "object_not_present": false}, "P744--baseball-cap--clutter--mIISRuVIDCEs2nQdAI6e8EB5YZ46Yz_68t3wq4skXqk-00234.jpg": {"object_bounding_box": {"x": 310, "y": 164, "w": 327, "h": 442}, "object_not_present": false}, "P744--baseball-cap--clutter--mIISRuVIDCEs2nQdAI6e8EB5YZ46Yz_68t3wq4skXqk-00235.jpg": {"object_bounding_box": {"x": 317, "y": 167, "w": 327, "h": 440}, "object_not_present": false}, "P744--baseball-cap--clutter--mIISRuVIDCEs2nQdAI6e8EB5YZ46Yz_68t3wq4skXqk-00236.jpg": {"object_bounding_box": {"x": 318, "y": 169, "w": 327, "h": 437}, "object_not_present": false}, "P744--baseball-cap--clutter--mIISRuVIDCEs2nQdAI6e8EB5YZ46Yz_68t3wq4skXqk-00237.jpg": {"object_bounding_box": {"x": 318, "y": 169, "w": 327, "h": 437}, "object_not_present": false}, "P744--baseball-cap--clutter--mIISRuVIDCEs2nQdAI6e8EB5YZ46Yz_68t3wq4skXqk-00238.jpg": {"object_bounding_box": {"x": 318, "y": 169, "w": 327, "h": 437}, "object_not_present": false}, "P744--baseball-cap--clutter--mIISRuVIDCEs2nQdAI6e8EB5YZ46Yz_68t3wq4skXqk-00239.jpg": {"object_bounding_box": {"x": 318, "y": 169, "w": 332, "h": 437}, "object_not_present": false}, "P744--baseball-cap--clutter--mIISRuVIDCEs2nQdAI6e8EB5YZ46Yz_68t3wq4skXqk-00240.jpg": {"object_bounding_box": {"x": 318, "y": 169, "w": 332, "h": 437}, "object_not_present": false}, "P744--baseball-cap--clutter--mIISRuVIDCEs2nQdAI6e8EB5YZ46Yz_68t3wq4skXqk-00241.jpg": {"object_bounding_box": {"x": 318, "y": 170, "w": 332, "h": 436}, "object_not_present": false}, "P744--baseball-cap--clutter--mIISRuVIDCEs2nQdAI6e8EB5YZ46Yz_68t3wq4skXqk-00242.jpg": {"object_bounding_box": {"x": 320, "y": 170, "w": 330, "h": 438}, "object_not_present": false}, "P744--baseball-cap--clutter--mIISRuVIDCEs2nQdAI6e8EB5YZ46Yz_68t3wq4skXqk-00243.jpg": {"object_bounding_box": {"x": 320, "y": 171, "w": 330, "h": 434}, "object_not_present": false}, "P744--baseball-cap--clutter--mIISRuVIDCEs2nQdAI6e8EB5YZ46Yz_68t3wq4skXqk-00244.jpg": {"object_bounding_box": {"x": 320, "y": 170, "w": 330, "h": 436}, "object_not_present": false}, "P744--baseball-cap--clutter--mIISRuVIDCEs2nQdAI6e8EB5YZ46Yz_68t3wq4skXqk-00245.jpg": {"object_bounding_box": {"x": 318, "y": 170, "w": 326, "h": 430}, "object_not_present": false}, "P744--baseball-cap--clutter--mIISRuVIDCEs2nQdAI6e8EB5YZ46Yz_68t3wq4skXqk-00246.jpg": {"object_bounding_box": {"x": 318, "y": 170, "w": 326, "h": 431}, "object_not_present": false}, "P744--baseball-cap--clutter--mIISRuVIDCEs2nQdAI6e8EB5YZ46Yz_68t3wq4skXqk-00247.jpg": {"object_bounding_box": {"x": 320, "y": 170, "w": 323, "h": 429}, "object_not_present": false}, "P744--baseball-cap--clutter--mIISRuVIDCEs2nQdAI6e8EB5YZ46Yz_68t3wq4skXqk-00248.jpg": {"object_bounding_box": {"x": 324, "y": 169, "w": 323, "h": 429}, "object_not_present": false}, "P744--baseball-cap--clutter--mIISRuVIDCEs2nQdAI6e8EB5YZ46Yz_68t3wq4skXqk-00249.jpg": {"object_bounding_box": {"x": 324, "y": 163, "w": 323, "h": 429}, "object_not_present": false}, "P744--baseball-cap--clutter--mIISRuVIDCEs2nQdAI6e8EB5YZ46Yz_68t3wq4skXqk-00250.jpg": {"object_bounding_box": {"x": 327, "y": 157, "w": 323, "h": 428}, "object_not_present": false}, "P744--baseball-cap--clutter--mIISRuVIDCEs2nQdAI6e8EB5YZ46Yz_68t3wq4skXqk-00251.jpg": {"object_bounding_box": {"x": 327, "y": 156, "w": 323, "h": 429}, "object_not_present": false}, "P744--baseball-cap--clutter--mIISRuVIDCEs2nQdAI6e8EB5YZ46Yz_68t3wq4skXqk-00252.jpg": {"object_bounding_box": {"x": 332, "y": 156, "w": 318, "h": 425}, "object_not_present": false}, "P744--baseball-cap--clutter--mIISRuVIDCEs2nQdAI6e8EB5YZ46Yz_68t3wq4skXqk-00253.jpg": {"object_bounding_box": {"x": 329, "y": 156, "w": 321, "h": 425}, "object_not_present": false}, "P744--baseball-cap--clutter--mIISRuVIDCEs2nQdAI6e8EB5YZ46Yz_68t3wq4skXqk-00254.jpg": {"object_bounding_box": {"x": 329, "y": 163, "w": 321, "h": 421}, "object_not_present": false}, "P744--baseball-cap--clutter--mIISRuVIDCEs2nQdAI6e8EB5YZ46Yz_68t3wq4skXqk-00255.jpg": {"object_bounding_box": {"x": 324, "y": 166, "w": 323, "h": 419}, "object_not_present": false}, "P744--baseball-cap--clutter--mIISRuVIDCEs2nQdAI6e8EB5YZ46Yz_68t3wq4skXqk-00256.jpg": {"object_bounding_box": {"x": 324, "y": 166, "w": 318, "h": 418}, "object_not_present": false}, "P744--baseball-cap--clutter--mIISRuVIDCEs2nQdAI6e8EB5YZ46Yz_68t3wq4skXqk-00257.jpg": {"object_bounding_box": {"x": 320, "y": 166, "w": 322, "h": 418}, "object_not_present": false}, "P744--baseball-cap--clutter--mIISRuVIDCEs2nQdAI6e8EB5YZ46Yz_68t3wq4skXqk-00258.jpg": {"object_bounding_box": {"x": 320, "y": 166, "w": 314, "h": 425}, "object_not_present": false}, "P744--baseball-cap--clutter--mIISRuVIDCEs2nQdAI6e8EB5YZ46Yz_68t3wq4skXqk-00259.jpg": {"object_bounding_box": {"x": 318, "y": 170, "w": 314, "h": 419}, "object_not_present": false}, "P744--baseball-cap--clutter--mIISRuVIDCEs2nQdAI6e8EB5YZ46Yz_68t3wq4skXqk-00260.jpg": {"object_bounding_box": {"x": 314, "y": 170, "w": 318, "h": 421}, "object_not_present": false}, "P744--baseball-cap--clutter--mIISRuVIDCEs2nQdAI6e8EB5YZ46Yz_68t3wq4skXqk-00261.jpg": {"object_bounding_box": {"x": 318, "y": 172, "w": 314, "h": 419}, "object_not_present": false}, "P744--baseball-cap--clutter--mIISRuVIDCEs2nQdAI6e8EB5YZ46Yz_68t3wq4skXqk-00262.jpg": {"object_bounding_box": {"x": 318, "y": 170, "w": 319, "h": 416}, "object_not_present": false}, "P744--baseball-cap--clutter--mIISRuVIDCEs2nQdAI6e8EB5YZ46Yz_68t3wq4skXqk-00263.jpg": {"object_bounding_box": {"x": 324, "y": 166, "w": 317, "h": 416}, "object_not_present": false}, "P744--baseball-cap--clutter--mIISRuVIDCEs2nQdAI6e8EB5YZ46Yz_68t3wq4skXqk-00264.jpg": {"object_bounding_box": {"x": 333, "y": 171, "w": 308, "h": 414}, "object_not_present": false}, "P744--baseball-cap--clutter--mIISRuVIDCEs2nQdAI6e8EB5YZ46Yz_68t3wq4skXqk-00265.jpg": {"object_bounding_box": {"x": 341, "y": 175, "w": 313, "h": 411}, "object_not_present": false}, "P744--baseball-cap--clutter--mIISRuVIDCEs2nQdAI6e8EB5YZ46Yz_68t3wq4skXqk-00266.jpg": {"object_bounding_box": {"x": 346, "y": 167, "w": 317, "h": 415}, "object_not_present": false}, "P744--baseball-cap--clutter--mIISRuVIDCEs2nQdAI6e8EB5YZ46Yz_68t3wq4skXqk-00267.jpg": {"object_bounding_box": {"x": 346, "y": 159, "w": 317, "h": 416}, "object_not_present": false}, "P744--baseball-cap--clutter--mIISRuVIDCEs2nQdAI6e8EB5YZ46Yz_68t3wq4skXqk-00268.jpg": {"object_bounding_box": {"x": 341, "y": 157, "w": 317, "h": 418}, "object_not_present": false}, "P744--baseball-cap--clutter--mIISRuVIDCEs2nQdAI6e8EB5YZ46Yz_68t3wq4skXqk-00269.jpg": {"object_bounding_box": {"x": 335, "y": 157, "w": 314, "h": 415}, "object_not_present": false}, "P744--baseball-cap--clutter--mIISRuVIDCEs2nQdAI6e8EB5YZ46Yz_68t3wq4skXqk-00270.jpg": {"object_bounding_box": {"x": 328, "y": 152, "w": 316, "h": 419}, "object_not_present": false}, "P744--baseball-cap--clutter--mIISRuVIDCEs2nQdAI6e8EB5YZ46Yz_68t3wq4skXqk-00271.jpg": {"object_bounding_box": {"x": 322, "y": 154, "w": 312, "h": 415}, "object_not_present": false}, "P744--baseball-cap--clutter--mIISRuVIDCEs2nQdAI6e8EB5YZ46Yz_68t3wq4skXqk-00272.jpg": {"object_bounding_box": {"x": 314, "y": 154, "w": 313, "h": 415}, "object_not_present": false}, "P744--baseball-cap--clutter--mIISRuVIDCEs2nQdAI6e8EB5YZ46Yz_68t3wq4skXqk-00273.jpg": {"object_bounding_box": {"x": 313, "y": 154, "w": 314, "h": 414}, "object_not_present": false}, "P744--baseball-cap--clutter--mIISRuVIDCEs2nQdAI6e8EB5YZ46Yz_68t3wq4skXqk-00274.jpg": {"object_bounding_box": {"x": 313, "y": 156, "w": 314, "h": 412}, "object_not_present": false}, "P744--baseball-cap--clutter--mIISRuVIDCEs2nQdAI6e8EB5YZ46Yz_68t3wq4skXqk-00275.jpg": {"object_bounding_box": {"x": 310, "y": 162, "w": 314, "h": 411}, "object_not_present": false}, "P744--baseball-cap--clutter--mIISRuVIDCEs2nQdAI6e8EB5YZ46Yz_68t3wq4skXqk-00276.jpg": {"object_bounding_box": {"x": 309, "y": 167, "w": 314, "h": 410}, "object_not_present": false}, "P744--baseball-cap--clutter--mIISRuVIDCEs2nQdAI6e8EB5YZ46Yz_68t3wq4skXqk-00277.jpg": {"object_bounding_box": {"x": 309, "y": 175, "w": 314, "h": 407}, "object_not_present": false}, "P744--baseball-cap--clutter--mIISRuVIDCEs2nQdAI6e8EB5YZ46Yz_68t3wq4skXqk-00278.jpg": {"object_bounding_box": {"x": 309, "y": 179, "w": 314, "h": 409}, "object_not_present": false}, "P744--baseball-cap--clutter--mIISRuVIDCEs2nQdAI6e8EB5YZ46Yz_68t3wq4skXqk-00279.jpg": {"object_bounding_box": {"x": 309, "y": 179, "w": 312, "h": 407}, "object_not_present": false}, "P744--baseball-cap--clutter--mIISRuVIDCEs2nQdAI6e8EB5YZ46Yz_68t3wq4skXqk-00280.jpg": {"object_bounding_box": {"x": 304, "y": 175, "w": 317, "h": 406}, "object_not_present": false}, "P744--baseball-cap--clutter--mIISRuVIDCEs2nQdAI6e8EB5YZ46Yz_68t3wq4skXqk-00281.jpg": {"object_bounding_box": {"x": 298, "y": 170, "w": 314, "h": 411}, "object_not_present": false}, "P744--baseball-cap--clutter--mIISRuVIDCEs2nQdAI6e8EB5YZ46Yz_68t3wq4skXqk-00282.jpg": {"object_bounding_box": {"x": 302, "y": 176, "w": 310, "h": 409}, "object_not_present": false}, "P744--baseball-cap--clutter--mIISRuVIDCEs2nQdAI6e8EB5YZ46Yz_68t3wq4skXqk-00283.jpg": {"object_bounding_box": {"x": 305, "y": 181, "w": 309, "h": 403}, "object_not_present": false}, "P744--baseball-cap--clutter--mIISRuVIDCEs2nQdAI6e8EB5YZ46Yz_68t3wq4skXqk-00284.jpg": {"object_bounding_box": {"x": 305, "y": 187, "w": 309, "h": 401}, "object_not_present": false}, "P744--baseball-cap--clutter--mIISRuVIDCEs2nQdAI6e8EB5YZ46Yz_68t3wq4skXqk-00285.jpg": {"object_bounding_box": {"x": 305, "y": 187, "w": 309, "h": 401}, "object_not_present": false}, "P744--baseball-cap--clutter--mIISRuVIDCEs2nQdAI6e8EB5YZ46Yz_68t3wq4skXqk-00286.jpg": {"object_bounding_box": {"x": 307, "y": 189, "w": 307, "h": 401}, "object_not_present": false}, "P744--baseball-cap--clutter--mIISRuVIDCEs2nQdAI6e8EB5YZ46Yz_68t3wq4skXqk-00287.jpg": {"object_bounding_box": {"x": 307, "y": 193, "w": 307, "h": 402}, "object_not_present": false}, "P744--baseball-cap--clutter--mIISRuVIDCEs2nQdAI6e8EB5YZ46Yz_68t3wq4skXqk-00288.jpg": {"object_bounding_box": {"x": 307, "y": 196, "w": 307, "h": 403}, "object_not_present": false}, "P744--baseball-cap--clutter--mIISRuVIDCEs2nQdAI6e8EB5YZ46Yz_68t3wq4skXqk-00289.jpg": {"object_bounding_box": {"x": 304, "y": 200, "w": 310, "h": 405}, "object_not_present": false}, "P744--baseball-cap--clutter--mIISRuVIDCEs2nQdAI6e8EB5YZ46Yz_68t3wq4skXqk-00290.jpg": {"object_bounding_box": {"x": 307, "y": 201, "w": 306, "h": 402}, "object_not_present": false}, "P744--baseball-cap--clutter--mIISRuVIDCEs2nQdAI6e8EB5YZ46Yz_68t3wq4skXqk-00291.jpg": {"object_bounding_box": {"x": 309, "y": 201, "w": 309, "h": 403}, "object_not_present": false}, "P744--baseball-cap--clutter--mIISRuVIDCEs2nQdAI6e8EB5YZ46Yz_68t3wq4skXqk-00292.jpg": {"object_bounding_box": {"x": 311, "y": 200, "w": 307, "h": 398}, "object_not_present": false}, "P744--baseball-cap--clutter--mIISRuVIDCEs2nQdAI6e8EB5YZ46Yz_68t3wq4skXqk-00293.jpg": {"object_bounding_box": {"x": 311, "y": 194, "w": 307, "h": 401}, "object_not_present": false}, "P744--baseball-cap--clutter--mIISRuVIDCEs2nQdAI6e8EB5YZ46Yz_68t3wq4skXqk-00294.jpg": {"object_bounding_box": {"x": 309, "y": 194, "w": 309, "h": 401}, "object_not_present": false}, "P744--baseball-cap--clutter--mIISRuVIDCEs2nQdAI6e8EB5YZ46Yz_68t3wq4skXqk-00295.jpg": {"object_bounding_box": {"x": 304, "y": 194, "w": 314, "h": 401}, "object_not_present": false}, "P744--baseball-cap--clutter--mIISRuVIDCEs2nQdAI6e8EB5YZ46Yz_68t3wq4skXqk-00296.jpg": {"object_bounding_box": {"x": 302, "y": 194, "w": 310, "h": 407}, "object_not_present": false}, "P744--baseball-cap--clutter--mIISRuVIDCEs2nQdAI6e8EB5YZ46Yz_68t3wq4skXqk-00297.jpg": {"object_bounding_box": {"x": 301, "y": 202, "w": 310, "h": 399}, "object_not_present": false}, "P744--baseball-cap--clutter--mIISRuVIDCEs2nQdAI6e8EB5YZ46Yz_68t3wq4skXqk-00298.jpg": {"object_bounding_box": {"x": 298, "y": 202, "w": 309, "h": 402}, "object_not_present": false}, "P744--baseball-cap--clutter--mIISRuVIDCEs2nQdAI6e8EB5YZ46Yz_68t3wq4skXqk-00299.jpg": {"object_bounding_box": {"x": 294, "y": 202, "w": 313, "h": 398}, "object_not_present": false}, "P744--baseball-cap--clutter--mIISRuVIDCEs2nQdAI6e8EB5YZ46Yz_68t3wq4skXqk-00300.jpg": {"object_bounding_box": {"x": 296, "y": 202, "w": 312, "h": 398}, "object_not_present": false}, "P744--baseball-cap--clutter--mIISRuVIDCEs2nQdAI6e8EB5YZ46Yz_68t3wq4skXqk-00301.jpg": {"object_bounding_box": {"x": 297, "y": 198, "w": 310, "h": 402}, "object_not_present": false}, "P744--baseball-cap--clutter--mIISRuVIDCEs2nQdAI6e8EB5YZ46Yz_68t3wq4skXqk-00302.jpg": {"object_bounding_box": {"x": 297, "y": 198, "w": 310, "h": 399}, "object_not_present": false}, "P744--baseball-cap--clutter--mIISRuVIDCEs2nQdAI6e8EB5YZ46Yz_68t3wq4skXqk-00303.jpg": {"object_bounding_box": {"x": 297, "y": 196, "w": 308, "h": 402}, "object_not_present": false}, "P744--baseball-cap--clutter--mIISRuVIDCEs2nQdAI6e8EB5YZ46Yz_68t3wq4skXqk-00304.jpg": {"object_bounding_box": {"x": 297, "y": 193, "w": 308, "h": 399}, "object_not_present": false}, "P744--baseball-cap--clutter--mIISRuVIDCEs2nQdAI6e8EB5YZ46Yz_68t3wq4skXqk-00305.jpg": {"object_bounding_box": {"x": 297, "y": 191, "w": 305, "h": 395}, "object_not_present": false}, "P744--baseball-cap--clutter--mIISRuVIDCEs2nQdAI6e8EB5YZ46Yz_68t3wq4skXqk-00306.jpg": {"object_bounding_box": {"x": 297, "y": 189, "w": 305, "h": 395}, "object_not_present": false}, "P744--baseball-cap--clutter--mIISRuVIDCEs2nQdAI6e8EB5YZ46Yz_68t3wq4skXqk-00307.jpg": {"object_bounding_box": {"x": 297, "y": 187, "w": 305, "h": 395}, "object_not_present": false}, "P744--baseball-cap--clutter--mIISRuVIDCEs2nQdAI6e8EB5YZ46Yz_68t3wq4skXqk-00308.jpg": {"object_bounding_box": {"x": 292, "y": 182, "w": 310, "h": 398}, "object_not_present": false}, "P744--baseball-cap--clutter--mIISRuVIDCEs2nQdAI6e8EB5YZ46Yz_68t3wq4skXqk-00309.jpg": {"object_bounding_box": {"x": 289, "y": 180, "w": 310, "h": 398}, "object_not_present": false}, "P744--baseball-cap--clutter--mIISRuVIDCEs2nQdAI6e8EB5YZ46Yz_68t3wq4skXqk-00310.jpg": {"object_bounding_box": {"x": 286, "y": 176, "w": 313, "h": 400}, "object_not_present": false}, "P744--baseball-cap--clutter--mIISRuVIDCEs2nQdAI6e8EB5YZ46Yz_68t3wq4skXqk-00311.jpg": {"object_bounding_box": {"x": 282, "y": 178, "w": 316, "h": 398}, "object_not_present": false}, "P744--baseball-cap--clutter--mIISRuVIDCEs2nQdAI6e8EB5YZ46Yz_68t3wq4skXqk-00312.jpg": {"object_bounding_box": {"x": 282, "y": 183, "w": 309, "h": 398}, "object_not_present": false}, "P744--baseball-cap--clutter--mIISRuVIDCEs2nQdAI6e8EB5YZ46Yz_68t3wq4skXqk-00313.jpg": {"object_bounding_box": {"x": 286, "y": 187, "w": 312, "h": 395}, "object_not_present": false}}