{"P767--shoulder-bag--clutter--VCP7xNeRubG981KbiL_S8b9UQnau-sNfeGnos5NS480-00001.jpg": {"object_bounding_box": null, "object_present": false}, "P767--shoulder-bag--clutter--VCP7xNeRubG981KbiL_S8b9UQnau-sNfeGnos5NS480-00002.jpg": {"object_bounding_box": null, "object_present": false}, "P767--shoulder-bag--clutter--VCP7xNeRubG981KbiL_S8b9UQnau-sNfeGnos5NS480-00003.jpg": {"object_bounding_box": null, "object_present": false}, "P767--shoulder-bag--clutter--VCP7xNeRubG981KbiL_S8b9UQnau-sNfeGnos5NS480-00004.jpg": {"object_bounding_box": null, "object_present": false}, "P767--shoulder-bag--clutter--VCP7xNeRubG981KbiL_S8b9UQnau-sNfeGnos5NS480-00005.jpg": {"object_bounding_box": null, "object_present": false}, "P767--shoulder-bag--clutter--VCP7xNeRubG981KbiL_S8b9UQnau-sNfeGnos5NS480-00006.jpg": {"object_bounding_box": null, "object_present": false}, "P767--shoulder-bag--clutter--VCP7xNeRubG981KbiL_S8b9UQnau-sNfeGnos5NS480-00007.jpg": {"object_bounding_box": null, "object_present": false}, "P767--shoulder-bag--clutter--VCP7xNeRubG981KbiL_S8b9UQnau-sNfeGnos5NS480-00008.jpg": {"object_bounding_box": null, "object_present": false}, "P767--shoulder-bag--clutter--VCP7xNeRubG981KbiL_S8b9UQnau-sNfeGnos5NS480-00009.jpg": {"object_bounding_box": null, "object_present": false}, "P767--shoulder-bag--clutter--VCP7xNeRubG981KbiL_S8b9UQnau-sNfeGnos5NS480-00010.jpg": {"object_bounding_box": null, "object_present": false}, "P767--shoulder-bag--clutter--VCP7xNeRubG981KbiL_S8b9UQnau-sNfeGnos5NS480-00011.jpg": {"object_bounding_box": null, "object_present": false}, "P767--shoulder-bag--clutter--VCP7xNeRubG981KbiL_S8b9UQnau-sNfeGnos5NS480-00012.jpg": {"object_bounding_box": null, "object_present": false}, "P767--shoulder-bag--clutter--VCP7xNeRubG981KbiL_S8b9UQnau-sNfeGnos5NS480-00013.jpg": {"object_bounding_box": null, "object_present": false}, "P767--shoulder-bag--clutter--VCP7xNeRubG981KbiL_S8b9UQnau-sNfeGnos5NS480-00014.jpg": {"object_bounding_box": null, "object_present": false}, "P767--shoulder-bag--clutter--VCP7xNeRubG981KbiL_S8b9UQnau-sNfeGnos5NS480-00015.jpg": {"object_bounding_box": null, "object_present": false}, "P767--shoulder-bag--clutter--VCP7xNeRubG981KbiL_S8b9UQnau-sNfeGnos5NS480-00016.jpg": {"object_bounding_box": null, "object_present": false}, "P767--shoulder-bag--clutter--VCP7xNeRubG981KbiL_S8b9UQnau-sNfeGnos5NS480-00017.jpg": {"object_bounding_box": null, "object_present": false}, "P767--shoulder-bag--clutter--VCP7xNeRubG981KbiL_S8b9UQnau-sNfeGnos5NS480-00018.jpg": {"object_bounding_box": null, "object_present": false}, "P767--shoulder-bag--clutter--VCP7xNeRubG981KbiL_S8b9UQnau-sNfeGnos5NS480-00019.jpg": {"object_bounding_box": null, "object_present": false}, "P767--shoulder-bag--clutter--VCP7xNeRubG981KbiL_S8b9UQnau-sNfeGnos5NS480-00020.jpg": {"object_bounding_box": null, "object_present": false}, "P767--shoulder-bag--clutter--VCP7xNeRubG981KbiL_S8b9UQnau-sNfeGnos5NS480-00021.jpg": {"object_bounding_box": null, "object_present": false}, "P767--shoulder-bag--clutter--VCP7xNeRubG981KbiL_S8b9UQnau-sNfeGnos5NS480-00022.jpg": {"object_bounding_box": null, "object_present": false}, "P767--shoulder-bag--clutter--VCP7xNeRubG981KbiL_S8b9UQnau-sNfeGnos5NS480-00023.jpg": {"object_bounding_box": null, "object_present": false}, "P767--shoulder-bag--clutter--VCP7xNeRubG981KbiL_S8b9UQnau-sNfeGnos5NS480-00024.jpg": {"object_bounding_box": null, "object_present": false}, "P767--shoulder-bag--clutter--VCP7xNeRubG981KbiL_S8b9UQnau-sNfeGnos5NS480-00025.jpg": {"object_bounding_box": null, "object_present": false}, "P767--shoulder-bag--clutter--VCP7xNeRubG981KbiL_S8b9UQnau-sNfeGnos5NS480-00026.jpg": {"object_bounding_box": null, "object_present": false}, "P767--shoulder-bag--clutter--VCP7xNeRubG981KbiL_S8b9UQnau-sNfeGnos5NS480-00027.jpg": {"object_bounding_box": null, "object_present": false}, "P767--shoulder-bag--clutter--VCP7xNeRubG981KbiL_S8b9UQnau-sNfeGnos5NS480-00028.jpg": {"object_bounding_box": null, "object_present": false}, "P767--shoulder-bag--clutter--VCP7xNeRubG981KbiL_S8b9UQnau-sNfeGnos5NS480-00029.jpg": {"object_bounding_box": null, "object_present": false}, "P767--shoulder-bag--clutter--VCP7xNeRubG981KbiL_S8b9UQnau-sNfeGnos5NS480-00030.jpg": {"object_bounding_box": null, "object_present": false}, "P767--shoulder-bag--clutter--VCP7xNeRubG981KbiL_S8b9UQnau-sNfeGnos5NS480-00031.jpg": {"object_bounding_box": null, "object_present": false}, "P767--shoulder-bag--clutter--VCP7xNeRubG981KbiL_S8b9UQnau-sNfeGnos5NS480-00032.jpg": {"object_bounding_box": null, "object_present": false}, "P767--shoulder-bag--clutter--VCP7xNeRubG981KbiL_S8b9UQnau-sNfeGnos5NS480-00033.jpg": {"object_bounding_box": null, "object_present": false}, "P767--shoulder-bag--clutter--VCP7xNeRubG981KbiL_S8b9UQnau-sNfeGnos5NS480-00034.jpg": {"object_bounding_box": null, "object_present": false}, "P767--shoulder-bag--clutter--VCP7xNeRubG981KbiL_S8b9UQnau-sNfeGnos5NS480-00035.jpg": {"object_bounding_box": null, "object_present": false}, "P767--shoulder-bag--clutter--VCP7xNeRubG981KbiL_S8b9UQnau-sNfeGnos5NS480-00036.jpg": {"object_bounding_box": null, "object_present": false}, "P767--shoulder-bag--clutter--VCP7xNeRubG981KbiL_S8b9UQnau-sNfeGnos5NS480-00037.jpg": {"object_bounding_box": null, "object_present": false}, "P767--shoulder-bag--clutter--VCP7xNeRubG981KbiL_S8b9UQnau-sNfeGnos5NS480-00038.jpg": {"object_bounding_box": null, "object_present": false}, "P767--shoulder-bag--clutter--VCP7xNeRubG981KbiL_S8b9UQnau-sNfeGnos5NS480-00039.jpg": {"object_bounding_box": null, "object_present": false}, "P767--shoulder-bag--clutter--VCP7xNeRubG981KbiL_S8b9UQnau-sNfeGnos5NS480-00040.jpg": {"object_bounding_box": null, "object_present": false}, "P767--shoulder-bag--clutter--VCP7xNeRubG981KbiL_S8b9UQnau-sNfeGnos5NS480-00041.jpg": {"object_bounding_box": null, "object_present": false}, "P767--shoulder-bag--clutter--VCP7xNeRubG981KbiL_S8b9UQnau-sNfeGnos5NS480-00042.jpg": {"object_bounding_box": null, "object_present": false}, "P767--shoulder-bag--clutter--VCP7xNeRubG981KbiL_S8b9UQnau-sNfeGnos5NS480-00043.jpg": {"object_bounding_box": null, "object_present": false}, "P767--shoulder-bag--clutter--VCP7xNeRubG981KbiL_S8b9UQnau-sNfeGnos5NS480-00044.jpg": {"object_bounding_box": null, "object_present": false}, "P767--shoulder-bag--clutter--VCP7xNeRubG981KbiL_S8b9UQnau-sNfeGnos5NS480-00045.jpg": {"object_bounding_box": null, "object_present": false}, "P767--shoulder-bag--clutter--VCP7xNeRubG981KbiL_S8b9UQnau-sNfeGnos5NS480-00046.jpg": {"object_bounding_box": null, "object_present": false}, "P767--shoulder-bag--clutter--VCP7xNeRubG981KbiL_S8b9UQnau-sNfeGnos5NS480-00047.jpg": {"object_bounding_box": {"x": 83, "y": 1069, "w": 166, "h": 11}, "object_present": true}, "P767--shoulder-bag--clutter--VCP7xNeRubG981KbiL_S8b9UQnau-sNfeGnos5NS480-00048.jpg": {"object_bounding_box": {"x": 37, "y": 1066, "w": 223, "h": 14}, "object_present": true}, "P767--shoulder-bag--clutter--VCP7xNeRubG981KbiL_S8b9UQnau-sNfeGnos5NS480-00049.jpg": {"object_bounding_box": {"x": 0, "y": 1060, "w": 279, "h": 20}, "object_present": true}, "P767--shoulder-bag--clutter--VCP7xNeRubG981KbiL_S8b9UQnau-sNfeGnos5NS480-00050.jpg": {"object_bounding_box": {"x": 0, "y": 1048, "w": 309, "h": 32}, "object_present": true}, "P767--shoulder-bag--clutter--VCP7xNeRubG981KbiL_S8b9UQnau-sNfeGnos5NS480-00051.jpg": {"object_bounding_box": {"x": 0, "y": 1031, "w": 347, "h": 49}, "object_present": true}, "P767--shoulder-bag--clutter--VCP7xNeRubG981KbiL_S8b9UQnau-sNfeGnos5NS480-00052.jpg": {"object_bounding_box": {"x": 0, "y": 1019, "w": 368, "h": 61}, "object_present": true}, "P767--shoulder-bag--clutter--VCP7xNeRubG981KbiL_S8b9UQnau-sNfeGnos5NS480-00053.jpg": {"object_bounding_box": {"x": 0, "y": 1009, "w": 382, "h": 71}, "object_present": true}, "P767--shoulder-bag--clutter--VCP7xNeRubG981KbiL_S8b9UQnau-sNfeGnos5NS480-00054.jpg": {"object_bounding_box": {"x": 0, "y": 996, "w": 399, "h": 84}, "object_present": true}, "P767--shoulder-bag--clutter--VCP7xNeRubG981KbiL_S8b9UQnau-sNfeGnos5NS480-00055.jpg": {"object_bounding_box": {"x": 0, "y": 986, "w": 415, "h": 94}, "object_present": true}, "P767--shoulder-bag--clutter--VCP7xNeRubG981KbiL_S8b9UQnau-sNfeGnos5NS480-00056.jpg": {"object_bounding_box": {"x": 0, "y": 974, "w": 441, "h": 106}, "object_present": true}, "P767--shoulder-bag--clutter--VCP7xNeRubG981KbiL_S8b9UQnau-sNfeGnos5NS480-00057.jpg": {"object_bounding_box": {"x": 0, "y": 966, "w": 455, "h": 114}, "object_present": true}, "P767--shoulder-bag--clutter--VCP7xNeRubG981KbiL_S8b9UQnau-sNfeGnos5NS480-00058.jpg": {"object_bounding_box": {"x": 0, "y": 959, "w": 469, "h": 121}, "object_present": true}, "P767--shoulder-bag--clutter--VCP7xNeRubG981KbiL_S8b9UQnau-sNfeGnos5NS480-00059.jpg": {"object_bounding_box": {"x": 0, "y": 943, "w": 494, "h": 137}, "object_present": true}, "P767--shoulder-bag--clutter--VCP7xNeRubG981KbiL_S8b9UQnau-sNfeGnos5NS480-00060.jpg": {"object_bounding_box": {"x": 0, "y": 928, "w": 547, "h": 152}, "object_present": true}, "P767--shoulder-bag--clutter--VCP7xNeRubG981KbiL_S8b9UQnau-sNfeGnos5NS480-00061.jpg": {"object_bounding_box": {"x": 0, "y": 912, "w": 598, "h": 168}, "object_present": true}, "P767--shoulder-bag--clutter--VCP7xNeRubG981KbiL_S8b9UQnau-sNfeGnos5NS480-00062.jpg": {"object_bounding_box": {"x": 0, "y": 898, "w": 971, "h": 182}, "object_present": true}, "P767--shoulder-bag--clutter--VCP7xNeRubG981KbiL_S8b9UQnau-sNfeGnos5NS480-00063.jpg": {"object_bounding_box": {"x": 0, "y": 891, "w": 1013, "h": 189}, "object_present": true}, "P767--shoulder-bag--clutter--VCP7xNeRubG981KbiL_S8b9UQnau-sNfeGnos5NS480-00064.jpg": {"object_bounding_box": {"x": 0, "y": 882, "w": 1028, "h": 198}, "object_present": true}, "P767--shoulder-bag--clutter--VCP7xNeRubG981KbiL_S8b9UQnau-sNfeGnos5NS480-00065.jpg": {"object_bounding_box": {"x": 0, "y": 881, "w": 1035, "h": 199}, "object_present": true}, "P767--shoulder-bag--clutter--VCP7xNeRubG981KbiL_S8b9UQnau-sNfeGnos5NS480-00066.jpg": {"object_bounding_box": {"x": 0, "y": 881, "w": 1034, "h": 199}, "object_present": true}, "P767--shoulder-bag--clutter--VCP7xNeRubG981KbiL_S8b9UQnau-sNfeGnos5NS480-00067.jpg": {"object_bounding_box": {"x": 0, "y": 875, "w": 1030, "h": 205}, "object_present": true}, "P767--shoulder-bag--clutter--VCP7xNeRubG981KbiL_S8b9UQnau-sNfeGnos5NS480-00068.jpg": {"object_bounding_box": {"x": 0, "y": 871, "w": 1024, "h": 209}, "object_present": true}, "P767--shoulder-bag--clutter--VCP7xNeRubG981KbiL_S8b9UQnau-sNfeGnos5NS480-00069.jpg": {"object_bounding_box": {"x": 0, "y": 861, "w": 1018, "h": 219}, "object_present": true}, "P767--shoulder-bag--clutter--VCP7xNeRubG981KbiL_S8b9UQnau-sNfeGnos5NS480-00070.jpg": {"object_bounding_box": {"x": 0, "y": 846, "w": 1014, "h": 234}, "object_present": true}, "P767--shoulder-bag--clutter--VCP7xNeRubG981KbiL_S8b9UQnau-sNfeGnos5NS480-00071.jpg": {"object_bounding_box": {"x": 0, "y": 833, "w": 1010, "h": 247}, "object_present": true}, "P767--shoulder-bag--clutter--VCP7xNeRubG981KbiL_S8b9UQnau-sNfeGnos5NS480-00072.jpg": {"object_bounding_box": {"x": 0, "y": 822, "w": 1001, "h": 258}, "object_present": true}, "P767--shoulder-bag--clutter--VCP7xNeRubG981KbiL_S8b9UQnau-sNfeGnos5NS480-00073.jpg": {"object_bounding_box": {"x": 0, "y": 807, "w": 999, "h": 273}, "object_present": true}, "P767--shoulder-bag--clutter--VCP7xNeRubG981KbiL_S8b9UQnau-sNfeGnos5NS480-00074.jpg": {"object_bounding_box": {"x": 0, "y": 793, "w": 997, "h": 287}, "object_present": true}, "P767--shoulder-bag--clutter--VCP7xNeRubG981KbiL_S8b9UQnau-sNfeGnos5NS480-00075.jpg": {"object_bounding_box": {"x": 0, "y": 784, "w": 994, "h": 296}, "object_present": true}, "P767--shoulder-bag--clutter--VCP7xNeRubG981KbiL_S8b9UQnau-sNfeGnos5NS480-00076.jpg": {"object_bounding_box": {"x": 0, "y": 778, "w": 987, "h": 302}, "object_present": true}, "P767--shoulder-bag--clutter--VCP7xNeRubG981KbiL_S8b9UQnau-sNfeGnos5NS480-00077.jpg": {"object_bounding_box": {"x": 0, "y": 774, "w": 975, "h": 306}, "object_present": true}, "P767--shoulder-bag--clutter--VCP7xNeRubG981KbiL_S8b9UQnau-sNfeGnos5NS480-00078.jpg": {"object_bounding_box": {"x": 0, "y": 768, "w": 973, "h": 312}, "object_present": true}, "P767--shoulder-bag--clutter--VCP7xNeRubG981KbiL_S8b9UQnau-sNfeGnos5NS480-00079.jpg": {"object_bounding_box": {"x": 0, "y": 757, "w": 963, "h": 323}, "object_present": true}, "P767--shoulder-bag--clutter--VCP7xNeRubG981KbiL_S8b9UQnau-sNfeGnos5NS480-00080.jpg": {"object_bounding_box": {"x": 0, "y": 751, "w": 958, "h": 329}, "object_present": true}, "P767--shoulder-bag--clutter--VCP7xNeRubG981KbiL_S8b9UQnau-sNfeGnos5NS480-00081.jpg": {"object_bounding_box": {"x": 0, "y": 740, "w": 951, "h": 340}, "object_present": true}, "P767--shoulder-bag--clutter--VCP7xNeRubG981KbiL_S8b9UQnau-sNfeGnos5NS480-00082.jpg": {"object_bounding_box": {"x": 0, "y": 731, "w": 946, "h": 349}, "object_present": true}, "P767--shoulder-bag--clutter--VCP7xNeRubG981KbiL_S8b9UQnau-sNfeGnos5NS480-00083.jpg": {"object_bounding_box": {"x": 0, "y": 725, "w": 945, "h": 355}, "object_present": true}, "P767--shoulder-bag--clutter--VCP7xNeRubG981KbiL_S8b9UQnau-sNfeGnos5NS480-00084.jpg": {"object_bounding_box": {"x": 0, "y": 719, "w": 943, "h": 361}, "object_present": true}, "P767--shoulder-bag--clutter--VCP7xNeRubG981KbiL_S8b9UQnau-sNfeGnos5NS480-00085.jpg": {"object_bounding_box": {"x": 0, "y": 709, "w": 942, "h": 371}, "object_present": true}, "P767--shoulder-bag--clutter--VCP7xNeRubG981KbiL_S8b9UQnau-sNfeGnos5NS480-00086.jpg": {"object_bounding_box": {"x": 0, "y": 700, "w": 941, "h": 380}, "object_present": true}, "P767--shoulder-bag--clutter--VCP7xNeRubG981KbiL_S8b9UQnau-sNfeGnos5NS480-00087.jpg": {"object_bounding_box": {"x": 0, "y": 692, "w": 935, "h": 388}, "object_present": true}, "P767--shoulder-bag--clutter--VCP7xNeRubG981KbiL_S8b9UQnau-sNfeGnos5NS480-00088.jpg": {"object_bounding_box": {"x": 0, "y": 682, "w": 934, "h": 398}, "object_present": true}, "P767--shoulder-bag--clutter--VCP7xNeRubG981KbiL_S8b9UQnau-sNfeGnos5NS480-00089.jpg": {"object_bounding_box": {"x": 0, "y": 678, "w": 932, "h": 402}, "object_present": true}, "P767--shoulder-bag--clutter--VCP7xNeRubG981KbiL_S8b9UQnau-sNfeGnos5NS480-00090.jpg": {"object_bounding_box": {"x": 0, "y": 667, "w": 922, "h": 413}, "object_present": true}, "P767--shoulder-bag--clutter--VCP7xNeRubG981KbiL_S8b9UQnau-sNfeGnos5NS480-00091.jpg": {"object_bounding_box": {"x": 0, "y": 663, "w": 916, "h": 417}, "object_present": true}, "P767--shoulder-bag--clutter--VCP7xNeRubG981KbiL_S8b9UQnau-sNfeGnos5NS480-00092.jpg": {"object_bounding_box": {"x": 0, "y": 668, "w": 911, "h": 412}, "object_present": true}, "P767--shoulder-bag--clutter--VCP7xNeRubG981KbiL_S8b9UQnau-sNfeGnos5NS480-00093.jpg": {"object_bounding_box": {"x": 0, "y": 661, "w": 907, "h": 419}, "object_present": true}, "P767--shoulder-bag--clutter--VCP7xNeRubG981KbiL_S8b9UQnau-sNfeGnos5NS480-00094.jpg": {"object_bounding_box": {"x": 0, "y": 653, "w": 905, "h": 427}, "object_present": true}, "P767--shoulder-bag--clutter--VCP7xNeRubG981KbiL_S8b9UQnau-sNfeGnos5NS480-00095.jpg": {"object_bounding_box": {"x": 0, "y": 648, "w": 902, "h": 432}, "object_present": true}, "P767--shoulder-bag--clutter--VCP7xNeRubG981KbiL_S8b9UQnau-sNfeGnos5NS480-00096.jpg": {"object_bounding_box": {"x": 0, "y": 642, "w": 902, "h": 438}, "object_present": true}, "P767--shoulder-bag--clutter--VCP7xNeRubG981KbiL_S8b9UQnau-sNfeGnos5NS480-00097.jpg": {"object_bounding_box": {"x": 0, "y": 630, "w": 902, "h": 450}, "object_present": true}, "P767--shoulder-bag--clutter--VCP7xNeRubG981KbiL_S8b9UQnau-sNfeGnos5NS480-00098.jpg": {"object_bounding_box": {"x": 0, "y": 619, "w": 904, "h": 461}, "object_present": true}, "P767--shoulder-bag--clutter--VCP7xNeRubG981KbiL_S8b9UQnau-sNfeGnos5NS480-00099.jpg": {"object_bounding_box": {"x": 0, "y": 617, "w": 909, "h": 463}, "object_present": true}, "P767--shoulder-bag--clutter--VCP7xNeRubG981KbiL_S8b9UQnau-sNfeGnos5NS480-00100.jpg": {"object_bounding_box": {"x": 0, "y": 613, "w": 917, "h": 467}, "object_present": true}, "P767--shoulder-bag--clutter--VCP7xNeRubG981KbiL_S8b9UQnau-sNfeGnos5NS480-00101.jpg": {"object_bounding_box": {"x": 0, "y": 609, "w": 920, "h": 471}, "object_present": true}, "P767--shoulder-bag--clutter--VCP7xNeRubG981KbiL_S8b9UQnau-sNfeGnos5NS480-00102.jpg": {"object_bounding_box": {"x": 0, "y": 607, "w": 925, "h": 473}, "object_present": true}, "P767--shoulder-bag--clutter--VCP7xNeRubG981KbiL_S8b9UQnau-sNfeGnos5NS480-00103.jpg": {"object_bounding_box": {"x": 14, "y": 605, "w": 918, "h": 475}, "object_present": true}, "P767--shoulder-bag--clutter--VCP7xNeRubG981KbiL_S8b9UQnau-sNfeGnos5NS480-00104.jpg": {"object_bounding_box": {"x": 30, "y": 606, "w": 912, "h": 474}, "object_present": true}, "P767--shoulder-bag--clutter--VCP7xNeRubG981KbiL_S8b9UQnau-sNfeGnos5NS480-00105.jpg": {"object_bounding_box": {"x": 51, "y": 604, "w": 902, "h": 476}, "object_present": true}, "P767--shoulder-bag--clutter--VCP7xNeRubG981KbiL_S8b9UQnau-sNfeGnos5NS480-00106.jpg": {"object_bounding_box": {"x": 65, "y": 598, "w": 899, "h": 482}, "object_present": true}, "P767--shoulder-bag--clutter--VCP7xNeRubG981KbiL_S8b9UQnau-sNfeGnos5NS480-00107.jpg": {"object_bounding_box": {"x": 85, "y": 593, "w": 890, "h": 487}, "object_present": true}, "P767--shoulder-bag--clutter--VCP7xNeRubG981KbiL_S8b9UQnau-sNfeGnos5NS480-00108.jpg": {"object_bounding_box": {"x": 102, "y": 590, "w": 887, "h": 490}, "object_present": true}, "P767--shoulder-bag--clutter--VCP7xNeRubG981KbiL_S8b9UQnau-sNfeGnos5NS480-00109.jpg": {"object_bounding_box": {"x": 114, "y": 588, "w": 882, "h": 486}, "object_present": true}, "P767--shoulder-bag--clutter--VCP7xNeRubG981KbiL_S8b9UQnau-sNfeGnos5NS480-00110.jpg": {"object_bounding_box": {"x": 124, "y": 575, "w": 875, "h": 498}, "object_present": true}, "P767--shoulder-bag--clutter--VCP7xNeRubG981KbiL_S8b9UQnau-sNfeGnos5NS480-00111.jpg": {"object_bounding_box": {"x": 132, "y": 567, "w": 872, "h": 495}, "object_present": true}, "P767--shoulder-bag--clutter--VCP7xNeRubG981KbiL_S8b9UQnau-sNfeGnos5NS480-00112.jpg": {"object_bounding_box": {"x": 144, "y": 564, "w": 865, "h": 485}, "object_present": true}, "P767--shoulder-bag--clutter--VCP7xNeRubG981KbiL_S8b9UQnau-sNfeGnos5NS480-00113.jpg": {"object_bounding_box": {"x": 156, "y": 559, "w": 857, "h": 481}, "object_present": true}, "P767--shoulder-bag--clutter--VCP7xNeRubG981KbiL_S8b9UQnau-sNfeGnos5NS480-00114.jpg": {"object_bounding_box": {"x": 169, "y": 557, "w": 853, "h": 480}, "object_present": true}, "P767--shoulder-bag--clutter--VCP7xNeRubG981KbiL_S8b9UQnau-sNfeGnos5NS480-00115.jpg": {"object_bounding_box": {"x": 181, "y": 556, "w": 846, "h": 472}, "object_present": true}, "P767--shoulder-bag--clutter--VCP7xNeRubG981KbiL_S8b9UQnau-sNfeGnos5NS480-00116.jpg": {"object_bounding_box": {"x": 199, "y": 552, "w": 839, "h": 476}, "object_present": true}, "P767--shoulder-bag--clutter--VCP7xNeRubG981KbiL_S8b9UQnau-sNfeGnos5NS480-00117.jpg": {"object_bounding_box": {"x": 221, "y": 551, "w": 836, "h": 473}, "object_present": true}, "P767--shoulder-bag--clutter--VCP7xNeRubG981KbiL_S8b9UQnau-sNfeGnos5NS480-00118.jpg": {"object_bounding_box": {"x": 241, "y": 552, "w": 829, "h": 472}, "object_present": true}, "P767--shoulder-bag--clutter--VCP7xNeRubG981KbiL_S8b9UQnau-sNfeGnos5NS480-00119.jpg": {"object_bounding_box": {"x": 261, "y": 549, "w": 819, "h": 464}, "object_present": true}, "P767--shoulder-bag--clutter--VCP7xNeRubG981KbiL_S8b9UQnau-sNfeGnos5NS480-00120.jpg": {"object_bounding_box": {"x": 282, "y": 549, "w": 798, "h": 466}, "object_present": true}, "P767--shoulder-bag--clutter--VCP7xNeRubG981KbiL_S8b9UQnau-sNfeGnos5NS480-00121.jpg": {"object_bounding_box": {"x": 304, "y": 552, "w": 776, "h": 453}, "object_present": true}, "P767--shoulder-bag--clutter--VCP7xNeRubG981KbiL_S8b9UQnau-sNfeGnos5NS480-00122.jpg": {"object_bounding_box": {"x": 319, "y": 554, "w": 761, "h": 444}, "object_present": true}, "P767--shoulder-bag--clutter--VCP7xNeRubG981KbiL_S8b9UQnau-sNfeGnos5NS480-00123.jpg": {"object_bounding_box": {"x": 337, "y": 560, "w": 743, "h": 450}, "object_present": true}, "P767--shoulder-bag--clutter--VCP7xNeRubG981KbiL_S8b9UQnau-sNfeGnos5NS480-00124.jpg": {"object_bounding_box": {"x": 348, "y": 565, "w": 732, "h": 456}, "object_present": true}, "P767--shoulder-bag--clutter--VCP7xNeRubG981KbiL_S8b9UQnau-sNfeGnos5NS480-00125.jpg": {"object_bounding_box": {"x": 359, "y": 573, "w": 721, "h": 453}, "object_present": true}, "P767--shoulder-bag--clutter--VCP7xNeRubG981KbiL_S8b9UQnau-sNfeGnos5NS480-00126.jpg": {"object_bounding_box": {"x": 366, "y": 578, "w": 714, "h": 455}, "object_present": true}, "P767--shoulder-bag--clutter--VCP7xNeRubG981KbiL_S8b9UQnau-sNfeGnos5NS480-00127.jpg": {"object_bounding_box": {"x": 371, "y": 585, "w": 709, "h": 453}, "object_present": true}, "P767--shoulder-bag--clutter--VCP7xNeRubG981KbiL_S8b9UQnau-sNfeGnos5NS480-00128.jpg": {"object_bounding_box": {"x": 376, "y": 595, "w": 704, "h": 456}, "object_present": true}, "P767--shoulder-bag--clutter--VCP7xNeRubG981KbiL_S8b9UQnau-sNfeGnos5NS480-00129.jpg": {"object_bounding_box": {"x": 383, "y": 604, "w": 697, "h": 457}, "object_present": true}, "P767--shoulder-bag--clutter--VCP7xNeRubG981KbiL_S8b9UQnau-sNfeGnos5NS480-00130.jpg": {"object_bounding_box": {"x": 390, "y": 613, "w": 690, "h": 455}, "object_present": true}, "P767--shoulder-bag--clutter--VCP7xNeRubG981KbiL_S8b9UQnau-sNfeGnos5NS480-00131.jpg": {"object_bounding_box": {"x": 400, "y": 628, "w": 680, "h": 440}, "object_present": true}, "P767--shoulder-bag--clutter--VCP7xNeRubG981KbiL_S8b9UQnau-sNfeGnos5NS480-00132.jpg": {"object_bounding_box": {"x": 414, "y": 644, "w": 666, "h": 436}, "object_present": true}, "P767--shoulder-bag--clutter--VCP7xNeRubG981KbiL_S8b9UQnau-sNfeGnos5NS480-00133.jpg": {"object_bounding_box": {"x": 427, "y": 654, "w": 653, "h": 426}, "object_present": true}, "P767--shoulder-bag--clutter--VCP7xNeRubG981KbiL_S8b9UQnau-sNfeGnos5NS480-00134.jpg": {"object_bounding_box": {"x": 441, "y": 666, "w": 639, "h": 414}, "object_present": true}, "P767--shoulder-bag--clutter--VCP7xNeRubG981KbiL_S8b9UQnau-sNfeGnos5NS480-00135.jpg": {"object_bounding_box": {"x": 458, "y": 679, "w": 622, "h": 401}, "object_present": true}, "P767--shoulder-bag--clutter--VCP7xNeRubG981KbiL_S8b9UQnau-sNfeGnos5NS480-00136.jpg": {"object_bounding_box": {"x": 470, "y": 686, "w": 610, "h": 394}, "object_present": true}, "P767--shoulder-bag--clutter--VCP7xNeRubG981KbiL_S8b9UQnau-sNfeGnos5NS480-00137.jpg": {"object_bounding_box": {"x": 485, "y": 697, "w": 595, "h": 383}, "object_present": true}, "P767--shoulder-bag--clutter--VCP7xNeRubG981KbiL_S8b9UQnau-sNfeGnos5NS480-00138.jpg": {"object_bounding_box": {"x": 511, "y": 709, "w": 569, "h": 371}, "object_present": true}, "P767--shoulder-bag--clutter--VCP7xNeRubG981KbiL_S8b9UQnau-sNfeGnos5NS480-00139.jpg": {"object_bounding_box": {"x": 540, "y": 726, "w": 540, "h": 354}, "object_present": true}, "P767--shoulder-bag--clutter--VCP7xNeRubG981KbiL_S8b9UQnau-sNfeGnos5NS480-00140.jpg": {"object_bounding_box": {"x": 565, "y": 739, "w": 515, "h": 341}, "object_present": true}, "P767--shoulder-bag--clutter--VCP7xNeRubG981KbiL_S8b9UQnau-sNfeGnos5NS480-00141.jpg": {"object_bounding_box": {"x": 583, "y": 742, "w": 497, "h": 338}, "object_present": true}, "P767--shoulder-bag--clutter--VCP7xNeRubG981KbiL_S8b9UQnau-sNfeGnos5NS480-00142.jpg": {"object_bounding_box": {"x": 610, "y": 743, "w": 470, "h": 337}, "object_present": true}, "P767--shoulder-bag--clutter--VCP7xNeRubG981KbiL_S8b9UQnau-sNfeGnos5NS480-00143.jpg": {"object_bounding_box": {"x": 636, "y": 759, "w": 444, "h": 321}, "object_present": true}, "P767--shoulder-bag--clutter--VCP7xNeRubG981KbiL_S8b9UQnau-sNfeGnos5NS480-00144.jpg": {"object_bounding_box": {"x": 657, "y": 777, "w": 423, "h": 303}, "object_present": true}, "P767--shoulder-bag--clutter--VCP7xNeRubG981KbiL_S8b9UQnau-sNfeGnos5NS480-00145.jpg": {"object_bounding_box": {"x": 677, "y": 779, "w": 403, "h": 301}, "object_present": true}, "P767--shoulder-bag--clutter--VCP7xNeRubG981KbiL_S8b9UQnau-sNfeGnos5NS480-00146.jpg": {"object_bounding_box": {"x": 692, "y": 784, "w": 388, "h": 296}, "object_present": true}, "P767--shoulder-bag--clutter--VCP7xNeRubG981KbiL_S8b9UQnau-sNfeGnos5NS480-00147.jpg": {"object_bounding_box": {"x": 714, "y": 793, "w": 366, "h": 287}, "object_present": true}, "P767--shoulder-bag--clutter--VCP7xNeRubG981KbiL_S8b9UQnau-sNfeGnos5NS480-00148.jpg": {"object_bounding_box": {"x": 726, "y": 799, "w": 354, "h": 281}, "object_present": true}, "P767--shoulder-bag--clutter--VCP7xNeRubG981KbiL_S8b9UQnau-sNfeGnos5NS480-00149.jpg": {"object_bounding_box": {"x": 737, "y": 806, "w": 343, "h": 274}, "object_present": true}, "P767--shoulder-bag--clutter--VCP7xNeRubG981KbiL_S8b9UQnau-sNfeGnos5NS480-00150.jpg": {"object_bounding_box": {"x": 746, "y": 813, "w": 334, "h": 267}, "object_present": true}, "P767--shoulder-bag--clutter--VCP7xNeRubG981KbiL_S8b9UQnau-sNfeGnos5NS480-00151.jpg": {"object_bounding_box": {"x": 749, "y": 824, "w": 331, "h": 256}, "object_present": true}, "P767--shoulder-bag--clutter--VCP7xNeRubG981KbiL_S8b9UQnau-sNfeGnos5NS480-00152.jpg": {"object_bounding_box": {"x": 740, "y": 833, "w": 340, "h": 247}, "object_present": true}, "P767--shoulder-bag--clutter--VCP7xNeRubG981KbiL_S8b9UQnau-sNfeGnos5NS480-00153.jpg": {"object_bounding_box": {"x": 732, "y": 844, "w": 348, "h": 236}, "object_present": true}, "P767--shoulder-bag--clutter--VCP7xNeRubG981KbiL_S8b9UQnau-sNfeGnos5NS480-00154.jpg": {"object_bounding_box": {"x": 715, "y": 856, "w": 365, "h": 224}, "object_present": true}, "P767--shoulder-bag--clutter--VCP7xNeRubG981KbiL_S8b9UQnau-sNfeGnos5NS480-00155.jpg": {"object_bounding_box": {"x": 699, "y": 860, "w": 381, "h": 220}, "object_present": true}, "P767--shoulder-bag--clutter--VCP7xNeRubG981KbiL_S8b9UQnau-sNfeGnos5NS480-00156.jpg": {"object_bounding_box": {"x": 685, "y": 866, "w": 395, "h": 214}, "object_present": true}, "P767--shoulder-bag--clutter--VCP7xNeRubG981KbiL_S8b9UQnau-sNfeGnos5NS480-00157.jpg": {"object_bounding_box": {"x": 667, "y": 865, "w": 413, "h": 215}, "object_present": true}, "P767--shoulder-bag--clutter--VCP7xNeRubG981KbiL_S8b9UQnau-sNfeGnos5NS480-00158.jpg": {"object_bounding_box": {"x": 666, "y": 860, "w": 414, "h": 220}, "object_present": true}, "P767--shoulder-bag--clutter--VCP7xNeRubG981KbiL_S8b9UQnau-sNfeGnos5NS480-00159.jpg": {"object_bounding_box": {"x": 660, "y": 855, "w": 420, "h": 225}, "object_present": true}, "P767--shoulder-bag--clutter--VCP7xNeRubG981KbiL_S8b9UQnau-sNfeGnos5NS480-00160.jpg": {"object_bounding_box": {"x": 650, "y": 853, "w": 430, "h": 227}, "object_present": true}, "P767--shoulder-bag--clutter--VCP7xNeRubG981KbiL_S8b9UQnau-sNfeGnos5NS480-00161.jpg": {"object_bounding_box": {"x": 652, "y": 854, "w": 428, "h": 226}, "object_present": true}, "P767--shoulder-bag--clutter--VCP7xNeRubG981KbiL_S8b9UQnau-sNfeGnos5NS480-00162.jpg": {"object_bounding_box": {"x": 648, "y": 854, "w": 432, "h": 226}, "object_present": true}, "P767--shoulder-bag--clutter--VCP7xNeRubG981KbiL_S8b9UQnau-sNfeGnos5NS480-00163.jpg": {"object_bounding_box": {"x": 644, "y": 851, "w": 436, "h": 229}, "object_present": true}, "P767--shoulder-bag--clutter--VCP7xNeRubG981KbiL_S8b9UQnau-sNfeGnos5NS480-00164.jpg": {"object_bounding_box": {"x": 641, "y": 847, "w": 439, "h": 233}, "object_present": true}, "P767--shoulder-bag--clutter--VCP7xNeRubG981KbiL_S8b9UQnau-sNfeGnos5NS480-00165.jpg": {"object_bounding_box": {"x": 643, "y": 845, "w": 437, "h": 235}, "object_present": true}, "P767--shoulder-bag--clutter--VCP7xNeRubG981KbiL_S8b9UQnau-sNfeGnos5NS480-00166.jpg": {"object_bounding_box": {"x": 643, "y": 839, "w": 437, "h": 241}, "object_present": true}, "P767--shoulder-bag--clutter--VCP7xNeRubG981KbiL_S8b9UQnau-sNfeGnos5NS480-00167.jpg": {"object_bounding_box": {"x": 640, "y": 837, "w": 440, "h": 243}, "object_present": true}, "P767--shoulder-bag--clutter--VCP7xNeRubG981KbiL_S8b9UQnau-sNfeGnos5NS480-00168.jpg": {"object_bounding_box": {"x": 641, "y": 838, "w": 439, "h": 242}, "object_present": true}, "P767--shoulder-bag--clutter--VCP7xNeRubG981KbiL_S8b9UQnau-sNfeGnos5NS480-00169.jpg": {"object_bounding_box": {"x": 640, "y": 843, "w": 440, "h": 237}, "object_present": true}, "P767--shoulder-bag--clutter--VCP7xNeRubG981KbiL_S8b9UQnau-sNfeGnos5NS480-00170.jpg": {"object_bounding_box": {"x": 640, "y": 849, "w": 440, "h": 231}, "object_present": true}, "P767--shoulder-bag--clutter--VCP7xNeRubG981KbiL_S8b9UQnau-sNfeGnos5NS480-00171.jpg": {"object_bounding_box": {"x": 642, "y": 848, "w": 438, "h": 232}, "object_present": true}, "P767--shoulder-bag--clutter--VCP7xNeRubG981KbiL_S8b9UQnau-sNfeGnos5NS480-00172.jpg": {"object_bounding_box": {"x": 642, "y": 844, "w": 438, "h": 236}, "object_present": true}, "P767--shoulder-bag--clutter--VCP7xNeRubG981KbiL_S8b9UQnau-sNfeGnos5NS480-00173.jpg": {"object_bounding_box": {"x": 640, "y": 834, "w": 440, "h": 246}, "object_present": true}, "P767--shoulder-bag--clutter--VCP7xNeRubG981KbiL_S8b9UQnau-sNfeGnos5NS480-00174.jpg": {"object_bounding_box": {"x": 640, "y": 834, "w": 440, "h": 246}, "object_present": true}, "P767--shoulder-bag--clutter--VCP7xNeRubG981KbiL_S8b9UQnau-sNfeGnos5NS480-00175.jpg": {"object_bounding_box": {"x": 633, "y": 836, "w": 447, "h": 244}, "object_present": true}, "P767--shoulder-bag--clutter--VCP7xNeRubG981KbiL_S8b9UQnau-sNfeGnos5NS480-00176.jpg": {"object_bounding_box": {"x": 623, "y": 836, "w": 457, "h": 244}, "object_present": true}, "P767--shoulder-bag--clutter--VCP7xNeRubG981KbiL_S8b9UQnau-sNfeGnos5NS480-00177.jpg": {"object_bounding_box": {"x": 611, "y": 840, "w": 469, "h": 240}, "object_present": true}, "P767--shoulder-bag--clutter--VCP7xNeRubG981KbiL_S8b9UQnau-sNfeGnos5NS480-00178.jpg": {"object_bounding_box": {"x": 598, "y": 839, "w": 482, "h": 241}, "object_present": true}, "P767--shoulder-bag--clutter--VCP7xNeRubG981KbiL_S8b9UQnau-sNfeGnos5NS480-00179.jpg": {"object_bounding_box": {"x": 593, "y": 835, "w": 487, "h": 245}, "object_present": true}, "P767--shoulder-bag--clutter--VCP7xNeRubG981KbiL_S8b9UQnau-sNfeGnos5NS480-00180.jpg": {"object_bounding_box": {"x": 590, "y": 833, "w": 490, "h": 247}, "object_present": true}, "P767--shoulder-bag--clutter--VCP7xNeRubG981KbiL_S8b9UQnau-sNfeGnos5NS480-00181.jpg": {"object_bounding_box": {"x": 581, "y": 829, "w": 499, "h": 251}, "object_present": true}, "P767--shoulder-bag--clutter--VCP7xNeRubG981KbiL_S8b9UQnau-sNfeGnos5NS480-00182.jpg": {"object_bounding_box": {"x": 573, "y": 826, "w": 507, "h": 254}, "object_present": true}, "P767--shoulder-bag--clutter--VCP7xNeRubG981KbiL_S8b9UQnau-sNfeGnos5NS480-00183.jpg": {"object_bounding_box": {"x": 569, "y": 824, "w": 511, "h": 256}, "object_present": true}, "P767--shoulder-bag--clutter--VCP7xNeRubG981KbiL_S8b9UQnau-sNfeGnos5NS480-00184.jpg": {"object_bounding_box": {"x": 559, "y": 819, "w": 521, "h": 261}, "object_present": true}, "P767--shoulder-bag--clutter--VCP7xNeRubG981KbiL_S8b9UQnau-sNfeGnos5NS480-00185.jpg": {"object_bounding_box": {"x": 555, "y": 815, "w": 525, "h": 265}, "object_present": true}, "P767--shoulder-bag--clutter--VCP7xNeRubG981KbiL_S8b9UQnau-sNfeGnos5NS480-00186.jpg": {"object_bounding_box": {"x": 553, "y": 819, "w": 527, "h": 261}, "object_present": true}, "P767--shoulder-bag--clutter--VCP7xNeRubG981KbiL_S8b9UQnau-sNfeGnos5NS480-00187.jpg": {"object_bounding_box": {"x": 550, "y": 820, "w": 530, "h": 260}, "object_present": true}, "P767--shoulder-bag--clutter--VCP7xNeRubG981KbiL_S8b9UQnau-sNfeGnos5NS480-00188.jpg": {"object_bounding_box": {"x": 550, "y": 821, "w": 530, "h": 259}, "object_present": true}, "P767--shoulder-bag--clutter--VCP7xNeRubG981KbiL_S8b9UQnau-sNfeGnos5NS480-00189.jpg": {"object_bounding_box": {"x": 547, "y": 822, "w": 533, "h": 258}, "object_present": true}, "P767--shoulder-bag--clutter--VCP7xNeRubG981KbiL_S8b9UQnau-sNfeGnos5NS480-00190.jpg": {"object_bounding_box": {"x": 545, "y": 823, "w": 535, "h": 257}, "object_present": true}, "P767--shoulder-bag--clutter--VCP7xNeRubG981KbiL_S8b9UQnau-sNfeGnos5NS480-00191.jpg": {"object_bounding_box": {"x": 545, "y": 824, "w": 535, "h": 256}, "object_present": true}, "P767--shoulder-bag--clutter--VCP7xNeRubG981KbiL_S8b9UQnau-sNfeGnos5NS480-00192.jpg": {"object_bounding_box": {"x": 545, "y": 830, "w": 535, "h": 250}, "object_present": true}, "P767--shoulder-bag--clutter--VCP7xNeRubG981KbiL_S8b9UQnau-sNfeGnos5NS480-00193.jpg": {"object_bounding_box": {"x": 543, "y": 836, "w": 537, "h": 244}, "object_present": true}, "P767--shoulder-bag--clutter--VCP7xNeRubG981KbiL_S8b9UQnau-sNfeGnos5NS480-00194.jpg": {"object_bounding_box": {"x": 544, "y": 842, "w": 536, "h": 238}, "object_present": true}, "P767--shoulder-bag--clutter--VCP7xNeRubG981KbiL_S8b9UQnau-sNfeGnos5NS480-00195.jpg": {"object_bounding_box": {"x": 542, "y": 845, "w": 538, "h": 235}, "object_present": true}, "P767--shoulder-bag--clutter--VCP7xNeRubG981KbiL_S8b9UQnau-sNfeGnos5NS480-00196.jpg": {"object_bounding_box": {"x": 537, "y": 848, "w": 543, "h": 232}, "object_present": true}, "P767--shoulder-bag--clutter--VCP7xNeRubG981KbiL_S8b9UQnau-sNfeGnos5NS480-00197.jpg": {"object_bounding_box": {"x": 535, "y": 853, "w": 545, "h": 227}, "object_present": true}, "P767--shoulder-bag--clutter--VCP7xNeRubG981KbiL_S8b9UQnau-sNfeGnos5NS480-00198.jpg": {"object_bounding_box": {"x": 535, "y": 856, "w": 545, "h": 224}, "object_present": true}, "P767--shoulder-bag--clutter--VCP7xNeRubG981KbiL_S8b9UQnau-sNfeGnos5NS480-00199.jpg": {"object_bounding_box": {"x": 535, "y": 862, "w": 545, "h": 218}, "object_present": true}, "P767--shoulder-bag--clutter--VCP7xNeRubG981KbiL_S8b9UQnau-sNfeGnos5NS480-00200.jpg": {"object_bounding_box": {"x": 539, "y": 865, "w": 541, "h": 215}, "object_present": true}, "P767--shoulder-bag--clutter--VCP7xNeRubG981KbiL_S8b9UQnau-sNfeGnos5NS480-00201.jpg": {"object_bounding_box": {"x": 541, "y": 870, "w": 539, "h": 210}, "object_present": true}, "P767--shoulder-bag--clutter--VCP7xNeRubG981KbiL_S8b9UQnau-sNfeGnos5NS480-00202.jpg": {"object_bounding_box": {"x": 541, "y": 874, "w": 539, "h": 206}, "object_present": true}, "P767--shoulder-bag--clutter--VCP7xNeRubG981KbiL_S8b9UQnau-sNfeGnos5NS480-00203.jpg": {"object_bounding_box": {"x": 541, "y": 876, "w": 539, "h": 204}, "object_present": true}, "P767--shoulder-bag--clutter--VCP7xNeRubG981KbiL_S8b9UQnau-sNfeGnos5NS480-00204.jpg": {"object_bounding_box": {"x": 540, "y": 881, "w": 540, "h": 199}, "object_present": true}, "P767--shoulder-bag--clutter--VCP7xNeRubG981KbiL_S8b9UQnau-sNfeGnos5NS480-00205.jpg": {"object_bounding_box": {"x": 540, "y": 885, "w": 540, "h": 195}, "object_present": true}, "P767--shoulder-bag--clutter--VCP7xNeRubG981KbiL_S8b9UQnau-sNfeGnos5NS480-00206.jpg": {"object_bounding_box": {"x": 545, "y": 889, "w": 535, "h": 191}, "object_present": true}, "P767--shoulder-bag--clutter--VCP7xNeRubG981KbiL_S8b9UQnau-sNfeGnos5NS480-00207.jpg": {"object_bounding_box": {"x": 547, "y": 893, "w": 533, "h": 187}, "object_present": true}, "P767--shoulder-bag--clutter--VCP7xNeRubG981KbiL_S8b9UQnau-sNfeGnos5NS480-00208.jpg": {"object_bounding_box": {"x": 551, "y": 892, "w": 529, "h": 188}, "object_present": true}, "P767--shoulder-bag--clutter--VCP7xNeRubG981KbiL_S8b9UQnau-sNfeGnos5NS480-00209.jpg": {"object_bounding_box": {"x": 556, "y": 894, "w": 524, "h": 186}, "object_present": true}, "P767--shoulder-bag--clutter--VCP7xNeRubG981KbiL_S8b9UQnau-sNfeGnos5NS480-00210.jpg": {"object_bounding_box": {"x": 560, "y": 899, "w": 520, "h": 181}, "object_present": true}, "P767--shoulder-bag--clutter--VCP7xNeRubG981KbiL_S8b9UQnau-sNfeGnos5NS480-00211.jpg": {"object_bounding_box": {"x": 566, "y": 891, "w": 514, "h": 189}, "object_present": true}, "P767--shoulder-bag--clutter--VCP7xNeRubG981KbiL_S8b9UQnau-sNfeGnos5NS480-00212.jpg": {"object_bounding_box": {"x": 565, "y": 873, "w": 515, "h": 207}, "object_present": true}, "P767--shoulder-bag--clutter--VCP7xNeRubG981KbiL_S8b9UQnau-sNfeGnos5NS480-00213.jpg": {"object_bounding_box": {"x": 565, "y": 872, "w": 515, "h": 208}, "object_present": true}, "P767--shoulder-bag--clutter--VCP7xNeRubG981KbiL_S8b9UQnau-sNfeGnos5NS480-00214.jpg": {"object_bounding_box": {"x": 559, "y": 894, "w": 521, "h": 186}, "object_present": true}, "P767--shoulder-bag--clutter--VCP7xNeRubG981KbiL_S8b9UQnau-sNfeGnos5NS480-00215.jpg": {"object_bounding_box": {"x": 558, "y": 910, "w": 522, "h": 170}, "object_present": true}, "P767--shoulder-bag--clutter--VCP7xNeRubG981KbiL_S8b9UQnau-sNfeGnos5NS480-00216.jpg": {"object_bounding_box": {"x": 563, "y": 918, "w": 517, "h": 162}, "object_present": true}, "P767--shoulder-bag--clutter--VCP7xNeRubG981KbiL_S8b9UQnau-sNfeGnos5NS480-00217.jpg": {"object_bounding_box": {"x": 565, "y": 913, "w": 515, "h": 167}, "object_present": true}, "P767--shoulder-bag--clutter--VCP7xNeRubG981KbiL_S8b9UQnau-sNfeGnos5NS480-00218.jpg": {"object_bounding_box": {"x": 567, "y": 903, "w": 513, "h": 177}, "object_present": true}, "P767--shoulder-bag--clutter--VCP7xNeRubG981KbiL_S8b9UQnau-sNfeGnos5NS480-00219.jpg": {"object_bounding_box": {"x": 563, "y": 901, "w": 517, "h": 179}, "object_present": true}, "P767--shoulder-bag--clutter--VCP7xNeRubG981KbiL_S8b9UQnau-sNfeGnos5NS480-00220.jpg": {"object_bounding_box": {"x": 563, "y": 911, "w": 517, "h": 169}, "object_present": true}, "P767--shoulder-bag--clutter--VCP7xNeRubG981KbiL_S8b9UQnau-sNfeGnos5NS480-00221.jpg": {"object_bounding_box": {"x": 563, "y": 927, "w": 517, "h": 153}, "object_present": true}, "P767--shoulder-bag--clutter--VCP7xNeRubG981KbiL_S8b9UQnau-sNfeGnos5NS480-00222.jpg": {"object_bounding_box": {"x": 564, "y": 934, "w": 516, "h": 146}, "object_present": true}, "P767--shoulder-bag--clutter--VCP7xNeRubG981KbiL_S8b9UQnau-sNfeGnos5NS480-00223.jpg": {"object_bounding_box": {"x": 563, "y": 934, "w": 517, "h": 146}, "object_present": true}}