{"P940--apple-airpods--clutter--5-6kibSKhuWLF3QF4lqGU4e4PTeksp55EROMsjLqies-00001.jpg": {"object_bounding_box": {"x": 408, "y": 477, "w": 119, "h": 126}, "object_present": true}, "P940--apple-airpods--clutter--5-6kibSKhuWLF3QF4lqGU4e4PTeksp55EROMsjLqies-00002.jpg": {"object_bounding_box": {"x": 408, "y": 477, "w": 118, "h": 127}, "object_present": true}, "P940--apple-airpods--clutter--5-6kibSKhuWLF3QF4lqGU4e4PTeksp55EROMsjLqies-00003.jpg": {"object_bounding_box": {"x": 430, "y": 496, "w": 123, "h": 136}, "object_present": true}, "P940--apple-airpods--clutter--5-6kibSKhuWLF3QF4lqGU4e4PTeksp55EROMsjLqies-00004.jpg": {"object_bounding_box": {"x": 468, "y": 522, "w": 127, "h": 131}, "object_present": true}, "P940--apple-airpods--clutter--5-6kibSKhuWLF3QF4lqGU4e4PTeksp55EROMsjLqies-00005.jpg": {"object_bounding_box": {"x": 427, "y": 494, "w": 149, "h": 152}, "object_present": true}, "P940--apple-airpods--clutter--5-6kibSKhuWLF3QF4lqGU4e4PTeksp55EROMsjLqies-00006.jpg": {"object_bounding_box": {"x": 395, "y": 457, "w": 118, "h": 142}, "object_present": true}, "P940--apple-airpods--clutter--5-6kibSKhuWLF3QF4lqGU4e4PTeksp55EROMsjLqies-00007.jpg": {"object_bounding_box": {"x": 402, "y": 451, "w": 117, "h": 129}, "object_present": true}, "P940--apple-airpods--clutter--5-6kibSKhuWLF3QF4lqGU4e4PTeksp55EROMsjLqies-00008.jpg": {"object_bounding_box": {"x": 433, "y": 468, "w": 126, "h": 141}, "object_present": true}, "P940--apple-airpods--clutter--5-6kibSKhuWLF3QF4lqGU4e4PTeksp55EROMsjLqies-00009.jpg": {"object_bounding_box": {"x": 454, "y": 497, "w": 120, "h": 131}, "object_present": true}, "P940--apple-airpods--clutter--5-6kibSKhuWLF3QF4lqGU4e4PTeksp55EROMsjLqies-00010.jpg": {"object_bounding_box": {"x": 438, "y": 506, "w": 121, "h": 128}, "object_present": true}, "P940--apple-airpods--clutter--5-6kibSKhuWLF3QF4lqGU4e4PTeksp55EROMsjLqies-00011.jpg": {"object_bounding_box": {"x": 430, "y": 510, "w": 130, "h": 130}, "object_present": true}, "P940--apple-airpods--clutter--5-6kibSKhuWLF3QF4lqGU4e4PTeksp55EROMsjLqies-00012.jpg": {"object_bounding_box": {"x": 392, "y": 520, "w": 138, "h": 133}, "object_present": true}, "P940--apple-airpods--clutter--5-6kibSKhuWLF3QF4lqGU4e4PTeksp55EROMsjLqies-00013.jpg": {"object_bounding_box": {"x": 389, "y": 530, "w": 133, "h": 132}, "object_present": true}, "P940--apple-airpods--clutter--5-6kibSKhuWLF3QF4lqGU4e4PTeksp55EROMsjLqies-00014.jpg": {"object_bounding_box": {"x": 419, "y": 529, "w": 142, "h": 136}, "object_present": true}, "P940--apple-airpods--clutter--5-6kibSKhuWLF3QF4lqGU4e4PTeksp55EROMsjLqies-00015.jpg": {"object_bounding_box": {"x": 305, "y": 405, "w": 197, "h": 207}, "object_present": true}, "P940--apple-airpods--clutter--5-6kibSKhuWLF3QF4lqGU4e4PTeksp55EROMsjLqies-00016.jpg": {"object_bounding_box": {"x": 256, "y": 370, "w": 138, "h": 143}, "object_present": true}, "P940--apple-airpods--clutter--5-6kibSKhuWLF3QF4lqGU4e4PTeksp55EROMsjLqies-00017.jpg": {"object_bounding_box": {"x": 267, "y": 369, "w": 147, "h": 139}, "object_present": true}, "P940--apple-airpods--clutter--5-6kibSKhuWLF3QF4lqGU4e4PTeksp55EROMsjLqies-00018.jpg": {"object_bounding_box": {"x": 359, "y": 366, "w": 182, "h": 144}, "object_present": true}, "P940--apple-airpods--clutter--5-6kibSKhuWLF3QF4lqGU4e4PTeksp55EROMsjLqies-00019.jpg": {"object_bounding_box": {"x": 441, "y": 330, "w": 136, "h": 154}, "object_present": true}, "P940--apple-airpods--clutter--5-6kibSKhuWLF3QF4lqGU4e4PTeksp55EROMsjLqies-00020.jpg": {"object_bounding_box": {"x": 448, "y": 332, "w": 144, "h": 159}, "object_present": true}, "P940--apple-airpods--clutter--5-6kibSKhuWLF3QF4lqGU4e4PTeksp55EROMsjLqies-00021.jpg": {"object_bounding_box": {"x": 397, "y": 395, "w": 139, "h": 176}, "object_present": true}, "P940--apple-airpods--clutter--5-6kibSKhuWLF3QF4lqGU4e4PTeksp55EROMsjLqies-00022.jpg": {"object_bounding_box": {"x": 389, "y": 472, "w": 131, "h": 168}, "object_present": true}, "P940--apple-airpods--clutter--5-6kibSKhuWLF3QF4lqGU4e4PTeksp55EROMsjLqies-00023.jpg": {"object_bounding_box": {"x": 413, "y": 520, "w": 132, "h": 160}, "object_present": true}, "P940--apple-airpods--clutter--5-6kibSKhuWLF3QF4lqGU4e4PTeksp55EROMsjLqies-00024.jpg": {"object_bounding_box": {"x": 426, "y": 560, "w": 130, "h": 163}, "object_present": true}, "P940--apple-airpods--clutter--5-6kibSKhuWLF3QF4lqGU4e4PTeksp55EROMsjLqies-00025.jpg": {"object_bounding_box": {"x": 415, "y": 602, "w": 137, "h": 161}, "object_present": true}, "P940--apple-airpods--clutter--5-6kibSKhuWLF3QF4lqGU4e4PTeksp55EROMsjLqies-00026.jpg": {"object_bounding_box": {"x": 398, "y": 627, "w": 143, "h": 154}, "object_present": true}, "P940--apple-airpods--clutter--5-6kibSKhuWLF3QF4lqGU4e4PTeksp55EROMsjLqies-00027.jpg": {"object_bounding_box": {"x": 376, "y": 629, "w": 147, "h": 155}, "object_present": true}, "P940--apple-airpods--clutter--5-6kibSKhuWLF3QF4lqGU4e4PTeksp55EROMsjLqies-00028.jpg": {"object_bounding_box": {"x": 344, "y": 627, "w": 151, "h": 161}, "object_present": true}, "P940--apple-airpods--clutter--5-6kibSKhuWLF3QF4lqGU4e4PTeksp55EROMsjLqies-00029.jpg": {"object_bounding_box": {"x": 343, "y": 625, "w": 152, "h": 166}, "object_present": true}, "P940--apple-airpods--clutter--5-6kibSKhuWLF3QF4lqGU4e4PTeksp55EROMsjLqies-00030.jpg": {"object_bounding_box": {"x": 351, "y": 621, "w": 157, "h": 171}, "object_present": true}, "P940--apple-airpods--clutter--5-6kibSKhuWLF3QF4lqGU4e4PTeksp55EROMsjLqies-00031.jpg": {"object_bounding_box": {"x": 336, "y": 619, "w": 167, "h": 174}, "object_present": true}, "P940--apple-airpods--clutter--5-6kibSKhuWLF3QF4lqGU4e4PTeksp55EROMsjLqies-00032.jpg": {"object_bounding_box": {"x": 313, "y": 612, "w": 165, "h": 180}, "object_present": true}, "P940--apple-airpods--clutter--5-6kibSKhuWLF3QF4lqGU4e4PTeksp55EROMsjLqies-00033.jpg": {"object_bounding_box": {"x": 296, "y": 605, "w": 172, "h": 185}, "object_present": true}, "P940--apple-airpods--clutter--5-6kibSKhuWLF3QF4lqGU4e4PTeksp55EROMsjLqies-00034.jpg": {"object_bounding_box": {"x": 288, "y": 602, "w": 175, "h": 190}, "object_present": true}, "P940--apple-airpods--clutter--5-6kibSKhuWLF3QF4lqGU4e4PTeksp55EROMsjLqies-00035.jpg": {"object_bounding_box": {"x": 286, "y": 594, "w": 177, "h": 194}, "object_present": true}, "P940--apple-airpods--clutter--5-6kibSKhuWLF3QF4lqGU4e4PTeksp55EROMsjLqies-00036.jpg": {"object_bounding_box": {"x": 279, "y": 584, "w": 181, "h": 198}, "object_present": true}, "P940--apple-airpods--clutter--5-6kibSKhuWLF3QF4lqGU4e4PTeksp55EROMsjLqies-00037.jpg": {"object_bounding_box": {"x": 271, "y": 579, "w": 185, "h": 204}, "object_present": true}, "P940--apple-airpods--clutter--5-6kibSKhuWLF3QF4lqGU4e4PTeksp55EROMsjLqies-00038.jpg": {"object_bounding_box": {"x": 275, "y": 581, "w": 187, "h": 204}, "object_present": true}, "P940--apple-airpods--clutter--5-6kibSKhuWLF3QF4lqGU4e4PTeksp55EROMsjLqies-00039.jpg": {"object_bounding_box": {"x": 300, "y": 582, "w": 189, "h": 206}, "object_present": true}, "P940--apple-airpods--clutter--5-6kibSKhuWLF3QF4lqGU4e4PTeksp55EROMsjLqies-00040.jpg": {"object_bounding_box": {"x": 322, "y": 582, "w": 193, "h": 207}, "object_present": true}, "P940--apple-airpods--clutter--5-6kibSKhuWLF3QF4lqGU4e4PTeksp55EROMsjLqies-00041.jpg": {"object_bounding_box": {"x": 354, "y": 577, "w": 188, "h": 208}, "object_present": true}, "P940--apple-airpods--clutter--5-6kibSKhuWLF3QF4lqGU4e4PTeksp55EROMsjLqies-00042.jpg": {"object_bounding_box": {"x": 378, "y": 571, "w": 191, "h": 211}, "object_present": true}, "P940--apple-airpods--clutter--5-6kibSKhuWLF3QF4lqGU4e4PTeksp55EROMsjLqies-00043.jpg": {"object_bounding_box": {"x": 386, "y": 561, "w": 193, "h": 212}, "object_present": true}, "P940--apple-airpods--clutter--5-6kibSKhuWLF3QF4lqGU4e4PTeksp55EROMsjLqies-00044.jpg": {"object_bounding_box": {"x": 396, "y": 547, "w": 195, "h": 213}, "object_present": true}, "P940--apple-airpods--clutter--5-6kibSKhuWLF3QF4lqGU4e4PTeksp55EROMsjLqies-00045.jpg": {"object_bounding_box": {"x": 408, "y": 535, "w": 193, "h": 214}, "object_present": true}, "P940--apple-airpods--clutter--5-6kibSKhuWLF3QF4lqGU4e4PTeksp55EROMsjLqies-00046.jpg": {"object_bounding_box": {"x": 415, "y": 515, "w": 196, "h": 217}, "object_present": true}, "P940--apple-airpods--clutter--5-6kibSKhuWLF3QF4lqGU4e4PTeksp55EROMsjLqies-00047.jpg": {"object_bounding_box": {"x": 421, "y": 501, "w": 201, "h": 217}, "object_present": true}, "P940--apple-airpods--clutter--5-6kibSKhuWLF3QF4lqGU4e4PTeksp55EROMsjLqies-00048.jpg": {"object_bounding_box": {"x": 428, "y": 478, "w": 201, "h": 222}, "object_present": true}, "P940--apple-airpods--clutter--5-6kibSKhuWLF3QF4lqGU4e4PTeksp55EROMsjLqies-00049.jpg": {"object_bounding_box": {"x": 433, "y": 456, "w": 204, "h": 224}, "object_present": true}, "P940--apple-airpods--clutter--5-6kibSKhuWLF3QF4lqGU4e4PTeksp55EROMsjLqies-00050.jpg": {"object_bounding_box": {"x": 443, "y": 440, "w": 205, "h": 220}, "object_present": true}, "P940--apple-airpods--clutter--5-6kibSKhuWLF3QF4lqGU4e4PTeksp55EROMsjLqies-00051.jpg": {"object_bounding_box": {"x": 462, "y": 435, "w": 206, "h": 224}, "object_present": true}, "P940--apple-airpods--clutter--5-6kibSKhuWLF3QF4lqGU4e4PTeksp55EROMsjLqies-00052.jpg": {"object_bounding_box": {"x": 475, "y": 446, "w": 205, "h": 228}, "object_present": true}, "P940--apple-airpods--clutter--5-6kibSKhuWLF3QF4lqGU4e4PTeksp55EROMsjLqies-00053.jpg": {"object_bounding_box": {"x": 491, "y": 466, "w": 204, "h": 222}, "object_present": true}, "P940--apple-airpods--clutter--5-6kibSKhuWLF3QF4lqGU4e4PTeksp55EROMsjLqies-00054.jpg": {"object_bounding_box": {"x": 507, "y": 469, "w": 210, "h": 223}, "object_present": true}, "P940--apple-airpods--clutter--5-6kibSKhuWLF3QF4lqGU4e4PTeksp55EROMsjLqies-00055.jpg": {"object_bounding_box": {"x": 521, "y": 469, "w": 211, "h": 224}, "object_present": true}, "P940--apple-airpods--clutter--5-6kibSKhuWLF3QF4lqGU4e4PTeksp55EROMsjLqies-00056.jpg": {"object_bounding_box": {"x": 531, "y": 469, "w": 213, "h": 224}, "object_present": true}, "P940--apple-airpods--clutter--5-6kibSKhuWLF3QF4lqGU4e4PTeksp55EROMsjLqies-00057.jpg": {"object_bounding_box": {"x": 544, "y": 469, "w": 215, "h": 225}, "object_present": true}, "P940--apple-airpods--clutter--5-6kibSKhuWLF3QF4lqGU4e4PTeksp55EROMsjLqies-00058.jpg": {"object_bounding_box": {"x": 554, "y": 465, "w": 216, "h": 228}, "object_present": true}, "P940--apple-airpods--clutter--5-6kibSKhuWLF3QF4lqGU4e4PTeksp55EROMsjLqies-00059.jpg": {"object_bounding_box": {"x": 560, "y": 459, "w": 218, "h": 231}, "object_present": true}, "P940--apple-airpods--clutter--5-6kibSKhuWLF3QF4lqGU4e4PTeksp55EROMsjLqies-00060.jpg": {"object_bounding_box": {"x": 562, "y": 454, "w": 218, "h": 235}, "object_present": true}, "P940--apple-airpods--clutter--5-6kibSKhuWLF3QF4lqGU4e4PTeksp55EROMsjLqies-00061.jpg": {"object_bounding_box": {"x": 563, "y": 458, "w": 220, "h": 236}, "object_present": true}, "P940--apple-airpods--clutter--5-6kibSKhuWLF3QF4lqGU4e4PTeksp55EROMsjLqies-00062.jpg": {"object_bounding_box": {"x": 566, "y": 469, "w": 220, "h": 237}, "object_present": true}, "P940--apple-airpods--clutter--5-6kibSKhuWLF3QF4lqGU4e4PTeksp55EROMsjLqies-00063.jpg": {"object_bounding_box": {"x": 564, "y": 487, "w": 221, "h": 238}, "object_present": true}, "P940--apple-airpods--clutter--5-6kibSKhuWLF3QF4lqGU4e4PTeksp55EROMsjLqies-00064.jpg": {"object_bounding_box": {"x": 556, "y": 504, "w": 223, "h": 240}, "object_present": true}, "P940--apple-airpods--clutter--5-6kibSKhuWLF3QF4lqGU4e4PTeksp55EROMsjLqies-00065.jpg": {"object_bounding_box": {"x": 539, "y": 519, "w": 224, "h": 237}, "object_present": true}, "P940--apple-airpods--clutter--5-6kibSKhuWLF3QF4lqGU4e4PTeksp55EROMsjLqies-00066.jpg": {"object_bounding_box": {"x": 523, "y": 532, "w": 223, "h": 236}, "object_present": true}, "P940--apple-airpods--clutter--5-6kibSKhuWLF3QF4lqGU4e4PTeksp55EROMsjLqies-00067.jpg": {"object_bounding_box": {"x": 510, "y": 540, "w": 221, "h": 236}, "object_present": true}, "P940--apple-airpods--clutter--5-6kibSKhuWLF3QF4lqGU4e4PTeksp55EROMsjLqies-00068.jpg": {"object_bounding_box": {"x": 505, "y": 542, "w": 221, "h": 237}, "object_present": true}, "P940--apple-airpods--clutter--5-6kibSKhuWLF3QF4lqGU4e4PTeksp55EROMsjLqies-00069.jpg": {"object_bounding_box": {"x": 497, "y": 541, "w": 221, "h": 239}, "object_present": true}, "P940--apple-airpods--clutter--5-6kibSKhuWLF3QF4lqGU4e4PTeksp55EROMsjLqies-00070.jpg": {"object_bounding_box": {"x": 490, "y": 534, "w": 222, "h": 239}, "object_present": true}, "P940--apple-airpods--clutter--5-6kibSKhuWLF3QF4lqGU4e4PTeksp55EROMsjLqies-00071.jpg": {"object_bounding_box": {"x": 487, "y": 523, "w": 223, "h": 240}, "object_present": true}, "P940--apple-airpods--clutter--5-6kibSKhuWLF3QF4lqGU4e4PTeksp55EROMsjLqies-00072.jpg": {"object_bounding_box": {"x": 484, "y": 512, "w": 226, "h": 241}, "object_present": true}, "P940--apple-airpods--clutter--5-6kibSKhuWLF3QF4lqGU4e4PTeksp55EROMsjLqies-00073.jpg": {"object_bounding_box": {"x": 483, "y": 502, "w": 225, "h": 241}, "object_present": true}, "P940--apple-airpods--clutter--5-6kibSKhuWLF3QF4lqGU4e4PTeksp55EROMsjLqies-00074.jpg": {"object_bounding_box": {"x": 487, "y": 491, "w": 226, "h": 243}, "object_present": true}, "P940--apple-airpods--clutter--5-6kibSKhuWLF3QF4lqGU4e4PTeksp55EROMsjLqies-00075.jpg": {"object_bounding_box": {"x": 490, "y": 484, "w": 226, "h": 243}, "object_present": true}, "P940--apple-airpods--clutter--5-6kibSKhuWLF3QF4lqGU4e4PTeksp55EROMsjLqies-00076.jpg": {"object_bounding_box": {"x": 492, "y": 482, "w": 225, "h": 245}, "object_present": true}, "P940--apple-airpods--clutter--5-6kibSKhuWLF3QF4lqGU4e4PTeksp55EROMsjLqies-00077.jpg": {"object_bounding_box": {"x": 495, "y": 484, "w": 226, "h": 244}, "object_present": true}, "P940--apple-airpods--clutter--5-6kibSKhuWLF3QF4lqGU4e4PTeksp55EROMsjLqies-00078.jpg": {"object_bounding_box": {"x": 495, "y": 493, "w": 226, "h": 244}, "object_present": true}, "P940--apple-airpods--clutter--5-6kibSKhuWLF3QF4lqGU4e4PTeksp55EROMsjLqies-00079.jpg": {"object_bounding_box": {"x": 491, "y": 502, "w": 225, "h": 242}, "object_present": true}, "P940--apple-airpods--clutter--5-6kibSKhuWLF3QF4lqGU4e4PTeksp55EROMsjLqies-00080.jpg": {"object_bounding_box": {"x": 487, "y": 510, "w": 226, "h": 245}, "object_present": true}, "P940--apple-airpods--clutter--5-6kibSKhuWLF3QF4lqGU4e4PTeksp55EROMsjLqies-00081.jpg": {"object_bounding_box": {"x": 480, "y": 517, "w": 226, "h": 247}, "object_present": true}, "P940--apple-airpods--clutter--5-6kibSKhuWLF3QF4lqGU4e4PTeksp55EROMsjLqies-00082.jpg": {"object_bounding_box": {"x": 475, "y": 520, "w": 225, "h": 247}, "object_present": true}, "P940--apple-airpods--clutter--5-6kibSKhuWLF3QF4lqGU4e4PTeksp55EROMsjLqies-00083.jpg": {"object_bounding_box": {"x": 471, "y": 523, "w": 227, "h": 245}, "object_present": true}, "P940--apple-airpods--clutter--5-6kibSKhuWLF3QF4lqGU4e4PTeksp55EROMsjLqies-00084.jpg": {"object_bounding_box": {"x": 471, "y": 521, "w": 225, "h": 245}, "object_present": true}, "P940--apple-airpods--clutter--5-6kibSKhuWLF3QF4lqGU4e4PTeksp55EROMsjLqies-00085.jpg": {"object_bounding_box": {"x": 471, "y": 520, "w": 225, "h": 244}, "object_present": true}, "P940--apple-airpods--clutter--5-6kibSKhuWLF3QF4lqGU4e4PTeksp55EROMsjLqies-00086.jpg": {"object_bounding_box": {"x": 474, "y": 518, "w": 227, "h": 243}, "object_present": true}, "P940--apple-airpods--clutter--5-6kibSKhuWLF3QF4lqGU4e4PTeksp55EROMsjLqies-00087.jpg": {"object_bounding_box": {"x": 483, "y": 511, "w": 225, "h": 243}, "object_present": true}, "P940--apple-airpods--clutter--5-6kibSKhuWLF3QF4lqGU4e4PTeksp55EROMsjLqies-00088.jpg": {"object_bounding_box": {"x": 488, "y": 505, "w": 225, "h": 241}, "object_present": true}, "P940--apple-airpods--clutter--5-6kibSKhuWLF3QF4lqGU4e4PTeksp55EROMsjLqies-00089.jpg": {"object_bounding_box": {"x": 498, "y": 502, "w": 224, "h": 242}, "object_present": true}, "P940--apple-airpods--clutter--5-6kibSKhuWLF3QF4lqGU4e4PTeksp55EROMsjLqies-00090.jpg": {"object_bounding_box": {"x": 505, "y": 502, "w": 225, "h": 242}, "object_present": true}, "P940--apple-airpods--clutter--5-6kibSKhuWLF3QF4lqGU4e4PTeksp55EROMsjLqies-00091.jpg": {"object_bounding_box": {"x": 517, "y": 507, "w": 223, "h": 239}, "object_present": true}, "P940--apple-airpods--clutter--5-6kibSKhuWLF3QF4lqGU4e4PTeksp55EROMsjLqies-00092.jpg": {"object_bounding_box": {"x": 526, "y": 508, "w": 223, "h": 238}, "object_present": true}, "P940--apple-airpods--clutter--5-6kibSKhuWLF3QF4lqGU4e4PTeksp55EROMsjLqies-00093.jpg": {"object_bounding_box": {"x": 533, "y": 509, "w": 224, "h": 240}, "object_present": true}, "P940--apple-airpods--clutter--5-6kibSKhuWLF3QF4lqGU4e4PTeksp55EROMsjLqies-00094.jpg": {"object_bounding_box": {"x": 537, "y": 514, "w": 225, "h": 240}, "object_present": true}, "P940--apple-airpods--clutter--5-6kibSKhuWLF3QF4lqGU4e4PTeksp55EROMsjLqies-00095.jpg": {"object_bounding_box": {"x": 542, "y": 520, "w": 223, "h": 239}, "object_present": true}, "P940--apple-airpods--clutter--5-6kibSKhuWLF3QF4lqGU4e4PTeksp55EROMsjLqies-00096.jpg": {"object_bounding_box": {"x": 544, "y": 528, "w": 223, "h": 238}, "object_present": true}, "P940--apple-airpods--clutter--5-6kibSKhuWLF3QF4lqGU4e4PTeksp55EROMsjLqies-00097.jpg": {"object_bounding_box": {"x": 546, "y": 533, "w": 222, "h": 236}, "object_present": true}, "P940--apple-airpods--clutter--5-6kibSKhuWLF3QF4lqGU4e4PTeksp55EROMsjLqies-00098.jpg": {"object_bounding_box": {"x": 546, "y": 535, "w": 219, "h": 235}, "object_present": true}, "P940--apple-airpods--clutter--5-6kibSKhuWLF3QF4lqGU4e4PTeksp55EROMsjLqies-00099.jpg": {"object_bounding_box": {"x": 547, "y": 540, "w": 219, "h": 234}, "object_present": true}, "P940--apple-airpods--clutter--5-6kibSKhuWLF3QF4lqGU4e4PTeksp55EROMsjLqies-00100.jpg": {"object_bounding_box": {"x": 547, "y": 550, "w": 216, "h": 233}, "object_present": true}, "P940--apple-airpods--clutter--5-6kibSKhuWLF3QF4lqGU4e4PTeksp55EROMsjLqies-00101.jpg": {"object_bounding_box": {"x": 547, "y": 566, "w": 214, "h": 236}, "object_present": true}, "P940--apple-airpods--clutter--5-6kibSKhuWLF3QF4lqGU4e4PTeksp55EROMsjLqies-00102.jpg": {"object_bounding_box": {"x": 543, "y": 590, "w": 212, "h": 235}, "object_present": true}, "P940--apple-airpods--clutter--5-6kibSKhuWLF3QF4lqGU4e4PTeksp55EROMsjLqies-00103.jpg": {"object_bounding_box": {"x": 543, "y": 610, "w": 210, "h": 235}, "object_present": true}, "P940--apple-airpods--clutter--5-6kibSKhuWLF3QF4lqGU4e4PTeksp55EROMsjLqies-00104.jpg": {"object_bounding_box": {"x": 543, "y": 632, "w": 208, "h": 233}, "object_present": true}, "P940--apple-airpods--clutter--5-6kibSKhuWLF3QF4lqGU4e4PTeksp55EROMsjLqies-00105.jpg": {"object_bounding_box": {"x": 543, "y": 648, "w": 208, "h": 229}, "object_present": true}, "P940--apple-airpods--clutter--5-6kibSKhuWLF3QF4lqGU4e4PTeksp55EROMsjLqies-00106.jpg": {"object_bounding_box": {"x": 543, "y": 660, "w": 208, "h": 229}, "object_present": true}, "P940--apple-airpods--clutter--5-6kibSKhuWLF3QF4lqGU4e4PTeksp55EROMsjLqies-00107.jpg": {"object_bounding_box": {"x": 545, "y": 669, "w": 206, "h": 233}, "object_present": true}, "P940--apple-airpods--clutter--5-6kibSKhuWLF3QF4lqGU4e4PTeksp55EROMsjLqies-00108.jpg": {"object_bounding_box": {"x": 549, "y": 686, "w": 205, "h": 230}, "object_present": true}, "P940--apple-airpods--clutter--5-6kibSKhuWLF3QF4lqGU4e4PTeksp55EROMsjLqies-00109.jpg": {"object_bounding_box": {"x": 551, "y": 700, "w": 203, "h": 229}, "object_present": true}, "P940--apple-airpods--clutter--5-6kibSKhuWLF3QF4lqGU4e4PTeksp55EROMsjLqies-00110.jpg": {"object_bounding_box": {"x": 553, "y": 712, "w": 204, "h": 228}, "object_present": true}, "P940--apple-airpods--clutter--5-6kibSKhuWLF3QF4lqGU4e4PTeksp55EROMsjLqies-00111.jpg": {"object_bounding_box": {"x": 559, "y": 720, "w": 202, "h": 225}, "object_present": true}, "P940--apple-airpods--clutter--5-6kibSKhuWLF3QF4lqGU4e4PTeksp55EROMsjLqies-00112.jpg": {"object_bounding_box": {"x": 566, "y": 726, "w": 201, "h": 222}, "object_present": true}, "P940--apple-airpods--clutter--5-6kibSKhuWLF3QF4lqGU4e4PTeksp55EROMsjLqies-00113.jpg": {"object_bounding_box": {"x": 572, "y": 731, "w": 201, "h": 225}, "object_present": true}, "P940--apple-airpods--clutter--5-6kibSKhuWLF3QF4lqGU4e4PTeksp55EROMsjLqies-00114.jpg": {"object_bounding_box": {"x": 580, "y": 738, "w": 204, "h": 225}, "object_present": true}, "P940--apple-airpods--clutter--5-6kibSKhuWLF3QF4lqGU4e4PTeksp55EROMsjLqies-00115.jpg": {"object_bounding_box": {"x": 588, "y": 749, "w": 199, "h": 224}, "object_present": true}, "P940--apple-airpods--clutter--5-6kibSKhuWLF3QF4lqGU4e4PTeksp55EROMsjLqies-00116.jpg": {"object_bounding_box": {"x": 597, "y": 759, "w": 200, "h": 225}, "object_present": true}, "P940--apple-airpods--clutter--5-6kibSKhuWLF3QF4lqGU4e4PTeksp55EROMsjLqies-00117.jpg": {"object_bounding_box": {"x": 607, "y": 768, "w": 198, "h": 225}, "object_present": true}, "P940--apple-airpods--clutter--5-6kibSKhuWLF3QF4lqGU4e4PTeksp55EROMsjLqies-00118.jpg": {"object_bounding_box": {"x": 612, "y": 778, "w": 200, "h": 223}, "object_present": true}, "P940--apple-airpods--clutter--5-6kibSKhuWLF3QF4lqGU4e4PTeksp55EROMsjLqies-00119.jpg": {"object_bounding_box": {"x": 622, "y": 790, "w": 197, "h": 223}, "object_present": true}, "P940--apple-airpods--clutter--5-6kibSKhuWLF3QF4lqGU4e4PTeksp55EROMsjLqies-00120.jpg": {"object_bounding_box": {"x": 629, "y": 799, "w": 200, "h": 223}, "object_present": true}, "P940--apple-airpods--clutter--5-6kibSKhuWLF3QF4lqGU4e4PTeksp55EROMsjLqies-00121.jpg": {"object_bounding_box": {"x": 636, "y": 805, "w": 197, "h": 221}, "object_present": true}, "P940--apple-airpods--clutter--5-6kibSKhuWLF3QF4lqGU4e4PTeksp55EROMsjLqies-00122.jpg": {"object_bounding_box": {"x": 643, "y": 810, "w": 197, "h": 221}, "object_present": true}, "P940--apple-airpods--clutter--5-6kibSKhuWLF3QF4lqGU4e4PTeksp55EROMsjLqies-00123.jpg": {"object_bounding_box": {"x": 651, "y": 812, "w": 196, "h": 221}, "object_present": true}, "P940--apple-airpods--clutter--5-6kibSKhuWLF3QF4lqGU4e4PTeksp55EROMsjLqies-00124.jpg": {"object_bounding_box": {"x": 669, "y": 812, "w": 192, "h": 221}, "object_present": true}, "P940--apple-airpods--clutter--5-6kibSKhuWLF3QF4lqGU4e4PTeksp55EROMsjLqies-00125.jpg": {"object_bounding_box": {"x": 680, "y": 818, "w": 195, "h": 219}, "object_present": true}, "P940--apple-airpods--clutter--5-6kibSKhuWLF3QF4lqGU4e4PTeksp55EROMsjLqies-00126.jpg": {"object_bounding_box": {"x": 687, "y": 830, "w": 192, "h": 220}, "object_present": true}, "P940--apple-airpods--clutter--5-6kibSKhuWLF3QF4lqGU4e4PTeksp55EROMsjLqies-00127.jpg": {"object_bounding_box": {"x": 690, "y": 844, "w": 196, "h": 219}, "object_present": true}, "P940--apple-airpods--clutter--5-6kibSKhuWLF3QF4lqGU4e4PTeksp55EROMsjLqies-00128.jpg": {"object_bounding_box": {"x": 699, "y": 853, "w": 195, "h": 221}, "object_present": true}, "P940--apple-airpods--clutter--5-6kibSKhuWLF3QF4lqGU4e4PTeksp55EROMsjLqies-00129.jpg": {"object_bounding_box": {"x": 706, "y": 864, "w": 193, "h": 216}, "object_present": true}, "P940--apple-airpods--clutter--5-6kibSKhuWLF3QF4lqGU4e4PTeksp55EROMsjLqies-00130.jpg": {"object_bounding_box": {"x": 724, "y": 865, "w": 190, "h": 215}, "object_present": true}, "P940--apple-airpods--clutter--5-6kibSKhuWLF3QF4lqGU4e4PTeksp55EROMsjLqies-00131.jpg": {"object_bounding_box": {"x": 739, "y": 865, "w": 191, "h": 215}, "object_present": true}, "P940--apple-airpods--clutter--5-6kibSKhuWLF3QF4lqGU4e4PTeksp55EROMsjLqies-00132.jpg": {"object_bounding_box": {"x": 752, "y": 867, "w": 194, "h": 213}, "object_present": true}, "P940--apple-airpods--clutter--5-6kibSKhuWLF3QF4lqGU4e4PTeksp55EROMsjLqies-00133.jpg": {"object_bounding_box": {"x": 769, "y": 874, "w": 194, "h": 206}, "object_present": true}, "P940--apple-airpods--clutter--5-6kibSKhuWLF3QF4lqGU4e4PTeksp55EROMsjLqies-00134.jpg": {"object_bounding_box": {"x": 789, "y": 883, "w": 194, "h": 197}, "object_present": true}, "P940--apple-airpods--clutter--5-6kibSKhuWLF3QF4lqGU4e4PTeksp55EROMsjLqies-00135.jpg": {"object_bounding_box": {"x": 805, "y": 890, "w": 194, "h": 190}, "object_present": true}, "P940--apple-airpods--clutter--5-6kibSKhuWLF3QF4lqGU4e4PTeksp55EROMsjLqies-00136.jpg": {"object_bounding_box": {"x": 817, "y": 900, "w": 191, "h": 180}, "object_present": true}, "P940--apple-airpods--clutter--5-6kibSKhuWLF3QF4lqGU4e4PTeksp55EROMsjLqies-00137.jpg": {"object_bounding_box": {"x": 830, "y": 909, "w": 191, "h": 171}, "object_present": true}, "P940--apple-airpods--clutter--5-6kibSKhuWLF3QF4lqGU4e4PTeksp55EROMsjLqies-00138.jpg": {"object_bounding_box": {"x": 846, "y": 916, "w": 191, "h": 164}, "object_present": true}, "P940--apple-airpods--clutter--5-6kibSKhuWLF3QF4lqGU4e4PTeksp55EROMsjLqies-00139.jpg": {"object_bounding_box": {"x": 860, "y": 923, "w": 187, "h": 157}, "object_present": true}, "P940--apple-airpods--clutter--5-6kibSKhuWLF3QF4lqGU4e4PTeksp55EROMsjLqies-00140.jpg": {"object_bounding_box": {"x": 878, "y": 932, "w": 187, "h": 148}, "object_present": true}, "P940--apple-airpods--clutter--5-6kibSKhuWLF3QF4lqGU4e4PTeksp55EROMsjLqies-00141.jpg": {"object_bounding_box": {"x": 898, "y": 934, "w": 182, "h": 146}, "object_present": true}, "P940--apple-airpods--clutter--5-6kibSKhuWLF3QF4lqGU4e4PTeksp55EROMsjLqies-00142.jpg": {"object_bounding_box": {"x": 919, "y": 936, "w": 161, "h": 144}, "object_present": true}, "P940--apple-airpods--clutter--5-6kibSKhuWLF3QF4lqGU4e4PTeksp55EROMsjLqies-00143.jpg": {"object_bounding_box": {"x": 932, "y": 942, "w": 148, "h": 138}, "object_present": true}, "P940--apple-airpods--clutter--5-6kibSKhuWLF3QF4lqGU4e4PTeksp55EROMsjLqies-00144.jpg": {"object_bounding_box": {"x": 944, "y": 950, "w": 136, "h": 130}, "object_present": true}, "P940--apple-airpods--clutter--5-6kibSKhuWLF3QF4lqGU4e4PTeksp55EROMsjLqies-00145.jpg": {"object_bounding_box": {"x": 961, "y": 959, "w": 119, "h": 121}, "object_present": true}, "P940--apple-airpods--clutter--5-6kibSKhuWLF3QF4lqGU4e4PTeksp55EROMsjLqies-00146.jpg": {"object_bounding_box": {"x": 967, "y": 971, "w": 113, "h": 109}, "object_present": true}, "P940--apple-airpods--clutter--5-6kibSKhuWLF3QF4lqGU4e4PTeksp55EROMsjLqies-00147.jpg": {"object_bounding_box": {"x": 973, "y": 984, "w": 107, "h": 96}, "object_present": true}, "P940--apple-airpods--clutter--5-6kibSKhuWLF3QF4lqGU4e4PTeksp55EROMsjLqies-00148.jpg": {"object_bounding_box": {"x": 982, "y": 993, "w": 98, "h": 87}, "object_present": true}, "P940--apple-airpods--clutter--5-6kibSKhuWLF3QF4lqGU4e4PTeksp55EROMsjLqies-00149.jpg": {"object_bounding_box": {"x": 992, "y": 999, "w": 88, "h": 81}, "object_present": true}, "P940--apple-airpods--clutter--5-6kibSKhuWLF3QF4lqGU4e4PTeksp55EROMsjLqies-00150.jpg": {"object_bounding_box": {"x": 1003, "y": 1000, "w": 77, "h": 80}, "object_present": true}, "P940--apple-airpods--clutter--5-6kibSKhuWLF3QF4lqGU4e4PTeksp55EROMsjLqies-00151.jpg": {"object_bounding_box": {"x": 1019, "y": 1001, "w": 61, "h": 79}, "object_present": true}, "P940--apple-airpods--clutter--5-6kibSKhuWLF3QF4lqGU4e4PTeksp55EROMsjLqies-00152.jpg": {"object_bounding_box": {"x": 1025, "y": 1006, "w": 55, "h": 74}, "object_present": true}, "P940--apple-airpods--clutter--5-6kibSKhuWLF3QF4lqGU4e4PTeksp55EROMsjLqies-00153.jpg": {"object_bounding_box": {"x": 1022, "y": 1015, "w": 58, "h": 65}, "object_present": true}, "P940--apple-airpods--clutter--5-6kibSKhuWLF3QF4lqGU4e4PTeksp55EROMsjLqies-00154.jpg": {"object_bounding_box": {"x": 1019, "y": 1030, "w": 61, "h": 50}, "object_present": true}, "P940--apple-airpods--clutter--5-6kibSKhuWLF3QF4lqGU4e4PTeksp55EROMsjLqies-00155.jpg": {"object_bounding_box": {"x": 1021, "y": 1046, "w": 59, "h": 34}, "object_present": true}, "P940--apple-airpods--clutter--5-6kibSKhuWLF3QF4lqGU4e4PTeksp55EROMsjLqies-00156.jpg": {"object_bounding_box": {"x": 1035, "y": 1067, "w": 45, "h": 13}, "object_present": true}, "P940--apple-airpods--clutter--5-6kibSKhuWLF3QF4lqGU4e4PTeksp55EROMsjLqies-00157.jpg": {"object_bounding_box": null, "object_present": false}, "P940--apple-airpods--clutter--5-6kibSKhuWLF3QF4lqGU4e4PTeksp55EROMsjLqies-00158.jpg": {"object_bounding_box": null, "object_present": false}, "P940--apple-airpods--clutter--5-6kibSKhuWLF3QF4lqGU4e4PTeksp55EROMsjLqies-00159.jpg": {"object_bounding_box": null, "object_present": false}, "P940--apple-airpods--clutter--5-6kibSKhuWLF3QF4lqGU4e4PTeksp55EROMsjLqies-00160.jpg": {"object_bounding_box": null, "object_present": false}, "P940--apple-airpods--clutter--5-6kibSKhuWLF3QF4lqGU4e4PTeksp55EROMsjLqies-00161.jpg": {"object_bounding_box": null, "object_present": false}, "P940--apple-airpods--clutter--5-6kibSKhuWLF3QF4lqGU4e4PTeksp55EROMsjLqies-00162.jpg": {"object_bounding_box": null, "object_present": false}, "P940--apple-airpods--clutter--5-6kibSKhuWLF3QF4lqGU4e4PTeksp55EROMsjLqies-00163.jpg": {"object_bounding_box": null, "object_present": false}, "P940--apple-airpods--clutter--5-6kibSKhuWLF3QF4lqGU4e4PTeksp55EROMsjLqies-00164.jpg": {"object_bounding_box": null, "object_present": false}, "P940--apple-airpods--clutter--5-6kibSKhuWLF3QF4lqGU4e4PTeksp55EROMsjLqies-00165.jpg": {"object_bounding_box": null, "object_present": false}, "P940--apple-airpods--clutter--5-6kibSKhuWLF3QF4lqGU4e4PTeksp55EROMsjLqies-00166.jpg": {"object_bounding_box": null, "object_present": false}, "P940--apple-airpods--clutter--5-6kibSKhuWLF3QF4lqGU4e4PTeksp55EROMsjLqies-00167.jpg": {"object_bounding_box": null, "object_present": false}, "P940--apple-airpods--clutter--5-6kibSKhuWLF3QF4lqGU4e4PTeksp55EROMsjLqies-00168.jpg": {"object_bounding_box": null, "object_present": false}, "P940--apple-airpods--clutter--5-6kibSKhuWLF3QF4lqGU4e4PTeksp55EROMsjLqies-00169.jpg": {"object_bounding_box": null, "object_present": false}, "P940--apple-airpods--clutter--5-6kibSKhuWLF3QF4lqGU4e4PTeksp55EROMsjLqies-00170.jpg": {"object_bounding_box": null, "object_present": false}, "P940--apple-airpods--clutter--5-6kibSKhuWLF3QF4lqGU4e4PTeksp55EROMsjLqies-00171.jpg": {"object_bounding_box": null, "object_present": false}, "P940--apple-airpods--clutter--5-6kibSKhuWLF3QF4lqGU4e4PTeksp55EROMsjLqies-00172.jpg": {"object_bounding_box": null, "object_present": false}, "P940--apple-airpods--clutter--5-6kibSKhuWLF3QF4lqGU4e4PTeksp55EROMsjLqies-00173.jpg": {"object_bounding_box": null, "object_present": false}, "P940--apple-airpods--clutter--5-6kibSKhuWLF3QF4lqGU4e4PTeksp55EROMsjLqies-00174.jpg": {"object_bounding_box": null, "object_present": false}, "P940--apple-airpods--clutter--5-6kibSKhuWLF3QF4lqGU4e4PTeksp55EROMsjLqies-00175.jpg": {"object_bounding_box": null, "object_present": false}, "P940--apple-airpods--clutter--5-6kibSKhuWLF3QF4lqGU4e4PTeksp55EROMsjLqies-00176.jpg": {"object_bounding_box": null, "object_present": false}, "P940--apple-airpods--clutter--5-6kibSKhuWLF3QF4lqGU4e4PTeksp55EROMsjLqies-00177.jpg": {"object_bounding_box": null, "object_present": false}, "P940--apple-airpods--clutter--5-6kibSKhuWLF3QF4lqGU4e4PTeksp55EROMsjLqies-00178.jpg": {"object_bounding_box": null, "object_present": false}, "P940--apple-airpods--clutter--5-6kibSKhuWLF3QF4lqGU4e4PTeksp55EROMsjLqies-00179.jpg": {"object_bounding_box": null, "object_present": false}, "P940--apple-airpods--clutter--5-6kibSKhuWLF3QF4lqGU4e4PTeksp55EROMsjLqies-00180.jpg": {"object_bounding_box": null, "object_present": false}, "P940--apple-airpods--clutter--5-6kibSKhuWLF3QF4lqGU4e4PTeksp55EROMsjLqies-00181.jpg": {"object_bounding_box": null, "object_present": false}, "P940--apple-airpods--clutter--5-6kibSKhuWLF3QF4lqGU4e4PTeksp55EROMsjLqies-00182.jpg": {"object_bounding_box": null, "object_present": false}, "P940--apple-airpods--clutter--5-6kibSKhuWLF3QF4lqGU4e4PTeksp55EROMsjLqies-00183.jpg": {"object_bounding_box": null, "object_present": false}, "P940--apple-airpods--clutter--5-6kibSKhuWLF3QF4lqGU4e4PTeksp55EROMsjLqies-00184.jpg": {"object_bounding_box": null, "object_present": false}, "P940--apple-airpods--clutter--5-6kibSKhuWLF3QF4lqGU4e4PTeksp55EROMsjLqies-00185.jpg": {"object_bounding_box": null, "object_present": false}, "P940--apple-airpods--clutter--5-6kibSKhuWLF3QF4lqGU4e4PTeksp55EROMsjLqies-00186.jpg": {"object_bounding_box": null, "object_present": false}, "P940--apple-airpods--clutter--5-6kibSKhuWLF3QF4lqGU4e4PTeksp55EROMsjLqies-00187.jpg": {"object_bounding_box": null, "object_present": false}, "P940--apple-airpods--clutter--5-6kibSKhuWLF3QF4lqGU4e4PTeksp55EROMsjLqies-00188.jpg": {"object_bounding_box": null, "object_present": false}, "P940--apple-airpods--clutter--5-6kibSKhuWLF3QF4lqGU4e4PTeksp55EROMsjLqies-00189.jpg": {"object_bounding_box": null, "object_present": false}, "P940--apple-airpods--clutter--5-6kibSKhuWLF3QF4lqGU4e4PTeksp55EROMsjLqies-00190.jpg": {"object_bounding_box": null, "object_present": false}, "P940--apple-airpods--clutter--5-6kibSKhuWLF3QF4lqGU4e4PTeksp55EROMsjLqies-00191.jpg": {"object_bounding_box": null, "object_present": false}, "P940--apple-airpods--clutter--5-6kibSKhuWLF3QF4lqGU4e4PTeksp55EROMsjLqies-00192.jpg": {"object_bounding_box": null, "object_present": false}, "P940--apple-airpods--clutter--5-6kibSKhuWLF3QF4lqGU4e4PTeksp55EROMsjLqies-00193.jpg": {"object_bounding_box": null, "object_present": false}, "P940--apple-airpods--clutter--5-6kibSKhuWLF3QF4lqGU4e4PTeksp55EROMsjLqies-00194.jpg": {"object_bounding_box": null, "object_present": false}, "P940--apple-airpods--clutter--5-6kibSKhuWLF3QF4lqGU4e4PTeksp55EROMsjLqies-00195.jpg": {"object_bounding_box": null, "object_present": false}, "P940--apple-airpods--clutter--5-6kibSKhuWLF3QF4lqGU4e4PTeksp55EROMsjLqies-00196.jpg": {"object_bounding_box": null, "object_present": false}, "P940--apple-airpods--clutter--5-6kibSKhuWLF3QF4lqGU4e4PTeksp55EROMsjLqies-00197.jpg": {"object_bounding_box": null, "object_present": false}, "P940--apple-airpods--clutter--5-6kibSKhuWLF3QF4lqGU4e4PTeksp55EROMsjLqies-00198.jpg": {"object_bounding_box": null, "object_present": false}, "P940--apple-airpods--clutter--5-6kibSKhuWLF3QF4lqGU4e4PTeksp55EROMsjLqies-00199.jpg": {"object_bounding_box": null, "object_present": false}, "P940--apple-airpods--clutter--5-6kibSKhuWLF3QF4lqGU4e4PTeksp55EROMsjLqies-00200.jpg": {"object_bounding_box": null, "object_present": false}, "P940--apple-airpods--clutter--5-6kibSKhuWLF3QF4lqGU4e4PTeksp55EROMsjLqies-00201.jpg": {"object_bounding_box": null, "object_present": false}, "P940--apple-airpods--clutter--5-6kibSKhuWLF3QF4lqGU4e4PTeksp55EROMsjLqies-00202.jpg": {"object_bounding_box": null, "object_present": false}, "P940--apple-airpods--clutter--5-6kibSKhuWLF3QF4lqGU4e4PTeksp55EROMsjLqies-00203.jpg": {"object_bounding_box": null, "object_present": false}, "P940--apple-airpods--clutter--5-6kibSKhuWLF3QF4lqGU4e4PTeksp55EROMsjLqies-00204.jpg": {"object_bounding_box": null, "object_present": false}, "P940--apple-airpods--clutter--5-6kibSKhuWLF3QF4lqGU4e4PTeksp55EROMsjLqies-00205.jpg": {"object_bounding_box": null, "object_present": false}, "P940--apple-airpods--clutter--5-6kibSKhuWLF3QF4lqGU4e4PTeksp55EROMsjLqies-00206.jpg": {"object_bounding_box": null, "object_present": false}, "P940--apple-airpods--clutter--5-6kibSKhuWLF3QF4lqGU4e4PTeksp55EROMsjLqies-00207.jpg": {"object_bounding_box": null, "object_present": false}, "P940--apple-airpods--clutter--5-6kibSKhuWLF3QF4lqGU4e4PTeksp55EROMsjLqies-00208.jpg": {"object_bounding_box": null, "object_present": false}, "P940--apple-airpods--clutter--5-6kibSKhuWLF3QF4lqGU4e4PTeksp55EROMsjLqies-00209.jpg": {"object_bounding_box": null, "object_present": false}, "P940--apple-airpods--clutter--5-6kibSKhuWLF3QF4lqGU4e4PTeksp55EROMsjLqies-00210.jpg": {"object_bounding_box": null, "object_present": false}, "P940--apple-airpods--clutter--5-6kibSKhuWLF3QF4lqGU4e4PTeksp55EROMsjLqies-00211.jpg": {"object_bounding_box": null, "object_present": false}, "P940--apple-airpods--clutter--5-6kibSKhuWLF3QF4lqGU4e4PTeksp55EROMsjLqies-00212.jpg": {"object_bounding_box": null, "object_present": false}, "P940--apple-airpods--clutter--5-6kibSKhuWLF3QF4lqGU4e4PTeksp55EROMsjLqies-00213.jpg": {"object_bounding_box": null, "object_present": false}, "P940--apple-airpods--clutter--5-6kibSKhuWLF3QF4lqGU4e4PTeksp55EROMsjLqies-00214.jpg": {"object_bounding_box": null, "object_present": false}, "P940--apple-airpods--clutter--5-6kibSKhuWLF3QF4lqGU4e4PTeksp55EROMsjLqies-00215.jpg": {"object_bounding_box": null, "object_present": false}, "P940--apple-airpods--clutter--5-6kibSKhuWLF3QF4lqGU4e4PTeksp55EROMsjLqies-00216.jpg": {"object_bounding_box": null, "object_present": false}, "P940--apple-airpods--clutter--5-6kibSKhuWLF3QF4lqGU4e4PTeksp55EROMsjLqies-00217.jpg": {"object_bounding_box": null, "object_present": false}, "P940--apple-airpods--clutter--5-6kibSKhuWLF3QF4lqGU4e4PTeksp55EROMsjLqies-00218.jpg": {"object_bounding_box": null, "object_present": false}, "P940--apple-airpods--clutter--5-6kibSKhuWLF3QF4lqGU4e4PTeksp55EROMsjLqies-00219.jpg": {"object_bounding_box": null, "object_present": false}, "P940--apple-airpods--clutter--5-6kibSKhuWLF3QF4lqGU4e4PTeksp55EROMsjLqies-00220.jpg": {"object_bounding_box": null, "object_present": false}, "P940--apple-airpods--clutter--5-6kibSKhuWLF3QF4lqGU4e4PTeksp55EROMsjLqies-00221.jpg": {"object_bounding_box": null, "object_present": false}, "P940--apple-airpods--clutter--5-6kibSKhuWLF3QF4lqGU4e4PTeksp55EROMsjLqies-00222.jpg": {"object_bounding_box": null, "object_present": false}, "P940--apple-airpods--clutter--5-6kibSKhuWLF3QF4lqGU4e4PTeksp55EROMsjLqies-00223.jpg": {"object_bounding_box": null, "object_present": false}, "P940--apple-airpods--clutter--5-6kibSKhuWLF3QF4lqGU4e4PTeksp55EROMsjLqies-00224.jpg": {"object_bounding_box": null, "object_present": false}, "P940--apple-airpods--clutter--5-6kibSKhuWLF3QF4lqGU4e4PTeksp55EROMsjLqies-00225.jpg": {"object_bounding_box": null, "object_present": false}, "P940--apple-airpods--clutter--5-6kibSKhuWLF3QF4lqGU4e4PTeksp55EROMsjLqies-00226.jpg": {"object_bounding_box": null, "object_present": false}, "P940--apple-airpods--clutter--5-6kibSKhuWLF3QF4lqGU4e4PTeksp55EROMsjLqies-00227.jpg": {"object_bounding_box": null, "object_present": false}, "P940--apple-airpods--clutter--5-6kibSKhuWLF3QF4lqGU4e4PTeksp55EROMsjLqies-00228.jpg": {"object_bounding_box": null, "object_present": false}, "P940--apple-airpods--clutter--5-6kibSKhuWLF3QF4lqGU4e4PTeksp55EROMsjLqies-00229.jpg": {"object_bounding_box": null, "object_present": false}, "P940--apple-airpods--clutter--5-6kibSKhuWLF3QF4lqGU4e4PTeksp55EROMsjLqies-00230.jpg": {"object_bounding_box": null, "object_present": false}, "P940--apple-airpods--clutter--5-6kibSKhuWLF3QF4lqGU4e4PTeksp55EROMsjLqies-00231.jpg": {"object_bounding_box": null, "object_present": false}, "P940--apple-airpods--clutter--5-6kibSKhuWLF3QF4lqGU4e4PTeksp55EROMsjLqies-00232.jpg": {"object_bounding_box": null, "object_present": false}, "P940--apple-airpods--clutter--5-6kibSKhuWLF3QF4lqGU4e4PTeksp55EROMsjLqies-00233.jpg": {"object_bounding_box": null, "object_present": false}, "P940--apple-airpods--clutter--5-6kibSKhuWLF3QF4lqGU4e4PTeksp55EROMsjLqies-00234.jpg": {"object_bounding_box": null, "object_present": false}, "P940--apple-airpods--clutter--5-6kibSKhuWLF3QF4lqGU4e4PTeksp55EROMsjLqies-00235.jpg": {"object_bounding_box": null, "object_present": false}, "P940--apple-airpods--clutter--5-6kibSKhuWLF3QF4lqGU4e4PTeksp55EROMsjLqies-00236.jpg": {"object_bounding_box": null, "object_present": false}, "P940--apple-airpods--clutter--5-6kibSKhuWLF3QF4lqGU4e4PTeksp55EROMsjLqies-00237.jpg": {"object_bounding_box": null, "object_present": false}, "P940--apple-airpods--clutter--5-6kibSKhuWLF3QF4lqGU4e4PTeksp55EROMsjLqies-00238.jpg": {"object_bounding_box": null, "object_present": false}, "P940--apple-airpods--clutter--5-6kibSKhuWLF3QF4lqGU4e4PTeksp55EROMsjLqies-00239.jpg": {"object_bounding_box": null, "object_present": false}, "P940--apple-airpods--clutter--5-6kibSKhuWLF3QF4lqGU4e4PTeksp55EROMsjLqies-00240.jpg": {"object_bounding_box": null, "object_present": false}, "P940--apple-airpods--clutter--5-6kibSKhuWLF3QF4lqGU4e4PTeksp55EROMsjLqies-00241.jpg": {"object_bounding_box": null, "object_present": false}, "P940--apple-airpods--clutter--5-6kibSKhuWLF3QF4lqGU4e4PTeksp55EROMsjLqies-00242.jpg": {"object_bounding_box": null, "object_present": false}, "P940--apple-airpods--clutter--5-6kibSKhuWLF3QF4lqGU4e4PTeksp55EROMsjLqies-00243.jpg": {"object_bounding_box": null, "object_present": false}, "P940--apple-airpods--clutter--5-6kibSKhuWLF3QF4lqGU4e4PTeksp55EROMsjLqies-00244.jpg": {"object_bounding_box": null, "object_present": false}, "P940--apple-airpods--clutter--5-6kibSKhuWLF3QF4lqGU4e4PTeksp55EROMsjLqies-00245.jpg": {"object_bounding_box": null, "object_present": false}, "P940--apple-airpods--clutter--5-6kibSKhuWLF3QF4lqGU4e4PTeksp55EROMsjLqies-00246.jpg": {"object_bounding_box": null, "object_present": false}, "P940--apple-airpods--clutter--5-6kibSKhuWLF3QF4lqGU4e4PTeksp55EROMsjLqies-00247.jpg": {"object_bounding_box": null, "object_present": false}, "P940--apple-airpods--clutter--5-6kibSKhuWLF3QF4lqGU4e4PTeksp55EROMsjLqies-00248.jpg": {"object_bounding_box": null, "object_present": false}, "P940--apple-airpods--clutter--5-6kibSKhuWLF3QF4lqGU4e4PTeksp55EROMsjLqies-00249.jpg": {"object_bounding_box": null, "object_present": false}, "P940--apple-airpods--clutter--5-6kibSKhuWLF3QF4lqGU4e4PTeksp55EROMsjLqies-00250.jpg": {"object_bounding_box": null, "object_present": false}, "P940--apple-airpods--clutter--5-6kibSKhuWLF3QF4lqGU4e4PTeksp55EROMsjLqies-00251.jpg": {"object_bounding_box": null, "object_present": false}, "P940--apple-airpods--clutter--5-6kibSKhuWLF3QF4lqGU4e4PTeksp55EROMsjLqies-00252.jpg": {"object_bounding_box": null, "object_present": false}, "P940--apple-airpods--clutter--5-6kibSKhuWLF3QF4lqGU4e4PTeksp55EROMsjLqies-00253.jpg": {"object_bounding_box": null, "object_present": false}, "P940--apple-airpods--clutter--5-6kibSKhuWLF3QF4lqGU4e4PTeksp55EROMsjLqies-00254.jpg": {"object_bounding_box": null, "object_present": false}, "P940--apple-airpods--clutter--5-6kibSKhuWLF3QF4lqGU4e4PTeksp55EROMsjLqies-00255.jpg": {"object_bounding_box": null, "object_present": false}, "P940--apple-airpods--clutter--5-6kibSKhuWLF3QF4lqGU4e4PTeksp55EROMsjLqies-00256.jpg": {"object_bounding_box": null, "object_present": false}, "P940--apple-airpods--clutter--5-6kibSKhuWLF3QF4lqGU4e4PTeksp55EROMsjLqies-00257.jpg": {"object_bounding_box": null, "object_present": false}, "P940--apple-airpods--clutter--5-6kibSKhuWLF3QF4lqGU4e4PTeksp55EROMsjLqies-00258.jpg": {"object_bounding_box": null, "object_present": false}, "P940--apple-airpods--clutter--5-6kibSKhuWLF3QF4lqGU4e4PTeksp55EROMsjLqies-00259.jpg": {"object_bounding_box": null, "object_present": false}, "P940--apple-airpods--clutter--5-6kibSKhuWLF3QF4lqGU4e4PTeksp55EROMsjLqies-00260.jpg": {"object_bounding_box": null, "object_present": false}, "P940--apple-airpods--clutter--5-6kibSKhuWLF3QF4lqGU4e4PTeksp55EROMsjLqies-00261.jpg": {"object_bounding_box": null, "object_present": false}, "P940--apple-airpods--clutter--5-6kibSKhuWLF3QF4lqGU4e4PTeksp55EROMsjLqies-00262.jpg": {"object_bounding_box": null, "object_present": false}, "P940--apple-airpods--clutter--5-6kibSKhuWLF3QF4lqGU4e4PTeksp55EROMsjLqies-00263.jpg": {"object_bounding_box": null, "object_present": false}, "P940--apple-airpods--clutter--5-6kibSKhuWLF3QF4lqGU4e4PTeksp55EROMsjLqies-00264.jpg": {"object_bounding_box": null, "object_present": false}, "P940--apple-airpods--clutter--5-6kibSKhuWLF3QF4lqGU4e4PTeksp55EROMsjLqies-00265.jpg": {"object_bounding_box": null, "object_present": false}, "P940--apple-airpods--clutter--5-6kibSKhuWLF3QF4lqGU4e4PTeksp55EROMsjLqies-00266.jpg": {"object_bounding_box": null, "object_present": false}, "P940--apple-airpods--clutter--5-6kibSKhuWLF3QF4lqGU4e4PTeksp55EROMsjLqies-00267.jpg": {"object_bounding_box": null, "object_present": false}, "P940--apple-airpods--clutter--5-6kibSKhuWLF3QF4lqGU4e4PTeksp55EROMsjLqies-00268.jpg": {"object_bounding_box": null, "object_present": false}, "P940--apple-airpods--clutter--5-6kibSKhuWLF3QF4lqGU4e4PTeksp55EROMsjLqies-00269.jpg": {"object_bounding_box": null, "object_present": false}, "P940--apple-airpods--clutter--5-6kibSKhuWLF3QF4lqGU4e4PTeksp55EROMsjLqies-00270.jpg": {"object_bounding_box": null, "object_present": false}, "P940--apple-airpods--clutter--5-6kibSKhuWLF3QF4lqGU4e4PTeksp55EROMsjLqies-00271.jpg": {"object_bounding_box": null, "object_present": false}, "P940--apple-airpods--clutter--5-6kibSKhuWLF3QF4lqGU4e4PTeksp55EROMsjLqies-00272.jpg": {"object_bounding_box": null, "object_present": false}, "P940--apple-airpods--clutter--5-6kibSKhuWLF3QF4lqGU4e4PTeksp55EROMsjLqies-00273.jpg": {"object_bounding_box": null, "object_present": false}, "P940--apple-airpods--clutter--5-6kibSKhuWLF3QF4lqGU4e4PTeksp55EROMsjLqies-00274.jpg": {"object_bounding_box": null, "object_present": false}, "P940--apple-airpods--clutter--5-6kibSKhuWLF3QF4lqGU4e4PTeksp55EROMsjLqies-00275.jpg": {"object_bounding_box": null, "object_present": false}, "P940--apple-airpods--clutter--5-6kibSKhuWLF3QF4lqGU4e4PTeksp55EROMsjLqies-00276.jpg": {"object_bounding_box": null, "object_present": false}, "P940--apple-airpods--clutter--5-6kibSKhuWLF3QF4lqGU4e4PTeksp55EROMsjLqies-00277.jpg": {"object_bounding_box": null, "object_present": false}, "P940--apple-airpods--clutter--5-6kibSKhuWLF3QF4lqGU4e4PTeksp55EROMsjLqies-00278.jpg": {"object_bounding_box": null, "object_present": false}, "P940--apple-airpods--clutter--5-6kibSKhuWLF3QF4lqGU4e4PTeksp55EROMsjLqies-00279.jpg": {"object_bounding_box": null, "object_present": false}, "P940--apple-airpods--clutter--5-6kibSKhuWLF3QF4lqGU4e4PTeksp55EROMsjLqies-00280.jpg": {"object_bounding_box": null, "object_present": false}, "P940--apple-airpods--clutter--5-6kibSKhuWLF3QF4lqGU4e4PTeksp55EROMsjLqies-00281.jpg": {"object_bounding_box": null, "object_present": false}, "P940--apple-airpods--clutter--5-6kibSKhuWLF3QF4lqGU4e4PTeksp55EROMsjLqies-00282.jpg": {"object_bounding_box": null, "object_present": false}, "P940--apple-airpods--clutter--5-6kibSKhuWLF3QF4lqGU4e4PTeksp55EROMsjLqies-00283.jpg": {"object_bounding_box": null, "object_present": false}, "P940--apple-airpods--clutter--5-6kibSKhuWLF3QF4lqGU4e4PTeksp55EROMsjLqies-00284.jpg": {"object_bounding_box": null, "object_present": false}, "P940--apple-airpods--clutter--5-6kibSKhuWLF3QF4lqGU4e4PTeksp55EROMsjLqies-00285.jpg": {"object_bounding_box": null, "object_present": false}, "P940--apple-airpods--clutter--5-6kibSKhuWLF3QF4lqGU4e4PTeksp55EROMsjLqies-00286.jpg": {"object_bounding_box": null, "object_present": false}, "P940--apple-airpods--clutter--5-6kibSKhuWLF3QF4lqGU4e4PTeksp55EROMsjLqies-00287.jpg": {"object_bounding_box": null, "object_present": false}, "P940--apple-airpods--clutter--5-6kibSKhuWLF3QF4lqGU4e4PTeksp55EROMsjLqies-00288.jpg": {"object_bounding_box": null, "object_present": false}, "P940--apple-airpods--clutter--5-6kibSKhuWLF3QF4lqGU4e4PTeksp55EROMsjLqies-00289.jpg": {"object_bounding_box": null, "object_present": false}, "P940--apple-airpods--clutter--5-6kibSKhuWLF3QF4lqGU4e4PTeksp55EROMsjLqies-00290.jpg": {"object_bounding_box": null, "object_present": false}, "P940--apple-airpods--clutter--5-6kibSKhuWLF3QF4lqGU4e4PTeksp55EROMsjLqies-00291.jpg": {"object_bounding_box": null, "object_present": false}, "P940--apple-airpods--clutter--5-6kibSKhuWLF3QF4lqGU4e4PTeksp55EROMsjLqies-00292.jpg": {"object_bounding_box": null, "object_present": false}, "P940--apple-airpods--clutter--5-6kibSKhuWLF3QF4lqGU4e4PTeksp55EROMsjLqies-00293.jpg": {"object_bounding_box": null, "object_present": false}, "P940--apple-airpods--clutter--5-6kibSKhuWLF3QF4lqGU4e4PTeksp55EROMsjLqies-00294.jpg": {"object_bounding_box": null, "object_present": false}, "P940--apple-airpods--clutter--5-6kibSKhuWLF3QF4lqGU4e4PTeksp55EROMsjLqies-00295.jpg": {"object_bounding_box": null, "object_present": false}, "P940--apple-airpods--clutter--5-6kibSKhuWLF3QF4lqGU4e4PTeksp55EROMsjLqies-00296.jpg": {"object_bounding_box": null, "object_present": false}, "P940--apple-airpods--clutter--5-6kibSKhuWLF3QF4lqGU4e4PTeksp55EROMsjLqies-00297.jpg": {"object_bounding_box": null, "object_present": false}, "P940--apple-airpods--clutter--5-6kibSKhuWLF3QF4lqGU4e4PTeksp55EROMsjLqies-00298.jpg": {"object_bounding_box": null, "object_present": false}, "P940--apple-airpods--clutter--5-6kibSKhuWLF3QF4lqGU4e4PTeksp55EROMsjLqies-00299.jpg": {"object_bounding_box": null, "object_present": false}, "P940--apple-airpods--clutter--5-6kibSKhuWLF3QF4lqGU4e4PTeksp55EROMsjLqies-00300.jpg": {"object_bounding_box": null, "object_present": false}, "P940--apple-airpods--clutter--5-6kibSKhuWLF3QF4lqGU4e4PTeksp55EROMsjLqies-00301.jpg": {"object_bounding_box": null, "object_present": false}, "P940--apple-airpods--clutter--5-6kibSKhuWLF3QF4lqGU4e4PTeksp55EROMsjLqies-00302.jpg": {"object_bounding_box": null, "object_present": false}, "P940--apple-airpods--clutter--5-6kibSKhuWLF3QF4lqGU4e4PTeksp55EROMsjLqies-00303.jpg": {"object_bounding_box": null, "object_present": false}, "P940--apple-airpods--clutter--5-6kibSKhuWLF3QF4lqGU4e4PTeksp55EROMsjLqies-00304.jpg": {"object_bounding_box": null, "object_present": false}, "P940--apple-airpods--clutter--5-6kibSKhuWLF3QF4lqGU4e4PTeksp55EROMsjLqies-00305.jpg": {"object_bounding_box": null, "object_present": false}, "P940--apple-airpods--clutter--5-6kibSKhuWLF3QF4lqGU4e4PTeksp55EROMsjLqies-00306.jpg": {"object_bounding_box": null, "object_present": false}, "P940--apple-airpods--clutter--5-6kibSKhuWLF3QF4lqGU4e4PTeksp55EROMsjLqies-00307.jpg": {"object_bounding_box": null, "object_present": false}, "P940--apple-airpods--clutter--5-6kibSKhuWLF3QF4lqGU4e4PTeksp55EROMsjLqies-00308.jpg": {"object_bounding_box": null, "object_present": false}, "P940--apple-airpods--clutter--5-6kibSKhuWLF3QF4lqGU4e4PTeksp55EROMsjLqies-00309.jpg": {"object_bounding_box": null, "object_present": false}, "P940--apple-airpods--clutter--5-6kibSKhuWLF3QF4lqGU4e4PTeksp55EROMsjLqies-00310.jpg": {"object_bounding_box": null, "object_present": false}, "P940--apple-airpods--clutter--5-6kibSKhuWLF3QF4lqGU4e4PTeksp55EROMsjLqies-00311.jpg": {"object_bounding_box": null, "object_present": false}, "P940--apple-airpods--clutter--5-6kibSKhuWLF3QF4lqGU4e4PTeksp55EROMsjLqies-00312.jpg": {"object_bounding_box": null, "object_present": false}, "P940--apple-airpods--clutter--5-6kibSKhuWLF3QF4lqGU4e4PTeksp55EROMsjLqies-00313.jpg": {"object_bounding_box": null, "object_present": false}, "P940--apple-airpods--clutter--5-6kibSKhuWLF3QF4lqGU4e4PTeksp55EROMsjLqies-00314.jpg": {"object_bounding_box": null, "object_present": false}, "P940--apple-airpods--clutter--5-6kibSKhuWLF3QF4lqGU4e4PTeksp55EROMsjLqies-00315.jpg": {"object_bounding_box": null, "object_present": false}, "P940--apple-airpods--clutter--5-6kibSKhuWLF3QF4lqGU4e4PTeksp55EROMsjLqies-00316.jpg": {"object_bounding_box": null, "object_present": false}, "P940--apple-airpods--clutter--5-6kibSKhuWLF3QF4lqGU4e4PTeksp55EROMsjLqies-00317.jpg": {"object_bounding_box": null, "object_present": false}, "P940--apple-airpods--clutter--5-6kibSKhuWLF3QF4lqGU4e4PTeksp55EROMsjLqies-00318.jpg": {"object_bounding_box": null, "object_present": false}, "P940--apple-airpods--clutter--5-6kibSKhuWLF3QF4lqGU4e4PTeksp55EROMsjLqies-00319.jpg": {"object_bounding_box": null, "object_present": false}, "P940--apple-airpods--clutter--5-6kibSKhuWLF3QF4lqGU4e4PTeksp55EROMsjLqies-00320.jpg": {"object_bounding_box": null, "object_present": false}, "P940--apple-airpods--clutter--5-6kibSKhuWLF3QF4lqGU4e4PTeksp55EROMsjLqies-00321.jpg": {"object_bounding_box": null, "object_present": false}, "P940--apple-airpods--clutter--5-6kibSKhuWLF3QF4lqGU4e4PTeksp55EROMsjLqies-00322.jpg": {"object_bounding_box": null, "object_present": false}, "P940--apple-airpods--clutter--5-6kibSKhuWLF3QF4lqGU4e4PTeksp55EROMsjLqies-00323.jpg": {"object_bounding_box": null, "object_present": false}, "P940--apple-airpods--clutter--5-6kibSKhuWLF3QF4lqGU4e4PTeksp55EROMsjLqies-00324.jpg": {"object_bounding_box": null, "object_present": false}, "P940--apple-airpods--clutter--5-6kibSKhuWLF3QF4lqGU4e4PTeksp55EROMsjLqies-00325.jpg": {"object_bounding_box": null, "object_present": false}, "P940--apple-airpods--clutter--5-6kibSKhuWLF3QF4lqGU4e4PTeksp55EROMsjLqies-00326.jpg": {"object_bounding_box": null, "object_present": false}, "P940--apple-airpods--clutter--5-6kibSKhuWLF3QF4lqGU4e4PTeksp55EROMsjLqies-00327.jpg": {"object_bounding_box": null, "object_present": false}, "P940--apple-airpods--clutter--5-6kibSKhuWLF3QF4lqGU4e4PTeksp55EROMsjLqies-00328.jpg": {"object_bounding_box": null, "object_present": false}, "P940--apple-airpods--clutter--5-6kibSKhuWLF3QF4lqGU4e4PTeksp55EROMsjLqies-00329.jpg": {"object_bounding_box": null, "object_present": false}, "P940--apple-airpods--clutter--5-6kibSKhuWLF3QF4lqGU4e4PTeksp55EROMsjLqies-00330.jpg": {"object_bounding_box": null, "object_present": false}, "P940--apple-airpods--clutter--5-6kibSKhuWLF3QF4lqGU4e4PTeksp55EROMsjLqies-00331.jpg": {"object_bounding_box": null, "object_present": false}, "P940--apple-airpods--clutter--5-6kibSKhuWLF3QF4lqGU4e4PTeksp55EROMsjLqies-00332.jpg": {"object_bounding_box": null, "object_present": false}, "P940--apple-airpods--clutter--5-6kibSKhuWLF3QF4lqGU4e4PTeksp55EROMsjLqies-00333.jpg": {"object_bounding_box": null, "object_present": false}, "P940--apple-airpods--clutter--5-6kibSKhuWLF3QF4lqGU4e4PTeksp55EROMsjLqies-00334.jpg": {"object_bounding_box": null, "object_present": false}, "P940--apple-airpods--clutter--5-6kibSKhuWLF3QF4lqGU4e4PTeksp55EROMsjLqies-00335.jpg": {"object_bounding_box": null, "object_present": false}, "P940--apple-airpods--clutter--5-6kibSKhuWLF3QF4lqGU4e4PTeksp55EROMsjLqies-00336.jpg": {"object_bounding_box": null, "object_present": false}, "P940--apple-airpods--clutter--5-6kibSKhuWLF3QF4lqGU4e4PTeksp55EROMsjLqies-00337.jpg": {"object_bounding_box": null, "object_present": false}, "P940--apple-airpods--clutter--5-6kibSKhuWLF3QF4lqGU4e4PTeksp55EROMsjLqies-00338.jpg": {"object_bounding_box": null, "object_present": false}, "P940--apple-airpods--clutter--5-6kibSKhuWLF3QF4lqGU4e4PTeksp55EROMsjLqies-00339.jpg": {"object_bounding_box": null, "object_present": false}, "P940--apple-airpods--clutter--5-6kibSKhuWLF3QF4lqGU4e4PTeksp55EROMsjLqies-00340.jpg": {"object_bounding_box": null, "object_present": false}, "P940--apple-airpods--clutter--5-6kibSKhuWLF3QF4lqGU4e4PTeksp55EROMsjLqies-00341.jpg": {"object_bounding_box": null, "object_present": false}, "P940--apple-airpods--clutter--5-6kibSKhuWLF3QF4lqGU4e4PTeksp55EROMsjLqies-00342.jpg": {"object_bounding_box": {"x": 1066, "y": 653, "w": 14, "h": 154}, "object_present": true}, "P940--apple-airpods--clutter--5-6kibSKhuWLF3QF4lqGU4e4PTeksp55EROMsjLqies-00343.jpg": {"object_bounding_box": {"x": 1060, "y": 648, "w": 20, "h": 173}, "object_present": true}, "P940--apple-airpods--clutter--5-6kibSKhuWLF3QF4lqGU4e4PTeksp55EROMsjLqies-00344.jpg": {"object_bounding_box": {"x": 1053, "y": 641, "w": 27, "h": 184}, "object_present": true}, "P940--apple-airpods--clutter--5-6kibSKhuWLF3QF4lqGU4e4PTeksp55EROMsjLqies-00345.jpg": {"object_bounding_box": {"x": 1045, "y": 641, "w": 35, "h": 190}, "object_present": true}, "P940--apple-airpods--clutter--5-6kibSKhuWLF3QF4lqGU4e4PTeksp55EROMsjLqies-00346.jpg": {"object_bounding_box": {"x": 1039, "y": 639, "w": 41, "h": 192}, "object_present": true}, "P940--apple-airpods--clutter--5-6kibSKhuWLF3QF4lqGU4e4PTeksp55EROMsjLqies-00347.jpg": {"object_bounding_box": {"x": 1039, "y": 637, "w": 41, "h": 190}, "object_present": true}, "P940--apple-airpods--clutter--5-6kibSKhuWLF3QF4lqGU4e4PTeksp55EROMsjLqies-00348.jpg": {"object_bounding_box": {"x": 1039, "y": 626, "w": 41, "h": 195}, "object_present": true}, "P940--apple-airpods--clutter--5-6kibSKhuWLF3QF4lqGU4e4PTeksp55EROMsjLqies-00349.jpg": {"object_bounding_box": {"x": 1042, "y": 616, "w": 38, "h": 194}, "object_present": true}, "P940--apple-airpods--clutter--5-6kibSKhuWLF3QF4lqGU4e4PTeksp55EROMsjLqies-00350.jpg": {"object_bounding_box": {"x": 1052, "y": 607, "w": 28, "h": 185}, "object_present": true}, "P940--apple-airpods--clutter--5-6kibSKhuWLF3QF4lqGU4e4PTeksp55EROMsjLqies-00351.jpg": {"object_bounding_box": {"x": 1065, "y": 593, "w": 15, "h": 173}, "object_present": true}, "P940--apple-airpods--clutter--5-6kibSKhuWLF3QF4lqGU4e4PTeksp55EROMsjLqies-00352.jpg": {"object_bounding_box": {"x": 1065, "y": 581, "w": 15, "h": 173}, "object_present": true}, "P940--apple-airpods--clutter--5-6kibSKhuWLF3QF4lqGU4e4PTeksp55EROMsjLqies-00353.jpg": {"object_bounding_box": {"x": 1065, "y": 581, "w": 15, "h": 185}, "object_present": true}, "P940--apple-airpods--clutter--5-6kibSKhuWLF3QF4lqGU4e4PTeksp55EROMsjLqies-00354.jpg": {"object_bounding_box": {"x": 1040, "y": 581, "w": 40, "h": 189}, "object_present": true}, "P940--apple-airpods--clutter--5-6kibSKhuWLF3QF4lqGU4e4PTeksp55EROMsjLqies-00355.jpg": {"object_bounding_box": {"x": 1012, "y": 592, "w": 68, "h": 197}, "object_present": true}, "P940--apple-airpods--clutter--5-6kibSKhuWLF3QF4lqGU4e4PTeksp55EROMsjLqies-00356.jpg": {"object_bounding_box": {"x": 996, "y": 603, "w": 84, "h": 197}, "object_present": true}, "P940--apple-airpods--clutter--5-6kibSKhuWLF3QF4lqGU4e4PTeksp55EROMsjLqies-00357.jpg": {"object_bounding_box": {"x": 995, "y": 598, "w": 85, "h": 196}, "object_present": true}, "P940--apple-airpods--clutter--5-6kibSKhuWLF3QF4lqGU4e4PTeksp55EROMsjLqies-00358.jpg": {"object_bounding_box": {"x": 977, "y": 593, "w": 103, "h": 193}, "object_present": true}, "P940--apple-airpods--clutter--5-6kibSKhuWLF3QF4lqGU4e4PTeksp55EROMsjLqies-00359.jpg": {"object_bounding_box": {"x": 956, "y": 592, "w": 124, "h": 194}, "object_present": true}, "P940--apple-airpods--clutter--5-6kibSKhuWLF3QF4lqGU4e4PTeksp55EROMsjLqies-00360.jpg": {"object_bounding_box": {"x": 937, "y": 594, "w": 143, "h": 195}, "object_present": true}, "P940--apple-airpods--clutter--5-6kibSKhuWLF3QF4lqGU4e4PTeksp55EROMsjLqies-00361.jpg": {"object_bounding_box": {"x": 915, "y": 594, "w": 165, "h": 195}, "object_present": true}, "P940--apple-airpods--clutter--5-6kibSKhuWLF3QF4lqGU4e4PTeksp55EROMsjLqies-00362.jpg": {"object_bounding_box": {"x": 900, "y": 592, "w": 180, "h": 194}, "object_present": true}, "P940--apple-airpods--clutter--5-6kibSKhuWLF3QF4lqGU4e4PTeksp55EROMsjLqies-00363.jpg": {"object_bounding_box": {"x": 889, "y": 594, "w": 185, "h": 196}, "object_present": true}, "P940--apple-airpods--clutter--5-6kibSKhuWLF3QF4lqGU4e4PTeksp55EROMsjLqies-00364.jpg": {"object_bounding_box": {"x": 874, "y": 594, "w": 185, "h": 193}, "object_present": true}, "P940--apple-airpods--clutter--5-6kibSKhuWLF3QF4lqGU4e4PTeksp55EROMsjLqies-00365.jpg": {"object_bounding_box": {"x": 858, "y": 593, "w": 185, "h": 192}, "object_present": true}, "P940--apple-airpods--clutter--5-6kibSKhuWLF3QF4lqGU4e4PTeksp55EROMsjLqies-00366.jpg": {"object_bounding_box": {"x": 846, "y": 592, "w": 183, "h": 191}, "object_present": true}, "P940--apple-airpods--clutter--5-6kibSKhuWLF3QF4lqGU4e4PTeksp55EROMsjLqies-00367.jpg": {"object_bounding_box": {"x": 836, "y": 588, "w": 182, "h": 191}, "object_present": true}, "P940--apple-airpods--clutter--5-6kibSKhuWLF3QF4lqGU4e4PTeksp55EROMsjLqies-00368.jpg": {"object_bounding_box": {"x": 829, "y": 581, "w": 182, "h": 192}, "object_present": true}, "P940--apple-airpods--clutter--5-6kibSKhuWLF3QF4lqGU4e4PTeksp55EROMsjLqies-00369.jpg": {"object_bounding_box": {"x": 819, "y": 574, "w": 180, "h": 192}, "object_present": true}, "P940--apple-airpods--clutter--5-6kibSKhuWLF3QF4lqGU4e4PTeksp55EROMsjLqies-00370.jpg": {"object_bounding_box": {"x": 812, "y": 570, "w": 180, "h": 192}, "object_present": true}, "P940--apple-airpods--clutter--5-6kibSKhuWLF3QF4lqGU4e4PTeksp55EROMsjLqies-00371.jpg": {"object_bounding_box": {"x": 806, "y": 568, "w": 180, "h": 192}, "object_present": true}, "P940--apple-airpods--clutter--5-6kibSKhuWLF3QF4lqGU4e4PTeksp55EROMsjLqies-00372.jpg": {"object_bounding_box": {"x": 797, "y": 567, "w": 179, "h": 189}, "object_present": true}, "P940--apple-airpods--clutter--5-6kibSKhuWLF3QF4lqGU4e4PTeksp55EROMsjLqies-00373.jpg": {"object_bounding_box": {"x": 792, "y": 567, "w": 179, "h": 189}, "object_present": true}, "P940--apple-airpods--clutter--5-6kibSKhuWLF3QF4lqGU4e4PTeksp55EROMsjLqies-00374.jpg": {"object_bounding_box": {"x": 787, "y": 562, "w": 179, "h": 189}, "object_present": true}, "P940--apple-airpods--clutter--5-6kibSKhuWLF3QF4lqGU4e4PTeksp55EROMsjLqies-00375.jpg": {"object_bounding_box": {"x": 783, "y": 555, "w": 178, "h": 189}, "object_present": true}, "P940--apple-airpods--clutter--5-6kibSKhuWLF3QF4lqGU4e4PTeksp55EROMsjLqies-00376.jpg": {"object_bounding_box": {"x": 780, "y": 549, "w": 178, "h": 189}, "object_present": true}, "P940--apple-airpods--clutter--5-6kibSKhuWLF3QF4lqGU4e4PTeksp55EROMsjLqies-00377.jpg": {"object_bounding_box": {"x": 774, "y": 546, "w": 178, "h": 189}, "object_present": true}, "P940--apple-airpods--clutter--5-6kibSKhuWLF3QF4lqGU4e4PTeksp55EROMsjLqies-00378.jpg": {"object_bounding_box": {"x": 769, "y": 541, "w": 178, "h": 189}, "object_present": true}, "P940--apple-airpods--clutter--5-6kibSKhuWLF3QF4lqGU4e4PTeksp55EROMsjLqies-00379.jpg": {"object_bounding_box": {"x": 766, "y": 535, "w": 178, "h": 189}, "object_present": true}, "P940--apple-airpods--clutter--5-6kibSKhuWLF3QF4lqGU4e4PTeksp55EROMsjLqies-00380.jpg": {"object_bounding_box": {"x": 765, "y": 531, "w": 178, "h": 189}, "object_present": true}, "P940--apple-airpods--clutter--5-6kibSKhuWLF3QF4lqGU4e4PTeksp55EROMsjLqies-00381.jpg": {"object_bounding_box": {"x": 764, "y": 527, "w": 178, "h": 189}, "object_present": true}, "P940--apple-airpods--clutter--5-6kibSKhuWLF3QF4lqGU4e4PTeksp55EROMsjLqies-00382.jpg": {"object_bounding_box": {"x": 763, "y": 525, "w": 178, "h": 189}, "object_present": true}, "P940--apple-airpods--clutter--5-6kibSKhuWLF3QF4lqGU4e4PTeksp55EROMsjLqies-00383.jpg": {"object_bounding_box": {"x": 764, "y": 523, "w": 178, "h": 189}, "object_present": true}, "P940--apple-airpods--clutter--5-6kibSKhuWLF3QF4lqGU4e4PTeksp55EROMsjLqies-00384.jpg": {"object_bounding_box": {"x": 764, "y": 519, "w": 178, "h": 189}, "object_present": true}, "P940--apple-airpods--clutter--5-6kibSKhuWLF3QF4lqGU4e4PTeksp55EROMsjLqies-00385.jpg": {"object_bounding_box": {"x": 763, "y": 515, "w": 178, "h": 189}, "object_present": true}, "P940--apple-airpods--clutter--5-6kibSKhuWLF3QF4lqGU4e4PTeksp55EROMsjLqies-00386.jpg": {"object_bounding_box": {"x": 766, "y": 510, "w": 177, "h": 190}, "object_present": true}, "P940--apple-airpods--clutter--5-6kibSKhuWLF3QF4lqGU4e4PTeksp55EROMsjLqies-00387.jpg": {"object_bounding_box": {"x": 765, "y": 502, "w": 178, "h": 190}, "object_present": true}, "P940--apple-airpods--clutter--5-6kibSKhuWLF3QF4lqGU4e4PTeksp55EROMsjLqies-00388.jpg": {"object_bounding_box": {"x": 764, "y": 497, "w": 178, "h": 191}, "object_present": true}, "P940--apple-airpods--clutter--5-6kibSKhuWLF3QF4lqGU4e4PTeksp55EROMsjLqies-00389.jpg": {"object_bounding_box": {"x": 764, "y": 492, "w": 178, "h": 191}, "object_present": true}, "P940--apple-airpods--clutter--5-6kibSKhuWLF3QF4lqGU4e4PTeksp55EROMsjLqies-00390.jpg": {"object_bounding_box": {"x": 761, "y": 491, "w": 178, "h": 191}, "object_present": true}, "P940--apple-airpods--clutter--5-6kibSKhuWLF3QF4lqGU4e4PTeksp55EROMsjLqies-00391.jpg": {"object_bounding_box": {"x": 757, "y": 488, "w": 178, "h": 191}, "object_present": true}, "P940--apple-airpods--clutter--5-6kibSKhuWLF3QF4lqGU4e4PTeksp55EROMsjLqies-00392.jpg": {"object_bounding_box": {"x": 753, "y": 485, "w": 178, "h": 191}, "object_present": true}, "P940--apple-airpods--clutter--5-6kibSKhuWLF3QF4lqGU4e4PTeksp55EROMsjLqies-00393.jpg": {"object_bounding_box": {"x": 754, "y": 481, "w": 178, "h": 192}, "object_present": true}, "P940--apple-airpods--clutter--5-6kibSKhuWLF3QF4lqGU4e4PTeksp55EROMsjLqies-00394.jpg": {"object_bounding_box": {"x": 757, "y": 475, "w": 177, "h": 193}, "object_present": true}, "P940--apple-airpods--clutter--5-6kibSKhuWLF3QF4lqGU4e4PTeksp55EROMsjLqies-00395.jpg": {"object_bounding_box": {"x": 760, "y": 468, "w": 178, "h": 194}, "object_present": true}, "P940--apple-airpods--clutter--5-6kibSKhuWLF3QF4lqGU4e4PTeksp55EROMsjLqies-00396.jpg": {"object_bounding_box": {"x": 762, "y": 462, "w": 180, "h": 194}, "object_present": true}, "P940--apple-airpods--clutter--5-6kibSKhuWLF3QF4lqGU4e4PTeksp55EROMsjLqies-00397.jpg": {"object_bounding_box": {"x": 769, "y": 457, "w": 180, "h": 194}, "object_present": true}, "P940--apple-airpods--clutter--5-6kibSKhuWLF3QF4lqGU4e4PTeksp55EROMsjLqies-00398.jpg": {"object_bounding_box": {"x": 771, "y": 453, "w": 180, "h": 194}, "object_present": true}, "P940--apple-airpods--clutter--5-6kibSKhuWLF3QF4lqGU4e4PTeksp55EROMsjLqies-00399.jpg": {"object_bounding_box": {"x": 773, "y": 451, "w": 180, "h": 194}, "object_present": true}, "P940--apple-airpods--clutter--5-6kibSKhuWLF3QF4lqGU4e4PTeksp55EROMsjLqies-00400.jpg": {"object_bounding_box": {"x": 776, "y": 449, "w": 181, "h": 194}, "object_present": true}, "P940--apple-airpods--clutter--5-6kibSKhuWLF3QF4lqGU4e4PTeksp55EROMsjLqies-00401.jpg": {"object_bounding_box": {"x": 779, "y": 447, "w": 182, "h": 193}, "object_present": true}, "P940--apple-airpods--clutter--5-6kibSKhuWLF3QF4lqGU4e4PTeksp55EROMsjLqies-00402.jpg": {"object_bounding_box": {"x": 780, "y": 443, "w": 182, "h": 193}, "object_present": true}, "P940--apple-airpods--clutter--5-6kibSKhuWLF3QF4lqGU4e4PTeksp55EROMsjLqies-00403.jpg": {"object_bounding_box": {"x": 782, "y": 439, "w": 182, "h": 193}, "object_present": true}, "P940--apple-airpods--clutter--5-6kibSKhuWLF3QF4lqGU4e4PTeksp55EROMsjLqies-00404.jpg": {"object_bounding_box": {"x": 787, "y": 430, "w": 182, "h": 196}, "object_present": true}, "P940--apple-airpods--clutter--5-6kibSKhuWLF3QF4lqGU4e4PTeksp55EROMsjLqies-00405.jpg": {"object_bounding_box": {"x": 792, "y": 421, "w": 182, "h": 196}, "object_present": true}, "P940--apple-airpods--clutter--5-6kibSKhuWLF3QF4lqGU4e4PTeksp55EROMsjLqies-00406.jpg": {"object_bounding_box": {"x": 796, "y": 411, "w": 182, "h": 196}, "object_present": true}, "P940--apple-airpods--clutter--5-6kibSKhuWLF3QF4lqGU4e4PTeksp55EROMsjLqies-00407.jpg": {"object_bounding_box": {"x": 801, "y": 403, "w": 182, "h": 196}, "object_present": true}, "P940--apple-airpods--clutter--5-6kibSKhuWLF3QF4lqGU4e4PTeksp55EROMsjLqies-00408.jpg": {"object_bounding_box": {"x": 804, "y": 397, "w": 182, "h": 196}, "object_present": true}, "P940--apple-airpods--clutter--5-6kibSKhuWLF3QF4lqGU4e4PTeksp55EROMsjLqies-00409.jpg": {"object_bounding_box": {"x": 805, "y": 394, "w": 182, "h": 196}, "object_present": true}, "P940--apple-airpods--clutter--5-6kibSKhuWLF3QF4lqGU4e4PTeksp55EROMsjLqies-00410.jpg": {"object_bounding_box": {"x": 807, "y": 393, "w": 181, "h": 195}, "object_present": true}, "P940--apple-airpods--clutter--5-6kibSKhuWLF3QF4lqGU4e4PTeksp55EROMsjLqies-00411.jpg": {"object_bounding_box": {"x": 807, "y": 391, "w": 182, "h": 196}, "object_present": true}, "P940--apple-airpods--clutter--5-6kibSKhuWLF3QF4lqGU4e4PTeksp55EROMsjLqies-00412.jpg": {"object_bounding_box": {"x": 807, "y": 391, "w": 182, "h": 194}, "object_present": true}, "P940--apple-airpods--clutter--5-6kibSKhuWLF3QF4lqGU4e4PTeksp55EROMsjLqies-00413.jpg": {"object_bounding_box": {"x": 807, "y": 389, "w": 182, "h": 194}, "object_present": true}, "P940--apple-airpods--clutter--5-6kibSKhuWLF3QF4lqGU4e4PTeksp55EROMsjLqies-00414.jpg": {"object_bounding_box": {"x": 807, "y": 387, "w": 182, "h": 194}, "object_present": true}, "P940--apple-airpods--clutter--5-6kibSKhuWLF3QF4lqGU4e4PTeksp55EROMsjLqies-00415.jpg": {"object_bounding_box": {"x": 806, "y": 381, "w": 182, "h": 194}, "object_present": true}, "P940--apple-airpods--clutter--5-6kibSKhuWLF3QF4lqGU4e4PTeksp55EROMsjLqies-00416.jpg": {"object_bounding_box": {"x": 804, "y": 377, "w": 182, "h": 194}, "object_present": true}, "P940--apple-airpods--clutter--5-6kibSKhuWLF3QF4lqGU4e4PTeksp55EROMsjLqies-00417.jpg": {"object_bounding_box": {"x": 802, "y": 369, "w": 182, "h": 196}, "object_present": true}, "P940--apple-airpods--clutter--5-6kibSKhuWLF3QF4lqGU4e4PTeksp55EROMsjLqies-00418.jpg": {"object_bounding_box": {"x": 797, "y": 361, "w": 182, "h": 196}, "object_present": true}, "P940--apple-airpods--clutter--5-6kibSKhuWLF3QF4lqGU4e4PTeksp55EROMsjLqies-00419.jpg": {"object_bounding_box": {"x": 782, "y": 351, "w": 184, "h": 198}, "object_present": true}, "P940--apple-airpods--clutter--5-6kibSKhuWLF3QF4lqGU4e4PTeksp55EROMsjLqies-00420.jpg": {"object_bounding_box": {"x": 766, "y": 340, "w": 184, "h": 198}, "object_present": true}, "P940--apple-airpods--clutter--5-6kibSKhuWLF3QF4lqGU4e4PTeksp55EROMsjLqies-00421.jpg": {"object_bounding_box": {"x": 750, "y": 326, "w": 186, "h": 200}, "object_present": true}, "P940--apple-airpods--clutter--5-6kibSKhuWLF3QF4lqGU4e4PTeksp55EROMsjLqies-00422.jpg": {"object_bounding_box": {"x": 730, "y": 317, "w": 189, "h": 198}, "object_present": true}, "P940--apple-airpods--clutter--5-6kibSKhuWLF3QF4lqGU4e4PTeksp55EROMsjLqies-00423.jpg": {"object_bounding_box": {"x": 711, "y": 315, "w": 189, "h": 200}, "object_present": true}, "P940--apple-airpods--clutter--5-6kibSKhuWLF3QF4lqGU4e4PTeksp55EROMsjLqies-00424.jpg": {"object_bounding_box": {"x": 695, "y": 319, "w": 189, "h": 200}, "object_present": true}, "P940--apple-airpods--clutter--5-6kibSKhuWLF3QF4lqGU4e4PTeksp55EROMsjLqies-00425.jpg": {"object_bounding_box": {"x": 687, "y": 324, "w": 186, "h": 202}, "object_present": true}, "P940--apple-airpods--clutter--5-6kibSKhuWLF3QF4lqGU4e4PTeksp55EROMsjLqies-00426.jpg": {"object_bounding_box": {"x": 676, "y": 334, "w": 186, "h": 202}, "object_present": true}, "P940--apple-airpods--clutter--5-6kibSKhuWLF3QF4lqGU4e4PTeksp55EROMsjLqies-00427.jpg": {"object_bounding_box": {"x": 665, "y": 344, "w": 186, "h": 203}, "object_present": true}, "P940--apple-airpods--clutter--5-6kibSKhuWLF3QF4lqGU4e4PTeksp55EROMsjLqies-00428.jpg": {"object_bounding_box": {"x": 654, "y": 357, "w": 186, "h": 203}, "object_present": true}, "P940--apple-airpods--clutter--5-6kibSKhuWLF3QF4lqGU4e4PTeksp55EROMsjLqies-00429.jpg": {"object_bounding_box": {"x": 651, "y": 377, "w": 182, "h": 203}, "object_present": true}, "P940--apple-airpods--clutter--5-6kibSKhuWLF3QF4lqGU4e4PTeksp55EROMsjLqies-00430.jpg": {"object_bounding_box": {"x": 647, "y": 392, "w": 182, "h": 202}, "object_present": true}, "P940--apple-airpods--clutter--5-6kibSKhuWLF3QF4lqGU4e4PTeksp55EROMsjLqies-00431.jpg": {"object_bounding_box": {"x": 645, "y": 400, "w": 181, "h": 202}, "object_present": true}, "P940--apple-airpods--clutter--5-6kibSKhuWLF3QF4lqGU4e4PTeksp55EROMsjLqies-00432.jpg": {"object_bounding_box": {"x": 649, "y": 408, "w": 181, "h": 203}, "object_present": true}, "P940--apple-airpods--clutter--5-6kibSKhuWLF3QF4lqGU4e4PTeksp55EROMsjLqies-00433.jpg": {"object_bounding_box": {"x": 654, "y": 414, "w": 181, "h": 201}, "object_present": true}, "P940--apple-airpods--clutter--5-6kibSKhuWLF3QF4lqGU4e4PTeksp55EROMsjLqies-00434.jpg": {"object_bounding_box": {"x": 656, "y": 415, "w": 181, "h": 205}, "object_present": true}, "P940--apple-airpods--clutter--5-6kibSKhuWLF3QF4lqGU4e4PTeksp55EROMsjLqies-00435.jpg": {"object_bounding_box": {"x": 663, "y": 419, "w": 183, "h": 205}, "object_present": true}, "P940--apple-airpods--clutter--5-6kibSKhuWLF3QF4lqGU4e4PTeksp55EROMsjLqies-00436.jpg": {"object_bounding_box": {"x": 672, "y": 421, "w": 183, "h": 206}, "object_present": true}, "P940--apple-airpods--clutter--5-6kibSKhuWLF3QF4lqGU4e4PTeksp55EROMsjLqies-00437.jpg": {"object_bounding_box": {"x": 677, "y": 427, "w": 183, "h": 206}, "object_present": true}, "P940--apple-airpods--clutter--5-6kibSKhuWLF3QF4lqGU4e4PTeksp55EROMsjLqies-00438.jpg": {"object_bounding_box": {"x": 677, "y": 430, "w": 185, "h": 206}, "object_present": true}, "P940--apple-airpods--clutter--5-6kibSKhuWLF3QF4lqGU4e4PTeksp55EROMsjLqies-00439.jpg": {"object_bounding_box": {"x": 678, "y": 430, "w": 185, "h": 207}, "object_present": true}, "P940--apple-airpods--clutter--5-6kibSKhuWLF3QF4lqGU4e4PTeksp55EROMsjLqies-00440.jpg": {"object_bounding_box": {"x": 678, "y": 432, "w": 185, "h": 210}, "object_present": true}, "P940--apple-airpods--clutter--5-6kibSKhuWLF3QF4lqGU4e4PTeksp55EROMsjLqies-00441.jpg": {"object_bounding_box": {"x": 675, "y": 440, "w": 186, "h": 209}, "object_present": true}, "P940--apple-airpods--clutter--5-6kibSKhuWLF3QF4lqGU4e4PTeksp55EROMsjLqies-00442.jpg": {"object_bounding_box": {"x": 669, "y": 449, "w": 186, "h": 209}, "object_present": true}, "P940--apple-airpods--clutter--5-6kibSKhuWLF3QF4lqGU4e4PTeksp55EROMsjLqies-00443.jpg": {"object_bounding_box": {"x": 667, "y": 458, "w": 186, "h": 209}, "object_present": true}, "P940--apple-airpods--clutter--5-6kibSKhuWLF3QF4lqGU4e4PTeksp55EROMsjLqies-00444.jpg": {"object_bounding_box": {"x": 665, "y": 469, "w": 186, "h": 208}, "object_present": true}, "P940--apple-airpods--clutter--5-6kibSKhuWLF3QF4lqGU4e4PTeksp55EROMsjLqies-00445.jpg": {"object_bounding_box": {"x": 663, "y": 475, "w": 184, "h": 206}, "object_present": true}, "P940--apple-airpods--clutter--5-6kibSKhuWLF3QF4lqGU4e4PTeksp55EROMsjLqies-00446.jpg": {"object_bounding_box": {"x": 660, "y": 478, "w": 184, "h": 206}, "object_present": true}, "P940--apple-airpods--clutter--5-6kibSKhuWLF3QF4lqGU4e4PTeksp55EROMsjLqies-00447.jpg": {"object_bounding_box": {"x": 661, "y": 481, "w": 185, "h": 206}, "object_present": true}, "P940--apple-airpods--clutter--5-6kibSKhuWLF3QF4lqGU4e4PTeksp55EROMsjLqies-00448.jpg": {"object_bounding_box": {"x": 662, "y": 481, "w": 186, "h": 208}, "object_present": true}, "P940--apple-airpods--clutter--5-6kibSKhuWLF3QF4lqGU4e4PTeksp55EROMsjLqies-00449.jpg": {"object_bounding_box": {"x": 663, "y": 481, "w": 186, "h": 208}, "object_present": true}, "P940--apple-airpods--clutter--5-6kibSKhuWLF3QF4lqGU4e4PTeksp55EROMsjLqies-00450.jpg": {"object_bounding_box": {"x": 665, "y": 481, "w": 186, "h": 208}, "object_present": true}, "P940--apple-airpods--clutter--5-6kibSKhuWLF3QF4lqGU4e4PTeksp55EROMsjLqies-00451.jpg": {"object_bounding_box": {"x": 667, "y": 481, "w": 186, "h": 209}, "object_present": true}, "P940--apple-airpods--clutter--5-6kibSKhuWLF3QF4lqGU4e4PTeksp55EROMsjLqies-00452.jpg": {"object_bounding_box": {"x": 667, "y": 480, "w": 188, "h": 210}, "object_present": true}, "P940--apple-airpods--clutter--5-6kibSKhuWLF3QF4lqGU4e4PTeksp55EROMsjLqies-00453.jpg": {"object_bounding_box": {"x": 668, "y": 475, "w": 187, "h": 210}, "object_present": true}, "P940--apple-airpods--clutter--5-6kibSKhuWLF3QF4lqGU4e4PTeksp55EROMsjLqies-00454.jpg": {"object_bounding_box": {"x": 671, "y": 468, "w": 187, "h": 210}, "object_present": true}, "P940--apple-airpods--clutter--5-6kibSKhuWLF3QF4lqGU4e4PTeksp55EROMsjLqies-00455.jpg": {"object_bounding_box": {"x": 673, "y": 456, "w": 187, "h": 212}, "object_present": true}, "P940--apple-airpods--clutter--5-6kibSKhuWLF3QF4lqGU4e4PTeksp55EROMsjLqies-00456.jpg": {"object_bounding_box": {"x": 674, "y": 455, "w": 188, "h": 212}, "object_present": true}, "P940--apple-airpods--clutter--5-6kibSKhuWLF3QF4lqGU4e4PTeksp55EROMsjLqies-00457.jpg": {"object_bounding_box": {"x": 673, "y": 455, "w": 189, "h": 212}, "object_present": true}, "P940--apple-airpods--clutter--5-6kibSKhuWLF3QF4lqGU4e4PTeksp55EROMsjLqies-00458.jpg": {"object_bounding_box": {"x": 672, "y": 455, "w": 189, "h": 212}, "object_present": true}, "P940--apple-airpods--clutter--5-6kibSKhuWLF3QF4lqGU4e4PTeksp55EROMsjLqies-00459.jpg": {"object_bounding_box": {"x": 672, "y": 455, "w": 190, "h": 213}, "object_present": true}, "P940--apple-airpods--clutter--5-6kibSKhuWLF3QF4lqGU4e4PTeksp55EROMsjLqies-00460.jpg": {"object_bounding_box": {"x": 672, "y": 455, "w": 190, "h": 212}, "object_present": true}, "P940--apple-airpods--clutter--5-6kibSKhuWLF3QF4lqGU4e4PTeksp55EROMsjLqies-00461.jpg": {"object_bounding_box": {"x": 672, "y": 456, "w": 190, "h": 212}, "object_present": true}, "P940--apple-airpods--clutter--5-6kibSKhuWLF3QF4lqGU4e4PTeksp55EROMsjLqies-00462.jpg": {"object_bounding_box": {"x": 674, "y": 456, "w": 188, "h": 212}, "object_present": true}, "P940--apple-airpods--clutter--5-6kibSKhuWLF3QF4lqGU4e4PTeksp55EROMsjLqies-00463.jpg": {"object_bounding_box": {"x": 676, "y": 455, "w": 188, "h": 211}, "object_present": true}, "P940--apple-airpods--clutter--5-6kibSKhuWLF3QF4lqGU4e4PTeksp55EROMsjLqies-00464.jpg": {"object_bounding_box": {"x": 678, "y": 455, "w": 186, "h": 210}, "object_present": true}, "P940--apple-airpods--clutter--5-6kibSKhuWLF3QF4lqGU4e4PTeksp55EROMsjLqies-00465.jpg": {"object_bounding_box": {"x": 678, "y": 458, "w": 188, "h": 211}, "object_present": true}, "P940--apple-airpods--clutter--5-6kibSKhuWLF3QF4lqGU4e4PTeksp55EROMsjLqies-00466.jpg": {"object_bounding_box": {"x": 679, "y": 462, "w": 187, "h": 209}, "object_present": true}, "P940--apple-airpods--clutter--5-6kibSKhuWLF3QF4lqGU4e4PTeksp55EROMsjLqies-00467.jpg": {"object_bounding_box": {"x": 681, "y": 463, "w": 187, "h": 209}, "object_present": true}, "P940--apple-airpods--clutter--5-6kibSKhuWLF3QF4lqGU4e4PTeksp55EROMsjLqies-00468.jpg": {"object_bounding_box": {"x": 685, "y": 462, "w": 186, "h": 207}, "object_present": true}, "P940--apple-airpods--clutter--5-6kibSKhuWLF3QF4lqGU4e4PTeksp55EROMsjLqies-00469.jpg": {"object_bounding_box": {"x": 687, "y": 461, "w": 186, "h": 207}, "object_present": true}, "P940--apple-airpods--clutter--5-6kibSKhuWLF3QF4lqGU4e4PTeksp55EROMsjLqies-00470.jpg": {"object_bounding_box": {"x": 693, "y": 461, "w": 186, "h": 206}, "object_present": true}, "P940--apple-airpods--clutter--5-6kibSKhuWLF3QF4lqGU4e4PTeksp55EROMsjLqies-00471.jpg": {"object_bounding_box": {"x": 696, "y": 461, "w": 186, "h": 206}, "object_present": true}, "P940--apple-airpods--clutter--5-6kibSKhuWLF3QF4lqGU4e4PTeksp55EROMsjLqies-00472.jpg": {"object_bounding_box": {"x": 698, "y": 464, "w": 186, "h": 206}, "object_present": true}, "P940--apple-airpods--clutter--5-6kibSKhuWLF3QF4lqGU4e4PTeksp55EROMsjLqies-00473.jpg": {"object_bounding_box": {"x": 702, "y": 463, "w": 186, "h": 206}, "object_present": true}, "P940--apple-airpods--clutter--5-6kibSKhuWLF3QF4lqGU4e4PTeksp55EROMsjLqies-00474.jpg": {"object_bounding_box": {"x": 708, "y": 464, "w": 186, "h": 206}, "object_present": true}, "P940--apple-airpods--clutter--5-6kibSKhuWLF3QF4lqGU4e4PTeksp55EROMsjLqies-00475.jpg": {"object_bounding_box": {"x": 713, "y": 463, "w": 185, "h": 206}, "object_present": true}, "P940--apple-airpods--clutter--5-6kibSKhuWLF3QF4lqGU4e4PTeksp55EROMsjLqies-00476.jpg": {"object_bounding_box": {"x": 716, "y": 464, "w": 182, "h": 202}, "object_present": true}, "P940--apple-airpods--clutter--5-6kibSKhuWLF3QF4lqGU4e4PTeksp55EROMsjLqies-00477.jpg": {"object_bounding_box": {"x": 721, "y": 461, "w": 182, "h": 202}, "object_present": true}, "P940--apple-airpods--clutter--5-6kibSKhuWLF3QF4lqGU4e4PTeksp55EROMsjLqies-00478.jpg": {"object_bounding_box": {"x": 726, "y": 461, "w": 182, "h": 202}, "object_present": true}, "P940--apple-airpods--clutter--5-6kibSKhuWLF3QF4lqGU4e4PTeksp55EROMsjLqies-00479.jpg": {"object_bounding_box": {"x": 729, "y": 463, "w": 182, "h": 202}, "object_present": true}, "P940--apple-airpods--clutter--5-6kibSKhuWLF3QF4lqGU4e4PTeksp55EROMsjLqies-00480.jpg": {"object_bounding_box": {"x": 733, "y": 465, "w": 182, "h": 202}, "object_present": true}, "P940--apple-airpods--clutter--5-6kibSKhuWLF3QF4lqGU4e4PTeksp55EROMsjLqies-00481.jpg": {"object_bounding_box": {"x": 737, "y": 465, "w": 182, "h": 202}, "object_present": true}, "P940--apple-airpods--clutter--5-6kibSKhuWLF3QF4lqGU4e4PTeksp55EROMsjLqies-00482.jpg": {"object_bounding_box": {"x": 743, "y": 464, "w": 182, "h": 202}, "object_present": true}, "P940--apple-airpods--clutter--5-6kibSKhuWLF3QF4lqGU4e4PTeksp55EROMsjLqies-00483.jpg": {"object_bounding_box": {"x": 745, "y": 465, "w": 182, "h": 202}, "object_present": true}, "P940--apple-airpods--clutter--5-6kibSKhuWLF3QF4lqGU4e4PTeksp55EROMsjLqies-00484.jpg": {"object_bounding_box": {"x": 745, "y": 469, "w": 179, "h": 200}, "object_present": true}, "P940--apple-airpods--clutter--5-6kibSKhuWLF3QF4lqGU4e4PTeksp55EROMsjLqies-00485.jpg": {"object_bounding_box": {"x": 747, "y": 476, "w": 179, "h": 198}, "object_present": true}, "P940--apple-airpods--clutter--5-6kibSKhuWLF3QF4lqGU4e4PTeksp55EROMsjLqies-00486.jpg": {"object_bounding_box": {"x": 747, "y": 482, "w": 179, "h": 198}, "object_present": true}, "P940--apple-airpods--clutter--5-6kibSKhuWLF3QF4lqGU4e4PTeksp55EROMsjLqies-00487.jpg": {"object_bounding_box": {"x": 749, "y": 487, "w": 177, "h": 196}, "object_present": true}, "P940--apple-airpods--clutter--5-6kibSKhuWLF3QF4lqGU4e4PTeksp55EROMsjLqies-00488.jpg": {"object_bounding_box": {"x": 755, "y": 491, "w": 175, "h": 195}, "object_present": true}, "P940--apple-airpods--clutter--5-6kibSKhuWLF3QF4lqGU4e4PTeksp55EROMsjLqies-00489.jpg": {"object_bounding_box": {"x": 759, "y": 494, "w": 175, "h": 191}, "object_present": true}, "P940--apple-airpods--clutter--5-6kibSKhuWLF3QF4lqGU4e4PTeksp55EROMsjLqies-00490.jpg": {"object_bounding_box": {"x": 760, "y": 494, "w": 176, "h": 193}, "object_present": true}, "P940--apple-airpods--clutter--5-6kibSKhuWLF3QF4lqGU4e4PTeksp55EROMsjLqies-00491.jpg": {"object_bounding_box": {"x": 763, "y": 497, "w": 175, "h": 194}, "object_present": true}, "P940--apple-airpods--clutter--5-6kibSKhuWLF3QF4lqGU4e4PTeksp55EROMsjLqies-00492.jpg": {"object_bounding_box": {"x": 766, "y": 504, "w": 174, "h": 192}, "object_present": true}, "P940--apple-airpods--clutter--5-6kibSKhuWLF3QF4lqGU4e4PTeksp55EROMsjLqies-00493.jpg": {"object_bounding_box": {"x": 768, "y": 512, "w": 173, "h": 188}, "object_present": true}, "P940--apple-airpods--clutter--5-6kibSKhuWLF3QF4lqGU4e4PTeksp55EROMsjLqies-00494.jpg": {"object_bounding_box": {"x": 770, "y": 522, "w": 171, "h": 188}, "object_present": true}, "P940--apple-airpods--clutter--5-6kibSKhuWLF3QF4lqGU4e4PTeksp55EROMsjLqies-00495.jpg": {"object_bounding_box": {"x": 772, "y": 534, "w": 168, "h": 189}, "object_present": true}, "P940--apple-airpods--clutter--5-6kibSKhuWLF3QF4lqGU4e4PTeksp55EROMsjLqies-00496.jpg": {"object_bounding_box": {"x": 772, "y": 547, "w": 166, "h": 189}, "object_present": true}, "P940--apple-airpods--clutter--5-6kibSKhuWLF3QF4lqGU4e4PTeksp55EROMsjLqies-00497.jpg": {"object_bounding_box": {"x": 771, "y": 563, "w": 166, "h": 189}, "object_present": true}, "P940--apple-airpods--clutter--5-6kibSKhuWLF3QF4lqGU4e4PTeksp55EROMsjLqies-00498.jpg": {"object_bounding_box": {"x": 772, "y": 581, "w": 165, "h": 189}, "object_present": true}, "P940--apple-airpods--clutter--5-6kibSKhuWLF3QF4lqGU4e4PTeksp55EROMsjLqies-00499.jpg": {"object_bounding_box": {"x": 777, "y": 604, "w": 161, "h": 189}, "object_present": true}, "P940--apple-airpods--clutter--5-6kibSKhuWLF3QF4lqGU4e4PTeksp55EROMsjLqies-00500.jpg": {"object_bounding_box": {"x": 778, "y": 629, "w": 159, "h": 189}, "object_present": true}, "P940--apple-airpods--clutter--5-6kibSKhuWLF3QF4lqGU4e4PTeksp55EROMsjLqies-00501.jpg": {"object_bounding_box": {"x": 777, "y": 660, "w": 157, "h": 187}, "object_present": true}, "P940--apple-airpods--clutter--5-6kibSKhuWLF3QF4lqGU4e4PTeksp55EROMsjLqies-00502.jpg": {"object_bounding_box": {"x": 785, "y": 688, "w": 157, "h": 184}, "object_present": true}, "P940--apple-airpods--clutter--5-6kibSKhuWLF3QF4lqGU4e4PTeksp55EROMsjLqies-00503.jpg": {"object_bounding_box": {"x": 796, "y": 714, "w": 155, "h": 178}, "object_present": true}, "P940--apple-airpods--clutter--5-6kibSKhuWLF3QF4lqGU4e4PTeksp55EROMsjLqies-00504.jpg": {"object_bounding_box": {"x": 805, "y": 733, "w": 154, "h": 178}, "object_present": true}, "P940--apple-airpods--clutter--5-6kibSKhuWLF3QF4lqGU4e4PTeksp55EROMsjLqies-00505.jpg": {"object_bounding_box": {"x": 814, "y": 753, "w": 151, "h": 177}, "object_present": true}, "P940--apple-airpods--clutter--5-6kibSKhuWLF3QF4lqGU4e4PTeksp55EROMsjLqies-00506.jpg": {"object_bounding_box": {"x": 826, "y": 776, "w": 151, "h": 176}, "object_present": true}, "P940--apple-airpods--clutter--5-6kibSKhuWLF3QF4lqGU4e4PTeksp55EROMsjLqies-00507.jpg": {"object_bounding_box": {"x": 843, "y": 806, "w": 151, "h": 176}, "object_present": true}, "P940--apple-airpods--clutter--5-6kibSKhuWLF3QF4lqGU4e4PTeksp55EROMsjLqies-00508.jpg": {"object_bounding_box": {"x": 853, "y": 840, "w": 151, "h": 176}, "object_present": true}, "P940--apple-airpods--clutter--5-6kibSKhuWLF3QF4lqGU4e4PTeksp55EROMsjLqies-00509.jpg": {"object_bounding_box": {"x": 860, "y": 877, "w": 149, "h": 178}, "object_present": true}, "P940--apple-airpods--clutter--5-6kibSKhuWLF3QF4lqGU4e4PTeksp55EROMsjLqies-00510.jpg": {"object_bounding_box": {"x": 863, "y": 919, "w": 149, "h": 161}, "object_present": true}, "P940--apple-airpods--clutter--5-6kibSKhuWLF3QF4lqGU4e4PTeksp55EROMsjLqies-00511.jpg": {"object_bounding_box": {"x": 858, "y": 975, "w": 145, "h": 105}, "object_present": true}, "P940--apple-airpods--clutter--5-6kibSKhuWLF3QF4lqGU4e4PTeksp55EROMsjLqies-00512.jpg": {"object_bounding_box": {"x": 847, "y": 1030, "w": 135, "h": 50}, "object_present": true}, "P940--apple-airpods--clutter--5-6kibSKhuWLF3QF4lqGU4e4PTeksp55EROMsjLqies-00513.jpg": {"object_bounding_box": null, "object_present": false}, "P940--apple-airpods--clutter--5-6kibSKhuWLF3QF4lqGU4e4PTeksp55EROMsjLqies-00514.jpg": {"object_bounding_box": null, "object_present": false}, "P940--apple-airpods--clutter--5-6kibSKhuWLF3QF4lqGU4e4PTeksp55EROMsjLqies-00515.jpg": {"object_bounding_box": null, "object_present": false}, "P940--apple-airpods--clutter--5-6kibSKhuWLF3QF4lqGU4e4PTeksp55EROMsjLqies-00516.jpg": {"object_bounding_box": null, "object_present": false}, "P940--apple-airpods--clutter--5-6kibSKhuWLF3QF4lqGU4e4PTeksp55EROMsjLqies-00517.jpg": {"object_bounding_box": null, "object_present": false}, "P940--apple-airpods--clutter--5-6kibSKhuWLF3QF4lqGU4e4PTeksp55EROMsjLqies-00518.jpg": {"object_bounding_box": null, "object_present": false}, "P940--apple-airpods--clutter--5-6kibSKhuWLF3QF4lqGU4e4PTeksp55EROMsjLqies-00519.jpg": {"object_bounding_box": null, "object_present": false}, "P940--apple-airpods--clutter--5-6kibSKhuWLF3QF4lqGU4e4PTeksp55EROMsjLqies-00520.jpg": {"object_bounding_box": null, "object_present": false}, "P940--apple-airpods--clutter--5-6kibSKhuWLF3QF4lqGU4e4PTeksp55EROMsjLqies-00521.jpg": {"object_bounding_box": null, "object_present": false}, "P940--apple-airpods--clutter--5-6kibSKhuWLF3QF4lqGU4e4PTeksp55EROMsjLqies-00522.jpg": {"object_bounding_box": null, "object_present": false}, "P940--apple-airpods--clutter--5-6kibSKhuWLF3QF4lqGU4e4PTeksp55EROMsjLqies-00523.jpg": {"object_bounding_box": null, "object_present": false}, "P940--apple-airpods--clutter--5-6kibSKhuWLF3QF4lqGU4e4PTeksp55EROMsjLqies-00524.jpg": {"object_bounding_box": null, "object_present": false}, "P940--apple-airpods--clutter--5-6kibSKhuWLF3QF4lqGU4e4PTeksp55EROMsjLqies-00525.jpg": {"object_bounding_box": null, "object_present": false}, "P940--apple-airpods--clutter--5-6kibSKhuWLF3QF4lqGU4e4PTeksp55EROMsjLqies-00526.jpg": {"object_bounding_box": null, "object_present": false}, "P940--apple-airpods--clutter--5-6kibSKhuWLF3QF4lqGU4e4PTeksp55EROMsjLqies-00527.jpg": {"object_bounding_box": null, "object_present": false}, "P940--apple-airpods--clutter--5-6kibSKhuWLF3QF4lqGU4e4PTeksp55EROMsjLqies-00528.jpg": {"object_bounding_box": null, "object_present": false}, "P940--apple-airpods--clutter--5-6kibSKhuWLF3QF4lqGU4e4PTeksp55EROMsjLqies-00529.jpg": {"object_bounding_box": null, "object_present": false}, "P940--apple-airpods--clutter--5-6kibSKhuWLF3QF4lqGU4e4PTeksp55EROMsjLqies-00530.jpg": {"object_bounding_box": null, "object_present": false}, "P940--apple-airpods--clutter--5-6kibSKhuWLF3QF4lqGU4e4PTeksp55EROMsjLqies-00531.jpg": {"object_bounding_box": null, "object_present": false}, "P940--apple-airpods--clutter--5-6kibSKhuWLF3QF4lqGU4e4PTeksp55EROMsjLqies-00532.jpg": {"object_bounding_box": null, "object_present": false}, "P940--apple-airpods--clutter--5-6kibSKhuWLF3QF4lqGU4e4PTeksp55EROMsjLqies-00533.jpg": {"object_bounding_box": null, "object_present": false}, "P940--apple-airpods--clutter--5-6kibSKhuWLF3QF4lqGU4e4PTeksp55EROMsjLqies-00534.jpg": {"object_bounding_box": null, "object_present": false}, "P940--apple-airpods--clutter--5-6kibSKhuWLF3QF4lqGU4e4PTeksp55EROMsjLqies-00535.jpg": {"object_bounding_box": null, "object_present": false}, "P940--apple-airpods--clutter--5-6kibSKhuWLF3QF4lqGU4e4PTeksp55EROMsjLqies-00536.jpg": {"object_bounding_box": null, "object_present": false}, "P940--apple-airpods--clutter--5-6kibSKhuWLF3QF4lqGU4e4PTeksp55EROMsjLqies-00537.jpg": {"object_bounding_box": null, "object_present": false}, "P940--apple-airpods--clutter--5-6kibSKhuWLF3QF4lqGU4e4PTeksp55EROMsjLqies-00538.jpg": {"object_bounding_box": null, "object_present": false}, "P940--apple-airpods--clutter--5-6kibSKhuWLF3QF4lqGU4e4PTeksp55EROMsjLqies-00539.jpg": {"object_bounding_box": null, "object_present": false}, "P940--apple-airpods--clutter--5-6kibSKhuWLF3QF4lqGU4e4PTeksp55EROMsjLqies-00540.jpg": {"object_bounding_box": null, "object_present": false}, "P940--apple-airpods--clutter--5-6kibSKhuWLF3QF4lqGU4e4PTeksp55EROMsjLqies-00541.jpg": {"object_bounding_box": null, "object_present": false}, "P940--apple-airpods--clutter--5-6kibSKhuWLF3QF4lqGU4e4PTeksp55EROMsjLqies-00542.jpg": {"object_bounding_box": null, "object_present": false}, "P940--apple-airpods--clutter--5-6kibSKhuWLF3QF4lqGU4e4PTeksp55EROMsjLqies-00543.jpg": {"object_bounding_box": null, "object_present": false}, "P940--apple-airpods--clutter--5-6kibSKhuWLF3QF4lqGU4e4PTeksp55EROMsjLqies-00544.jpg": {"object_bounding_box": null, "object_present": false}, "P940--apple-airpods--clutter--5-6kibSKhuWLF3QF4lqGU4e4PTeksp55EROMsjLqies-00545.jpg": {"object_bounding_box": null, "object_present": false}, "P940--apple-airpods--clutter--5-6kibSKhuWLF3QF4lqGU4e4PTeksp55EROMsjLqies-00546.jpg": {"object_bounding_box": null, "object_present": false}, "P940--apple-airpods--clutter--5-6kibSKhuWLF3QF4lqGU4e4PTeksp55EROMsjLqies-00547.jpg": {"object_bounding_box": null, "object_present": false}, "P940--apple-airpods--clutter--5-6kibSKhuWLF3QF4lqGU4e4PTeksp55EROMsjLqies-00548.jpg": {"object_bounding_box": null, "object_present": false}, "P940--apple-airpods--clutter--5-6kibSKhuWLF3QF4lqGU4e4PTeksp55EROMsjLqies-00549.jpg": {"object_bounding_box": null, "object_present": false}, "P940--apple-airpods--clutter--5-6kibSKhuWLF3QF4lqGU4e4PTeksp55EROMsjLqies-00550.jpg": {"object_bounding_box": null, "object_present": false}, "P940--apple-airpods--clutter--5-6kibSKhuWLF3QF4lqGU4e4PTeksp55EROMsjLqies-00551.jpg": {"object_bounding_box": null, "object_present": false}, "P940--apple-airpods--clutter--5-6kibSKhuWLF3QF4lqGU4e4PTeksp55EROMsjLqies-00552.jpg": {"object_bounding_box": null, "object_present": false}, "P940--apple-airpods--clutter--5-6kibSKhuWLF3QF4lqGU4e4PTeksp55EROMsjLqies-00553.jpg": {"object_bounding_box": null, "object_present": false}, "P940--apple-airpods--clutter--5-6kibSKhuWLF3QF4lqGU4e4PTeksp55EROMsjLqies-00554.jpg": {"object_bounding_box": null, "object_present": false}, "P940--apple-airpods--clutter--5-6kibSKhuWLF3QF4lqGU4e4PTeksp55EROMsjLqies-00555.jpg": {"object_bounding_box": null, "object_present": false}, "P940--apple-airpods--clutter--5-6kibSKhuWLF3QF4lqGU4e4PTeksp55EROMsjLqies-00556.jpg": {"object_bounding_box": null, "object_present": false}, "P940--apple-airpods--clutter--5-6kibSKhuWLF3QF4lqGU4e4PTeksp55EROMsjLqies-00557.jpg": {"object_bounding_box": null, "object_present": false}, "P940--apple-airpods--clutter--5-6kibSKhuWLF3QF4lqGU4e4PTeksp55EROMsjLqies-00558.jpg": {"object_bounding_box": null, "object_present": false}, "P940--apple-airpods--clutter--5-6kibSKhuWLF3QF4lqGU4e4PTeksp55EROMsjLqies-00559.jpg": {"object_bounding_box": null, "object_present": false}, "P940--apple-airpods--clutter--5-6kibSKhuWLF3QF4lqGU4e4PTeksp55EROMsjLqies-00560.jpg": {"object_bounding_box": null, "object_present": false}, "P940--apple-airpods--clutter--5-6kibSKhuWLF3QF4lqGU4e4PTeksp55EROMsjLqies-00561.jpg": {"object_bounding_box": null, "object_present": false}, "P940--apple-airpods--clutter--5-6kibSKhuWLF3QF4lqGU4e4PTeksp55EROMsjLqies-00562.jpg": {"object_bounding_box": null, "object_present": false}, "P940--apple-airpods--clutter--5-6kibSKhuWLF3QF4lqGU4e4PTeksp55EROMsjLqies-00563.jpg": {"object_bounding_box": null, "object_present": false}, "P940--apple-airpods--clutter--5-6kibSKhuWLF3QF4lqGU4e4PTeksp55EROMsjLqies-00564.jpg": {"object_bounding_box": null, "object_present": false}, "P940--apple-airpods--clutter--5-6kibSKhuWLF3QF4lqGU4e4PTeksp55EROMsjLqies-00565.jpg": {"object_bounding_box": null, "object_present": false}, "P940--apple-airpods--clutter--5-6kibSKhuWLF3QF4lqGU4e4PTeksp55EROMsjLqies-00566.jpg": {"object_bounding_box": null, "object_present": false}, "P940--apple-airpods--clutter--5-6kibSKhuWLF3QF4lqGU4e4PTeksp55EROMsjLqies-00567.jpg": {"object_bounding_box": null, "object_present": false}, "P940--apple-airpods--clutter--5-6kibSKhuWLF3QF4lqGU4e4PTeksp55EROMsjLqies-00568.jpg": {"object_bounding_box": null, "object_present": false}, "P940--apple-airpods--clutter--5-6kibSKhuWLF3QF4lqGU4e4PTeksp55EROMsjLqies-00569.jpg": {"object_bounding_box": null, "object_present": false}, "P940--apple-airpods--clutter--5-6kibSKhuWLF3QF4lqGU4e4PTeksp55EROMsjLqies-00570.jpg": {"object_bounding_box": null, "object_present": false}, "P940--apple-airpods--clutter--5-6kibSKhuWLF3QF4lqGU4e4PTeksp55EROMsjLqies-00571.jpg": {"object_bounding_box": null, "object_present": false}, "P940--apple-airpods--clutter--5-6kibSKhuWLF3QF4lqGU4e4PTeksp55EROMsjLqies-00572.jpg": {"object_bounding_box": null, "object_present": false}, "P940--apple-airpods--clutter--5-6kibSKhuWLF3QF4lqGU4e4PTeksp55EROMsjLqies-00573.jpg": {"object_bounding_box": null, "object_present": false}, "P940--apple-airpods--clutter--5-6kibSKhuWLF3QF4lqGU4e4PTeksp55EROMsjLqies-00574.jpg": {"object_bounding_box": null, "object_present": false}, "P940--apple-airpods--clutter--5-6kibSKhuWLF3QF4lqGU4e4PTeksp55EROMsjLqies-00575.jpg": {"object_bounding_box": null, "object_present": false}, "P940--apple-airpods--clutter--5-6kibSKhuWLF3QF4lqGU4e4PTeksp55EROMsjLqies-00576.jpg": {"object_bounding_box": null, "object_present": false}, "P940--apple-airpods--clutter--5-6kibSKhuWLF3QF4lqGU4e4PTeksp55EROMsjLqies-00577.jpg": {"object_bounding_box": null, "object_present": false}, "P940--apple-airpods--clutter--5-6kibSKhuWLF3QF4lqGU4e4PTeksp55EROMsjLqies-00578.jpg": {"object_bounding_box": null, "object_present": false}, "P940--apple-airpods--clutter--5-6kibSKhuWLF3QF4lqGU4e4PTeksp55EROMsjLqies-00579.jpg": {"object_bounding_box": null, "object_present": false}, "P940--apple-airpods--clutter--5-6kibSKhuWLF3QF4lqGU4e4PTeksp55EROMsjLqies-00580.jpg": {"object_bounding_box": null, "object_present": false}, "P940--apple-airpods--clutter--5-6kibSKhuWLF3QF4lqGU4e4PTeksp55EROMsjLqies-00581.jpg": {"object_bounding_box": null, "object_present": false}, "P940--apple-airpods--clutter--5-6kibSKhuWLF3QF4lqGU4e4PTeksp55EROMsjLqies-00582.jpg": {"object_bounding_box": null, "object_present": false}, "P940--apple-airpods--clutter--5-6kibSKhuWLF3QF4lqGU4e4PTeksp55EROMsjLqies-00583.jpg": {"object_bounding_box": null, "object_present": false}, "P940--apple-airpods--clutter--5-6kibSKhuWLF3QF4lqGU4e4PTeksp55EROMsjLqies-00584.jpg": {"object_bounding_box": null, "object_present": false}, "P940--apple-airpods--clutter--5-6kibSKhuWLF3QF4lqGU4e4PTeksp55EROMsjLqies-00585.jpg": {"object_bounding_box": null, "object_present": false}, "P940--apple-airpods--clutter--5-6kibSKhuWLF3QF4lqGU4e4PTeksp55EROMsjLqies-00586.jpg": {"object_bounding_box": null, "object_present": false}, "P940--apple-airpods--clutter--5-6kibSKhuWLF3QF4lqGU4e4PTeksp55EROMsjLqies-00587.jpg": {"object_bounding_box": null, "object_present": false}, "P940--apple-airpods--clutter--5-6kibSKhuWLF3QF4lqGU4e4PTeksp55EROMsjLqies-00588.jpg": {"object_bounding_box": null, "object_present": false}, "P940--apple-airpods--clutter--5-6kibSKhuWLF3QF4lqGU4e4PTeksp55EROMsjLqies-00589.jpg": {"object_bounding_box": null, "object_present": false}, "P940--apple-airpods--clutter--5-6kibSKhuWLF3QF4lqGU4e4PTeksp55EROMsjLqies-00590.jpg": {"object_bounding_box": null, "object_present": false}, "P940--apple-airpods--clutter--5-6kibSKhuWLF3QF4lqGU4e4PTeksp55EROMsjLqies-00591.jpg": {"object_bounding_box": null, "object_present": false}, "P940--apple-airpods--clutter--5-6kibSKhuWLF3QF4lqGU4e4PTeksp55EROMsjLqies-00592.jpg": {"object_bounding_box": null, "object_present": false}, "P940--apple-airpods--clutter--5-6kibSKhuWLF3QF4lqGU4e4PTeksp55EROMsjLqies-00593.jpg": {"object_bounding_box": null, "object_present": false}, "P940--apple-airpods--clutter--5-6kibSKhuWLF3QF4lqGU4e4PTeksp55EROMsjLqies-00594.jpg": {"object_bounding_box": null, "object_present": false}, "P940--apple-airpods--clutter--5-6kibSKhuWLF3QF4lqGU4e4PTeksp55EROMsjLqies-00595.jpg": {"object_bounding_box": null, "object_present": false}, "P940--apple-airpods--clutter--5-6kibSKhuWLF3QF4lqGU4e4PTeksp55EROMsjLqies-00596.jpg": {"object_bounding_box": null, "object_present": false}, "P940--apple-airpods--clutter--5-6kibSKhuWLF3QF4lqGU4e4PTeksp55EROMsjLqies-00597.jpg": {"object_bounding_box": null, "object_present": false}, "P940--apple-airpods--clutter--5-6kibSKhuWLF3QF4lqGU4e4PTeksp55EROMsjLqies-00598.jpg": {"object_bounding_box": null, "object_present": false}, "P940--apple-airpods--clutter--5-6kibSKhuWLF3QF4lqGU4e4PTeksp55EROMsjLqies-00599.jpg": {"object_bounding_box": null, "object_present": false}}